family_id,dataset,image_id,file_name,category_id,category_name,prompt,is_prompt_absent,gt_count,candidate_idx,score,x1,y1,x2,y2,max_iou,is_tp,is_null,evalue,split
coco:2:15:3,coco,2,2008_000003.jpg,15,person,person,False,1,0,0.717114269733429,60.7121,188.0708,83.7882,242.9753,0.8776953220367432,True,False,9.974910394265233,test
coco:2:15:3,coco,2,2008_000003.jpg,15,person,person,False,1,1,0.1817135363817215,46.5981,180.5482,63.9019,225.3512,0.03692071884870529,False,True,0.0,test
coco:2:15:3,coco,2,2008_000003.jpg,15,person,person,False,1,2,0.15167970955371857,46.415,179.3895,64.3607,245.7865,0.05740857869386673,False,True,0.0,test
coco:2:15:3,coco,2,2008_000003.jpg,15,person,person,False,1,3,0.11239128559827805,331.2043,251.2276,340.4065,266.7593,0.0,False,True,0.0,test
coco:2:15:3,coco,2,2008_000003.jpg,15,person,person,False,1,4,0.09636986255645752,46.7295,192.116,57.3246,224.1479,0.0,False,True,0.0,test
coco:2:15:3,coco,2,2008_000003.jpg,15,person,person,False,1,5,0.07321181148290634,46.8405,56.0025,499.4419,331.8809,0.008913775905966759,False,True,0.0,test
coco:2:17:5,coco,2,2008_000003.jpg,17,sheep,sheep,True,0,0,0.08374229073524475,46.0134,56.3254,499.6714,331.7732,0.0,False,True,0.0,test
coco:3:4:6,coco,3,2008_000007.jpg,4,boat,boat,False,1,0,0.44539695978164673,0.2438,229.7919,431.491,292.3766,0.9772211909294128,True,False,9.974910394265233,test
coco:3:4:6,coco,3,2008_000007.jpg,4,boat,boat,False,1,1,0.37432485818862915,0.6162,102.4972,431.5096,292.3957,0.32458123564720154,False,True,9.974910394265233,test
coco:3:4:6,coco,3,2008_000007.jpg,4,boat,boat,False,1,2,0.23043417930603027,442.5775,269.7716,498.7609,285.5238,0.0,False,True,9.974910394265233,test
coco:3:4:6,coco,3,2008_000007.jpg,4,boat,boat,False,1,3,0.21386444568634033,442.2041,259.3461,499.6591,285.7178,0.0,False,True,9.974910394265233,test
coco:3:4:6,coco,3,2008_000007.jpg,4,boat,boat,False,1,4,0.20510612428188324,0.7004,177.3961,430.8606,293.8774,0.5368858575820923,True,False,9.974910394265233,test
coco:3:4:6,coco,3,2008_000007.jpg,4,boat,boat,False,1,5,0.09655222296714783,402.8654,241.2513,454.9771,285.3099,0.03942371532320976,False,True,0.0,test
coco:3:4:6,coco,3,2008_000007.jpg,4,boat,boat,False,1,6,0.094602070748806,407.5843,241.5237,499.5019,286.0526,0.03021746687591076,False,True,0.0,test
coco:3:4:6,coco,3,2008_000007.jpg,4,boat,boat,False,1,7,0.09232906252145767,402.3255,271.3535,498.5493,286.9037,0.014259611256420612,False,True,0.0,test
coco:3:4:6,coco,3,2008_000007.jpg,4,boat,boat,False,1,8,0.09048055112361908,409.576,241.4877,450.4507,276.5438,0.023326802998781204,False,True,0.0,test
coco:3:4:6,coco,3,2008_000007.jpg,4,boat,boat,False,1,9,0.08934472501277924,1.9174,274.8421,446.0825,297.4459,0.26492056250572205,False,True,0.0,test
coco:3:4:6,coco,3,2008_000007.jpg,4,boat,boat,False,1,10,0.08492868393659592,402.1583,259.0502,499.4671,287.0362,0.02502351626753807,False,True,0.0,test
coco:3:4:6,coco,3,2008_000007.jpg,4,boat,boat,False,1,11,0.08448466658592224,400.7033,274.2625,446.6561,287.3346,0.013145208358764648,False,True,0.0,test
coco:3:4:6,coco,3,2008_000007.jpg,4,boat,boat,False,1,12,0.07827666401863098,324.2899,229.3525,430.0701,281.876,0.19869589805603027,False,True,0.0,test
coco:3:4:6,coco,3,2008_000007.jpg,4,boat,boat,False,1,13,0.07782478630542755,410.5721,256.1372,446.8364,276.1749,0.012801834382116795,False,True,0.0,test
coco:3:4:6,coco,3,2008_000007.jpg,4,boat,boat,False,1,14,0.0773404985666275,1.0414,229.6718,428.6355,256.9658,0.42549535632133484,False,True,0.0,test
coco:3:4:6,coco,3,2008_000007.jpg,4,boat,boat,False,1,15,0.07232294976711273,441.5102,230.0645,499.6662,285.8262,0.0,False,True,0.0,test
coco:3:4:6,coco,3,2008_000007.jpg,4,boat,boat,False,1,16,0.07066842913627625,154.9551,229.496,430.3694,288.3067,0.5857813358306885,True,False,0.0,test
coco:3:4:6,coco,3,2008_000007.jpg,4,boat,boat,False,1,17,0.0691620334982872,0.7751,279.631,499.1034,374.465,0.08339675515890121,False,True,0.0,test
coco:3:4:6,coco,3,2008_000007.jpg,4,boat,boat,False,1,18,0.06873238831758499,402.8858,256.1701,448.9318,286.1272,0.02733023837208748,False,True,0.0,test
coco:3:4:6,coco,3,2008_000007.jpg,4,boat,boat,False,1,19,0.06836153566837311,282.1852,229.1493,430.2747,282.774,0.2834653854370117,False,True,0.0,test
coco:3:4:6,coco,3,2008_000007.jpg,4,boat,boat,False,1,20,0.06614113599061966,1.1169,175.2622,429.2963,251.7042,0.1839541643857956,False,True,0.0,test
coco:3:4:6,coco,3,2008_000007.jpg,4,boat,boat,False,1,21,0.061137884855270386,225.2048,229.2299,430.0574,284.502,0.40678656101226807,False,True,0.0,test
coco:3:12:7,coco,3,2008_000007.jpg,12,dog,dog,True,0,0,0.05697989836335182,1.8049,102.1453,431.33,286.1844,0.0,False,True,0.0,test
coco:3:12:7,coco,3,2008_000007.jpg,12,dog,dog,True,0,1,0.053630903363227844,1.0444,229.7312,430.7462,284.8006,0.0,False,True,0.0,test
coco:4:10:9,coco,4,2008_000009.jpg,10,cow,cow,False,2,0,0.8775457143783569,217.5307,160.5705,292.9289,221.3531,0.9668490886688232,True,False,9.974910394265233,test
coco:4:10:9,coco,4,2008_000009.jpg,10,cow,cow,False,2,1,0.6848806738853455,464.2348,167.4596,499.7487,217.4981,0.9536488652229309,True,False,9.974910394265233,test
coco:4:10:9,coco,4,2008_000009.jpg,10,cow,cow,False,2,2,0.09707635641098022,130.0606,170.5453,202.5515,195.6379,0.0,False,True,0.0,test
coco:4:10:9,coco,4,2008_000009.jpg,10,cow,cow,False,2,3,0.07711247354745865,493.2083,170.4173,499.856,215.8313,0.16913104057312012,False,True,0.0,test
coco:4:10:9,coco,4,2008_000009.jpg,10,cow,cow,False,2,4,0.060511376708745956,145.3346,180.5529,202.5054,195.3587,0.0,False,True,0.0,test
coco:4:10:9,coco,4,2008_000009.jpg,10,cow,cow,False,2,5,0.05905041843652725,288.9169,176.7482,324.1833,188.2281,0.01174939051270485,False,True,0.0,test
coco:4:10:9,coco,4,2008_000009.jpg,10,cow,cow,False,2,6,0.05180151015520096,129.7126,170.56,163.4903,194.4602,0.0,False,True,0.0,test
coco:5:14:13,coco,5,2008_000016.jpg,14,motorbike,motorbike,True,0,0,0.13235141336917877,0.9496,0.361,499.2597,374.9237,0.0,False,True,0.0,test
coco:5:14:13,coco,5,2008_000016.jpg,14,motorbike,motorbike,True,0,1,0.1137276291847229,92.3344,17.4551,389.562,351.4072,0.0,False,True,0.0,test
coco:5:14:13,coco,5,2008_000016.jpg,14,motorbike,motorbike,True,0,2,0.09700942039489746,4.2331,321.3273,353.3167,374.5711,0.0,False,True,0.0,test
coco:5:14:13,coco,5,2008_000016.jpg,14,motorbike,motorbike,True,0,3,0.09630614519119263,397.4903,351.8141,499.3715,374.6054,0.0,False,True,0.0,test
coco:5:19:14,coco,5,2008_000016.jpg,19,train,train,True,0,0,0.1127459853887558,99.6387,26.2494,387.1304,315.4673,0.0,False,True,0.0,test
coco:5:19:14,coco,5,2008_000016.jpg,19,train,train,True,0,1,0.09288128465414047,1.8612,5.0071,389.0137,373.8555,0.0,False,True,0.0,test
coco:5:19:14,coco,5,2008_000016.jpg,19,train,train,True,0,2,0.06282005459070206,7.1949,321.6691,353.2334,374.8052,0.0,False,True,0.0,test
coco:5:19:14,coco,5,2008_000016.jpg,19,train,train,True,0,3,0.06054707244038582,397.6137,351.9971,499.4359,374.7014,0.0,False,True,0.0,test
coco:6:9:16,coco,6,2008_000021.jpg,9,chair,chair,True,0,0,0.20734798908233643,14.1748,146.3192,474.0078,285.2368,0.0,False,True,9.974910394265233,test
coco:6:9:16,coco,6,2008_000021.jpg,9,chair,chair,True,0,1,0.10481534898281097,221.8992,169.9531,239.8247,182.4639,0.0,False,True,0.0,test
coco:6:9:16,coco,6,2008_000021.jpg,9,chair,chair,True,0,2,0.09728699177503586,221.9008,173.065,229.8688,180.4236,0.0,False,True,0.0,test
coco:6:9:16,coco,6,2008_000021.jpg,9,chair,chair,True,0,3,0.08147968351840973,232.6717,174.6221,240.543,182.6472,0.0,False,True,0.0,test
coco:6:9:16,coco,6,2008_000021.jpg,9,chair,chair,True,0,4,0.05045356974005699,216.1622,164.8269,241.5403,183.2938,0.0,False,True,0.0,test
coco:6:7:17,coco,6,2008_000021.jpg,7,car,car,True,0,0,0.23190203309059143,14.0698,146.5573,474.366,285.6033,0.0,False,True,9.974910394265233,test
coco:6:7:17,coco,6,2008_000021.jpg,7,car,car,True,0,1,0.10792354494333267,78.4673,238.5715,95.9988,242.8368,0.0,False,True,0.0,test
coco:6:7:17,coco,6,2008_000021.jpg,7,car,car,True,0,2,0.07559848576784134,71.0607,238.2502,96.1268,242.6667,0.0,False,True,0.0,test
coco:6:7:17,coco,6,2008_000021.jpg,7,car,car,True,0,3,0.060465291142463684,70.9747,238.3233,115.8357,242.9061,0.0,False,True,0.0,test
coco:6:7:17,coco,6,2008_000021.jpg,7,car,car,True,0,4,0.05223441869020462,219.7471,170.4145,240.0,182.3896,0.0,False,True,0.0,test
coco:8:7:21,coco,8,2008_000027.jpg,7,car,car,False,1,0,0.6919305324554443,9.0402,30.6246,499.3946,374.4227,0.9930274486541748,True,False,9.974910394265233,test
coco:8:7:21,coco,8,2008_000027.jpg,7,car,car,False,1,1,0.46824565529823303,0.1256,132.7949,29.8824,250.7498,0.014535505324602127,False,True,9.974910394265233,test
coco:8:7:21,coco,8,2008_000027.jpg,7,car,car,False,1,2,0.17458891868591309,180.3132,72.9067,259.657,115.9865,0.020296020433306694,False,True,0.0,test
coco:8:7:21,coco,8,2008_000027.jpg,7,car,car,False,1,3,0.15497370064258575,260.799,32.477,499.6335,100.4443,0.09638766199350357,False,True,0.0,test
coco:8:7:21,coco,8,2008_000027.jpg,7,car,car,False,1,4,0.14220350980758667,180.1984,79.0028,236.9636,112.4201,0.011263632215559483,False,True,0.0,test
coco:8:7:21,coco,8,2008_000027.jpg,7,car,car,False,1,5,0.1315716654062271,374.9561,35.1879,499.5859,97.7808,0.04632028564810753,False,True,0.0,test
coco:8:7:21,coco,8,2008_000027.jpg,7,car,car,False,1,6,0.11598468571901321,46.4687,64.6889,67.7414,83.9372,0.0024313207250088453,False,True,0.0,test
coco:8:7:21,coco,8,2008_000027.jpg,7,car,car,False,1,7,0.11521478742361069,-0.0009,178.4804,26.7403,245.4751,0.007031918969005346,False,True,0.0,test
coco:8:7:21,coco,8,2008_000027.jpg,7,car,car,False,1,8,0.11486567556858063,180.1881,33.9811,499.6128,115.0234,0.1537110060453415,False,True,0.0,test
coco:8:7:21,coco,8,2008_000027.jpg,7,car,car,False,1,9,0.10233968496322632,0.043,133.2834,19.5583,208.1549,0.0046752821654081345,False,True,0.0,test
coco:8:7:21,coco,8,2008_000027.jpg,7,car,car,False,1,10,0.0924912542104721,2.3197,34.2048,499.167,245.5279,0.609944224357605,True,False,0.0,test
coco:8:7:21,coco,8,2008_000027.jpg,7,car,car,False,1,11,0.08675431460142136,453.0221,86.3732,499.5879,99.804,0.003713589394465089,False,True,0.0,test
coco:8:7:21,coco,8,2008_000027.jpg,7,car,car,False,1,12,0.08084212243556976,46.4448,64.2603,77.9143,84.6147,0.003803421976044774,False,True,0.0,test
coco:8:7:21,coco,8,2008_000027.jpg,7,car,car,False,1,13,0.07576929032802582,46.6846,65.2843,67.3592,78.3266,0.0016010889085009694,False,True,0.0,test
coco:8:7:21,coco,8,2008_000027.jpg,7,car,car,False,1,14,0.07185020297765732,308.9324,68.6943,401.0633,95.3615,0.014588355086743832,False,True,0.0,test
coco:8:7:21,coco,8,2008_000027.jpg,7,car,car,False,1,15,0.0708768293261528,0.0383,134.0784,10.5177,246.9537,0.001011166605167091,False,True,0.0,test
coco:8:7:21,coco,8,2008_000027.jpg,7,car,car,False,1,16,0.06505236029624939,424.957,84.868,499.4501,99.7903,0.006600528955459595,False,True,0.0,test
coco:8:7:21,coco,8,2008_000027.jpg,7,car,car,False,1,17,0.057742223143577576,400.9071,45.4455,498.6729,90.66,0.02624761126935482,False,True,0.0,test
coco:8:7:21,coco,8,2008_000027.jpg,7,car,car,False,1,18,0.05585496500134468,422.782,60.8339,499.4117,99.5045,0.017595499753952026,False,True,0.0,test
coco:8:7:21,coco,8,2008_000027.jpg,7,car,car,False,1,19,0.05579010769724846,422.9807,74.8202,499.4454,99.8651,0.011371157132089138,False,True,0.0,test
coco:8:7:21,coco,8,2008_000027.jpg,7,car,car,False,1,20,0.05508372560143471,0.1411,134.9049,10.5655,184.2686,0.0004576838109642267,False,True,0.0,test
coco:8:7:21,coco,8,2008_000027.jpg,7,car,car,False,1,21,0.05394739285111427,180.2763,80.0467,216.4446,111.3486,0.0067223752848804,False,True,0.0,test
coco:8:7:21,coco,8,2008_000027.jpg,7,car,car,False,1,22,0.05347175523638725,55.7849,67.0497,67.3826,78.3163,0.0007758695282973349,False,True,0.0,test
coco:9:15:24,coco,9,2008_000032.jpg,15,person,person,False,1,0,0.45135316252708435,407.3134,175.1132,437.4419,213.9604,0.0,False,True,9.974910394265233,test
coco:9:15:24,coco,9,2008_000032.jpg,15,person,person,False,1,1,0.3954533636569977,335.3362,172.9197,371.5019,221.4167,0.7423182129859924,True,False,9.974910394265233,test
coco:9:15:24,coco,9,2008_000032.jpg,15,person,person,False,1,2,0.35187652707099915,278.6898,162.7518,297.3009,181.7581,0.0,False,True,9.974910394265233,test
coco:9:15:24,coco,9,2008_000032.jpg,15,person,person,False,1,3,0.34275296330451965,340.472,173.4238,368.1794,197.4171,0.369381308555603,False,True,9.974910394265233,test
coco:9:15:24,coco,9,2008_000032.jpg,15,person,person,False,1,4,0.31411466002464294,407.5455,175.1528,436.7618,200.7513,0.0,False,True,9.974910394265233,test
coco:9:15:24,coco,9,2008_000032.jpg,15,person,person,False,1,5,0.2698613405227661,74.7459,186.5344,99.1956,225.2684,0.0,False,True,9.974910394265233,test
coco:9:15:24,coco,9,2008_000032.jpg,15,person,person,False,1,6,0.2354651540517807,74.3142,205.2902,91.4639,225.3601,0.0,False,True,9.974910394265233,test
coco:9:15:24,coco,9,2008_000032.jpg,15,person,person,False,1,7,0.2238406389951706,340.3588,159.6609,369.3101,197.3369,0.2960520088672638,False,True,9.974910394265233,test
coco:9:15:24,coco,9,2008_000032.jpg,15,person,person,False,1,8,0.2185925990343094,123.1844,187.5743,153.9462,224.755,0.0,False,True,9.974910394265233,test
coco:9:15:24,coco,9,2008_000032.jpg,15,person,person,False,1,9,0.2121472954750061,18.0324,198.575,29.0153,216.277,0.0,False,True,9.974910394265233,test
coco:9:15:24,coco,9,2008_000032.jpg,15,person,person,False,1,10,0.21052952110767365,132.1838,187.4883,155.135,224.0419,0.0,False,True,9.974910394265233,test
coco:9:15:24,coco,9,2008_000032.jpg,15,person,person,False,1,11,0.20697318017482758,291.5852,164.8275,297.8214,179.7254,0.0,False,True,9.974910394265233,test
coco:9:15:24,coco,9,2008_000032.jpg,15,person,person,False,1,12,0.1979556679725647,162.9366,201.0454,178.7321,224.9219,0.0,False,True,0.0,test
coco:9:15:24,coco,9,2008_000032.jpg,15,person,person,False,1,13,0.1900566667318344,427.4945,178.4473,437.0824,200.328,0.0,False,True,0.0,test
coco:9:15:24,coco,9,2008_000032.jpg,15,person,person,False,1,14,0.17242689430713654,123.1938,199.4503,149.1882,224.8593,0.0,False,True,0.0,test
coco:9:15:24,coco,9,2008_000032.jpg,15,person,person,False,1,15,0.1511681079864502,187.5412,205.3557,203.3683,224.7492,0.0,False,True,0.0,test
coco:9:15:24,coco,9,2008_000032.jpg,15,person,person,False,1,16,0.15027254819869995,132.509,187.6884,146.9083,214.4369,0.0,False,True,0.0,test
coco:9:15:24,coco,9,2008_000032.jpg,15,person,person,False,1,17,0.14245347678661346,96.1683,199.7199,121.9802,225.5273,0.0,False,True,0.0,test
coco:9:15:24,coco,9,2008_000032.jpg,15,person,person,False,1,18,0.1349857747554779,278.0922,163.886,284.7058,179.421,0.0,False,True,0.0,test
coco:9:15:24,coco,9,2008_000032.jpg,15,person,person,False,1,19,0.13015300035476685,279.597,203.8152,295.8221,222.8416,0.0,False,True,0.0,test
coco:9:15:24,coco,9,2008_000032.jpg,15,person,person,False,1,20,0.12236068397760391,277.8655,157.2656,298.3861,195.2979,0.0,False,True,0.0,test
coco:9:15:24,coco,9,2008_000032.jpg,15,person,person,False,1,21,0.11223535984754562,407.1532,181.1696,417.4149,195.059,0.0,False,True,0.0,test
coco:9:15:24,coco,9,2008_000032.jpg,15,person,person,False,1,22,0.11160220950841904,132.0645,199.6423,144.6728,223.2977,0.0,False,True,0.0,test
coco:9:15:24,coco,9,2008_000032.jpg,15,person,person,False,1,23,0.11085587739944458,77.0817,185.8665,120.9369,225.7573,0.0,False,True,0.0,test
coco:9:15:24,coco,9,2008_000032.jpg,15,person,person,False,1,24,0.10907935351133347,284.1492,163.2574,294.9358,181.1448,0.0,False,True,0.0,test
coco:9:15:24,coco,9,2008_000032.jpg,15,person,person,False,1,25,0.10516594350337982,268.9591,203.6516,296.0015,223.4989,0.0,False,True,0.0,test
coco:9:15:24,coco,9,2008_000032.jpg,15,person,person,False,1,26,0.10407896339893341,5.4083,115.6928,488.2253,305.5854,0.015575341880321503,False,True,0.0,test
coco:9:15:24,coco,9,2008_000032.jpg,15,person,person,False,1,27,0.10375551879405975,249.5453,160.2296,274.2242,219.723,0.0,False,True,0.0,test
coco:9:15:24,coco,9,2008_000032.jpg,15,person,person,False,1,28,0.10258254408836365,335.1219,199.2631,371.3522,221.4463,0.3856574594974518,False,True,0.0,test
coco:9:15:24,coco,9,2008_000032.jpg,15,person,person,False,1,29,0.1019323542714119,335.0976,172.9262,393.5677,221.5947,0.4670960605144501,False,True,0.0,test
coco:9:15:24,coco,9,2008_000032.jpg,15,person,person,False,1,30,0.10087218135595322,94.5576,184.9074,121.8957,225.361,0.0,False,True,0.0,test
coco:9:15:24,coco,9,2008_000032.jpg,15,person,person,False,1,31,0.09990104287862778,418.0039,175.7511,436.8722,200.4733,0.0,False,True,0.0,test
coco:9:15:24,coco,9,2008_000032.jpg,15,person,person,False,1,32,0.09782268851995468,132.9937,187.6052,146.5048,203.2599,0.0,False,True,0.0,test
coco:9:15:24,coco,9,2008_000032.jpg,15,person,person,False,1,33,0.09666354954242706,285.7062,156.9905,298.0849,180.6854,0.0,False,True,0.0,test
coco:9:15:24,coco,9,2008_000032.jpg,15,person,person,False,1,34,0.09414567053318024,238.1963,201.578,257.0897,224.2711,0.0,False,True,0.0,test
coco:9:15:24,coco,9,2008_000032.jpg,15,person,person,False,1,35,0.09282749891281128,131.7906,188.4751,146.4417,222.8549,0.0,False,True,0.0,test
coco:9:15:24,coco,9,2008_000032.jpg,15,person,person,False,1,36,0.09096788614988327,215.2192,208.3809,230.6075,224.4785,0.0,False,True,0.0,test
coco:9:15:24,coco,9,2008_000032.jpg,15,person,person,False,1,37,0.0907641276717186,79.8174,186.9921,96.5419,205.5764,0.0,False,True,0.0,test
coco:9:15:24,coco,9,2008_000032.jpg,15,person,person,False,1,38,0.08629155158996582,175.7262,202.1334,181.7884,224.9376,0.0,False,True,0.0,test
coco:9:15:24,coco,9,2008_000032.jpg,15,person,person,False,1,39,0.08623156696557999,249.1179,205.2921,257.337,223.5733,0.0,False,True,0.0,test
coco:9:15:24,coco,9,2008_000032.jpg,15,person,person,False,1,40,0.08246231079101562,426.9142,178.5253,437.6303,213.6108,0.0,False,True,0.0,test
coco:9:15:24,coco,9,2008_000032.jpg,15,person,person,False,1,41,0.08150985836982727,229.9843,201.6754,242.9689,224.3878,0.0,False,True,0.0,test
coco:9:15:24,coco,9,2008_000032.jpg,15,person,person,False,1,42,0.08121819794178009,132.5633,199.3737,143.6089,214.6432,0.0,False,True,0.0,test
coco:9:15:24,coco,9,2008_000032.jpg,15,person,person,False,1,43,0.08082430064678192,139.2392,187.4221,155.6563,212.6639,0.0,False,True,0.0,test
coco:9:15:24,coco,9,2008_000032.jpg,15,person,person,False,1,44,0.08073513954877853,79.6653,187.3546,96.666,214.0478,0.0,False,True,0.0,test
coco:9:15:24,coco,9,2008_000032.jpg,15,person,person,False,1,45,0.07650384306907654,229.7128,178.1376,243.4211,224.2495,0.0,False,True,0.0,test
coco:9:15:24,coco,9,2008_000032.jpg,15,person,person,False,1,46,0.07623881101608276,374.4774,177.8598,394.0702,200.5564,0.0,False,True,0.0,test
coco:9:15:24,coco,9,2008_000032.jpg,15,person,person,False,1,47,0.07593879848718643,104.493,200.2299,122.048,225.0051,0.0,False,True,0.0,test
coco:9:15:24,coco,9,2008_000032.jpg,15,person,person,False,1,48,0.07586778700351715,164.1705,184.0469,181.7361,224.8269,0.0,False,True,0.0,test
coco:9:15:24,coco,9,2008_000032.jpg,15,person,person,False,1,49,0.07582305371761322,215.6077,202.0534,241.9662,224.6035,0.0,False,True,0.0,test
coco:9:15:24,coco,9,2008_000032.jpg,15,person,person,False,1,50,0.07528219372034073,282.3098,203.7371,292.4884,216.3018,0.0,False,True,0.0,test
coco:9:15:24,coco,9,2008_000032.jpg,15,person,person,False,1,51,0.07515982538461685,433.4524,186.3655,453.2591,216.6309,0.0,False,True,0.0,test
coco:9:15:24,coco,9,2008_000032.jpg,15,person,person,False,1,52,0.07424677163362503,384.0361,175.4853,396.69,199.983,0.0,False,True,0.0,test
coco:9:15:24,coco,9,2008_000032.jpg,15,person,person,False,1,53,0.07357029616832733,17.8699,197.8419,40.2339,216.7732,0.0,False,True,0.0,test
coco:9:15:24,coco,9,2008_000032.jpg,15,person,person,False,1,54,0.07208945602178574,418.2838,188.5074,432.0494,200.8111,0.0,False,True,0.0,test
coco:9:15:24,coco,9,2008_000032.jpg,15,person,person,False,1,55,0.0653006061911583,214.8132,185.9621,230.5358,223.8944,0.0,False,True,0.0,test
coco:9:15:24,coco,9,2008_000032.jpg,15,person,person,False,1,56,0.06513947993516922,340.2924,173.3113,393.1446,199.6932,0.28469833731651306,False,True,0.0,test
coco:9:15:24,coco,9,2008_000032.jpg,15,person,person,False,1,57,0.0644858330488205,132.6766,187.2971,175.8231,224.8646,0.0,False,True,0.0,test
coco:9:15:24,coco,9,2008_000032.jpg,15,person,person,False,1,58,0.06393714994192123,17.3049,189.3956,50.3603,216.6887,0.0,False,True,0.0,test
coco:9:15:24,coco,9,2008_000032.jpg,15,person,person,False,1,59,0.06309325248003006,417.8299,189.7446,433.819,213.0378,0.0,False,True,0.0,test
coco:9:15:24,coco,9,2008_000032.jpg,15,person,person,False,1,60,0.06273007392883301,95.2956,184.4623,117.6971,214.9304,0.0,False,True,0.0,test
coco:9:15:24,coco,9,2008_000032.jpg,15,person,person,False,1,61,0.06232745200395584,74.5479,214.1564,89.802,225.3161,0.0,False,True,0.0,test
coco:9:15:24,coco,9,2008_000032.jpg,15,person,person,False,1,62,0.06169332191348076,95.3386,175.7854,109.4744,195.1189,0.0,False,True,0.0,test
coco:9:15:24,coco,9,2008_000032.jpg,15,person,person,False,1,63,0.061051592230796814,61.2868,199.4877,73.168,218.4685,0.0,False,True,0.0,test
coco:9:15:24,coco,9,2008_000032.jpg,15,person,person,False,1,64,0.0601750910282135,18.6132,189.4117,41.0843,216.6243,0.0,False,True,0.0,test
coco:9:15:24,coco,9,2008_000032.jpg,15,person,person,False,1,65,0.05985204502940178,334.8281,200.6872,354.5502,221.482,0.265597939491272,False,True,0.0,test
coco:9:15:24,coco,9,2008_000032.jpg,15,person,person,False,1,66,0.059499505907297134,58.7809,200.3078,75.2307,225.6907,0.0,False,True,0.0,test
coco:9:15:24,coco,9,2008_000032.jpg,15,person,person,False,1,67,0.05831616744399071,229.7581,178.0968,256.5096,224.3951,0.0,False,True,0.0,test
coco:9:15:24,coco,9,2008_000032.jpg,15,person,person,False,1,68,0.058131150901317596,215.0711,198.6813,230.9627,224.0501,0.0,False,True,0.0,test
coco:9:15:24,coco,9,2008_000032.jpg,15,person,person,False,1,69,0.058015983551740646,256.3914,161.2504,273.0789,217.2303,0.0,False,True,0.0,test
coco:9:15:24,coco,9,2008_000032.jpg,15,person,person,False,1,70,0.057855457067489624,426.7719,178.054,452.5342,216.1573,0.0,False,True,0.0,test
coco:9:15:24,coco,9,2008_000032.jpg,15,person,person,False,1,71,0.05767770856618881,340.748,174.4548,356.6858,197.192,0.2537685036659241,False,True,0.0,test
coco:9:15:24,coco,9,2008_000032.jpg,15,person,person,False,1,72,0.05667605251073837,263.762,187.7989,274.9139,217.3586,0.0,False,True,0.0,test
coco:9:15:24,coco,9,2008_000032.jpg,15,person,person,False,1,73,0.056395772844552994,189.8956,231.8977,220.366,256.2614,0.0,False,True,0.0,test
coco:9:15:24,coco,9,2008_000032.jpg,15,person,person,False,1,74,0.056296177208423615,256.492,162.1854,272.4692,202.7129,0.0,False,True,0.0,test
coco:9:15:24,coco,9,2008_000032.jpg,15,person,person,False,1,75,0.05535944551229477,33.5115,189.4016,51.4544,216.5318,0.0,False,True,0.0,test
coco:9:15:24,coco,9,2008_000032.jpg,15,person,person,False,1,76,0.0552968792617321,235.0731,214.3444,240.5194,224.5537,0.0,False,True,0.0,test
coco:9:15:24,coco,9,2008_000032.jpg,15,person,person,False,1,77,0.055113181471824646,230.5017,214.268,239.9583,224.611,0.0,False,True,0.0,test
coco:9:15:24,coco,9,2008_000032.jpg,15,person,person,False,1,78,0.05469633638858795,237.0069,201.6816,243.6567,224.2746,0.0,False,True,0.0,test
coco:9:15:24,coco,9,2008_000032.jpg,15,person,person,False,1,79,0.054523393511772156,428.0297,177.9777,449.6032,200.6853,0.0,False,True,0.0,test
coco:9:15:24,coco,9,2008_000032.jpg,15,person,person,False,1,80,0.05377236753702164,465.6971,199.2777,478.6351,220.3008,0.0,False,True,0.0,test
coco:9:15:24,coco,9,2008_000032.jpg,15,person,person,False,1,81,0.05263463407754898,433.6309,202.0821,452.6013,216.9524,0.0,False,True,0.0,test
coco:9:15:24,coco,9,2008_000032.jpg,15,person,person,False,1,82,0.0526001863181591,249.2508,173.2845,258.3773,204.6623,0.0,False,True,0.0,test
coco:9:15:24,coco,9,2008_000032.jpg,15,person,person,False,1,83,0.05232091248035431,94.9527,184.1404,110.3375,215.2474,0.0,False,True,0.0,test
coco:9:15:24,coco,9,2008_000032.jpg,15,person,person,False,1,84,0.05208752676844597,121.8564,187.4558,146.187,214.088,0.0,False,True,0.0,test
coco:9:15:24,coco,9,2008_000032.jpg,15,person,person,False,1,85,0.0516887828707695,95.5037,183.9078,109.3228,195.0975,0.0,False,True,0.0,test
coco:9:15:24,coco,9,2008_000032.jpg,15,person,person,False,1,86,0.0515199638903141,215.1308,178.3543,243.2507,224.4229,0.0,False,True,0.0,test
coco:9:15:24,coco,9,2008_000032.jpg,15,person,person,False,1,87,0.051374491304159164,277.6954,158.211,298.6476,222.125,0.0,False,True,0.0,test
coco:9:15:24,coco,9,2008_000032.jpg,15,person,person,False,1,88,0.05108673498034477,189.8927,171.0066,214.722,189.4908,0.0,False,True,0.0,test
coco:9:15:24,coco,9,2008_000032.jpg,15,person,person,False,1,89,0.050185419619083405,464.666,198.3623,477.5395,214.5435,0.0,False,True,0.0,test
coco:9:9:25,coco,9,2008_000032.jpg,9,chair,chair,True,0,0,0.17805920541286469,85.2053,216.2934,99.678,225.7377,0.0,False,True,0.0,test
coco:9:9:25,coco,9,2008_000032.jpg,9,chair,chair,True,0,1,0.17772267758846283,401.6877,194.8016,425.6523,209.4034,0.0,False,True,0.0,test
coco:9:9:25,coco,9,2008_000032.jpg,9,chair,chair,True,0,2,0.15514622628688812,96.5341,212.9553,121.8517,225.7865,0.0,False,True,0.0,test
coco:9:9:25,coco,9,2008_000032.jpg,9,chair,chair,True,0,3,0.1524907946586609,411.8508,195.0642,425.8244,209.2473,0.0,False,True,0.0,test
coco:9:9:25,coco,9,2008_000032.jpg,9,chair,chair,True,0,4,0.15166106820106506,104.5244,212.7809,122.0571,225.5054,0.0,False,True,0.0,test
coco:9:9:25,coco,9,2008_000032.jpg,9,chair,chair,True,0,5,0.13688130676746368,96.0249,198.5737,122.1061,225.6117,0.0,False,True,0.0,test
coco:9:9:25,coco,9,2008_000032.jpg,9,chair,chair,True,0,6,0.1367626190185547,123.4663,214.6521,143.2545,225.2397,0.0,False,True,0.0,test
coco:9:9:25,coco,9,2008_000032.jpg,9,chair,chair,True,0,7,0.13347336649894714,123.3676,200.101,144.6825,224.9764,0.0,False,True,0.0,test
coco:9:9:25,coco,9,2008_000032.jpg,9,chair,chair,True,0,8,0.13321000337600708,74.7786,215.7803,87.4785,225.3936,0.0,False,True,0.0,test
coco:9:9:25,coco,9,2008_000032.jpg,9,chair,chair,True,0,9,0.13084301352500916,85.2061,217.7278,95.3495,225.5319,0.0,False,True,0.0,test
coco:9:9:25,coco,9,2008_000032.jpg,9,chair,chair,True,0,10,0.12986858189105988,382.9939,200.4228,414.992,222.5152,0.0,False,True,0.0,test
coco:9:9:25,coco,9,2008_000032.jpg,9,chair,chair,True,0,11,0.1293865293264389,145.6479,212.0352,163.5213,224.7686,0.0,False,True,0.0,test
coco:9:9:25,coco,9,2008_000032.jpg,9,chair,chair,True,0,12,0.12737131118774414,186.5527,204.653,202.8763,224.94,0.0,False,True,0.0,test
coco:9:9:25,coco,9,2008_000032.jpg,9,chair,chair,True,0,13,0.12235705554485321,162.7578,212.025,177.0238,225.0334,0.0,False,True,0.0,test
coco:9:9:25,coco,9,2008_000032.jpg,9,chair,chair,True,0,14,0.1187933161854744,132.7813,220.4739,143.5401,225.205,0.0,False,True,0.0,test
coco:9:9:25,coco,9,2008_000032.jpg,9,chair,chair,True,0,15,0.11593397706747055,268.1935,203.4866,297.9468,223.612,0.0,False,True,0.0,test
coco:9:9:25,coco,9,2008_000032.jpg,9,chair,chair,True,0,16,0.11146220564842224,382.864,199.9037,429.3345,225.1183,0.0,False,True,0.0,test
coco:9:9:25,coco,9,2008_000032.jpg,9,chair,chair,True,0,17,0.1114412471652031,335.1934,199.282,371.5186,221.6537,0.0,False,True,0.0,test
coco:9:9:25,coco,9,2008_000032.jpg,9,chair,chair,True,0,18,0.1111525222659111,94.8355,215.433,100.7419,225.8053,0.0,False,True,0.0,test
coco:9:9:25,coco,9,2008_000032.jpg,9,chair,chair,True,0,19,0.10465463995933533,131.3281,200.3337,144.5749,223.883,0.0,False,True,0.0,test
coco:9:9:25,coco,9,2008_000032.jpg,9,chair,chair,True,0,20,0.1002332866191864,145.0933,202.8923,163.545,224.6463,0.0,False,True,0.0,test
coco:9:9:25,coco,9,2008_000032.jpg,9,chair,chair,True,0,21,0.09862807393074036,162.4399,200.185,179.2513,224.8987,0.0,False,True,0.0,test
coco:9:9:25,coco,9,2008_000032.jpg,9,chair,chair,True,0,22,0.09814537316560745,5.9412,116.0927,488.6994,303.9693,0.0,False,True,0.0,test
coco:9:9:25,coco,9,2008_000032.jpg,9,chair,chair,True,0,23,0.09681913256645203,132.0987,215.1277,143.736,224.8824,0.0,False,True,0.0,test
coco:9:9:25,coco,9,2008_000032.jpg,9,chair,chair,True,0,24,0.09438908100128174,281.9823,203.4417,298.7794,223.2471,0.0,False,True,0.0,test
coco:9:9:25,coco,9,2008_000032.jpg,9,chair,chair,True,0,25,0.09365363419055939,201.3564,203.3379,216.1968,224.4865,0.0,False,True,0.0,test
coco:9:9:25,coco,9,2008_000032.jpg,9,chair,chair,True,0,26,0.09360538423061371,177.4339,204.4135,202.1044,225.1656,0.0,False,True,0.0,test
coco:9:9:25,coco,9,2008_000032.jpg,9,chair,chair,True,0,27,0.09132996201515198,230.2137,214.4489,239.5245,224.6832,0.0,False,True,0.0,test
coco:9:9:25,coco,9,2008_000032.jpg,9,chair,chair,True,0,28,0.08914563059806824,103.6943,199.2506,122.1811,225.1135,0.0,False,True,0.0,test
coco:9:9:25,coco,9,2008_000032.jpg,9,chair,chair,True,0,29,0.08674562722444534,354.618,209.8204,372.0823,221.7551,0.0,False,True,0.0,test
coco:9:9:25,coco,9,2008_000032.jpg,9,chair,chair,True,0,30,0.08446824550628662,75.2107,219.2153,86.005,225.2813,0.0,False,True,0.0,test
coco:9:9:25,coco,9,2008_000032.jpg,9,chair,chair,True,0,31,0.08123680204153061,205.5291,217.9593,214.9775,224.6313,0.0,False,True,0.0,test
coco:9:9:25,coco,9,2008_000032.jpg,9,chair,chair,True,0,32,0.08114206790924072,424.7814,198.8657,438.4155,209.6342,0.0,False,True,0.0,test
coco:9:9:25,coco,9,2008_000032.jpg,9,chair,chair,True,0,33,0.07908470928668976,240.0661,216.2468,257.2094,224.5864,0.0,False,True,0.0,test
coco:9:9:25,coco,9,2008_000032.jpg,9,chair,chair,True,0,34,0.07806482911109924,352.5801,159.4905,364.9692,175.9582,0.0,False,True,0.0,test
coco:9:9:25,coco,9,2008_000032.jpg,9,chair,chair,True,0,35,0.07771063596010208,401.6004,194.7024,437.9624,210.9031,0.0,False,True,0.0,test
coco:9:9:25,coco,9,2008_000032.jpg,9,chair,chair,True,0,36,0.07726941257715225,15.4591,198.1708,28.7965,216.638,0.0,False,True,0.0,test
coco:9:9:25,coco,9,2008_000032.jpg,9,chair,chair,True,0,37,0.07724714279174805,58.089,200.0414,74.011,225.8371,0.0,False,True,0.0,test
coco:9:9:25,coco,9,2008_000032.jpg,9,chair,chair,True,0,38,0.07722233235836029,424.7708,199.1216,439.1578,214.7049,0.0,False,True,0.0,test
coco:9:9:25,coco,9,2008_000032.jpg,9,chair,chair,True,0,39,0.07713589072227478,215.2381,210.5369,230.7112,224.5424,0.0,False,True,0.0,test
coco:9:9:25,coco,9,2008_000032.jpg,9,chair,chair,True,0,40,0.07692466676235199,132.3945,199.9174,143.6494,215.1911,0.0,False,True,0.0,test
coco:9:9:25,coco,9,2008_000032.jpg,9,chair,chair,True,0,41,0.07673230022192001,340.2826,159.5209,369.3478,197.2682,0.0,False,True,0.0,test
coco:9:9:25,coco,9,2008_000032.jpg,9,chair,chair,True,0,42,0.07602167129516602,58.1927,217.9399,74.1882,226.2706,0.0,False,True,0.0,test
coco:9:9:25,coco,9,2008_000032.jpg,9,chair,chair,True,0,43,0.07568240165710449,374.7565,185.2085,391.8118,200.7456,0.0,False,True,0.0,test
coco:9:9:25,coco,9,2008_000032.jpg,9,chair,chair,True,0,44,0.07465473562479019,305.5879,199.5469,337.425,221.9625,0.0,False,True,0.0,test
coco:9:9:25,coco,9,2008_000032.jpg,9,chair,chair,True,0,45,0.07453302294015884,75.0528,212.9105,92.6265,225.4919,0.0,False,True,0.0,test
coco:9:9:25,coco,9,2008_000032.jpg,9,chair,chair,True,0,46,0.07442755997180939,177.8629,203.4089,215.8623,225.1922,0.0,False,True,0.0,test
coco:9:9:25,coco,9,2008_000032.jpg,9,chair,chair,True,0,47,0.07442691177129745,383.109,200.2304,414.7859,212.6024,0.0,False,True,0.0,test
coco:9:9:25,coco,9,2008_000032.jpg,9,chair,chair,True,0,48,0.07399600744247437,144.267,214.3788,155.409,224.6743,0.0,False,True,0.0,test
coco:9:9:25,coco,9,2008_000032.jpg,9,chair,chair,True,0,49,0.07129178196191788,217.4561,212.2226,239.7506,224.786,0.0,False,True,0.0,test
coco:9:9:25,coco,9,2008_000032.jpg,9,chair,chair,True,0,50,0.06859120726585388,229.7554,203.2035,239.8519,224.5805,0.0,False,True,0.0,test
coco:9:9:25,coco,9,2008_000032.jpg,9,chair,chair,True,0,51,0.0684787780046463,249.5117,216.9423,257.3404,223.9461,0.0,False,True,0.0,test
coco:9:9:25,coco,9,2008_000032.jpg,9,chair,chair,True,0,52,0.06675879657268524,111.1326,198.7669,127.7046,224.2809,0.0,False,True,0.0,test
coco:9:9:25,coco,9,2008_000032.jpg,9,chair,chair,True,0,53,0.06670717149972916,238.6326,202.6322,257.4282,224.3074,0.0,False,True,0.0,test
coco:9:9:25,coco,9,2008_000032.jpg,9,chair,chair,True,0,54,0.06661524623632431,75.0073,207.4684,92.1725,225.2376,0.0,False,True,0.0,test
coco:9:9:25,coco,9,2008_000032.jpg,9,chair,chair,True,0,55,0.06578701734542847,230.0001,201.9976,243.4655,224.7053,0.0,False,True,0.0,test
coco:9:9:25,coco,9,2008_000032.jpg,9,chair,chair,True,0,56,0.0653567984700203,75.0624,215.7514,99.632,225.7241,0.0,False,True,0.0,test
coco:9:9:25,coco,9,2008_000032.jpg,9,chair,chair,True,0,57,0.06526657193899155,434.7349,208.4493,454.8419,216.7593,0.0,False,True,0.0,test
coco:9:9:25,coco,9,2008_000032.jpg,9,chair,chair,True,0,58,0.06481015682220459,187.1436,215.3813,202.5384,224.947,0.0,False,True,0.0,test
coco:9:9:25,coco,9,2008_000032.jpg,9,chair,chair,True,0,59,0.06417237967252731,406.6509,175.333,437.4806,210.3687,0.0,False,True,0.0,test
coco:9:9:25,coco,9,2008_000032.jpg,9,chair,chair,True,0,60,0.064118891954422,58.2074,218.4325,66.3285,226.2828,0.0,False,True,0.0,test
coco:9:9:25,coco,9,2008_000032.jpg,9,chair,chair,True,0,61,0.06353803724050522,132.1573,199.7732,161.1029,224.6846,0.0,False,True,0.0,test
coco:9:9:25,coco,9,2008_000032.jpg,9,chair,chair,True,0,62,0.06344037503004074,121.9949,215.2342,128.2549,225.0999,0.0,False,True,0.0,test
coco:9:9:25,coco,9,2008_000032.jpg,9,chair,chair,True,0,63,0.06324753910303116,187.2073,216.1471,196.5154,225.0092,0.0,False,True,0.0,test
coco:9:9:25,coco,9,2008_000032.jpg,9,chair,chair,True,0,64,0.06294224411249161,117.8061,214.1253,127.5297,224.9133,0.0,False,True,0.0,test
coco:9:9:25,coco,9,2008_000032.jpg,9,chair,chair,True,0,65,0.062107671052217484,340.4724,174.5873,366.9549,197.3594,0.0,False,True,0.0,test
coco:9:9:25,coco,9,2008_000032.jpg,9,chair,chair,True,0,66,0.062045417726039886,162.0035,213.4465,170.7236,224.8623,0.0,False,True,0.0,test
coco:9:9:25,coco,9,2008_000032.jpg,9,chair,chair,True,0,67,0.06198117882013321,219.8711,203.1965,240.4188,224.6212,0.0,False,True,0.0,test
coco:9:9:25,coco,9,2008_000032.jpg,9,chair,chair,True,0,68,0.06168808415532112,374.7241,179.2844,392.3827,200.718,0.0,False,True,0.0,test
coco:9:9:25,coco,9,2008_000032.jpg,9,chair,chair,True,0,69,0.06084736809134483,401.2632,194.6396,430.6735,219.7767,0.0,False,True,0.0,test
coco:9:9:25,coco,9,2008_000032.jpg,9,chair,chair,True,0,70,0.060512591153383255,145.5504,210.9875,176.1125,225.0936,0.0,False,True,0.0,test
coco:9:9:25,coco,9,2008_000032.jpg,9,chair,chair,True,0,71,0.06046294793486595,334.9793,200.7791,355.4477,221.554,0.0,False,True,0.0,test
coco:9:9:25,coco,9,2008_000032.jpg,9,chair,chair,True,0,72,0.06032361090183258,394.6715,208.342,429.7558,221.9026,0.0,False,True,0.0,test
coco:9:9:25,coco,9,2008_000032.jpg,9,chair,chair,True,0,73,0.059998299926519394,58.0138,217.6568,86.3052,226.1437,0.0,False,True,0.0,test
coco:9:9:25,coco,9,2008_000032.jpg,9,chair,chair,True,0,74,0.059539034962654114,248.9476,205.7139,257.3921,223.7469,0.0,False,True,0.0,test
coco:9:9:25,coco,9,2008_000032.jpg,9,chair,chair,True,0,75,0.05935070663690567,123.2391,215.5069,134.5293,225.1202,0.0,False,True,0.0,test
coco:9:9:25,coco,9,2008_000032.jpg,9,chair,chair,True,0,76,0.05892932787537575,400.79,195.5787,416.3519,209.0891,0.0,False,True,0.0,test
coco:9:9:25,coco,9,2008_000032.jpg,9,chair,chair,True,0,77,0.05865383893251419,85.2033,198.4645,121.7696,225.9238,0.0,False,True,0.0,test
coco:9:9:25,coco,9,2008_000032.jpg,9,chair,chair,True,0,78,0.05755901709198952,362.5213,177.7506,392.1678,200.4378,0.0,False,True,0.0,test
coco:9:9:25,coco,9,2008_000032.jpg,9,chair,chair,True,0,79,0.056905388832092285,361.2908,177.3868,370.2526,196.5288,0.0,False,True,0.0,test
coco:9:9:25,coco,9,2008_000032.jpg,9,chair,chair,True,0,80,0.056469425559043884,335.3315,174.9963,371.356,221.623,0.0,False,True,0.0,test
coco:9:9:25,coco,9,2008_000032.jpg,9,chair,chair,True,0,81,0.05559175834059715,152.6244,214.1468,163.2273,224.563,0.0,False,True,0.0,test
coco:9:9:25,coco,9,2008_000032.jpg,9,chair,chair,True,0,82,0.055317893624305725,412.1897,194.7508,437.8178,215.5017,0.0,False,True,0.0,test
coco:9:9:25,coco,9,2008_000032.jpg,9,chair,chair,True,0,83,0.05507058650255203,352.3495,159.4077,368.9994,196.0179,0.0,False,True,0.0,test
coco:9:9:25,coco,9,2008_000032.jpg,9,chair,chair,True,0,84,0.05477990582585335,21.418,198.3557,29.0713,216.3465,0.0,False,True,0.0,test
coco:9:9:25,coco,9,2008_000032.jpg,9,chair,chair,True,0,85,0.054311059415340424,402.385,177.427,425.9693,209.0959,0.0,False,True,0.0,test
coco:9:9:25,coco,9,2008_000032.jpg,9,chair,chair,True,0,86,0.05330503359436989,354.837,200.5495,414.9739,222.3171,0.0,False,True,0.0,test
coco:9:9:25,coco,9,2008_000032.jpg,9,chair,chair,True,0,87,0.05309108644723892,221.2725,212.2048,230.966,224.2861,0.0,False,True,0.0,test
coco:9:9:25,coco,9,2008_000032.jpg,9,chair,chair,True,0,88,0.05236327648162842,58.4373,199.513,83.9748,226.0734,0.0,False,True,0.0,test
coco:9:9:25,coco,9,2008_000032.jpg,9,chair,chair,True,0,89,0.052207667380571365,425.7443,199.5665,454.7097,216.4532,0.0,False,True,0.0,test
coco:9:9:25,coco,9,2008_000032.jpg,9,chair,chair,True,0,90,0.05170489102602005,104.0768,198.8071,118.7537,215.1546,0.0,False,True,0.0,test
coco:9:9:25,coco,9,2008_000032.jpg,9,chair,chair,True,0,91,0.051396630704402924,293.5454,207.6486,299.4406,223.3126,0.0,False,True,0.0,test
coco:9:9:25,coco,9,2008_000032.jpg,9,chair,chair,True,0,92,0.05101802572607994,14.5916,207.6958,24.9642,216.8786,0.0,False,True,0.0,test
coco:9:9:25,coco,9,2008_000032.jpg,9,chair,chair,True,0,93,0.05098854377865791,444.6511,214.968,461.5797,222.6925,0.0,False,True,0.0,test
coco:9:9:25,coco,9,2008_000032.jpg,9,chair,chair,True,0,94,0.050954271107912064,354.3872,202.2497,372.2481,221.6322,0.0,False,True,0.0,test
coco:9:9:25,coco,9,2008_000032.jpg,9,chair,chair,True,0,95,0.05092622712254524,401.2059,177.2286,417.0986,197.8729,0.0,False,True,0.0,test
coco:9:9:25,coco,9,2008_000032.jpg,9,chair,chair,True,0,96,0.050749797374010086,305.2997,200.5068,323.1392,221.7377,0.0,False,True,0.0,test
coco:9:9:25,coco,9,2008_000032.jpg,9,chair,chair,True,0,97,0.050575725734233856,154.5199,214.1627,169.9034,224.8574,0.0,False,True,0.0,test
coco:9:9:25,coco,9,2008_000032.jpg,9,chair,chair,True,0,98,0.05045345053076744,425.8303,205.745,433.7173,214.1011,0.0,False,True,0.0,test
coco:9:9:25,coco,9,2008_000032.jpg,9,chair,chair,True,0,99,0.050160448998212814,238.9307,216.1858,244.1092,224.7975,0.0,False,True,0.0,test
coco:9:4:26,coco,9,2008_000032.jpg,4,boat,boat,True,0,0,0.18315760791301727,5.7974,115.6754,487.6925,306.3051,0.0,False,True,0.0,test
coco:9:4:26,coco,9,2008_000032.jpg,4,boat,boat,True,0,1,0.0669039934873581,189.9169,232.0614,220.3459,256.2637,0.0,False,True,0.0,test
coco:9:4:26,coco,9,2008_000032.jpg,4,boat,boat,True,0,2,0.05777093768119812,0.3288,266.8124,499.8693,374.7573,0.0,False,True,0.0,test
coco:10:15:27,coco,10,2008_000034.jpg,15,person,person,False,3,0,0.7695856690406799,92.2216,43.1237,337.7509,499.2137,0.9899002313613892,True,False,9.974910394265233,test
coco:10:15:27,coco,10,2008_000034.jpg,15,person,person,False,3,1,0.639566957950592,34.0411,115.3043,197.7672,419.7466,0.961081862449646,True,False,9.974910394265233,test
coco:10:15:27,coco,10,2008_000034.jpg,15,person,person,False,3,2,0.5074701905250549,0.4911,154.2006,106.7415,335.6908,0.9489261507987976,True,False,9.974910394265233,test
coco:10:15:27,coco,10,2008_000034.jpg,15,person,person,False,3,3,0.26566454768180847,0.0578,202.4356,45.1478,252.96,0.12117503583431244,False,True,9.974910394265233,test
coco:10:15:27,coco,10,2008_000034.jpg,15,person,person,False,3,4,0.25822675228118896,0.0903,214.36,39.0308,252.9309,0.07974305003881454,False,True,9.974910394265233,test
coco:10:15:27,coco,10,2008_000034.jpg,15,person,person,False,3,5,0.23045362532138824,307.1785,134.332,337.8844,499.7975,0.09919864684343338,False,True,9.974910394265233,test
coco:10:15:27,coco,10,2008_000034.jpg,15,person,person,False,3,6,0.22040294110774994,19.3581,202.3004,45.583,224.1908,0.03126773238182068,False,True,9.974910394265233,test
coco:10:15:27,coco,10,2008_000034.jpg,15,person,person,False,3,7,0.1927342712879181,320.4716,135.4843,337.8317,182.912,0.00727817602455616,False,True,0.0,test
coco:10:15:27,coco,10,2008_000034.jpg,15,person,person,False,3,8,0.18496713042259216,0.0461,257.4793,13.4673,275.3544,0.012126688845455647,False,True,0.0,test
coco:10:15:27,coco,10,2008_000034.jpg,15,person,person,False,3,9,0.15775111317634583,167.1344,130.7048,337.7209,498.3629,0.5544037818908691,True,False,0.0,test
coco:10:15:27,coco,10,2008_000034.jpg,15,person,person,False,3,10,0.13965614140033722,320.0146,135.1137,337.8762,219.3323,0.013297326862812042,False,True,0.0,test
coco:10:15:27,coco,10,2008_000034.jpg,15,person,person,False,3,11,0.13362053036689758,0.1224,214.2126,39.2374,275.2321,0.12671256065368652,False,True,0.0,test
coco:10:15:27,coco,10,2008_000034.jpg,15,person,person,False,3,12,0.12429043650627136,0.1136,173.8843,105.7794,253.8067,0.43703892827033997,False,True,0.0,test
coco:10:15:27,coco,10,2008_000034.jpg,15,person,person,False,3,13,0.11797619611024857,312.335,135.0073,337.8739,235.5264,0.022692833095788956,False,True,0.0,test
coco:10:15:27,coco,10,2008_000034.jpg,15,person,person,False,3,14,0.11624395102262497,40.6597,172.2215,108.1612,333.8389,0.5249143838882446,True,False,0.0,test
coco:10:15:27,coco,10,2008_000034.jpg,15,person,person,False,3,15,0.1149175614118576,312.2267,176.7805,337.7848,220.1923,0.009807857684791088,False,True,0.0,test
coco:10:15:27,coco,10,2008_000034.jpg,15,person,person,False,3,16,0.1143827810883522,71.8106,174.9653,103.7211,212.6885,0.06398818641901016,False,True,0.0,test
coco:10:15:27,coco,10,2008_000034.jpg,15,person,person,False,3,17,0.11313115060329437,19.2532,174.3267,101.8977,225.9684,0.23245640099048615,False,True,0.0,test
coco:10:15:27,coco,10,2008_000034.jpg,15,person,person,False,3,18,0.11245398223400116,72.1503,174.2563,113.298,215.9229,0.06841211020946503,False,True,0.0,test
coco:10:15:27,coco,10,2008_000034.jpg,15,person,person,False,3,19,0.10961620509624481,64.7722,173.5153,109.1176,333.4397,0.3161359131336212,False,True,0.0,test
coco:10:15:27,coco,10,2008_000034.jpg,15,person,person,False,3,20,0.10452406108379364,71.0438,175.6034,95.3407,209.4744,0.044823694974184036,False,True,0.0,test
coco:10:15:27,coco,10,2008_000034.jpg,15,person,person,False,3,21,0.09190141409635544,19.4267,188.7052,45.8318,224.0903,0.05089031159877777,False,True,0.0,test
coco:10:15:27,coco,10,2008_000034.jpg,15,person,person,False,3,22,0.08607520908117294,19.1638,194.6535,105.12,225.5591,0.14062047004699707,False,True,0.0,test
coco:10:15:27,coco,10,2008_000034.jpg,15,person,person,False,3,23,0.08451662212610245,317.9583,134.7302,338.0161,498.9336,0.06451985239982605,False,True,0.0,test
coco:10:15:27,coco,10,2008_000034.jpg,15,person,person,False,3,24,0.083110511302948,70.0686,151.0603,110.876,215.372,0.10274768620729446,False,True,0.0,test
coco:10:15:27,coco,10,2008_000034.jpg,15,person,person,False,3,25,0.08171211183071136,312.219,176.9756,337.3799,200.9234,0.005326359532773495,False,True,0.0,test
coco:10:15:27,coco,10,2008_000034.jpg,15,person,person,False,3,26,0.0797644704580307,312.1334,135.5013,337.799,201.6952,0.015017788857221603,False,True,0.0,test
coco:10:15:27,coco,10,2008_000034.jpg,15,person,person,False,3,27,0.07924135029315948,0.428,186.8221,28.7667,232.623,0.0691683366894722,False,True,0.0,test
coco:10:15:27,coco,10,2008_000034.jpg,15,person,person,False,3,28,0.07267064601182938,0.1646,99.2423,40.1472,253.279,0.18387708067893982,False,True,0.0,test
coco:10:15:27,coco,10,2008_000034.jpg,15,person,person,False,3,29,0.07165005803108215,0.0615,185.4578,29.7173,252.0439,0.10379568487405777,False,True,0.0,test
coco:10:15:27,coco,10,2008_000034.jpg,15,person,person,False,3,30,0.0707627683877945,292.4231,132.931,337.8305,499.1751,0.1470058411359787,False,True,0.0,test
coco:10:15:27,coco,10,2008_000034.jpg,15,person,person,False,3,31,0.0684664323925972,320.2917,113.6062,337.7683,192.6472,0.012210854329168797,False,True,0.0,test
coco:10:15:27,coco,10,2008_000034.jpg,15,person,person,False,3,32,0.06832244247198105,25.4107,154.5409,105.1097,288.9994,0.5501622557640076,True,False,0.0,test
coco:10:15:27,coco,10,2008_000034.jpg,15,person,person,False,3,33,0.06787633150815964,319.8665,83.1628,337.9274,227.1302,0.02298479527235031,False,True,0.0,test
coco:10:15:27,coco,10,2008_000034.jpg,15,person,person,False,3,34,0.06657052040100098,71.8981,175.437,86.8896,195.8377,0.01665780507028103,False,True,0.0,test
coco:10:15:27,coco,10,2008_000034.jpg,15,person,person,False,3,35,0.06506849080324173,123.6593,133.502,337.7305,389.2068,0.483876496553421,False,True,0.0,test
coco:10:15:27,coco,10,2008_000034.jpg,15,person,person,False,3,36,0.06421653181314468,0.0191,216.3917,10.3839,235.3388,0.00967416726052761,False,True,0.0,test
coco:10:15:27,coco,10,2008_000034.jpg,15,person,person,False,3,37,0.0638711228966713,306.8963,410.3687,337.7686,499.526,0.02433120273053646,False,True,0.0,test
coco:10:15:27,coco,10,2008_000034.jpg,15,person,person,False,3,38,0.06267542392015457,231.478,133.8964,337.7931,498.8474,0.3429785966873169,False,True,0.0,test
coco:10:15:27,coco,10,2008_000034.jpg,15,person,person,False,3,39,0.05882149562239647,0.3485,198.167,105.9506,277.8019,0.43561020493507385,False,True,0.0,test
coco:10:15:27,coco,10,2008_000034.jpg,15,person,person,False,3,40,0.05642055347561836,23.4291,155.1971,104.3393,220.654,0.27791157364845276,False,True,0.0,test
coco:10:15:27,coco,10,2008_000034.jpg,15,person,person,False,3,41,0.05411285161972046,1.4382,185.9841,43.1504,229.3562,0.09853725135326385,False,True,0.0,test
coco:10:15:27,coco,10,2008_000034.jpg,15,person,person,False,3,42,0.052842892706394196,72.0514,191.9201,113.5612,215.8448,0.03978121653199196,False,True,0.0,test
coco:10:15:27,coco,10,2008_000034.jpg,15,person,person,False,3,43,0.052421461790800095,1.743,190.6098,103.8328,234.1612,0.239716038107872,False,True,0.0,test
coco:10:15:27,coco,10,2008_000034.jpg,15,person,person,False,3,44,0.052268851548433304,0.0779,238.4282,13.6295,275.5123,0.025462057441473007,False,True,0.0,test
coco:10:15:27,coco,10,2008_000034.jpg,15,person,person,False,3,45,0.0521727055311203,71.7781,192.46,100.8677,210.785,0.029034210368990898,False,True,0.0,test
coco:10:15:27,coco,10,2008_000034.jpg,15,person,person,False,3,46,0.05106748268008232,166.4525,166.9376,198.2334,201.9043,0.022321980446577072,False,True,0.0,test
coco:10:15:27,coco,10,2008_000034.jpg,15,person,person,False,3,47,0.0500979870557785,84.5311,191.2405,113.731,216.1279,0.024676142260432243,False,True,0.0,test
coco:10:15:27,coco,10,2008_000034.jpg,15,person,person,False,3,48,0.05000215023756027,2.0335,117.8871,197.8248,334.6541,0.6178714036941528,True,False,0.0,test
coco:10:12:28,coco,10,2008_000034.jpg,12,dog,dog,True,0,0,0.06882920861244202,38.4614,115.61,198.7943,420.1895,0.0,False,True,0.0,test
coco:10:18:29,coco,10,2008_000034.jpg,18,sofa,sofa,True,0,0,0.13737499713897705,0.4591,290.1774,102.0838,499.1182,0.0,False,True,0.0,test
coco:10:18:29,coco,10,2008_000034.jpg,18,sofa,sofa,True,0,1,0.13074904680252075,83.407,327.2144,336.8781,499.0881,0.0,False,True,0.0,test
coco:10:18:29,coco,10,2008_000034.jpg,18,sofa,sofa,True,0,2,0.08657506853342056,1.0664,290.9762,336.6881,498.7502,0.0,False,True,0.0,test
coco:10:18:29,coco,10,2008_000034.jpg,18,sofa,sofa,True,0,3,0.0701579749584198,92.1525,407.1185,336.9076,499.009,0.0,False,True,0.0,test
coco:10:18:29,coco,10,2008_000034.jpg,18,sofa,sofa,True,0,4,0.06872954219579697,0.9776,0.2065,337.0287,500.151,0.0,False,True,0.0,test
coco:10:18:29,coco,10,2008_000034.jpg,18,sofa,sofa,True,0,5,0.06798095256090164,0.3346,360.9261,99.4447,499.0595,0.0,False,True,0.0,test
coco:10:18:29,coco,10,2008_000034.jpg,18,sofa,sofa,True,0,6,0.06528176367282867,0.8884,190.6379,336.9876,498.1961,0.0,False,True,0.0,test
coco:11:7:30,coco,11,2008_000042.jpg,7,car,car,False,1,0,0.7728704214096069,446.213,256.1178,499.7722,334.7278,0.9450689554214478,True,False,9.974910394265233,test
coco:11:7:30,coco,11,2008_000042.jpg,7,car,car,False,1,1,0.11457570642232895,241.5648,211.6396,254.0744,217.5616,0.0,False,True,0.0,test
coco:11:7:30,coco,11,2008_000042.jpg,7,car,car,False,1,2,0.0991523265838623,482.4663,187.7332,499.8553,203.1209,0.0,False,True,0.0,test
coco:11:7:30,coco,11,2008_000042.jpg,7,car,car,False,1,3,0.08295197784900665,1.9799,217.7934,37.5322,228.4561,0.0,False,True,0.0,test
coco:11:7:30,coco,11,2008_000042.jpg,7,car,car,False,1,4,0.07571134716272354,137.7672,213.1334,162.4612,219.9498,0.0,False,True,0.0,test
coco:11:7:30,coco,11,2008_000042.jpg,7,car,car,False,1,5,0.0751236081123352,241.5361,211.1839,262.6686,217.9072,0.0,False,True,0.0,test
coco:11:7:30,coco,11,2008_000042.jpg,7,car,car,False,1,6,0.07510306686162949,251.1419,211.5023,263.1787,217.6835,0.0,False,True,0.0,test
coco:11:7:30,coco,11,2008_000042.jpg,7,car,car,False,1,7,0.06655167788267136,2.2113,218.0009,21.9922,227.8268,0.0,False,True,0.0,test
coco:11:7:30,coco,11,2008_000042.jpg,7,car,car,False,1,8,0.06352345645427704,17.5928,235.6837,44.0111,249.9385,0.0,False,True,0.0,test
coco:11:7:30,coco,11,2008_000042.jpg,7,car,car,False,1,9,0.060833677649497986,136.2462,208.8682,142.3808,217.4993,0.0,False,True,0.0,test
coco:11:7:30,coco,11,2008_000042.jpg,7,car,car,False,1,10,0.06016094982624054,243.008,202.5325,262.3374,209.5568,0.0,False,True,0.0,test
coco:11:7:30,coco,11,2008_000042.jpg,7,car,car,False,1,11,0.05693621188402176,242.5007,202.2953,262.7683,214.4196,0.0,False,True,0.0,test
coco:11:7:30,coco,11,2008_000042.jpg,7,car,car,False,1,12,0.054404184222221375,63.4578,206.4024,95.7128,216.134,0.0,False,True,0.0,test
coco:11:7:30,coco,11,2008_000042.jpg,7,car,car,False,1,13,0.05231087654829025,137.2798,212.7662,150.3175,218.5423,0.0,False,True,0.0,test
coco:11:14:32,coco,11,2008_000042.jpg,14,motorbike,motorbike,True,0,0,0.30377432703971863,257.9342,37.4569,406.8987,212.5148,0.0,False,True,9.974910394265233,test
coco:11:14:32,coco,11,2008_000042.jpg,14,motorbike,motorbike,True,0,1,0.13877888023853302,446.1678,256.1129,499.479,335.1219,0.0,False,True,0.0,test
coco:11:14:32,coco,11,2008_000042.jpg,14,motorbike,motorbike,True,0,2,0.057285260409116745,1.1107,256.5787,499.2092,373.9902,0.0,False,True,0.0,test
coco:11:14:32,coco,11,2008_000042.jpg,14,motorbike,motorbike,True,0,3,0.057077400386333466,269.1775,159.2923,388.7552,211.7908,0.0,False,True,0.0,test
coco:12:13:34,coco,12,2008_000043.jpg,13,horse,horse,True,0,0,0.1615435630083084,229.2244,63.3036,267.2773,104.0162,0.0,False,True,0.0,test
coco:13:3:38,coco,13,2008_000050.jpg,3,bird,bird,True,0,0,0.07380624115467072,1.0397,195.9464,499.2529,374.3239,0.0,False,True,0.0,test
coco:13:3:38,coco,13,2008_000050.jpg,3,bird,bird,True,0,1,0.052633095532655716,292.9894,196.5185,326.8065,226.9875,0.0,False,True,0.0,test
coco:15:5:43,coco,15,2008_000052.jpg,5,bottle,bottle,True,0,0,0.1368943452835083,144.9447,77.2619,150.1064,80.1923,0.0,False,True,0.0,test
coco:15:5:43,coco,15,2008_000052.jpg,5,bottle,bottle,True,0,1,0.11891577392816544,159.021,73.7455,274.1471,138.1901,0.0,False,True,0.0,test
coco:15:5:43,coco,15,2008_000052.jpg,5,bottle,bottle,True,0,2,0.08602512627840042,158.9027,71.9661,165.3692,77.2951,0.0,False,True,0.0,test
coco:15:5:43,coco,15,2008_000052.jpg,5,bottle,bottle,True,0,3,0.08317672461271286,159.5417,74.6654,164.8861,77.5383,0.0,False,True,0.0,test
coco:15:5:43,coco,15,2008_000052.jpg,5,bottle,bottle,True,0,4,0.0792488157749176,40.0576,124.289,55.6639,143.0393,0.0,False,True,0.0,test
coco:15:5:43,coco,15,2008_000052.jpg,5,bottle,bottle,True,0,5,0.07239436358213425,64.1154,123.6249,74.0755,141.6138,0.0,False,True,0.0,test
coco:15:5:43,coco,15,2008_000052.jpg,5,bottle,bottle,True,0,6,0.06982548534870148,40.3452,98.7673,43.4085,104.3789,0.0,False,True,0.0,test
coco:15:5:43,coco,15,2008_000052.jpg,5,bottle,bottle,True,0,7,0.06493625044822693,230.6234,83.8076,241.6958,88.8766,0.0,False,True,0.0,test
coco:15:5:43,coco,15,2008_000052.jpg,5,bottle,bottle,True,0,8,0.06387560814619064,73.4413,121.9433,80.1319,136.1606,0.0,False,True,0.0,test
coco:15:5:43,coco,15,2008_000052.jpg,5,bottle,bottle,True,0,9,0.06157873570919037,116.0724,122.2032,122.5091,138.7616,0.0,False,True,0.0,test
coco:15:5:43,coco,15,2008_000052.jpg,5,bottle,bottle,True,0,10,0.05771079659461975,120.4652,122.31,128.2066,138.9927,0.0,False,True,0.0,test
coco:15:5:43,coco,15,2008_000052.jpg,5,bottle,bottle,True,0,11,0.054281968623399734,130.5214,122.2868,140.1241,138.5608,0.0,False,True,0.0,test
coco:15:5:43,coco,15,2008_000052.jpg,5,bottle,bottle,True,0,12,0.051690034568309784,305.4398,94.3876,309.226,98.7563,0.0,False,True,0.0,test
coco:15:5:43,coco,15,2008_000052.jpg,5,bottle,bottle,True,0,13,0.0514087937772274,154.0078,71.6563,167.3153,77.5967,0.0,False,True,0.0,test
coco:15:20:44,coco,15,2008_000052.jpg,20,tvmonitor,tvmonitor,True,0,0,0.8502953052520752,158.2535,72.8758,274.6084,138.5234,0.0,False,True,9.974910394265233,test
coco:15:20:44,coco,15,2008_000052.jpg,20,tvmonitor,tvmonitor,True,0,1,0.13247163593769073,0.008,71.0343,41.3442,100.9774,0.0,False,True,0.0,test
coco:15:20:44,coco,15,2008_000052.jpg,20,tvmonitor,tvmonitor,True,0,2,0.12332069128751755,250.9808,72.8477,301.0596,91.6865,0.0,False,True,0.0,test
coco:15:20:44,coco,15,2008_000052.jpg,20,tvmonitor,tvmonitor,True,0,3,0.07259203493595123,33.9367,74.4968,104.8539,100.6201,0.0,False,True,0.0,test
coco:15:20:44,coco,15,2008_000052.jpg,20,tvmonitor,tvmonitor,True,0,4,0.06288506090641022,140.146,76.6159,153.2422,112.2336,0.0,False,True,0.0,test
coco:15:20:44,coco,15,2008_000052.jpg,20,tvmonitor,tvmonitor,True,0,5,0.062484923750162125,250.9658,78.4917,270.6379,91.3118,0.0,False,True,0.0,test
coco:15:20:44,coco,15,2008_000052.jpg,20,tvmonitor,tvmonitor,True,0,6,0.054942093789577484,155.9234,72.5592,168.6022,112.0578,0.0,False,True,0.0,test
coco:15:20:44,coco,15,2008_000052.jpg,20,tvmonitor,tvmonitor,True,0,7,0.05403880029916763,71.3857,75.9597,104.6928,99.1309,0.0,False,True,0.0,test
coco:15:20:44,coco,15,2008_000052.jpg,20,tvmonitor,tvmonitor,True,0,8,0.05131201446056366,40.2777,123.7978,55.5234,143.2575,0.0,False,True,0.0,test
coco:16:3:45,coco,16,2008_000054.jpg,3,bird,bird,False,2,0,0.8494935631752014,111.8627,144.481,196.184,209.6674,0.9452118277549744,True,False,9.974910394265233,test
coco:16:3:45,coco,16,2008_000054.jpg,3,bird,bird,False,2,1,0.8089935779571533,283.2423,101.9891,318.2282,174.5354,0.8425468802452087,True,False,9.974910394265233,test
coco:16:3:45,coco,16,2008_000054.jpg,3,bird,bird,False,2,2,0.3494364023208618,112.5903,209.5092,178.2133,261.4299,0.0,False,True,9.974910394265233,test
coco:16:3:45,coco,16,2008_000054.jpg,3,bird,bird,False,2,3,0.29811060428619385,285.3542,175.1173,313.1133,252.2176,0.05191425234079361,False,True,9.974910394265233,test
coco:16:3:45,coco,16,2008_000054.jpg,3,bird,bird,False,2,4,0.13365401327610016,286.3188,175.5166,312.1339,229.6494,0.054282646626234055,False,True,0.0,test
coco:16:3:45,coco,16,2008_000054.jpg,3,bird,bird,False,2,5,0.09013139456510544,283.8925,174.4997,344.2313,253.0396,0.04441840574145317,False,True,0.0,test
coco:16:3:45,coco,16,2008_000054.jpg,3,bird,bird,False,2,6,0.07739900797605515,112.8083,208.8019,151.8251,243.2159,0.0011445911368355155,False,True,0.0,test
coco:16:3:45,coco,16,2008_000054.jpg,3,bird,bird,False,2,7,0.07223090529441833,225.3209,73.768,231.5858,80.5534,0.0,False,True,0.0,test
coco:16:3:45,coco,16,2008_000054.jpg,3,bird,bird,False,2,8,0.06640759110450745,289.8072,174.037,306.35,188.6822,0.056184832006692886,False,True,0.0,test
coco:16:3:45,coco,16,2008_000054.jpg,3,bird,bird,False,2,9,0.062108363956213,188.2876,62.4658,191.6908,71.5741,0.0,False,True,0.0,test
coco:16:3:45,coco,16,2008_000054.jpg,3,bird,bird,False,2,10,0.05574546381831169,116.7839,207.9745,152.3311,227.7249,0.005992179736495018,False,True,0.0,test
coco:16:3:45,coco,16,2008_000054.jpg,3,bird,bird,False,2,11,0.0534491129219532,262.1097,22.865,268.3031,30.8699,0.0,False,True,0.0,test
coco:16:3:45,coco,16,2008_000054.jpg,3,bird,bird,False,2,12,0.051198121160268784,244.5396,14.4599,256.5016,24.6172,0.0,False,True,0.0,test
coco:16:3:45,coco,16,2008_000054.jpg,3,bird,bird,False,2,13,0.05108613520860672,212.4126,120.2506,216.9266,128.1656,0.0,False,True,0.0,test
coco:16:3:45,coco,16,2008_000054.jpg,3,bird,bird,False,2,14,0.05061451718211174,125.7154,29.9379,136.9999,36.5317,0.0,False,True,0.0,test
coco:16:7:46,coco,16,2008_000054.jpg,7,car,car,True,0,0,0.14185692369937897,111.7703,144.5619,196.2721,209.2654,0.0,False,True,0.0,test
coco:16:7:46,coco,16,2008_000054.jpg,7,car,car,True,0,1,0.12188795953989029,283.2421,101.9046,318.3164,174.5249,0.0,False,True,0.0,test
coco:16:7:46,coco,16,2008_000054.jpg,7,car,car,True,0,2,0.07939402759075165,112.6207,208.701,178.6295,262.362,0.0,False,True,0.0,test
coco:16:16:47,coco,16,2008_000054.jpg,16,pottedplant,pottedplant,True,0,0,0.4510553777217865,111.4648,144.1801,196.4303,209.6002,0.0,False,True,9.974910394265233,test
coco:16:16:47,coco,16,2008_000054.jpg,16,pottedplant,pottedplant,True,0,1,0.40726882219314575,283.032,101.7908,318.5342,175.0006,0.0,False,True,9.974910394265233,test
coco:16:16:47,coco,16,2008_000054.jpg,16,pottedplant,pottedplant,True,0,2,0.1700873076915741,112.2007,208.72,178.5933,262.2151,0.0,False,True,0.0,test
coco:16:16:47,coco,16,2008_000054.jpg,16,pottedplant,pottedplant,True,0,3,0.10795167088508606,284.0345,174.5622,315.1642,253.203,0.0,False,True,0.0,test
coco:16:16:47,coco,16,2008_000054.jpg,16,pottedplant,pottedplant,True,0,4,0.08341505378484726,0.8773,155.9205,499.4701,332.604,0.0,False,True,0.0,test
coco:18:12:51,coco,18,2008_000059.jpg,12,dog,dog,False,1,0,0.9345800280570984,0.0637,78.2031,374.7532,493.2401,0.9271456003189087,True,False,9.974910394265233,test
coco:18:8:52,coco,18,2008_000059.jpg,8,cat,cat,True,0,0,0.4230054020881653,0.1211,74.4591,374.6507,492.9766,0.0,False,True,9.974910394265233,test
coco:20:12:59,coco,20,2008_000064.jpg,12,dog,dog,True,0,0,0.3413357138633728,0.3134,151.0111,374.6418,459.227,0.0,False,True,9.974910394265233,test
coco:20:12:59,coco,20,2008_000064.jpg,12,dog,dog,True,0,1,0.05227236822247505,326.4812,417.7091,331.9442,429.0442,0.0,False,True,0.0,test
coco:21:9:60,coco,21,2008_000067.jpg,9,chair,chair,False,1,0,0.38714441657066345,133.7785,223.7208,257.8958,405.1186,0.6075092554092407,True,False,9.974910394265233,test
coco:21:9:60,coco,21,2008_000067.jpg,9,chair,chair,False,1,1,0.22432000935077667,94.4702,326.9422,245.8094,442.0869,0.48975318670272827,False,True,9.974910394265233,test
coco:21:9:60,coco,21,2008_000067.jpg,9,chair,chair,False,1,2,0.21495060622692108,94.984,223.5632,255.6994,441.6699,0.9728299379348755,True,False,9.974910394265233,test
coco:21:9:60,coco,21,2008_000067.jpg,9,chair,chair,False,1,3,0.07683463394641876,267.719,315.7104,348.3945,415.1668,0.0,False,True,0.0,test
coco:21:9:60,coco,21,2008_000067.jpg,9,chair,chair,False,1,4,0.06383427232503891,133.933,291.5916,249.7216,414.0965,0.3986586928367615,False,True,0.0,test
coco:21:9:60,coco,21,2008_000067.jpg,9,chair,chair,False,1,5,0.058736205101013184,134.0249,291.3885,251.0278,363.7126,0.23782721161842346,False,True,0.0,test
coco:22:20:65,coco,22,2008_000073.jpg,20,tvmonitor,tvmonitor,True,0,0,0.6540818810462952,49.2224,192.7968,266.576,292.4519,0.0,False,True,9.974910394265233,test
coco:22:20:65,coco,22,2008_000073.jpg,20,tvmonitor,tvmonitor,True,0,1,0.14891594648361206,2.5399,1.8576,497.0979,348.5066,0.0,False,True,0.0,test
coco:22:20:65,coco,22,2008_000073.jpg,20,tvmonitor,tvmonitor,True,0,2,0.09901145845651627,1.3133,1.1744,306.4506,236.5525,0.0,False,True,0.0,test
coco:22:20:65,coco,22,2008_000073.jpg,20,tvmonitor,tvmonitor,True,0,3,0.08716180920600891,301.1707,1.0911,498.683,349.3984,0.0,False,True,0.0,test
coco:22:20:65,coco,22,2008_000073.jpg,20,tvmonitor,tvmonitor,True,0,4,0.05877154320478439,1.2997,75.0856,242.9093,236.6031,0.0,False,True,0.0,test
coco:22:20:65,coco,22,2008_000073.jpg,20,tvmonitor,tvmonitor,True,0,5,0.05435089394450188,31.6567,163.8833,301.7906,316.6778,0.0,False,True,0.0,test
coco:23:6:66,coco,23,2008_000075.jpg,6,bus,bus,False,1,0,0.8483389616012573,13.448,72.6099,499.9087,257.2684,0.9951174855232239,True,False,9.974910394265233,test
coco:23:6:66,coco,23,2008_000075.jpg,6,bus,bus,False,1,1,0.5814617276191711,0.0223,112.8263,16.1812,191.045,0.0018848509062081575,False,True,9.974910394265233,test
coco:23:6:66,coco,23,2008_000075.jpg,6,bus,bus,False,1,2,0.11107129603624344,-0.1034,72.5309,289.8791,191.173,0.35736769437789917,False,True,0.0,test
coco:23:6:66,coco,23,2008_000075.jpg,6,bus,bus,False,1,3,0.1055644303560257,0.0286,112.1771,53.4266,190.8478,0.03426437824964523,False,True,0.0,test
coco:23:6:66,coco,23,2008_000075.jpg,6,bus,bus,False,1,4,0.0790495052933693,0.0017,90.4739,61.8586,191.3136,0.053129442036151886,False,True,0.0,test
coco:23:6:66,coco,23,2008_000075.jpg,6,bus,bus,False,1,5,0.07052905112504959,471.8763,96.4757,499.9071,177.3822,0.025360897183418274,False,True,0.0,test
coco:23:6:66,coco,23,2008_000075.jpg,6,bus,bus,False,1,6,0.06778226047754288,0.007,112.8919,118.5736,190.168,0.08928804844617844,False,True,0.0,test
coco:23:6:66,coco,23,2008_000075.jpg,6,bus,bus,False,1,7,0.058097951114177704,117.4563,72.2987,289.4375,89.4931,0.03167690336704254,False,True,0.0,test
coco:23:6:66,coco,23,2008_000075.jpg,6,bus,bus,False,1,8,0.05407556891441345,493.2354,102.6015,499.968,176.6625,0.005576017778366804,False,True,0.0,test
coco:23:6:66,coco,23,2008_000075.jpg,6,bus,bus,False,1,9,0.05079100653529167,484.5543,95.4454,499.9097,135.3251,0.0068479180335998535,False,True,0.0,test
coco:23:20:67,coco,23,2008_000075.jpg,20,tvmonitor,tvmonitor,True,0,0,0.7549101710319519,12.4961,71.374,499.1885,258.2227,0.0,False,True,9.974910394265233,test
coco:23:20:67,coco,23,2008_000075.jpg,20,tvmonitor,tvmonitor,True,0,1,0.17842867970466614,0.0341,111.5382,16.4166,190.7505,0.0,False,True,0.0,test
coco:23:5:68,coco,23,2008_000075.jpg,5,bottle,bottle,True,0,0,0.23510496318340302,454.9946,141.5829,465.4285,166.6305,0.0,False,True,9.974910394265233,test
coco:23:5:68,coco,23,2008_000075.jpg,5,bottle,bottle,True,0,1,0.1798432618379593,454.4614,141.6185,465.6748,175.9836,0.0,False,True,0.0,test
coco:23:5:68,coco,23,2008_000075.jpg,5,bottle,bottle,True,0,2,0.13965284824371338,454.9587,141.2533,472.3,166.9264,0.0,False,True,0.0,test
coco:23:5:68,coco,23,2008_000075.jpg,5,bottle,bottle,True,0,3,0.13628683984279633,454.7584,141.3134,473.2549,175.828,0.0,False,True,0.0,test
coco:23:5:68,coco,23,2008_000075.jpg,5,bottle,bottle,True,0,4,0.11523160338401794,472.394,130.6471,488.0438,167.2882,0.0,False,True,0.0,test
coco:23:5:68,coco,23,2008_000075.jpg,5,bottle,bottle,True,0,5,0.1145515963435173,456.1578,141.7082,465.0008,156.4884,0.0,False,True,0.0,test
coco:23:5:68,coco,23,2008_000075.jpg,5,bottle,bottle,True,0,6,0.08281487226486206,477.894,153.0889,492.2106,176.945,0.0,False,True,0.0,test
coco:23:5:68,coco,23,2008_000075.jpg,5,bottle,bottle,True,0,7,0.07453736662864685,10.4789,73.0332,500.0256,257.4536,0.0,False,True,0.0,test
coco:23:5:68,coco,23,2008_000075.jpg,5,bottle,bottle,True,0,8,0.07438792288303375,461.9298,154.9934,474.2584,176.2742,0.0,False,True,0.0,test
coco:23:5:68,coco,23,2008_000075.jpg,5,bottle,bottle,True,0,9,0.07433908432722092,88.668,127.5131,95.0232,140.4738,0.0,False,True,0.0,test
coco:23:5:68,coco,23,2008_000075.jpg,5,bottle,bottle,True,0,10,0.07294703274965286,427.9948,154.1509,439.526,178.9916,0.0,False,True,0.0,test
coco:23:5:68,coco,23,2008_000075.jpg,5,bottle,bottle,True,0,11,0.06800898164510727,24.52,123.3285,32.6143,140.9974,0.0,False,True,0.0,test
coco:23:5:68,coco,23,2008_000075.jpg,5,bottle,bottle,True,0,12,0.06320459395647049,211.4308,130.9519,217.4999,144.3031,0.0,False,True,0.0,test
coco:23:5:68,coco,23,2008_000075.jpg,5,bottle,bottle,True,0,13,0.06294281780719757,462.1347,165.5351,483.1248,176.6933,0.0,False,True,0.0,test
coco:23:5:68,coco,23,2008_000075.jpg,5,bottle,bottle,True,0,14,0.0605996735394001,461.6367,142.8579,474.6228,176.2048,0.0,False,True,0.0,test
coco:23:5:68,coco,23,2008_000075.jpg,5,bottle,bottle,True,0,15,0.05956164002418518,156.4477,119.735,165.1347,143.3569,0.0,False,True,0.0,test
coco:23:5:68,coco,23,2008_000075.jpg,5,bottle,bottle,True,0,16,0.0587502047419548,134.4024,129.4651,144.2561,142.4626,0.0,False,True,0.0,test
coco:23:5:68,coco,23,2008_000075.jpg,5,bottle,bottle,True,0,17,0.054166387766599655,471.8166,152.7397,485.5996,167.6302,0.0,False,True,0.0,test
coco:23:5:68,coco,23,2008_000075.jpg,5,bottle,bottle,True,0,18,0.052765943109989166,462.6627,154.6929,472.2921,166.3422,0.0,False,True,0.0,test
coco:23:5:68,coco,23,2008_000075.jpg,5,bottle,bottle,True,0,19,0.05235408619046211,427.4661,141.9725,440.4494,180.5416,0.0,False,True,0.0,test
coco:23:5:68,coco,23,2008_000075.jpg,5,bottle,bottle,True,0,20,0.05089696869254112,93.1937,125.6762,103.535,141.3709,0.0,False,True,0.0,test
coco:24:12:71,coco,24,2008_000076.jpg,12,dog,dog,True,0,0,0.6759553551673889,68.428,37.0838,499.2828,307.6637,0.0,False,True,9.974910394265233,test
coco:24:12:71,coco,24,2008_000076.jpg,12,dog,dog,True,0,1,0.21620070934295654,0.3219,141.4441,95.0569,244.5391,0.0,False,True,9.974910394265233,test
coco:24:12:71,coco,24,2008_000076.jpg,12,dog,dog,True,0,2,0.05292365327477455,0.4923,85.4864,94.7124,244.4338,0.0,False,True,0.0,test
coco:26:10:76,coco,26,2008_000080.jpg,10,cow,cow,True,0,0,0.3800174295902252,202.7897,71.6704,398.9302,282.9188,0.0,False,True,9.974910394265233,test
coco:26:10:76,coco,26,2008_000080.jpg,10,cow,cow,True,0,1,0.08774060010910034,110.1783,175.334,499.3851,374.2871,0.0,False,True,0.0,test
coco:26:10:76,coco,26,2008_000080.jpg,10,cow,cow,True,0,2,0.05391373485326767,113.2496,32.6593,187.4217,82.7252,0.0,False,True,0.0,test
coco:27:14:78,coco,27,2008_000082.jpg,14,motorbike,motorbike,False,1,0,0.9156118035316467,128.0252,222.4739,344.7673,360.0627,0.8694899678230286,True,False,9.974910394265233,test
coco:27:14:78,coco,27,2008_000082.jpg,14,motorbike,motorbike,False,1,1,0.10403788834810257,21.3831,183.9654,140.3043,244.7688,0.0021027952898293734,False,True,0.0,test
coco:27:14:78,coco,27,2008_000082.jpg,14,motorbike,motorbike,False,1,2,0.05392661318182945,146.3034,246.5389,306.4634,344.6163,0.5906187891960144,True,False,0.0,test
coco:27:14:78,coco,27,2008_000082.jpg,14,motorbike,motorbike,False,1,3,0.05247057229280472,21.4012,228.6827,139.8858,244.1659,0.002164367353543639,False,True,0.0,test
coco:27:14:78,coco,27,2008_000082.jpg,14,motorbike,motorbike,False,1,4,0.051094964146614075,117.5882,227.5825,139.2257,238.8535,0.0,False,True,0.0,test
coco:27:7:79,coco,27,2008_000082.jpg,7,car,car,True,0,0,0.15191815793514252,53.8002,230.8597,65.1052,235.7702,0.0,False,True,0.0,test
coco:27:7:79,coco,27,2008_000082.jpg,7,car,car,True,0,1,0.13304033875465393,128.4374,221.3445,345.1278,360.0422,0.0,False,True,0.0,test
coco:27:7:79,coco,27,2008_000082.jpg,7,car,car,True,0,2,0.09890186786651611,53.9335,231.0699,59.5098,235.5794,0.0,False,True,0.0,test
coco:27:7:79,coco,27,2008_000082.jpg,7,car,car,True,0,3,0.08619806170463562,361.1773,228.377,379.2354,235.2743,0.0,False,True,0.0,test
coco:27:7:79,coco,27,2008_000082.jpg,7,car,car,True,0,4,0.08431662619113922,418.6272,226.6478,456.0397,235.1346,0.0,False,True,0.0,test
coco:27:7:79,coco,27,2008_000082.jpg,7,car,car,True,0,5,0.07525340467691422,258.7836,232.7947,273.8288,235.5915,0.0,False,True,0.0,test
coco:27:7:79,coco,27,2008_000082.jpg,7,car,car,True,0,6,0.07382258772850037,349.7756,227.165,379.3454,235.2931,0.0,False,True,0.0,test
coco:27:7:79,coco,27,2008_000082.jpg,7,car,car,True,0,7,0.0662301555275917,118.1727,227.9929,139.0815,238.7063,0.0,False,True,0.0,test
coco:27:7:79,coco,27,2008_000082.jpg,7,car,car,True,0,8,0.05516855791211128,488.4534,8.5557,499.7165,23.2315,0.0,False,True,0.0,test
coco:27:7:79,coco,27,2008_000082.jpg,7,car,car,True,0,9,0.05475657433271408,262.9837,239.5328,273.5327,248.9806,0.0,False,True,0.0,test
coco:27:7:79,coco,27,2008_000082.jpg,7,car,car,True,0,10,0.05388525873422623,21.768,184.2652,140.3977,244.6309,0.0,False,True,0.0,test
coco:27:19:80,coco,27,2008_000082.jpg,19,train,train,True,0,0,0.22954165935516357,128.3082,227.5604,345.5298,360.0685,0.0,False,True,9.974910394265233,test
coco:27:19:80,coco,27,2008_000082.jpg,19,train,train,True,0,1,0.15402527153491974,21.689,183.9282,141.152,244.5354,0.0,False,True,0.0,test
coco:27:19:80,coco,27,2008_000082.jpg,19,train,train,True,0,2,0.1461036205291748,53.1084,183.9235,139.0091,239.1643,0.0,False,True,0.0,test
coco:27:19:80,coco,27,2008_000082.jpg,19,train,train,True,0,3,0.1193946897983551,23.1148,185.8265,498.8442,238.3278,0.0,False,True,0.0,test
coco:27:19:80,coco,27,2008_000082.jpg,19,train,train,True,0,4,0.11717624217271805,66.7804,183.9326,118.8005,236.4886,0.0,False,True,0.0,test
coco:27:19:80,coco,27,2008_000082.jpg,19,train,train,True,0,5,0.07699868083000183,22.0099,218.0547,496.47,236.1957,0.0,False,True,0.0,test
coco:27:19:80,coco,27,2008_000082.jpg,19,train,train,True,0,6,0.06365228444337845,117.065,219.9803,289.8791,232.832,0.0,False,True,0.0,test
coco:27:19:80,coco,27,2008_000082.jpg,19,train,train,True,0,7,0.06334801763296127,469.2195,203.8925,488.693,231.0722,0.0,False,True,0.0,test
coco:27:19:80,coco,27,2008_000082.jpg,19,train,train,True,0,8,0.06228720769286156,1.7537,187.1312,499.2431,338.4053,0.0,False,True,0.0,test
coco:27:19:80,coco,27,2008_000082.jpg,19,train,train,True,0,9,0.057645283639431,86.7008,184.0627,117.9119,235.6918,0.0,False,True,0.0,test
coco:27:19:80,coco,27,2008_000082.jpg,19,train,train,True,0,10,0.05672388896346092,488.2852,8.3966,499.567,23.6498,0.0,False,True,0.0,test
coco:27:19:80,coco,27,2008_000082.jpg,19,train,train,True,0,11,0.05555128678679466,64.078,204.2859,498.4262,235.3147,0.0,False,True,0.0,test
coco:27:19:80,coco,27,2008_000082.jpg,19,train,train,True,0,12,0.05539733171463013,418.3148,226.7157,456.0371,235.1858,0.0,False,True,0.0,test
coco:27:19:80,coco,27,2008_000082.jpg,19,train,train,True,0,13,0.05268082395195961,418.3965,230.5387,456.0948,235.275,0.0,False,True,0.0,test
coco:27:19:80,coco,27,2008_000082.jpg,19,train,train,True,0,14,0.052394915372133255,258.6921,232.7612,273.7026,235.8988,0.0,False,True,0.0,test
coco:27:19:80,coco,27,2008_000082.jpg,19,train,train,True,0,15,0.05073965713381767,131.762,220.0108,497.5045,234.6894,0.0,False,True,0.0,test
coco:28:13:82,coco,28,2008_000084.jpg,13,horse,horse,True,0,0,0.320137619972229,140.7075,220.2599,260.2931,294.7954,0.0,False,True,9.974910394265233,test
coco:28:13:82,coco,28,2008_000084.jpg,13,horse,horse,True,0,1,0.0552590973675251,249.348,261.6081,327.3636,316.4411,0.0,False,True,0.0,test
coco:29:15:84,coco,29,2008_000090.jpg,15,person,person,False,5,0,0.8200988173484802,77.036,96.858,173.0703,216.7435,0.9779181480407715,True,False,9.974910394265233,test
coco:29:15:84,coco,29,2008_000090.jpg,15,person,person,False,5,1,0.8159810900688171,300.1516,133.7362,355.849,316.8877,0.9347472786903381,True,False,9.974910394265233,test
coco:29:15:84,coco,29,2008_000090.jpg,15,person,person,False,5,2,0.8146174550056458,250.0681,39.9615,319.2572,181.9087,0.9819263219833374,True,False,9.974910394265233,test
coco:29:15:84,coco,29,2008_000090.jpg,15,person,person,False,5,3,0.7877864837646484,0.1412,42.9557,35.2885,265.0788,0.875151515007019,True,False,9.974910394265233,test
coco:29:15:84,coco,29,2008_000090.jpg,15,person,person,False,5,4,0.7410718202590942,111.2373,72.6693,176.0527,188.7352,0.977074146270752,True,False,9.974910394265233,test
coco:29:15:84,coco,29,2008_000090.jpg,15,person,person,False,5,5,0.3863031566143036,479.2622,77.4303,499.8841,284.6819,0.0,False,True,9.974910394265233,test
coco:29:15:84,coco,29,2008_000090.jpg,15,person,person,False,5,6,0.38283559679985046,488.7202,77.3295,499.9135,179.1105,0.0,False,True,9.974910394265233,test
coco:29:15:84,coco,29,2008_000090.jpg,15,person,person,False,5,7,0.21835584938526154,479.3357,260.2635,499.7886,284.4096,0.0,False,True,9.974910394265233,test
coco:29:15:84,coco,29,2008_000090.jpg,15,person,person,False,5,8,0.13393044471740723,488.7481,77.4412,499.9204,122.2156,0.0,False,True,0.0,test
coco:29:15:84,coco,29,2008_000090.jpg,15,person,person,False,5,9,0.11813697218894958,488.6733,92.0182,499.8983,121.7019,0.0,False,True,0.0,test
coco:29:15:84,coco,29,2008_000090.jpg,15,person,person,False,5,10,0.09876501560211182,479.3711,270.4044,499.7144,284.2429,0.0,False,True,0.0,test
coco:29:15:84,coco,29,2008_000090.jpg,15,person,person,False,5,11,0.08394889533519745,493.347,77.2404,499.9258,93.1796,0.0,False,True,0.0,test
coco:29:15:84,coco,29,2008_000090.jpg,15,person,person,False,5,12,0.08336696773767471,487.9825,260.3143,499.6474,270.1881,0.0,False,True,0.0,test
coco:29:15:84,coco,29,2008_000090.jpg,15,person,person,False,5,13,0.07576636970043182,111.4393,72.6506,155.7945,127.4421,0.3147743344306946,False,True,0.0,test
coco:29:15:84,coco,29,2008_000090.jpg,15,person,person,False,5,14,0.06590978801250458,112.2427,7.3917,120.6673,27.1536,0.0,False,True,0.0,test
coco:29:15:84,coco,29,2008_000090.jpg,15,person,person,False,5,15,0.06440626084804535,479.7742,77.2692,499.8235,137.1695,0.0,False,True,0.0,test
coco:29:15:84,coco,29,2008_000090.jpg,15,person,person,False,5,16,0.06404128670692444,119.3921,7.8568,129.9351,26.7027,0.0,False,True,0.0,test
coco:29:15:84,coco,29,2008_000090.jpg,15,person,person,False,5,17,0.05670902878046036,466.1784,77.4337,499.8047,215.4293,0.0,False,True,0.0,test
coco:29:15:84,coco,29,2008_000090.jpg,15,person,person,False,5,18,0.052134256809949875,129.2887,9.4935,137.2729,21.4739,0.0,False,True,0.0,test
coco:29:15:84,coco,29,2008_000090.jpg,15,person,person,False,5,19,0.05104837566614151,479.6555,77.2427,499.788,200.7754,0.0,False,True,0.0,test
coco:29:14:85,coco,29,2008_000090.jpg,14,motorbike,motorbike,True,0,0,0.41646629571914673,341.3879,82.7634,390.6812,150.9838,0.0,False,True,9.974910394265233,test
coco:29:14:85,coco,29,2008_000090.jpg,14,motorbike,motorbike,True,0,1,0.35304179787635803,15.6934,110.1499,181.509,236.2737,0.0,False,True,9.974910394265233,test
coco:29:14:85,coco,29,2008_000090.jpg,14,motorbike,motorbike,True,0,2,0.3451445996761322,455.1516,85.7174,498.4773,140.8082,0.0,False,True,9.974910394265233,test
coco:29:14:85,coco,29,2008_000090.jpg,14,motorbike,motorbike,True,0,3,0.23534029722213745,23.3975,115.49,180.9474,205.8024,0.0,False,True,9.974910394265233,test
coco:29:14:85,coco,29,2008_000090.jpg,14,motorbike,motorbike,True,0,4,0.18473771214485168,15.7121,53.5037,181.2059,236.2486,0.0,False,True,0.0,test
coco:29:14:85,coco,29,2008_000090.jpg,14,motorbike,motorbike,True,0,5,0.17449897527694702,114.1876,105.0841,181.6338,179.7613,0.0,False,True,0.0,test
coco:29:14:85,coco,29,2008_000090.jpg,14,motorbike,motorbike,True,0,6,0.11311029642820358,30.0328,117.3009,171.6002,185.0415,0.0,False,True,0.0,test
coco:29:14:85,coco,29,2008_000090.jpg,14,motorbike,motorbike,True,0,7,0.11248592287302017,74.1447,107.0757,181.7346,179.5018,0.0,False,True,0.0,test
coco:29:14:85,coco,29,2008_000090.jpg,14,motorbike,motorbike,True,0,8,0.09903959929943085,25.6236,64.5213,179.5466,197.3548,0.0,False,True,0.0,test
coco:29:14:85,coco,29,2008_000090.jpg,14,motorbike,motorbike,True,0,9,0.09626970440149307,23.8751,117.3873,89.7142,207.9631,0.0,False,True,0.0,test
coco:29:14:85,coco,29,2008_000090.jpg,14,motorbike,motorbike,True,0,10,0.09102407097816467,15.8097,117.0809,88.8363,236.5043,0.0,False,True,0.0,test
coco:29:14:85,coco,29,2008_000090.jpg,14,motorbike,motorbike,True,0,11,0.08904436975717545,0.2824,136.3775,33.5717,238.3029,0.0,False,True,0.0,test
coco:29:14:85,coco,29,2008_000090.jpg,14,motorbike,motorbike,True,0,12,0.07640525698661804,309.5095,82.6551,391.2976,171.7816,0.0,False,True,0.0,test
coco:29:14:85,coco,29,2008_000090.jpg,14,motorbike,motorbike,True,0,13,0.0757780596613884,15.9322,144.3752,57.1162,236.858,0.0,False,True,0.0,test
coco:29:14:85,coco,29,2008_000090.jpg,14,motorbike,motorbike,True,0,14,0.07569412142038345,110.344,73.6345,181.4308,186.2603,0.0,False,True,0.0,test
coco:29:14:85,coco,29,2008_000090.jpg,14,motorbike,motorbike,True,0,15,0.07498600333929062,363.1713,91.594,390.7982,150.2356,0.0,False,True,0.0,test
coco:29:14:85,coco,29,2008_000090.jpg,14,motorbike,motorbike,True,0,16,0.07004695385694504,0.2534,172.6203,32.9632,238.1517,0.0,False,True,0.0,test
coco:29:14:85,coco,29,2008_000090.jpg,14,motorbike,motorbike,True,0,17,0.0684262365102768,15.6571,177.1044,33.0229,237.6214,0.0,False,True,0.0,test
coco:29:14:85,coco,29,2008_000090.jpg,14,motorbike,motorbike,True,0,18,0.0678313747048378,117.0795,122.1945,162.5506,176.9678,0.0,False,True,0.0,test
coco:29:14:85,coco,29,2008_000090.jpg,14,motorbike,motorbike,True,0,19,0.06523175537586212,16.3326,51.4747,81.8417,236.4996,0.0,False,True,0.0,test
coco:29:14:85,coco,29,2008_000090.jpg,14,motorbike,motorbike,True,0,20,0.054303254932165146,0.4855,126.7831,57.8184,237.9355,0.0,False,True,0.0,test
coco:29:14:85,coco,29,2008_000090.jpg,14,motorbike,motorbike,True,0,21,0.0536721907556057,23.8323,142.7213,57.5243,209.5574,0.0,False,True,0.0,test
coco:29:14:85,coco,29,2008_000090.jpg,14,motorbike,motorbike,True,0,22,0.05247347429394722,114.332,105.3364,155.7,174.903,0.0,False,True,0.0,test
coco:29:14:85,coco,29,2008_000090.jpg,14,motorbike,motorbike,True,0,23,0.05145145207643509,341.3878,82.8165,370.0858,138.9833,0.0,False,True,0.0,test
coco:31:8:90,coco,31,2008_000115.jpg,8,cat,cat,False,1,0,0.9269257187843323,38.6261,130.8781,461.2489,294.0531,0.8282681703567505,True,False,9.974910394265233,test
coco:31:14:91,coco,31,2008_000115.jpg,14,motorbike,motorbike,True,0,0,0.16207267343997955,38.7533,130.9375,460.3912,294.1707,0.0,False,True,0.0,test
coco:31:14:91,coco,31,2008_000115.jpg,14,motorbike,motorbike,True,0,1,0.0990392342209816,1.2513,0.2486,497.6947,399.5017,0.0,False,True,0.0,test
coco:31:19:92,coco,31,2008_000115.jpg,19,train,train,True,0,0,0.1594621241092682,38.9497,130.9721,460.6092,294.4492,0.0,False,True,0.0,test
coco:32:8:93,coco,32,2008_000116.jpg,8,cat,cat,False,1,0,0.9435522556304932,41.6203,84.629,321.0539,318.2529,0.9823597073554993,True,False,9.974910394265233,test
coco:32:17:95,coco,32,2008_000116.jpg,17,sheep,sheep,True,0,0,0.10004060715436935,41.3664,85.6843,320.7098,317.7737,0.0,False,True,0.0,test
coco:32:17:95,coco,32,2008_000116.jpg,17,sheep,sheep,True,0,1,0.06644118577241898,0.4311,73.6264,499.8288,399.3846,0.0,False,True,0.0,test
coco:33:13:96,coco,33,2008_000119.jpg,13,horse,horse,False,1,0,0.914292573928833,28.1282,14.8922,263.7207,498.2932,0.9872915744781494,True,False,9.974910394265233,test
coco:33:13:96,coco,33,2008_000119.jpg,13,horse,horse,False,1,1,0.08458041399717331,153.5211,140.1312,263.765,498.1192,0.3491484820842743,False,True,0.0,test
coco:33:9:97,coco,33,2008_000119.jpg,9,chair,chair,True,0,0,0.11781109124422073,32.3927,13.672,263.6062,498.556,0.0,False,True,0.0,test
coco:33:9:97,coco,33,2008_000119.jpg,9,chair,chair,True,0,1,0.10975748300552368,0.4433,128.1592,65.3508,236.5481,0.0,False,True,0.0,test
coco:33:9:97,coco,33,2008_000119.jpg,9,chair,chair,True,0,2,0.07858677208423615,104.6936,10.5966,263.6027,504.4459,0.0,False,True,0.0,test
coco:33:9:97,coco,33,2008_000119.jpg,9,chair,chair,True,0,3,0.06973811239004135,0.2987,112.3246,29.964,134.2157,0.0,False,True,0.0,test
coco:33:9:97,coco,33,2008_000119.jpg,9,chair,chair,True,0,4,0.06414687633514404,141.2374,205.6394,263.5568,498.4161,0.0,False,True,0.0,test
coco:33:9:97,coco,33,2008_000119.jpg,9,chair,chair,True,0,5,0.06391831487417221,183.4419,462.5492,217.7527,497.9428,0.0,False,True,0.0,test
coco:33:9:97,coco,33,2008_000119.jpg,9,chair,chair,True,0,6,0.05911974981427193,0.3223,112.3093,30.5387,237.0574,0.0,False,True,0.0,test
coco:33:9:97,coco,33,2008_000119.jpg,9,chair,chair,True,0,7,0.057529281824827194,214.52,129.7426,260.3511,155.3379,0.0,False,True,0.0,test
coco:33:9:97,coco,33,2008_000119.jpg,9,chair,chair,True,0,8,0.054399747401475906,0.5126,75.2901,67.0685,236.9137,0.0,False,True,0.0,test
coco:34:5:101,coco,34,2008_000120.jpg,5,bottle,bottle,True,0,0,0.12939749658107758,22.6029,49.1274,409.9536,270.0793,0.0,False,True,0.0,test
coco:34:5:101,coco,34,2008_000120.jpg,5,bottle,bottle,True,0,1,0.1042366549372673,202.9961,298.0767,222.3699,326.2629,0.0,False,True,0.0,test
coco:34:5:101,coco,34,2008_000120.jpg,5,bottle,bottle,True,0,2,0.09117165207862854,82.091,55.7291,133.5429,92.4482,0.0,False,True,0.0,test
coco:34:5:101,coco,34,2008_000120.jpg,5,bottle,bottle,True,0,3,0.08133026957511902,262.067,295.1458,277.5348,316.2269,0.0,False,True,0.0,test
coco:34:5:101,coco,34,2008_000120.jpg,5,bottle,bottle,True,0,4,0.08040641248226166,304.7314,293.1049,318.3659,307.8892,0.0,False,True,0.0,test
coco:34:5:101,coco,34,2008_000120.jpg,5,bottle,bottle,True,0,5,0.07314883917570114,327.5642,254.8892,336.3746,261.9075,0.0,False,True,0.0,test
coco:34:5:101,coco,34,2008_000120.jpg,5,bottle,bottle,True,0,6,0.07037313282489777,451.1882,206.8551,480.5576,228.2147,0.0,False,True,0.0,test
coco:34:5:101,coco,34,2008_000120.jpg,5,bottle,bottle,True,0,7,0.06549585610628128,88.0645,66.3183,133.3558,92.2631,0.0,False,True,0.0,test
coco:34:5:101,coco,34,2008_000120.jpg,5,bottle,bottle,True,0,8,0.06232931837439537,117.1483,253.5021,126.4026,280.087,0.0,False,True,0.0,test
coco:34:5:101,coco,34,2008_000120.jpg,5,bottle,bottle,True,0,9,0.061981845647096634,126.3415,253.5265,135.5886,281.2286,0.0,False,True,0.0,test
coco:34:5:101,coco,34,2008_000120.jpg,5,bottle,bottle,True,0,10,0.05688749998807907,327.3367,253.6031,386.3126,281.1714,0.0,False,True,0.0,test
coco:34:5:101,coco,34,2008_000120.jpg,5,bottle,bottle,True,0,11,0.05504965782165527,444.4753,303.0441,459.5347,312.4481,0.0,False,True,0.0,test
coco:34:5:101,coco,34,2008_000120.jpg,5,bottle,bottle,True,0,12,0.054754674434661865,369.6188,302.4552,380.0385,307.5894,0.0,False,True,0.0,test
coco:34:5:101,coco,34,2008_000120.jpg,5,bottle,bottle,True,0,13,0.052643559873104095,124.0394,83.6199,133.1564,92.0865,0.0,False,True,0.0,test
coco:36:16:107,coco,36,2008_000133.jpg,16,pottedplant,pottedplant,True,0,0,0.19407624006271362,22.2906,30.0664,499.6942,329.1911,0.0,False,True,0.0,test
coco:36:16:107,coco,36,2008_000133.jpg,16,pottedplant,pottedplant,True,0,1,0.11231278628110886,378.4298,207.2138,435.4572,257.3566,0.0,False,True,0.0,test
coco:36:16:107,coco,36,2008_000133.jpg,16,pottedplant,pottedplant,True,0,2,0.06497727334499359,1.7709,-0.3066,499.2327,220.6614,0.0,False,True,0.0,test
coco:37:3:108,coco,37,2008_000134.jpg,3,bird,bird,False,2,0,0.8120585680007935,67.5124,318.3439,179.3893,388.6082,0.9501053094863892,True,False,9.974910394265233,test
coco:37:3:108,coco,37,2008_000134.jpg,3,bird,bird,False,2,1,0.8104241490364075,136.9465,77.7106,273.2751,153.6638,0.9262437224388123,True,False,9.974910394265233,test
coco:37:3:108,coco,37,2008_000134.jpg,3,bird,bird,False,2,2,0.09207044541835785,67.7026,318.2595,136.1626,375.9894,0.4827316105365753,False,True,0.0,test
coco:37:3:108,coco,37,2008_000134.jpg,3,bird,bird,False,2,3,0.06989191472530365,102.4902,344.6727,135.9592,376.0382,0.13510598242282867,False,True,0.0,test
coco:37:3:108,coco,37,2008_000134.jpg,3,bird,bird,False,2,4,0.06194574758410454,102.4662,360.2939,120.2266,376.1414,0.03622378781437874,False,True,0.0,test
coco:37:3:108,coco,37,2008_000134.jpg,3,bird,bird,False,2,5,0.05482004955410957,122.848,358.5944,179.2997,388.1262,0.21317629516124725,False,True,0.0,test
coco:37:3:108,coco,37,2008_000134.jpg,3,bird,bird,False,2,6,0.053384315222501755,103.7149,344.5468,179.3244,388.1821,0.4220220148563385,False,True,0.0,test
coco:37:13:109,coco,37,2008_000134.jpg,13,horse,horse,True,0,0,0.5405038595199585,137.1331,78.1401,273.0504,153.5378,0.0,False,True,9.974910394265233,test
coco:37:13:109,coco,37,2008_000134.jpg,13,horse,horse,True,0,1,0.5067276954650879,67.6871,318.5591,179.2272,388.4435,0.0,False,True,9.974910394265233,test
coco:37:13:109,coco,37,2008_000134.jpg,13,horse,horse,True,0,2,0.06966475397348404,67.9846,318.5762,135.7195,374.8105,0.0,False,True,0.0,test
coco:37:13:109,coco,37,2008_000134.jpg,13,horse,horse,True,0,3,0.05059879273176193,122.5341,359.0795,178.8686,387.9928,0.0,False,True,0.0,test
coco:39:16:116,coco,39,2008_000140.jpg,16,pottedplant,pottedplant,True,0,0,0.05323581397533417,33.269,88.7593,101.4543,167.2927,0.0,False,True,0.0,test
coco:40:11:118,coco,40,2008_000145.jpg,11,diningtable,diningtable,True,0,0,0.27385374903678894,12.3892,295.3799,498.5608,399.1552,0.0,False,True,9.974910394265233,test
coco:40:11:118,coco,40,2008_000145.jpg,11,diningtable,diningtable,True,0,1,0.231790229678154,6.6073,53.2507,496.831,397.5362,0.0,False,True,9.974910394265233,test
coco:40:11:118,coco,40,2008_000145.jpg,11,diningtable,diningtable,True,0,2,0.14667312800884247,89.9272,55.5308,444.7706,292.7376,0.0,False,True,0.0,test
coco:40:11:118,coco,40,2008_000145.jpg,11,diningtable,diningtable,True,0,3,0.12323754280805588,9.2402,216.1382,497.6783,398.6475,0.0,False,True,0.0,test
coco:43:1:128,coco,43,2008_000174.jpg,1,aeroplane,aeroplane,True,0,0,0.3318462669849396,237.2374,205.9766,346.8268,246.5781,0.0,False,True,9.974910394265233,test
coco:43:1:128,coco,43,2008_000174.jpg,1,aeroplane,aeroplane,True,0,1,0.26113271713256836,238.1206,206.0997,275.4736,242.7695,0.0,False,True,9.974910394265233,test
coco:43:1:128,coco,43,2008_000174.jpg,1,aeroplane,aeroplane,True,0,2,0.21424590051174164,238.2818,224.3313,345.9285,242.8044,0.0,False,True,9.974910394265233,test
coco:43:1:128,coco,43,2008_000174.jpg,1,aeroplane,aeroplane,True,0,3,0.20771457254886627,162.9152,205.463,347.5985,247.9388,0.0,False,True,9.974910394265233,test
coco:43:1:128,coco,43,2008_000174.jpg,1,aeroplane,aeroplane,True,0,4,0.18696530163288116,279.2456,225.2356,345.1047,240.4941,0.0,False,True,0.0,test
coco:43:1:128,coco,43,2008_000174.jpg,1,aeroplane,aeroplane,True,0,5,0.16949889063835144,89.375,205.4162,348.8342,250.4725,0.0,False,True,0.0,test
coco:43:1:128,coco,43,2008_000174.jpg,1,aeroplane,aeroplane,True,0,6,0.13371092081069946,234.3017,204.5491,294.2431,246.2337,0.0,False,True,0.0,test
coco:43:1:128,coco,43,2008_000174.jpg,1,aeroplane,aeroplane,True,0,7,0.1328282207250595,223.0502,192.7708,357.8065,258.09,0.0,False,True,0.0,test
coco:43:1:128,coco,43,2008_000174.jpg,1,aeroplane,aeroplane,True,0,8,0.1280447244644165,247.0383,206.2112,266.3634,230.1268,0.0,False,True,0.0,test
coco:43:1:128,coco,43,2008_000174.jpg,1,aeroplane,aeroplane,True,0,9,0.12452749162912369,277.7232,224.0018,346.8025,248.8691,0.0,False,True,0.0,test
coco:43:1:128,coco,43,2008_000174.jpg,1,aeroplane,aeroplane,True,0,10,0.11347795277833939,238.367,223.6923,274.9055,241.8813,0.0,False,True,0.0,test
coco:43:1:128,coco,43,2008_000174.jpg,1,aeroplane,aeroplane,True,0,11,0.10142672806978226,162.4207,206.1498,276.3171,248.0101,0.0,False,True,0.0,test
coco:43:1:128,coco,43,2008_000174.jpg,1,aeroplane,aeroplane,True,0,12,0.09581906348466873,45.8991,218.674,57.0793,226.1045,0.0,False,True,0.0,test
coco:43:1:128,coco,43,2008_000174.jpg,1,aeroplane,aeroplane,True,0,13,0.09453903138637543,42.9451,196.3053,355.1838,256.1421,0.0,False,True,0.0,test
coco:43:1:128,coco,43,2008_000174.jpg,1,aeroplane,aeroplane,True,0,14,0.0900825783610344,165.7888,222.0483,346.5509,245.7871,0.0,False,True,0.0,test
coco:43:1:128,coco,43,2008_000174.jpg,1,aeroplane,aeroplane,True,0,15,0.08793923258781433,225.2653,195.4583,298.4069,254.1276,0.0,False,True,0.0,test
coco:43:1:128,coco,43,2008_000174.jpg,1,aeroplane,aeroplane,True,0,16,0.08011284470558167,281.1525,226.1025,343.9408,235.5661,0.0,False,True,0.0,test
coco:43:1:128,coco,43,2008_000174.jpg,1,aeroplane,aeroplane,True,0,17,0.07761412858963013,247.1765,218.3022,266.4273,229.8759,0.0,False,True,0.0,test
coco:43:1:128,coco,43,2008_000174.jpg,1,aeroplane,aeroplane,True,0,18,0.07627516984939575,276.8786,210.8947,345.7157,243.1776,0.0,False,True,0.0,test
coco:43:1:128,coco,43,2008_000174.jpg,1,aeroplane,aeroplane,True,0,19,0.07599913328886032,87.0117,263.1229,167.0378,292.4345,0.0,False,True,0.0,test
coco:43:1:128,coco,43,2008_000174.jpg,1,aeroplane,aeroplane,True,0,20,0.0746668204665184,0.2626,253.9108,69.3625,306.5735,0.0,False,True,0.0,test
coco:43:1:128,coco,43,2008_000174.jpg,1,aeroplane,aeroplane,True,0,21,0.071417897939682,90.6506,223.6405,349.337,248.6479,0.0,False,True,0.0,test
coco:43:1:128,coco,43,2008_000174.jpg,1,aeroplane,aeroplane,True,0,22,0.0701506957411766,144.581,188.1547,361.1739,262.2045,0.0,False,True,0.0,test
coco:43:1:128,coco,43,2008_000174.jpg,1,aeroplane,aeroplane,True,0,23,0.06912809610366821,89.7084,207.0327,178.6134,251.1565,0.0,False,True,0.0,test
coco:43:1:128,coco,43,2008_000174.jpg,1,aeroplane,aeroplane,True,0,24,0.06771392375230789,42.5734,215.0032,60.7591,229.9818,0.0,False,True,0.0,test
coco:43:1:128,coco,43,2008_000174.jpg,1,aeroplane,aeroplane,True,0,25,0.06688989698886871,352.715,262.8419,441.4781,291.5948,0.0,False,True,0.0,test
coco:43:1:128,coco,43,2008_000174.jpg,1,aeroplane,aeroplane,True,0,26,0.06449419260025024,179.4777,270.0572,247.6471,294.7254,0.0,False,True,0.0,test
coco:43:1:128,coco,43,2008_000174.jpg,1,aeroplane,aeroplane,True,0,27,0.06244013085961342,161.9814,206.688,241.3821,249.5256,0.0,False,True,0.0,test
coco:43:1:128,coco,43,2008_000174.jpg,1,aeroplane,aeroplane,True,0,28,0.0616789236664772,88.6824,206.375,275.5623,250.6438,0.0,False,True,0.0,test
coco:43:1:128,coco,43,2008_000174.jpg,1,aeroplane,aeroplane,True,0,29,0.0615374930202961,227.4858,204.533,402.7559,259.7092,0.0,False,True,0.0,test
coco:43:1:128,coco,43,2008_000174.jpg,1,aeroplane,aeroplane,True,0,30,0.060187097638845444,158.0418,205.5926,187.6686,246.943,0.0,False,True,0.0,test
coco:43:1:128,coco,43,2008_000174.jpg,1,aeroplane,aeroplane,True,0,31,0.05943894013762474,247.8076,205.1565,293.8174,231.6017,0.0,False,True,0.0,test
coco:43:1:128,coco,43,2008_000174.jpg,1,aeroplane,aeroplane,True,0,32,0.057997845113277435,86.4553,261.8754,201.6445,292.7541,0.0,False,True,0.0,test
coco:43:1:128,coco,43,2008_000174.jpg,1,aeroplane,aeroplane,True,0,33,0.05717793107032776,60.4142,268.1177,123.1835,304.6266,0.0,False,True,0.0,test
coco:43:1:128,coco,43,2008_000174.jpg,1,aeroplane,aeroplane,True,0,34,0.056920696049928665,120.8544,206.967,175.9244,246.8965,0.0,False,True,0.0,test
coco:43:1:128,coco,43,2008_000174.jpg,1,aeroplane,aeroplane,True,0,35,0.055995263159275055,202.3325,177.7225,376.2166,273.673,0.0,False,True,0.0,test
coco:43:1:128,coco,43,2008_000174.jpg,1,aeroplane,aeroplane,True,0,36,0.05401331186294556,178.9925,264.2882,273.7224,295.1877,0.0,False,True,0.0,test
coco:43:1:128,coco,43,2008_000174.jpg,1,aeroplane,aeroplane,True,0,37,0.053879182785749435,161.5212,207.2471,178.1211,243.3217,0.0,False,True,0.0,test
coco:43:1:128,coco,43,2008_000174.jpg,1,aeroplane,aeroplane,True,0,38,0.05100225657224655,417.4486,264.0322,498.8895,354.6053,0.0,False,True,0.0,test
coco:44:13:129,coco,44,2008_000177.jpg,13,horse,horse,False,1,0,0.9549590945243835,0.2253,26.5693,407.1064,499.1935,0.9697577357292175,True,False,9.974910394265233,test
coco:45:3:133,coco,45,2008_000182.jpg,3,bird,bird,True,0,0,0.1393316090106964,233.621,326.4535,335.9114,428.0075,0.0,False,True,0.0,test
coco:46:12:135,coco,46,2008_000183.jpg,12,dog,dog,False,1,0,0.9292507767677307,26.2923,45.2839,241.1228,498.888,0.9869652390480042,True,False,9.974910394265233,test
coco:46:11:136,coco,46,2008_000183.jpg,11,diningtable,diningtable,True,0,0,0.33609524369239807,16.9548,44.7928,249.9383,494.6755,0.0,False,True,9.974910394265233,test
coco:46:11:136,coco,46,2008_000183.jpg,11,diningtable,diningtable,True,0,1,0.11838294565677643,1.7662,211.5043,255.8856,496.3765,0.0,False,True,0.0,test
coco:46:11:136,coco,46,2008_000183.jpg,11,diningtable,diningtable,True,0,2,0.05593434348702431,26.3405,120.5023,244.3746,454.7462,0.0,False,True,0.0,test
coco:46:4:137,coco,46,2008_000183.jpg,4,boat,boat,True,0,0,0.17234767973423004,24.9633,45.2426,241.6269,495.4411,0.0,False,True,0.0,test
coco:46:4:137,coco,46,2008_000183.jpg,4,boat,boat,True,0,1,0.10381291061639786,0.806,433.5215,257.1741,499.2329,0.0,False,True,0.0,test
coco:46:4:137,coco,46,2008_000183.jpg,4,boat,boat,True,0,2,0.07357645779848099,1.1479,211.6812,256.4522,497.9576,0.0,False,True,0.0,test
coco:46:4:137,coco,46,2008_000183.jpg,4,boat,boat,True,0,3,0.07025884091854095,0.2836,381.6671,257.525,498.8461,0.0,False,True,0.0,test
coco:47:1:139,coco,47,2008_000190.jpg,1,aeroplane,aeroplane,True,0,0,0.46275806427001953,73.0401,135.4563,249.7768,156.0947,0.0,False,True,9.974910394265233,test
coco:47:1:139,coco,47,2008_000190.jpg,1,aeroplane,aeroplane,True,0,1,0.29306265711784363,1.4361,134.8011,251.7529,175.8017,0.0,False,True,9.974910394265233,test
coco:47:1:139,coco,47,2008_000190.jpg,1,aeroplane,aeroplane,True,0,2,0.16211330890655518,1.4603,135.6784,250.7117,163.3584,0.0,False,True,0.0,test
coco:47:1:139,coco,47,2008_000190.jpg,1,aeroplane,aeroplane,True,0,3,0.14531172811985016,62.0894,128.5957,256.4474,166.9256,0.0,False,True,0.0,test
coco:47:1:139,coco,47,2008_000190.jpg,1,aeroplane,aeroplane,True,0,4,0.11953586339950562,2.688,121.4055,258.643,186.1427,0.0,False,True,0.0,test
coco:47:1:139,coco,47,2008_000190.jpg,1,aeroplane,aeroplane,True,0,5,0.09169584512710571,212.507,136.6734,248.5664,147.3703,0.0,False,True,0.0,test
coco:47:1:139,coco,47,2008_000190.jpg,1,aeroplane,aeroplane,True,0,6,0.08158234506845474,69.6514,117.945,254.4064,182.0774,0.0,False,True,0.0,test
coco:47:1:139,coco,47,2008_000190.jpg,1,aeroplane,aeroplane,True,0,7,0.05736035481095314,4.0544,103.116,266.2725,203.227,0.0,False,True,0.0,test
coco:47:20:140,coco,47,2008_000190.jpg,20,tvmonitor,tvmonitor,True,0,0,0.431228905916214,73.6287,135.4912,249.0048,157.7432,0.0,False,True,9.974910394265233,test
coco:47:20:140,coco,47,2008_000190.jpg,20,tvmonitor,tvmonitor,True,0,1,0.28929004073143005,2.6972,134.59,250.1553,178.3686,0.0,False,True,9.974910394265233,test
coco:47:20:140,coco,47,2008_000190.jpg,20,tvmonitor,tvmonitor,True,0,2,0.20449300110340118,74.505,137.364,102.7812,156.5353,0.0,False,True,9.974910394265233,test
coco:47:20:140,coco,47,2008_000190.jpg,20,tvmonitor,tvmonitor,True,0,3,0.16288892924785614,184.2125,137.7166,214.6227,152.9532,0.0,False,True,0.0,test
coco:47:20:140,coco,47,2008_000190.jpg,20,tvmonitor,tvmonitor,True,0,4,0.1432388424873352,213.1837,136.7551,248.3345,148.0215,0.0,False,True,0.0,test
coco:47:20:140,coco,47,2008_000190.jpg,20,tvmonitor,tvmonitor,True,0,5,0.10976937413215637,165.3397,137.6892,185.8315,152.1392,0.0,False,True,0.0,test
coco:47:20:140,coco,47,2008_000190.jpg,20,tvmonitor,tvmonitor,True,0,6,0.1019880473613739,2.1529,3.0527,496.5009,372.4758,0.0,False,True,0.0,test
coco:47:20:140,coco,47,2008_000190.jpg,20,tvmonitor,tvmonitor,True,0,7,0.09890074282884598,213.1333,137.1291,231.3701,147.468,0.0,False,True,0.0,test
coco:47:20:140,coco,47,2008_000190.jpg,20,tvmonitor,tvmonitor,True,0,8,0.09439423680305481,132.4623,137.2614,148.0408,151.3171,0.0,False,True,0.0,test
coco:47:20:140,coco,47,2008_000190.jpg,20,tvmonitor,tvmonitor,True,0,9,0.09402681887149811,1.9987,135.5237,249.6322,162.8884,0.0,False,True,0.0,test
coco:47:20:140,coco,47,2008_000190.jpg,20,tvmonitor,tvmonitor,True,0,10,0.08684343844652176,4.6585,152.8526,100.7849,179.9652,0.0,False,True,0.0,test
coco:47:20:140,coco,47,2008_000190.jpg,20,tvmonitor,tvmonitor,True,0,11,0.08608177304267883,2.474,189.0836,495.2172,374.1565,0.0,False,True,0.0,test
coco:47:20:140,coco,47,2008_000190.jpg,20,tvmonitor,tvmonitor,True,0,12,0.07792938500642776,100.9536,137.1145,148.1822,155.2828,0.0,False,True,0.0,test
coco:47:20:140,coco,47,2008_000190.jpg,20,tvmonitor,tvmonitor,True,0,13,0.07740368694067001,146.3369,137.0664,185.7651,152.4139,0.0,False,True,0.0,test
coco:47:20:140,coco,47,2008_000190.jpg,20,tvmonitor,tvmonitor,True,0,14,0.0711221992969513,74.1971,136.869,112.4248,157.5176,0.0,False,True,0.0,test
coco:47:20:140,coco,47,2008_000190.jpg,20,tvmonitor,tvmonitor,True,0,15,0.06672210246324539,4.6992,152.3961,19.4678,176.6187,0.0,False,True,0.0,test
coco:47:20:140,coco,47,2008_000190.jpg,20,tvmonitor,tvmonitor,True,0,16,0.06593053042888641,147.0263,137.0113,215.453,153.2381,0.0,False,True,0.0,test
coco:47:20:140,coco,47,2008_000190.jpg,20,tvmonitor,tvmonitor,True,0,17,0.06414282321929932,229.3371,136.9588,248.5619,146.6493,0.0,False,True,0.0,test
coco:47:20:140,coco,47,2008_000190.jpg,20,tvmonitor,tvmonitor,True,0,18,0.06166711449623108,132.9971,136.4611,247.8114,153.0393,0.0,False,True,0.0,test
coco:47:20:140,coco,47,2008_000190.jpg,20,tvmonitor,tvmonitor,True,0,19,0.06080637499690056,98.4253,137.9906,112.3634,153.4171,0.0,False,True,0.0,test
coco:47:20:140,coco,47,2008_000190.jpg,20,tvmonitor,tvmonitor,True,0,20,0.05829549580812454,99.9684,137.0231,215.7708,153.6238,0.0,False,True,0.0,test
coco:47:20:140,coco,47,2008_000190.jpg,20,tvmonitor,tvmonitor,True,0,21,0.055753279477357864,0.3085,135.6696,16.5902,163.7301,0.0,False,True,0.0,test
coco:48:1:143,coco,48,2008_000194.jpg,1,aeroplane,aeroplane,True,0,0,0.33097362518310547,321.9171,75.6388,379.1941,192.4398,0.0,False,True,9.974910394265233,test
coco:48:1:143,coco,48,2008_000194.jpg,1,aeroplane,aeroplane,True,0,1,0.255463570356369,283.6586,76.1813,381.6342,192.1438,0.0,False,True,9.974910394265233,test
coco:48:1:143,coco,48,2008_000194.jpg,1,aeroplane,aeroplane,True,0,2,0.22583916783332825,323.5012,153.9791,372.9727,191.128,0.0,False,True,9.974910394265233,test
coco:48:1:143,coco,48,2008_000194.jpg,1,aeroplane,aeroplane,True,0,3,0.20443585515022278,190.0632,103.7088,316.694,277.4905,0.0,False,True,9.974910394265233,test
coco:48:1:143,coco,48,2008_000194.jpg,1,aeroplane,aeroplane,True,0,4,0.17848461866378784,222.5069,104.7154,273.502,239.6932,0.0,False,True,0.0,test
coco:48:1:143,coco,48,2008_000194.jpg,1,aeroplane,aeroplane,True,0,5,0.16432607173919678,190.5116,179.774,315.5715,277.6462,0.0,False,True,0.0,test
coco:48:1:143,coco,48,2008_000194.jpg,1,aeroplane,aeroplane,True,0,6,0.15563291311264038,252.2636,0.914,498.7403,199.3756,0.0,False,True,0.0,test
coco:48:1:143,coco,48,2008_000194.jpg,1,aeroplane,aeroplane,True,0,7,0.14737246930599213,286.2703,152.0673,373.3204,189.7006,0.0,False,True,0.0,test
coco:48:1:143,coco,48,2008_000194.jpg,1,aeroplane,aeroplane,True,0,8,0.11879506707191467,324.6559,162.6608,357.37,186.4504,0.0,False,True,0.0,test
coco:48:1:143,coco,48,2008_000194.jpg,1,aeroplane,aeroplane,True,0,9,0.10835735499858856,315.0685,140.161,382.5103,198.0378,0.0,False,True,0.0,test
coco:48:1:143,coco,48,2008_000194.jpg,1,aeroplane,aeroplane,True,0,10,0.10295949131250381,275.2392,69.8648,412.6942,201.7126,0.0,False,True,0.0,test
coco:48:1:143,coco,48,2008_000194.jpg,1,aeroplane,aeroplane,True,0,11,0.10095828026533127,323.7116,152.1817,358.1945,187.8563,0.0,False,True,0.0,test
coco:48:1:143,coco,48,2008_000194.jpg,1,aeroplane,aeroplane,True,0,12,0.09191207587718964,211.3847,102.7095,298.9441,242.3718,0.0,False,True,0.0,test
coco:48:1:143,coco,48,2008_000194.jpg,1,aeroplane,aeroplane,True,0,13,0.08364855498075485,188.4295,80.3279,376.1559,278.9896,0.0,False,True,0.0,test
coco:48:1:143,coco,48,2008_000194.jpg,1,aeroplane,aeroplane,True,0,14,0.08212269842624664,2.2188,1.8331,497.469,370.7314,0.0,False,True,0.0,test
coco:48:1:143,coco,48,2008_000194.jpg,1,aeroplane,aeroplane,True,0,15,0.08113810420036316,0.3764,132.4802,30.8112,196.8755,0.0,False,True,0.0,test
coco:48:1:143,coco,48,2008_000194.jpg,1,aeroplane,aeroplane,True,0,16,0.07869193702936172,352.6323,154.8823,372.6028,181.0757,0.0,False,True,0.0,test
coco:48:1:143,coco,48,2008_000194.jpg,1,aeroplane,aeroplane,True,0,17,0.07565556466579437,288.7579,153.1055,357.4469,184.4539,0.0,False,True,0.0,test
coco:48:1:143,coco,48,2008_000194.jpg,1,aeroplane,aeroplane,True,0,18,0.07387290894985199,1.8491,0.8518,498.0229,201.7062,0.0,False,True,0.0,test
coco:48:1:143,coco,48,2008_000194.jpg,1,aeroplane,aeroplane,True,0,19,0.0714138075709343,221.9743,104.4833,274.244,189.8033,0.0,False,True,0.0,test
coco:48:1:143,coco,48,2008_000194.jpg,1,aeroplane,aeroplane,True,0,20,0.06982260942459106,0.3184,52.456,31.9491,196.8238,0.0,False,True,0.0,test
coco:48:1:143,coco,48,2008_000194.jpg,1,aeroplane,aeroplane,True,0,21,0.06830427050590515,1.52,0.8754,258.9194,190.6094,0.0,False,True,0.0,test
coco:48:1:143,coco,48,2008_000194.jpg,1,aeroplane,aeroplane,True,0,22,0.06619178503751755,267.8568,81.334,498.3948,198.8697,0.0,False,True,0.0,test
coco:48:1:143,coco,48,2008_000194.jpg,1,aeroplane,aeroplane,True,0,23,0.06585260480642319,282.9182,130.3638,375.6956,191.4641,0.0,False,True,0.0,test
coco:48:1:143,coco,48,2008_000194.jpg,1,aeroplane,aeroplane,True,0,24,0.06539993733167648,0.5222,55.8876,52.4094,115.9915,0.0,False,True,0.0,test
coco:48:1:143,coco,48,2008_000194.jpg,1,aeroplane,aeroplane,True,0,25,0.06411281228065491,79.6628,132.4964,111.5706,154.6227,0.0,False,True,0.0,test
coco:48:1:143,coco,48,2008_000194.jpg,1,aeroplane,aeroplane,True,0,26,0.06125340610742569,284.9814,152.6403,318.3658,183.273,0.0,False,True,0.0,test
coco:48:1:143,coco,48,2008_000194.jpg,1,aeroplane,aeroplane,True,0,27,0.05848736688494682,316.9634,149.4293,408.5823,201.0025,0.0,False,True,0.0,test
coco:48:1:143,coco,48,2008_000194.jpg,1,aeroplane,aeroplane,True,0,28,0.05766836181282997,252.5657,1.7613,497.7964,108.6838,0.0,False,True,0.0,test
coco:48:1:143,coco,48,2008_000194.jpg,1,aeroplane,aeroplane,True,0,29,0.056145455688238144,0.406,50.9655,53.2702,181.2037,0.0,False,True,0.0,test
coco:48:1:143,coco,48,2008_000194.jpg,1,aeroplane,aeroplane,True,0,30,0.05425728112459183,292.5522,162.1526,316.0999,181.8911,0.0,False,True,0.0,test
coco:48:1:143,coco,48,2008_000194.jpg,1,aeroplane,aeroplane,True,0,31,0.053986575454473495,222.3155,77.7887,377.8762,239.8774,0.0,False,True,0.0,test
coco:48:1:143,coco,48,2008_000194.jpg,1,aeroplane,aeroplane,True,0,32,0.05291205272078514,303.9162,102.3615,403.5099,202.2716,0.0,False,True,0.0,test
coco:48:1:143,coco,48,2008_000194.jpg,1,aeroplane,aeroplane,True,0,33,0.05281422659754753,281.8739,73.2162,320.3064,182.5385,0.0,False,True,0.0,test
coco:48:1:143,coco,48,2008_000194.jpg,1,aeroplane,aeroplane,True,0,34,0.05168701335787773,257.904,3.9652,417.268,191.8507,0.0,False,True,0.0,test
coco:48:1:143,coco,48,2008_000194.jpg,1,aeroplane,aeroplane,True,0,35,0.0514797605574131,276.7442,70.5198,448.5116,219.3146,0.0,False,True,0.0,test
coco:48:1:143,coco,48,2008_000194.jpg,1,aeroplane,aeroplane,True,0,36,0.05132853239774704,282.8392,145.6539,413.6842,203.5853,0.0,False,True,0.0,test
coco:48:1:143,coco,48,2008_000194.jpg,1,aeroplane,aeroplane,True,0,37,0.050422172993421555,477.791,107.0522,499.236,124.5501,0.0,False,True,0.0,test
coco:49:15:144,coco,49,2008_000195.jpg,15,person,person,False,3,0,0.8160717487335205,16.7515,171.5457,101.5385,304.7092,0.9731536507606506,True,False,9.974910394265233,test
coco:49:15:144,coco,49,2008_000195.jpg,15,person,person,False,3,1,0.8104438185691833,308.0929,98.315,439.699,300.3011,0.9641929864883423,True,False,9.974910394265233,test
coco:49:15:144,coco,49,2008_000195.jpg,15,person,person,False,3,2,0.7891275882720947,253.6888,141.2214,311.7084,297.507,0.93157559633255,True,False,9.974910394265233,test
coco:49:13:145,coco,49,2008_000195.jpg,13,horse,horse,True,0,0,0.08952601999044418,16.7339,171.4586,100.9991,304.7717,0.0,False,True,0.0,test
coco:49:13:145,coco,49,2008_000195.jpg,13,horse,horse,True,0,1,0.08899553120136261,308.2841,98.2238,439.7902,293.6875,0.0,False,True,0.0,test
coco:49:13:145,coco,49,2008_000195.jpg,13,horse,horse,True,0,2,0.08560926467180252,235.3551,204.7516,339.5404,282.3177,0.0,False,True,0.0,test
coco:49:13:145,coco,49,2008_000195.jpg,13,horse,horse,True,0,3,0.08260048925876617,97.2659,237.087,198.7209,301.8123,0.0,False,True,0.0,test
coco:49:10:146,coco,49,2008_000195.jpg,10,cow,cow,True,0,0,0.12543968856334686,97.3077,236.9918,198.7974,301.8719,0.0,False,True,0.0,test
coco:49:10:146,coco,49,2008_000195.jpg,10,cow,cow,True,0,1,0.09925971180200577,308.3738,98.1406,439.6752,293.6801,0.0,False,True,0.0,test
coco:49:10:146,coco,49,2008_000195.jpg,10,cow,cow,True,0,2,0.0990375429391861,235.0369,204.6785,339.7782,282.519,0.0,False,True,0.0,test
coco:49:10:146,coco,49,2008_000195.jpg,10,cow,cow,True,0,3,0.09125173091888428,16.8601,171.4386,100.8795,304.7098,0.0,False,True,0.0,test
coco:49:10:146,coco,49,2008_000195.jpg,10,cow,cow,True,0,4,0.051948197185993195,0.6542,288.3494,500.2106,332.4538,0.0,False,True,0.0,test
coco:50:15:147,coco,50,2008_000203.jpg,15,person,person,False,2,0,0.7448570132255554,310.6933,116.3043,377.5041,246.9191,0.9306755661964417,True,False,9.974910394265233,test
coco:50:15:147,coco,50,2008_000203.jpg,15,person,person,False,2,1,0.4005041718482971,80.5217,81.981,145.623,208.4868,0.10701203346252441,False,True,9.974910394265233,test
coco:50:15:147,coco,50,2008_000203.jpg,15,person,person,False,2,2,0.3438314199447632,114.7908,82.321,144.3691,109.4908,0.8697339296340942,True,False,9.974910394265233,test
coco:50:15:147,coco,50,2008_000203.jpg,15,person,person,False,2,3,0.15800972282886505,336.7318,120.5769,387.9515,242.0081,0.49136897921562195,False,True,0.0,test
coco:50:15:147,coco,50,2008_000203.jpg,15,person,person,False,2,4,0.14681276679039001,86.8112,82.2094,144.4146,151.9936,0.20622849464416504,False,True,0.0,test
coco:50:15:147,coco,50,2008_000203.jpg,15,person,person,False,2,5,0.09864550828933716,114.5349,82.306,152.02,127.0594,0.5280994772911072,True,False,0.0,test
coco:50:15:147,coco,50,2008_000203.jpg,15,person,person,False,2,6,0.08739196509122849,205.3984,126.1767,219.0133,143.463,0.0,False,True,0.0,test
coco:50:15:147,coco,50,2008_000203.jpg,15,person,person,False,2,7,0.0811474397778511,310.844,116.3222,459.1137,247.5285,0.4220619797706604,False,True,0.0,test
coco:50:15:147,coco,50,2008_000203.jpg,15,person,person,False,2,8,0.07855173200368881,120.6193,94.8007,142.5068,109.1789,0.34058815240859985,False,True,0.0,test
coco:50:15:147,coco,50,2008_000203.jpg,15,person,person,False,2,9,0.07215557992458344,78.7445,82.2361,244.789,254.5934,0.03200529143214226,False,True,0.0,test
coco:50:15:147,coco,50,2008_000203.jpg,15,person,person,False,2,10,0.07183395326137543,96.2771,82.2867,144.7481,128.8358,0.366012305021286,False,True,0.0,test
coco:50:15:147,coco,50,2008_000203.jpg,15,person,person,False,2,11,0.05718749016523361,90.6828,119.0817,105.8084,141.3319,0.0,False,True,0.0,test
coco:50:15:147,coco,50,2008_000203.jpg,15,person,person,False,2,12,0.05668097361922264,336.1126,155.51,373.0063,241.2193,0.38314855098724365,False,True,0.0,test
coco:50:15:147,coco,50,2008_000203.jpg,15,person,person,False,2,13,0.053447987884283066,79.2327,118.5149,106.6545,209.9371,0.0,False,True,0.0,test
coco:50:15:147,coco,50,2008_000203.jpg,15,person,person,False,2,14,0.05269114300608635,114.8044,82.5227,144.0492,100.9473,0.5831442475318909,True,False,0.0,test
coco:50:15:147,coco,50,2008_000203.jpg,15,person,person,False,2,15,0.05030667409300804,348.0408,134.237,383.7444,202.5856,0.217593252658844,False,True,0.0,test
coco:50:3:148,coco,50,2008_000203.jpg,3,bird,bird,True,0,0,0.06377047300338745,79.0297,106.2033,244.9802,254.385,0.0,False,True,0.0,test
coco:51:6:151,coco,51,2008_000204.jpg,6,bus,bus,True,0,0,0.2916776239871979,189.3994,128.4239,300.4783,252.8016,0.0,False,True,9.974910394265233,test
coco:51:6:151,coco,51,2008_000204.jpg,6,bus,bus,True,0,1,0.08874934166669846,148.1701,209.6187,192.7254,262.9488,0.0,False,True,0.0,test
coco:51:6:151,coco,51,2008_000204.jpg,6,bus,bus,True,0,2,0.05511932820081711,1.2025,0.2594,301.0189,437.2041,0.0,False,True,0.0,test
coco:52:10:154,coco,52,2008_000213.jpg,10,cow,cow,True,0,0,0.07485177367925644,153.8041,149.0188,217.5795,198.1813,0.0,False,True,0.0,test
coco:53:14:158,coco,53,2008_000215.jpg,14,motorbike,motorbike,True,0,0,0.17314492166042328,151.5891,118.2269,318.8584,373.9017,0.0,False,True,0.0,test
coco:53:14:158,coco,53,2008_000215.jpg,14,motorbike,motorbike,True,0,1,0.12671849131584167,309.0594,140.0835,499.1767,373.8742,0.0,False,True,0.0,test
coco:53:14:158,coco,53,2008_000215.jpg,14,motorbike,motorbike,True,0,2,0.12144920229911804,0.6044,146.1586,161.5962,374.0122,0.0,False,True,0.0,test
coco:53:14:158,coco,53,2008_000215.jpg,14,motorbike,motorbike,True,0,3,0.11926041543483734,1.3738,0.1091,498.893,374.9025,0.0,False,True,0.0,test
coco:53:14:158,coco,53,2008_000215.jpg,14,motorbike,motorbike,True,0,4,0.06613944470882416,335.2361,-0.0659,499.2432,268.3937,0.0,False,True,0.0,test
coco:53:14:158,coco,53,2008_000215.jpg,14,motorbike,motorbike,True,0,5,0.05567135661840439,1.5121,130.6289,498.1468,373.4942,0.0,False,True,0.0,test
coco:54:13:159,coco,54,2008_000219.jpg,13,horse,horse,False,2,0,0.900888979434967,87.6218,146.4085,225.9399,244.4908,0.9857206344604492,True,False,9.974910394265233,test
coco:54:13:159,coco,54,2008_000219.jpg,13,horse,horse,False,2,1,0.6345402598381042,380.8248,152.7988,463.4948,240.8019,0.9756441116333008,True,False,9.974910394265233,test
coco:54:13:159,coco,54,2008_000219.jpg,13,horse,horse,False,2,2,0.10874707996845245,447.8455,312.7548,498.7588,327.0828,0.0,False,True,0.0,test
coco:54:13:159,coco,54,2008_000219.jpg,13,horse,horse,False,2,3,0.07417748123407364,292.514,367.1129,311.4867,374.951,0.0,False,True,0.0,test
coco:54:13:159,coco,54,2008_000219.jpg,13,horse,horse,False,2,4,0.060331739485263824,242.1945,367.0712,311.9849,375.0168,0.0,False,True,0.0,test
coco:54:13:159,coco,54,2008_000219.jpg,13,horse,horse,False,2,5,0.053511131554841995,272.4305,366.957,311.6635,374.9721,0.0,False,True,0.0,test
coco:54:13:159,coco,54,2008_000219.jpg,13,horse,horse,False,2,6,0.05126596987247467,93.3297,193.2695,187.9549,240.3524,0.32943153381347656,False,True,0.0,test
coco:54:13:159,coco,54,2008_000219.jpg,13,horse,horse,False,2,7,0.05072903633117676,88.0603,147.1527,140.1932,240.3453,0.3592424690723419,False,True,0.0,test
coco:54:12:160,coco,54,2008_000219.jpg,12,dog,dog,True,0,0,0.6235250234603882,380.5661,152.6336,463.6411,240.8966,0.0,False,True,9.974910394265233,test
coco:54:12:160,coco,54,2008_000219.jpg,12,dog,dog,True,0,1,0.2279757410287857,87.6696,146.3645,225.9254,244.4652,0.0,False,True,9.974910394265233,test
coco:54:12:160,coco,54,2008_000219.jpg,12,dog,dog,True,0,2,0.12513086199760437,448.0245,312.5236,498.6396,327.1913,0.0,False,True,0.0,test
coco:54:12:160,coco,54,2008_000219.jpg,12,dog,dog,True,0,3,0.0957561731338501,292.1931,367.0666,311.7008,374.9353,0.0,False,True,0.0,test
coco:54:12:160,coco,54,2008_000219.jpg,12,dog,dog,True,0,4,0.07701926678419113,246.9688,367.0659,312.1209,375.0233,0.0,False,True,0.0,test
coco:54:12:160,coco,54,2008_000219.jpg,12,dog,dog,True,0,5,0.05658803880214691,191.2444,367.02,312.4169,374.9689,0.0,False,True,0.0,test
coco:54:11:161,coco,54,2008_000219.jpg,11,diningtable,diningtable,True,0,0,0.27767953276634216,86.1302,144.4659,227.2577,244.9207,0.0,False,True,9.974910394265233,test
coco:54:11:161,coco,54,2008_000219.jpg,11,diningtable,diningtable,True,0,1,0.24654744565486908,1.09,93.5873,498.6999,372.9915,0.0,False,True,9.974910394265233,test
coco:54:11:161,coco,54,2008_000219.jpg,11,diningtable,diningtable,True,0,2,0.09851372987031937,380.0367,151.5773,464.2293,240.9166,0.0,False,True,0.0,test
coco:54:11:161,coco,54,2008_000219.jpg,11,diningtable,diningtable,True,0,3,0.08702754229307175,41.0926,105.6282,478.9749,319.5401,0.0,False,True,0.0,test
coco:54:11:161,coco,54,2008_000219.jpg,11,diningtable,diningtable,True,0,4,0.06737499684095383,65.2589,124.8293,253.5987,263.7285,0.0,False,True,0.0,test
coco:54:11:161,coco,54,2008_000219.jpg,11,diningtable,diningtable,True,0,5,0.06486901640892029,1.1005,202.4015,498.6293,373.1546,0.0,False,True,0.0,test
coco:54:11:161,coco,54,2008_000219.jpg,11,diningtable,diningtable,True,0,6,0.05851868912577629,4.4459,87.4432,496.0388,282.6611,0.0,False,True,0.0,test
coco:54:11:161,coco,54,2008_000219.jpg,11,diningtable,diningtable,True,0,7,0.05803701654076576,5.7505,26.7127,494.0714,312.1376,0.0,False,True,0.0,test
coco:54:11:161,coco,54,2008_000219.jpg,11,diningtable,diningtable,True,0,8,0.05612155795097351,65.8575,127.2744,472.6621,259.4062,0.0,False,True,0.0,test
coco:54:11:161,coco,54,2008_000219.jpg,11,diningtable,diningtable,True,0,9,0.052448201924562454,1.1929,203.0022,498.3766,314.4123,0.0,False,True,0.0,test
coco:55:15:162,coco,55,2008_000222.jpg,15,person,person,False,1,0,0.5732153654098511,0.2543,6.7429,499.6859,359.7095,0.9935111403465271,True,False,9.974910394265233,test
coco:55:15:162,coco,55,2008_000222.jpg,15,person,person,False,1,1,0.2874928414821625,51.8912,179.0004,499.71,359.6682,0.4606168568134308,False,True,9.974910394265233,test
coco:55:15:162,coco,55,2008_000222.jpg,15,person,person,False,1,2,0.21550779044628143,0.1722,101.8754,101.0535,221.2147,0.06794045865535736,False,True,9.974910394265233,test
coco:55:15:162,coco,55,2008_000222.jpg,15,person,person,False,1,3,0.1740744411945343,0.1799,101.6488,101.0948,272.4731,0.09726833552122116,False,True,0.0,test
coco:55:15:162,coco,55,2008_000222.jpg,15,person,person,False,1,4,0.17131942510604858,0.2541,6.6939,319.621,359.7597,0.6356241106987,True,False,0.0,test
coco:55:15:162,coco,55,2008_000222.jpg,15,person,person,False,1,5,0.16419945657253265,0.1671,101.8687,101.2737,359.361,0.14681760966777802,False,True,0.0,test
coco:55:15:162,coco,55,2008_000222.jpg,15,person,person,False,1,6,0.14585351943969727,44.2407,89.3511,499.8804,359.8276,0.7016296982765198,True,False,0.0,test
coco:55:15:162,coco,55,2008_000222.jpg,15,person,person,False,1,7,0.138250470161438,0.4487,6.6167,245.0342,277.4719,0.37335216999053955,False,True,0.0,test
coco:55:15:162,coco,55,2008_000222.jpg,15,person,person,False,1,8,0.10735220462083817,0.4302,99.7307,240.2261,359.853,0.35397833585739136,False,True,0.0,test
coco:55:15:162,coco,55,2008_000222.jpg,15,person,person,False,1,9,0.07024714350700378,31.5158,87.7831,318.3975,285.1994,0.3224353492259979,False,True,0.0,test
coco:55:15:162,coco,55,2008_000222.jpg,15,person,person,False,1,10,0.056025438010692596,0.6665,88.2079,242.8147,275.1331,0.25724878907203674,False,True,0.0,test
coco:55:15:162,coco,55,2008_000222.jpg,15,person,person,False,1,11,0.05354328826069832,0.4558,6.4869,244.3439,173.7083,0.22897471487522125,False,True,0.0,test
coco:55:15:162,coco,55,2008_000222.jpg,15,person,person,False,1,12,0.05240130051970482,-0.3312,94.0638,397.1524,359.8624,0.5982707738876343,True,False,0.0,test
coco:55:1:163,coco,55,2008_000222.jpg,1,aeroplane,aeroplane,True,0,0,0.37837040424346924,32.2577,89.1386,498.386,358.6558,0.0,False,True,9.974910394265233,test
coco:55:1:163,coco,55,2008_000222.jpg,1,aeroplane,aeroplane,True,0,1,0.14049535989761353,46.4056,88.3774,318.9101,286.3888,0.0,False,True,0.0,test
coco:55:1:163,coco,55,2008_000222.jpg,1,aeroplane,aeroplane,True,0,2,0.10277001559734344,38.0246,165.8272,495.542,357.5601,0.0,False,True,0.0,test
coco:55:1:163,coco,55,2008_000222.jpg,1,aeroplane,aeroplane,True,0,3,0.09604589641094208,26.32,88.4698,319.6687,355.3936,0.0,False,True,0.0,test
coco:55:1:163,coco,55,2008_000222.jpg,1,aeroplane,aeroplane,True,0,4,0.0663301944732666,14.0789,49.7284,391.6201,354.2207,0.0,False,True,0.0,test
coco:55:1:163,coco,55,2008_000222.jpg,1,aeroplane,aeroplane,True,0,5,0.060661036521196365,27.2713,20.0785,463.6428,300.2635,0.0,False,True,0.0,test
coco:55:1:163,coco,55,2008_000222.jpg,1,aeroplane,aeroplane,True,0,6,0.05886536091566086,7.3663,240.9971,497.8089,358.9027,0.0,False,True,0.0,test
coco:55:1:163,coco,55,2008_000222.jpg,1,aeroplane,aeroplane,True,0,7,0.05561242252588272,25.6604,267.5509,86.1423,337.6281,0.0,False,True,0.0,test
coco:55:1:163,coco,55,2008_000222.jpg,1,aeroplane,aeroplane,True,0,8,0.05214579403400421,50.3445,143.4257,316.4904,284.1498,0.0,False,True,0.0,test
coco:55:1:163,coco,55,2008_000222.jpg,1,aeroplane,aeroplane,True,0,9,0.051356907933950424,47.6328,127.3214,413.4752,333.745,0.0,False,True,0.0,test
coco:56:15:165,coco,56,2008_000223.jpg,15,person,person,False,1,0,0.8717984557151794,232.2617,100.2294,309.9319,310.0387,0.8636818528175354,True,False,9.974910394265233,test
coco:56:15:165,coco,56,2008_000223.jpg,15,person,person,False,1,1,0.05700434371829033,383.8517,3.8516,485.6968,106.9286,0.0,False,True,0.0,test
coco:56:6:167,coco,56,2008_000223.jpg,6,bus,bus,True,0,0,0.207855686545372,29.7842,4.4157,486.0507,310.7205,0.0,False,True,9.974910394265233,test
coco:56:6:167,coco,56,2008_000223.jpg,6,bus,bus,True,0,1,0.18697398900985718,365.3445,248.8229,408.2189,301.4187,0.0,False,True,0.0,test
coco:56:6:167,coco,56,2008_000223.jpg,6,bus,bus,True,0,2,0.18630684912204742,374.0804,259.2534,403.5699,297.15,0.0,False,True,0.0,test
coco:56:6:167,coco,56,2008_000223.jpg,6,bus,bus,True,0,3,0.17151598632335663,319.5937,205.3491,408.6369,308.2108,0.0,False,True,0.0,test
coco:56:6:167,coco,56,2008_000223.jpg,6,bus,bus,True,0,4,0.16018670797348022,30.5861,3.6342,485.9425,137.565,0.0,False,True,0.0,test
coco:56:6:167,coco,56,2008_000223.jpg,6,bus,bus,True,0,5,0.13793127238750458,356.4271,240.1268,378.4568,264.0502,0.0,False,True,0.0,test
coco:56:6:167,coco,56,2008_000223.jpg,6,bus,bus,True,0,6,0.13602058589458466,348.0538,207.2622,384.7104,244.0759,0.0,False,True,0.0,test
coco:56:6:167,coco,56,2008_000223.jpg,6,bus,bus,True,0,7,0.1314118206501007,30.1194,104.2288,485.5444,310.5573,0.0,False,True,0.0,test
coco:56:6:167,coco,56,2008_000223.jpg,6,bus,bus,True,0,8,0.12822572886943817,351.1123,239.5913,379.391,268.3867,0.0,False,True,0.0,test
coco:56:6:167,coco,56,2008_000223.jpg,6,bus,bus,True,0,9,0.12791334092617035,321.7284,224.1668,358.9129,256.7181,0.0,False,True,0.0,test
coco:56:6:167,coco,56,2008_000223.jpg,6,bus,bus,True,0,10,0.11942825466394424,350.9866,212.6665,378.806,241.5353,0.0,False,True,0.0,test
coco:56:6:167,coco,56,2008_000223.jpg,6,bus,bus,True,0,11,0.11391352117061615,320.2384,247.289,362.6766,280.8025,0.0,False,True,0.0,test
coco:56:6:167,coco,56,2008_000223.jpg,6,bus,bus,True,0,12,0.10878900438547134,321.6929,223.927,378.3117,266.8138,0.0,False,True,0.0,test
coco:56:6:167,coco,56,2008_000223.jpg,6,bus,bus,True,0,13,0.10031521320343018,337.2508,230.13,355.5419,250.1383,0.0,False,True,0.0,test
coco:56:6:167,coco,56,2008_000223.jpg,6,bus,bus,True,0,14,0.09860195964574814,321.4919,224.164,341.4216,242.2752,0.0,False,True,0.0,test
coco:56:6:167,coco,56,2008_000223.jpg,6,bus,bus,True,0,15,0.09451884776353836,346.6022,206.3518,392.1646,254.3641,0.0,False,True,0.0,test
coco:56:6:167,coco,56,2008_000223.jpg,6,bus,bus,True,0,16,0.0928545668721199,181.483,4.4527,346.3965,68.7342,0.0,False,True,0.0,test
coco:56:6:167,coco,56,2008_000223.jpg,6,bus,bus,True,0,17,0.09256867319345474,345.6754,262.2427,362.726,280.8358,0.0,False,True,0.0,test
coco:56:6:167,coco,56,2008_000223.jpg,6,bus,bus,True,0,18,0.08414673805236816,337.3726,229.289,359.0535,256.8742,0.0,False,True,0.0,test
coco:56:6:167,coco,56,2008_000223.jpg,6,bus,bus,True,0,19,0.08343342691659927,346.0921,239.8301,379.8571,280.5476,0.0,False,True,0.0,test
coco:56:6:167,coco,56,2008_000223.jpg,6,bus,bus,True,0,20,0.0795261412858963,338.3722,228.4213,378.5236,264.082,0.0,False,True,0.0,test
coco:56:6:167,coco,56,2008_000223.jpg,6,bus,bus,True,0,21,0.07295800745487213,320.2448,247.5016,331.7395,261.8711,0.0,False,True,0.0,test
coco:56:6:167,coco,56,2008_000223.jpg,6,bus,bus,True,0,22,0.07231368869543076,383.9904,247.2623,408.2804,271.2518,0.0,False,True,0.0,test
coco:56:6:167,coco,56,2008_000223.jpg,6,bus,bus,True,0,23,0.061846692115068436,314.9472,216.2055,341.3807,240.124,0.0,False,True,0.0,test
coco:56:6:167,coco,56,2008_000223.jpg,6,bus,bus,True,0,24,0.053901489824056625,351.4699,268.7936,362.6042,280.6721,0.0,False,True,0.0,test
coco:56:6:167,coco,56,2008_000223.jpg,6,bus,bus,True,0,25,0.05118900164961815,336.9427,238.6242,348.153,249.6238,0.0,False,True,0.0,test
coco:56:6:167,coco,56,2008_000223.jpg,6,bus,bus,True,0,26,0.05080841854214668,370.7005,261.9744,381.59,273.7359,0.0,False,True,0.0,test
coco:56:6:167,coco,56,2008_000223.jpg,6,bus,bus,True,0,27,0.050520699471235275,319.9347,247.2447,365.8621,296.3791,0.0,False,True,0.0,test
coco:57:2:170,coco,57,2008_000233.jpg,2,bicycle,bicycle,True,0,0,0.09005156904459,0.1261,-0.0716,461.1259,306.9281,0.0,False,True,0.0,test
coco:57:2:170,coco,57,2008_000233.jpg,2,bicycle,bicycle,True,0,1,0.052366066724061966,233.1145,-0.078,460.7019,306.9175,0.0,False,True,0.0,test
coco:58:8:173,coco,58,2008_000234.jpg,8,cat,cat,True,0,0,0.09265998750925064,0.4455,194.4636,54.9031,239.7232,0.0,False,True,0.0,test
coco:58:8:173,coco,58,2008_000234.jpg,8,cat,cat,True,0,1,0.08712272346019745,90.97,147.3176,109.433,170.0821,0.0,False,True,0.0,test
coco:58:8:173,coco,58,2008_000234.jpg,8,cat,cat,True,0,2,0.07306916266679764,43.1869,145.0763,59.7207,173.8226,0.0,False,True,0.0,test
coco:58:8:173,coco,58,2008_000234.jpg,8,cat,cat,True,0,3,0.06843622773885727,210.4601,127.6117,434.6688,374.2755,0.0,False,True,0.0,test
coco:58:8:173,coco,58,2008_000234.jpg,8,cat,cat,True,0,4,0.05840941518545151,81.2189,69.6161,324.2718,373.6797,0.0,False,True,0.0,test
coco:58:8:173,coco,58,2008_000234.jpg,8,cat,cat,True,0,5,0.05373776704072952,0.2147,194.4044,55.914,257.8192,0.0,False,True,0.0,test
coco:59:12:174,coco,59,2008_000239.jpg,12,dog,dog,False,1,0,0.9092720150947571,119.4762,124.5953,291.7167,304.2082,0.9616623520851135,True,False,9.974910394265233,test
coco:59:16:176,coco,59,2008_000239.jpg,16,pottedplant,pottedplant,True,0,0,0.33375677466392517,119.83,124.5933,291.7773,304.2258,0.0,False,True,9.974910394265233,test
coco:59:16:176,coco,59,2008_000239.jpg,16,pottedplant,pottedplant,True,0,1,0.08778369426727295,119.4579,0.1166,292.1574,304.8087,0.0,False,True,0.0,test
coco:59:16:176,coco,59,2008_000239.jpg,16,pottedplant,pottedplant,True,0,2,0.08661986142396927,246.146,132.7899,290.6831,267.4751,0.0,False,True,0.0,test
coco:59:16:176,coco,59,2008_000239.jpg,16,pottedplant,pottedplant,True,0,3,0.07152742147445679,1.0454,0.1875,499.1255,333.1856,0.0,False,True,0.0,test
coco:59:16:176,coco,59,2008_000239.jpg,16,pottedplant,pottedplant,True,0,4,0.06689795106649399,60.8741,-0.2884,176.4035,332.5875,0.0,False,True,0.0,test
coco:60:20:178,coco,60,2008_000243.jpg,20,tvmonitor,tvmonitor,True,0,0,0.3417620360851288,215.1006,113.2824,447.0137,333.8077,0.0,False,True,9.974910394265233,test
coco:60:20:178,coco,60,2008_000243.jpg,20,tvmonitor,tvmonitor,True,0,1,0.29836609959602356,0.0759,0.3239,165.6875,332.4751,0.0,False,True,9.974910394265233,test
coco:60:20:178,coco,60,2008_000243.jpg,20,tvmonitor,tvmonitor,True,0,2,0.22112815082073212,0.1306,-0.0843,500.1122,333.9151,0.0,False,True,9.974910394265233,test
coco:60:20:178,coco,60,2008_000243.jpg,20,tvmonitor,tvmonitor,True,0,3,0.17030882835388184,53.027,-0.1165,164.7589,64.6029,0.0,False,True,0.0,test
coco:60:20:178,coco,60,2008_000243.jpg,20,tvmonitor,tvmonitor,True,0,4,0.1640126258134842,309.2724,113.33,371.8419,156.7769,0.0,False,True,0.0,test
coco:60:20:178,coco,60,2008_000243.jpg,20,tvmonitor,tvmonitor,True,0,5,0.14035408198833466,214.442,-0.0989,447.9279,333.8876,0.0,False,True,0.0,test
coco:60:20:178,coco,60,2008_000243.jpg,20,tvmonitor,tvmonitor,True,0,6,0.13971291482448578,248.0475,0.0178,290.4456,17.7542,0.0,False,True,0.0,test
coco:60:20:178,coco,60,2008_000243.jpg,20,tvmonitor,tvmonitor,True,0,7,0.11846573650836945,320.1618,280.9746,345.4838,307.5056,0.0,False,True,0.0,test
coco:60:20:178,coco,60,2008_000243.jpg,20,tvmonitor,tvmonitor,True,0,8,0.1174231469631195,125.3038,121.8798,499.2229,333.6869,0.0,False,True,0.0,test
coco:60:20:178,coco,60,2008_000243.jpg,20,tvmonitor,tvmonitor,True,0,9,0.11726288497447968,247.7373,-0.2853,393.3249,108.8055,0.0,False,True,0.0,test
coco:60:20:178,coco,60,2008_000243.jpg,20,tvmonitor,tvmonitor,True,0,10,0.11535872519016266,297.4297,270.8036,367.8452,329.9711,0.0,False,True,0.0,test
coco:60:20:178,coco,60,2008_000243.jpg,20,tvmonitor,tvmonitor,True,0,11,0.11439695954322815,56.3511,-0.1241,164.8932,45.3623,0.0,False,True,0.0,test
coco:60:20:178,coco,60,2008_000243.jpg,20,tvmonitor,tvmonitor,True,0,12,0.11207489669322968,121.0095,290.8895,174.0611,333.8486,0.0,False,True,0.0,test
coco:60:20:178,coco,60,2008_000243.jpg,20,tvmonitor,tvmonitor,True,0,13,0.08526527136564255,302.465,107.4513,380.0097,169.9639,0.0,False,True,0.0,test
coco:60:20:178,coco,60,2008_000243.jpg,20,tvmonitor,tvmonitor,True,0,14,0.08223114907741547,215.9015,206.513,445.738,333.6393,0.0,False,True,0.0,test
coco:60:20:178,coco,60,2008_000243.jpg,20,tvmonitor,tvmonitor,True,0,15,0.0796588882803917,309.8872,277.1825,353.695,312.6129,0.0,False,True,0.0,test
coco:60:20:178,coco,60,2008_000243.jpg,20,tvmonitor,tvmonitor,True,0,16,0.07253408432006836,49.5334,-0.3368,166.1087,99.2878,0.0,False,True,0.0,test
coco:60:20:178,coco,60,2008_000243.jpg,20,tvmonitor,tvmonitor,True,0,17,0.07223274558782578,126.1489,139.8078,499.6664,201.77,0.0,False,True,0.0,test
coco:60:20:178,coco,60,2008_000243.jpg,20,tvmonitor,tvmonitor,True,0,18,0.06825806945562363,302.9384,111.9261,380.8371,194.1396,0.0,False,True,0.0,test
coco:60:20:178,coco,60,2008_000243.jpg,20,tvmonitor,tvmonitor,True,0,19,0.058795854449272156,473.5825,296.9734,499.9395,333.4413,0.0,False,True,0.0,test
coco:60:20:178,coco,60,2008_000243.jpg,20,tvmonitor,tvmonitor,True,0,20,0.05781488120555878,148.3468,291.7682,173.2953,333.0362,0.0,False,True,0.0,test
coco:60:20:178,coco,60,2008_000243.jpg,20,tvmonitor,tvmonitor,True,0,21,0.05583178624510765,120.2652,292.0859,231.8651,333.9415,0.0,False,True,0.0,test
coco:60:20:178,coco,60,2008_000243.jpg,20,tvmonitor,tvmonitor,True,0,22,0.05560709163546562,153.1841,49.2993,479.122,331.1686,0.0,False,True,0.0,test
coco:60:20:178,coco,60,2008_000243.jpg,20,tvmonitor,tvmonitor,True,0,23,0.055400505661964417,0.5709,332.7478,46.837,334.0394,0.0,False,True,0.0,test
coco:60:20:178,coco,60,2008_000243.jpg,20,tvmonitor,tvmonitor,True,0,24,0.05479574576020241,175.1821,324.1576,233.0967,334.0226,0.0,False,True,0.0,test
coco:60:20:178,coco,60,2008_000243.jpg,20,tvmonitor,tvmonitor,True,0,25,0.054597157984972,287.4377,249.7708,387.7567,279.3799,0.0,False,True,0.0,test
coco:60:20:178,coco,60,2008_000243.jpg,20,tvmonitor,tvmonitor,True,0,26,0.05363579839468002,0.1729,-0.5703,166.7465,228.8823,0.0,False,True,0.0,test
coco:60:20:178,coco,60,2008_000243.jpg,20,tvmonitor,tvmonitor,True,0,27,0.053631119430065155,277.4638,112.9419,395.4382,326.411,0.0,False,True,0.0,test
coco:60:20:178,coco,60,2008_000243.jpg,20,tvmonitor,tvmonitor,True,0,28,0.052557870745658875,283.1319,248.3404,387.0123,332.4019,0.0,False,True,0.0,test
coco:60:20:178,coco,60,2008_000243.jpg,20,tvmonitor,tvmonitor,True,0,29,0.05251344293355942,267.0427,111.2081,415.3825,281.0057,0.0,False,True,0.0,test
coco:60:20:178,coco,60,2008_000243.jpg,20,tvmonitor,tvmonitor,True,0,30,0.052358340471982956,323.2019,290.3031,340.6795,306.1763,0.0,False,True,0.0,test
coco:61:20:180,coco,61,2008_000244.jpg,20,tvmonitor,tvmonitor,False,1,0,0.8161932229995728,56.8398,1.482,455.4076,373.2931,0.9856597185134888,True,False,9.974910394265233,test
coco:61:20:180,coco,61,2008_000244.jpg,20,tvmonitor,tvmonitor,False,1,1,0.08504871279001236,2.1947,227.0845,59.4171,293.1192,0.001896089524962008,False,True,0.0,test
coco:61:20:180,coco,61,2008_000244.jpg,20,tvmonitor,tvmonitor,False,1,2,0.07282725721597672,1.0086,10.0346,62.5294,293.2801,0.012875336222350597,False,True,0.0,test
coco:61:20:180,coco,61,2008_000244.jpg,20,tvmonitor,tvmonitor,False,1,3,0.06836115568876266,117.9783,321.6078,352.2945,373.9315,0.08154596388339996,False,True,0.0,test
coco:61:20:180,coco,61,2008_000244.jpg,20,tvmonitor,tvmonitor,False,1,4,0.05924484133720398,1.0839,96.3812,62.3814,292.4418,0.008993410505354404,False,True,0.0,test
coco:61:20:180,coco,61,2008_000244.jpg,20,tvmonitor,tvmonitor,False,1,5,0.05814734101295471,1.6177,280.7617,497.919,373.9355,0.23537257313728333,False,True,0.0,test
coco:61:20:180,coco,61,2008_000244.jpg,20,tvmonitor,tvmonitor,False,1,6,0.05056522786617279,118.0728,321.1649,216.5483,368.6111,0.031076474115252495,False,True,0.0,test
coco:61:9:181,coco,61,2008_000244.jpg,9,chair,chair,True,0,0,0.18660975992679596,118.9513,322.6708,351.5494,374.6715,0.0,False,True,0.0,test
coco:61:9:181,coco,61,2008_000244.jpg,9,chair,chair,True,0,1,0.18527670204639435,58.2117,6.8899,451.727,373.9748,0.0,False,True,0.0,test
coco:61:9:181,coco,61,2008_000244.jpg,9,chair,chair,True,0,2,0.14890064299106598,0.3877,317.9598,351.9731,374.6652,0.0,False,True,0.0,test
coco:61:9:181,coco,61,2008_000244.jpg,9,chair,chair,True,0,3,0.08828773349523544,0.6327,284.7909,411.701,374.5714,0.0,False,True,0.0,test
coco:61:9:181,coco,61,2008_000244.jpg,9,chair,chair,True,0,4,0.08559086173772812,57.4622,259.128,352.3256,374.5399,0.0,False,True,0.0,test
coco:61:9:181,coco,61,2008_000244.jpg,9,chair,chair,True,0,5,0.07489403337240219,2.1807,232.5596,58.6475,292.3253,0.0,False,True,0.0,test
coco:61:9:181,coco,61,2008_000244.jpg,9,chair,chair,True,0,6,0.07334397733211517,0.3015,317.8638,204.0207,374.6203,0.0,False,True,0.0,test
coco:61:9:181,coco,61,2008_000244.jpg,9,chair,chair,True,0,7,0.07298383861780167,118.9259,322.7926,207.1227,373.1151,0.0,False,True,0.0,test
coco:61:9:181,coco,61,2008_000244.jpg,9,chair,chair,True,0,8,0.06613612174987793,0.5663,317.4215,498.4148,374.6469,0.0,False,True,0.0,test
coco:61:9:181,coco,61,2008_000244.jpg,9,chair,chair,True,0,9,0.06426497548818588,436.1862,335.6489,499.7335,374.6729,0.0,False,True,0.0,test
coco:61:9:181,coco,61,2008_000244.jpg,9,chair,chair,True,0,10,0.05868024006485939,0.969,261.7557,498.2116,374.5046,0.0,False,True,0.0,test
coco:61:5:182,coco,61,2008_000244.jpg,5,bottle,bottle,True,0,0,0.17254631221294403,2.3057,228.8149,58.5726,292.9933,0.0,False,True,0.0,test
coco:61:5:182,coco,61,2008_000244.jpg,5,bottle,bottle,True,0,1,0.14468450844287872,58.7343,4.9096,448.3657,373.6638,0.0,False,True,0.0,test
coco:61:5:182,coco,61,2008_000244.jpg,5,bottle,bottle,True,0,2,0.13962477445602417,118.9033,322.8188,351.5396,374.6226,0.0,False,True,0.0,test
coco:61:5:182,coco,61,2008_000244.jpg,5,bottle,bottle,True,0,3,0.08493368327617645,119.3222,322.7549,257.0319,356.124,0.0,False,True,0.0,test
coco:61:5:182,coco,61,2008_000244.jpg,5,bottle,bottle,True,0,4,0.08233720809221268,0.5287,9.6395,62.3919,292.7033,0.0,False,True,0.0,test
coco:61:5:182,coco,61,2008_000244.jpg,5,bottle,bottle,True,0,5,0.0765937864780426,118.8871,322.7856,203.8735,356.7859,0.0,False,True,0.0,test
coco:61:5:182,coco,61,2008_000244.jpg,5,bottle,bottle,True,0,6,0.07386666536331177,118.7595,322.6626,218.5495,371.8645,0.0,False,True,0.0,test
coco:61:5:182,coco,61,2008_000244.jpg,5,bottle,bottle,True,0,7,0.06542373448610306,118.8353,322.6838,258.4229,373.4236,0.0,False,True,0.0,test
coco:61:5:182,coco,61,2008_000244.jpg,5,bottle,bottle,True,0,8,0.050047293305397034,14.6696,97.7086,61.8999,148.1747,0.0,False,True,0.0,test
coco:62:17:184,coco,62,2008_000246.jpg,17,sheep,sheep,True,0,0,0.0674276277422905,361.1967,230.85,389.3401,261.8261,0.0,False,True,0.0,test
coco:62:17:184,coco,62,2008_000246.jpg,17,sheep,sheep,True,0,1,0.057034943252801895,328.4938,230.667,390.7289,273.0567,0.0,False,True,0.0,test
coco:63:3:187,coco,63,2008_000251.jpg,3,bird,bird,True,0,0,0.09161241352558136,1.3403,15.0518,499.3856,293.6893,0.0,False,True,0.0,test
coco:64:7:189,coco,64,2008_000253.jpg,7,car,car,False,1,0,0.7695181369781494,255.5991,351.3901,318.7838,380.4908,0.8082282543182373,True,False,9.974910394265233,test
coco:64:7:189,coco,64,2008_000253.jpg,7,car,car,False,1,1,0.40088382363319397,15.1431,340.8484,26.7179,354.036,0.0,False,True,9.974910394265233,test
coco:64:7:189,coco,64,2008_000253.jpg,7,car,car,False,1,2,0.22022749483585358,79.0884,343.0602,86.648,351.5174,0.0,False,True,9.974910394265233,test
coco:64:7:189,coco,64,2008_000253.jpg,7,car,car,False,1,3,0.18475651741027832,67.7156,344.8215,75.8224,351.6218,0.0,False,True,0.0,test
coco:64:7:189,coco,64,2008_000253.jpg,7,car,car,False,1,4,0.16371729969978333,242.99,344.9568,268.9021,355.4117,0.04217931628227234,False,True,0.0,test
coco:64:7:189,coco,64,2008_000253.jpg,7,car,car,False,1,5,0.16350539028644562,85.9842,346.8506,99.7927,351.3411,0.0,False,True,0.0,test
coco:64:7:189,coco,64,2008_000253.jpg,7,car,car,False,1,6,0.1499433070421219,25.6985,345.662,29.8065,350.8976,0.0,False,True,0.0,test
coco:64:7:189,coco,64,2008_000253.jpg,7,car,car,False,1,7,0.11966592073440552,278.4948,352.6665,318.6649,379.7113,0.4775349795818329,False,True,0.0,test
coco:64:7:189,coco,64,2008_000253.jpg,7,car,car,False,1,8,0.11478827893733978,102.6134,344.1057,108.2832,347.9509,0.0,False,True,0.0,test
coco:64:7:189,coco,64,2008_000253.jpg,7,car,car,False,1,9,0.10978653281927109,111.0999,344.3295,123.8034,348.6502,0.0,False,True,0.0,test
coco:64:7:189,coco,64,2008_000253.jpg,7,car,car,False,1,10,0.10696172714233398,118.2336,344.5969,123.9304,348.4059,0.0,False,True,0.0,test
coco:64:7:189,coco,64,2008_000253.jpg,7,car,car,False,1,11,0.10489961504936218,242.2202,344.8321,279.7521,355.634,0.07584207504987717,False,True,0.0,test
coco:64:7:189,coco,64,2008_000253.jpg,7,car,car,False,1,12,0.10317642986774445,60.4142,345.699,66.7638,351.7,0.0,False,True,0.0,test
coco:64:7:189,coco,64,2008_000253.jpg,7,car,car,False,1,13,0.09087321162223816,255.6327,351.6131,298.9201,379.3062,0.5269277691841125,True,False,0.0,test
coco:64:7:189,coco,64,2008_000253.jpg,7,car,car,False,1,14,0.08418744057416916,79.0727,342.9152,99.7708,351.5193,0.0,False,True,0.0,test
coco:64:7:189,coco,64,2008_000253.jpg,7,car,car,False,1,15,0.08012405782938004,0.0748,296.3262,19.7879,421.9892,0.0,False,True,0.0,test
coco:64:7:189,coco,64,2008_000253.jpg,7,car,car,False,1,16,0.07918825000524521,0.1236,354.7748,19.747,421.7023,0.0,False,True,0.0,test
coco:64:7:189,coco,64,2008_000253.jpg,7,car,car,False,1,17,0.06913959234952927,207.8761,339.1507,231.3701,352.081,0.0,False,True,0.0,test
coco:64:7:189,coco,64,2008_000253.jpg,7,car,car,False,1,18,0.06746678799390793,0.4851,354.7918,18.5251,373.5956,0.0,False,True,0.0,test
coco:64:7:189,coco,64,2008_000253.jpg,7,car,car,False,1,19,0.06467891484498978,244.2254,345.1035,261.519,354.3228,0.017222976312041283,False,True,0.0,test
coco:64:7:189,coco,64,2008_000253.jpg,7,car,car,False,1,20,0.06189756840467453,91.6838,348.5198,99.9044,351.3071,0.0,False,True,0.0,test
coco:64:7:189,coco,64,2008_000253.jpg,7,car,car,False,1,21,0.060867197811603546,0.1283,341.386,17.1728,362.9651,0.0,False,True,0.0,test
coco:64:7:189,coco,64,2008_000253.jpg,7,car,car,False,1,22,0.057462178170681,0.0986,354.8736,19.5232,398.6128,0.0,False,True,0.0,test
coco:64:7:189,coco,64,2008_000253.jpg,7,car,car,False,1,23,0.05730424076318741,102.6208,344.0998,111.7525,348.2413,0.0,False,True,0.0,test
coco:64:7:189,coco,64,2008_000253.jpg,7,car,car,False,1,24,0.056260306388139725,110.2552,344.2733,115.7381,348.0985,0.0,False,True,0.0,test
coco:64:7:189,coco,64,2008_000253.jpg,7,car,car,False,1,25,0.054679833352565765,224.7564,343.7222,236.6089,352.4305,0.0,False,True,0.0,test
coco:64:7:189,coco,64,2008_000253.jpg,7,car,car,False,1,26,0.05416730418801308,85.768,341.2814,99.8662,351.1654,0.0,False,True,0.0,test
coco:64:7:189,coco,64,2008_000253.jpg,7,car,car,False,1,27,0.05259908363223076,23.2776,341.9445,29.246,350.9232,0.0,False,True,0.0,test
coco:64:7:189,coco,64,2008_000253.jpg,7,car,car,False,1,28,0.05187832936644554,85.0836,346.1314,89.6684,350.9227,0.0,False,True,0.0,test
coco:64:5:190,coco,64,2008_000253.jpg,5,bottle,bottle,True,0,0,0.10449269413948059,255.4866,351.3309,318.9268,380.596,0.0,False,True,0.0,test
coco:64:5:190,coco,64,2008_000253.jpg,5,bottle,bottle,True,0,1,0.09680172055959702,30.7133,474.1832,39.4028,492.7968,0.0,False,True,0.0,test
coco:64:5:190,coco,64,2008_000253.jpg,5,bottle,bottle,True,0,2,0.06389600783586502,15.1485,340.3973,27.1001,354.0898,0.0,False,True,0.0,test
coco:64:19:191,coco,64,2008_000253.jpg,19,train,train,True,0,0,0.34035560488700867,15.126,340.1708,26.886,354.1358,0.0,False,True,9.974910394265233,test
coco:64:19:191,coco,64,2008_000253.jpg,19,train,train,True,0,1,0.19268082082271576,0.1184,229.9453,22.4334,499.0103,0.0,False,True,0.0,test
coco:64:19:191,coco,64,2008_000253.jpg,19,train,train,True,0,2,0.18198761343955994,0.0681,229.9916,20.7968,424.6507,0.0,False,True,0.0,test
coco:64:19:191,coco,64,2008_000253.jpg,19,train,train,True,0,3,0.17132657766342163,65.9594,331.2139,131.8836,351.7958,0.0,False,True,0.0,test
coco:64:19:191,coco,64,2008_000253.jpg,19,train,train,True,0,4,0.16659030318260193,78.7996,342.7665,86.7204,351.9155,0.0,False,True,0.0,test
coco:64:19:191,coco,64,2008_000253.jpg,19,train,train,True,0,5,0.14465293288230896,0.0604,229.5689,36.7588,499.1719,0.0,False,True,0.0,test
coco:64:19:191,coco,64,2008_000253.jpg,19,train,train,True,0,6,0.1412915289402008,88.1388,331.3858,131.272,350.1968,0.0,False,True,0.0,test
coco:64:19:191,coco,64,2008_000253.jpg,19,train,train,True,0,7,0.13932131230831146,61.3303,0.5268,337.3936,380.9098,0.0,False,True,0.0,test
coco:64:19:191,coco,64,2008_000253.jpg,19,train,train,True,0,8,0.1381227970123291,7.3354,348.1276,337.6882,499.729,0.0,False,True,0.0,test
coco:64:19:191,coco,64,2008_000253.jpg,19,train,train,True,0,9,0.13213512301445007,111.4896,333.0796,127.201,348.3731,0.0,False,True,0.0,test
coco:64:19:191,coco,64,2008_000253.jpg,19,train,train,True,0,10,0.12275127321481705,215.5981,142.6821,252.3203,173.3513,0.0,False,True,0.0,test
coco:64:19:191,coco,64,2008_000253.jpg,19,train,train,True,0,11,0.11375969648361206,88.6619,336.0383,102.7805,350.8706,0.0,False,True,0.0,test
coco:64:19:191,coco,64,2008_000253.jpg,19,train,train,True,0,12,0.104764424264431,0.9559,0.255,337.242,500.2439,0.0,False,True,0.0,test
coco:64:19:191,coco,64,2008_000253.jpg,19,train,train,True,0,13,0.10157493501901627,0.0675,295.9283,19.6227,422.1889,0.0,False,True,0.0,test
coco:64:19:191,coco,64,2008_000253.jpg,19,train,train,True,0,14,0.09843715280294418,0.1116,355.0839,19.9244,422.0053,0.0,False,True,0.0,test
coco:64:19:191,coco,64,2008_000253.jpg,19,train,train,True,0,15,0.0973840281367302,269.3009,0.053,337.6287,376.457,0.0,False,True,0.0,test
coco:64:19:191,coco,64,2008_000253.jpg,19,train,train,True,0,16,0.09489111602306366,106.7682,332.438,132.6724,348.8399,0.0,False,True,0.0,test
coco:64:19:191,coco,64,2008_000253.jpg,19,train,train,True,0,17,0.09416915476322174,78.7131,342.3094,100.0872,351.7783,0.0,False,True,0.0,test
coco:64:19:191,coco,64,2008_000253.jpg,19,train,train,True,0,18,0.094154492020607,65.4694,226.2583,137.3817,351.5065,0.0,False,True,0.0,test
coco:64:19:191,coco,64,2008_000253.jpg,19,train,train,True,0,19,0.09211093187332153,66.6586,342.4009,100.203,352.1752,0.0,False,True,0.0,test
coco:64:19:191,coco,64,2008_000253.jpg,19,train,train,True,0,20,0.09168277680873871,0.1843,230.34,20.5559,362.0737,0.0,False,True,0.0,test
coco:64:19:191,coco,64,2008_000253.jpg,19,train,train,True,0,21,0.08924760669469833,255.4655,351.0613,319.0465,380.6453,0.0,False,True,0.0,test
coco:64:19:191,coco,64,2008_000253.jpg,19,train,train,True,0,22,0.0851379781961441,78.4938,332.2203,102.8033,352.0304,0.0,False,True,0.0,test
coco:64:19:191,coco,64,2008_000253.jpg,19,train,train,True,0,23,0.08511386066675186,0.0908,296.2248,17.8897,362.1255,0.0,False,True,0.0,test
coco:64:19:191,coco,64,2008_000253.jpg,19,train,train,True,0,24,0.08489396423101425,15.2228,329.37,133.1281,352.2935,0.0,False,True,0.0,test
coco:64:19:191,coco,64,2008_000253.jpg,19,train,train,True,0,25,0.08447358757257462,67.0766,343.6095,76.2347,351.7319,0.0,False,True,0.0,test
coco:64:19:191,coco,64,2008_000253.jpg,19,train,train,True,0,26,0.07924973219633102,66.6581,342.2359,87.2102,352.0957,0.0,False,True,0.0,test
coco:64:19:191,coco,64,2008_000253.jpg,19,train,train,True,0,27,0.07692940533161163,147.8095,176.9576,180.4,201.9216,0.0,False,True,0.0,test
coco:64:19:191,coco,64,2008_000253.jpg,19,train,train,True,0,28,0.07539739459753036,86.526,346.7028,100.1874,351.2852,0.0,False,True,0.0,test
coco:64:19:191,coco,64,2008_000253.jpg,19,train,train,True,0,29,0.07477927953004837,65.4004,142.8199,281.5922,356.872,0.0,False,True,0.0,test
coco:64:19:191,coco,64,2008_000253.jpg,19,train,train,True,0,30,0.07170096784830093,16.7042,328.4596,61.8162,351.6288,0.0,False,True,0.0,test
coco:64:19:191,coco,64,2008_000253.jpg,19,train,train,True,0,31,0.0680539533495903,25.4554,345.1537,29.9076,351.1842,0.0,False,True,0.0,test
coco:64:19:191,coco,64,2008_000253.jpg,19,train,train,True,0,32,0.06765332818031311,0.4998,229.1946,337.201,499.5851,0.0,False,True,0.0,test
coco:64:19:191,coco,64,2008_000253.jpg,19,train,train,True,0,33,0.06499774754047394,0.1054,295.6582,25.811,499.3522,0.0,False,True,0.0,test
coco:64:19:191,coco,64,2008_000253.jpg,19,train,train,True,0,34,0.0642683282494545,35.5497,342.6334,39.8857,351.9019,0.0,False,True,0.0,test
coco:64:19:191,coco,64,2008_000253.jpg,19,train,train,True,0,35,0.06212206557393074,88.4279,331.2803,112.7871,350.0044,0.0,False,True,0.0,test
coco:64:19:191,coco,64,2008_000253.jpg,19,train,train,True,0,36,0.06185738742351532,0.4474,337.7199,27.6129,361.3181,0.0,False,True,0.0,test
coco:64:19:191,coco,64,2008_000253.jpg,19,train,train,True,0,37,0.059909023344516754,0.0713,296.1216,26.8358,358.9569,0.0,False,True,0.0,test
coco:64:19:191,coco,64,2008_000253.jpg,19,train,train,True,0,38,0.05796157941222191,65.3968,320.8189,133.1735,351.6545,0.0,False,True,0.0,test
coco:64:19:191,coco,64,2008_000253.jpg,19,train,train,True,0,39,0.05713314190506935,66.2001,265.1049,100.9789,351.8476,0.0,False,True,0.0,test
coco:64:19:191,coco,64,2008_000253.jpg,19,train,train,True,0,40,0.0569704994559288,0.1333,354.2327,21.7191,499.3714,0.0,False,True,0.0,test
coco:64:19:191,coco,64,2008_000253.jpg,19,train,train,True,0,41,0.05596134439110756,233.2443,290.3939,247.8548,363.6206,0.0,False,True,0.0,test
coco:64:19:191,coco,64,2008_000253.jpg,19,train,train,True,0,42,0.05575920268893242,34.2315,342.1137,47.3019,352.032,0.0,False,True,0.0,test
coco:64:19:191,coco,64,2008_000253.jpg,19,train,train,True,0,43,0.055681195110082626,96.0215,226.007,136.5738,348.4084,0.0,False,True,0.0,test
coco:64:19:191,coco,64,2008_000253.jpg,19,train,train,True,0,44,0.05525718256831169,103.2415,332.3058,114.1206,347.7906,0.0,False,True,0.0,test
coco:64:19:191,coco,64,2008_000253.jpg,19,train,train,True,0,45,0.05491804704070091,0.1055,353.1347,37.7607,499.526,0.0,False,True,0.0,test
coco:64:19:191,coco,64,2008_000253.jpg,19,train,train,True,0,46,0.05405876412987709,78.6184,338.1675,101.8981,352.0493,0.0,False,True,0.0,test
coco:64:19:191,coco,64,2008_000253.jpg,19,train,train,True,0,47,0.05342717841267586,78.1811,333.2195,89.7173,351.9216,0.0,False,True,0.0,test
coco:64:19:191,coco,64,2008_000253.jpg,19,train,train,True,0,48,0.05291060358285904,244.2906,344.3933,269.4418,355.3867,0.0,False,True,0.0,test
coco:64:19:191,coco,64,2008_000253.jpg,19,train,train,True,0,49,0.05107393115758896,66.3884,252.6379,125.5815,351.4115,0.0,False,True,0.0,test
coco:64:19:191,coco,64,2008_000253.jpg,19,train,train,True,0,50,0.05105332285165787,147.9156,184.6161,166.9791,200.4355,0.0,False,True,0.0,test
coco:64:19:191,coco,64,2008_000253.jpg,19,train,train,True,0,51,0.05086531862616539,65.3478,331.6317,103.1622,352.2352,0.0,False,True,0.0,test
coco:64:19:191,coco,64,2008_000253.jpg,19,train,train,True,0,52,0.05075547471642494,147.8116,184.7928,180.2565,201.3723,0.0,False,True,0.0,test
coco:66:2:197,coco,66,2008_000257.jpg,2,bicycle,bicycle,True,0,0,0.055192746222019196,73.3127,319.4714,108.7908,342.5826,0.0,False,True,0.0,test
coco:66:2:197,coco,66,2008_000257.jpg,2,bicycle,bicycle,True,0,1,0.054885383695364,122.1539,319.3511,145.6143,343.0607,0.0,False,True,0.0,test
coco:67:15:198,coco,67,2008_000261.jpg,15,person,person,False,1,0,0.7964807152748108,166.1783,48.5857,366.5196,374.5698,0.9790139198303223,True,False,9.974910394265233,test
coco:67:15:198,coco,67,2008_000261.jpg,15,person,person,False,1,1,0.10799028724431992,1.2823,48.1682,365.415,374.5405,0.5402591228485107,True,False,0.0,test
coco:67:13:200,coco,67,2008_000261.jpg,13,horse,horse,True,0,0,0.06158936768770218,0.7907,0.1427,499.6072,375.1362,0.0,False,True,0.0,test
coco:67:13:200,coco,67,2008_000261.jpg,13,horse,horse,True,0,1,0.05372611805796623,167.9528,48.4706,366.3185,374.2798,0.0,False,True,0.0,test
coco:67:13:200,coco,67,2008_000261.jpg,13,horse,horse,True,0,2,0.05222350358963013,99.3663,186.5327,154.5659,271.6002,0.0,False,True,0.0,test
coco:68:17:202,coco,68,2008_000264.jpg,17,sheep,sheep,True,0,0,0.2031397670507431,101.8445,320.1532,190.1942,478.9737,0.0,False,True,9.974910394265233,test
coco:68:17:202,coco,68,2008_000264.jpg,17,sheep,sheep,True,0,1,0.16652566194534302,46.9646,26.342,330.6527,499.0096,0.0,False,True,0.0,test
coco:68:17:202,coco,68,2008_000264.jpg,17,sheep,sheep,True,0,2,0.08091240376234055,165.1201,25.8924,194.2451,55.7893,0.0,False,True,0.0,test
coco:68:17:202,coco,68,2008_000264.jpg,17,sheep,sheep,True,0,3,0.06495847553014755,47.6572,178.6673,330.3946,498.8219,0.0,False,True,0.0,test
coco:68:17:202,coco,68,2008_000264.jpg,17,sheep,sheep,True,0,4,0.057972557842731476,47.8338,26.4189,226.7765,495.6364,0.0,False,True,0.0,test
coco:68:17:202,coco,68,2008_000264.jpg,17,sheep,sheep,True,0,5,0.055228691548109055,56.9128,25.902,206.8101,194.7466,0.0,False,True,0.0,test
coco:68:17:202,coco,68,2008_000264.jpg,17,sheep,sheep,True,0,6,0.0551152266561985,112.7173,321.6488,175.6267,401.1961,0.0,False,True,0.0,test
coco:68:8:203,coco,68,2008_000264.jpg,8,cat,cat,True,0,0,0.4661538302898407,101.6045,320.1033,190.0119,480.3442,0.0,False,True,9.974910394265233,test
coco:68:8:203,coco,68,2008_000264.jpg,8,cat,cat,True,0,1,0.2097029983997345,47.4151,32.1291,330.386,498.8197,0.0,False,True,9.974910394265233,test
coco:68:8:203,coco,68,2008_000264.jpg,8,cat,cat,True,0,2,0.13348644971847534,102.9488,326.4004,170.6989,456.3375,0.0,False,True,0.0,test
coco:68:8:203,coco,68,2008_000264.jpg,8,cat,cat,True,0,3,0.1219916120171547,115.5164,323.4343,175.6011,401.1138,0.0,False,True,0.0,test
coco:68:8:203,coco,68,2008_000264.jpg,8,cat,cat,True,0,4,0.11916051805019379,106.2474,320.3605,183.3207,407.8981,0.0,False,True,0.0,test
coco:68:8:203,coco,68,2008_000264.jpg,8,cat,cat,True,0,5,0.10917665809392929,55.3664,32.5897,220.2592,200.9167,0.0,False,True,0.0,test
coco:68:8:203,coco,68,2008_000264.jpg,8,cat,cat,True,0,6,0.09839003533124924,117.6772,325.7857,174.1677,375.4676,0.0,False,True,0.0,test
coco:68:8:203,coco,68,2008_000264.jpg,8,cat,cat,True,0,7,0.08699818700551987,47.6757,173.0789,330.1264,498.7428,0.0,False,True,0.0,test
coco:68:8:203,coco,68,2008_000264.jpg,8,cat,cat,True,0,8,0.080652616918087,116.7333,329.5827,161.7698,400.7963,0.0,False,True,0.0,test
coco:68:8:203,coco,68,2008_000264.jpg,8,cat,cat,True,0,9,0.0657828152179718,117.9215,329.7117,158.0196,375.8038,0.0,False,True,0.0,test
coco:68:8:203,coco,68,2008_000264.jpg,8,cat,cat,True,0,10,0.05908657982945442,87.9767,293.6817,197.6199,498.5413,0.0,False,True,0.0,test
coco:68:8:203,coco,68,2008_000264.jpg,8,cat,cat,True,0,11,0.051278263330459595,164.51,174.4052,331.1635,497.2556,0.0,False,True,0.0,test
coco:68:8:203,coco,68,2008_000264.jpg,8,cat,cat,True,0,12,0.05066022649407387,165.1891,25.8203,194.3012,56.0169,0.0,False,True,0.0,test
coco:68:8:203,coco,68,2008_000264.jpg,8,cat,cat,True,0,13,0.05023166164755821,89.973,319.2649,249.2086,499.2053,0.0,False,True,0.0,test
coco:69:9:205,coco,69,2008_000268.jpg,9,chair,chair,True,0,0,0.3374631106853485,0.0628,0.397,499.3924,333.3259,0.0,False,True,9.974910394265233,test
coco:69:9:205,coco,69,2008_000268.jpg,9,chair,chair,True,0,1,0.13540241122245789,0.1761,0.8074,232.8761,333.1597,0.0,False,True,0.0,test
coco:69:9:205,coco,69,2008_000268.jpg,9,chair,chair,True,0,2,0.1339195966720581,172.9907,2.8744,498.7207,333.1053,0.0,False,True,0.0,test
coco:69:9:205,coco,69,2008_000268.jpg,9,chair,chair,True,0,3,0.08578607439994812,0.2286,0.191,51.5918,62.509,0.0,False,True,0.0,test
coco:69:9:205,coco,69,2008_000268.jpg,9,chair,chair,True,0,4,0.08253240585327148,133.8332,-0.0476,236.1216,90.4849,0.0,False,True,0.0,test
coco:69:9:205,coco,69,2008_000268.jpg,9,chair,chair,True,0,5,0.07374091446399689,0.2453,0.2623,235.9597,89.8241,0.0,False,True,0.0,test
coco:69:9:205,coco,69,2008_000268.jpg,9,chair,chair,True,0,6,0.0612109936773777,240.0384,0.2541,474.0349,37.5614,0.0,False,True,0.0,test
coco:69:3:206,coco,69,2008_000268.jpg,3,bird,bird,True,0,0,0.0886259451508522,326.537,135.4812,489.5645,333.129,0.0,False,True,0.0,test
coco:69:3:206,coco,69,2008_000268.jpg,3,bird,bird,True,0,1,0.07650382071733475,89.9461,295.0921,120.7764,325.2971,0.0,False,True,0.0,test
coco:69:3:206,coco,69,2008_000268.jpg,3,bird,bird,True,0,2,0.07438954710960388,0.5251,264.926,268.6113,333.7177,0.0,False,True,0.0,test
coco:69:3:206,coco,69,2008_000268.jpg,3,bird,bird,True,0,3,0.06338154524564743,89.6418,294.629,133.8448,332.7734,0.0,False,True,0.0,test
coco:70:6:208,coco,70,2008_000270.jpg,6,bus,bus,True,0,0,0.15657886862754822,1.5414,81.8922,498.8911,333.3707,0.0,False,True,0.0,test
coco:70:19:209,coco,70,2008_000270.jpg,19,train,train,True,0,0,0.09452521800994873,2.4467,81.2343,498.5849,333.3117,0.0,False,True,0.0,test
coco:70:19:209,coco,70,2008_000270.jpg,19,train,train,True,0,1,0.07090198993682861,29.3711,181.3354,269.1313,301.5187,0.0,False,True,0.0,test
coco:72:5:213,coco,72,2008_000272.jpg,5,bottle,bottle,False,1,0,0.69964200258255,51.5962,199.0409,71.5016,270.2442,0.8216410279273987,True,False,9.974910394265233,test
coco:72:5:213,coco,72,2008_000272.jpg,5,bottle,bottle,False,1,1,0.401658296585083,70.3339,245.7914,82.2308,271.5553,0.04876134172081947,False,True,9.974910394265233,test
coco:72:5:213,coco,72,2008_000272.jpg,5,bottle,bottle,False,1,2,0.16900140047073364,137.1868,168.9996,142.6797,180.9787,0.0,False,True,0.0,test
coco:72:5:213,coco,72,2008_000272.jpg,5,bottle,bottle,False,1,3,0.16671216487884521,30.6268,241.6006,38.4197,266.2373,0.0,False,True,0.0,test
coco:72:5:213,coco,72,2008_000272.jpg,5,bottle,bottle,False,1,4,0.16340869665145874,142.7602,168.6434,149.2449,181.5349,0.0,False,True,0.0,test
coco:72:5:213,coco,72,2008_000272.jpg,5,bottle,bottle,False,1,5,0.14827430248260498,137.3557,168.505,149.2751,181.6816,0.0,False,True,0.0,test
coco:72:5:213,coco,72,2008_000272.jpg,5,bottle,bottle,False,1,6,0.12559758126735687,24.3172,217.6951,47.5215,266.9755,0.0,False,True,0.0,test
coco:72:5:213,coco,72,2008_000272.jpg,5,bottle,bottle,False,1,7,0.11463886499404907,24.1819,217.6027,43.1747,232.0952,0.0,False,True,0.0,test
coco:72:5:213,coco,72,2008_000272.jpg,5,bottle,bottle,False,1,8,0.07209816575050354,115.8453,0.5454,123.8026,19.1758,0.0,False,True,0.0,test
coco:72:5:213,coco,72,2008_000272.jpg,5,bottle,bottle,False,1,9,0.06702746450901031,32.9874,179.7469,178.9582,265.5688,0.12442059814929962,False,True,0.0,test
coco:72:5:213,coco,72,2008_000272.jpg,5,bottle,bottle,False,1,10,0.056704115122556686,1.1127,245.062,6.9679,287.7935,0.0,False,True,0.0,test
coco:72:5:213,coco,72,2008_000272.jpg,5,bottle,bottle,False,1,11,0.05570417642593384,51.3651,199.657,60.8301,260.2318,0.3323724865913391,False,True,0.0,test
coco:72:5:213,coco,72,2008_000272.jpg,5,bottle,bottle,False,1,12,0.05056168511509895,110.6486,0.1602,123.968,19.354,0.0,False,True,0.0,test
coco:72:5:213,coco,72,2008_000272.jpg,5,bottle,bottle,False,1,13,0.050306908786296844,90.3144,0.12,98.4073,10.7412,0.0,False,True,0.0,test
coco:72:3:214,coco,72,2008_000272.jpg,3,bird,bird,True,0,0,0.09489665180444717,32.6809,180.4973,179.8762,265.5334,0.0,False,True,0.0,test
coco:72:3:214,coco,72,2008_000272.jpg,3,bird,bird,True,0,1,0.06231117993593216,23.8002,217.1504,42.8525,230.8711,0.0,False,True,0.0,test
coco:72:16:215,coco,72,2008_000272.jpg,16,pottedplant,pottedplant,True,0,0,0.12047725915908813,23.6,217.1315,43.1142,231.4481,0.0,False,True,0.0,test
coco:72:16:215,coco,72,2008_000272.jpg,16,pottedplant,pottedplant,True,0,1,0.11300276964902878,198.4926,31.0409,232.2828,41.017,0.0,False,True,0.0,test
coco:72:16:215,coco,72,2008_000272.jpg,16,pottedplant,pottedplant,True,0,2,0.11276533454656601,171.3192,178.6219,208.173,221.292,0.0,False,True,0.0,test
coco:72:16:215,coco,72,2008_000272.jpg,16,pottedplant,pottedplant,True,0,3,0.09936066716909409,32.435,180.2798,180.3609,265.7154,0.0,False,True,0.0,test
coco:72:16:215,coco,72,2008_000272.jpg,16,pottedplant,pottedplant,True,0,4,0.0911366268992424,197.5286,30.908,256.5721,49.1889,0.0,False,True,0.0,test
coco:72:16:215,coco,72,2008_000272.jpg,16,pottedplant,pottedplant,True,0,5,0.07473913580179214,293.3589,357.3865,315.4143,368.5409,0.0,False,True,0.0,test
coco:72:16:215,coco,72,2008_000272.jpg,16,pottedplant,pottedplant,True,0,6,0.07344131171703339,147.9793,165.919,219.7372,229.62,0.0,False,True,0.0,test
coco:72:16:215,coco,72,2008_000272.jpg,16,pottedplant,pottedplant,True,0,7,0.06844107061624527,86.0194,158.7662,138.8857,187.3406,0.0,False,True,0.0,test
coco:72:16:215,coco,72,2008_000272.jpg,16,pottedplant,pottedplant,True,0,8,0.06785042583942413,137.2101,168.3852,149.5143,181.9327,0.0,False,True,0.0,test
coco:72:16:215,coco,72,2008_000272.jpg,16,pottedplant,pottedplant,True,0,9,0.056394003331661224,0.6258,0.0447,186.4389,163.7506,0.0,False,True,0.0,test
coco:72:16:215,coco,72,2008_000272.jpg,16,pottedplant,pottedplant,True,0,10,0.052255623042583466,232.8736,35.3737,256.771,48.8048,0.0,False,True,0.0,test
coco:72:16:215,coco,72,2008_000272.jpg,16,pottedplant,pottedplant,True,0,11,0.05135539174079895,404.4235,245.6462,447.2243,303.1387,0.0,False,True,0.0,test
coco:73:16:216,coco,73,2008_000274.jpg,16,pottedplant,pottedplant,False,6,0,0.6053206920623779,148.2292,248.4338,174.2354,280.8933,0.8790995478630066,True,False,9.974910394265233,test
coco:73:16:216,coco,73,2008_000274.jpg,16,pottedplant,pottedplant,False,6,1,0.5243974924087524,93.331,178.2655,113.2716,216.2298,0.1408591866493225,False,True,9.974910394265233,test
coco:73:16:216,coco,73,2008_000274.jpg,16,pottedplant,pottedplant,False,6,2,0.5057696104049683,0.1488,217.6905,27.5007,284.5757,0.0611540749669075,False,True,9.974910394265233,test
coco:73:16:216,coco,73,2008_000274.jpg,16,pottedplant,pottedplant,False,6,3,0.5015254020690918,76.9646,191.2418,100.6132,238.1554,0.6694058775901794,True,False,9.974910394265233,test
coco:73:16:216,coco,73,2008_000274.jpg,16,pottedplant,pottedplant,False,6,4,0.42705491185188293,98.9191,217.672,128.4756,255.3643,0.5038032531738281,True,False,9.974910394265233,test
coco:73:16:216,coco,73,2008_000274.jpg,16,pottedplant,pottedplant,False,6,5,0.3995789885520935,180.2184,249.3164,265.6196,310.743,0.879548192024231,True,False,9.974910394265233,test
coco:73:16:216,coco,73,2008_000274.jpg,16,pottedplant,pottedplant,False,6,6,0.3726937770843506,145.3532,230.249,190.4389,264.973,0.32910534739494324,False,True,9.974910394265233,test
coco:73:16:216,coco,73,2008_000274.jpg,16,pottedplant,pottedplant,False,6,7,0.31658998131752014,76.2144,154.8746,110.914,238.0665,0.29480963945388794,False,True,9.974910394265233,test
coco:73:16:216,coco,73,2008_000274.jpg,16,pottedplant,pottedplant,False,6,8,0.295815110206604,88.4426,154.9803,113.1231,216.5909,0.1541544497013092,False,True,9.974910394265233,test
coco:73:16:216,coco,73,2008_000274.jpg,16,pottedplant,pottedplant,False,6,9,0.294086754322052,108.2522,220.6134,126.1061,245.8785,0.5088109970092773,True,False,9.974910394265233,test
coco:73:16:216,coco,73,2008_000274.jpg,16,pottedplant,pottedplant,False,6,10,0.2779839336872101,19.6169,182.3374,87.0659,274.6984,0.9404687285423279,True,False,9.974910394265233,test
coco:73:16:216,coco,73,2008_000274.jpg,16,pottedplant,pottedplant,False,6,11,0.27484050393104553,123.3746,229.442,189.9599,281.7102,0.7181963324546814,True,False,9.974910394265233,test
coco:73:16:216,coco,73,2008_000274.jpg,16,pottedplant,pottedplant,False,6,12,0.26194819808006287,174.7803,248.7007,265.6441,331.5481,0.619169294834137,True,False,9.974910394265233,test
coco:73:16:216,coco,73,2008_000274.jpg,16,pottedplant,pottedplant,False,6,13,0.21683350205421448,120.5959,229.8948,154.6893,281.5659,0.3692936897277832,False,True,9.974910394265233,test
coco:73:16:216,coco,73,2008_000274.jpg,16,pottedplant,pottedplant,False,6,14,0.21565543115139008,169.9513,235.6596,190.4173,264.9198,0.12588630616664886,False,True,9.974910394265233,test
coco:73:16:216,coco,73,2008_000274.jpg,16,pottedplant,pottedplant,False,6,15,0.21314704418182373,100.4081,218.2111,126.021,245.9815,0.37117332220077515,False,True,9.974910394265233,test
coco:73:16:216,coco,73,2008_000274.jpg,16,pottedplant,pottedplant,False,6,16,0.20676197111606598,99.6221,218.8651,115.3526,240.7668,0.11750862747430801,False,True,9.974910394265233,test
coco:73:16:216,coco,73,2008_000274.jpg,16,pottedplant,pottedplant,False,6,17,0.17827631533145905,80.0399,211.0039,100.5492,238.1295,0.4988321363925934,False,True,0.0,test
coco:73:16:216,coco,73,2008_000274.jpg,16,pottedplant,pottedplant,False,6,18,0.17281317710876465,98.8184,218.7364,115.4524,250.8153,0.17083583772182465,False,True,0.0,test
coco:73:16:216,coco,73,2008_000274.jpg,16,pottedplant,pottedplant,False,6,19,0.16927482187747955,108.4733,232.6067,125.3329,245.6119,0.34546929597854614,False,True,0.0,test
coco:73:16:216,coco,73,2008_000274.jpg,16,pottedplant,pottedplant,False,6,20,0.16744466125965118,134.1611,283.816,155.3386,316.092,0.054095327854156494,False,True,0.0,test
coco:73:16:216,coco,73,2008_000274.jpg,16,pottedplant,pottedplant,False,6,21,0.158677875995636,143.9959,229.7525,169.398,255.1146,0.13393321633338928,False,True,0.0,test
coco:73:16:216,coco,73,2008_000274.jpg,16,pottedplant,pottedplant,False,6,22,0.15131834149360657,0.3135,218.595,27.3266,252.6735,0.03908059373497963,False,True,0.0,test
coco:73:16:216,coco,73,2008_000274.jpg,16,pottedplant,pottedplant,False,6,23,0.14926400780677795,141.464,229.6955,161.1162,255.0588,0.10339337587356567,False,True,0.0,test
coco:73:16:216,coco,73,2008_000274.jpg,16,pottedplant,pottedplant,False,6,24,0.14551107585430145,183.2175,250.4091,209.5349,278.3488,0.14551600813865662,False,True,0.0,test
coco:73:16:216,coco,73,2008_000274.jpg,16,pottedplant,pottedplant,False,6,25,0.14415675401687622,146.9623,231.1732,189.9712,281.0667,0.45109647512435913,False,True,0.0,test
coco:73:16:216,coco,73,2008_000274.jpg,16,pottedplant,pottedplant,False,6,26,0.13401709496974945,88.3209,154.5576,110.2403,193.0992,0.0007903278456069529,False,True,0.0,test
coco:73:16:216,coco,73,2008_000274.jpg,16,pottedplant,pottedplant,False,6,27,0.13242562115192413,303.1096,222.6633,311.5656,238.0097,0.0,False,True,0.0,test
coco:73:16:216,coco,73,2008_000274.jpg,16,pottedplant,pottedplant,False,6,28,0.13128173351287842,310.5299,222.3801,318.4061,239.4804,0.0,False,True,0.0,test
coco:73:16:216,coco,73,2008_000274.jpg,16,pottedplant,pottedplant,False,6,29,0.12914711236953735,0.175,179.3933,29.1874,284.7622,0.1118616834282875,False,True,0.0,test
coco:73:16:216,coco,73,2008_000274.jpg,16,pottedplant,pottedplant,False,6,30,0.12790881097316742,51.8166,185.0495,79.801,255.1839,0.2962968349456787,False,True,0.0,test
coco:73:16:216,coco,73,2008_000274.jpg,16,pottedplant,pottedplant,False,6,31,0.12783575057983398,78.8578,154.4113,110.2573,219.362,0.207614004611969,False,True,0.0,test
coco:73:16:216,coco,73,2008_000274.jpg,16,pottedplant,pottedplant,False,6,32,0.12371048331260681,319.9038,224.0402,328.4611,241.799,0.0,False,True,0.0,test
coco:73:16:216,coco,73,2008_000274.jpg,16,pottedplant,pottedplant,False,6,33,0.1226365938782692,172.0311,242.9753,190.4207,264.8573,0.08459126204252243,False,True,0.0,test
coco:73:16:216,coco,73,2008_000274.jpg,16,pottedplant,pottedplant,False,6,34,0.1171671450138092,75.7249,205.6111,87.6306,226.6493,0.09485391527414322,False,True,0.0,test
coco:73:16:216,coco,73,2008_000274.jpg,16,pottedplant,pottedplant,False,6,35,0.11607825756072998,316.5946,224.6183,323.6319,240.7766,0.0,False,True,0.0,test
coco:73:16:216,coco,73,2008_000274.jpg,16,pottedplant,pottedplant,False,6,36,0.11357589066028595,75.9721,192.2169,91.4733,227.0623,0.2564317584037781,False,True,0.0,test
coco:73:16:216,coco,73,2008_000274.jpg,16,pottedplant,pottedplant,False,6,37,0.1083180233836174,207.9347,254.4514,265.6222,309.1004,0.6239875555038452,True,False,0.0,test
coco:73:16:216,coco,73,2008_000274.jpg,16,pottedplant,pottedplant,False,6,38,0.10826937109231949,77.8082,190.681,96.4106,221.7604,0.36165937781333923,False,True,0.0,test
coco:73:16:216,coco,73,2008_000274.jpg,16,pottedplant,pottedplant,False,6,39,0.10636629909276962,117.9732,229.8066,157.1645,296.55,0.5048099160194397,True,False,0.0,test
coco:73:16:216,coco,73,2008_000274.jpg,16,pottedplant,pottedplant,False,6,40,0.1047845333814621,303.0261,220.906,329.0356,260.6951,0.0,False,True,0.0,test
coco:73:16:216,coco,73,2008_000274.jpg,16,pottedplant,pottedplant,False,6,41,0.10330040007829666,303.2919,221.4433,328.6971,241.6988,0.0,False,True,0.0,test
coco:73:16:216,coco,73,2008_000274.jpg,16,pottedplant,pottedplant,False,6,42,0.09931416064500809,19.9827,154.9269,110.3219,274.1622,0.5925752520561218,True,False,0.0,test
coco:73:16:216,coco,73,2008_000274.jpg,16,pottedplant,pottedplant,False,6,43,0.09804102033376694,126.2605,229.718,157.6751,257.3633,0.18036824464797974,False,True,0.0,test
coco:73:16:216,coco,73,2008_000274.jpg,16,pottedplant,pottedplant,False,6,44,0.09561589360237122,182.7719,250.0188,240.0195,278.8966,0.3362376093864441,False,True,0.0,test
coco:73:16:216,coco,73,2008_000274.jpg,16,pottedplant,pottedplant,False,6,45,0.09380509704351425,97.9761,217.715,149.7301,281.7205,0.23540790379047394,False,True,0.0,test
coco:73:16:216,coco,73,2008_000274.jpg,16,pottedplant,pottedplant,False,6,46,0.09280889481306076,303.5265,221.9772,318.4075,239.3811,0.0,False,True,0.0,test
coco:73:16:216,coco,73,2008_000274.jpg,16,pottedplant,pottedplant,False,6,47,0.09051910787820816,17.9963,136.5919,24.4428,144.1609,0.0,False,True,0.0,test
coco:73:16:216,coco,73,2008_000274.jpg,16,pottedplant,pottedplant,False,6,48,0.09044433385133743,107.7314,233.2818,126.7904,255.3192,0.6164811849594116,True,False,0.0,test
coco:73:16:216,coco,73,2008_000274.jpg,16,pottedplant,pottedplant,False,6,49,0.08912141621112823,147.5777,230.102,160.026,242.4093,0.032206133008003235,False,True,0.0,test
coco:73:16:216,coco,73,2008_000274.jpg,16,pottedplant,pottedplant,False,6,50,0.08322320878505707,145.5708,238.9583,169.1819,255.6258,0.12713311612606049,False,True,0.0,test
coco:73:16:216,coco,73,2008_000274.jpg,16,pottedplant,pottedplant,False,6,51,0.0828586295247078,160.5624,234.547,190.5085,264.7422,0.1900838315486908,False,True,0.0,test
coco:73:16:216,coco,73,2008_000274.jpg,16,pottedplant,pottedplant,False,6,52,0.0826588049530983,450.7558,147.7994,466.9745,169.9054,0.0,False,True,0.0,test
coco:73:16:216,coco,73,2008_000274.jpg,16,pottedplant,pottedplant,False,6,53,0.08143394440412521,97.916,217.6795,132.0155,293.1162,0.2363595813512802,False,True,0.0,test
coco:73:16:216,coco,73,2008_000274.jpg,16,pottedplant,pottedplant,False,6,54,0.07987195998430252,96.2412,217.4953,266.057,314.5596,0.2885993719100952,False,True,0.0,test
coco:73:16:216,coco,73,2008_000274.jpg,16,pottedplant,pottedplant,False,6,55,0.07906366139650345,97.924,217.4446,190.3925,283.4841,0.5303614139556885,True,False,0.0,test
coco:73:16:216,coco,73,2008_000274.jpg,16,pottedplant,pottedplant,False,6,56,0.07860454171895981,312.4487,242.1741,319.8272,259.0886,0.0,False,True,0.0,test
coco:73:16:216,coco,73,2008_000274.jpg,16,pottedplant,pottedplant,False,6,57,0.07828273624181747,11.9806,136.5906,24.6168,144.4473,0.0,False,True,0.0,test
coco:73:16:216,coco,73,2008_000274.jpg,16,pottedplant,pottedplant,False,6,58,0.07494481652975082,93.8426,178.8636,128.8659,255.6523,0.2145097702741623,False,True,0.0,test
coco:73:16:216,coco,73,2008_000274.jpg,16,pottedplant,pottedplant,False,6,59,0.07414660602807999,141.1185,229.5896,159.2623,242.4246,0.04731480032205582,False,True,0.0,test
coco:73:16:216,coco,73,2008_000274.jpg,16,pottedplant,pottedplant,False,6,60,0.07326197624206543,100.1735,233.3032,127.6339,255.3475,0.5118168592453003,True,False,0.0,test
coco:73:16:216,coco,73,2008_000274.jpg,16,pottedplant,pottedplant,False,6,61,0.07129596918821335,313.2522,242.1781,319.5971,253.344,0.0,False,True,0.0,test
coco:73:16:216,coco,73,2008_000274.jpg,16,pottedplant,pottedplant,False,6,62,0.07075527310371399,124.5265,230.288,147.6599,255.6168,0.12317479401826859,False,True,0.0,test
coco:73:16:216,coco,73,2008_000274.jpg,16,pottedplant,pottedplant,False,6,63,0.07003844529390335,120.2807,229.5804,161.9532,315.407,0.5038399696350098,True,False,0.0,test
coco:73:16:216,coco,73,2008_000274.jpg,16,pottedplant,pottedplant,False,6,64,0.0693429633975029,202.3416,253.1741,265.5154,332.0513,0.5397109389305115,True,False,0.0,test
coco:73:16:216,coco,73,2008_000274.jpg,16,pottedplant,pottedplant,False,6,65,0.06791378557682037,183.3626,249.9214,240.2626,291.4228,0.4849851429462433,False,True,0.0,test
coco:73:16:216,coco,73,2008_000274.jpg,16,pottedplant,pottedplant,False,6,66,0.06761201471090317,303.8441,241.9931,320.1734,259.9111,0.0,False,True,0.0,test
coco:73:16:216,coco,73,2008_000274.jpg,16,pottedplant,pottedplant,False,6,67,0.06700770556926727,129.8323,229.612,189.7258,255.7725,0.32291415333747864,False,True,0.0,test
coco:73:16:216,coco,73,2008_000274.jpg,16,pottedplant,pottedplant,False,6,68,0.06634017825126648,6.7787,226.1211,17.3188,248.3431,0.0,False,True,0.0,test
coco:73:16:216,coco,73,2008_000274.jpg,16,pottedplant,pottedplant,False,6,69,0.06597282737493515,305.8144,242.0667,328.0568,263.3547,0.0,False,True,0.0,test
coco:73:16:216,coco,73,2008_000274.jpg,16,pottedplant,pottedplant,False,6,70,0.06415535509586334,322.5904,224.8873,328.7681,241.6838,0.0,False,True,0.0,test
coco:73:16:216,coco,73,2008_000274.jpg,16,pottedplant,pottedplant,False,6,71,0.06274968385696411,303.7455,247.4655,312.8023,258.4319,0.0,False,True,0.0,test
coco:73:16:216,coco,73,2008_000274.jpg,16,pottedplant,pottedplant,False,6,72,0.061736103147268295,146.3703,238.536,190.3802,255.8484,0.16016855835914612,False,True,0.0,test
coco:73:16:216,coco,73,2008_000274.jpg,16,pottedplant,pottedplant,False,6,73,0.061660297214984894,94.7647,199.3218,112.5457,237.8271,0.2176426500082016,False,True,0.0,test
coco:73:16:216,coco,73,2008_000274.jpg,16,pottedplant,pottedplant,False,6,74,0.061453189700841904,147.553,230.8732,178.1404,252.5679,0.1394965648651123,False,True,0.0,test
coco:73:16:216,coco,73,2008_000274.jpg,16,pottedplant,pottedplant,False,6,75,0.06137225404381752,147.6801,246.7726,265.4144,312.1981,0.6051030158996582,True,False,0.0,test
coco:73:16:216,coco,73,2008_000274.jpg,16,pottedplant,pottedplant,False,6,76,0.06033230945467949,18.6551,178.9639,29.5982,257.7762,0.12551696598529816,False,True,0.0,test
coco:73:16:216,coco,73,2008_000274.jpg,16,pottedplant,pottedplant,False,6,77,0.06027105078101158,134.2814,293.4966,154.8528,316.0226,0.013998521491885185,False,True,0.0,test
coco:73:16:216,coco,73,2008_000274.jpg,16,pottedplant,pottedplant,False,6,78,0.05946633219718933,45.4014,257.0884,127.2987,332.5069,0.06338579952716827,False,True,0.0,test
coco:73:16:216,coco,73,2008_000274.jpg,16,pottedplant,pottedplant,False,6,79,0.05797741189599037,130.6582,263.9048,158.7762,316.1205,0.17575737833976746,False,True,0.0,test
coco:73:16:216,coco,73,2008_000274.jpg,16,pottedplant,pottedplant,False,6,80,0.05729931592941284,437.7036,147.8107,467.1265,170.1268,0.0,False,True,0.0,test
coco:73:16:216,coco,73,2008_000274.jpg,16,pottedplant,pottedplant,False,6,81,0.05692656338214874,18.3922,179.118,31.158,276.4562,0.17396759986877441,False,True,0.0,test
coco:73:16:216,coco,73,2008_000274.jpg,16,pottedplant,pottedplant,False,6,82,0.05632426589727402,0.335,217.6752,16.5473,251.5237,0.0,False,True,0.0,test
coco:73:16:216,coco,73,2008_000274.jpg,16,pottedplant,pottedplant,False,6,83,0.05613095685839653,92.6585,178.4245,113.6413,238.4211,0.2483326941728592,False,True,0.0,test
coco:73:16:216,coco,73,2008_000274.jpg,16,pottedplant,pottedplant,False,6,84,0.05611403286457062,3.337,154.3464,267.1987,323.932,0.1480317860841751,False,True,0.0,test
coco:73:16:216,coco,73,2008_000274.jpg,16,pottedplant,pottedplant,False,6,85,0.05611024424433708,88.4867,154.5809,110.6413,179.2597,0.0,False,True,0.0,test
coco:73:16:216,coco,73,2008_000274.jpg,16,pottedplant,pottedplant,False,6,86,0.05445558950304985,75.6641,154.4182,266.7404,316.4152,0.15368077158927917,False,True,0.0,test
coco:73:16:216,coco,73,2008_000274.jpg,16,pottedplant,pottedplant,False,6,87,0.05438263714313507,127.8649,229.631,167.7296,259.7665,0.2486804723739624,False,True,0.0,test
coco:73:16:216,coco,73,2008_000274.jpg,16,pottedplant,pottedplant,False,6,88,0.05364026501774788,99.5616,232.5633,128.8673,277.833,0.31577131152153015,False,True,0.0,test
coco:73:16:216,coco,73,2008_000274.jpg,16,pottedplant,pottedplant,False,6,89,0.053187254816293716,81.7318,219.7264,100.2238,238.077,0.3522528409957886,False,True,0.0,test
coco:73:16:216,coco,73,2008_000274.jpg,16,pottedplant,pottedplant,False,6,90,0.05298038572072983,229.1085,255.104,265.4519,294.192,0.28908658027648926,False,True,0.0,test
coco:73:16:216,coco,73,2008_000274.jpg,16,pottedplant,pottedplant,False,6,91,0.05193373188376427,0.2355,245.7583,23.942,284.6848,0.019522560760378838,False,True,0.0,test
coco:73:16:216,coco,73,2008_000274.jpg,16,pottedplant,pottedplant,False,6,92,0.05176561698317528,95.1609,198.4865,112.4333,216.1749,0.11428171396255493,False,True,0.0,test
coco:73:16:216,coco,73,2008_000274.jpg,16,pottedplant,pottedplant,False,6,93,0.05153832212090492,67.723,208.8899,86.8381,252.1848,0.1249375119805336,False,True,0.0,test
coco:73:16:216,coco,73,2008_000274.jpg,16,pottedplant,pottedplant,False,6,94,0.051122017204761505,450.9861,147.7972,488.8993,170.4885,0.0,False,True,0.0,test
coco:74:15:219,coco,74,2008_000277.jpg,15,person,person,False,4,0,0.6914336681365967,0.2419,17.9205,213.4691,256.2265,0.9863242506980896,True,False,9.974910394265233,test
coco:74:15:219,coco,74,2008_000277.jpg,15,person,person,False,4,1,0.6862988471984863,304.7994,48.312,499.946,374.7682,0.9630112051963806,True,False,9.974910394265233,test
coco:74:15:219,coco,74,2008_000277.jpg,15,person,person,False,4,2,0.6455575227737427,143.9262,189.6018,404.7353,374.8415,0.8752368092536926,True,False,9.974910394265233,test
coco:74:15:219,coco,74,2008_000277.jpg,15,person,person,False,4,3,0.4916030466556549,145.2112,21.7892,333.8037,245.5624,0.977200448513031,True,False,9.974910394265233,test
coco:74:15:219,coco,74,2008_000277.jpg,15,person,person,False,4,4,0.4236561954021454,200.0641,45.0947,234.0569,102.8994,0.0470430813729763,False,True,9.974910394265233,test
coco:74:15:219,coco,74,2008_000277.jpg,15,person,person,False,4,5,0.38600242137908936,363.901,36.0201,454.806,119.2352,0.11360369622707367,False,True,9.974910394265233,test
coco:74:15:219,coco,74,2008_000277.jpg,15,person,person,False,4,6,0.3496059477329254,486.1635,114.8299,499.7172,163.8998,0.010120673105120659,False,True,9.974910394265233,test
coco:74:15:219,coco,74,2008_000277.jpg,15,person,person,False,4,7,0.34123149514198303,363.5061,35.9199,495.287,205.4916,0.3371526598930359,False,True,9.974910394265233,test
coco:74:15:219,coco,74,2008_000277.jpg,15,person,person,False,4,8,0.295477032661438,71.0705,84.3153,107.4104,109.0018,0.01754900813102722,False,True,9.974910394265233,test
coco:74:15:219,coco,74,2008_000277.jpg,15,person,person,False,4,9,0.2845340967178345,143.9111,22.7909,496.0749,245.0344,0.5307556390762329,True,False,9.974910394265233,test
coco:74:15:219,coco,74,2008_000277.jpg,15,person,person,False,4,10,0.2427055835723877,363.2324,35.9206,499.554,296.0957,0.5362766981124878,True,False,9.974910394265233,test
coco:74:15:219,coco,74,2008_000277.jpg,15,person,person,False,4,11,0.18658442795276642,364.5343,35.8915,424.4777,71.6563,0.03158058971166611,False,True,0.0,test
coco:74:15:219,coco,74,2008_000277.jpg,15,person,person,False,4,12,0.17774376273155212,477.6732,114.6738,499.7471,298.247,0.06166310980916023,False,True,0.0,test
coco:74:15:219,coco,74,2008_000277.jpg,15,person,person,False,4,13,0.15142910182476044,209.0133,45.4038,233.5601,82.6226,0.021872766315937042,False,True,0.0,test
coco:74:15:219,coco,74,2008_000277.jpg,15,person,person,False,4,14,0.14739349484443665,401.9464,46.2297,423.8455,70.0762,0.007946697063744068,False,True,0.0,test
coco:74:15:219,coco,74,2008_000277.jpg,15,person,person,False,4,15,0.1424698680639267,71.3007,44.9633,233.5355,107.6048,0.1707729548215866,False,True,0.0,test
coco:74:15:219,coco,74,2008_000277.jpg,15,person,person,False,4,16,0.13850560784339905,484.3561,114.4959,499.8008,297.9839,0.04312417283654213,False,True,0.0,test
coco:74:15:219,coco,74,2008_000277.jpg,15,person,person,False,4,17,0.13763804733753204,373.7269,48.7031,413.1527,81.3147,0.019565410912036896,False,True,0.0,test
coco:74:15:219,coco,74,2008_000277.jpg,15,person,person,False,4,18,0.13197676837444305,457.1147,114.6562,499.7756,298.4313,0.11930302530527115,False,True,0.0,test
coco:74:15:219,coco,74,2008_000277.jpg,15,person,person,False,4,19,0.13130605220794678,1.0718,19.2824,496.943,251.5473,0.4232858717441559,False,True,0.0,test
coco:74:15:219,coco,74,2008_000277.jpg,15,person,person,False,4,20,0.11317913234233856,209.721,22.5379,497.6523,207.4318,0.38127005100250244,False,True,0.0,test
coco:74:15:219,coco,74,2008_000277.jpg,15,person,person,False,4,21,0.11058636009693146,397.8767,45.1732,454.8305,117.9314,0.06305807083845139,False,True,0.0,test
coco:74:15:219,coco,74,2008_000277.jpg,15,person,person,False,4,22,0.10242213308811188,456.5016,114.7108,499.6782,206.9734,0.060619186609983444,False,True,0.0,test
coco:74:15:219,coco,74,2008_000277.jpg,15,person,person,False,4,23,0.1011677086353302,486.0331,114.4836,499.8703,209.701,0.02004927396774292,False,True,0.0,test
coco:74:15:219,coco,74,2008_000277.jpg,15,person,person,False,4,24,0.09926794469356537,456.0009,160.7925,496.3563,206.2646,0.02792426198720932,False,True,0.0,test
coco:74:15:219,coco,74,2008_000277.jpg,15,person,person,False,4,25,0.09918390959501266,0.2973,17.5588,213.4038,374.3427,0.6691986918449402,True,False,0.0,test
coco:74:15:219,coco,74,2008_000277.jpg,15,person,person,False,4,26,0.09911484271287918,341.3835,27.999,400.9214,52.2149,0.013673260807991028,False,True,0.0,test
coco:74:15:219,coco,74,2008_000277.jpg,15,person,person,False,4,27,0.09646767377853394,363.9774,36.1261,484.2369,166.0063,0.235706627368927,False,True,0.0,test
coco:74:15:219,coco,74,2008_000277.jpg,15,person,person,False,4,28,0.08875499665737152,140.4314,45.2265,233.7472,166.311,0.25750476121902466,False,True,0.0,test
coco:74:15:219,coco,74,2008_000277.jpg,15,person,person,False,4,29,0.08478539437055588,302.7722,308.0041,405.8365,374.8551,0.12482017278671265,False,True,0.0,test
coco:74:15:219,coco,74,2008_000277.jpg,15,person,person,False,4,30,0.08461928367614746,210.0768,45.2592,233.3778,61.85,0.009255248121917248,False,True,0.0,test
coco:74:15:219,coco,74,2008_000277.jpg,15,person,person,False,4,31,0.08368667215108871,144.5443,21.8864,335.9886,369.5096,0.6246920228004456,True,False,0.0,test
coco:74:15:219,coco,74,2008_000277.jpg,15,person,person,False,4,32,0.08254210650920868,72.5878,22.0864,499.6514,373.2105,0.4356432259082794,False,True,0.0,test
coco:74:15:219,coco,74,2008_000277.jpg,15,person,person,False,4,33,0.08078841865062714,392.4366,41.7866,424.0589,71.486,0.01429144386202097,False,True,0.0,test
coco:74:15:219,coco,74,2008_000277.jpg,15,person,person,False,4,34,0.07414869964122772,71.5994,44.6243,234.0311,164.72,0.31950482726097107,False,True,0.0,test
coco:74:15:219,coco,74,2008_000277.jpg,15,person,person,False,4,35,0.0741308331489563,0.7495,19.8335,333.1863,251.9004,0.6269906163215637,True,False,0.0,test
coco:74:15:219,coco,74,2008_000277.jpg,15,person,person,False,4,36,0.07386764138936996,478.2934,258.0685,499.815,298.0337,0.01308855228126049,False,True,0.0,test
coco:74:15:219,coco,74,2008_000277.jpg,15,person,person,False,4,37,0.07341806590557098,71.1011,80.1482,496.1001,209.001,0.3374038338661194,False,True,0.0,test
coco:74:15:219,coco,74,2008_000277.jpg,15,person,person,False,4,38,0.06015969440340996,203.9037,21.7253,499.7905,293.7814,0.5199747085571289,True,False,0.0,test
coco:74:15:219,coco,74,2008_000277.jpg,15,person,person,False,4,39,0.05833056941628456,194.6226,190.2451,333.6061,348.9247,0.399533212184906,False,True,0.0,test
coco:74:15:219,coco,74,2008_000277.jpg,15,person,person,False,4,40,0.05792461708188057,2.8086,189.7795,407.3264,374.865,0.6795134544372559,True,False,0.0,test
coco:74:15:219,coco,74,2008_000277.jpg,15,person,person,False,4,41,0.05724804475903511,70.4489,84.2629,173.2543,249.0925,0.33148229122161865,False,True,0.0,test
coco:74:15:219,coco,74,2008_000277.jpg,15,person,person,False,4,42,0.05579030513763428,479.6432,114.7477,499.8195,374.9156,0.07957541197538376,False,True,0.0,test
coco:74:15:219,coco,74,2008_000277.jpg,15,person,person,False,4,43,0.05565863847732544,197.1896,47.4356,499.0541,374.2837,0.627389669418335,True,False,0.0,test
coco:74:15:219,coco,74,2008_000277.jpg,15,person,person,False,4,44,0.05491167679429054,424.3235,111.3094,499.3885,297.7394,0.2129555642604828,False,True,0.0,test
coco:74:15:219,coco,74,2008_000277.jpg,15,person,person,False,4,45,0.053572140634059906,316.3082,47.9197,330.0168,64.8188,0.005546306725591421,False,True,0.0,test
coco:74:15:219,coco,74,2008_000277.jpg,15,person,person,False,4,46,0.053512509912252426,308.2587,48.1844,497.0846,250.3658,0.5809497833251953,True,False,0.0,test
coco:74:15:219,coco,74,2008_000277.jpg,15,person,person,False,4,47,0.050025466829538345,71.6067,32.1225,331.5577,198.1902,0.5790405869483948,True,False,0.0,test
coco:74:15:219,coco,74,2008_000277.jpg,15,person,person,False,4,48,0.05000893771648407,71.0875,43.8567,234.8464,245.8833,0.5218026638031006,True,False,0.0,test
coco:75:15:222,coco,75,2008_000278.jpg,15,person,person,False,3,0,0.8046143054962158,0.2187,121.9388,253.5221,374.5839,0.9929861426353455,True,False,9.974910394265233,test
coco:75:15:222,coco,75,2008_000278.jpg,15,person,person,False,3,1,0.7522122859954834,367.1963,93.3468,499.7585,374.5714,0.9808424711227417,True,False,9.974910394265233,test
coco:75:15:222,coco,75,2008_000278.jpg,15,person,person,False,3,2,0.40851446986198425,98.7472,125.0187,390.0201,374.9216,0.6154312491416931,True,False,9.974910394265233,test
coco:75:15:222,coco,75,2008_000278.jpg,15,person,person,False,3,3,0.3825683295726776,207.8406,125.2418,389.7862,374.7975,0.9855098724365234,True,False,9.974910394265233,test
coco:75:15:222,coco,75,2008_000278.jpg,15,person,person,False,3,4,0.15079174935817719,208.2289,93.7916,499.6754,374.5205,0.5451006293296814,True,False,0.0,test
coco:75:15:222,coco,75,2008_000278.jpg,15,person,person,False,3,5,0.08232046663761139,98.2034,122.859,253.6515,374.9792,0.6105630397796631,True,False,0.0,test
coco:75:15:222,coco,75,2008_000278.jpg,15,person,person,False,3,6,0.08199342340230942,234.9838,200.0798,328.3789,260.6817,0.12628121674060822,False,True,0.0,test
coco:75:15:222,coco,75,2008_000278.jpg,15,person,person,False,3,7,0.07332165539264679,371.0811,205.9319,425.9745,282.9998,0.11492536216974258,False,True,0.0,test
coco:75:15:222,coco,75,2008_000278.jpg,15,person,person,False,3,8,0.0724082812666893,0.0003,93.8371,499.946,374.6422,0.4532102942466736,False,True,0.0,test
coco:75:15:222,coco,75,2008_000278.jpg,15,person,person,False,3,9,0.06432775408029556,235.7801,222.5684,253.0232,244.8906,0.008587786927819252,False,True,0.0,test
coco:75:15:222,coco,75,2008_000278.jpg,15,person,person,False,3,10,0.0639975294470787,235.4879,222.0382,274.9599,260.1876,0.03359726443886757,False,True,0.0,test
coco:75:15:222,coco,75,2008_000278.jpg,15,person,person,False,3,11,0.06259256601333618,490.0485,81.6904,499.9068,108.0758,0.0037572686560451984,False,True,0.0,test
coco:75:15:222,coco,75,2008_000278.jpg,15,person,person,False,3,12,0.059241630136966705,93.8717,160.7091,122.7536,250.8668,0.04084208235144615,False,True,0.0,test
coco:75:15:222,coco,75,2008_000278.jpg,15,person,person,False,3,13,0.05881785228848457,23.3134,206.6488,41.5794,251.5127,0.012853465974330902,False,True,0.0,test
coco:75:15:222,coco,75,2008_000278.jpg,15,person,person,False,3,14,0.05555115267634392,94.344,160.878,120.3315,221.5473,0.024729376658797264,False,True,0.0,test
coco:75:15:222,coco,75,2008_000278.jpg,15,person,person,False,3,15,0.05377444252371788,-0.0394,366.0986,19.7641,374.9296,0.002598663093522191,False,True,0.0,test
coco:75:15:222,coco,75,2008_000278.jpg,15,person,person,False,3,16,0.053590115159749985,235.5343,222.6177,254.9143,259.9869,0.01615835167467594,False,True,0.0,test
coco:75:15:222,coco,75,2008_000278.jpg,15,person,person,False,3,17,0.052081167697906494,260.727,108.8353,288.0758,132.2668,0.00378429819829762,False,True,0.0,test
coco:75:16:223,coco,75,2008_000278.jpg,16,pottedplant,pottedplant,True,0,0,0.09795264154672623,209.7091,125.3178,323.7423,222.5412,0.0,False,True,0.0,test
coco:75:16:223,coco,75,2008_000278.jpg,16,pottedplant,pottedplant,True,0,1,0.09024109691381454,15.7579,182.6562,42.6341,251.7343,0.0,False,True,0.0,test
coco:75:16:223,coco,75,2008_000278.jpg,16,pottedplant,pottedplant,True,0,2,0.08966761082410812,381.3163,347.4238,499.3152,374.561,0.0,False,True,0.0,test
coco:75:16:223,coco,75,2008_000278.jpg,16,pottedplant,pottedplant,True,0,3,0.08718256652355194,0.6977,0.1371,499.2045,375.1221,0.0,False,True,0.0,test
coco:75:16:223,coco,75,2008_000278.jpg,16,pottedplant,pottedplant,True,0,4,0.08713256567716599,191.9206,124.9481,389.5399,374.5014,0.0,False,True,0.0,test
coco:75:16:223,coco,75,2008_000278.jpg,16,pottedplant,pottedplant,True,0,5,0.08662041276693344,367.7107,93.447,499.6996,373.8763,0.0,False,True,0.0,test
coco:75:16:223,coco,75,2008_000278.jpg,16,pottedplant,pottedplant,True,0,6,0.07372724264860153,210.7429,184.7718,241.4667,222.3678,0.0,False,True,0.0,test
coco:75:16:223,coco,75,2008_000278.jpg,16,pottedplant,pottedplant,True,0,7,0.07112427800893784,0.2434,122.6724,253.4292,374.4921,0.0,False,True,0.0,test
coco:75:16:223,coco,75,2008_000278.jpg,16,pottedplant,pottedplant,True,0,8,0.06962068378925323,370.1422,93.5189,499.3741,285.5509,0.0,False,True,0.0,test
coco:75:16:223,coco,75,2008_000278.jpg,16,pottedplant,pottedplant,True,0,9,0.06651004403829575,385.9025,144.258,473.4815,181.7386,0.0,False,True,0.0,test
coco:75:16:223,coco,75,2008_000278.jpg,16,pottedplant,pottedplant,True,0,10,0.06487391144037247,260.1484,108.6058,288.3527,133.1311,0.0,False,True,0.0,test
coco:75:16:223,coco,75,2008_000278.jpg,16,pottedplant,pottedplant,True,0,11,0.05050049349665642,147.6594,222.5635,177.9778,326.3814,0.0,False,True,0.0,test
coco:75:19:224,coco,75,2008_000278.jpg,19,train,train,True,0,0,0.48013266921043396,0.0396,0.0712,500.0088,375.0634,0.0,False,True,9.974910394265233,test
coco:76:7:225,coco,76,2008_000281.jpg,7,car,car,False,2,0,0.6274025440216064,108.6736,376.3907,185.3315,415.27,0.8611524105072021,True,False,9.974910394265233,test
coco:76:7:225,coco,76,2008_000281.jpg,7,car,car,False,2,1,0.5908101201057434,194.5559,400.8286,281.9355,441.8529,0.8391135931015015,True,False,9.974910394265233,test
coco:76:7:225,coco,76,2008_000281.jpg,7,car,car,False,2,2,0.1864604651927948,285.639,396.209,341.7334,415.4601,0.0,False,True,0.0,test
coco:76:7:225,coco,76,2008_000281.jpg,7,car,car,False,2,3,0.1467602401971817,285.3994,377.1138,341.8824,415.7423,0.0,False,True,0.0,test
coco:76:7:225,coco,76,2008_000281.jpg,7,car,car,False,2,4,0.1215176060795784,285.8943,397.491,315.7784,412.9829,0.0,False,True,0.0,test
coco:76:7:225,coco,76,2008_000281.jpg,7,car,car,False,2,5,0.0913209542632103,285.2432,377.2478,316.457,412.9838,0.0,False,True,0.0,test
coco:76:7:225,coco,76,2008_000281.jpg,7,car,car,False,2,6,0.07635478675365448,271.881,270.1119,346.6755,293.4099,0.0,False,True,0.0,test
coco:76:7:225,coco,76,2008_000281.jpg,7,car,car,False,2,7,0.07340813428163528,324.8897,398.0071,342.0606,415.5479,0.0,False,True,0.0,test
coco:76:7:225,coco,76,2008_000281.jpg,7,car,car,False,2,8,0.05944432318210602,325.2182,403.2207,341.856,415.5031,0.0,False,True,0.0,test
coco:76:3:226,coco,76,2008_000281.jpg,3,bird,bird,True,0,0,0.1591283231973648,144.482,364.0179,151.6548,376.9422,0.0,False,True,0.0,test
coco:76:3:226,coco,76,2008_000281.jpg,3,bird,bird,True,0,1,0.07472532242536545,322.5196,383.6437,331.2392,394.1717,0.0,False,True,0.0,test
coco:76:3:226,coco,76,2008_000281.jpg,3,bird,bird,True,0,2,0.07443886250257492,284.5963,376.5061,299.5677,390.6051,0.0,False,True,0.0,test
coco:76:3:226,coco,76,2008_000281.jpg,3,bird,bird,True,0,3,0.06660693138837814,46.4513,331.8363,50.7859,340.8368,0.0,False,True,0.0,test
coco:76:3:226,coco,76,2008_000281.jpg,3,bird,bird,True,0,4,0.05894496664404869,413.1161,432.631,424.368,443.0363,0.0,False,True,0.0,test
coco:76:3:226,coco,76,2008_000281.jpg,3,bird,bird,True,0,5,0.05347314476966858,271.8126,269.5776,346.8239,293.192,0.0,False,True,0.0,test
coco:76:3:226,coco,76,2008_000281.jpg,3,bird,bird,True,0,6,0.05010344088077545,108.5703,376.8416,185.6395,415.4119,0.0,False,True,0.0,test
coco:78:4:233,coco,78,2008_000304.jpg,4,boat,boat,True,0,0,0.17544375360012054,59.8021,92.6039,458.6641,250.5494,0.0,False,True,0.0,test
coco:79:4:235,coco,79,2008_000305.jpg,4,boat,boat,True,0,0,0.1402360498905182,313.0931,92.4004,428.9994,157.6517,0.0,False,True,0.0,test
coco:79:4:235,coco,79,2008_000305.jpg,4,boat,boat,True,0,1,0.10781760513782501,127.0734,306.6136,499.4536,374.7606,0.0,False,True,0.0,test
coco:79:4:235,coco,79,2008_000305.jpg,4,boat,boat,True,0,2,0.09678342193365097,326.7961,97.7268,415.4708,150.7408,0.0,False,True,0.0,test
coco:79:4:235,coco,79,2008_000305.jpg,4,boat,boat,True,0,3,0.09188143908977509,328.2183,122.2712,356.2346,143.8196,0.0,False,True,0.0,test
coco:79:4:235,coco,79,2008_000305.jpg,4,boat,boat,True,0,4,0.08505132049322128,276.4199,187.7431,445.6282,313.316,0.0,False,True,0.0,test
coco:79:4:235,coco,79,2008_000305.jpg,4,boat,boat,True,0,5,0.06712975353002548,328.6777,128.2002,356.2419,143.4491,0.0,False,True,0.0,test
coco:79:4:235,coco,79,2008_000305.jpg,4,boat,boat,True,0,6,0.05262850970029831,3.2691,196.1046,141.2109,302.7609,0.0,False,True,0.0,test
coco:79:19:236,coco,79,2008_000305.jpg,19,train,train,True,0,0,0.14724287390708923,313.2557,92.4943,428.8896,157.9057,0.0,False,True,0.0,test
coco:79:19:236,coco,79,2008_000305.jpg,19,train,train,True,0,1,0.09895140677690506,129.4685,306.5936,499.7629,374.9637,0.0,False,True,0.0,test
coco:79:19:236,coco,79,2008_000305.jpg,19,train,train,True,0,2,0.07237052172422409,327.3351,98.4894,415.5229,150.4367,0.0,False,True,0.0,test
coco:79:19:236,coco,79,2008_000305.jpg,19,train,train,True,0,3,0.06465356051921844,276.5054,188.0287,445.6483,313.2988,0.0,False,True,0.0,test
coco:80:8:237,coco,80,2008_000306.jpg,8,cat,cat,False,1,0,0.9077419638633728,60.6087,73.0099,374.5169,381.8338,0.9556432366371155,True,False,9.974910394265233,test
coco:81:5:242,coco,81,2008_000307.jpg,5,bottle,bottle,True,0,0,0.18496866524219513,145.0078,113.1928,169.3093,126.6568,0.0,False,True,0.0,test
coco:81:5:242,coco,81,2008_000307.jpg,5,bottle,bottle,True,0,1,0.1791459172964096,27.287,106.7966,32.5818,118.5563,0.0,False,True,0.0,test
coco:81:5:242,coco,81,2008_000307.jpg,5,bottle,bottle,True,0,2,0.17851300537586212,26.17,193.6807,35.4576,206.559,0.0,False,True,0.0,test
coco:81:5:242,coco,81,2008_000307.jpg,5,bottle,bottle,True,0,3,0.16425171494483948,363.6692,106.0426,396.6444,124.0527,0.0,False,True,0.0,test
coco:81:5:242,coco,81,2008_000307.jpg,5,bottle,bottle,True,0,4,0.15889465808868408,7.5607,197.5788,19.4659,207.5357,0.0,False,True,0.0,test
coco:81:5:242,coco,81,2008_000307.jpg,5,bottle,bottle,True,0,5,0.15555743873119354,199.6146,112.4155,229.1147,129.2814,0.0,False,True,0.0,test
coco:81:5:242,coco,81,2008_000307.jpg,5,bottle,bottle,True,0,6,0.1537628024816513,320.4623,169.7526,332.6587,190.4802,0.0,False,True,0.0,test
coco:81:5:242,coco,81,2008_000307.jpg,5,bottle,bottle,True,0,7,0.15254832804203033,260.6142,115.7179,294.1994,139.7115,0.0,False,True,0.0,test
coco:81:5:242,coco,81,2008_000307.jpg,5,bottle,bottle,True,0,8,0.14200802147388458,0.0833,74.1551,10.3297,113.0126,0.0,False,True,0.0,test
coco:81:5:242,coco,81,2008_000307.jpg,5,bottle,bottle,True,0,9,0.1414235532283783,312.7168,114.2757,336.925,136.0073,0.0,False,True,0.0,test
coco:81:5:242,coco,81,2008_000307.jpg,5,bottle,bottle,True,0,10,0.13698960840702057,43.3281,108.7068,50.4134,119.4315,0.0,False,True,0.0,test
coco:81:5:242,coco,81,2008_000307.jpg,5,bottle,bottle,True,0,11,0.12337323278188705,164.6018,156.8897,173.0371,182.9859,0.0,False,True,0.0,test
coco:81:5:242,coco,81,2008_000307.jpg,5,bottle,bottle,True,0,12,0.12066592276096344,266.7632,180.9458,273.8727,197.5953,0.0,False,True,0.0,test
coco:81:5:242,coco,81,2008_000307.jpg,5,bottle,bottle,True,0,13,0.12024059146642685,76.0589,110.6123,86.7206,126.2232,0.0,False,True,0.0,test
coco:81:5:242,coco,81,2008_000307.jpg,5,bottle,bottle,True,0,14,0.11294442415237427,313.5818,114.5054,335.6595,126.5391,0.0,False,True,0.0,test
coco:81:5:242,coco,81,2008_000307.jpg,5,bottle,bottle,True,0,15,0.11285490542650223,70.9777,99.909,87.2111,126.8174,0.0,False,True,0.0,test
coco:81:5:242,coco,81,2008_000307.jpg,5,bottle,bottle,True,0,16,0.1111496239900589,199.3825,112.3034,229.3447,136.9831,0.0,False,True,0.0,test
coco:81:5:242,coco,81,2008_000307.jpg,5,bottle,bottle,True,0,17,0.1075761467218399,0.0959,193.9752,19.5206,207.8055,0.0,False,True,0.0,test
coco:81:5:242,coco,81,2008_000307.jpg,5,bottle,bottle,True,0,18,0.10614687204360962,38.9397,197.5587,48.4631,207.3104,0.0,False,True,0.0,test
coco:81:5:242,coco,81,2008_000307.jpg,5,bottle,bottle,True,0,19,0.10453446209430695,78.9395,111.0996,85.9711,124.9653,0.0,False,True,0.0,test
coco:81:5:242,coco,81,2008_000307.jpg,5,bottle,bottle,True,0,20,0.10222075134515762,8.6729,77.0181,27.9589,116.7963,0.0,False,True,0.0,test
coco:81:5:242,coco,81,2008_000307.jpg,5,bottle,bottle,True,0,21,0.09991394728422165,365.4191,156.3032,377.4001,175.796,0.0,False,True,0.0,test
coco:81:5:242,coco,81,2008_000307.jpg,5,bottle,bottle,True,0,22,0.09982835501432419,489.8294,160.0117,497.1006,174.2637,0.0,False,True,0.0,test
coco:81:5:242,coco,81,2008_000307.jpg,5,bottle,bottle,True,0,23,0.09917737543582916,0.3277,180.5124,24.6703,192.325,0.0,False,True,0.0,test
coco:81:5:242,coco,81,2008_000307.jpg,5,bottle,bottle,True,0,24,0.09886647760868073,38.2088,190.2305,50.7019,207.0026,0.0,False,True,0.0,test
coco:81:5:242,coco,81,2008_000307.jpg,5,bottle,bottle,True,0,25,0.0919422134757042,365.1712,141.9473,377.6553,175.7596,0.0,False,True,0.0,test
coco:81:5:242,coco,81,2008_000307.jpg,5,bottle,bottle,True,0,26,0.08886627852916718,164.2589,141.5718,173.1732,182.9104,0.0,False,True,0.0,test
coco:81:5:242,coco,81,2008_000307.jpg,5,bottle,bottle,True,0,27,0.08871287852525711,0.1431,180.442,27.1838,205.5425,0.0,False,True,0.0,test
coco:81:5:242,coco,81,2008_000307.jpg,5,bottle,bottle,True,0,28,0.0885341688990593,86.9893,111.7213,94.6455,126.4463,0.0,False,True,0.0,test
coco:81:5:242,coco,81,2008_000307.jpg,5,bottle,bottle,True,0,29,0.08827126771211624,34.6345,190.0333,41.6145,203.2044,0.0,False,True,0.0,test
coco:81:5:242,coco,81,2008_000307.jpg,5,bottle,bottle,True,0,30,0.0882444679737091,255.862,177.8651,273.9567,197.557,0.0,False,True,0.0,test
coco:81:5:242,coco,81,2008_000307.jpg,5,bottle,bottle,True,0,31,0.08628640323877335,72.2822,230.6026,83.3732,242.7924,0.0,False,True,0.0,test
coco:81:5:242,coco,81,2008_000307.jpg,5,bottle,bottle,True,0,32,0.08409825712442398,69.7056,99.6521,88.3584,148.4287,0.0,False,True,0.0,test
coco:81:5:242,coco,81,2008_000307.jpg,5,bottle,bottle,True,0,33,0.08393770456314087,255.7765,177.6244,268.1024,193.7817,0.0,False,True,0.0,test
coco:81:5:242,coco,81,2008_000307.jpg,5,bottle,bottle,True,0,34,0.08383508026599884,255.4842,177.9476,262.4132,193.3743,0.0,False,True,0.0,test
coco:81:5:242,coco,81,2008_000307.jpg,5,bottle,bottle,True,0,35,0.0832376703619957,2.6682,271.6714,20.3233,310.5687,0.0,False,True,0.0,test
coco:81:5:242,coco,81,2008_000307.jpg,5,bottle,bottle,True,0,36,0.08142387121915817,489.6354,160.0652,498.5182,183.665,0.0,False,True,0.0,test
coco:81:5:242,coco,81,2008_000307.jpg,5,bottle,bottle,True,0,37,0.0813705325126648,83.3304,128.4294,90.1956,139.3401,0.0,False,True,0.0,test
coco:81:5:242,coco,81,2008_000307.jpg,5,bottle,bottle,True,0,38,0.08024019747972488,0.0913,74.3618,8.4425,105.7955,0.0,False,True,0.0,test
coco:81:5:242,coco,81,2008_000307.jpg,5,bottle,bottle,True,0,39,0.07934314012527466,258.7794,182.8413,267.7979,193.2343,0.0,False,True,0.0,test
coco:81:5:242,coco,81,2008_000307.jpg,5,bottle,bottle,True,0,40,0.07808828353881836,14.4896,234.7242,27.8667,281.9025,0.0,False,True,0.0,test
coco:81:5:242,coco,81,2008_000307.jpg,5,bottle,bottle,True,0,41,0.0776546373963356,70.2703,100.3425,80.8284,124.8013,0.0,False,True,0.0,test
coco:81:5:242,coco,81,2008_000307.jpg,5,bottle,bottle,True,0,42,0.07749808579683304,5.2541,14.5436,24.5403,54.0401,0.0,False,True,0.0,test
coco:81:5:242,coco,81,2008_000307.jpg,5,bottle,bottle,True,0,43,0.07507465779781342,0.0996,203.2926,6.7123,208.6495,0.0,False,True,0.0,test
coco:81:5:242,coco,81,2008_000307.jpg,5,bottle,bottle,True,0,44,0.0731278657913208,26.9761,88.8756,40.5361,118.9338,0.0,False,True,0.0,test
coco:81:5:242,coco,81,2008_000307.jpg,5,bottle,bottle,True,0,45,0.07233700156211853,291.7766,138.3438,306.0985,147.288,0.0,False,True,0.0,test
coco:81:5:242,coco,81,2008_000307.jpg,5,bottle,bottle,True,0,46,0.07117350399494171,141.6998,235.9188,156.532,280.8398,0.0,False,True,0.0,test
coco:81:5:242,coco,81,2008_000307.jpg,5,bottle,bottle,True,0,47,0.07088813185691833,0.0861,193.7919,11.883,208.012,0.0,False,True,0.0,test
coco:81:5:242,coco,81,2008_000307.jpg,5,bottle,bottle,True,0,48,0.070748470723629,94.0276,109.7186,115.6343,122.6142,0.0,False,True,0.0,test
coco:81:5:242,coco,81,2008_000307.jpg,5,bottle,bottle,True,0,49,0.07069078087806702,120.5093,111.4551,127.5565,127.2704,0.0,False,True,0.0,test
coco:81:5:242,coco,81,2008_000307.jpg,5,bottle,bottle,True,0,50,0.07030563801527023,121.3132,225.6458,139.7826,277.5486,0.0,False,True,0.0,test
coco:81:5:242,coco,81,2008_000307.jpg,5,bottle,bottle,True,0,51,0.06912939250469208,258.5923,182.8062,273.7686,197.2726,0.0,False,True,0.0,test
coco:81:5:242,coco,81,2008_000307.jpg,5,bottle,bottle,True,0,52,0.06537633389234543,70.1824,127.6155,81.2097,148.7748,0.0,False,True,0.0,test
coco:81:5:242,coco,81,2008_000307.jpg,5,bottle,bottle,True,0,53,0.0648273304104805,493.9671,174.5913,499.5644,184.0455,0.0,False,True,0.0,test
coco:81:5:242,coco,81,2008_000307.jpg,5,bottle,bottle,True,0,54,0.06388349831104279,296.102,166.424,303.0493,183.3086,0.0,False,True,0.0,test
coco:81:5:242,coco,81,2008_000307.jpg,5,bottle,bottle,True,0,55,0.06308993697166443,162.0827,227.6921,178.7516,279.6884,0.0,False,True,0.0,test
coco:81:5:242,coco,81,2008_000307.jpg,5,bottle,bottle,True,0,56,0.06270135194063187,0.0734,193.7214,11.703,201.7403,0.0,False,True,0.0,test
coco:81:5:242,coco,81,2008_000307.jpg,5,bottle,bottle,True,0,57,0.062366701662540436,320.3568,170.2653,325.9159,190.6493,0.0,False,True,0.0,test
coco:81:5:242,coco,81,2008_000307.jpg,5,bottle,bottle,True,0,58,0.062116384506225586,26.2293,233.2191,36.2071,280.2505,0.0,False,True,0.0,test
coco:81:5:242,coco,81,2008_000307.jpg,5,bottle,bottle,True,0,59,0.06148969382047653,39.8172,201.5769,47.5709,207.2692,0.0,False,True,0.0,test
coco:81:5:242,coco,81,2008_000307.jpg,5,bottle,bottle,True,0,60,0.06043329834938049,90.8282,250.5315,98.6125,276.4151,0.0,False,True,0.0,test
coco:81:5:242,coco,81,2008_000307.jpg,5,bottle,bottle,True,0,61,0.06018027290701866,85.6678,232.9856,98.8524,244.4689,0.0,False,True,0.0,test
coco:81:5:242,coco,81,2008_000307.jpg,5,bottle,bottle,True,0,62,0.0593847781419754,34.914,189.673,51.8489,201.8952,0.0,False,True,0.0,test
coco:81:5:242,coco,81,2008_000307.jpg,5,bottle,bottle,True,0,63,0.058483436703681946,132.6613,138.1624,138.44,148.1901,0.0,False,True,0.0,test
coco:81:5:242,coco,81,2008_000307.jpg,5,bottle,bottle,True,0,64,0.05841895192861557,91.0825,129.373,97.1131,138.8812,0.0,False,True,0.0,test
coco:81:5:242,coco,81,2008_000307.jpg,5,bottle,bottle,True,0,65,0.056795697659254074,14.644,234.5752,27.5674,261.9034,0.0,False,True,0.0,test
coco:81:5:242,coco,81,2008_000307.jpg,5,bottle,bottle,True,0,66,0.05662750452756882,51.0718,108.9951,57.9635,120.043,0.0,False,True,0.0,test
coco:81:5:242,coco,81,2008_000307.jpg,5,bottle,bottle,True,0,67,0.056609079241752625,28.6101,102.3342,40.3462,119.1078,0.0,False,True,0.0,test
coco:81:5:242,coco,81,2008_000307.jpg,5,bottle,bottle,True,0,68,0.05595185235142708,79.2424,239.8565,89.0951,273.9098,0.0,False,True,0.0,test
coco:81:5:242,coco,81,2008_000307.jpg,5,bottle,bottle,True,0,69,0.055034466087818146,62.7146,109.4412,68.2927,120.2214,0.0,False,True,0.0,test
coco:81:5:242,coco,81,2008_000307.jpg,5,bottle,bottle,True,0,70,0.05430685728788376,384.0425,174.9371,391.365,190.4565,0.0,False,True,0.0,test
coco:81:5:242,coco,81,2008_000307.jpg,5,bottle,bottle,True,0,71,0.05413849279284477,231.7978,201.2897,243.3027,208.9136,0.0,False,True,0.0,test
coco:81:5:242,coco,81,2008_000307.jpg,5,bottle,bottle,True,0,72,0.05387501418590546,436.107,171.6695,457.5291,179.28,0.0,False,True,0.0,test
coco:81:5:242,coco,81,2008_000307.jpg,5,bottle,bottle,True,0,73,0.05312487483024597,164.4998,156.945,173.0354,174.0644,0.0,False,True,0.0,test
coco:81:5:242,coco,81,2008_000307.jpg,5,bottle,bottle,True,0,74,0.05296781659126282,27.0701,75.4955,31.8825,83.5196,0.0,False,True,0.0,test
coco:81:5:242,coco,81,2008_000307.jpg,5,bottle,bottle,True,0,75,0.05273152515292168,257.1253,149.3942,266.7637,192.5134,0.0,False,True,0.0,test
coco:81:5:242,coco,81,2008_000307.jpg,5,bottle,bottle,True,0,76,0.0524749718606472,485.5427,174.5909,499.6963,184.3049,0.0,False,True,0.0,test
coco:81:5:242,coco,81,2008_000307.jpg,5,bottle,bottle,True,0,77,0.051590677350759506,0.8206,74.1692,7.8433,85.6518,0.0,False,True,0.0,test
coco:81:5:242,coco,81,2008_000307.jpg,5,bottle,bottle,True,0,78,0.051583364605903625,485.1663,159.898,499.7224,184.4257,0.0,False,True,0.0,test
coco:81:5:242,coco,81,2008_000307.jpg,5,bottle,bottle,True,0,79,0.05141269415616989,98.4654,235.4342,119.2025,280.9585,0.0,False,True,0.0,test
coco:81:5:242,coco,81,2008_000307.jpg,5,bottle,bottle,True,0,80,0.051202449947595596,62.2631,97.6105,70.4352,120.164,0.0,False,True,0.0,test
coco:81:5:242,coco,81,2008_000307.jpg,5,bottle,bottle,True,0,81,0.05079009383916855,14.86,230.7272,36.0239,281.8406,0.0,False,True,0.0,test
coco:81:5:242,coco,81,2008_000307.jpg,5,bottle,bottle,True,0,82,0.05021298676729202,0.261,74.578,28.2031,116.6477,0.0,False,True,0.0,test
coco:82:18:243,coco,82,2008_000321.jpg,18,sofa,sofa,False,1,0,0.927552342414856,267.1501,111.6761,473.8231,264.4552,0.9506321549415588,True,False,9.974910394265233,test
coco:82:18:243,coco,82,2008_000321.jpg,18,sofa,sofa,False,1,1,0.05059916898608208,459.2819,114.8769,484.0742,191.1633,0.03851332142949104,False,True,0.0,test
coco:82:13:244,coco,82,2008_000321.jpg,13,horse,horse,True,0,0,0.06603958457708359,267.1399,112.0666,473.8938,263.9008,0.0,False,True,0.0,test
coco:82:6:245,coco,82,2008_000321.jpg,6,bus,bus,True,0,0,0.11915606260299683,267.3022,111.8542,473.9574,264.02,0.0,False,True,0.0,test
coco:83:6:247,coco,83,2008_000328.jpg,6,bus,bus,True,0,0,0.22791308164596558,0.6389,0.3944,332.6099,443.793,0.0,False,True,9.974910394265233,test
coco:83:6:247,coco,83,2008_000328.jpg,6,bus,bus,True,0,1,0.1492241472005844,153.1544,189.3746,330.8446,438.1842,0.0,False,True,0.0,test
coco:83:6:247,coco,83,2008_000328.jpg,6,bus,bus,True,0,2,0.13371697068214417,156.0853,201.1506,274.1136,439.9162,0.0,False,True,0.0,test
coco:83:6:247,coco,83,2008_000328.jpg,6,bus,bus,True,0,3,0.10338222980499268,0.954,213.7557,331.8771,440.564,0.0,False,True,0.0,test
coco:83:6:247,coco,83,2008_000328.jpg,6,bus,bus,True,0,4,0.09813957661390305,168.1312,151.7819,331.8635,353.0909,0.0,False,True,0.0,test
coco:83:6:247,coco,83,2008_000328.jpg,6,bus,bus,True,0,5,0.06292726844549179,0.1978,-0.1889,332.8966,281.4529,0.0,False,True,0.0,test
coco:83:16:248,coco,83,2008_000328.jpg,16,pottedplant,pottedplant,True,0,0,0.058806829154491425,162.1026,194.878,273.4822,439.733,0.0,False,True,0.0,test
coco:84:2:250,coco,84,2008_000339.jpg,2,bicycle,bicycle,True,0,0,0.14371357858181,0.9786,328.4435,331.182,499.1908,0.0,False,True,0.0,test
coco:84:2:250,coco,84,2008_000339.jpg,2,bicycle,bicycle,True,0,1,0.1210753545165062,32.2691,221.3521,76.7267,306.0608,0.0,False,True,0.0,test
coco:84:2:250,coco,84,2008_000339.jpg,2,bicycle,bicycle,True,0,2,0.09082287549972534,91.5748,299.2723,144.4704,354.941,0.0,False,True,0.0,test
coco:85:10:253,coco,85,2008_000340.jpg,10,cow,cow,True,0,0,0.055829912424087524,1.0724,90.1422,331.9718,497.3142,0.0,False,True,0.0,test
coco:85:4:254,coco,85,2008_000340.jpg,4,boat,boat,True,0,0,0.3102545738220215,0.3479,0.2636,332.5477,500.0201,0.0,False,True,9.974910394265233,test
coco:85:4:254,coco,85,2008_000340.jpg,4,boat,boat,True,0,1,0.09012391418218613,0.3727,122.948,160.028,215.3687,0.0,False,True,0.0,test
coco:85:4:254,coco,85,2008_000340.jpg,4,boat,boat,True,0,2,0.056524503976106644,0.779,1.083,332.2372,306.8815,0.0,False,True,0.0,test
coco:86:13:257,coco,86,2008_000345.jpg,13,horse,horse,True,0,0,0.39431148767471313,174.6538,79.8705,498.9082,346.1877,0.0,False,True,9.974910394265233,test
coco:86:13:257,coco,86,2008_000345.jpg,13,horse,horse,True,0,1,0.06479397416114807,174.6935,79.3292,381.5614,343.8011,0.0,False,True,0.0,test
coco:87:14:259,coco,87,2008_000354.jpg,14,motorbike,motorbike,True,0,0,0.14357800781726837,4.8624,38.9314,354.4418,331.8422,0.0,False,True,0.0,test
coco:87:14:259,coco,87,2008_000354.jpg,14,motorbike,motorbike,True,0,1,0.07645449787378311,2.3487,0.5546,498.0815,331.9888,0.0,False,True,0.0,test
coco:87:14:259,coco,87,2008_000354.jpg,14,motorbike,motorbike,True,0,2,0.06391935795545578,336.3927,84.7674,499.3546,331.6903,0.0,False,True,0.0,test
coco:87:14:259,coco,87,2008_000354.jpg,14,motorbike,motorbike,True,0,3,0.05254990607500076,317.8514,37.776,437.0688,286.1578,0.0,False,True,0.0,test
coco:87:19:260,coco,87,2008_000354.jpg,19,train,train,True,0,0,0.24114277958869934,1.3586,0.7056,499.1158,331.9284,0.0,False,True,9.974910394265233,test
coco:87:19:260,coco,87,2008_000354.jpg,19,train,train,True,0,1,0.09269197285175323,312.1905,37.3815,437.2051,284.706,0.0,False,True,0.0,test
coco:87:19:260,coco,87,2008_000354.jpg,19,train,train,True,0,2,0.0719679445028305,334.6264,37.7831,436.438,207.7275,0.0,False,True,0.0,test
coco:87:19:260,coco,87,2008_000354.jpg,19,train,train,True,0,3,0.06187460198998451,4.8765,38.5065,348.7797,330.6068,0.0,False,True,0.0,test
coco:87:19:260,coco,87,2008_000354.jpg,19,train,train,True,0,4,0.05417077988386154,107.0981,38.8253,279.8293,220.1612,0.0,False,True,0.0,test
coco:87:19:260,coco,87,2008_000354.jpg,19,train,train,True,0,5,0.05303054302930832,20.829,53.758,64.5541,95.4829,0.0,False,True,0.0,test
coco:88:19:262,coco,88,2008_000358.jpg,19,train,train,True,0,0,0.21226055920124054,1.4272,1.1933,498.2413,308.1474,0.0,False,True,9.974910394265233,test
coco:88:19:262,coco,88,2008_000358.jpg,19,train,train,True,0,1,0.0743933618068695,1.256,77.7753,450.4723,282.463,0.0,False,True,0.0,test
coco:88:19:262,coco,88,2008_000358.jpg,19,train,train,True,0,2,0.06072695553302765,121.9148,5.1601,241.6933,159.291,0.0,False,True,0.0,test
coco:89:15:264,coco,89,2008_000359.jpg,15,person,person,False,2,0,0.7691848278045654,0.3673,58.5676,219.0526,374.5074,0.964898943901062,True,False,9.974910394265233,test
coco:89:15:264,coco,89,2008_000359.jpg,15,person,person,False,2,1,0.39701613783836365,143.9086,0.4178,488.3643,374.5242,0.9877943992614746,True,False,9.974910394265233,test
coco:89:15:264,coco,89,2008_000359.jpg,15,person,person,False,2,2,0.10903168469667435,476.108,145.7244,499.6242,265.6928,0.010876214131712914,False,True,0.0,test
coco:89:15:264,coco,89,2008_000359.jpg,15,person,person,False,2,3,0.09784433245658875,476.1211,144.9645,499.635,374.2032,0.020560184493660927,False,True,0.0,test
coco:89:15:264,coco,89,2008_000359.jpg,15,person,person,False,2,4,0.05029456689953804,481.5585,254.9576,499.6826,374.382,0.005864577367901802,False,True,0.0,test
coco:89:13:265,coco,89,2008_000359.jpg,13,horse,horse,True,0,0,0.12528766691684723,1.5978,0.1105,497.3716,374.9564,0.0,False,True,0.0,test
coco:89:13:265,coco,89,2008_000359.jpg,13,horse,horse,True,0,1,0.11034389585256577,182.5935,-0.1523,488.0676,374.7183,0.0,False,True,0.0,test
coco:89:13:265,coco,89,2008_000359.jpg,13,horse,horse,True,0,2,0.0697321891784668,39.9359,59.2504,212.6543,213.3118,0.0,False,True,0.0,test
coco:89:13:265,coco,89,2008_000359.jpg,13,horse,horse,True,0,3,0.0675019845366478,0.6731,59.1896,224.9172,373.9287,0.0,False,True,0.0,test
coco:89:13:265,coco,89,2008_000359.jpg,13,horse,horse,True,0,4,0.06561506539583206,183.4966,0.6687,396.6006,373.7991,0.0,False,True,0.0,test
coco:89:13:265,coco,89,2008_000359.jpg,13,horse,horse,True,0,5,0.051325440406799316,184.0514,-0.0212,386.9758,213.3457,0.0,False,True,0.0,test
coco:89:13:265,coco,89,2008_000359.jpg,13,horse,horse,True,0,6,0.05006701871752739,475.872,151.7739,499.4675,265.2702,0.0,False,True,0.0,test
coco:90:19:268,coco,90,2008_000367.jpg,19,train,train,True,0,0,0.5127988457679749,0.5449,0.4557,499.3183,356.5091,0.0,False,True,9.974910394265233,test
coco:90:19:268,coco,90,2008_000367.jpg,19,train,train,True,0,1,0.1683923304080963,0.4265,58.1192,374.9765,356.3679,0.0,False,True,0.0,test
coco:90:19:268,coco,90,2008_000367.jpg,19,train,train,True,0,2,0.05406716465950012,372.8133,233.7379,403.5206,261.6593,0.0,False,True,0.0,test
coco:92:15:273,coco,92,2008_000376.jpg,15,person,person,False,2,0,0.37004542350769043,1.1741,1.4877,498.9897,332.3474,0.9889208674430847,True,False,9.974910394265233,test
coco:92:15:273,coco,92,2008_000376.jpg,15,person,person,False,2,1,0.3586888015270233,236.43,142.5482,499.5326,332.6569,0.3523726463317871,False,True,9.974910394265233,test
coco:92:15:273,coco,92,2008_000376.jpg,15,person,person,False,2,2,0.3375084698200226,1.6078,1.496,336.5519,332.3612,0.6649796366691589,True,False,9.974910394265233,test
coco:92:15:273,coco,92,2008_000376.jpg,15,person,person,False,2,3,0.2650175988674164,409.3302,193.6973,447.4496,207.72,0.003246072679758072,False,True,9.974910394265233,test
coco:92:15:273,coco,92,2008_000376.jpg,15,person,person,False,2,4,0.26252102851867676,454.4036,185.7621,487.3031,206.4448,0.004132155794650316,False,True,9.974910394265233,test
coco:92:15:273,coco,92,2008_000376.jpg,15,person,person,False,2,5,0.2577188014984131,37.0956,182.2793,84.6379,205.0254,0.006566986441612244,False,True,9.974910394265233,test
coco:92:15:273,coco,92,2008_000376.jpg,15,person,person,False,2,6,0.2339375615119934,233.1936,142.433,364.0392,331.8018,0.7113144993782043,True,False,9.974910394265233,test
coco:92:15:273,coco,92,2008_000376.jpg,15,person,person,False,2,7,0.21810340881347656,456.3524,177.1908,499.5406,276.9495,0.026163574308156967,False,True,9.974910394265233,test
coco:92:15:273,coco,92,2008_000376.jpg,15,person,person,False,2,8,0.2060369849205017,234.2818,142.3805,418.7949,332.3567,0.5028087496757507,True,False,9.974910394265233,test
coco:92:15:273,coco,92,2008_000376.jpg,15,person,person,False,2,9,0.20132994651794434,485.5127,177.3587,499.6398,205.4668,0.0024113752879202366,False,True,9.974910394265233,test
coco:92:15:273,coco,92,2008_000376.jpg,15,person,person,False,2,10,0.19289332628250122,353.4751,196.2272,381.7961,256.836,0.027446968480944633,False,True,0.0,test
coco:92:15:273,coco,92,2008_000376.jpg,15,person,person,False,2,11,0.18805883824825287,260.2969,142.482,363.4752,264.1901,0.6806476712226868,True,False,0.0,test
coco:92:15:273,coco,92,2008_000376.jpg,15,person,person,False,2,12,0.18342342972755432,0.0536,190.3773,9.678,197.7039,0.00025258379173465073,False,True,0.0,test
coco:92:15:273,coco,92,2008_000376.jpg,15,person,person,False,2,13,0.18263475596904755,82.923,194.5882,96.7424,205.7572,0.0009373120847158134,False,True,0.0,test
coco:92:15:273,coco,92,2008_000376.jpg,15,person,person,False,2,14,0.17319239675998688,360.5214,196.1653,380.9372,223.8302,0.0034298573154956102,False,True,0.0,test
coco:92:15:273,coco,92,2008_000376.jpg,15,person,person,False,2,15,0.16870452463626862,300.2283,261.0891,499.714,332.6815,0.08672800660133362,False,True,0.0,test
coco:92:15:273,coco,92,2008_000376.jpg,15,person,person,False,2,16,0.16602611541748047,36.5733,190.9459,48.8528,200.6707,0.0007251797942444682,False,True,0.0,test
coco:92:15:273,coco,92,2008_000376.jpg,15,person,person,False,2,17,0.16451309621334076,92.0443,199.3743,111.5683,208.326,0.0010613452177494764,False,True,0.0,test
coco:92:15:273,coco,92,2008_000376.jpg,15,person,person,False,2,18,0.15668177604675293,260.5336,142.4148,447.0213,289.9445,0.4640428125858307,False,True,0.0,test
coco:92:15:273,coco,92,2008_000376.jpg,15,person,person,False,2,19,0.1530938595533371,387.8182,202.6377,407.0742,222.862,0.0023649330250918865,False,True,0.0,test
coco:92:15:273,coco,92,2008_000376.jpg,15,person,person,False,2,20,0.14192546904087067,400.7142,271.9407,499.6597,332.7701,0.03655015304684639,False,True,0.0,test
coco:92:15:273,coco,92,2008_000376.jpg,15,person,person,False,2,21,0.14024028182029724,364.2108,196.229,380.6911,214.0824,0.0017867679707705975,False,True,0.0,test
coco:92:15:273,coco,92,2008_000376.jpg,15,person,person,False,2,22,0.140035018324852,1.4779,142.5903,499.0181,332.4754,0.5691555738449097,True,False,0.0,test
coco:92:15:273,coco,92,2008_000376.jpg,15,person,person,False,2,23,0.13738511502742767,375.071,202.8785,393.2894,227.6899,0.002745006000623107,False,True,0.0,test
coco:92:15:273,coco,92,2008_000376.jpg,15,person,person,False,2,24,0.13667532801628113,111.4365,198.3915,123.9509,205.0456,0.0005056812660768628,False,True,0.0,test
coco:92:15:273,coco,92,2008_000376.jpg,15,person,person,False,2,25,0.13222356140613556,327.0477,200.0002,363.2687,266.1267,0.13051488995552063,False,True,0.0,test
coco:92:15:273,coco,92,2008_000376.jpg,15,person,person,False,2,26,0.12354152649641037,348.7773,200.4629,362.0567,226.8996,0.019831635057926178,False,True,0.0,test
coco:92:15:273,coco,92,2008_000376.jpg,15,person,person,False,2,27,0.11792705208063126,375.7735,202.5043,407.2844,255.1071,0.010065835900604725,False,True,0.0,test
coco:92:15:273,coco,92,2008_000376.jpg,15,person,person,False,2,28,0.11574892699718475,375.3904,203.113,392.9817,219.3889,0.001738700782880187,False,True,0.0,test
coco:92:15:273,coco,92,2008_000376.jpg,15,person,person,False,2,29,0.11483576148748398,348.6992,196.3968,393.6184,266.1444,0.04678170382976532,False,True,0.0,test
coco:92:15:273,coco,92,2008_000376.jpg,15,person,person,False,2,30,0.1138884499669075,372.0781,202.5246,407.623,269.2041,0.014392978511750698,False,True,0.0,test
coco:92:15:273,coco,92,2008_000376.jpg,15,person,person,False,2,31,0.1113751158118248,346.6699,200.4361,362.4072,239.216,0.03370025008916855,False,True,0.0,test
coco:92:15:273,coco,92,2008_000376.jpg,15,person,person,False,2,32,0.10987500101327896,355.918,202.6126,393.5004,255.5092,0.01667684130370617,False,True,0.0,test
coco:92:15:273,coco,92,2008_000376.jpg,15,person,person,False,2,33,0.10638073086738586,235.9068,142.2585,395.9167,291.5719,0.7377065420150757,True,False,0.0,test
coco:92:15:273,coco,92,2008_000376.jpg,15,person,person,False,2,34,0.10582613945007324,371.5639,193.3269,448.1629,270.1227,0.03572244569659233,False,True,0.0,test
coco:92:15:273,coco,92,2008_000376.jpg,15,person,person,False,2,35,0.10580118000507355,454.5974,177.483,499.6065,206.8747,0.008033526130020618,False,True,0.0,test
coco:92:15:273,coco,92,2008_000376.jpg,15,person,person,False,2,36,0.10492255538702011,300.2052,260.0739,418.5771,332.5698,0.06244606152176857,False,True,0.0,test
coco:92:15:273,coco,92,2008_000376.jpg,15,person,person,False,2,37,0.10235285013914108,442.1277,185.5443,487.6316,246.3783,0.01681029237806797,False,True,0.0,test
coco:92:15:273,coco,92,2008_000376.jpg,15,person,person,False,2,38,0.10220620036125183,326.5032,196.0521,382.2534,268.8889,0.13536353409290314,False,True,0.0,test
coco:92:15:273,coco,92,2008_000376.jpg,15,person,person,False,2,39,0.10069437325000763,345.9409,200.3399,363.6248,257.5384,0.05184309184551239,False,True,0.0,test
coco:92:15:273,coco,92,2008_000376.jpg,15,person,person,False,2,40,0.09798409789800644,36.8927,182.1721,123.591,208.2801,0.0137456264346838,False,True,0.0,test
coco:92:15:273,coco,92,2008_000376.jpg,15,person,person,False,2,41,0.09711489081382751,440.3331,185.5226,487.9346,280.8237,0.027548519894480705,False,True,0.0,test
coco:92:15:273,coco,92,2008_000376.jpg,15,person,person,False,2,42,0.08845546841621399,348.4573,196.1278,380.9988,238.8677,0.03139416500926018,False,True,0.0,test
coco:92:15:273,coco,92,2008_000376.jpg,15,person,person,False,2,43,0.08780907839536667,83.2386,194.5697,111.5823,208.1443,0.002336486242711544,False,True,0.0,test
coco:92:15:273,coco,92,2008_000376.jpg,15,person,person,False,2,44,0.08713708072900772,373.846,203.0052,393.7429,253.5847,0.006111382972449064,False,True,0.0,test
coco:92:15:273,coco,92,2008_000376.jpg,15,person,person,False,2,45,0.08271955698728561,339.5024,176.811,499.3028,283.7936,0.10381767898797989,False,True,0.0,test
coco:92:15:273,coco,92,2008_000376.jpg,15,person,person,False,2,46,0.08133165538311005,348.4772,196.2411,446.5813,288.5946,0.055020008236169815,False,True,0.0,test
coco:92:15:273,coco,92,2008_000376.jpg,15,person,person,False,2,47,0.07827908545732498,0.1786,181.9048,123.5214,207.9008,0.018856866285204887,False,True,0.0,test
coco:92:15:273,coco,92,2008_000376.jpg,15,person,person,False,2,48,0.07731569558382034,387.0919,202.7189,408.1599,268.7173,0.008443796075880527,False,True,0.0,test
coco:92:15:273,coco,92,2008_000376.jpg,15,person,person,False,2,49,0.07724220305681229,390.766,202.6484,406.9752,213.9204,0.0011095384834334254,False,True,0.0,test
coco:92:15:273,coco,92,2008_000376.jpg,15,person,person,False,2,50,0.07263630628585815,92.5208,198.2059,124.0768,208.6124,0.0019941898062825203,False,True,0.0,test
coco:92:15:273,coco,92,2008_000376.jpg,15,person,person,False,2,51,0.07100570946931839,408.7821,193.5505,448.904,241.9908,0.01180234830826521,False,True,0.0,test
coco:92:15:273,coco,92,2008_000376.jpg,15,person,person,False,2,52,0.0700773224234581,392.7888,202.8462,406.9423,209.8546,0.0006023728637956083,False,True,0.0,test
coco:92:15:273,coco,92,2008_000376.jpg,15,person,person,False,2,53,0.06553424894809723,387.7056,193.3504,447.2197,224.1187,0.011119957081973553,False,True,0.0,test
coco:92:15:273,coco,92,2008_000376.jpg,15,person,person,False,2,54,0.06490371376276016,376.7325,202.4434,407.0269,232.9335,0.0056092096492648125,False,True,0.0,test
coco:92:15:273,coco,92,2008_000376.jpg,15,person,person,False,2,55,0.06459558010101318,387.2396,202.6511,407.1837,236.4852,0.004097776487469673,False,True,0.0,test
coco:92:15:273,coco,92,2008_000376.jpg,15,person,person,False,2,56,0.06442780792713165,456.5615,177.0632,499.4705,332.3497,0.040463440120220184,False,True,0.0,test
coco:92:15:273,coco,92,2008_000376.jpg,15,person,person,False,2,57,0.0614948645234108,81.7558,143.5343,363.5807,269.1693,0.4185045659542084,False,True,0.0,test
coco:92:15:273,coco,92,2008_000376.jpg,15,person,person,False,2,58,0.06101309880614281,83.2636,194.677,123.9294,208.4959,0.0034125831443816423,False,True,0.0,test
coco:92:15:273,coco,92,2008_000376.jpg,15,person,person,False,2,59,0.0596199557185173,368.0852,202.9583,394.2261,269.1429,0.01050650142133236,False,True,0.0,test
coco:92:15:273,coco,92,2008_000376.jpg,15,person,person,False,2,60,0.05908207222819328,366.3828,252.2379,393.46,269.9007,0.0029043026734143496,False,True,0.0,test
coco:92:15:273,coco,92,2008_000376.jpg,15,person,person,False,2,61,0.058761075139045715,235.0988,2.8565,499.7036,332.8727,0.5302899479866028,True,False,0.0,test
coco:92:15:273,coco,92,2008_000376.jpg,15,person,person,False,2,62,0.05648835748434067,366.3177,252.2012,446.5891,289.0443,0.0179595984518528,False,True,0.0,test
coco:92:15:273,coco,92,2008_000376.jpg,15,person,person,False,2,63,0.05513027310371399,406.8375,193.5365,449.2244,272.3996,0.020299525931477547,False,True,0.0,test
coco:92:15:273,coco,92,2008_000376.jpg,15,person,person,False,2,64,0.054317742586135864,89.1777,0.2452,305.9439,332.4606,0.43588563799858093,False,True,0.0,test
coco:92:15:273,coco,92,2008_000376.jpg,15,person,person,False,2,65,0.05261160805821419,395.0271,271.8175,446.6837,289.0745,0.005413432605564594,False,True,0.0,test
coco:92:15:273,coco,92,2008_000376.jpg,15,person,person,False,2,66,0.05258171632885933,454.4547,185.4296,487.2817,277.5641,0.018366778269410133,False,True,0.0,test
coco:92:15:273,coco,92,2008_000376.jpg,15,person,person,False,2,67,0.05042875185608864,386.4853,193.3046,447.7653,241.4355,0.017911141738295555,False,True,0.0,test
coco:92:15:273,coco,92,2008_000376.jpg,15,person,person,False,2,68,0.05015493929386139,236.5908,215.6191,499.595,332.5568,0.2184123694896698,False,True,0.0,test
coco:92:19:274,coco,92,2008_000376.jpg,19,train,train,True,0,0,0.28533098101615906,1.0095,0.907,499.1932,331.7646,0.0,False,True,9.974910394265233,test
coco:92:19:274,coco,92,2008_000376.jpg,19,train,train,True,0,1,0.2686518132686615,-0.0423,167.0938,499.9175,207.9495,0.0,False,True,9.974910394265233,test
coco:92:19:274,coco,92,2008_000376.jpg,19,train,train,True,0,2,0.24719098210334778,0.5514,146.7812,499.3251,209.7432,0.0,False,True,9.974910394265233,test
coco:92:19:274,coco,92,2008_000376.jpg,19,train,train,True,0,3,0.16648578643798828,1.0039,150.4777,499.1054,330.7085,0.0,False,True,0.0,test
coco:92:19:274,coco,92,2008_000376.jpg,19,train,train,True,0,4,0.16279347240924835,1.0118,0.4726,498.9679,209.8191,0.0,False,True,0.0,test
coco:92:19:274,coco,92,2008_000376.jpg,19,train,train,True,0,5,0.08112797886133194,0.4986,103.5722,499.354,209.3984,0.0,False,True,0.0,test
coco:92:19:274,coco,92,2008_000376.jpg,19,train,train,True,0,6,0.07970403134822845,0.965,163.1239,498.8962,277.2865,0.0,False,True,0.0,test
coco:92:19:274,coco,92,2008_000376.jpg,19,train,train,True,0,7,0.07471714913845062,354.9279,167.5023,498.7411,206.9345,0.0,False,True,0.0,test
coco:92:19:274,coco,92,2008_000376.jpg,19,train,train,True,0,8,0.06933584064245224,1.1207,63.329,498.8242,285.6424,0.0,False,True,0.0,test
coco:92:19:274,coco,92,2008_000376.jpg,19,train,train,True,0,9,0.06534851342439651,0.4201,45.7542,499.7289,173.0258,0.0,False,True,0.0,test
coco:92:19:274,coco,92,2008_000376.jpg,19,train,train,True,0,10,0.0638747438788414,1.0257,109.3536,498.9512,255.0215,0.0,False,True,0.0,test
coco:92:19:274,coco,92,2008_000376.jpg,19,train,train,True,0,11,0.06118132174015045,200.136,174.662,248.6571,186.4306,0.0,False,True,0.0,test
coco:93:14:276,coco,93,2008_000378.jpg,14,motorbike,motorbike,False,1,0,0.9464224576950073,11.9591,182.1884,228.0365,332.3948,0.9806505441665649,True,False,9.974910394265233,test
coco:93:2:277,coco,93,2008_000378.jpg,2,bicycle,bicycle,True,0,0,0.5110263824462891,12.1298,182.4838,228.2542,332.4778,0.0,False,True,9.974910394265233,test
coco:93:2:277,coco,93,2008_000378.jpg,2,bicycle,bicycle,True,0,1,0.05423961579799652,134.4899,183.4097,228.0342,332.222,0.0,False,True,0.0,test
coco:94:9:279,coco,94,2008_000381.jpg,9,chair,chair,False,2,0,0.46532711386680603,1.0121,428.7163,71.4008,499.6263,0.968490719795227,True,False,9.974910394265233,test
coco:94:9:279,coco,94,2008_000381.jpg,9,chair,chair,False,2,1,0.4461020231246948,66.8405,426.2614,133.3693,499.4526,0.8640624284744263,True,False,9.974910394265233,test
coco:94:9:279,coco,94,2008_000381.jpg,9,chair,chair,False,2,2,0.24920079112052917,125.3627,435.3471,136.8913,480.8698,0.08769562095403671,False,True,9.974910394265233,test
coco:94:9:279,coco,94,2008_000381.jpg,9,chair,chair,False,2,3,0.11009157449007034,1.2374,425.918,134.4164,499.5361,0.49935439229011536,False,True,0.0,test
coco:94:9:279,coco,94,2008_000381.jpg,9,chair,chair,False,2,4,0.10892776399850845,40.5269,410.929,51.4095,429.3446,0.0,False,True,0.0,test
coco:94:9:279,coco,94,2008_000381.jpg,9,chair,chair,False,2,5,0.09026699513196945,8.1997,410.542,16.9375,437.4106,0.012597630731761456,False,True,0.0,test
coco:94:9:279,coco,94,2008_000381.jpg,9,chair,chair,False,2,6,0.08917868882417679,63.085,426.1494,103.5114,498.6795,0.4425143003463745,False,True,0.0,test
coco:94:9:279,coco,94,2008_000381.jpg,9,chair,chair,False,2,7,0.08007857203483582,105.8057,430.139,136.5099,494.2442,0.3844012916088104,False,True,0.0,test
coco:94:9:279,coco,94,2008_000381.jpg,9,chair,chair,False,2,8,0.0792507454752922,2.6207,436.2461,18.0673,452.4691,0.050420526415109634,False,True,0.0,test
coco:94:9:279,coco,94,2008_000381.jpg,9,chair,chair,False,2,9,0.060865409672260284,75.5805,429.9537,123.6895,499.26,0.7270762324333191,True,False,0.0,test
coco:94:9:279,coco,94,2008_000381.jpg,9,chair,chair,False,2,10,0.059307750314474106,26.2341,413.4217,33.2102,429.27,0.0,False,True,0.0,test
coco:94:9:279,coco,94,2008_000381.jpg,9,chair,chair,False,2,11,0.05496842786669731,61.1515,437.659,70.3095,469.3873,0.05846407264471054,False,True,0.0,test
coco:94:9:279,coco,94,2008_000381.jpg,9,chair,chair,False,2,12,0.05488038808107376,0.157,435.8978,18.5402,499.3073,0.2214043140411377,False,True,0.0,test
coco:94:9:279,coco,94,2008_000381.jpg,9,chair,chair,False,2,13,0.05345463752746582,67.569,415.8517,88.9912,462.8184,0.1226264089345932,False,True,0.0,test
coco:94:9:279,coco,94,2008_000381.jpg,9,chair,chair,False,2,14,0.05224500223994255,0.1012,452.1571,11.9434,498.7325,0.1016974151134491,False,True,0.0,test
coco:94:9:279,coco,94,2008_000381.jpg,9,chair,chair,False,2,15,0.05171296000480652,0.0499,468.0335,17.5113,499.6628,0.10444707423448563,False,True,0.0,test
coco:95:15:282,coco,95,2008_000382.jpg,15,person,person,False,1,0,0.8603518605232239,0.3173,95.0431,291.0987,499.2126,0.9598758220672607,True,False,9.974910394265233,test
coco:95:15:282,coco,95,2008_000382.jpg,15,person,person,False,1,1,0.0682760551571846,148.607,0.1733,301.6448,101.0001,0.004164073150604963,False,True,0.0,test
coco:95:15:282,coco,95,2008_000382.jpg,15,person,person,False,1,2,0.06298398971557617,177.3589,393.9771,218.3395,439.3561,0.016421852633357048,False,True,0.0,test
coco:95:15:282,coco,95,2008_000382.jpg,15,person,person,False,1,3,0.0510900653898716,134.8713,396.1812,179.1597,424.2272,0.010968583635985851,False,True,0.0,test
coco:95:13:283,coco,95,2008_000382.jpg,13,horse,horse,True,0,0,0.16348996758460999,0.699,95.8964,291.9138,498.9398,0.0,False,True,0.0,test
coco:95:13:283,coco,95,2008_000382.jpg,13,horse,horse,True,0,1,0.1129055917263031,254.1266,207.5547,331.3445,351.1577,0.0,False,True,0.0,test
coco:95:13:283,coco,95,2008_000382.jpg,13,horse,horse,True,0,2,0.07836969196796417,177.4363,394.1482,218.0688,439.6101,0.0,False,True,0.0,test
coco:95:13:283,coco,95,2008_000382.jpg,13,horse,horse,True,0,3,0.05905921384692192,0.8199,95.0826,277.8993,344.8687,0.0,False,True,0.0,test
coco:95:13:283,coco,95,2008_000382.jpg,13,horse,horse,True,0,4,0.058981090784072876,135.0786,396.2252,179.07,424.1936,0.0,False,True,0.0,test
coco:95:13:283,coco,95,2008_000382.jpg,13,horse,horse,True,0,5,0.05608046427369118,145.7534,0.1705,323.5002,147.4066,0.0,False,True,0.0,test
coco:95:13:283,coco,95,2008_000382.jpg,13,horse,horse,True,0,6,0.05396484583616257,0.4324,341.7708,290.3564,499.0916,0.0,False,True,0.0,test
coco:95:13:283,coco,95,2008_000382.jpg,13,horse,horse,True,0,7,0.05374932289123535,303.2758,456.7498,331.4119,498.1151,0.0,False,True,0.0,test
coco:95:13:283,coco,95,2008_000382.jpg,13,horse,horse,True,0,8,0.052708353847265244,0.6149,0.0396,330.0423,153.352,0.0,False,True,0.0,test
coco:96:1:287,coco,96,2008_000383.jpg,1,aeroplane,aeroplane,True,0,0,0.364114373922348,2.3043,2.6157,497.529,372.5423,0.0,False,True,9.974910394265233,test
coco:96:1:287,coco,96,2008_000383.jpg,1,aeroplane,aeroplane,True,0,1,0.16168072819709778,72.8511,142.9393,184.7939,372.9583,0.0,False,True,0.0,test
coco:96:1:287,coco,96,2008_000383.jpg,1,aeroplane,aeroplane,True,0,2,0.12652426958084106,23.3673,87.9136,459.3001,340.7633,0.0,False,True,0.0,test
coco:96:1:287,coco,96,2008_000383.jpg,1,aeroplane,aeroplane,True,0,3,0.12626037001609802,0.8804,132.7657,89.9211,373.2695,0.0,False,True,0.0,test
coco:96:1:287,coco,96,2008_000383.jpg,1,aeroplane,aeroplane,True,0,4,0.12541301548480988,167.4821,105.1364,259.6581,372.2651,0.0,False,True,0.0,test
coco:96:1:287,coco,96,2008_000383.jpg,1,aeroplane,aeroplane,True,0,5,0.10823296755552292,351.9857,157.0651,498.2901,372.9477,0.0,False,True,0.0,test
coco:96:1:287,coco,96,2008_000383.jpg,1,aeroplane,aeroplane,True,0,6,0.10317074507474899,243.4444,156.554,334.8253,372.9992,0.0,False,True,0.0,test
coco:96:1:287,coco,96,2008_000383.jpg,1,aeroplane,aeroplane,True,0,7,0.10024333000183105,12.1625,65.3983,106.1988,137.7733,0.0,False,True,0.0,test
coco:96:1:287,coco,96,2008_000383.jpg,1,aeroplane,aeroplane,True,0,8,0.08537696301937103,420.33,153.6784,454.7664,179.148,0.0,False,True,0.0,test
coco:96:1:287,coco,96,2008_000383.jpg,1,aeroplane,aeroplane,True,0,9,0.08512403070926666,181.0695,104.41,256.3832,196.9756,0.0,False,True,0.0,test
coco:96:1:287,coco,96,2008_000383.jpg,1,aeroplane,aeroplane,True,0,10,0.08025456219911575,92.9639,142.7269,175.106,236.8585,0.0,False,True,0.0,test
coco:96:1:287,coco,96,2008_000383.jpg,1,aeroplane,aeroplane,True,0,11,0.07654764503240585,354.9929,157.2097,435.1606,251.6492,0.0,False,True,0.0,test
coco:96:1:287,coco,96,2008_000383.jpg,1,aeroplane,aeroplane,True,0,12,0.07278381288051605,170.2763,104.1309,259.3269,239.3848,0.0,False,True,0.0,test
coco:96:1:287,coco,96,2008_000383.jpg,1,aeroplane,aeroplane,True,0,13,0.06880155205726624,38.6077,76.1589,98.1792,130.077,0.0,False,True,0.0,test
coco:96:1:287,coco,96,2008_000383.jpg,1,aeroplane,aeroplane,True,0,14,0.06764128059148788,11.2857,71.2952,487.2513,289.3841,0.0,False,True,0.0,test
coco:96:1:287,coco,96,2008_000383.jpg,1,aeroplane,aeroplane,True,0,15,0.06431008130311966,1.9773,132.5795,90.6444,226.0132,0.0,False,True,0.0,test
coco:96:1:287,coco,96,2008_000383.jpg,1,aeroplane,aeroplane,True,0,16,0.06132657453417778,3.8644,6.3166,494.7665,261.5526,0.0,False,True,0.0,test
coco:96:1:287,coco,96,2008_000383.jpg,1,aeroplane,aeroplane,True,0,17,0.06114152818918228,325.519,192.0117,436.2674,373.0151,0.0,False,True,0.0,test
coco:96:1:287,coco,96,2008_000383.jpg,1,aeroplane,aeroplane,True,0,18,0.05616433545947075,210.905,70.229,338.7418,119.4709,0.0,False,True,0.0,test
coco:96:1:287,coco,96,2008_000383.jpg,1,aeroplane,aeroplane,True,0,19,0.05136371776461601,325.2393,192.1238,397.4964,371.7538,0.0,False,True,0.0,test
coco:97:7:289,coco,97,2008_000391.jpg,7,car,car,True,0,0,0.08940538763999939,413.0994,240.5736,480.4371,288.36,0.0,False,True,0.0,test
coco:97:7:289,coco,97,2008_000391.jpg,7,car,car,True,0,1,0.0705510750412941,280.0791,201.9589,342.5608,295.0101,0.0,False,True,0.0,test
coco:97:7:289,coco,97,2008_000391.jpg,7,car,car,True,0,2,0.06420712172985077,338.3069,106.2891,433.1996,298.7751,0.0,False,True,0.0,test
coco:97:7:289,coco,97,2008_000391.jpg,7,car,car,True,0,3,0.06323937326669693,0.6436,37.4941,189.0594,312.2387,0.0,False,True,0.0,test
coco:97:7:289,coco,97,2008_000391.jpg,7,car,car,True,0,4,0.06067638844251633,163.191,152.5621,296.0556,311.0676,0.0,False,True,0.0,test
coco:97:7:289,coco,97,2008_000391.jpg,7,car,car,True,0,5,0.058374181389808655,94.2024,237.7185,178.6353,322.9689,0.0,False,True,0.0,test
coco:97:18:290,coco,97,2008_000391.jpg,18,sofa,sofa,True,0,0,0.14389728009700775,413.0757,240.4363,480.2629,288.6357,0.0,False,True,0.0,test
coco:97:18:290,coco,97,2008_000391.jpg,18,sofa,sofa,True,0,1,0.12452971935272217,0.5309,37.8127,188.6985,312.1274,0.0,False,True,0.0,test
coco:97:18:290,coco,97,2008_000391.jpg,18,sofa,sofa,True,0,2,0.11891666799783707,338.3424,106.3314,433.0019,298.9118,0.0,False,True,0.0,test
coco:97:18:290,coco,97,2008_000391.jpg,18,sofa,sofa,True,0,3,0.11599406599998474,162.977,152.1757,295.8763,310.8933,0.0,False,True,0.0,test
coco:97:18:290,coco,97,2008_000391.jpg,18,sofa,sofa,True,0,4,0.11324027925729752,279.9435,201.8975,342.561,295.2615,0.0,False,True,0.0,test
coco:97:18:290,coco,97,2008_000391.jpg,18,sofa,sofa,True,0,5,0.07824837416410446,1.3728,0.9052,498.4896,372.3988,0.0,False,True,0.0,test
coco:97:18:290,coco,97,2008_000391.jpg,18,sofa,sofa,True,0,6,0.0732138529419899,94.7964,237.6749,176.6733,323.262,0.0,False,True,0.0,test
coco:97:18:290,coco,97,2008_000391.jpg,18,sofa,sofa,True,0,7,0.06017003580927849,402.3008,239.9877,487.0341,295.9612,0.0,False,True,0.0,test
coco:98:15:291,coco,98,2008_000398.jpg,15,person,person,False,2,0,0.802248477935791,115.4996,65.4515,256.8888,384.9381,0.9732769131660461,True,False,9.974910394265233,test
coco:98:15:291,coco,98,2008_000398.jpg,15,person,person,False,2,1,0.7848293781280518,2.2801,25.6736,156.7299,327.988,0.9760511517524719,True,False,9.974910394265233,test
coco:98:15:291,coco,98,2008_000398.jpg,15,person,person,False,2,2,0.210257425904274,142.1632,155.9713,173.0271,195.6412,0.02646998129785061,False,True,9.974910394265233,test
coco:98:15:291,coco,98,2008_000398.jpg,15,person,person,False,2,3,0.09222087264060974,1.5064,26.3976,256.6491,384.2824,0.5217471122741699,True,False,0.0,test
coco:98:15:291,coco,98,2008_000398.jpg,15,person,person,False,2,4,0.07218584418296814,142.7085,143.137,256.4164,195.2909,0.12820902466773987,False,True,0.0,test
coco:98:15:291,coco,98,2008_000398.jpg,15,person,person,False,2,5,0.05158763378858566,115.3966,156.6682,174.025,335.8858,0.227158784866333,False,True,0.0,test
coco:99:15:295,coco,99,2008_000401.jpg,15,person,person,True,0,0,0.31362906098365784,0.0055,58.0033,326.7809,374.7333,0.0,False,True,9.974910394265233,test
coco:99:15:295,coco,99,2008_000401.jpg,15,person,person,True,0,1,0.24804270267486572,276.7469,4.3274,368.0585,87.8059,0.0,False,True,9.974910394265233,test
coco:99:15:295,coco,99,2008_000401.jpg,15,person,person,True,0,2,0.2060687243938446,274.8578,0.0977,401.3743,88.1298,0.0,False,True,9.974910394265233,test
coco:99:15:295,coco,99,2008_000401.jpg,15,person,person,True,0,3,0.160847008228302,276.5497,0.3447,487.3693,99.959,0.0,False,True,0.0,test
coco:99:15:295,coco,99,2008_000401.jpg,15,person,person,True,0,4,0.14164693653583527,276.5323,4.3037,317.1394,63.6484,0.0,False,True,0.0,test
coco:99:15:295,coco,99,2008_000401.jpg,15,person,person,True,0,5,0.14040116965770721,276.4272,0.1602,393.8394,63.1968,0.0,False,True,0.0,test
coco:99:15:295,coco,99,2008_000401.jpg,15,person,person,True,0,6,0.1150982454419136,0.0842,112.4317,37.6751,172.3736,0.0,False,True,0.0,test
coco:99:15:295,coco,99,2008_000401.jpg,15,person,person,True,0,7,0.10333070158958435,277.3778,4.5054,313.6367,41.2775,0.0,False,True,0.0,test
coco:99:15:295,coco,99,2008_000401.jpg,15,person,person,True,0,8,0.1021590381860733,0.066,112.3577,12.7275,134.392,0.0,False,True,0.0,test
coco:99:15:295,coco,99,2008_000401.jpg,15,person,person,True,0,9,0.09819284826517105,0.6467,61.7778,499.0928,374.5665,0.0,False,True,0.0,test
coco:99:15:295,coco,99,2008_000401.jpg,15,person,person,True,0,10,0.09709432721138,358.8459,323.9781,407.5783,368.4285,0.0,False,True,0.0,test
coco:99:15:295,coco,99,2008_000401.jpg,15,person,person,True,0,11,0.09678211063146591,334.6211,249.8246,380.901,321.9132,0.0,False,True,0.0,test
coco:99:15:295,coco,99,2008_000401.jpg,15,person,person,True,0,12,0.0914117619395256,179.0237,-0.0196,399.6599,103.1182,0.0,False,True,0.0,test
coco:99:15:295,coco,99,2008_000401.jpg,15,person,person,True,0,13,0.0841347724199295,381.2342,258.8903,433.6443,337.6152,0.0,False,True,0.0,test
coco:99:15:295,coco,99,2008_000401.jpg,15,person,person,True,0,14,0.07644524425268173,274.9681,0.1695,498.7541,67.3186,0.0,False,True,0.0,test
coco:99:15:295,coco,99,2008_000401.jpg,15,person,person,True,0,15,0.07397137582302094,276.7341,0.1081,394.7245,41.235,0.0,False,True,0.0,test
coco:99:15:295,coco,99,2008_000401.jpg,15,person,person,True,0,16,0.07229344546794891,286.8802,35.2844,367.4611,87.8606,0.0,False,True,0.0,test
coco:99:15:295,coco,99,2008_000401.jpg,15,person,person,True,0,17,0.07065021246671677,317.2512,250.0103,431.4003,371.4377,0.0,False,True,0.0,test
coco:99:15:295,coco,99,2008_000401.jpg,15,person,person,True,0,18,0.06923756748437881,316.5291,249.8096,381.1758,341.243,0.0,False,True,0.0,test
coco:99:15:295,coco,99,2008_000401.jpg,15,person,person,True,0,19,0.06883227825164795,0.381,-0.0068,238.4696,136.9546,0.0,False,True,0.0,test
coco:99:15:295,coco,99,2008_000401.jpg,15,person,person,True,0,20,0.06747962534427643,237.9295,101.2184,499.6382,374.5845,0.0,False,True,0.0,test
coco:99:15:295,coco,99,2008_000401.jpg,15,person,person,True,0,21,0.06701712310314178,228.4979,0.5417,317.5115,65.1218,0.0,False,True,0.0,test
coco:99:15:295,coco,99,2008_000401.jpg,15,person,person,True,0,22,0.06553441286087036,382.7647,259.3748,419.8123,295.3273,0.0,False,True,0.0,test
coco:99:15:295,coco,99,2008_000401.jpg,15,person,person,True,0,23,0.06421862542629242,268.2619,0.8211,335.2722,67.3302,0.0,False,True,0.0,test
coco:99:15:295,coco,99,2008_000401.jpg,15,person,person,True,0,24,0.06382846087217331,334.9254,249.6315,379.5672,291.5759,0.0,False,True,0.0,test
coco:99:15:295,coco,99,2008_000401.jpg,15,person,person,True,0,25,0.061201103031635284,185.2752,0.2765,492.8231,99.3126,0.0,False,True,0.0,test
coco:99:15:295,coco,99,2008_000401.jpg,15,person,person,True,0,26,0.0608905665576458,394.405,294.7891,433.3066,332.1118,0.0,False,True,0.0,test
coco:99:15:295,coco,99,2008_000401.jpg,15,person,person,True,0,27,0.05922125279903412,256.1014,250.4801,382.1476,373.6111,0.0,False,True,0.0,test
coco:99:15:295,coco,99,2008_000401.jpg,15,person,person,True,0,28,0.05695907399058342,188.2229,2.4106,368.478,90.6552,0.0,False,True,0.0,test
coco:99:15:295,coco,99,2008_000401.jpg,15,person,person,True,0,29,0.05677530914545059,33.7746,-0.0929,238.6222,109.542,0.0,False,True,0.0,test
coco:99:15:295,coco,99,2008_000401.jpg,15,person,person,True,0,30,0.056353598833084106,0.2499,0.1601,107.657,137.4059,0.0,False,True,0.0,test
coco:99:15:295,coco,99,2008_000401.jpg,15,person,person,True,0,31,0.054601553827524185,156.0445,18.0672,291.6906,108.3538,0.0,False,True,0.0,test
coco:99:15:295,coco,99,2008_000401.jpg,15,person,person,True,0,32,0.05369606614112854,205.4867,0.1224,406.5172,65.9966,0.0,False,True,0.0,test
coco:99:15:295,coco,99,2008_000401.jpg,15,person,person,True,0,33,0.05201305076479912,272.939,3.0462,319.4066,83.2684,0.0,False,True,0.0,test
coco:99:15:295,coco,99,2008_000401.jpg,15,person,person,True,0,34,0.05056709796190262,381.5403,259.0677,441.0732,358.1558,0.0,False,True,0.0,test
coco:99:17:296,coco,99,2008_000401.jpg,17,sheep,sheep,True,0,0,0.05875423923134804,0.1239,63.0565,326.1536,374.4893,0.0,False,True,0.0,test
coco:100:13:297,coco,100,2008_000403.jpg,13,horse,horse,False,1,0,0.9244607090950012,180.1566,209.2886,238.1321,297.3413,0.8556187748908997,True,False,9.974910394265233,test
coco:100:13:297,coco,100,2008_000403.jpg,13,horse,horse,False,1,1,0.219563826918602,115.688,253.2431,127.5792,262.2331,0.0,False,True,9.974910394265233,test
coco:100:13:297,coco,100,2008_000403.jpg,13,horse,horse,False,1,2,0.10258733481168747,115.4768,253.1393,140.7531,274.7302,0.0,False,True,0.0,test
coco:100:13:297,coco,100,2008_000403.jpg,13,horse,horse,False,1,3,0.09912554919719696,115.3633,253.0736,163.405,275.0416,0.0,False,True,0.0,test
coco:100:13:297,coco,100,2008_000403.jpg,13,horse,horse,False,1,4,0.09535013884305954,105.4213,253.1852,127.741,274.6146,0.0,False,True,0.0,test
coco:100:13:297,coco,100,2008_000403.jpg,13,horse,horse,False,1,5,0.09420054405927658,115.4698,253.2279,127.7559,273.5619,0.0,False,True,0.0,test
coco:100:13:297,coco,100,2008_000403.jpg,13,horse,horse,False,1,6,0.08098769187927246,96.3273,253.1177,127.7075,275.0244,0.0,False,True,0.0,test
coco:100:13:297,coco,100,2008_000403.jpg,13,horse,horse,False,1,7,0.0721191018819809,180.8655,208.611,200.3978,261.7359,0.20860053598880768,False,True,0.0,test
coco:100:13:297,coco,100,2008_000403.jpg,13,horse,horse,False,1,8,0.06419392675161362,115.52,253.0294,154.7551,262.925,0.0,False,True,0.0,test
coco:100:13:297,coco,100,2008_000403.jpg,13,horse,horse,False,1,9,0.060197602957487106,181.5001,208.4489,227.0886,261.4386,0.47702932357788086,False,True,0.0,test
coco:100:13:297,coco,100,2008_000403.jpg,13,horse,horse,False,1,10,0.05058389529585838,95.5838,265.9076,112.4489,275.1251,0.0,False,True,0.0,test
coco:100:12:298,coco,100,2008_000403.jpg,12,dog,dog,True,0,0,0.4149092137813568,115.4572,252.8975,127.8123,262.4448,0.0,False,True,9.974910394265233,test
coco:100:12:298,coco,100,2008_000403.jpg,12,dog,dog,True,0,1,0.18789523839950562,180.2183,208.7196,238.2538,297.2817,0.0,False,True,0.0,test
coco:100:12:298,coco,100,2008_000403.jpg,12,dog,dog,True,0,2,0.1668538898229599,115.0904,252.741,140.869,275.0435,0.0,False,True,0.0,test
coco:100:12:298,coco,100,2008_000403.jpg,12,dog,dog,True,0,3,0.10604503005743027,115.1944,252.8703,128.0357,273.4649,0.0,False,True,0.0,test
coco:100:12:298,coco,100,2008_000403.jpg,12,dog,dog,True,0,4,0.09922443330287933,215.5058,374.7432,225.5871,384.2101,0.0,False,True,0.0,test
coco:100:12:298,coco,100,2008_000403.jpg,12,dog,dog,True,0,5,0.09245593845844269,180.8289,181.3987,227.8275,261.9474,0.0,False,True,0.0,test
coco:100:12:298,coco,100,2008_000403.jpg,12,dog,dog,True,0,6,0.0741407498717308,114.6344,252.6787,163.3606,275.2922,0.0,False,True,0.0,test
coco:100:12:298,coco,100,2008_000403.jpg,12,dog,dog,True,0,7,0.06170112267136574,147.2924,255.3285,163.6439,275.105,0.0,False,True,0.0,test
coco:100:12:298,coco,100,2008_000403.jpg,12,dog,dog,True,0,8,0.05946827307343483,181.2081,208.8505,227.2164,261.8085,0.0,False,True,0.0,test
coco:100:12:298,coco,100,2008_000403.jpg,12,dog,dog,True,0,9,0.05872774496674538,180.7206,208.6723,200.3517,261.5268,0.0,False,True,0.0,test
coco:100:12:298,coco,100,2008_000403.jpg,12,dog,dog,True,0,10,0.054845672100782394,148.2656,255.3147,163.5788,263.7815,0.0,False,True,0.0,test
coco:100:12:298,coco,100,2008_000403.jpg,12,dog,dog,True,0,11,0.05280720070004463,95.0302,252.5112,163.1981,275.6162,0.0,False,True,0.0,test
coco:100:20:299,coco,100,2008_000403.jpg,20,tvmonitor,tvmonitor,True,0,0,0.3852841556072235,178.7365,208.5514,238.014,297.6434,0.0,False,True,9.974910394265233,test
coco:100:20:299,coco,100,2008_000403.jpg,20,tvmonitor,tvmonitor,True,0,1,0.28076639771461487,180.5634,180.7316,228.6027,262.1763,0.0,False,True,9.974910394265233,test
coco:100:20:299,coco,100,2008_000403.jpg,20,tvmonitor,tvmonitor,True,0,2,0.1452515721321106,247.6245,160.1035,373.1512,257.2374,0.0,False,True,0.0,test
coco:100:20:299,coco,100,2008_000403.jpg,20,tvmonitor,tvmonitor,True,0,3,0.12947463989257812,68.9942,228.2784,163.6832,283.1732,0.0,False,True,0.0,test
coco:100:20:299,coco,100,2008_000403.jpg,20,tvmonitor,tvmonitor,True,0,4,0.11055167764425278,144.3546,285.2253,160.1383,334.2956,0.0,False,True,0.0,test
coco:100:20:299,coco,100,2008_000403.jpg,20,tvmonitor,tvmonitor,True,0,5,0.10784957557916641,114.831,252.2173,128.0365,263.0132,0.0,False,True,0.0,test
coco:100:20:299,coco,100,2008_000403.jpg,20,tvmonitor,tvmonitor,True,0,6,0.08949851989746094,69.2974,251.0183,163.4789,282.4702,0.0,False,True,0.0,test
coco:100:20:299,coco,100,2008_000403.jpg,20,tvmonitor,tvmonitor,True,0,7,0.08219245076179504,157.3751,170.7052,258.8085,311.3441,0.0,False,True,0.0,test
coco:100:20:299,coco,100,2008_000403.jpg,20,tvmonitor,tvmonitor,True,0,8,0.07908901572227478,113.9531,251.603,128.8642,272.4819,0.0,False,True,0.0,test
coco:100:20:299,coco,100,2008_000403.jpg,20,tvmonitor,tvmonitor,True,0,9,0.07223890721797943,197.6494,181.1078,209.9463,189.5988,0.0,False,True,0.0,test
coco:100:20:299,coco,100,2008_000403.jpg,20,tvmonitor,tvmonitor,True,0,10,0.07136411219835281,112.0766,251.3148,139.0926,274.2471,0.0,False,True,0.0,test
coco:100:20:299,coco,100,2008_000403.jpg,20,tvmonitor,tvmonitor,True,0,11,0.06999772042036057,250.3286,194.0637,372.974,256.3219,0.0,False,True,0.0,test
coco:100:20:299,coco,100,2008_000403.jpg,20,tvmonitor,tvmonitor,True,0,12,0.05946538597345352,0.4601,228.8435,35.6539,278.821,0.0,False,True,0.0,test
coco:100:20:299,coco,100,2008_000403.jpg,20,tvmonitor,tvmonitor,True,0,13,0.05801006406545639,11.5442,229.2455,35.3035,278.0656,0.0,False,True,0.0,test
coco:100:20:299,coco,100,2008_000403.jpg,20,tvmonitor,tvmonitor,True,0,14,0.05415129289031029,136.1988,282.2745,167.6022,338.8266,0.0,False,True,0.0,test
coco:100:20:299,coco,100,2008_000403.jpg,20,tvmonitor,tvmonitor,True,0,15,0.050430361181497574,1.6022,224.4977,372.4442,497.7508,0.0,False,True,0.0,test
coco:101:12:301,coco,101,2008_000406.jpg,12,dog,dog,True,0,0,0.2403929978609085,159.3897,49.9366,428.255,374.3334,0.0,False,True,9.974910394265233,test
coco:101:12:301,coco,101,2008_000406.jpg,12,dog,dog,True,0,1,0.1390266865491867,213.118,305.718,404.1547,374.8356,0.0,False,True,0.0,test
coco:101:12:301,coco,101,2008_000406.jpg,12,dog,dog,True,0,2,0.11202646791934967,213.1055,306.0624,499.0357,374.7688,0.0,False,True,0.0,test
coco:101:12:301,coco,101,2008_000406.jpg,12,dog,dog,True,0,3,0.05962548404932022,213.0771,350.9289,403.8109,374.8229,0.0,False,True,0.0,test
coco:102:15:303,coco,102,2008_000407.jpg,15,person,person,False,2,0,0.5913822650909424,55.3643,145.5863,330.3633,499.5399,0.9764299988746643,True,False,9.974910394265233,test
coco:102:15:303,coco,102,2008_000407.jpg,15,person,person,False,2,1,0.44119536876678467,75.1249,72.1897,286.5883,403.0375,0.9794806838035583,True,False,9.974910394265233,test
coco:102:15:303,coco,102,2008_000407.jpg,15,person,person,False,2,2,0.05387463793158531,110.7637,72.4274,238.5733,209.4259,0.2456395924091339,False,True,0.0,test
coco:102:16:304,coco,102,2008_000407.jpg,16,pottedplant,pottedplant,True,0,0,0.1668410450220108,73.3164,353.0937,123.5947,405.4034,0.0,False,True,0.0,test
coco:102:16:304,coco,102,2008_000407.jpg,16,pottedplant,pottedplant,True,0,1,0.15249963104724884,245.1068,356.0958,285.8141,398.03,0.0,False,True,0.0,test
coco:102:16:304,coco,102,2008_000407.jpg,16,pottedplant,pottedplant,True,0,2,0.15101978182792664,244.7199,311.4895,335.703,398.0354,0.0,False,True,0.0,test
coco:102:16:304,coco,102,2008_000407.jpg,16,pottedplant,pottedplant,True,0,3,0.1373186856508255,124.4746,296.7221,238.3431,417.7593,0.0,False,True,0.0,test
coco:102:16:304,coco,102,2008_000407.jpg,16,pottedplant,pottedplant,True,0,4,0.12480854243040085,322.6863,341.1365,374.5818,444.2037,0.0,False,True,0.0,test
coco:102:16:304,coco,102,2008_000407.jpg,16,pottedplant,pottedplant,True,0,5,0.11013460159301758,134.2099,148.2724,290.101,397.6172,0.0,False,True,0.0,test
coco:102:16:304,coco,102,2008_000407.jpg,16,pottedplant,pottedplant,True,0,6,0.10488224029541016,71.0266,146.0071,292.5861,408.383,0.0,False,True,0.0,test
coco:102:16:304,coco,102,2008_000407.jpg,16,pottedplant,pottedplant,True,0,7,0.09732770919799805,183.1647,147.8501,293.032,398.0807,0.0,False,True,0.0,test
coco:102:16:304,coco,102,2008_000407.jpg,16,pottedplant,pottedplant,True,0,8,0.09282703697681427,109.6152,72.8378,291.4127,398.0107,0.0,False,True,0.0,test
coco:102:16:304,coco,102,2008_000407.jpg,16,pottedplant,pottedplant,True,0,9,0.09228615462779999,134.9202,146.8983,295.3416,291.1299,0.0,False,True,0.0,test
coco:102:16:304,coco,102,2008_000407.jpg,16,pottedplant,pottedplant,True,0,10,0.09211420267820358,207.9868,0.6451,374.5791,394.2904,0.0,False,True,0.0,test
coco:102:16:304,coco,102,2008_000407.jpg,16,pottedplant,pottedplant,True,0,11,0.0861879512667656,0.4805,321.2972,61.3772,403.3111,0.0,False,True,0.0,test
coco:102:16:304,coco,102,2008_000407.jpg,16,pottedplant,pottedplant,True,0,12,0.08157937973737717,42.668,365.8923,58.0857,391.6425,0.0,False,True,0.0,test
coco:102:16:304,coco,102,2008_000407.jpg,16,pottedplant,pottedplant,True,0,13,0.08066195994615555,56.889,144.6446,331.4284,497.898,0.0,False,True,0.0,test
coco:102:16:304,coco,102,2008_000407.jpg,16,pottedplant,pottedplant,True,0,14,0.06850675493478775,0.6023,287.5858,119.6226,436.6472,0.0,False,True,0.0,test
coco:102:16:304,coco,102,2008_000407.jpg,16,pottedplant,pottedplant,True,0,15,0.06599796563386917,195.7613,150.2144,295.1753,291.0409,0.0,False,True,0.0,test
coco:102:16:304,coco,102,2008_000407.jpg,16,pottedplant,pottedplant,True,0,16,0.05985070765018463,0.382,280.1531,95.9155,404.2568,0.0,False,True,0.0,test
coco:102:16:304,coco,102,2008_000407.jpg,16,pottedplant,pottedplant,True,0,17,0.051005903631448746,294.9198,311.4224,362.9343,385.765,0.0,False,True,0.0,test
coco:102:16:304,coco,102,2008_000407.jpg,16,pottedplant,pottedplant,True,0,18,0.05026940628886223,72.8103,311.5938,126.665,405.4226,0.0,False,True,0.0,test
coco:102:16:304,coco,102,2008_000407.jpg,16,pottedplant,pottedplant,True,0,19,0.050123654305934906,134.6583,194.9693,206.7839,214.0616,0.0,False,True,0.0,test
coco:102:16:304,coco,102,2008_000407.jpg,16,pottedplant,pottedplant,True,0,20,0.05011484771966934,294.7264,312.3947,374.4113,443.6553,0.0,False,True,0.0,test
coco:102:16:304,coco,102,2008_000407.jpg,16,pottedplant,pottedplant,True,0,21,0.05007915571331978,0.3144,317.1182,76.2117,430.4098,0.0,False,True,0.0,test
coco:103:15:306,coco,103,2008_000408.jpg,15,person,person,False,4,0,0.8535016179084778,300.9713,123.261,416.1202,289.4689,0.9042870998382568,True,False,9.974910394265233,test
coco:103:15:306,coco,103,2008_000408.jpg,15,person,person,False,4,1,0.8097386360168457,73.1436,86.8315,238.4646,277.2645,0.976193368434906,True,False,9.974910394265233,test
coco:103:15:306,coco,103,2008_000408.jpg,15,person,person,False,4,2,0.7163505554199219,0.161,94.5509,61.3263,274.0883,0.0,False,True,9.974910394265233,test
coco:103:15:306,coco,103,2008_000408.jpg,15,person,person,False,4,3,0.5941562652587891,230.1119,142.1924,275.3086,192.8106,0.9008951783180237,True,False,9.974910394265233,test
coco:103:15:306,coco,103,2008_000408.jpg,15,person,person,False,4,4,0.5421384572982788,183.0927,91.0528,228.1798,169.1559,0.726370096206665,True,False,9.974910394265233,test
coco:103:15:306,coco,103,2008_000408.jpg,15,person,person,False,4,5,0.5205151438713074,53.0132,139.2751,87.552,197.035,0.02248774655163288,False,True,9.974910394265233,test
coco:103:15:306,coco,103,2008_000408.jpg,15,person,person,False,4,6,0.4836938679218292,457.0337,137.6321,499.8346,306.4739,0.0,False,True,9.974910394265233,test
coco:103:15:306,coco,103,2008_000408.jpg,15,person,person,False,4,7,0.30981579422950745,286.2725,130.7748,307.9761,158.2732,0.010944843292236328,False,True,9.974910394265233,test
coco:103:15:306,coco,103,2008_000408.jpg,15,person,person,False,4,8,0.3078095614910126,279.4155,130.8228,308.0955,166.4792,0.014152668416500092,False,True,9.974910394265233,test
coco:103:15:306,coco,103,2008_000408.jpg,15,person,person,False,4,9,0.30508798360824585,457.0882,190.9084,499.7779,306.2565,0.0,False,True,9.974910394265233,test
coco:103:15:306,coco,103,2008_000408.jpg,15,person,person,False,4,10,0.25967684388160706,11.2279,121.0622,31.5528,161.7624,0.0,False,True,9.974910394265233,test
coco:103:15:306,coco,103,2008_000408.jpg,15,person,person,False,4,11,0.24232004582881927,262.8012,146.3687,290.2312,188.5932,0.16761063039302826,False,True,9.974910394265233,test
coco:103:15:306,coco,103,2008_000408.jpg,15,person,person,False,4,12,0.23193062841892242,279.2859,139.4133,304.6583,166.8586,0.006319565698504448,False,True,9.974910394265233,test
coco:103:15:306,coco,103,2008_000408.jpg,15,person,person,False,4,13,0.20863854885101318,217.9077,133.9756,238.7169,156.5161,0.04236168786883354,False,True,9.974910394265233,test
coco:103:15:306,coco,103,2008_000408.jpg,15,person,person,False,4,14,0.20333105325698853,97.1617,105.9369,136.4126,167.8819,0.07850807160139084,False,True,9.974910394265233,test
coco:103:15:306,coco,103,2008_000408.jpg,15,person,person,False,4,15,0.19515745341777802,215.947,134.0125,239.7464,167.1892,0.07901215553283691,False,True,0.0,test
coco:103:15:306,coco,103,2008_000408.jpg,15,person,person,False,4,16,0.17905151844024658,182.8628,91.1551,250.1617,209.9726,0.3435226082801819,False,True,0.0,test
coco:103:15:306,coco,103,2008_000408.jpg,15,person,person,False,4,17,0.17512202262878418,278.808,130.879,309.1129,188.1448,0.024998363107442856,False,True,0.0,test
coco:103:15:306,coco,103,2008_000408.jpg,15,person,person,False,4,18,0.17509183287620544,260.5041,140.2731,280.9459,165.9467,0.12685376405715942,False,True,0.0,test
coco:103:15:306,coco,103,2008_000408.jpg,15,person,person,False,4,19,0.16241158545017242,259.9682,140.3615,270.3514,164.8399,0.09227964282035828,False,True,0.0,test
coco:103:15:306,coco,103,2008_000408.jpg,15,person,person,False,4,20,0.1502506285905838,12.359,132.2478,31.0992,161.7178,0.0,False,True,0.0,test
coco:103:15:306,coco,103,2008_000408.jpg,15,person,person,False,4,21,0.148817777633667,97.0011,74.5372,190.741,168.4334,0.23392346501350403,False,True,0.0,test
coco:103:15:306,coco,103,2008_000408.jpg,15,person,person,False,4,22,0.14834457635879517,26.0408,121.3121,56.5208,175.88,0.0,False,True,0.0,test
coco:103:15:306,coco,103,2008_000408.jpg,15,person,person,False,4,23,0.13880880177021027,149.8066,74.2228,190.2873,125.0529,0.055506885051727295,False,True,0.0,test
coco:103:15:306,coco,103,2008_000408.jpg,15,person,person,False,4,24,0.13415946066379547,26.4028,122.0303,50.4524,161.2394,0.0,False,True,0.0,test
coco:103:15:306,coco,103,2008_000408.jpg,15,person,person,False,4,25,0.13222087919712067,150.1622,74.2748,189.5584,109.2668,0.02658884972333908,False,True,0.0,test
coco:103:15:306,coco,103,2008_000408.jpg,15,person,person,False,4,26,0.13180114328861237,264.2314,146.4571,282.3354,166.5777,0.0840592160820961,False,True,0.0,test
coco:103:15:306,coco,103,2008_000408.jpg,15,person,person,False,4,27,0.12996454536914825,212.5176,142.0359,242.0819,186.4815,0.16321708261966705,False,True,0.0,test
coco:103:15:306,coco,103,2008_000408.jpg,15,person,person,False,4,28,0.12692201137542725,150.4113,74.5438,227.5044,169.2207,0.4185888171195984,False,True,0.0,test
coco:103:15:306,coco,103,2008_000408.jpg,15,person,person,False,4,29,0.12479770183563232,260.5685,140.276,268.9254,150.9152,0.026968300342559814,False,True,0.0,test
coco:103:15:306,coco,103,2008_000408.jpg,15,person,person,False,4,30,0.12042412906885147,184.2707,127.6224,213.4984,168.7229,0.3868834376335144,False,True,0.0,test
coco:103:15:306,coco,103,2008_000408.jpg,15,person,person,False,4,31,0.12041912227869034,52.0761,139.1564,87.8631,241.3884,0.03947412222623825,False,True,0.0,test
coco:103:15:306,coco,103,2008_000408.jpg,15,person,person,False,4,32,0.1177908182144165,11.8778,121.4641,50.4626,168.337,0.0,False,True,0.0,test
coco:103:15:306,coco,103,2008_000408.jpg,15,person,person,False,4,33,0.11407790333032608,490.3101,137.2744,499.8658,193.8528,0.0,False,True,0.0,test
coco:103:15:306,coco,103,2008_000408.jpg,15,person,person,False,4,34,0.1133645698428154,11.1269,121.4273,52.7433,185.2219,0.0,False,True,0.0,test
coco:103:15:306,coco,103,2008_000408.jpg,15,person,person,False,4,35,0.10958357900381088,26.4679,122.0681,43.9234,150.9093,0.0,False,True,0.0,test
coco:103:15:306,coco,103,2008_000408.jpg,15,person,person,False,4,36,0.10948774963617325,97.8725,79.7408,228.3676,170.273,0.3350067734718323,False,True,0.0,test
coco:103:15:306,coco,103,2008_000408.jpg,15,person,person,False,4,37,0.10117600858211517,230.2502,186.8927,249.8457,210.4248,0.07354410737752914,False,True,0.0,test
coco:103:15:306,coco,103,2008_000408.jpg,15,person,person,False,4,38,0.100934237241745,469.4845,191.0682,499.5347,245.7423,0.0,False,True,0.0,test
coco:103:15:306,coco,103,2008_000408.jpg,15,person,person,False,4,39,0.10006485134363174,39.7498,120.5147,58.6041,156.2443,0.0,False,True,0.0,test
coco:103:15:306,coco,103,2008_000408.jpg,15,person,person,False,4,40,0.09411009401082993,263.3248,142.4584,305.8911,188.7245,0.13810282945632935,False,True,0.0,test
coco:103:15:306,coco,103,2008_000408.jpg,15,person,person,False,4,41,0.09247563779354095,223.3022,133.9734,238.4456,145.9614,0.009669612161815166,False,True,0.0,test
coco:103:15:306,coco,103,2008_000408.jpg,15,person,person,False,4,42,0.0913509875535965,212.4946,153.1878,250.1283,210.0678,0.2390689253807068,False,True,0.0,test
coco:103:15:306,coco,103,2008_000408.jpg,15,person,person,False,4,43,0.08729565888643265,282.7561,148.7999,303.9698,166.7823,0.0035743326880037785,False,True,0.0,test
coco:103:15:306,coco,103,2008_000408.jpg,15,person,person,False,4,44,0.08705251663923264,212.171,152.9184,226.6041,167.8695,0.056253090500831604,False,True,0.0,test
coco:103:15:306,coco,103,2008_000408.jpg,15,person,person,False,4,45,0.08665353059768677,132.295,76.0524,249.496,211.0372,0.3849567472934723,False,True,0.0,test
coco:103:15:306,coco,103,2008_000408.jpg,15,person,person,False,4,46,0.08626891672611237,231.5711,193.1583,249.9163,210.2044,0.02637338824570179,False,True,0.0,test
coco:103:15:306,coco,103,2008_000408.jpg,15,person,person,False,4,47,0.08548678457736969,94.4683,88.2462,248.2874,209.8993,0.5419079661369324,True,False,0.0,test
coco:103:15:306,coco,103,2008_000408.jpg,15,person,person,False,4,48,0.08037257194519043,182.8303,105.9689,213.1239,168.4597,0.6096863746643066,True,False,0.0,test
coco:103:15:306,coco,103,2008_000408.jpg,15,person,person,False,4,49,0.078934445977211,240.8737,142.551,269.633,189.4043,0.5462963581085205,True,False,0.0,test
coco:103:15:306,coco,103,2008_000408.jpg,15,person,person,False,4,50,0.07733973115682602,40.6907,120.2836,57.4993,144.034,0.0,False,True,0.0,test
coco:103:15:306,coco,103,2008_000408.jpg,15,person,person,False,4,51,0.07719903439283371,12.3043,132.473,46.198,182.2949,0.0,False,True,0.0,test
coco:103:15:306,coco,103,2008_000408.jpg,15,person,person,False,4,52,0.07495515793561935,220.7137,143.8848,240.3838,184.7032,0.1508878916501999,False,True,0.0,test
coco:103:15:306,coco,103,2008_000408.jpg,15,person,person,False,4,53,0.07238703221082687,212.7326,142.6552,252.1965,241.5145,0.2335217297077179,False,True,0.0,test
coco:103:15:306,coco,103,2008_000408.jpg,15,person,person,False,4,54,0.06987486779689789,414.782,137.4861,499.672,305.2447,0.0,False,True,0.0,test
coco:103:15:306,coco,103,2008_000408.jpg,15,person,person,False,4,55,0.06854239106178284,281.8513,148.9124,313.5564,190.2975,0.027483930811285973,False,True,0.0,test
coco:103:15:306,coco,103,2008_000408.jpg,15,person,person,False,4,56,0.06787892431020737,469.9721,137.3222,499.6897,245.755,0.0,False,True,0.0,test
coco:103:15:306,coco,103,2008_000408.jpg,15,person,person,False,4,57,0.06650670617818832,260.3788,140.1844,269.485,155.1467,0.045043542981147766,False,True,0.0,test
coco:103:15:306,coco,103,2008_000408.jpg,15,person,person,False,4,58,0.06624537706375122,27.1089,122.0949,42.2622,143.097,0.0,False,True,0.0,test
coco:103:15:306,coco,103,2008_000408.jpg,15,person,person,False,4,59,0.06491133570671082,127.2937,74.5728,190.4865,164.1817,0.15129992365837097,False,True,0.0,test
coco:103:15:306,coco,103,2008_000408.jpg,15,person,person,False,4,60,0.06303302943706512,219.903,143.9158,238.6037,167.2697,0.07537314295768738,False,True,0.0,test
coco:103:15:306,coco,103,2008_000408.jpg,15,person,person,False,4,61,0.06258372962474823,303.3791,159.259,315.9763,190.9263,0.020288724452257156,False,True,0.0,test
coco:103:15:306,coco,103,2008_000408.jpg,15,person,person,False,4,62,0.062399860471487045,228.705,134.2768,239.3909,154.1668,0.041323862969875336,False,True,0.0,test
coco:103:15:306,coco,103,2008_000408.jpg,15,person,person,False,4,63,0.057494401931762695,26.6983,141.2645,53.5256,189.3115,0.0,False,True,0.0,test
coco:103:15:306,coco,103,2008_000408.jpg,15,person,person,False,4,64,0.05747091770172119,0.6505,96.2318,31.9116,163.5024,0.0,False,True,0.0,test
coco:103:15:306,coco,103,2008_000408.jpg,15,person,person,False,4,65,0.057157035917043686,151.3139,74.3809,188.1705,96.8439,0.010357076302170753,False,True,0.0,test
coco:103:15:306,coco,103,2008_000408.jpg,15,person,person,False,4,66,0.05668720602989197,279.7383,130.7617,296.342,147.5854,0.0,False,True,0.0,test
coco:103:15:306,coco,103,2008_000408.jpg,15,person,person,False,4,67,0.05652635172009468,126.9028,74.4331,189.9601,132.8347,0.08883301168680191,False,True,0.0,test
coco:103:15:306,coco,103,2008_000408.jpg,15,person,person,False,4,68,0.05555089935660362,251.0313,139.8577,260.2943,148.7449,0.02163974568247795,False,True,0.0,test
coco:103:15:306,coco,103,2008_000408.jpg,15,person,person,False,4,69,0.054421961307525635,246.3463,173.3529,252.2401,187.4109,0.03409707546234131,False,True,0.0,test
coco:103:15:306,coco,103,2008_000408.jpg,15,person,person,False,4,70,0.05442045256495476,268.9369,139.2318,276.9808,149.6952,0.016411101445555687,False,True,0.0,test
coco:103:15:306,coco,103,2008_000408.jpg,15,person,person,False,4,71,0.05357075855135918,232.0184,193.3189,251.4597,241.8411,0.021674869582057,False,True,0.0,test
coco:103:15:306,coco,103,2008_000408.jpg,15,person,person,False,4,72,0.053159672766923904,295.8938,162.984,314.4494,191.2503,0.020650740712881088,False,True,0.0,test
coco:103:15:306,coco,103,2008_000408.jpg,15,person,person,False,4,73,0.05281156301498413,63.9584,173.6785,88.5348,220.6882,0.020205946639180183,False,True,0.0,test
coco:103:15:306,coco,103,2008_000408.jpg,15,person,person,False,4,74,0.05232665687799454,255.1098,156.041,262.7916,166.2486,0.03226831927895546,False,True,0.0,test
coco:103:15:306,coco,103,2008_000408.jpg,15,person,person,False,4,75,0.051809217780828476,151.4776,79.4026,251.2092,240.3868,0.3896201550960541,False,True,0.0,test
coco:103:15:306,coco,103,2008_000408.jpg,15,person,person,False,4,76,0.05151036009192467,230.835,134.3359,238.6256,144.901,0.0059300437569618225,False,True,0.0,test
coco:103:15:306,coco,103,2008_000408.jpg,15,person,person,False,4,77,0.0513780452311039,184.9334,129.5288,226.7663,168.6256,0.47535064816474915,False,True,0.0,test
coco:103:15:306,coco,103,2008_000408.jpg,15,person,person,False,4,78,0.05119213089346886,40.0342,137.7095,59.242,172.2741,0.0,False,True,0.0,test
coco:103:15:306,coco,103,2008_000408.jpg,15,person,person,False,4,79,0.05094965174794197,148.2672,180.1933,183.9135,268.6821,0.10184990614652634,False,True,0.0,test
coco:103:15:306,coco,103,2008_000408.jpg,15,person,person,False,4,80,0.0503452904522419,241.938,140.9233,264.449,166.4561,0.21319153904914856,False,True,0.0,test
coco:103:15:306,coco,103,2008_000408.jpg,15,person,person,False,4,81,0.0503336526453495,44.4251,137.7282,57.9458,158.8168,0.0,False,True,0.0,test
coco:103:15:306,coco,103,2008_000408.jpg,15,person,person,False,4,82,0.05004974082112312,26.8949,120.8313,87.5404,197.0009,0.02757955715060234,False,True,0.0,test
coco:103:11:308,coco,103,2008_000408.jpg,11,diningtable,diningtable,True,0,0,0.3583209216594696,1.6531,250.7035,498.319,373.4928,0.0,False,True,9.974910394265233,test
coco:103:11:308,coco,103,2008_000408.jpg,11,diningtable,diningtable,True,0,1,0.15040570497512817,2.073,185.2613,497.6872,373.0728,0.0,False,True,0.0,test
coco:103:11:308,coco,103,2008_000408.jpg,11,diningtable,diningtable,True,0,2,0.14628757536411285,233.1468,179.7443,436.2006,255.8092,0.0,False,True,0.0,test
coco:103:11:308,coco,103,2008_000408.jpg,11,diningtable,diningtable,True,0,3,0.12401498854160309,3.3927,81.7982,496.4758,371.2044,0.0,False,True,0.0,test
coco:103:11:308,coco,103,2008_000408.jpg,11,diningtable,diningtable,True,0,4,0.08907919377088547,72.1874,86.1036,241.1088,278.2723,0.0,False,True,0.0,test
coco:103:11:308,coco,103,2008_000408.jpg,11,diningtable,diningtable,True,0,5,0.07053589075803757,235.6849,184.9521,308.7379,255.8298,0.0,False,True,0.0,test
coco:103:11:308,coco,103,2008_000408.jpg,11,diningtable,diningtable,True,0,6,0.0644926130771637,161.5542,252.5311,494.9163,372.8297,0.0,False,True,0.0,test
coco:103:11:308,coco,103,2008_000408.jpg,11,diningtable,diningtable,True,0,7,0.06289183348417282,299.2095,122.2239,419.6091,289.9814,0.0,False,True,0.0,test
coco:103:11:308,coco,103,2008_000408.jpg,11,diningtable,diningtable,True,0,8,0.05757812783122063,386.655,179.1705,436.3319,235.6623,0.0,False,True,0.0,test
coco:103:11:308,coco,103,2008_000408.jpg,11,diningtable,diningtable,True,0,9,0.05375155434012413,74.3655,225.8145,481.9697,371.8691,0.0,False,True,0.0,test
coco:103:11:308,coco,103,2008_000408.jpg,11,diningtable,diningtable,True,0,10,0.050904810428619385,249.5057,204.196,303.9586,253.6582,0.0,False,True,0.0,test
coco:104:15:309,coco,104,2008_000413.jpg,15,person,person,False,1,0,0.9010704159736633,0.0654,0.1165,374.819,499.5504,0.9943686723709106,True,False,9.974910394265233,test
coco:104:19:310,coco,104,2008_000413.jpg,19,train,train,True,0,0,0.2915624976158142,1.1639,0.2,373.9197,498.8972,0.0,False,True,9.974910394265233,test
coco:104:19:310,coco,104,2008_000413.jpg,19,train,train,True,0,1,0.06605848670005798,1.1944,0.7096,364.3633,344.4575,0.0,False,True,0.0,test
coco:104:19:310,coco,104,2008_000413.jpg,19,train,train,True,0,2,0.06264877319335938,269.4094,239.1295,289.4407,277.1703,0.0,False,True,0.0,test
coco:105:4:312,coco,105,2008_000414.jpg,4,boat,boat,False,3,0,0.5171873569488525,0.6532,0.7299,394.4157,332.0583,0.6651914715766907,True,False,9.974910394265233,test
coco:105:4:312,coco,105,2008_000414.jpg,4,boat,boat,False,3,1,0.27087876200675964,0.7657,126.4425,386.0867,331.0724,0.7621546983718872,True,False,9.974910394265233,test
coco:105:4:312,coco,105,2008_000414.jpg,4,boat,boat,False,3,2,0.21160918474197388,316.9673,113.5372,414.2922,132.6107,0.47146040201187134,False,True,9.974910394265233,test
coco:105:4:312,coco,105,2008_000414.jpg,4,boat,boat,False,3,3,0.14956119656562805,0.2248,93.0618,132.9463,183.7568,0.3805857002735138,False,True,0.0,test
coco:105:4:312,coco,105,2008_000414.jpg,4,boat,boat,False,3,4,0.14599503576755524,0.2208,92.8863,117.0897,163.5924,0.26117557287216187,False,True,0.0,test
coco:105:4:312,coco,105,2008_000414.jpg,4,boat,boat,False,3,5,0.13432684540748596,328.5821,139.0904,499.7677,178.9229,0.04063902422785759,False,True,0.0,test
coco:105:4:312,coco,105,2008_000414.jpg,4,boat,boat,False,3,6,0.12843316793441772,0.3239,156.3535,105.3822,223.8131,0.2241216003894806,False,True,0.0,test
coco:105:4:312,coco,105,2008_000414.jpg,4,boat,boat,False,3,7,0.12818077206611633,0.508,207.2468,158.1394,333.5502,0.18448977172374725,False,True,0.0,test
coco:105:4:312,coco,105,2008_000414.jpg,4,boat,boat,False,3,8,0.12331719696521759,0.2441,156.5254,105.9183,288.931,0.1947306990623474,False,True,0.0,test
coco:105:4:312,coco,105,2008_000414.jpg,4,boat,boat,False,3,9,0.11712811887264252,0.1691,181.5376,105.3615,224.0933,0.14140121638774872,False,True,0.0,test
coco:105:4:312,coco,105,2008_000414.jpg,4,boat,boat,False,3,10,0.11250776797533035,316.9071,105.0462,414.4766,139.305,0.8450228571891785,True,False,0.0,test
coco:105:4:312,coco,105,2008_000414.jpg,4,boat,boat,False,3,11,0.10173923522233963,317.5981,114.576,499.623,179.2475,0.22065052390098572,False,True,0.0,test
coco:105:4:312,coco,105,2008_000414.jpg,4,boat,boat,False,3,12,0.09889642894268036,1.1075,155.0518,102.3296,185.3291,0.09768668562173843,False,True,0.0,test
coco:105:4:312,coco,105,2008_000414.jpg,4,boat,boat,False,3,13,0.09621179103851318,0.2925,93.3048,133.748,289.62,0.4456489384174347,False,True,0.0,test
coco:105:4:312,coco,105,2008_000414.jpg,4,boat,boat,False,3,14,0.09620387107133865,0.1946,93.3345,132.3751,232.2059,0.5458807349205017,True,False,0.0,test
coco:105:4:312,coco,105,2008_000414.jpg,4,boat,boat,False,3,15,0.09276935458183289,0.1827,181.6987,107.0337,254.6718,0.13977064192295074,False,True,0.0,test
coco:105:4:312,coco,105,2008_000414.jpg,4,boat,boat,False,3,16,0.08834987133741379,387.2243,153.0802,499.4484,178.5843,0.0,False,True,0.0,test
coco:105:4:312,coco,105,2008_000414.jpg,4,boat,boat,False,3,17,0.087750144302845,293.6693,131.7075,499.5937,179.1218,0.09653455764055252,False,True,0.0,test
coco:105:4:312,coco,105,2008_000414.jpg,4,boat,boat,False,3,18,0.08478078991174698,315.4382,22.5952,499.5781,178.2303,0.1367824524641037,False,True,0.0,test
coco:105:4:312,coco,105,2008_000414.jpg,4,boat,boat,False,3,19,0.0836591124534607,317.1043,0.308,414.3663,135.3078,0.21642570197582245,False,True,0.0,test
coco:105:4:312,coco,105,2008_000414.jpg,4,boat,boat,False,3,20,0.08353419601917267,0.9109,71.7166,296.8376,225.5148,0.676789402961731,True,False,0.0,test
coco:105:4:312,coco,105,2008_000414.jpg,4,boat,boat,False,3,21,0.07525842636823654,36.7916,155.4818,102.801,185.6156,0.06340213865041733,False,True,0.0,test
coco:105:4:312,coco,105,2008_000414.jpg,4,boat,boat,False,3,22,0.0750134065747261,0.4627,154.4078,103.6414,201.2596,0.15315964818000793,False,True,0.0,test
coco:105:4:312,coco,105,2008_000414.jpg,4,boat,boat,False,3,23,0.07392912358045578,3.4666,147.9735,379.572,283.1276,0.5857324004173279,True,False,0.0,test
coco:105:4:312,coco,105,2008_000414.jpg,4,boat,boat,False,3,24,0.07229002565145493,2.3672,123.5142,383.3414,260.3356,0.6006340384483337,True,False,0.0,test
coco:105:4:312,coco,105,2008_000414.jpg,4,boat,boat,False,3,25,0.07224295288324356,383.7563,142.7159,499.4911,179.0213,0.004804782569408417,False,True,0.0,test
coco:105:4:312,coco,105,2008_000414.jpg,4,boat,boat,False,3,26,0.07200095057487488,1.1733,249.0809,499.0497,333.642,0.23510852456092834,False,True,0.0,test
coco:105:4:312,coco,105,2008_000414.jpg,4,boat,boat,False,3,27,0.07161200791597366,0.22,187.9055,79.8274,222.429,0.08666878193616867,False,True,0.0,test
coco:105:4:312,coco,105,2008_000414.jpg,4,boat,boat,False,3,28,0.07004526257514954,0.5977,1.1127,158.8628,332.2245,0.3479882478713989,False,True,0.0,test
coco:105:4:312,coco,105,2008_000414.jpg,4,boat,boat,False,3,29,0.06806948035955429,86.6947,69.8576,296.9751,205.6111,0.38216984272003174,False,True,0.0,test
coco:105:4:312,coco,105,2008_000414.jpg,4,boat,boat,False,3,30,0.06765490770339966,0.4082,94.8705,497.9041,332.7771,0.690079391002655,True,False,0.0,test
coco:105:4:312,coco,105,2008_000414.jpg,4,boat,boat,False,3,31,0.06726854294538498,0.255,156.6894,114.4892,331.7654,0.19922220706939697,False,True,0.0,test
coco:105:4:312,coco,105,2008_000414.jpg,4,boat,boat,False,3,32,0.06600198149681091,399.6796,252.8762,499.5554,333.5645,0.0,False,True,0.0,test
coco:105:4:312,coco,105,2008_000414.jpg,4,boat,boat,False,3,33,0.06507137417793274,53.8167,72.1275,379.2338,313.2898,0.801851212978363,True,False,0.0,test
coco:105:4:312,coco,105,2008_000414.jpg,4,boat,boat,False,3,34,0.06134316325187683,0.6769,177.8483,498.9554,333.0783,0.46241316199302673,False,True,0.0,test
coco:105:4:312,coco,105,2008_000414.jpg,4,boat,boat,False,3,35,0.06117139756679535,0.9551,144.2594,378.2352,227.6878,0.4315955638885498,False,True,0.0,test
coco:105:4:312,coco,105,2008_000414.jpg,4,boat,boat,False,3,36,0.058846261352300644,0.9848,156.3711,51.3622,179.7621,0.03754843771457672,False,True,0.0,test
coco:105:4:312,coco,105,2008_000414.jpg,4,boat,boat,False,3,37,0.05867068096995354,356.0659,0.0973,382.3276,24.7774,0.0,False,True,0.0,test
coco:105:4:312,coco,105,2008_000414.jpg,4,boat,boat,False,3,38,0.057564862072467804,316.8396,111.0347,414.6735,176.2279,0.4514213502407074,False,True,0.0,test
coco:105:4:312,coco,105,2008_000414.jpg,4,boat,boat,False,3,39,0.056187067180871964,441.525,119.0012,469.5484,143.0227,0.0,False,True,0.0,test
coco:105:4:312,coco,105,2008_000414.jpg,4,boat,boat,False,3,40,0.05590159073472023,0.5,1.3124,132.5462,171.9552,0.24999268352985382,False,True,0.0,test
coco:105:4:312,coco,105,2008_000414.jpg,4,boat,boat,False,3,41,0.055499784648418427,0.3818,134.8507,102.6038,186.6394,0.16755028069019318,False,True,0.0,test
coco:105:4:312,coco,105,2008_000414.jpg,4,boat,boat,False,3,42,0.054450541734695435,0.2187,0.9511,499.5274,180.5267,0.25555652379989624,False,True,0.0,test
coco:105:4:312,coco,105,2008_000414.jpg,4,boat,boat,False,3,43,0.052063655108213425,138.3986,252.8722,499.2709,333.672,0.14664126932621002,False,True,0.0,test
coco:105:4:312,coco,105,2008_000414.jpg,4,boat,boat,False,3,44,0.05193893238902092,0.2199,174.5907,34.0296,198.6248,0.02528812736272812,False,True,0.0,test
coco:105:4:312,coco,105,2008_000414.jpg,4,boat,boat,False,3,45,0.05153018981218338,0.3568,186.2972,79.1496,255.4278,0.09455978870391846,False,True,0.0,test
coco:105:4:312,coco,105,2008_000414.jpg,4,boat,boat,False,3,46,0.050913255661726,422.5675,118.2773,472.2853,143.2293,0.0,False,True,0.0,test
coco:105:4:312,coco,105,2008_000414.jpg,4,boat,boat,False,3,47,0.050895366817712784,111.3287,147.5355,379.1981,322.1347,0.49672114849090576,False,True,0.0,test
coco:105:4:312,coco,105,2008_000414.jpg,4,boat,boat,False,3,48,0.05067257955670357,186.9412,149.7253,378.5995,305.0969,0.34313082695007324,False,True,0.0,test
coco:105:4:312,coco,105,2008_000414.jpg,4,boat,boat,False,3,49,0.05056349188089371,0.1565,25.4724,29.2584,109.8684,0.01687675714492798,False,True,0.0,test
coco:105:4:312,coco,105,2008_000414.jpg,4,boat,boat,False,3,50,0.05012653023004532,1.4127,274.0907,157.8694,333.317,0.06766825169324875,False,True,0.0,test
coco:106:9:315,coco,106,2008_000418.jpg,9,chair,chair,False,2,0,0.616018533706665,307.54,234.4683,385.044,353.6576,0.9852913022041321,True,False,9.974910394265233,test
coco:106:9:315,coco,106,2008_000418.jpg,9,chair,chair,False,2,1,0.5905009508132935,419.5304,262.9992,489.3578,374.6279,0.9582856297492981,True,False,9.974910394265233,test
coco:106:9:315,coco,106,2008_000418.jpg,9,chair,chair,False,2,2,0.16504564881324768,233.9904,334.9397,408.4253,374.7437,0.10087212175130844,False,True,0.0,test
coco:106:9:315,coco,106,2008_000418.jpg,9,chair,chair,False,2,3,0.1477205753326416,450.9663,227.2805,494.0222,266.2144,0.009345516562461853,False,True,0.0,test
coco:106:9:315,coco,106,2008_000418.jpg,9,chair,chair,False,2,4,0.1207478791475296,450.5233,226.7052,497.9299,302.4246,0.15586917102336884,False,True,0.0,test
coco:106:9:315,coco,106,2008_000418.jpg,9,chair,chair,False,2,5,0.10643087327480316,472.1839,228.1117,494.5416,267.1788,0.006681871134787798,False,True,0.0,test
coco:106:9:315,coco,106,2008_000418.jpg,9,chair,chair,False,2,6,0.0866653099656105,472.8096,228.0791,492.3329,256.054,0.0,False,True,0.0,test
coco:106:9:315,coco,106,2008_000418.jpg,9,chair,chair,False,2,7,0.0859551727771759,370.3584,244.7733,402.1502,318.8913,0.10283252596855164,False,True,0.0,test
coco:106:9:315,coco,106,2008_000418.jpg,9,chair,chair,False,2,8,0.08377698063850403,439.0294,227.3867,493.3336,318.182,0.2810055613517761,False,True,0.0,test
coco:106:9:315,coco,106,2008_000418.jpg,9,chair,chair,False,2,9,0.08034692704677582,76.9744,270.7937,166.9776,374.6258,0.0,False,True,0.0,test
coco:106:9:315,coco,106,2008_000418.jpg,9,chair,chair,False,2,10,0.07981362193822861,471.9914,227.5724,498.8356,302.4226,0.07708436250686646,False,True,0.0,test
coco:106:9:315,coco,106,2008_000418.jpg,9,chair,chair,False,2,11,0.06468532979488373,472.8906,228.2105,491.5103,244.4798,0.0,False,True,0.0,test
coco:106:9:315,coco,106,2008_000418.jpg,9,chair,chair,False,2,12,0.06455963104963303,338.9218,250.8086,499.7137,364.7143,0.365274578332901,False,True,0.0,test
coco:106:9:315,coco,106,2008_000418.jpg,9,chair,chair,False,2,13,0.06308864802122116,365.2581,244.8856,402.2328,351.957,0.18996760249137878,False,True,0.0,test
coco:106:9:315,coco,106,2008_000418.jpg,9,chair,chair,False,2,14,0.060709524899721146,382.9169,244.3593,402.1913,253.3398,0.001982487039640546,False,True,0.0,test
coco:106:9:315,coco,106,2008_000418.jpg,9,chair,chair,False,2,15,0.059337347745895386,344.2255,245.2776,402.1346,352.9461,0.394553005695343,False,True,0.0,test
coco:106:9:315,coco,106,2008_000418.jpg,9,chair,chair,False,2,16,0.059205953031778336,389.1712,244.6357,402.2176,251.7662,0.0,False,True,0.0,test
coco:106:9:315,coco,106,2008_000418.jpg,9,chair,chair,False,2,17,0.0587075799703598,308.4833,235.6017,499.0193,373.8801,0.34097084403038025,False,True,0.0,test
coco:106:9:315,coco,106,2008_000418.jpg,9,chair,chair,False,2,18,0.05682485178112984,423.5015,228.089,492.742,363.9048,0.6376084685325623,True,False,0.0,test
coco:106:9:315,coco,106,2008_000418.jpg,9,chair,chair,False,2,19,0.05560646578669548,442.8774,236.0819,454.4016,258.4022,0.0,False,True,0.0,test
coco:106:9:315,coco,106,2008_000418.jpg,9,chair,chair,False,2,20,0.05311627313494682,307.7932,234.7667,342.3454,337.5881,0.3815532624721527,False,True,0.0,test
coco:106:9:315,coco,106,2008_000418.jpg,9,chair,chair,False,2,21,0.051016028970479965,353.8214,291.4026,384.7067,353.38,0.20622584223747253,False,True,0.0,test
coco:106:9:315,coco,106,2008_000418.jpg,9,chair,chair,False,2,22,0.05069528892636299,433.8214,228.6837,493.7197,266.7854,0.015992406755685806,False,True,0.0,test
coco:106:17:317,coco,106,2008_000418.jpg,17,sheep,sheep,True,0,0,0.11082171648740768,190.2991,220.7266,199.4268,233.5607,0.0,False,True,0.0,test
coco:106:17:317,coco,106,2008_000418.jpg,17,sheep,sheep,True,0,1,0.0992804691195488,451.6507,224.9023,492.563,264.6091,0.0,False,True,0.0,test
coco:106:17:317,coco,106,2008_000418.jpg,17,sheep,sheep,True,0,2,0.05847640708088875,234.155,335.0294,408.8131,374.7053,0.0,False,True,0.0,test
coco:106:17:317,coco,106,2008_000418.jpg,17,sheep,sheep,True,0,3,0.05308368802070618,436.1375,231.6955,450.2715,247.2311,0.0,False,True,0.0,test
coco:107:6:320,coco,107,2008_000419.jpg,6,bus,bus,True,0,0,0.23054960370063782,0.9805,24.5076,456.696,374.0891,0.0,False,True,9.974910394265233,test
coco:107:6:320,coco,107,2008_000419.jpg,6,bus,bus,True,0,1,0.0627056434750557,107.1333,77.7656,376.3119,326.8428,0.0,False,True,0.0,test
coco:109:16:325,coco,109,2008_000424.jpg,16,pottedplant,pottedplant,True,0,0,0.16955891251564026,84.4468,188.3977,287.2335,249.6519,0.0,False,True,0.0,test
coco:109:16:325,coco,109,2008_000424.jpg,16,pottedplant,pottedplant,True,0,1,0.07005468755960464,1.4481,59.5367,373.7047,498.5466,0.0,False,True,0.0,test
coco:109:16:325,coco,109,2008_000424.jpg,16,pottedplant,pottedplant,True,0,2,0.061340220272541046,49.8048,61.5669,309.2486,497.0073,0.0,False,True,0.0,test
coco:109:16:325,coco,109,2008_000424.jpg,16,pottedplant,pottedplant,True,0,3,0.06037484109401703,50.7036,62.328,314.9433,342.5531,0.0,False,True,0.0,test
coco:109:5:326,coco,109,2008_000424.jpg,5,bottle,bottle,True,0,0,0.1391690969467163,234.8267,47.0746,247.9775,55.2183,0.0,False,True,0.0,test
coco:109:5:326,coco,109,2008_000424.jpg,5,bottle,bottle,True,0,1,0.12153135985136032,16.5302,40.7324,22.0239,56.5162,0.0,False,True,0.0,test
coco:109:5:326,coco,109,2008_000424.jpg,5,bottle,bottle,True,0,2,0.10135650634765625,13.8101,56.1683,21.9526,68.7723,0.0,False,True,0.0,test
coco:109:5:326,coco,109,2008_000424.jpg,5,bottle,bottle,True,0,3,0.09438880532979965,84.5994,188.3616,286.73,248.8071,0.0,False,True,0.0,test
coco:109:5:326,coco,109,2008_000424.jpg,5,bottle,bottle,True,0,4,0.08704817295074463,118.7308,21.1918,124.2578,25.6238,0.0,False,True,0.0,test
coco:109:5:326,coco,109,2008_000424.jpg,5,bottle,bottle,True,0,5,0.0768355131149292,210.9394,19.3105,220.6777,26.2668,0.0,False,True,0.0,test
coco:109:5:326,coco,109,2008_000424.jpg,5,bottle,bottle,True,0,6,0.07623808830976486,16.0609,36.5656,22.5509,57.8215,0.0,False,True,0.0,test
coco:109:5:326,coco,109,2008_000424.jpg,5,bottle,bottle,True,0,7,0.07369326055049896,117.4409,57.8492,123.3395,67.7845,0.0,False,True,0.0,test
coco:109:5:326,coco,109,2008_000424.jpg,5,bottle,bottle,True,0,8,0.0727296993136406,202.9012,36.8617,209.6047,43.1653,0.0,False,True,0.0,test
coco:109:5:326,coco,109,2008_000424.jpg,5,bottle,bottle,True,0,9,0.0706510841846466,66.0245,9.8723,72.9722,15.1391,0.0,False,True,0.0,test
coco:109:5:326,coco,109,2008_000424.jpg,5,bottle,bottle,True,0,10,0.06942495703697205,274.5981,39.3623,293.595,51.4932,0.0,False,True,0.0,test
coco:109:5:326,coco,109,2008_000424.jpg,5,bottle,bottle,True,0,11,0.06803018599748611,202.9854,36.8571,215.5312,44.5979,0.0,False,True,0.0,test
coco:109:5:326,coco,109,2008_000424.jpg,5,bottle,bottle,True,0,12,0.0661928653717041,14.2073,35.849,23.9138,68.7759,0.0,False,True,0.0,test
coco:109:5:326,coco,109,2008_000424.jpg,5,bottle,bottle,True,0,13,0.0657811388373375,90.5289,30.8242,111.8916,42.6579,0.0,False,True,0.0,test
coco:109:5:326,coco,109,2008_000424.jpg,5,bottle,bottle,True,0,14,0.06534790992736816,331.7594,115.2716,348.7063,126.8648,0.0,False,True,0.0,test
coco:109:5:326,coco,109,2008_000424.jpg,5,bottle,bottle,True,0,15,0.06274103373289108,81.0537,17.3752,88.1054,22.7822,0.0,False,True,0.0,test
coco:109:5:326,coco,109,2008_000424.jpg,5,bottle,bottle,True,0,16,0.06033243238925934,155.7345,33.7508,166.6377,45.0036,0.0,False,True,0.0,test
coco:109:5:326,coco,109,2008_000424.jpg,5,bottle,bottle,True,0,17,0.058608125895261765,194.9129,39.3661,206.0911,75.518,0.0,False,True,0.0,test
coco:109:5:326,coco,109,2008_000424.jpg,5,bottle,bottle,True,0,18,0.05761680752038956,100.9377,292.9709,268.3829,499.3216,0.0,False,True,0.0,test
coco:109:5:326,coco,109,2008_000424.jpg,5,bottle,bottle,True,0,19,0.057110197842121124,239.7561,41.6476,246.0316,48.4383,0.0,False,True,0.0,test
coco:109:5:326,coco,109,2008_000424.jpg,5,bottle,bottle,True,0,20,0.056562282145023346,234.0997,41.8127,248.1997,55.4796,0.0,False,True,0.0,test
coco:109:5:326,coco,109,2008_000424.jpg,5,bottle,bottle,True,0,21,0.056434132158756256,195.9122,52.1206,205.7502,74.3456,0.0,False,True,0.0,test
coco:109:5:326,coco,109,2008_000424.jpg,5,bottle,bottle,True,0,22,0.05450129881501198,88.6781,31.5391,92.8927,41.2695,0.0,False,True,0.0,test
coco:109:5:326,coco,109,2008_000424.jpg,5,bottle,bottle,True,0,23,0.0544990710914135,231.342,46.4455,251.5903,87.684,0.0,False,True,0.0,test
coco:109:5:326,coco,109,2008_000424.jpg,5,bottle,bottle,True,0,24,0.052503276616334915,122.6308,40.8856,126.9958,48.6851,0.0,False,True,0.0,test
coco:110:15:327,coco,110,2008_000446.jpg,15,person,person,False,3,0,0.7860766649246216,194.3019,110.323,334.9704,446.8893,0.9824807047843933,True,False,9.974910394265233,test
coco:110:15:327,coco,110,2008_000446.jpg,15,person,person,False,3,1,0.7500641345977783,30.8063,134.9843,196.8838,446.8896,0.9826980233192444,True,False,9.974910394265233,test
coco:110:15:327,coco,110,2008_000446.jpg,15,person,person,False,3,2,0.4022926390171051,104.4517,170.3389,229.3176,385.2589,0.8269391059875488,True,False,9.974910394265233,test
coco:110:15:327,coco,110,2008_000446.jpg,15,person,person,False,3,3,0.08133751899003983,105.664,171.3038,204.5793,446.9472,0.7238934636116028,True,False,0.0,test
coco:110:15:327,coco,110,2008_000446.jpg,15,person,person,False,3,4,0.05441640317440033,31.1917,110.2436,334.8647,447.0834,0.5018321871757507,True,False,0.0,test
coco:110:2:329,coco,110,2008_000446.jpg,2,bicycle,bicycle,True,0,0,0.06544792652130127,28.5884,0.0169,207.4533,152.9335,0.0,False,True,0.0,test
coco:112:6:335,coco,112,2008_000457.jpg,6,bus,bus,True,0,0,0.20568105578422546,242.7384,256.8028,269.7771,295.2256,0.0,False,True,9.974910394265233,test
coco:112:6:335,coco,112,2008_000457.jpg,6,bus,bus,True,0,1,0.1832064539194107,212.0426,255.0926,237.7831,290.9977,0.0,False,True,0.0,test
coco:112:6:335,coco,112,2008_000457.jpg,6,bus,bus,True,0,2,0.18079334497451782,211.9991,257.6041,224.7299,293.4479,0.0,False,True,0.0,test
coco:112:6:335,coco,112,2008_000457.jpg,6,bus,bus,True,0,3,0.16856765747070312,212.2064,271.4637,223.6389,294.9746,0.0,False,True,0.0,test
coco:112:6:335,coco,112,2008_000457.jpg,6,bus,bus,True,0,4,0.16009488701820374,95.9803,208.3469,213.1589,354.7622,0.0,False,True,0.0,test
coco:112:6:335,coco,112,2008_000457.jpg,6,bus,bus,True,0,5,0.13996389508247375,212.8575,258.3005,229.938,282.8083,0.0,False,True,0.0,test
coco:112:6:335,coco,112,2008_000457.jpg,6,bus,bus,True,0,6,0.13292603194713593,0.1506,266.4327,46.0098,304.6418,0.0,False,True,0.0,test
coco:112:6:335,coco,112,2008_000457.jpg,6,bus,bus,True,0,7,0.10338220000267029,44.6792,271.3732,85.9357,295.6734,0.0,False,True,0.0,test
coco:112:6:335,coco,112,2008_000457.jpg,6,bus,bus,True,0,8,0.10219273716211319,80.2728,70.2271,224.0081,209.5644,0.0,False,True,0.0,test
coco:112:6:335,coco,112,2008_000457.jpg,6,bus,bus,True,0,9,0.0964796170592308,211.4573,243.3939,240.2802,292.5629,0.0,False,True,0.0,test
coco:112:6:335,coco,112,2008_000457.jpg,6,bus,bus,True,0,10,0.09599066525697708,212.3943,280.2983,223.6653,295.2405,0.0,False,True,0.0,test
coco:112:6:335,coco,112,2008_000457.jpg,6,bus,bus,True,0,11,0.08984783291816711,224.288,218.0192,269.4653,294.779,0.0,False,True,0.0,test
coco:112:6:335,coco,112,2008_000457.jpg,6,bus,bus,True,0,12,0.07609038054943085,0.094,257.2402,20.5324,267.9846,0.0,False,True,0.0,test
coco:112:6:335,coco,112,2008_000457.jpg,6,bus,bus,True,0,13,0.07452631741762161,246.1529,277.4768,269.4654,295.1141,0.0,False,True,0.0,test
coco:112:6:335,coco,112,2008_000457.jpg,6,bus,bus,True,0,14,0.07424183934926987,81.7343,271.9288,97.3514,290.7849,0.0,False,True,0.0,test
coco:112:6:335,coco,112,2008_000457.jpg,6,bus,bus,True,0,15,0.06750760972499847,213.875,258.7591,224.3214,274.6449,0.0,False,True,0.0,test
coco:112:6:335,coco,112,2008_000457.jpg,6,bus,bus,True,0,16,0.06711110472679138,213.1622,270.9623,222.9754,283.4865,0.0,False,True,0.0,test
coco:112:6:335,coco,112,2008_000457.jpg,6,bus,bus,True,0,17,0.06662324070930481,212.1906,256.1265,269.7086,295.2965,0.0,False,True,0.0,test
coco:112:6:335,coco,112,2008_000457.jpg,6,bus,bus,True,0,18,0.05803327634930611,252.29,213.9063,294.7032,298.5272,0.0,False,True,0.0,test
coco:112:6:335,coco,112,2008_000457.jpg,6,bus,bus,True,0,19,0.05658900365233421,80.1785,69.5464,223.9685,356.2277,0.0,False,True,0.0,test
coco:112:6:335,coco,112,2008_000457.jpg,6,bus,bus,True,0,20,0.05490225553512573,80.2657,69.3956,223.1442,497.6001,0.0,False,True,0.0,test
coco:112:6:335,coco,112,2008_000457.jpg,6,bus,bus,True,0,21,0.05366450175642967,161.4369,208.4816,213.0786,353.2128,0.0,False,True,0.0,test
coco:112:6:335,coco,112,2008_000457.jpg,6,bus,bus,True,0,22,0.05341675877571106,47.4207,267.4077,64.3063,276.7595,0.0,False,True,0.0,test
coco:112:6:335,coco,112,2008_000457.jpg,6,bus,bus,True,0,23,0.05334801226854324,213.5286,257.978,231.8844,272.7061,0.0,False,True,0.0,test
coco:112:6:335,coco,112,2008_000457.jpg,6,bus,bus,True,0,24,0.05314492806792259,298.1465,218.499,332.4185,315.4981,0.0,False,True,0.0,test
coco:112:6:335,coco,112,2008_000457.jpg,6,bus,bus,True,0,25,0.052311208099126816,47.6427,264.7852,82.6801,278.0589,0.0,False,True,0.0,test
coco:112:6:335,coco,112,2008_000457.jpg,6,bus,bus,True,0,26,0.0516037680208683,256.4518,276.397,269.7299,294.6624,0.0,False,True,0.0,test
coco:113:18:337,coco,113,2008_000464.jpg,18,sofa,sofa,True,0,0,0.47071462869644165,0.8647,61.3809,499.0475,374.3519,0.0,False,True,9.974910394265233,test
coco:113:18:337,coco,113,2008_000464.jpg,18,sofa,sofa,True,0,1,0.3389998972415924,384.9234,61.5996,499.3727,374.2248,0.0,False,True,9.974910394265233,test
coco:113:18:337,coco,113,2008_000464.jpg,18,sofa,sofa,True,0,2,0.21269790828227997,0.6301,305.5003,392.4118,374.5036,0.0,False,True,9.974910394265233,test
coco:113:18:337,coco,113,2008_000464.jpg,18,sofa,sofa,True,0,3,0.06942132860422134,386.1367,61.6455,499.5546,98.5714,0.0,False,True,0.0,test
coco:113:18:337,coco,113,2008_000464.jpg,18,sofa,sofa,True,0,4,0.06382479518651962,0.9424,248.4487,399.0856,374.3557,0.0,False,True,0.0,test
coco:113:5:338,coco,113,2008_000464.jpg,5,bottle,bottle,True,0,0,0.20097215473651886,384.8777,62.0091,499.5104,374.2325,0.0,False,True,9.974910394265233,test
coco:113:5:338,coco,113,2008_000464.jpg,5,bottle,bottle,True,0,1,0.14629770815372467,162.3199,16.6575,400.4809,328.4124,0.0,False,True,0.0,test
coco:113:5:338,coco,113,2008_000464.jpg,5,bottle,bottle,True,0,2,0.12765833735466003,240.4542,271.2553,265.0504,304.9438,0.0,False,True,0.0,test
coco:113:5:338,coco,113,2008_000464.jpg,5,bottle,bottle,True,0,3,0.10572434961795807,240.2761,244.2423,265.4598,304.8469,0.0,False,True,0.0,test
coco:113:5:338,coco,113,2008_000464.jpg,5,bottle,bottle,True,0,4,0.09216034412384033,102.2708,236.5753,113.0644,251.0953,0.0,False,True,0.0,test
coco:113:5:338,coco,113,2008_000464.jpg,5,bottle,bottle,True,0,5,0.08715064078569412,386.578,61.8441,499.5506,97.8445,0.0,False,True,0.0,test
coco:113:5:338,coco,113,2008_000464.jpg,5,bottle,bottle,True,0,6,0.08210605382919312,208.3628,300.3915,228.3891,320.8383,0.0,False,True,0.0,test
coco:113:5:338,coco,113,2008_000464.jpg,5,bottle,bottle,True,0,7,0.05841226130723953,190.2234,17.5019,287.8825,248.8594,0.0,False,True,0.0,test
coco:113:5:338,coco,113,2008_000464.jpg,5,bottle,bottle,True,0,8,0.05462006852030754,0.8355,0.0537,286.8383,253.0564,0.0,False,True,0.0,test
coco:113:5:338,coco,113,2008_000464.jpg,5,bottle,bottle,True,0,9,0.05284611135721207,0.6252,308.4669,392.0725,374.3729,0.0,False,True,0.0,test
coco:115:13:343,coco,115,2008_000466.jpg,13,horse,horse,True,0,0,0.2220803201198578,41.1683,87.8998,353.2771,298.6089,0.0,False,True,9.974910394265233,test
coco:115:13:343,coco,115,2008_000466.jpg,13,horse,horse,True,0,1,0.1426321417093277,40.0397,0.4413,496.7938,299.832,0.0,False,True,0.0,test
coco:115:13:343,coco,115,2008_000466.jpg,13,horse,horse,True,0,2,0.061298102140426636,110.9108,0.0908,496.5122,240.9865,0.0,False,True,0.0,test
coco:115:13:343,coco,115,2008_000466.jpg,13,horse,horse,True,0,3,0.060826633125543594,255.6633,68.6594,498.708,297.7497,0.0,False,True,0.0,test
coco:115:13:343,coco,115,2008_000466.jpg,13,horse,horse,True,0,4,0.055287063121795654,0.4529,143.4165,40.6406,203.2918,0.0,False,True,0.0,test
coco:115:13:343,coco,115,2008_000466.jpg,13,horse,horse,True,0,5,0.05378436669707298,0.2315,221.1334,47.7554,292.4379,0.0,False,True,0.0,test
coco:115:13:343,coco,115,2008_000466.jpg,13,horse,horse,True,0,6,0.05377362295985222,255.2404,129.8613,436.7148,298.3931,0.0,False,True,0.0,test
coco:115:13:343,coco,115,2008_000466.jpg,13,horse,horse,True,0,7,0.05091017857193947,152.2152,257.453,265.0919,363.1488,0.0,False,True,0.0,test
coco:116:14:347,coco,116,2008_000469.jpg,14,motorbike,motorbike,True,0,0,0.4588077962398529,258.3329,155.3951,284.322,198.021,0.0,False,True,9.974910394265233,test
coco:116:14:347,coco,116,2008_000469.jpg,14,motorbike,motorbike,True,0,1,0.3510921001434326,260.3947,160.728,277.0555,197.7851,0.0,False,True,9.974910394265233,test
coco:116:14:347,coco,116,2008_000469.jpg,14,motorbike,motorbike,True,0,2,0.2730241119861603,255.0047,144.5667,285.5812,198.0368,0.0,False,True,9.974910394265233,test
coco:116:14:347,coco,116,2008_000469.jpg,14,motorbike,motorbike,True,0,3,0.08608274906873703,254.2655,108.1414,286.3693,198.0079,0.0,False,True,0.0,test
coco:116:14:347,coco,116,2008_000469.jpg,14,motorbike,motorbike,True,0,4,0.07034185528755188,329.7424,95.6555,378.8141,165.3093,0.0,False,True,0.0,test
coco:118:9:351,coco,118,2008_000473.jpg,9,chair,chair,False,1,0,0.513477087020874,86.7093,240.7382,337.9319,456.7863,0.7078971862792969,True,False,9.974910394265233,test
coco:118:9:351,coco,118,2008_000473.jpg,9,chair,chair,False,1,1,0.2599128782749176,138.2678,240.364,336.3152,401.5677,0.387353777885437,False,True,9.974910394265233,test
coco:118:9:351,coco,118,2008_000473.jpg,9,chair,chair,False,1,2,0.24032847583293915,333.9729,463.4241,374.6439,499.6807,0.0,False,True,9.974910394265233,test
coco:118:9:351,coco,118,2008_000473.jpg,9,chair,chair,False,1,3,0.22112883627414703,278.2598,394.0991,374.3124,499.572,0.0797899141907692,False,True,9.974910394265233,test
coco:118:9:351,coco,118,2008_000473.jpg,9,chair,chair,False,1,4,0.16865038871765137,140.2151,240.5585,325.354,319.7914,0.0694054439663887,False,True,0.0,test
coco:118:9:351,coco,118,2008_000473.jpg,9,chair,chair,False,1,5,0.08795806765556335,319.6035,273.9153,374.8317,402.6373,0.035180896520614624,False,True,0.0,test
coco:118:9:351,coco,118,2008_000473.jpg,9,chair,chair,False,1,6,0.08289848268032074,281.1664,240.2336,374.7643,402.4268,0.1122182235121727,False,True,0.0,test
coco:118:9:351,coco,118,2008_000473.jpg,9,chair,chair,False,1,7,0.08125085383653641,114.0469,241.8117,290.8119,323.5289,0.08061648160219193,False,True,0.0,test
coco:118:9:351,coco,118,2008_000473.jpg,9,chair,chair,False,1,8,0.07823383808135986,280.7327,240.4959,325.652,299.9182,0.0,False,True,0.0,test
coco:118:9:351,coco,118,2008_000473.jpg,9,chair,chair,False,1,9,0.07714690268039703,86.5482,353.4577,254.0741,456.5377,0.4417870342731476,False,True,0.0,test
coco:118:9:351,coco,118,2008_000473.jpg,9,chair,chair,False,1,10,0.07652772217988968,113.0436,295.5699,148.8667,323.9066,0.020970407873392105,False,True,0.0,test
coco:118:9:351,coco,118,2008_000473.jpg,9,chair,chair,False,1,11,0.07559037208557129,86.5684,298.9015,255.1973,456.711,0.6654501557350159,True,False,0.0,test
coco:118:9:351,coco,118,2008_000473.jpg,9,chair,chair,False,1,12,0.07264579832553864,278.1116,322.9146,374.6675,499.6869,0.15904071927070618,False,True,0.0,test
coco:118:9:351,coco,118,2008_000473.jpg,9,chair,chair,False,1,13,0.07078192383050919,155.4299,243.5672,290.8739,316.7388,0.04563254490494728,False,True,0.0,test
coco:118:9:351,coco,118,2008_000473.jpg,9,chair,chair,False,1,14,0.0665154755115509,113.4358,258.5514,227.5099,324.1006,0.06019365042448044,False,True,0.0,test
coco:118:9:351,coco,118,2008_000473.jpg,9,chair,chair,False,1,15,0.06358513981103897,138.9388,240.1609,327.8902,354.9137,0.20199771225452423,False,True,0.0,test
coco:118:9:351,coco,118,2008_000473.jpg,9,chair,chair,False,1,16,0.05633272975683212,113.1536,295.4706,169.7642,324.1885,0.03344586119055748,False,True,0.0,test
coco:118:9:351,coco,118,2008_000473.jpg,9,chair,chair,False,1,17,0.05267805606126785,113.6526,295.3203,255.6379,400.9675,0.35714760422706604,False,True,0.0,test
coco:119:8:355,coco,119,2008_000474.jpg,8,cat,cat,True,0,0,0.07899031788110733,172.7083,73.1841,431.4982,336.4438,0.0,False,True,0.0,test
coco:121:15:360,coco,121,2008_000481.jpg,15,person,person,False,1,0,0.8885349035263062,53.1015,41.0347,451.9789,374.5564,0.9859516024589539,True,False,9.974910394265233,test
coco:121:6:361,coco,121,2008_000481.jpg,6,bus,bus,True,0,0,0.35359832644462585,0.6607,111.1739,460.4354,374.3577,0.0,False,True,9.974910394265233,test
coco:121:6:361,coco,121,2008_000481.jpg,6,bus,bus,True,0,1,0.15650199353694916,0.6627,0.0124,499.8466,374.9175,0.0,False,True,0.0,test
coco:121:6:361,coco,121,2008_000481.jpg,6,bus,bus,True,0,2,0.07303830981254578,0.87,112.2256,240.2226,374.1305,0.0,False,True,0.0,test
coco:122:15:363,coco,122,2008_000489.jpg,15,person,person,False,1,0,0.8940645456314087,110.7879,80.2721,362.6815,374.6082,0.8069929480552673,True,False,9.974910394265233,test
coco:122:15:363,coco,122,2008_000489.jpg,15,person,person,False,1,1,0.09648001939058304,291.6228,73.497,344.7877,142.5796,0.023140592500567436,False,True,0.0,test
coco:122:15:363,coco,122,2008_000489.jpg,15,person,person,False,1,2,0.05937490239739418,291.7352,74.5702,318.3038,139.0954,0.02239980734884739,False,True,0.0,test
coco:122:15:363,coco,122,2008_000489.jpg,15,person,person,False,1,3,0.05239157751202583,311.1087,88.9171,332.3378,139.5654,0.0032386635430157185,False,True,0.0,test
coco:122:6:365,coco,122,2008_000489.jpg,6,bus,bus,True,0,0,0.061093878000974655,214.7047,306.3651,362.4348,374.5546,0.0,False,True,0.0,test
coco:122:6:365,coco,122,2008_000489.jpg,6,bus,bus,True,0,1,0.058915793895721436,10.9119,291.4335,164.987,374.4585,0.0,False,True,0.0,test
coco:123:15:366,coco,123,2008_000492.jpg,15,person,person,False,3,0,0.3905203342437744,0.3884,0.464,427.9903,374.3813,0.8573288917541504,True,False,9.974910394265233,test
coco:123:15:366,coco,123,2008_000492.jpg,15,person,person,False,3,1,0.3347596824169159,186.0627,86.3703,318.8805,330.8768,0.9589767456054688,True,False,9.974910394265233,test
coco:123:15:366,coco,123,2008_000492.jpg,15,person,person,False,3,2,0.32191306352615356,261.7923,0.0709,499.5173,311.2084,0.7458694577217102,True,False,9.974910394265233,test
coco:123:15:366,coco,123,2008_000492.jpg,15,person,person,False,3,3,0.31381502747535706,186.3592,86.6713,316.012,252.8804,0.6363531351089478,True,False,9.974910394265233,test
coco:123:15:366,coco,123,2008_000492.jpg,15,person,person,False,3,4,0.26161205768585205,185.9992,86.3704,426.4311,373.2873,0.48980867862701416,False,True,9.974910394265233,test
coco:123:15:366,coco,123,2008_000492.jpg,15,person,person,False,3,5,0.23460794985294342,261.9796,0.3569,499.5956,177.5449,0.7512540221214294,True,False,9.974910394265233,test
coco:123:15:366,coco,123,2008_000492.jpg,15,person,person,False,3,6,0.14553941786289215,186.0638,0.9625,498.9172,374.2216,0.6231396794319153,True,False,0.0,test
coco:123:15:366,coco,123,2008_000492.jpg,15,person,person,False,3,7,0.07408951222896576,160.9282,55.5668,371.4056,339.1349,0.5673818588256836,True,False,0.0,test
coco:123:15:366,coco,123,2008_000492.jpg,15,person,person,False,3,8,0.07327079772949219,358.1775,1.365,499.2782,308.7638,0.495574027299881,False,True,0.0,test
coco:123:15:366,coco,123,2008_000492.jpg,15,person,person,False,3,9,0.06483493000268936,293.5177,212.9744,497.0067,373.6556,0.1762528270483017,False,True,0.0,test
coco:123:16:367,coco,123,2008_000492.jpg,16,pottedplant,pottedplant,True,0,0,0.10984549671411514,159.8538,55.7318,375.6163,321.1039,0.0,False,True,0.0,test
coco:123:16:367,coco,123,2008_000492.jpg,16,pottedplant,pottedplant,True,0,1,0.10111410170793533,2.8663,23.9452,132.148,111.7808,0.0,False,True,0.0,test
coco:123:16:367,coco,123,2008_000492.jpg,16,pottedplant,pottedplant,True,0,2,0.10056581348180771,185.9627,86.0039,318.7869,329.1735,0.0,False,True,0.0,test
coco:123:16:367,coco,123,2008_000492.jpg,16,pottedplant,pottedplant,True,0,3,0.08853615820407867,1.3335,0.1498,498.466,375.0014,0.0,False,True,0.0,test
coco:123:16:367,coco,123,2008_000492.jpg,16,pottedplant,pottedplant,True,0,4,0.07889120280742645,186.2389,86.6974,315.8011,252.7685,0.0,False,True,0.0,test
coco:123:16:367,coco,123,2008_000492.jpg,16,pottedplant,pottedplant,True,0,5,0.0683915838599205,440.0629,0.366,499.1905,119.9361,0.0,False,True,0.0,test
coco:123:17:368,coco,123,2008_000492.jpg,17,sheep,sheep,True,0,0,0.10612248629331589,157.8266,55.7752,376.8033,331.1819,0.0,False,True,0.0,test
coco:123:17:368,coco,123,2008_000492.jpg,17,sheep,sheep,True,0,1,0.08724009990692139,186.7207,86.7807,320.4783,331.1456,0.0,False,True,0.0,test
coco:125:9:372,coco,125,2008_000498.jpg,9,chair,chair,False,3,0,0.6323906779289246,241.5303,3.0256,340.0309,121.7789,0.8237019777297974,True,False,9.974910394265233,test
coco:125:9:372,coco,125,2008_000498.jpg,9,chair,chair,False,3,1,0.5743876695632935,341.0938,31.434,413.3452,125.7156,0.7660801410675049,True,False,9.974910394265233,test
coco:125:9:372,coco,125,2008_000498.jpg,9,chair,chair,False,3,2,0.5568376183509827,322.467,56.9118,436.8404,187.2417,0.8947341442108154,True,False,9.974910394265233,test
coco:125:9:372,coco,125,2008_000498.jpg,9,chair,chair,False,3,3,0.09892909228801727,101.1261,63.3156,194.383,160.1259,0.0,False,True,0.0,test
coco:125:16:373,coco,125,2008_000498.jpg,16,pottedplant,pottedplant,True,0,0,0.21696467697620392,134.895,133.054,165.3065,155.3484,0.0,False,True,9.974910394265233,test
coco:125:16:373,coco,125,2008_000498.jpg,16,pottedplant,pottedplant,True,0,1,0.12253931164741516,429.4855,0.4599,466.5225,60.5377,0.0,False,True,0.0,test
coco:125:16:373,coco,125,2008_000498.jpg,16,pottedplant,pottedplant,True,0,2,0.1222526878118515,100.9948,62.8211,194.6437,160.0367,0.0,False,True,0.0,test
coco:125:16:373,coco,125,2008_000498.jpg,16,pottedplant,pottedplant,True,0,3,0.09443438798189163,241.3499,3.0639,340.1202,121.774,0.0,False,True,0.0,test
coco:125:16:373,coco,125,2008_000498.jpg,16,pottedplant,pottedplant,True,0,4,0.09080644696950912,322.2975,57.0484,437.2751,187.2267,0.0,False,True,0.0,test
coco:125:16:373,coco,125,2008_000498.jpg,16,pottedplant,pottedplant,True,0,5,0.082071952521801,134.7458,133.0856,165.5807,166.3934,0.0,False,True,0.0,test
coco:125:16:373,coco,125,2008_000498.jpg,16,pottedplant,pottedplant,True,0,6,0.06678351759910583,408.8383,44.2551,424.5002,62.7775,0.0,False,True,0.0,test
coco:125:16:373,coco,125,2008_000498.jpg,16,pottedplant,pottedplant,True,0,7,0.06308035552501678,171.2293,1.2763,205.558,104.4838,0.0,False,True,0.0,test
coco:125:16:373,coco,125,2008_000498.jpg,16,pottedplant,pottedplant,True,0,8,0.05961475148797035,176.7075,18.6412,205.1552,103.8875,0.0,False,True,0.0,test
coco:125:16:373,coco,125,2008_000498.jpg,16,pottedplant,pottedplant,True,0,9,0.05169221758842468,341.4422,32.1387,412.6684,125.6288,0.0,False,True,0.0,test
coco:125:7:374,coco,125,2008_000498.jpg,7,car,car,True,0,0,0.1494700163602829,0.3205,9.4731,194.1958,43.1584,0.0,False,True,0.0,test
coco:125:7:374,coco,125,2008_000498.jpg,7,car,car,True,0,1,0.0991320088505745,0.5997,9.4805,194.1174,65.4174,0.0,False,True,0.0,test
coco:125:7:374,coco,125,2008_000498.jpg,7,car,car,True,0,2,0.09364359825849533,241.4725,2.9011,340.4151,121.581,0.0,False,True,0.0,test
coco:125:7:374,coco,125,2008_000498.jpg,7,car,car,True,0,3,0.09351992607116699,0.3677,15.2246,134.659,42.96,0.0,False,True,0.0,test
coco:125:7:374,coco,125,2008_000498.jpg,7,car,car,True,0,4,0.08779491484165192,166.1572,9.2292,193.8041,22.7591,0.0,False,True,0.0,test
coco:125:7:374,coco,125,2008_000498.jpg,7,car,car,True,0,5,0.08521992713212967,0.4096,19.1628,64.688,42.7749,0.0,False,True,0.0,test
coco:125:7:374,coco,125,2008_000498.jpg,7,car,car,True,0,6,0.08071199059486389,101.0805,62.9343,194.478,159.9976,0.0,False,True,0.0,test
coco:125:7:374,coco,125,2008_000498.jpg,7,car,car,True,0,7,0.07546230405569077,126.5409,9.4302,193.7339,24.0349,0.0,False,True,0.0,test
coco:125:7:374,coco,125,2008_000498.jpg,7,car,car,True,0,8,0.06542403250932693,135.1465,133.0138,165.0487,155.4895,0.0,False,True,0.0,test
coco:125:7:374,coco,125,2008_000498.jpg,7,car,car,True,0,9,0.06348763406276703,322.4328,32.064,436.8747,187.0931,0.0,False,True,0.0,test
coco:125:7:374,coco,125,2008_000498.jpg,7,car,car,True,0,10,0.06242594122886658,173.2769,0.0123,208.6908,10.0226,0.0,False,True,0.0,test
coco:125:7:374,coco,125,2008_000498.jpg,7,car,car,True,0,11,0.06154965981841087,83.3729,17.9534,110.2663,29.1652,0.0,False,True,0.0,test
coco:125:7:374,coco,125,2008_000498.jpg,7,car,car,True,0,12,0.06017892435193062,0.365,20.418,31.6757,42.7815,0.0,False,True,0.0,test
coco:125:7:374,coco,125,2008_000498.jpg,7,car,car,True,0,13,0.05661032721400261,83.1956,15.9751,133.9543,29.2155,0.0,False,True,0.0,test
coco:125:7:374,coco,125,2008_000498.jpg,7,car,car,True,0,14,0.05125177651643753,0.5497,14.9276,134.3596,65.4576,0.0,False,True,0.0,test
coco:126:7:375,coco,126,2008_000501.jpg,7,car,car,False,1,0,0.869625449180603,170.3634,312.1041,466.7356,374.6512,0.9739707112312317,True,False,9.974910394265233,test
coco:126:7:375,coco,126,2008_000501.jpg,7,car,car,False,1,1,0.1309998333454132,488.0395,358.1895,499.7734,374.636,0.0,False,True,0.0,test
coco:126:1:377,coco,126,2008_000501.jpg,1,aeroplane,aeroplane,True,0,0,0.4069385230541229,169.4548,284.7472,466.8558,374.0334,0.0,False,True,9.974910394265233,test
coco:126:1:377,coco,126,2008_000501.jpg,1,aeroplane,aeroplane,True,0,1,0.14379028975963593,261.6417,283.3603,282.0284,317.7705,0.0,False,True,0.0,test
coco:126:1:377,coco,126,2008_000501.jpg,1,aeroplane,aeroplane,True,0,2,0.08374225348234177,258.1505,283.8952,465.4937,373.8398,0.0,False,True,0.0,test
coco:126:1:377,coco,126,2008_000501.jpg,1,aeroplane,aeroplane,True,0,3,0.08309819549322128,254.1099,278.664,290.8533,322.5499,0.0,False,True,0.0,test
coco:126:1:377,coco,126,2008_000501.jpg,1,aeroplane,aeroplane,True,0,4,0.0773591473698616,2.8917,294.2483,496.9668,373.8464,0.0,False,True,0.0,test
coco:126:1:377,coco,126,2008_000501.jpg,1,aeroplane,aeroplane,True,0,5,0.06810742616653442,259.8576,283.1898,299.3917,346.9223,0.0,False,True,0.0,test
coco:126:1:377,coco,126,2008_000501.jpg,1,aeroplane,aeroplane,True,0,6,0.06706602871417999,214.9937,312.4153,398.8154,372.4848,0.0,False,True,0.0,test
coco:126:1:377,coco,126,2008_000501.jpg,1,aeroplane,aeroplane,True,0,7,0.06541498005390167,149.102,253.1467,476.9352,373.6189,0.0,False,True,0.0,test
coco:126:1:377,coco,126,2008_000501.jpg,1,aeroplane,aeroplane,True,0,8,0.06523548811674118,29.6944,194.552,63.007,200.5631,0.0,False,True,0.0,test
coco:126:1:377,coco,126,2008_000501.jpg,1,aeroplane,aeroplane,True,0,9,0.06334862858057022,1.703,180.8952,498.4979,372.7661,0.0,False,True,0.0,test
coco:126:1:377,coco,126,2008_000501.jpg,1,aeroplane,aeroplane,True,0,10,0.05619518831372261,191.6125,284.9317,383.3976,373.2621,0.0,False,True,0.0,test
coco:126:1:377,coco,126,2008_000501.jpg,1,aeroplane,aeroplane,True,0,11,0.05459360033273697,0.7844,157.7201,269.3996,198.6695,0.0,False,True,0.0,test
coco:126:1:377,coco,126,2008_000501.jpg,1,aeroplane,aeroplane,True,0,12,0.053004804998636246,26.4323,190.5872,66.538,202.9676,0.0,False,True,0.0,test
coco:126:1:377,coco,126,2008_000501.jpg,1,aeroplane,aeroplane,True,0,13,0.051792893558740616,2.6214,3.0456,497.2832,372.4436,0.0,False,True,0.0,test
coco:127:15:378,coco,127,2008_000510.jpg,15,person,person,False,1,0,0.8446707129478455,111.7263,45.8109,318.3715,265.3555,0.9050569534301758,True,False,9.974910394265233,test
coco:127:15:378,coco,127,2008_000510.jpg,15,person,person,False,1,1,0.14040762186050415,110.6514,182.7171,185.1912,321.5389,0.13986720144748688,False,True,0.0,test
coco:127:15:378,coco,127,2008_000510.jpg,15,person,person,False,1,2,0.0938674658536911,91.6838,142.3967,185.377,321.6454,0.1830327957868576,False,True,0.0,test
coco:127:15:378,coco,127,2008_000510.jpg,15,person,person,False,1,3,0.0751139298081398,110.5372,182.4038,172.9151,267.0019,0.10112222284078598,False,True,0.0,test
coco:127:15:378,coco,127,2008_000510.jpg,15,person,person,False,1,4,0.058888133615255356,91.3753,142.4355,172.1361,268.1187,0.1409517526626587,False,True,0.0,test
coco:127:15:378,coco,127,2008_000510.jpg,15,person,person,False,1,5,0.052011001855134964,109.5236,181.9923,259.8795,322.1872,0.2729775309562683,False,True,0.0,test
coco:127:4:379,coco,127,2008_000510.jpg,4,boat,boat,True,0,0,0.22060814499855042,91.6666,142.3618,185.1844,321.0255,0.0,False,True,9.974910394265233,test
coco:127:4:379,coco,127,2008_000510.jpg,4,boat,boat,True,0,1,0.16062909364700317,91.7711,142.3872,165.1416,269.2902,0.0,False,True,0.0,test
coco:127:4:379,coco,127,2008_000510.jpg,4,boat,boat,True,0,2,0.1110127717256546,92.1503,1.3708,396.8994,320.1579,0.0,False,True,0.0,test
coco:127:4:379,coco,127,2008_000510.jpg,4,boat,boat,True,0,3,0.10355834662914276,111.3295,45.2776,318.614,266.1934,0.0,False,True,0.0,test
coco:127:4:379,coco,127,2008_000510.jpg,4,boat,boat,True,0,4,0.09199725091457367,1.3089,303.8714,499.3023,332.5979,0.0,False,True,0.0,test
coco:127:4:379,coco,127,2008_000510.jpg,4,boat,boat,True,0,5,0.07814247906208038,1.734,0.2145,498.5465,332.4344,0.0,False,True,0.0,test
coco:127:4:379,coco,127,2008_000510.jpg,4,boat,boat,True,0,6,0.060995347797870636,148.4106,278.9504,185.3792,321.4785,0.0,False,True,0.0,test
coco:127:4:379,coco,127,2008_000510.jpg,4,boat,boat,True,0,7,0.050019122660160065,381.5507,26.3145,399.1565,49.9246,0.0,False,True,0.0,test
coco:128:15:381,coco,128,2008_000511.jpg,15,person,person,False,2,0,0.6814146637916565,225.1099,58.3902,500.0074,374.6967,0.9582038521766663,True,False,9.974910394265233,test
coco:128:15:381,coco,128,2008_000511.jpg,15,person,person,False,2,1,0.6238391995429993,75.277,105.6287,236.5746,282.6364,0.9764662384986877,True,False,9.974910394265233,test
coco:128:15:381,coco,128,2008_000511.jpg,15,person,person,False,2,2,0.2186465561389923,0.1905,105.6163,239.3513,363.0841,0.46827051043510437,False,True,9.974910394265233,test
coco:128:15:381,coco,128,2008_000511.jpg,15,person,person,False,2,3,0.12050691992044449,75.7437,57.4643,500.0251,374.6062,0.6191113591194153,True,False,0.0,test
coco:128:15:381,coco,128,2008_000511.jpg,15,person,person,False,2,4,0.0814967155456543,72.6197,104.6854,292.4094,346.5508,0.5451517701148987,True,False,0.0,test
coco:128:15:381,coco,128,2008_000511.jpg,15,person,person,False,2,5,0.07245037704706192,226.2985,58.421,487.7391,277.7011,0.6414105892181396,True,False,0.0,test
coco:128:15:381,coco,128,2008_000511.jpg,15,person,person,False,2,6,0.07100597769021988,223.7335,192.8679,272.1206,241.0028,0.021267032250761986,False,True,0.0,test
coco:128:15:381,coco,128,2008_000511.jpg,15,person,person,False,2,7,0.06409413367509842,218.5636,235.2176,336.2078,328.3705,0.11090735346078873,False,True,0.0,test
coco:128:16:382,coco,128,2008_000511.jpg,16,pottedplant,pottedplant,True,0,0,0.2618856728076935,225.1984,58.3418,500.1633,374.4706,0.0,False,True,9.974910394265233,test
coco:128:16:382,coco,128,2008_000511.jpg,16,pottedplant,pottedplant,True,0,1,0.17782948911190033,77.0089,106.1983,235.8892,280.8525,0.0,False,True,0.0,test
coco:128:16:382,coco,128,2008_000511.jpg,16,pottedplant,pottedplant,True,0,2,0.14111128449440002,0.326,155.7029,350.2122,356.2676,0.0,False,True,0.0,test
coco:128:16:382,coco,128,2008_000511.jpg,16,pottedplant,pottedplant,True,0,3,0.13543549180030823,213.3215,206.3832,350.8387,334.5877,0.0,False,True,0.0,test
coco:128:16:382,coco,128,2008_000511.jpg,16,pottedplant,pottedplant,True,0,4,0.12691904604434967,10.4951,155.8297,116.2111,264.7308,0.0,False,True,0.0,test
coco:128:16:382,coco,128,2008_000511.jpg,16,pottedplant,pottedplant,True,0,5,0.09931179881095886,51.4664,222.9346,83.2578,259.9087,0.0,False,True,0.0,test
coco:128:16:382,coco,128,2008_000511.jpg,16,pottedplant,pottedplant,True,0,6,0.09456777572631836,0.0916,249.7485,292.9982,355.4155,0.0,False,True,0.0,test
coco:128:16:382,coco,128,2008_000511.jpg,16,pottedplant,pottedplant,True,0,7,0.09056520462036133,10.7929,162.829,83.7541,260.6447,0.0,False,True,0.0,test
coco:128:16:382,coco,128,2008_000511.jpg,16,pottedplant,pottedplant,True,0,8,0.08976009488105774,-0.0598,57.6111,499.8675,373.9374,0.0,False,True,0.0,test
coco:128:16:382,coco,128,2008_000511.jpg,16,pottedplant,pottedplant,True,0,9,0.06492502242326736,225.011,58.5078,391.2807,243.9738,0.0,False,True,0.0,test
coco:128:16:382,coco,128,2008_000511.jpg,16,pottedplant,pottedplant,True,0,10,0.05212234705686569,254.3159,204.5588,499.7615,374.6643,0.0,False,True,0.0,test
coco:128:16:382,coco,128,2008_000511.jpg,16,pottedplant,pottedplant,True,0,11,0.051273178309202194,318.0851,213.9269,499.9225,374.4925,0.0,False,True,0.0,test
coco:128:19:383,coco,128,2008_000511.jpg,19,train,train,True,0,0,0.1636209338903427,0.1109,155.9396,350.1711,356.6202,0.0,False,True,0.0,test
coco:128:19:383,coco,128,2008_000511.jpg,19,train,train,True,0,1,0.11358295381069183,-0.0793,58.1525,499.9062,373.4276,0.0,False,True,0.0,test
coco:128:19:383,coco,128,2008_000511.jpg,19,train,train,True,0,2,0.10421564429998398,224.2455,58.3487,499.8482,374.3245,0.0,False,True,0.0,test
coco:128:19:383,coco,128,2008_000511.jpg,19,train,train,True,0,3,0.08455260097980499,-0.0202,233.9205,349.1089,355.546,0.0,False,True,0.0,test
coco:128:19:383,coco,128,2008_000511.jpg,19,train,train,True,0,4,0.07452232390642166,76.2815,106.037,236.1218,281.7688,0.0,False,True,0.0,test
coco:128:19:383,coco,128,2008_000511.jpg,19,train,train,True,0,5,0.05577206611633301,-0.0735,154.5119,499.9221,373.6327,0.0,False,True,0.0,test
coco:128:19:383,coco,128,2008_000511.jpg,19,train,train,True,0,6,0.05310284346342087,213.7997,234.4295,348.7664,329.6486,0.0,False,True,0.0,test
coco:128:19:383,coco,128,2008_000511.jpg,19,train,train,True,0,7,0.05100565031170845,210.0711,205.0562,350.6971,348.317,0.0,False,True,0.0,test
coco:129:14:384,coco,129,2008_000516.jpg,14,motorbike,motorbike,False,1,0,0.8663400411605835,206.5307,85.3732,439.0921,345.2997,0.9706761837005615,True,False,9.974910394265233,test
coco:129:14:384,coco,129,2008_000516.jpg,14,motorbike,motorbike,False,1,1,0.05535314977169037,351.3334,123.5718,378.4904,148.6943,0.010955513454973698,False,True,0.0,test
coco:129:10:385,coco,129,2008_000516.jpg,10,cow,cow,True,0,0,0.08154039084911346,205.3789,84.9858,438.8673,345.0437,0.0,False,True,0.0,test
coco:130:19:389,coco,130,2008_000519.jpg,19,train,train,True,0,0,0.1009569987654686,51.4265,116.6367,211.354,212.877,0.0,False,True,0.0,test
coco:130:19:389,coco,130,2008_000519.jpg,19,train,train,True,0,1,0.0934382826089859,0.1497,0.0161,447.1497,335.0161,0.0,False,True,0.0,test
coco:130:19:389,coco,130,2008_000519.jpg,19,train,train,True,0,2,0.07852267473936081,51.2263,115.2827,318.5358,217.2639,0.0,False,True,0.0,test
coco:130:19:389,coco,130,2008_000519.jpg,19,train,train,True,0,3,0.07731838524341583,-0.0229,104.436,368.6624,334.2891,0.0,False,True,0.0,test
coco:130:19:389,coco,130,2008_000519.jpg,19,train,train,True,0,4,0.06595958769321442,136.0983,149.446,211.2561,212.3226,0.0,False,True,0.0,test
coco:131:5:390,coco,131,2008_000522.jpg,5,bottle,bottle,False,1,0,0.6081578731536865,299.408,99.0686,377.4128,196.6997,0.9605083465576172,True,False,9.974910394265233,test
coco:131:5:390,coco,131,2008_000522.jpg,5,bottle,bottle,False,1,1,0.23940594494342804,298.6158,98.9792,401.4008,313.145,0.3383450210094452,False,True,9.974910394265233,test
coco:131:5:390,coco,131,2008_000522.jpg,5,bottle,bottle,False,1,2,0.09371594339609146,306.3141,99.4031,342.6075,144.0957,0.21778325736522675,False,True,0.0,test
coco:131:5:390,coco,131,2008_000522.jpg,5,bottle,bottle,False,1,3,0.06022243946790695,321.27,184.9494,402.0892,312.3608,0.037869106978178024,False,True,0.0,test
coco:131:5:390,coco,131,2008_000522.jpg,5,bottle,bottle,False,1,4,0.057279322296381,433.5103,172.1036,446.9441,194.9612,0.0,False,True,0.0,test
coco:131:18:392,coco,131,2008_000522.jpg,18,sofa,sofa,True,0,0,0.6016842126846313,0.0214,0.0052,447.0214,335.005,0.0,False,True,9.974910394265233,test
coco:131:18:392,coco,131,2008_000522.jpg,18,sofa,sofa,True,0,1,0.10956458002328873,0.1232,0.8237,196.9073,254.4957,0.0,False,True,0.0,test
coco:131:18:392,coco,131,2008_000522.jpg,18,sofa,sofa,True,0,2,0.09756337851285934,373.7284,39.3199,446.9966,211.7976,0.0,False,True,0.0,test
coco:131:18:392,coco,131,2008_000522.jpg,18,sofa,sofa,True,0,3,0.08776802569627762,-0.0422,156.9515,446.9579,335.0595,0.0,False,True,0.0,test
coco:131:18:392,coco,131,2008_000522.jpg,18,sofa,sofa,True,0,4,0.07871535420417786,-0.0156,38.8899,446.9844,254.6158,0.0,False,True,0.0,test
coco:131:18:392,coco,131,2008_000522.jpg,18,sofa,sofa,True,0,5,0.07718086242675781,0.0199,-0.2328,447.0199,202.3735,0.0,False,True,0.0,test
coco:131:18:392,coco,131,2008_000522.jpg,18,sofa,sofa,True,0,6,0.07400257885456085,-0.0914,1.5221,196.2183,172.1112,0.0,False,True,0.0,test
coco:131:18:392,coco,131,2008_000522.jpg,18,sofa,sofa,True,0,7,0.06631333380937576,303.5255,-0.0774,447.0945,11.0304,0.0,False,True,0.0,test
coco:131:18:392,coco,131,2008_000522.jpg,18,sofa,sofa,True,0,8,0.0637611448764801,373.7647,39.1877,447.0261,334.4451,0.0,False,True,0.0,test
coco:131:18:392,coco,131,2008_000522.jpg,18,sofa,sofa,True,0,9,0.05569644272327423,0.0441,160.2856,178.5644,335.058,0.0,False,True,0.0,test
coco:132:3:393,coco,132,2008_000532.jpg,3,bird,bird,False,1,0,0.8748149275779724,71.9909,23.7308,470.2566,484.6101,0.9932394027709961,True,False,9.974910394265233,test
coco:132:3:393,coco,132,2008_000532.jpg,3,bird,bird,False,1,1,0.10618815571069717,101.0484,172.3592,395.9617,308.2185,0.2193993628025055,False,True,0.0,test
coco:132:3:393,coco,132,2008_000532.jpg,3,bird,bird,False,1,2,0.0846029594540596,135.7078,23.5666,396.0432,307.6829,0.40215903520584106,False,True,0.0,test
coco:132:3:393,coco,132,2008_000532.jpg,3,bird,bird,False,1,3,0.07620745152235031,72.0193,99.0968,396.1544,308.4669,0.37161439657211304,False,True,0.0,test
coco:132:3:393,coco,132,2008_000532.jpg,3,bird,bird,False,1,4,0.05553198978304863,100.9726,144.9191,397.2303,405.6646,0.4229978024959564,False,True,0.0,test
coco:132:19:394,coco,132,2008_000532.jpg,19,train,train,True,0,0,0.46507003903388977,72.0137,23.8075,469.9925,484.2289,0.0,False,True,9.974910394265233,test
coco:132:19:394,coco,132,2008_000532.jpg,19,train,train,True,0,1,0.06756526976823807,71.9622,23.6242,396.2201,309.7868,0.0,False,True,0.0,test
coco:132:17:395,coco,132,2008_000532.jpg,17,sheep,sheep,True,0,0,0.2703533172607422,72.4476,24.1658,470.0786,484.3615,0.0,False,True,9.974910394265233,test
coco:133:3:396,coco,133,2008_000533.jpg,3,bird,bird,False,1,0,0.9388899207115173,232.2077,114.0473,492.539,286.1325,0.8787662386894226,True,False,9.974910394265233,test
coco:133:3:396,coco,133,2008_000533.jpg,3,bird,bird,False,1,1,0.10089728981256485,0.0759,97.9152,30.5543,150.7781,0.0,False,True,0.0,test
coco:133:3:396,coco,133,2008_000533.jpg,3,bird,bird,False,1,2,0.05652141198515892,0.0855,97.9308,42.7958,172.0757,0.0,False,True,0.0,test
coco:133:3:396,coco,133,2008_000533.jpg,3,bird,bird,False,1,3,0.05648336187005043,0.089,99.1396,30.5286,112.8901,0.0,False,True,0.0,test
coco:133:3:396,coco,133,2008_000533.jpg,3,bird,bird,False,1,4,0.05522440746426582,0.0954,57.7221,30.9169,150.3618,0.0,False,True,0.0,test
coco:133:17:398,coco,133,2008_000533.jpg,17,sheep,sheep,True,0,0,0.2658083438873291,232.3063,114.3242,492.5685,284.151,0.0,False,True,9.974910394265233,test
coco:134:15:399,coco,134,2008_000535.jpg,15,person,person,False,3,0,0.8183584809303284,219.3563,15.8783,310.8114,272.9279,0.8820034265518188,True,False,9.974910394265233,test
coco:134:15:399,coco,134,2008_000535.jpg,15,person,person,False,3,1,0.8086622953414917,86.9864,89.786,177.6,294.643,0.9424965381622314,True,False,9.974910394265233,test
coco:134:15:399,coco,134,2008_000535.jpg,15,person,person,False,3,2,0.7783482074737549,156.1512,49.6645,218.5015,274.7897,0.9526066184043884,True,False,9.974910394265233,test
coco:134:12:400,coco,134,2008_000535.jpg,12,dog,dog,True,0,0,0.13798242807388306,219.2791,16.1444,310.8487,273.2089,0.0,False,True,0.0,test
coco:134:12:400,coco,134,2008_000535.jpg,12,dog,dog,True,0,1,0.11816583573818207,87.2685,89.538,178.12,294.9352,0.0,False,True,0.0,test
coco:134:12:400,coco,134,2008_000535.jpg,12,dog,dog,True,0,2,0.08488016575574875,156.1467,49.4531,218.7161,275.2375,0.0,False,True,0.0,test
coco:134:5:401,coco,134,2008_000535.jpg,5,bottle,bottle,True,0,0,0.6013075113296509,174.0935,140.9964,191.3624,157.8179,0.0,False,True,9.974910394265233,test
coco:134:5:401,coco,134,2008_000535.jpg,5,bottle,bottle,True,0,1,0.5799747705459595,130.0732,187.3782,161.8726,202.8631,0.0,False,True,9.974910394265233,test
coco:134:5:401,coco,134,2008_000535.jpg,5,bottle,bottle,True,0,2,0.10006498545408249,242.7014,16.1356,268.4396,31.4261,0.0,False,True,0.0,test
coco:134:5:401,coco,134,2008_000535.jpg,5,bottle,bottle,True,0,3,0.09088519215583801,168.1526,49.9896,192.3017,63.8526,0.0,False,True,0.0,test
coco:134:5:401,coco,134,2008_000535.jpg,5,bottle,bottle,True,0,4,0.08645562827587128,118.0801,137.0188,161.9063,202.9286,0.0,False,True,0.0,test
coco:135:8:402,coco,135,2008_000536.jpg,8,cat,cat,False,1,0,0.9162760376930237,16.3438,2.5747,499.2333,457.0155,0.9925052523612976,True,False,9.974910394265233,test
coco:135:5:403,coco,135,2008_000536.jpg,5,bottle,bottle,True,0,0,0.11899545043706894,182.5733,254.9534,243.4003,291.6702,0.0,False,True,0.0,test
coco:135:5:403,coco,135,2008_000536.jpg,5,bottle,bottle,True,0,1,0.11838965862989426,2.2767,0.4675,498.6795,457.3246,0.0,False,True,0.0,test
coco:135:5:403,coco,135,2008_000536.jpg,5,bottle,bottle,True,0,2,0.10163125395774841,315.8629,245.8654,367.6981,281.2066,0.0,False,True,0.0,test
coco:135:5:403,coco,135,2008_000536.jpg,5,bottle,bottle,True,0,3,0.09300918132066727,181.6645,245.5002,368.3187,292.0169,0.0,False,True,0.0,test
coco:135:5:403,coco,135,2008_000536.jpg,5,bottle,bottle,True,0,4,0.07037511467933655,258.2628,349.1505,312.6107,381.566,0.0,False,True,0.0,test
coco:135:5:403,coco,135,2008_000536.jpg,5,bottle,bottle,True,0,5,0.0686330795288086,19.6196,1.6267,463.5334,296.2344,0.0,False,True,0.0,test
coco:135:5:403,coco,135,2008_000536.jpg,5,bottle,bottle,True,0,6,0.061950065195560455,0.6565,311.4243,499.4887,457.694,0.0,False,True,0.0,test
coco:135:5:403,coco,135,2008_000536.jpg,5,bottle,bottle,True,0,7,0.061203304678201675,88.4411,2.223,464.4691,405.3602,0.0,False,True,0.0,test
coco:135:16:404,coco,135,2008_000536.jpg,16,pottedplant,pottedplant,True,0,0,0.40431180596351624,13.4937,2.2004,499.4062,456.9529,0.0,False,True,9.974910394265233,test
coco:135:16:404,coco,135,2008_000536.jpg,16,pottedplant,pottedplant,True,0,1,0.06970300525426865,0.5457,163.7413,133.7522,337.5045,0.0,False,True,0.0,test
coco:135:16:404,coco,135,2008_000536.jpg,16,pottedplant,pottedplant,True,0,2,0.06721719354391098,16.0525,2.6103,463.7711,339.4568,0.0,False,True,0.0,test
coco:138:15:411,coco,138,2008_000553.jpg,15,person,person,False,3,0,0.6740278005599976,0.5473,2.4952,300.3898,498.4831,0.9354039430618286,True,False,9.974910394265233,test
coco:138:15:411,coco,138,2008_000553.jpg,15,person,person,False,3,1,0.537356972694397,68.6519,293.5767,412.6623,499.4169,0.9710021615028381,True,False,9.974910394265233,test
coco:138:15:411,coco,138,2008_000553.jpg,15,person,person,False,3,2,0.45410075783729553,0.8852,310.4522,289.2136,499.2871,0.9829181432723999,True,False,9.974910394265233,test
coco:138:15:411,coco,138,2008_000553.jpg,15,person,person,False,3,3,0.09217682480812073,244.1893,293.4952,412.3932,499.2574,0.4806029200553894,False,True,0.0,test
coco:138:15:411,coco,138,2008_000553.jpg,15,person,person,False,3,4,0.07174239307641983,163.3381,310.7832,288.7541,389.6322,0.17898176610469818,False,True,0.0,test
coco:138:15:411,coco,138,2008_000553.jpg,15,person,person,False,3,5,0.07060864567756653,61.736,310.6504,289.3114,401.7215,0.37607455253601074,False,True,0.0,test
coco:138:15:411,coco,138,2008_000553.jpg,15,person,person,False,3,6,0.060282155871391296,64.8334,310.3688,289.5213,439.2447,0.523771345615387,True,False,0.0,test
coco:138:5:412,coco,138,2008_000553.jpg,5,bottle,bottle,True,0,0,0.2840351462364197,249.404,0.1401,270.6644,18.2802,0.0,False,True,9.974910394265233,test
coco:138:5:412,coco,138,2008_000553.jpg,5,bottle,bottle,True,0,1,0.19488394260406494,280.0082,0.1024,295.5856,38.3068,0.0,False,True,0.0,test
coco:138:5:412,coco,138,2008_000553.jpg,5,bottle,bottle,True,0,2,0.15613894164562225,60.612,351.1939,95.0051,400.4799,0.0,False,True,0.0,test
coco:138:5:412,coco,138,2008_000553.jpg,5,bottle,bottle,True,0,3,0.15407869219779968,203.0867,311.0664,287.7805,389.7172,0.0,False,True,0.0,test
coco:138:5:412,coco,138,2008_000553.jpg,5,bottle,bottle,True,0,4,0.14433567225933075,4.5558,406.4487,39.6828,455.3365,0.0,False,True,0.0,test
coco:138:5:412,coco,138,2008_000553.jpg,5,bottle,bottle,True,0,5,0.11367848515510559,272.6089,0.2457,295.7565,38.75,0.0,False,True,0.0,test
coco:138:5:412,coco,138,2008_000553.jpg,5,bottle,bottle,True,0,6,0.09710473567247391,15.8966,468.2748,48.1173,499.4304,0.0,False,True,0.0,test
coco:138:5:412,coco,138,2008_000553.jpg,5,bottle,bottle,True,0,7,0.09603496640920639,202.8789,311.0982,287.9082,442.2894,0.0,False,True,0.0,test
coco:138:5:412,coco,138,2008_000553.jpg,5,bottle,bottle,True,0,8,0.07727493345737457,1.3158,311.3882,288.0179,499.0688,0.0,False,True,0.0,test
coco:138:5:412,coco,138,2008_000553.jpg,5,bottle,bottle,True,0,9,0.07626249641180038,50.9427,0.2493,94.0843,12.694,0.0,False,True,0.0,test
coco:138:5:412,coco,138,2008_000553.jpg,5,bottle,bottle,True,0,10,0.07560393214225769,270.6067,0.2698,281.4871,32.0886,0.0,False,True,0.0,test
coco:138:5:412,coco,138,2008_000553.jpg,5,bottle,bottle,True,0,11,0.07112527638673782,0.8057,1.3442,299.4686,499.6658,0.0,False,True,0.0,test
coco:138:5:412,coco,138,2008_000553.jpg,5,bottle,bottle,True,0,12,0.06970063596963882,281.0761,0.0912,295.548,19.4465,0.0,False,True,0.0,test
coco:138:5:412,coco,138,2008_000553.jpg,5,bottle,bottle,True,0,13,0.06851804256439209,260.5387,162.9899,314.2961,310.1434,0.0,False,True,0.0,test
coco:138:5:412,coco,138,2008_000553.jpg,5,bottle,bottle,True,0,14,0.06443636119365692,272.4685,0.1681,307.4453,61.7508,0.0,False,True,0.0,test
coco:138:5:412,coco,138,2008_000553.jpg,5,bottle,bottle,True,0,15,0.06043446809053421,55.2359,396.1096,82.4649,423.2875,0.0,False,True,0.0,test
coco:138:5:412,coco,138,2008_000553.jpg,5,bottle,bottle,True,0,16,0.05625864490866661,60.4858,348.8517,166.9544,401.1953,0.0,False,True,0.0,test
coco:138:5:412,coco,138,2008_000553.jpg,5,bottle,bottle,True,0,17,0.05449480190873146,146.9231,353.1067,167.2592,369.848,0.0,False,True,0.0,test
coco:138:5:412,coco,138,2008_000553.jpg,5,bottle,bottle,True,0,18,0.054374903440475464,15.3928,446.4539,54.9779,499.3979,0.0,False,True,0.0,test
coco:138:5:412,coco,138,2008_000553.jpg,5,bottle,bottle,True,0,19,0.05420905724167824,4.429,351.219,94.9339,455.9294,0.0,False,True,0.0,test
coco:138:5:412,coco,138,2008_000553.jpg,5,bottle,bottle,True,0,20,0.05409212037920952,159.5859,438.8203,361.6183,499.577,0.0,False,True,0.0,test
coco:138:1:413,coco,138,2008_000553.jpg,1,aeroplane,aeroplane,True,0,0,0.28130629658699036,1.5479,2.3289,307.5029,497.7921,0.0,False,True,9.974910394265233,test
coco:138:1:413,coco,138,2008_000553.jpg,1,aeroplane,aeroplane,True,0,1,0.25843819975852966,1.9994,310.7037,287.8399,498.2311,0.0,False,True,9.974910394265233,test
coco:138:1:413,coco,138,2008_000553.jpg,1,aeroplane,aeroplane,True,0,2,0.11926709115505219,167.9868,373.0392,232.1011,403.5727,0.0,False,True,0.0,test
coco:138:1:413,coco,138,2008_000553.jpg,1,aeroplane,aeroplane,True,0,3,0.09621120244264603,58.4239,347.8965,257.0699,488.5401,0.0,False,True,0.0,test
coco:138:1:413,coco,138,2008_000553.jpg,1,aeroplane,aeroplane,True,0,4,0.09326543658971786,13.6552,444.0311,56.6307,498.3907,0.0,False,True,0.0,test
coco:138:1:413,coco,138,2008_000553.jpg,1,aeroplane,aeroplane,True,0,5,0.08192283660173416,58.8954,346.571,255.5759,444.7265,0.0,False,True,0.0,test
coco:138:1:413,coco,138,2008_000553.jpg,1,aeroplane,aeroplane,True,0,6,0.07949741184711456,2.1809,268.0648,409.5999,497.71,0.0,False,True,0.0,test
coco:138:1:413,coco,138,2008_000553.jpg,1,aeroplane,aeroplane,True,0,7,0.07500310242176056,3.6333,2.9932,307.8044,319.5195,0.0,False,True,0.0,test
coco:138:1:413,coco,138,2008_000553.jpg,1,aeroplane,aeroplane,True,0,8,0.07439403235912323,60.8567,348.8174,245.3776,407.6537,0.0,False,True,0.0,test
coco:138:1:413,coco,138,2008_000553.jpg,1,aeroplane,aeroplane,True,0,9,0.06852664053440094,59.9353,350.4709,95.2542,399.7122,0.0,False,True,0.0,test
coco:138:1:413,coco,138,2008_000553.jpg,1,aeroplane,aeroplane,True,0,10,0.06833037734031677,249.2274,0.117,271.3768,18.1958,0.0,False,True,0.0,test
coco:138:1:413,coco,138,2008_000553.jpg,1,aeroplane,aeroplane,True,0,11,0.06771756708621979,59.239,314.5924,278.3998,481.1699,0.0,False,True,0.0,test
coco:138:1:413,coco,138,2008_000553.jpg,1,aeroplane,aeroplane,True,0,12,0.06747137755155563,202.7297,309.8987,288.1994,389.0846,0.0,False,True,0.0,test
coco:138:1:413,coco,138,2008_000553.jpg,1,aeroplane,aeroplane,True,0,13,0.0637473315000534,260.3044,162.6219,314.7415,310.6356,0.0,False,True,0.0,test
coco:138:1:413,coco,138,2008_000553.jpg,1,aeroplane,aeroplane,True,0,14,0.0613008476793766,3.2962,345.2329,359.621,498.8428,0.0,False,True,0.0,test
coco:138:1:413,coco,138,2008_000553.jpg,1,aeroplane,aeroplane,True,0,15,0.06110942363739014,55.2205,397.0322,81.0362,424.0063,0.0,False,True,0.0,test
coco:138:1:413,coco,138,2008_000553.jpg,1,aeroplane,aeroplane,True,0,16,0.055552888661623,290.3923,119.4804,313.5515,159.3418,0.0,False,True,0.0,test
coco:138:1:413,coco,138,2008_000553.jpg,1,aeroplane,aeroplane,True,0,17,0.05522022768855095,58.5985,309.5521,288.1255,421.07,0.0,False,True,0.0,test
coco:138:1:413,coco,138,2008_000553.jpg,1,aeroplane,aeroplane,True,0,18,0.05373736843466759,146.6783,352.9676,255.651,442.2629,0.0,False,True,0.0,test
coco:138:1:413,coco,138,2008_000553.jpg,1,aeroplane,aeroplane,True,0,19,0.05330447480082512,3.3144,282.2215,149.7824,405.3934,0.0,False,True,0.0,test
coco:138:1:413,coco,138,2008_000553.jpg,1,aeroplane,aeroplane,True,0,20,0.05295433849096298,22.0644,444.4159,55.5698,475.0748,0.0,False,True,0.0,test
coco:138:1:413,coco,138,2008_000553.jpg,1,aeroplane,aeroplane,True,0,21,0.05201616510748863,147.4305,352.4963,232.4393,403.4893,0.0,False,True,0.0,test
coco:138:1:413,coco,138,2008_000553.jpg,1,aeroplane,aeroplane,True,0,22,0.05186411365866661,159.1743,437.3545,361.9156,498.9657,0.0,False,True,0.0,test
coco:138:1:413,coco,138,2008_000553.jpg,1,aeroplane,aeroplane,True,0,23,0.05135895684361458,8.7924,85.6488,395.6171,494.1724,0.0,False,True,0.0,test
coco:139:15:414,coco,139,2008_000558.jpg,15,person,person,False,1,0,0.8965167999267578,318.5375,244.5562,362.4402,374.7579,0.8082870244979858,True,False,9.974910394265233,test
coco:139:15:414,coco,139,2008_000558.jpg,15,person,person,False,1,1,0.07528889179229736,0.1525,202.0446,99.6109,374.6037,0.0,False,True,0.0,test
coco:139:6:415,coco,139,2008_000558.jpg,6,bus,bus,True,0,0,0.1682317703962326,0.3286,202.0079,100.0025,374.4925,0.0,False,True,0.0,test
coco:139:6:415,coco,139,2008_000558.jpg,6,bus,bus,True,0,1,0.10659869015216827,1.0862,-0.0335,499.214,374.9155,0.0,False,True,0.0,test
coco:139:6:415,coco,139,2008_000558.jpg,6,bus,bus,True,0,2,0.07406582683324814,318.5734,244.2955,362.3773,374.6161,0.0,False,True,0.0,test
coco:141:15:420,coco,141,2008_000564.jpg,15,person,person,False,1,0,0.8858597278594971,384.4816,175.8716,420.2635,255.8213,0.9167142510414124,True,False,9.974910394265233,test
coco:141:15:420,coco,141,2008_000564.jpg,15,person,person,False,1,1,0.14511385560035706,421.9751,187.3762,428.9287,202.2847,0.00011848167923744768,False,True,0.0,test
coco:141:15:420,coco,141,2008_000564.jpg,15,person,person,False,1,2,0.1388605833053589,429.6964,196.5915,436.9951,214.4655,0.0,False,True,0.0,test
coco:141:15:420,coco,141,2008_000564.jpg,15,person,person,False,1,3,0.1081482470035553,423.3091,187.3897,428.7688,196.2075,0.0,False,True,0.0,test
coco:141:15:420,coco,141,2008_000564.jpg,15,person,person,False,1,4,0.10076086223125458,465.3,201.5266,474.7592,214.2022,0.0,False,True,0.0,test
coco:141:15:420,coco,141,2008_000564.jpg,15,person,person,False,1,5,0.06489045917987823,464.9388,201.5209,478.5615,232.3952,0.0,False,True,0.0,test
coco:141:15:420,coco,141,2008_000564.jpg,15,person,person,False,1,6,0.06102045625448227,380.7657,159.6669,387.1996,167.9095,0.0,False,True,0.0,test
coco:141:15:420,coco,141,2008_000564.jpg,15,person,person,False,1,7,0.061015784740448,414.5926,204.0963,420.3759,211.5838,0.014272433705627918,False,True,0.0,test
coco:141:15:420,coco,141,2008_000564.jpg,15,person,person,False,1,8,0.06091220676898956,414.588,187.3694,428.9886,211.5653,0.055989332497119904,False,True,0.0,test
coco:141:15:420,coco,141,2008_000564.jpg,15,person,person,False,1,9,0.05739361047744751,422.1215,187.3902,437.1674,214.2175,0.0,False,True,0.0,test
coco:141:15:420,coco,141,2008_000564.jpg,15,person,person,False,1,10,0.05603553727269173,430.1793,196.7489,435.6295,205.3285,0.0,False,True,0.0,test
coco:141:15:420,coco,141,2008_000564.jpg,15,person,person,False,1,11,0.051015786826610565,465.7141,201.5424,471.9388,208.6965,0.0,False,True,0.0,test
coco:141:10:421,coco,141,2008_000564.jpg,10,cow,cow,True,0,0,0.07741250842809677,109.7435,257.7098,237.2363,365.9601,0.0,False,True,0.0,test
coco:141:11:422,coco,141,2008_000564.jpg,11,diningtable,diningtable,True,0,0,0.29079410433769226,109.5934,255.8672,237.8907,366.2205,0.0,False,True,9.974910394265233,test
coco:141:11:422,coco,141,2008_000564.jpg,11,diningtable,diningtable,True,0,1,0.12849515676498413,3.355,3.5443,496.3979,371.2731,0.0,False,True,0.0,test
coco:141:11:422,coco,141,2008_000564.jpg,11,diningtable,diningtable,True,0,2,0.11763563007116318,185.6941,155.2445,311.6115,227.3843,0.0,False,True,0.0,test
coco:141:11:422,coco,141,2008_000564.jpg,11,diningtable,diningtable,True,0,3,0.10916346311569214,383.3847,174.8451,421.9588,256.9098,0.0,False,True,0.0,test
coco:141:11:422,coco,141,2008_000564.jpg,11,diningtable,diningtable,True,0,4,0.10821507126092911,3.3199,122.7315,496.4877,371.4498,0.0,False,True,0.0,test
coco:141:11:422,coco,141,2008_000564.jpg,11,diningtable,diningtable,True,0,5,0.10691787302494049,132.7969,307.6171,225.2589,365.6326,0.0,False,True,0.0,test
coco:141:11:422,coco,141,2008_000564.jpg,11,diningtable,diningtable,True,0,6,0.10342954099178314,281.5246,148.9373,376.8062,211.4922,0.0,False,True,0.0,test
coco:141:11:422,coco,141,2008_000564.jpg,11,diningtable,diningtable,True,0,7,0.08976658433675766,109.6783,256.5954,236.6759,327.5846,0.0,False,True,0.0,test
coco:141:11:422,coco,141,2008_000564.jpg,11,diningtable,diningtable,True,0,8,0.08109916001558304,88.781,238.5608,264.6181,371.7672,0.0,False,True,0.0,test
coco:141:11:422,coco,141,2008_000564.jpg,11,diningtable,diningtable,True,0,9,0.06804775446653366,185.3023,153.869,311.9153,262.7348,0.0,False,True,0.0,test
coco:141:11:422,coco,141,2008_000564.jpg,11,diningtable,diningtable,True,0,10,0.06508012115955353,0.8417,103.8745,115.8699,300.6829,0.0,False,True,0.0,test
coco:141:11:422,coco,141,2008_000564.jpg,11,diningtable,diningtable,True,0,11,0.0642092227935791,122.3471,135.1963,229.6888,207.3383,0.0,False,True,0.0,test
coco:141:11:422,coco,141,2008_000564.jpg,11,diningtable,diningtable,True,0,12,0.06267745047807693,1.1912,45.9163,246.0217,200.2602,0.0,False,True,0.0,test
coco:141:11:422,coco,141,2008_000564.jpg,11,diningtable,diningtable,True,0,13,0.06052226200699806,24.0888,50.2919,469.3997,318.068,0.0,False,True,0.0,test
coco:141:11:422,coco,141,2008_000564.jpg,11,diningtable,diningtable,True,0,14,0.05415331944823265,92.3327,144.5131,474.5136,368.5555,0.0,False,True,0.0,test
coco:141:11:422,coco,141,2008_000564.jpg,11,diningtable,diningtable,True,0,15,0.05344849452376366,158.3253,256.8678,193.9382,305.5097,0.0,False,True,0.0,test
coco:144:16:430,coco,144,2008_000569.jpg,16,pottedplant,pottedplant,True,0,0,0.18492288887500763,302.8007,158.6683,335.6758,181.6195,0.0,False,True,0.0,test
coco:144:16:430,coco,144,2008_000569.jpg,16,pottedplant,pottedplant,True,0,1,0.09451593458652496,320.3799,150.9276,398.0282,299.5333,0.0,False,True,0.0,test
coco:144:16:430,coco,144,2008_000569.jpg,16,pottedplant,pottedplant,True,0,2,0.09328728914260864,384.0967,178.9387,409.3627,217.1459,0.0,False,True,0.0,test
coco:144:16:430,coco,144,2008_000569.jpg,16,pottedplant,pottedplant,True,0,3,0.09034028649330139,306.4779,202.0056,324.4098,212.3955,0.0,False,True,0.0,test
coco:144:16:430,coco,144,2008_000569.jpg,16,pottedplant,pottedplant,True,0,4,0.08790230005979538,249.6461,77.988,328.0299,362.1748,0.0,False,True,0.0,test
coco:144:16:430,coco,144,2008_000569.jpg,16,pottedplant,pottedplant,True,0,5,0.08533216267824173,1.8873,1.6839,211.5378,454.9388,0.0,False,True,0.0,test
coco:144:16:430,coco,144,2008_000569.jpg,16,pottedplant,pottedplant,True,0,6,0.07694149762392044,399.2441,174.6158,452.6438,273.6852,0.0,False,True,0.0,test
coco:144:16:430,coco,144,2008_000569.jpg,16,pottedplant,pottedplant,True,0,7,0.06787077337503433,309.8355,204.0639,452.5319,368.0693,0.0,False,True,0.0,test
coco:144:16:430,coco,144,2008_000569.jpg,16,pottedplant,pottedplant,True,0,8,0.06595530360937119,231.1498,208.7314,243.1026,229.9545,0.0,False,True,0.0,test
coco:144:16:430,coco,144,2008_000569.jpg,16,pottedplant,pottedplant,True,0,9,0.05575721710920334,168.3062,283.6882,196.0497,327.5977,0.0,False,True,0.0,test
coco:144:16:430,coco,144,2008_000569.jpg,16,pottedplant,pottedplant,True,0,10,0.053500980138778687,101.1524,186.3362,131.4239,208.0545,0.0,False,True,0.0,test
coco:144:16:430,coco,144,2008_000569.jpg,16,pottedplant,pottedplant,True,0,11,0.052908215671777725,400.3311,174.6312,452.7289,214.9803,0.0,False,True,0.0,test
coco:144:16:430,coco,144,2008_000569.jpg,16,pottedplant,pottedplant,True,0,12,0.050728633999824524,254.9991,76.5597,395.2723,295.9542,0.0,False,True,0.0,test
coco:144:14:431,coco,144,2008_000569.jpg,14,motorbike,motorbike,True,0,0,0.06600993126630783,307.296,202.3188,452.4365,368.6128,0.0,False,True,0.0,test
coco:146:15:435,coco,146,2008_000579.jpg,15,person,person,False,2,0,0.664638876914978,56.0601,81.2298,439.5897,325.5143,0.9326459169387817,True,False,9.974910394265233,test
coco:146:15:435,coco,146,2008_000579.jpg,15,person,person,False,2,1,0.4877587556838989,0.4709,27.8457,237.5449,325.6225,0.9830478429794312,True,False,9.974910394265233,test
coco:146:15:435,coco,146,2008_000579.jpg,15,person,person,False,2,2,0.1443873643875122,0.6243,27.5245,353.0555,325.4233,0.662333607673645,True,False,0.0,test
coco:147:13:439,coco,147,2008_000581.jpg,13,horse,horse,True,0,0,0.24981428682804108,0.9566,0.0337,374.0175,499.9672,0.0,False,True,9.974910394265233,test
coco:147:13:439,coco,147,2008_000581.jpg,13,horse,horse,True,0,1,0.13800933957099915,52.3592,114.5161,290.5711,375.5154,0.0,False,True,0.0,test
coco:147:13:439,coco,147,2008_000581.jpg,13,horse,horse,True,0,2,0.09318126738071442,0.4445,-0.4008,113.9478,499.5795,0.0,False,True,0.0,test
coco:147:13:439,coco,147,2008_000581.jpg,13,horse,horse,True,0,3,0.08711040019989014,4.5159,0.1591,112.9704,224.4375,0.0,False,True,0.0,test
coco:147:13:439,coco,147,2008_000581.jpg,13,horse,horse,True,0,4,0.08575328439474106,0.921,1.0053,290.3278,379.3717,0.0,False,True,0.0,test
coco:147:13:439,coco,147,2008_000581.jpg,13,horse,horse,True,0,5,0.06752769649028778,0.6494,113.017,292.7815,496.3942,0.0,False,True,0.0,test
coco:147:13:439,coco,147,2008_000581.jpg,13,horse,horse,True,0,6,0.061464324593544006,296.4824,-0.3543,374.4381,499.5455,0.0,False,True,0.0,test
coco:147:14:440,coco,147,2008_000581.jpg,14,motorbike,motorbike,True,0,0,0.21154862642288208,1.2142,-0.0829,373.776,499.8895,0.0,False,True,9.974910394265233,test
coco:147:14:440,coco,147,2008_000581.jpg,14,motorbike,motorbike,True,0,1,0.10121742635965347,1.1479,113.4924,290.7026,376.6698,0.0,False,True,0.0,test
coco:147:14:440,coco,147,2008_000581.jpg,14,motorbike,motorbike,True,0,2,0.0668182522058487,1.7096,1.0644,294.0417,381.4887,0.0,False,True,0.0,test
coco:148:18:441,coco,148,2008_000589.jpg,18,sofa,sofa,False,4,0,0.6951733827590942,251.2453,120.8016,440.9494,208.9365,0.9533036351203918,True,False,9.974910394265233,test
coco:148:18:441,coco,148,2008_000589.jpg,18,sofa,sofa,False,4,1,0.6604394316673279,0.2447,110.1599,152.9458,191.7308,0.981237530708313,True,False,9.974910394265233,test
coco:148:18:441,coco,148,2008_000589.jpg,18,sofa,sofa,False,4,2,0.6278111338615417,118.0321,122.0982,252.3889,212.6018,0.9582855105400085,True,False,9.974910394265233,test
coco:148:18:441,coco,148,2008_000589.jpg,18,sofa,sofa,False,4,3,0.49288830161094666,264.1365,170.528,473.8658,320.6244,0.9784966707229614,True,False,9.974910394265233,test
coco:148:18:441,coco,148,2008_000589.jpg,18,sofa,sofa,False,4,4,0.15586933493614197,0.1061,123.6298,46.0846,191.1904,0.2461887151002884,False,True,0.0,test
coco:148:18:441,coco,148,2008_000589.jpg,18,sofa,sofa,False,4,5,0.14629001915454865,29.2162,117.5578,91.6493,176.0878,0.2968005836009979,False,True,0.0,test
coco:148:18:441,coco,148,2008_000589.jpg,18,sofa,sofa,False,4,6,0.14570105075836182,74.0482,113.3308,120.9062,172.2129,0.2240983098745346,False,True,0.0,test
coco:148:18:441,coco,148,2008_000589.jpg,18,sofa,sofa,False,4,7,0.13362783193588257,0.1252,114.9084,91.3851,191.1135,0.5564255714416504,True,False,0.0,test
coco:148:18:441,coco,148,2008_000589.jpg,18,sofa,sofa,False,4,8,0.12838634848594666,74.521,110.6226,152.7902,172.8181,0.3920462727546692,False,True,0.0,test
coco:148:18:441,coco,148,2008_000589.jpg,18,sofa,sofa,False,4,9,0.12168548256158829,288.6178,126.3008,376.554,208.2263,0.431973397731781,False,True,0.0,test
coco:148:18:441,coco,148,2008_000589.jpg,18,sofa,sofa,False,4,10,0.11904754489660263,332.4023,134.0013,440.6059,206.2774,0.47919946908950806,False,True,0.0,test
coco:148:18:441,coco,148,2008_000589.jpg,18,sofa,sofa,False,4,11,0.11816933006048203,251.2186,121.2034,330.1786,191.4592,0.3347697854042053,False,True,0.0,test
coco:148:18:441,coco,148,2008_000589.jpg,18,sofa,sofa,False,4,12,0.10241643339395523,310.0024,91.1912,499.6775,166.1946,0.23827067017555237,False,True,0.0,test
coco:148:18:441,coco,148,2008_000589.jpg,18,sofa,sofa,False,4,13,0.09965158998966217,251.2495,121.0613,376.0605,208.2444,0.6393822431564331,True,False,0.0,test
coco:148:18:441,coco,148,2008_000589.jpg,18,sofa,sofa,False,4,14,0.08306726068258286,113.1189,110.6581,152.7048,138.8703,0.08951101452112198,False,True,0.0,test
coco:148:18:441,coco,148,2008_000589.jpg,18,sofa,sofa,False,4,15,0.07111576199531555,-0.5319,110.4267,474.4929,320.0736,0.3120875358581543,False,True,0.0,test
coco:148:18:441,coco,148,2008_000589.jpg,18,sofa,sofa,False,4,16,0.06678563356399536,173.526,122.4205,252.2321,191.1829,0.456556499004364,False,True,0.0,test
coco:148:18:441,coco,148,2008_000589.jpg,18,sofa,sofa,False,4,17,0.06249226629734039,113.3006,110.7246,152.9972,164.5242,0.1724206656217575,False,True,0.0,test
coco:148:18:441,coco,148,2008_000589.jpg,18,sofa,sofa,False,4,18,0.062024734914302826,0.5101,110.2223,441.0252,211.6039,0.3603138029575348,False,True,0.0,test
coco:148:18:441,coco,148,2008_000589.jpg,18,sofa,sofa,False,4,19,0.05448918417096138,117.5456,126.3955,206.8402,208.8764,0.6265349388122559,True,False,0.0,test
coco:148:18:441,coco,148,2008_000589.jpg,18,sofa,sofa,False,4,20,0.05189153552055359,287.963,154.4907,366.9261,207.7946,0.25308912992477417,False,True,0.0,test
coco:149:15:444,coco,149,2008_000599.jpg,15,person,person,False,3,0,0.8443436026573181,92.1695,52.4974,294.307,309.9858,0.9956437349319458,True,False,9.974910394265233,test
coco:149:15:444,coco,149,2008_000599.jpg,15,person,person,False,3,1,0.8259680867195129,282.2937,143.1547,439.2,332.6322,0.9878823161125183,True,False,9.974910394265233,test
coco:149:15:444,coco,149,2008_000599.jpg,15,person,person,False,3,2,0.8255550265312195,167.403,154.0809,300.5912,313.1017,0.9812343120574951,True,False,9.974910394265233,test
coco:149:15:444,coco,149,2008_000599.jpg,15,person,person,False,3,3,0.05501922219991684,214.9319,199.5572,298.2599,312.0782,0.4433800280094147,False,True,0.0,test
coco:150:13:447,coco,150,2008_000602.jpg,13,horse,horse,False,1,0,0.9026134014129639,18.7241,69.326,291.594,425.4486,0.9843500256538391,True,False,9.974910394265233,test
coco:150:13:447,coco,150,2008_000602.jpg,13,horse,horse,False,1,1,0.05577990785241127,18.985,96.7537,142.6762,139.4465,0.054169442504644394,False,True,0.0,test
coco:151:15:450,coco,151,2008_000605.jpg,15,person,person,False,1,0,0.7446174621582031,0.2395,21.4242,284.1407,499.349,0.9788544178009033,True,False,9.974910394265233,test
coco:151:15:450,coco,151,2008_000605.jpg,15,person,person,False,1,1,0.4948934316635132,0.168,162.1034,41.1624,248.0873,0.025198718532919884,False,True,9.974910394265233,test
coco:151:15:450,coco,151,2008_000605.jpg,15,person,person,False,1,2,0.47333085536956787,72.5373,314.7916,93.9739,358.818,0.006890283897519112,False,True,9.974910394265233,test
coco:151:15:450,coco,151,2008_000605.jpg,15,person,person,False,1,3,0.3832627832889557,36.0099,157.5123,67.4182,216.4105,0.0135056022554636,False,True,9.974910394265233,test
coco:151:15:450,coco,151,2008_000605.jpg,15,person,person,False,1,4,0.368813693523407,220.2752,155.325,265.7588,285.9031,0.043360352516174316,False,True,9.974910394265233,test
coco:151:15:450,coco,151,2008_000605.jpg,15,person,person,False,1,5,0.33736762404441833,270.5595,162.3652,312.6368,265.6884,0.009924273006618023,False,True,9.974910394265233,test
coco:151:15:450,coco,151,2008_000605.jpg,15,person,person,False,1,6,0.2977488338947296,275.5615,162.5557,312.3674,229.4635,0.004065673798322678,False,True,9.974910394265233,test
coco:151:15:450,coco,151,2008_000605.jpg,15,person,person,False,1,7,0.28298771381378174,251.7686,153.954,282.7584,279.0035,0.028292346745729446,False,True,9.974910394265233,test
coco:151:15:450,coco,151,2008_000605.jpg,15,person,person,False,1,8,0.16662105917930603,44.5039,158.5193,66.5315,192.8492,0.005520874634385109,False,True,0.0,test
coco:151:15:450,coco,151,2008_000605.jpg,15,person,person,False,1,9,0.16321854293346405,321.2598,177.955,373.8171,302.0075,0.0,False,True,0.0,test
coco:151:15:450,coco,151,2008_000605.jpg,15,person,person,False,1,10,0.14975476264953613,72.6194,317.3342,80.7916,356.5052,0.0023370760027319193,False,True,0.0,test
coco:151:15:450,coco,151,2008_000605.jpg,15,person,person,False,1,11,0.14675334095954895,255.9149,154.2934,282.1971,221.2723,0.012851960025727749,False,True,0.0,test
coco:151:15:450,coco,151,2008_000605.jpg,15,person,person,False,1,12,0.1299261599779129,0.278,156.8576,67.116,245.0886,0.04256907477974892,False,True,0.0,test
coco:151:15:450,coco,151,2008_000605.jpg,15,person,person,False,1,13,0.1235896646976471,194.2045,187.0396,231.9878,283.1543,0.02651294134557247,False,True,0.0,test
coco:151:15:450,coco,151,2008_000605.jpg,15,person,person,False,1,14,0.11694563925266266,187.2842,231.0846,215.0793,283.5039,0.010637227445840836,False,True,0.0,test
coco:151:15:450,coco,151,2008_000605.jpg,15,person,person,False,1,15,0.11215485632419586,290.8468,163.1942,312.5182,218.7727,0.0,False,True,0.0,test
coco:151:15:450,coco,151,2008_000605.jpg,15,person,person,False,1,16,0.1110316589474678,252.4904,162.4099,312.4787,281.08,0.026641998440027237,False,True,0.0,test
coco:151:15:450,coco,151,2008_000605.jpg,15,person,person,False,1,17,0.11012545973062515,201.0374,182.8627,235.3931,276.9778,0.023606233298778534,False,True,0.0,test
coco:151:15:450,coco,151,2008_000605.jpg,15,person,person,False,1,18,0.10304180532693863,196.3913,153.0787,281.7549,285.4773,0.08251341432332993,False,True,0.0,test
coco:151:15:450,coco,151,2008_000605.jpg,15,person,person,False,1,19,0.09869903326034546,200.4606,205.7041,227.5186,275.9189,0.013870528899133205,False,True,0.0,test
coco:151:15:450,coco,151,2008_000605.jpg,15,person,person,False,1,20,0.09824215620756149,321.5056,212.3252,371.8357,302.2272,0.0,False,True,0.0,test
coco:151:15:450,coco,151,2008_000605.jpg,15,person,person,False,1,21,0.09041986614465714,220.5252,160.4656,312.0991,286.0307,0.056727487593889236,False,True,0.0,test
coco:151:15:450,coco,151,2008_000605.jpg,15,person,person,False,1,22,0.08741056174039841,340.5937,176.177,374.5602,288.7147,0.0,False,True,0.0,test
coco:151:15:450,coco,151,2008_000605.jpg,15,person,person,False,1,23,0.08735471963882446,11.4585,157.6576,66.8438,264.0363,0.0430147610604763,False,True,0.0,test
coco:151:15:450,coco,151,2008_000605.jpg,15,person,person,False,1,24,0.08402641117572784,0.1208,158.3199,41.6693,376.4782,0.06468434631824493,False,True,0.0,test
coco:151:15:450,coco,151,2008_000605.jpg,15,person,person,False,1,25,0.0806809514760971,209.5174,206.8099,227.7662,274.2028,0.008978764526546001,False,True,0.0,test
coco:151:15:450,coco,151,2008_000605.jpg,15,person,person,False,1,26,0.07794180512428284,35.4996,350.416,74.3897,495.3178,0.04114159569144249,False,True,0.0,test
coco:151:15:450,coco,151,2008_000605.jpg,15,person,person,False,1,27,0.07295023649930954,194.4273,164.5996,246.5815,284.0927,0.04549882188439369,False,True,0.0,test
coco:151:15:450,coco,151,2008_000605.jpg,15,person,person,False,1,28,0.0725276842713356,321.9303,218.5014,344.1244,271.216,0.0,False,True,0.0,test
coco:151:15:450,coco,151,2008_000605.jpg,15,person,person,False,1,29,0.0713174045085907,187.2831,254.7274,214.9385,284.0685,0.005924115423113108,False,True,0.0,test
coco:151:15:450,coco,151,2008_000605.jpg,15,person,person,False,1,30,0.07006317377090454,83.0012,314.8998,91.3945,328.0685,0.0008069403702393174,False,True,0.0,test
coco:151:15:450,coco,151,2008_000605.jpg,15,person,person,False,1,31,0.06747104972600937,197.3884,205.1619,217.7522,273.4709,0.010155602358281612,False,True,0.0,test
coco:151:15:450,coco,151,2008_000605.jpg,15,person,person,False,1,32,0.06721404939889908,187.7667,202.5132,215.2397,282.144,0.015971846878528595,False,True,0.0,test
coco:151:15:450,coco,151,2008_000605.jpg,15,person,person,False,1,33,0.06663446128368378,193.5044,205.0734,216.1319,256.7224,0.008532315492630005,False,True,0.0,test
coco:151:15:450,coco,151,2008_000605.jpg,15,person,person,False,1,34,0.06615936756134033,82.4329,315.0593,93.9681,356.9572,0.003528434783220291,False,True,0.0,test
coco:151:15:450,coco,151,2008_000605.jpg,15,person,person,False,1,35,0.06423734128475189,73.5232,317.2202,80.3103,343.1771,0.001286194077692926,False,True,0.0,test
coco:151:15:450,coco,151,2008_000605.jpg,15,person,person,False,1,36,0.06304304301738739,166.3166,22.601,284.076,286.5005,0.22670353949069977,False,True,0.0,test
coco:151:15:450,coco,151,2008_000605.jpg,15,person,person,False,1,37,0.062011945992708206,339.1402,170.4223,374.132,240.8206,0.0,False,True,0.0,test
coco:151:15:450,coco,151,2008_000605.jpg,15,person,person,False,1,38,0.059383753687143326,81.605,314.9895,93.3056,335.9211,0.0017880506347864866,False,True,0.0,test
coco:151:15:450,coco,151,2008_000605.jpg,15,person,person,False,1,39,0.05928695574402809,0.2277,157.2397,66.7364,376.5507,0.10512304306030273,False,True,0.0,test
coco:151:15:450,coco,151,2008_000605.jpg,15,person,person,False,1,40,0.05661734566092491,291.0215,162.9022,312.9767,265.2978,0.0,False,True,0.0,test
coco:151:15:450,coco,151,2008_000605.jpg,15,person,person,False,1,41,0.05573408678174019,0.1191,132.912,15.2124,184.2178,0.005321815609931946,False,True,0.0,test
coco:151:15:450,coco,151,2008_000605.jpg,15,person,person,False,1,42,0.05570730194449425,74.7518,315.015,91.3177,331.0117,0.0019347082125023007,False,True,0.0,test
coco:151:15:450,coco,151,2008_000605.jpg,15,person,person,False,1,43,0.05555485561490059,313.9641,153.844,351.2882,230.8725,0.0,False,True,0.0,test
coco:151:15:450,coco,151,2008_000605.jpg,15,person,person,False,1,44,0.05476829782128334,313.7646,163.3281,350.867,271.9454,0.0,False,True,0.0,test
coco:151:15:450,coco,151,2008_000605.jpg,15,person,person,False,1,45,0.05421333387494087,268.924,171.3546,298.0579,265.0462,0.010214099660515785,False,True,0.0,test
coco:151:15:450,coco,151,2008_000605.jpg,15,person,person,False,1,46,0.05349818989634514,330.014,218.9134,342.0985,242.2175,0.0,False,True,0.0,test
coco:151:15:450,coco,151,2008_000605.jpg,15,person,person,False,1,47,0.053413745015859604,204.4906,183.9716,232.0808,226.3041,0.008527015335857868,False,True,0.0,test
coco:151:15:450,coco,151,2008_000605.jpg,15,person,person,False,1,48,0.05295397713780403,330.4624,177.1375,371.4834,242.0175,0.0,False,True,0.0,test
coco:151:15:450,coco,151,2008_000605.jpg,15,person,person,False,1,49,0.05290786921977997,183.8083,253.3159,216.005,342.1313,0.020877014845609665,False,True,0.0,test
coco:151:15:450,coco,151,2008_000605.jpg,15,person,person,False,1,50,0.05275863781571388,257.8182,153.5308,281.2711,186.524,0.0056492360308766365,False,True,0.0,test
coco:151:15:450,coco,151,2008_000605.jpg,15,person,person,False,1,51,0.052065253257751465,194.5987,204.9677,226.1832,258.297,0.012297254987061024,False,True,0.0,test
coco:151:15:450,coco,151,2008_000605.jpg,15,person,person,False,1,52,0.051526762545108795,319.4759,172.9172,374.3441,350.5328,0.0,False,True,0.0,test
coco:151:15:450,coco,151,2008_000605.jpg,15,person,person,False,1,53,0.05126677826046944,75.0148,317.2662,80.2183,328.1641,0.0004140024248044938,False,True,0.0,test
coco:151:15:450,coco,151,2008_000605.jpg,15,person,person,False,1,54,0.05036943405866623,30.9341,157.8582,67.7744,366.9299,0.05623231455683708,False,True,0.0,test
coco:151:11:452,coco,151,2008_000605.jpg,11,diningtable,diningtable,True,0,0,0.25418463349342346,1.9768,18.3394,372.3586,496.3304,0.0,False,True,9.974910394265233,test
coco:151:11:452,coco,151,2008_000605.jpg,11,diningtable,diningtable,True,0,1,0.2007041871547699,191.8689,211.9303,348.2205,281.5164,0.0,False,True,9.974910394265233,test
coco:151:11:452,coco,151,2008_000605.jpg,11,diningtable,diningtable,True,0,2,0.14724043011665344,284.2195,217.7842,347.2017,272.6322,0.0,False,True,0.0,test
coco:151:11:452,coco,151,2008_000605.jpg,11,diningtable,diningtable,True,0,3,0.1396895945072174,191.9968,220.3261,227.2872,274.1123,0.0,False,True,0.0,test
coco:151:11:452,coco,151,2008_000605.jpg,11,diningtable,diningtable,True,0,4,0.122906893491745,1.9335,406.1908,373.4951,498.603,0.0,False,True,0.0,test
coco:151:11:452,coco,151,2008_000605.jpg,11,diningtable,diningtable,True,0,5,0.11025474965572357,189.981,204.9749,234.9345,280.7815,0.0,False,True,0.0,test
coco:151:11:452,coco,151,2008_000605.jpg,11,diningtable,diningtable,True,0,6,0.10855518281459808,2.1003,361.5119,373.2166,498.1141,0.0,False,True,0.0,test
coco:151:11:452,coco,151,2008_000605.jpg,11,diningtable,diningtable,True,0,7,0.10447154939174652,282.3563,216.1365,350.2583,297.8908,0.0,False,True,0.0,test
coco:151:11:452,coco,151,2008_000605.jpg,11,diningtable,diningtable,True,0,8,0.09815890341997147,1.5479,215.9143,373.1397,497.5549,0.0,False,True,0.0,test
coco:151:11:452,coco,151,2008_000605.jpg,11,diningtable,diningtable,True,0,9,0.0921294167637825,187.7715,201.9299,364.9804,314.6682,0.0,False,True,0.0,test
coco:151:11:452,coco,151,2008_000605.jpg,11,diningtable,diningtable,True,0,10,0.09182549268007278,191.7342,152.653,352.8353,291.8284,0.0,False,True,0.0,test
coco:151:11:452,coco,151,2008_000605.jpg,11,diningtable,diningtable,True,0,11,0.09138679504394531,291.2398,228.6455,343.6844,269.3961,0.0,False,True,0.0,test
coco:151:11:452,coco,151,2008_000605.jpg,11,diningtable,diningtable,True,0,12,0.08024328202009201,4.3045,20.5721,287.0208,374.066,0.0,False,True,0.0,test
coco:151:11:452,coco,151,2008_000605.jpg,11,diningtable,diningtable,True,0,13,0.0709112361073494,193.7036,221.8792,344.5072,261.8952,0.0,False,True,0.0,test
coco:151:11:452,coco,151,2008_000605.jpg,11,diningtable,diningtable,True,0,14,0.06385491043329239,128.4569,406.9749,373.3684,498.3095,0.0,False,True,0.0,test
coco:151:11:452,coco,151,2008_000605.jpg,11,diningtable,diningtable,True,0,15,0.06003405898809433,188.3417,143.5964,369.9786,329.8403,0.0,False,True,0.0,test
coco:151:11:452,coco,151,2008_000605.jpg,11,diningtable,diningtable,True,0,16,0.053305450826883316,3.0158,204.6706,357.7856,297.2733,0.0,False,True,0.0,test
coco:151:11:452,coco,151,2008_000605.jpg,11,diningtable,diningtable,True,0,17,0.05233727768063545,3.1311,137.811,369.6632,363.6673,0.0,False,True,0.0,test
coco:151:11:452,coco,151,2008_000605.jpg,11,diningtable,diningtable,True,0,18,0.050738051533699036,3.2017,144.2098,369.0023,296.356,0.0,False,True,0.0,test
coco:152:15:453,coco,152,2008_000609.jpg,15,person,person,False,2,0,0.7855756282806396,89.6379,124.656,257.2803,334.4703,0.6533873677253723,True,False,9.974910394265233,test
coco:152:15:453,coco,152,2008_000609.jpg,15,person,person,False,2,1,0.7512801885604858,324.1445,144.5447,367.4785,261.9167,0.942646324634552,True,False,9.974910394265233,test
coco:152:15:453,coco,152,2008_000609.jpg,15,person,person,False,2,2,0.19061854481697083,344.3931,201.7489,381.571,250.5507,0.19145826995372772,False,True,0.0,test
coco:152:15:453,coco,152,2008_000609.jpg,15,person,person,False,2,3,0.1381947547197342,344.2615,177.4111,382.0204,251.0005,0.2735190689563751,False,True,0.0,test
coco:152:15:453,coco,152,2008_000609.jpg,15,person,person,False,2,4,0.10491210967302322,108.5779,42.8471,263.4205,334.2618,0.3897378444671631,False,True,0.0,test
coco:152:15:453,coco,152,2008_000609.jpg,15,person,person,False,2,5,0.09750786423683167,350.9817,177.6618,367.6742,201.5534,0.0744747668504715,False,True,0.0,test
coco:152:15:453,coco,152,2008_000609.jpg,15,person,person,False,2,6,0.09475091099739075,159.0309,129.4496,265.2524,334.5029,0.2282762974500656,False,True,0.0,test
coco:152:15:453,coco,152,2008_000609.jpg,15,person,person,False,2,7,0.05546855553984642,89.7665,124.7168,205.4624,334.6819,0.9420906901359558,True,False,0.0,test
coco:152:15:453,coco,152,2008_000609.jpg,15,person,person,False,2,8,0.053824491798877716,351.1749,186.6597,367.3987,201.5597,0.04514165595173836,False,True,0.0,test
coco:153:14:458,coco,153,2008_000614.jpg,14,motorbike,motorbike,True,0,0,0.06486599147319794,32.3379,139.3395,239.9453,332.009,0.0,False,True,0.0,test
coco:153:14:458,coco,153,2008_000614.jpg,14,motorbike,motorbike,True,0,1,0.06188042834401131,4.5835,0.8784,495.7448,332.253,0.0,False,True,0.0,test
coco:153:14:458,coco,153,2008_000614.jpg,14,motorbike,motorbike,True,0,2,0.05460795387625694,296.4568,152.8186,423.143,302.6585,0.0,False,True,0.0,test
coco:154:15:459,coco,154,2008_000620.jpg,15,person,person,False,1,0,0.8917591571807861,252.5961,144.654,349.8185,310.2577,0.944429874420166,True,False,9.974910394265233,test
coco:154:15:459,coco,154,2008_000620.jpg,15,person,person,False,1,1,0.058551207184791565,204.2099,205.3609,327.6706,336.8527,0.3417989909648895,False,True,0.0,test
coco:154:15:459,coco,154,2008_000620.jpg,15,person,person,False,1,2,0.05293514207005501,253.0546,205.6203,327.9223,310.4667,0.4700360894203186,False,True,0.0,test
coco:154:8:460,coco,154,2008_000620.jpg,8,cat,cat,True,0,0,0.3715725541114807,203.5625,204.9436,325.9594,336.5145,0.0,False,True,9.974910394265233,test
coco:154:8:460,coco,154,2008_000620.jpg,8,cat,cat,True,0,1,0.11984791606664658,251.2377,144.6166,349.0563,311.5217,0.0,False,True,0.0,test
coco:154:8:460,coco,154,2008_000620.jpg,8,cat,cat,True,0,2,0.07422959804534912,254.2959,205.0806,326.2785,312.5739,0.0,False,True,0.0,test
coco:154:8:460,coco,154,2008_000620.jpg,8,cat,cat,True,0,3,0.057452648878097534,203.0219,144.6436,348.3046,335.8437,0.0,False,True,0.0,test
coco:154:8:460,coco,154,2008_000620.jpg,8,cat,cat,True,0,4,0.050964437425136566,204.0361,217.1693,297.6284,336.6959,0.0,False,True,0.0,test
coco:155:15:462,coco,155,2008_000622.jpg,15,person,person,False,1,0,0.9074030518531799,141.6514,86.6518,336.0589,188.88,0.9601538181304932,True,False,9.974910394265233,test
coco:155:15:462,coco,155,2008_000622.jpg,15,person,person,False,1,1,0.05897984653711319,0.2297,182.538,499.9932,374.7747,0.014509101398289204,False,True,0.0,test
coco:155:19:463,coco,155,2008_000622.jpg,19,train,train,True,0,0,0.2602352797985077,0.5805,182.2664,499.7145,374.1493,0.0,False,True,9.974910394265233,test
coco:155:19:463,coco,155,2008_000622.jpg,19,train,train,True,0,1,0.2160484939813614,111.6223,171.4387,144.6332,183.1993,0.0,False,True,9.974910394265233,test
coco:155:19:463,coco,155,2008_000622.jpg,19,train,train,True,0,2,0.19343966245651245,9.1751,171.8503,144.6112,185.6357,0.0,False,True,0.0,test
coco:155:19:463,coco,155,2008_000622.jpg,19,train,train,True,0,3,0.1804894059896469,141.7708,86.8599,335.9608,188.8281,0.0,False,True,0.0,test
coco:155:19:463,coco,155,2008_000622.jpg,19,train,train,True,0,4,0.14029419422149658,111.6235,171.3934,144.6126,177.0422,0.0,False,True,0.0,test
coco:155:19:463,coco,155,2008_000622.jpg,19,train,train,True,0,5,0.08633819967508316,10.9575,173.75,111.6713,185.2806,0.0,False,True,0.0,test
coco:155:19:463,coco,155,2008_000622.jpg,19,train,train,True,0,6,0.08343467861413956,2.0235,89.9842,498.4846,186.4955,0.0,False,True,0.0,test
coco:155:19:463,coco,155,2008_000622.jpg,19,train,train,True,0,7,0.05994294956326485,0.5145,94.9032,499.4717,373.8251,0.0,False,True,0.0,test
coco:155:19:463,coco,155,2008_000622.jpg,19,train,train,True,0,8,0.055731505155563354,5.4979,170.4125,496.6785,186.7053,0.0,False,True,0.0,test
coco:155:19:463,coco,155,2008_000622.jpg,19,train,train,True,0,9,0.053615957498550415,111.4231,126.8185,498.3174,185.3347,0.0,False,True,0.0,test
coco:155:19:463,coco,155,2008_000622.jpg,19,train,train,True,0,10,0.05107307434082031,11.2086,173.5101,73.8934,185.3392,0.0,False,True,0.0,test
coco:157:14:470,coco,157,2008_000629.jpg,14,motorbike,motorbike,True,0,0,0.21332746744155884,1.0481,0.0877,374.1642,499.7976,0.0,False,True,9.974910394265233,test
coco:157:14:470,coco,157,2008_000629.jpg,14,motorbike,motorbike,True,0,1,0.1910560429096222,84.1573,115.0919,373.8336,498.1084,0.0,False,True,0.0,test
coco:157:14:470,coco,157,2008_000629.jpg,14,motorbike,motorbike,True,0,2,0.1172940656542778,1.4598,224.839,373.4681,498.5287,0.0,False,True,0.0,test
coco:157:14:470,coco,157,2008_000629.jpg,14,motorbike,motorbike,True,0,3,0.09708049148321152,0.5645,230.9056,122.7123,498.8661,0.0,False,True,0.0,test
coco:157:14:470,coco,157,2008_000629.jpg,14,motorbike,motorbike,True,0,4,0.05923352390527725,0.8073,229.8506,120.1653,306.4799,0.0,False,True,0.0,test
coco:157:14:470,coco,157,2008_000629.jpg,14,motorbike,motorbike,True,0,5,0.05039629340171814,109.0372,113.5094,365.127,394.9836,0.0,False,True,0.0,test
coco:158:1:473,coco,158,2008_000630.jpg,1,aeroplane,aeroplane,True,0,0,0.4449487328529358,1.0715,1.1486,272.0479,315.7998,0.0,False,True,9.974910394265233,test
coco:158:1:473,coco,158,2008_000630.jpg,1,aeroplane,aeroplane,True,0,1,0.19628597795963287,2.5131,47.6511,271.0991,211.4364,0.0,False,True,0.0,test
coco:158:1:473,coco,158,2008_000630.jpg,1,aeroplane,aeroplane,True,0,2,0.14921101927757263,91.1657,154.224,185.7299,412.4835,0.0,False,True,0.0,test
coco:158:1:473,coco,158,2008_000630.jpg,1,aeroplane,aeroplane,True,0,3,0.09301992505788803,7.3759,103.8225,267.9556,187.0719,0.0,False,True,0.0,test
coco:158:1:473,coco,158,2008_000630.jpg,1,aeroplane,aeroplane,True,0,4,0.09086529910564423,2.1476,96.4706,270.8094,307.8474,0.0,False,True,0.0,test
coco:158:1:473,coco,158,2008_000630.jpg,1,aeroplane,aeroplane,True,0,5,0.08293682336807251,1.7211,1.1519,271.5712,491.0936,0.0,False,True,0.0,test
coco:158:1:473,coco,158,2008_000630.jpg,1,aeroplane,aeroplane,True,0,6,0.07638543844223022,3.9499,82.0964,269.6338,237.0393,0.0,False,True,0.0,test
coco:158:1:473,coco,158,2008_000630.jpg,1,aeroplane,aeroplane,True,0,7,0.06765840947628021,10.6136,19.3288,263.1899,153.52,0.0,False,True,0.0,test
coco:158:1:473,coco,158,2008_000630.jpg,1,aeroplane,aeroplane,True,0,8,0.06476836651563644,44.6725,101.418,265.0908,124.828,0.0,False,True,0.0,test
coco:158:1:473,coco,158,2008_000630.jpg,1,aeroplane,aeroplane,True,0,9,0.06397514045238495,6.0522,77.1809,269.1939,145.494,0.0,False,True,0.0,test
coco:158:1:473,coco,158,2008_000630.jpg,1,aeroplane,aeroplane,True,0,10,0.06320805847644806,3.524,79.3793,268.4042,124.9704,0.0,False,True,0.0,test
coco:158:1:473,coco,158,2008_000630.jpg,1,aeroplane,aeroplane,True,0,11,0.06197637319564819,6.9765,122.1174,268.7065,180.2084,0.0,False,True,0.0,test
coco:158:1:473,coco,158,2008_000630.jpg,1,aeroplane,aeroplane,True,0,12,0.06154760718345642,40.0281,65.3809,247.449,173.6367,0.0,False,True,0.0,test
coco:158:1:473,coco,158,2008_000630.jpg,1,aeroplane,aeroplane,True,0,13,0.05988543480634689,1.6144,5.8949,271.924,125.4378,0.0,False,True,0.0,test
coco:158:1:473,coco,158,2008_000630.jpg,1,aeroplane,aeroplane,True,0,14,0.05918159708380699,7.8513,94.6807,135.197,179.8652,0.0,False,True,0.0,test
coco:158:1:473,coco,158,2008_000630.jpg,1,aeroplane,aeroplane,True,0,15,0.05898616090416908,49.0417,92.3048,264.5896,206.0633,0.0,False,True,0.0,test
coco:159:15:474,coco,159,2008_000634.jpg,15,person,person,False,2,0,0.8553422093391418,156.7795,110.0888,215.4718,307.249,0.9693318605422974,True,False,9.974910394265233,test
coco:159:15:474,coco,159,2008_000634.jpg,15,person,person,False,2,1,0.31553521752357483,177.996,126.1435,209.9268,196.0647,0.9003394246101379,True,False,9.974910394265233,test
coco:159:15:474,coco,159,2008_000634.jpg,15,person,person,False,2,2,0.07262396812438965,177.4001,126.2107,200.1061,160.0114,0.3275621235370636,False,True,0.0,test
coco:159:15:474,coco,159,2008_000634.jpg,15,person,person,False,2,3,0.0709201917052269,178.5544,126.3981,209.089,171.7865,0.5887730717658997,True,False,0.0,test
coco:159:8:475,coco,159,2008_000634.jpg,8,cat,cat,True,0,0,0.18078146874904633,177.4861,126.3908,209.6466,195.9091,0.0,False,True,0.0,test
coco:159:8:475,coco,159,2008_000634.jpg,8,cat,cat,True,0,1,0.1500672847032547,156.8455,109.8687,215.8056,307.3238,0.0,False,True,0.0,test
coco:159:8:475,coco,159,2008_000634.jpg,8,cat,cat,True,0,2,0.06438933312892914,177.7002,126.3493,208.441,173.3067,0.0,False,True,0.0,test
coco:159:12:476,coco,159,2008_000634.jpg,12,dog,dog,True,0,0,0.33851420879364014,177.3066,126.2369,209.3154,195.841,0.0,False,True,9.974910394265233,test
coco:159:12:476,coco,159,2008_000634.jpg,12,dog,dog,True,0,1,0.1949550062417984,156.9898,109.7871,216.0486,307.4265,0.0,False,True,0.0,test
coco:159:12:476,coco,159,2008_000634.jpg,12,dog,dog,True,0,2,0.15018115937709808,176.9586,126.156,200.3605,160.6455,0.0,False,True,0.0,test
coco:159:12:476,coco,159,2008_000634.jpg,12,dog,dog,True,0,3,0.08666955679655075,181.7832,126.1856,200.1895,148.3811,0.0,False,True,0.0,test
coco:159:12:476,coco,159,2008_000634.jpg,12,dog,dog,True,0,4,0.06812213361263275,180.0559,126.6026,207.4068,172.6512,0.0,False,True,0.0,test
coco:160:15:477,coco,160,2008_000640.jpg,15,person,person,False,2,0,0.6119022965431213,58.2821,7.9858,283.6077,239.9629,0.8880156874656677,True,False,9.974910394265233,test
coco:160:15:477,coco,160,2008_000640.jpg,15,person,person,False,2,1,0.4103741943836212,58.7126,140.3669,250.5159,240.0295,0.9736549258232117,True,False,9.974910394265233,test
coco:160:15:477,coco,160,2008_000640.jpg,15,person,person,False,2,2,0.0812980979681015,11.2862,13.6751,42.3923,38.3368,0.0,False,True,0.0,test
coco:160:15:477,coco,160,2008_000640.jpg,15,person,person,False,2,3,0.07590088248252869,276.5851,207.3579,320.0225,240.0203,0.0,False,True,0.0,test
coco:160:15:477,coco,160,2008_000640.jpg,15,person,person,False,2,4,0.06784375011920929,148.2387,206.2793,213.7097,240.0376,0.11860302835702896,False,True,0.0,test
coco:160:15:477,coco,160,2008_000640.jpg,15,person,person,False,2,5,0.05724416673183441,106.1089,140.2954,215.0345,240.124,0.57659512758255,True,False,0.0,test
coco:160:15:477,coco,160,2008_000640.jpg,15,person,person,False,2,6,0.05630560591816902,60.6119,205.8697,214.1172,239.9853,0.28137317299842834,False,True,0.0,test
coco:160:15:477,coco,160,2008_000640.jpg,15,person,person,False,2,7,0.05294162034988403,119.0401,205.4513,215.1107,240.0802,0.1782579869031906,False,True,0.0,test
coco:160:15:477,coco,160,2008_000640.jpg,15,person,person,False,2,8,0.05028986185789108,280.754,188.1689,319.9531,239.9198,0.0,False,True,0.0,test
coco:160:1:478,coco,160,2008_000640.jpg,1,aeroplane,aeroplane,True,0,0,0.3899152874946594,0.0411,0.035,320.041,240.035,0.0,False,True,9.974910394265233,test
coco:160:1:478,coco,160,2008_000640.jpg,1,aeroplane,aeroplane,True,0,1,0.1912088245153427,10.9526,16.4468,42.8145,38.0682,0.0,False,True,0.0,test
coco:160:1:478,coco,160,2008_000640.jpg,1,aeroplane,aeroplane,True,0,2,0.10565133392810822,57.7782,51.6565,319.4211,239.7107,0.0,False,True,0.0,test
coco:160:1:478,coco,160,2008_000640.jpg,1,aeroplane,aeroplane,True,0,3,0.08903644979000092,11.4926,18.5144,31.3477,33.3393,0.0,False,True,0.0,test
coco:160:1:478,coco,160,2008_000640.jpg,1,aeroplane,aeroplane,True,0,4,0.0773579552769661,64.9365,140.1689,253.0354,240.043,0.0,False,True,0.0,test
coco:160:1:478,coco,160,2008_000640.jpg,1,aeroplane,aeroplane,True,0,5,0.06512484699487686,275.0313,206.698,320.022,240.0924,0.0,False,True,0.0,test
coco:160:1:478,coco,160,2008_000640.jpg,1,aeroplane,aeroplane,True,0,6,0.05671355500817299,-0.0009,140.5071,319.9987,240.0289,0.0,False,True,0.0,test
coco:160:1:478,coco,160,2008_000640.jpg,1,aeroplane,aeroplane,True,0,7,0.05488022789359093,62.5278,-0.2717,319.6576,154.5653,0.0,False,True,0.0,test
coco:160:1:478,coco,160,2008_000640.jpg,1,aeroplane,aeroplane,True,0,8,0.052364882081747055,5.7967,8.8672,49.6438,44.5159,0.0,False,True,0.0,test
coco:160:1:478,coco,160,2008_000640.jpg,1,aeroplane,aeroplane,True,0,9,0.05022246018052101,-0.0054,0.0545,61.4676,59.7149,0.0,False,True,0.0,test
coco:161:2:482,coco,161,2008_000647.jpg,2,bicycle,bicycle,True,0,0,0.19224725663661957,398.0287,307.7328,499.3258,411.3971,0.0,False,True,0.0,test
coco:161:2:482,coco,161,2008_000647.jpg,2,bicycle,bicycle,True,0,1,0.1042855754494667,398.3237,327.3161,424.4292,411.5128,0.0,False,True,0.0,test
coco:161:2:482,coco,161,2008_000647.jpg,2,bicycle,bicycle,True,0,2,0.07406900078058243,349.421,0.128,499.4297,411.5042,0.0,False,True,0.0,test
coco:161:2:482,coco,161,2008_000647.jpg,2,bicycle,bicycle,True,0,3,0.06257180124521255,443.9071,307.8585,499.3286,411.1696,0.0,False,True,0.0,test
coco:161:2:482,coco,161,2008_000647.jpg,2,bicycle,bicycle,True,0,4,0.058395713567733765,397.4463,262.1158,499.2479,411.4022,0.0,False,True,0.0,test
coco:161:2:482,coco,161,2008_000647.jpg,2,bicycle,bicycle,True,0,5,0.05081477388739586,396.1678,6.2092,499.577,412.7136,0.0,False,True,0.0,test
coco:162:15:483,coco,162,2008_000652.jpg,15,person,person,False,1,0,0.5541862845420837,93.0166,4.8961,237.9791,212.4435,0.603388786315918,True,False,9.974910394265233,test
coco:162:15:483,coco,162,2008_000652.jpg,15,person,person,False,1,1,0.271072119474411,0.2885,4.5958,237.9935,212.396,0.9739494919776917,True,False,9.974910394265233,test
coco:162:4:485,coco,162,2008_000652.jpg,4,boat,boat,True,0,0,0.05642469972372055,0.8378,0.0587,319.1318,212.9219,0.0,False,True,0.0,test
coco:163:15:486,coco,163,2008_000656.jpg,15,person,person,False,1,0,0.8818398118019104,0.1916,31.4407,319.7144,479.4145,0.9940398335456848,True,False,9.974910394265233,test
coco:163:15:486,coco,163,2008_000656.jpg,15,person,person,False,1,1,0.09187929332256317,0.1409,184.5653,14.983,281.118,0.00944156851619482,False,True,0.0,test
coco:163:15:486,coco,163,2008_000656.jpg,15,person,person,False,1,2,0.06515969336032867,239.9333,67.9522,268.4461,165.895,0.019540861248970032,False,True,0.0,test
coco:163:15:486,coco,163,2008_000656.jpg,15,person,person,False,1,3,0.06489571183919907,0.2071,184.2766,60.9605,425.003,0.10086502879858017,False,True,0.0,test
coco:163:15:486,coco,163,2008_000656.jpg,15,person,person,False,1,4,0.05756403133273125,240.2955,68.5147,265.2693,145.984,0.013537728227674961,False,True,0.0,test
coco:163:15:486,coco,163,2008_000656.jpg,15,person,person,False,1,5,0.05378914996981621,240.6566,313.1352,273.4233,325.0276,0.0027266652323305607,False,True,0.0,test
coco:163:9:488,coco,163,2008_000656.jpg,9,chair,chair,True,0,0,0.3809867799282074,65.9239,207.1716,319.6833,479.6098,0.0,False,True,9.974910394265233,test
coco:163:9:488,coco,163,2008_000656.jpg,9,chair,chair,True,0,1,0.25036004185676575,0.1076,183.7271,61.8299,421.4989,0.0,False,True,9.974910394265233,test
coco:163:9:488,coco,163,2008_000656.jpg,9,chair,chair,True,0,2,0.24773627519607544,0.1861,183.86,77.2622,479.2724,0.0,False,True,9.974910394265233,test
coco:163:9:488,coco,163,2008_000656.jpg,9,chair,chair,True,0,3,0.1892452985048294,248.0739,206.6374,319.5469,354.9862,0.0,False,True,0.0,test
coco:163:9:488,coco,163,2008_000656.jpg,9,chair,chair,True,0,4,0.1732088029384613,285.3387,207.6538,319.6641,355.4815,0.0,False,True,0.0,test
coco:163:9:488,coco,163,2008_000656.jpg,9,chair,chair,True,0,5,0.16093438863754272,0.1233,184.2512,15.3026,279.6086,0.0,False,True,0.0,test
coco:163:9:488,coco,163,2008_000656.jpg,9,chair,chair,True,0,6,0.14320042729377747,248.9445,208.0188,307.059,316.6841,0.0,False,True,0.0,test
coco:163:9:488,coco,163,2008_000656.jpg,9,chair,chair,True,0,7,0.12067325413227081,0.6918,136.6162,319.0698,479.833,0.0,False,True,0.0,test
coco:163:9:488,coco,163,2008_000656.jpg,9,chair,chair,True,0,8,0.11673689633607864,243.6494,168.0851,319.4558,317.9755,0.0,False,True,0.0,test
coco:163:9:488,coco,163,2008_000656.jpg,9,chair,chair,True,0,9,0.10256312787532806,0.1308,184.0751,16.0654,411.3136,0.0,False,True,0.0,test
coco:163:9:488,coco,163,2008_000656.jpg,9,chair,chair,True,0,10,0.10053810477256775,191.0645,135.0033,319.5193,354.5208,0.0,False,True,0.0,test
coco:163:9:488,coco,163,2008_000656.jpg,9,chair,chair,True,0,11,0.08279109001159668,-0.2436,183.4142,238.0491,479.6003,0.0,False,True,0.0,test
coco:163:9:488,coco,163,2008_000656.jpg,9,chair,chair,True,0,12,0.08110572397708893,230.3243,205.8358,319.5983,479.4316,0.0,False,True,0.0,test
coco:163:9:488,coco,163,2008_000656.jpg,9,chair,chair,True,0,13,0.08058848977088928,222.5507,157.7682,319.6458,357.6579,0.0,False,True,0.0,test
coco:163:9:488,coco,163,2008_000656.jpg,9,chair,chair,True,0,14,0.063955157995224,190.5948,135.3592,217.6962,164.2274,0.0,False,True,0.0,test
coco:163:9:488,coco,163,2008_000656.jpg,9,chair,chair,True,0,15,0.06382107734680176,0.1996,134.8576,220.4464,417.7826,0.0,False,True,0.0,test
coco:163:9:488,coco,163,2008_000656.jpg,9,chair,chair,True,0,16,0.060989703983068466,191.0071,135.2361,298.5806,317.1628,0.0,False,True,0.0,test
coco:163:9:488,coco,163,2008_000656.jpg,9,chair,chair,True,0,17,0.05966944992542267,285.2603,206.943,319.6827,478.2535,0.0,False,True,0.0,test
coco:163:9:488,coco,163,2008_000656.jpg,9,chair,chair,True,0,18,0.05794590339064598,65.0243,134.7788,241.4661,479.6939,0.0,False,True,0.0,test
coco:163:9:488,coco,163,2008_000656.jpg,9,chair,chair,True,0,19,0.05388030409812927,36.1035,135.1752,217.6751,181.9008,0.0,False,True,0.0,test
coco:163:9:488,coco,163,2008_000656.jpg,9,chair,chair,True,0,20,0.053628310561180115,0.2954,360.7586,77.6737,479.4559,0.0,False,True,0.0,test
coco:163:9:488,coco,163,2008_000656.jpg,9,chair,chair,True,0,21,0.050652507692575455,66.2296,360.0492,319.6038,479.5141,0.0,False,True,0.0,test
coco:164:16:490,coco,164,2008_000657.jpg,16,pottedplant,pottedplant,True,0,0,0.2077154815196991,56.8299,99.1779,346.1043,332.6737,0.0,False,True,9.974910394265233,test
coco:164:16:490,coco,164,2008_000657.jpg,16,pottedplant,pottedplant,True,0,1,0.11090690642595291,251.3079,175.909,275.2176,209.3153,0.0,False,True,0.0,test
coco:164:16:490,coco,164,2008_000657.jpg,16,pottedplant,pottedplant,True,0,2,0.06501951068639755,0.5342,0.0437,97.6307,375.0311,0.0,False,True,0.0,test
coco:164:16:490,coco,164,2008_000657.jpg,16,pottedplant,pottedplant,True,0,3,0.05273683741688728,146.5929,99.1103,345.7065,332.3274,0.0,False,True,0.0,test
coco:164:5:491,coco,164,2008_000657.jpg,5,bottle,bottle,True,0,0,0.12046341598033905,56.0636,98.9391,346.2694,332.6301,0.0,False,True,0.0,test
coco:164:5:491,coco,164,2008_000657.jpg,5,bottle,bottle,True,0,1,0.10133534669876099,309.5594,130.5738,324.4749,170.7329,0.0,False,True,0.0,test
coco:164:5:491,coco,164,2008_000657.jpg,5,bottle,bottle,True,0,2,0.08899185806512833,98.1514,217.8392,105.726,227.0322,0.0,False,True,0.0,test
coco:164:5:491,coco,164,2008_000657.jpg,5,bottle,bottle,True,0,3,0.08349408209323883,193.6721,152.2463,210.9506,170.6491,0.0,False,True,0.0,test
coco:164:5:491,coco,164,2008_000657.jpg,5,bottle,bottle,True,0,4,0.07982831448316574,251.4957,175.8721,274.9775,209.3881,0.0,False,True,0.0,test
coco:164:5:491,coco,164,2008_000657.jpg,5,bottle,bottle,True,0,5,0.07732510566711426,160.264,187.8777,168.1233,197.9472,0.0,False,True,0.0,test
coco:164:5:491,coco,164,2008_000657.jpg,5,bottle,bottle,True,0,6,0.070985808968544,97.5418,233.7668,105.5385,242.8814,0.0,False,True,0.0,test
coco:164:5:491,coco,164,2008_000657.jpg,5,bottle,bottle,True,0,7,0.06311739981174469,155.8477,170.8266,170.3248,197.7568,0.0,False,True,0.0,test
coco:164:5:491,coco,164,2008_000657.jpg,5,bottle,bottle,True,0,8,0.0627446323633194,197.9822,152.4247,207.1957,161.3602,0.0,False,True,0.0,test
coco:164:5:491,coco,164,2008_000657.jpg,5,bottle,bottle,True,0,9,0.059191085398197174,135.1559,144.5874,147.2704,238.8651,0.0,False,True,0.0,test
coco:164:5:491,coco,164,2008_000657.jpg,5,bottle,bottle,True,0,10,0.05590852349996567,256.4314,114.1246,268.6532,137.9978,0.0,False,True,0.0,test
coco:164:5:491,coco,164,2008_000657.jpg,5,bottle,bottle,True,0,11,0.05544017627835274,311.402,144.6204,324.3481,170.2596,0.0,False,True,0.0,test
coco:164:5:491,coco,164,2008_000657.jpg,5,bottle,bottle,True,0,12,0.05402896925806999,159.9791,175.1486,169.397,197.4269,0.0,False,True,0.0,test
coco:164:5:491,coco,164,2008_000657.jpg,5,bottle,bottle,True,0,13,0.053695354610681534,446.7122,326.5149,451.3922,338.2896,0.0,False,True,0.0,test
coco:164:5:491,coco,164,2008_000657.jpg,5,bottle,bottle,True,0,14,0.051777832210063934,223.0468,146.3761,238.2119,162.9581,0.0,False,True,0.0,test
coco:164:5:491,coco,164,2008_000657.jpg,5,bottle,bottle,True,0,15,0.050663113594055176,219.77,122.2984,253.3483,136.9404,0.0,False,True,0.0,test
coco:165:7:492,coco,165,2008_000659.jpg,7,car,car,False,2,0,0.7698798179626465,244.4852,264.0591,269.1909,281.8139,0.9354499578475952,True,False,9.974910394265233,test
coco:165:7:492,coco,165,2008_000659.jpg,7,car,car,False,2,1,0.5622580647468567,284.651,259.5214,302.8579,275.5061,0.7819435000419617,True,False,9.974910394265233,test
coco:165:7:492,coco,165,2008_000659.jpg,7,car,car,False,2,2,0.22408835589885712,282.1763,262.0376,288.9299,268.9381,0.07543747872114182,False,True,9.974910394265233,test
coco:165:7:492,coco,165,2008_000659.jpg,7,car,car,False,2,3,0.14970116317272186,119.745,271.1925,139.0179,276.4059,0.0,False,True,0.0,test
coco:165:7:492,coco,165,2008_000659.jpg,7,car,car,False,2,4,0.1261810064315796,200.4811,265.8481,204.332,269.1269,0.0,False,True,0.0,test
coco:165:7:492,coco,165,2008_000659.jpg,7,car,car,False,2,5,0.12101276963949203,119.9299,271.6752,126.3354,275.4303,0.0,False,True,0.0,test
coco:165:7:492,coco,165,2008_000659.jpg,7,car,car,False,2,6,0.1147472932934761,291.4857,252.3896,302.4457,265.1085,0.13223512470722198,False,True,0.0,test
coco:165:7:492,coco,165,2008_000659.jpg,7,car,car,False,2,7,0.10812193900346756,282.0406,258.7159,289.5121,268.9561,0.10744817554950714,False,True,0.0,test
coco:165:7:492,coco,165,2008_000659.jpg,7,car,car,False,2,8,0.10304659605026245,237.4714,255.0274,240.8718,258.3539,0.0,False,True,0.0,test
coco:165:7:492,coco,165,2008_000659.jpg,7,car,car,False,2,9,0.08299703896045685,282.3043,252.7516,302.1738,269.1535,0.3090251088142395,False,True,0.0,test
coco:165:7:492,coco,165,2008_000659.jpg,7,car,car,False,2,10,0.07510359585285187,282.2067,259.4959,301.8963,269.1736,0.4127252399921417,False,True,0.0,test
coco:165:7:492,coco,165,2008_000659.jpg,7,car,car,False,2,11,0.06901462376117706,232.6586,270.376,241.029,278.7345,0.0,False,True,0.0,test
coco:165:7:492,coco,165,2008_000659.jpg,7,car,car,False,2,12,0.06239980086684227,168.4682,272.7603,173.0934,276.1418,0.0,False,True,0.0,test
coco:165:7:492,coco,165,2008_000659.jpg,7,car,car,False,2,13,0.05887890234589577,291.7492,254.2489,295.8148,259.0991,0.0,False,True,0.0,test
coco:165:7:492,coco,165,2008_000659.jpg,7,car,car,False,2,14,0.05325229838490486,292.1747,252.6657,301.5984,259.3821,0.0,False,True,0.0,test
coco:165:18:493,coco,165,2008_000659.jpg,18,sofa,sofa,True,0,0,0.409574955701828,284.7432,259.4141,303.0028,275.3291,0.0,False,True,9.974910394265233,test
coco:165:18:493,coco,165,2008_000659.jpg,18,sofa,sofa,True,0,1,0.40697067975997925,244.357,263.9432,269.2147,281.7943,0.0,False,True,9.974910394265233,test
coco:165:18:493,coco,165,2008_000659.jpg,18,sofa,sofa,True,0,2,0.1671338975429535,119.8403,270.9746,139.0719,276.6526,0.0,False,True,0.0,test
coco:165:18:493,coco,165,2008_000659.jpg,18,sofa,sofa,True,0,3,0.1043614000082016,200.3,265.5292,204.5385,269.1592,0.0,False,True,0.0,test
coco:165:18:493,coco,165,2008_000659.jpg,18,sofa,sofa,True,0,4,0.10382819175720215,119.9721,271.5486,126.4806,275.5988,0.0,False,True,0.0,test
coco:165:18:493,coco,165,2008_000659.jpg,18,sofa,sofa,True,0,5,0.0831671729683876,232.1263,270.4173,240.7796,278.7751,0.0,False,True,0.0,test
coco:165:18:493,coco,165,2008_000659.jpg,18,sofa,sofa,True,0,6,0.08174116909503937,237.2034,254.7265,240.9438,258.6002,0.0,False,True,0.0,test
coco:165:18:493,coco,165,2008_000659.jpg,18,sofa,sofa,True,0,7,0.07710456103086472,290.7019,252.0779,302.4925,264.3036,0.0,False,True,0.0,test
coco:165:18:493,coco,165,2008_000659.jpg,18,sofa,sofa,True,0,8,0.07374340295791626,1.4149,264.5701,498.8468,374.4779,0.0,False,True,0.0,test
coco:165:18:493,coco,165,2008_000659.jpg,18,sofa,sofa,True,0,9,0.05828903988003731,310.9936,241.425,497.2787,259.723,0.0,False,True,0.0,test
coco:165:18:493,coco,165,2008_000659.jpg,18,sofa,sofa,True,0,10,0.054181791841983795,168.3485,272.4956,173.0053,276.3562,0.0,False,True,0.0,test
coco:165:2:494,coco,165,2008_000659.jpg,2,bicycle,bicycle,True,0,0,0.08524677157402039,284.6689,259.3319,303.0423,275.4969,0.0,False,True,0.0,test
coco:165:2:494,coco,165,2008_000659.jpg,2,bicycle,bicycle,True,0,1,0.08418900519609451,282.7558,252.3566,303.4038,275.5875,0.0,False,True,0.0,test
coco:165:2:494,coco,165,2008_000659.jpg,2,bicycle,bicycle,True,0,2,0.05643463134765625,244.3907,263.933,269.5303,281.7966,0.0,False,True,0.0,test
coco:166:11:496,coco,166,2008_000660.jpg,11,diningtable,diningtable,True,0,0,0.2326173037290573,0.9706,0.6667,318.2759,212.0533,0.0,False,True,9.974910394265233,test
coco:166:11:496,coco,166,2008_000660.jpg,11,diningtable,diningtable,True,0,1,0.19629742205142975,132.9926,8.9406,301.4376,204.0929,0.0,False,True,0.0,test
coco:166:11:496,coco,166,2008_000660.jpg,11,diningtable,diningtable,True,0,2,0.1265346109867096,46.4822,82.0695,117.059,190.3635,0.0,False,True,0.0,test
coco:166:11:496,coco,166,2008_000660.jpg,11,diningtable,diningtable,True,0,3,0.06143380329012871,166.7849,9.7289,276.6591,202.3358,0.0,False,True,0.0,test
coco:166:11:496,coco,166,2008_000660.jpg,11,diningtable,diningtable,True,0,4,0.056003741919994354,0.9455,143.2486,305.0009,212.0979,0.0,False,True,0.0,test
coco:166:11:496,coco,166,2008_000660.jpg,11,diningtable,diningtable,True,0,5,0.05056367442011833,0.5794,0.6562,131.308,188.417,0.0,False,True,0.0,test
coco:166:4:497,coco,166,2008_000660.jpg,4,boat,boat,True,0,0,0.06482695043087006,133.2892,9.2657,301.47,203.9477,0.0,False,True,0.0,test
coco:166:4:497,coco,166,2008_000660.jpg,4,boat,boat,True,0,1,0.06028306856751442,0.1319,-0.1232,320.0627,212.8703,0.0,False,True,0.0,test
coco:167:1:499,coco,167,2008_000661.jpg,1,aeroplane,aeroplane,True,0,0,0.43583011627197266,192.7988,91.1109,449.9341,291.0979,0.0,False,True,9.974910394265233,test
coco:167:1:499,coco,167,2008_000661.jpg,1,aeroplane,aeroplane,True,0,1,0.24508033692836761,2.2995,1.6812,497.2201,369.8627,0.0,False,True,9.974910394265233,test
coco:167:1:499,coco,167,2008_000661.jpg,1,aeroplane,aeroplane,True,0,2,0.1688234508037567,4.2277,53.3183,452.7419,292.0247,0.0,False,True,0.0,test
coco:167:1:499,coco,167,2008_000661.jpg,1,aeroplane,aeroplane,True,0,3,0.12222296744585037,152.147,65.0591,466.5857,310.3513,0.0,False,True,0.0,test
coco:167:1:499,coco,167,2008_000661.jpg,1,aeroplane,aeroplane,True,0,4,0.12116142362356186,1.4465,54.237,228.5652,255.3213,0.0,False,True,0.0,test
coco:167:1:499,coco,167,2008_000661.jpg,1,aeroplane,aeroplane,True,0,5,0.11000380665063858,225.2977,0.3273,496.5164,114.5259,0.0,False,True,0.0,test
coco:167:1:499,coco,167,2008_000661.jpg,1,aeroplane,aeroplane,True,0,6,0.07893287390470505,200.5084,115.2186,221.7868,155.5726,0.0,False,True,0.0,test
coco:167:1:499,coco,167,2008_000661.jpg,1,aeroplane,aeroplane,True,0,7,0.06398693472146988,212.3339,89.0214,220.5423,99.8626,0.0,False,True,0.0,test
coco:167:1:499,coco,167,2008_000661.jpg,1,aeroplane,aeroplane,True,0,8,0.06397506594657898,3.2905,2.1161,495.1408,256.4751,0.0,False,True,0.0,test
coco:167:1:499,coco,167,2008_000661.jpg,1,aeroplane,aeroplane,True,0,9,0.06350816786289215,350.8398,8.4329,367.1885,76.8566,0.0,False,True,0.0,test
coco:167:1:499,coco,167,2008_000661.jpg,1,aeroplane,aeroplane,True,0,10,0.06116138771176338,77.9959,23.793,485.7921,330.3521,0.0,False,True,0.0,test
coco:167:1:499,coco,167,2008_000661.jpg,1,aeroplane,aeroplane,True,0,11,0.05814945697784424,227.3381,192.21,258.8666,212.5228,0.0,False,True,0.0,test
coco:167:1:499,coco,167,2008_000661.jpg,1,aeroplane,aeroplane,True,0,12,0.054647043347358704,191.3773,6.0259,452.9315,290.7196,0.0,False,True,0.0,test
coco:167:1:499,coco,167,2008_000661.jpg,1,aeroplane,aeroplane,True,0,13,0.05122874677181244,221.8739,181.5686,261.8527,214.7288,0.0,False,True,0.0,test
coco:168:16:502,coco,168,2008_000662.jpg,16,pottedplant,pottedplant,True,0,0,0.18801046907901764,91.7922,40.3311,430.2229,296.629,0.0,False,True,0.0,test
coco:168:16:502,coco,168,2008_000662.jpg,16,pottedplant,pottedplant,True,0,1,0.1825895607471466,1.3217,0.1483,450.2828,331.0232,0.0,False,True,0.0,test
coco:168:16:502,coco,168,2008_000662.jpg,16,pottedplant,pottedplant,True,0,2,0.08281039446592331,430.5546,213.8125,447.631,228.3031,0.0,False,True,0.0,test
coco:168:16:502,coco,168,2008_000662.jpg,16,pottedplant,pottedplant,True,0,3,0.07003595679998398,206.0864,94.5242,324.0547,153.73,0.0,False,True,0.0,test
coco:168:16:502,coco,168,2008_000662.jpg,16,pottedplant,pottedplant,True,0,4,0.06881076097488403,236.6137,201.8629,268.7349,295.2917,0.0,False,True,0.0,test
coco:168:16:502,coco,168,2008_000662.jpg,16,pottedplant,pottedplant,True,0,5,0.06417203694581985,430.3981,213.3959,473.5344,230.1326,0.0,False,True,0.0,test
coco:168:16:502,coco,168,2008_000662.jpg,16,pottedplant,pottedplant,True,0,6,0.05919009819626808,219.0906,159.5381,288.1536,215.2137,0.0,False,True,0.0,test
coco:168:16:502,coco,168,2008_000662.jpg,16,pottedplant,pottedplant,True,0,7,0.054465681314468384,386.1253,184.9644,421.7061,209.1603,0.0,False,True,0.0,test
coco:168:16:502,coco,168,2008_000662.jpg,16,pottedplant,pottedplant,True,0,8,0.05237273871898651,191.8284,55.9096,303.2784,121.3202,0.0,False,True,0.0,test
coco:168:16:502,coco,168,2008_000662.jpg,16,pottedplant,pottedplant,True,0,9,0.051192302256822586,178.2888,259.6332,231.3063,307.7188,0.0,False,True,0.0,test
coco:168:16:502,coco,168,2008_000662.jpg,16,pottedplant,pottedplant,True,0,10,0.05108035355806351,133.8466,124.1988,427.6691,297.2443,0.0,False,True,0.0,test
coco:168:3:503,coco,168,2008_000662.jpg,3,bird,bird,True,0,0,0.05930154025554657,92.2865,40.4658,429.4786,294.3052,0.0,False,True,0.0,test
coco:169:15:504,coco,169,2008_000666.jpg,15,person,person,False,1,0,0.9004154801368713,164.15,83.2708,227.5685,202.7851,0.9617958664894104,True,False,9.974910394265233,test
coco:170:8:507,coco,170,2008_000670.jpg,8,cat,cat,False,1,0,0.9450746178627014,63.6431,74.8471,272.243,168.0464,0.9653642177581787,True,False,9.974910394265233,test
coco:170:4:509,coco,170,2008_000670.jpg,4,boat,boat,True,0,0,0.24855025112628937,0.3757,0.0438,383.5966,255.9872,0.0,False,True,9.974910394265233,test
coco:170:4:509,coco,170,2008_000670.jpg,4,boat,boat,True,0,1,0.09485842287540436,0.1944,37.6082,87.9455,150.5542,0.0,False,True,0.0,test
coco:170:4:509,coco,170,2008_000670.jpg,4,boat,boat,True,0,2,0.07534786313772202,0.4409,93.295,383.5409,255.5302,0.0,False,True,0.0,test
coco:170:4:509,coco,170,2008_000670.jpg,4,boat,boat,True,0,3,0.06744899600744247,303.103,0.206,383.4507,97.1007,0.0,False,True,0.0,test
coco:170:4:509,coco,170,2008_000670.jpg,4,boat,boat,True,0,4,0.06574608385562897,293.235,185.8949,383.4883,255.6404,0.0,False,True,0.0,test
coco:170:4:509,coco,170,2008_000670.jpg,4,boat,boat,True,0,5,0.0520637147128582,100.603,0.0655,312.8493,116.9597,0.0,False,True,0.0,test
coco:170:4:509,coco,170,2008_000670.jpg,4,boat,boat,True,0,6,0.051371607929468155,0.2221,0.1554,132.5461,151.1936,0.0,False,True,0.0,test
coco:171:12:511,coco,171,2008_000673.jpg,12,dog,dog,True,0,0,0.0995686873793602,104.7826,20.3918,270.745,206.63,0.0,False,True,0.0,test
coco:171:12:511,coco,171,2008_000673.jpg,12,dog,dog,True,0,1,0.09328733384609222,95.4897,0.0184,161.26,7.1527,0.0,False,True,0.0,test
coco:171:12:511,coco,171,2008_000673.jpg,12,dog,dog,True,0,2,0.08674577623605728,95.0852,0.0223,121.4837,7.0273,0.0,False,True,0.0,test
coco:171:12:511,coco,171,2008_000673.jpg,12,dog,dog,True,0,3,0.08415582776069641,21.2822,17.3128,106.1398,106.819,0.0,False,True,0.0,test
coco:171:12:511,coco,171,2008_000673.jpg,12,dog,dog,True,0,4,0.08245798945426941,106.6246,83.3814,226.3565,207.0634,0.0,False,True,0.0,test
coco:171:12:511,coco,171,2008_000673.jpg,12,dog,dog,True,0,5,0.079434335231781,137.2852,0.0139,180.1645,6.6845,0.0,False,True,0.0,test
coco:171:12:511,coco,171,2008_000673.jpg,12,dog,dog,True,0,6,0.07215356081724167,69.0214,0.0246,120.6937,7.4951,0.0,False,True,0.0,test
coco:171:12:511,coco,171,2008_000673.jpg,12,dog,dog,True,0,7,0.0713614672422409,72.0337,21.2873,318.8495,212.4456,0.0,False,True,0.0,test
coco:171:12:511,coco,171,2008_000673.jpg,12,dog,dog,True,0,8,0.07036154717206955,137.1641,0.0184,161.8537,6.71,0.0,False,True,0.0,test
coco:171:12:511,coco,171,2008_000673.jpg,12,dog,dog,True,0,9,0.06695578992366791,26.694,0.0251,164.3365,8.1829,0.0,False,True,0.0,test
coco:171:12:511,coco,171,2008_000673.jpg,12,dog,dog,True,0,10,0.06656397134065628,31.1659,0.0266,65.1782,8.3838,0.0,False,True,0.0,test
coco:171:12:511,coco,171,2008_000673.jpg,12,dog,dog,True,0,11,0.06488953530788422,95.3592,0.0536,139.2495,6.9198,0.0,False,True,0.0,test
coco:171:12:511,coco,171,2008_000673.jpg,12,dog,dog,True,0,12,0.06451591849327087,17.5015,0.0145,65.4926,8.5555,0.0,False,True,0.0,test
coco:171:12:511,coco,171,2008_000673.jpg,12,dog,dog,True,0,13,0.0642676129937172,69.0657,0.059,162.3163,7.484,0.0,False,True,0.0,test
coco:171:12:511,coco,171,2008_000673.jpg,12,dog,dog,True,0,14,0.05995041877031326,52.8899,17.6166,105.5085,53.7748,0.0,False,True,0.0,test
coco:171:12:511,coco,171,2008_000673.jpg,12,dog,dog,True,0,15,0.05877932533621788,29.7356,0.0115,82.7615,8.4053,0.0,False,True,0.0,test
coco:171:12:511,coco,171,2008_000673.jpg,12,dog,dog,True,0,16,0.05281917750835419,19.813,-0.0154,119.6728,8.2977,0.0,False,True,0.0,test
coco:171:12:511,coco,171,2008_000673.jpg,12,dog,dog,True,0,17,0.052049800753593445,108.7869,0.0137,179.5901,6.9914,0.0,False,True,0.0,test
coco:171:12:511,coco,171,2008_000673.jpg,12,dog,dog,True,0,18,0.05097852647304535,95.1709,0.0155,209.1704,6.9384,0.0,False,True,0.0,test
coco:171:6:512,coco,171,2008_000673.jpg,6,bus,bus,True,0,0,0.08514733612537384,70.3787,22.3714,318.8348,212.7777,0.0,False,True,0.0,test
coco:172:5:513,coco,172,2008_000677.jpg,5,bottle,bottle,False,1,0,0.647357702255249,242.4002,140.2194,260.701,200.0245,0.8363118767738342,True,False,9.974910394265233,test
coco:172:5:513,coco,172,2008_000677.jpg,5,bottle,bottle,False,1,1,0.3725135028362274,124.3918,228.4907,139.59,248.8828,0.0,False,True,9.974910394265233,test
coco:172:5:513,coco,172,2008_000677.jpg,5,bottle,bottle,False,1,2,0.23888009786605835,335.8584,135.534,348.5702,150.9764,0.0,False,True,9.974910394265233,test
coco:172:5:513,coco,172,2008_000677.jpg,5,bottle,bottle,False,1,3,0.23502841591835022,292.3214,184.9004,303.7256,200.1789,0.0,False,True,9.974910394265233,test
coco:172:5:513,coco,172,2008_000677.jpg,5,bottle,bottle,False,1,4,0.23395399749279022,219.0711,189.5101,230.202,205.102,0.0,False,True,9.974910394265233,test
coco:172:5:513,coco,172,2008_000677.jpg,5,bottle,bottle,False,1,5,0.21300199627876282,170.0435,203.858,184.3665,236.2064,0.0,False,True,9.974910394265233,test
coco:172:5:513,coco,172,2008_000677.jpg,5,bottle,bottle,False,1,6,0.17742475867271423,309.3543,132.0602,320.4419,147.4032,0.0,False,True,0.0,test
coco:172:5:513,coco,172,2008_000677.jpg,5,bottle,bottle,False,1,7,0.17386499047279358,260.2555,180.4272,270.3922,194.1922,0.02003611996769905,False,True,0.0,test
coco:172:5:513,coco,172,2008_000677.jpg,5,bottle,bottle,False,1,8,0.16798661649227142,307.9849,125.3142,322.5544,157.2118,0.0,False,True,0.0,test
coco:172:5:513,coco,172,2008_000677.jpg,5,bottle,bottle,False,1,9,0.15223054587841034,335.6814,135.2595,357.7464,151.3733,0.0,False,True,0.0,test
coco:172:5:513,coco,172,2008_000677.jpg,5,bottle,bottle,False,1,10,0.14953278005123138,308.8098,125.439,322.0258,147.9915,0.0,False,True,0.0,test
coco:172:5:513,coco,172,2008_000677.jpg,5,bottle,bottle,False,1,11,0.14210470020771027,218.7506,181.9953,230.4503,205.1627,0.0,False,True,0.0,test
coco:172:5:513,coco,172,2008_000677.jpg,5,bottle,bottle,False,1,12,0.13736630976200104,292.1315,175.8655,304.027,200.3538,0.0,False,True,0.0,test
coco:172:5:513,coco,172,2008_000677.jpg,5,bottle,bottle,False,1,13,0.1308777779340744,290.1862,100.1747,296.5865,108.1385,0.0,False,True,0.0,test
coco:172:5:513,coco,172,2008_000677.jpg,5,bottle,bottle,False,1,14,0.11637791991233826,134.2637,259.8323,145.0747,276.6791,0.0,False,True,0.0,test
coco:172:5:513,coco,172,2008_000677.jpg,5,bottle,bottle,False,1,15,0.11446131765842438,309.2834,131.8796,317.1608,146.5229,0.0,False,True,0.0,test
coco:172:5:513,coco,172,2008_000677.jpg,5,bottle,bottle,False,1,16,0.10249200463294983,303.7182,124.4995,322.2272,147.9209,0.0,False,True,0.0,test
coco:172:5:513,coco,172,2008_000677.jpg,5,bottle,bottle,False,1,17,0.0878148227930069,170.614,203.5457,180.1276,216.4938,0.0,False,True,0.0,test
coco:172:5:513,coco,172,2008_000677.jpg,5,bottle,bottle,False,1,18,0.0835367888212204,438.3163,100.7259,449.9344,119.8114,0.0,False,True,0.0,test
coco:172:5:513,coco,172,2008_000677.jpg,5,bottle,bottle,False,1,19,0.07252954691648483,134.0238,259.5616,146.5571,283.1811,0.0,False,True,0.0,test
coco:172:5:513,coco,172,2008_000677.jpg,5,bottle,bottle,False,1,20,0.0695248693227768,172.0147,221.9035,185.0867,236.3121,0.0,False,True,0.0,test
coco:172:5:513,coco,172,2008_000677.jpg,5,bottle,bottle,False,1,21,0.06717979907989502,309.0262,131.9274,318.6085,157.0676,0.0,False,True,0.0,test
coco:172:5:513,coco,172,2008_000677.jpg,5,bottle,bottle,False,1,22,0.06467696279287338,171.1143,204.2123,180.8983,234.1463,0.0,False,True,0.0,test
coco:172:5:513,coco,172,2008_000677.jpg,5,bottle,bottle,False,1,23,0.06380882114171982,171.5691,226.7991,183.5699,236.334,0.0,False,True,0.0,test
coco:172:5:513,coco,172,2008_000677.jpg,5,bottle,bottle,False,1,24,0.06194280460476875,426.9542,0.0278,438.6423,7.552,0.0,False,True,0.0,test
coco:172:5:513,coco,172,2008_000677.jpg,5,bottle,bottle,False,1,25,0.06140698119997978,289.3884,100.1783,297.1872,136.0516,0.0,False,True,0.0,test
coco:172:5:513,coco,172,2008_000677.jpg,5,bottle,bottle,False,1,26,0.059076521545648575,89.0039,191.9733,142.8447,216.0997,0.0,False,True,0.0,test
coco:172:5:513,coco,172,2008_000677.jpg,5,bottle,bottle,False,1,27,0.056693609803915024,213.1315,179.2414,231.2181,205.1564,0.0,False,True,0.0,test
coco:172:5:513,coco,172,2008_000677.jpg,5,bottle,bottle,False,1,28,0.055070098489522934,320.9663,97.7718,326.5521,109.0277,0.0,False,True,0.0,test
coco:172:5:513,coco,172,2008_000677.jpg,5,bottle,bottle,False,1,29,0.05209852755069733,104.497,270.4988,133.7334,311.5852,0.0,False,True,0.0,test
coco:172:7:514,coco,172,2008_000677.jpg,7,car,car,True,0,0,0.124740369617939,292.4649,185.2506,303.8511,200.1209,0.0,False,True,0.0,test
coco:172:7:514,coco,172,2008_000677.jpg,7,car,car,True,0,1,0.10828372091054916,404.8521,58.0768,473.5912,122.7301,0.0,False,True,0.0,test
coco:172:7:514,coco,172,2008_000677.jpg,7,car,car,True,0,2,0.10780179500579834,260.2502,180.3959,270.7853,194.1904,0.0,False,True,0.0,test
coco:172:7:514,coco,172,2008_000677.jpg,7,car,car,True,0,3,0.10698416829109192,219.1138,189.8172,230.3603,205.1926,0.0,False,True,0.0,test
coco:172:7:514,coco,172,2008_000677.jpg,7,car,car,True,0,4,0.07696394622325897,423.9213,58.5505,473.5666,113.0451,0.0,False,True,0.0,test
coco:172:7:514,coco,172,2008_000677.jpg,7,car,car,True,0,5,0.07654367387294769,335.9774,135.6555,349.1964,150.8172,0.0,False,True,0.0,test
coco:172:7:514,coco,172,2008_000677.jpg,7,car,car,True,0,6,0.0662217065691948,124.7552,228.4325,139.3118,245.8492,0.0,False,True,0.0,test
coco:172:7:514,coco,172,2008_000677.jpg,7,car,car,True,0,7,0.06414882838726044,309.575,132.5863,318.4401,146.2309,0.0,False,True,0.0,test
coco:172:7:514,coco,172,2008_000677.jpg,7,car,car,True,0,8,0.06220150366425514,308.6822,126.3035,322.1402,147.4886,0.0,False,True,0.0,test
coco:172:7:514,coco,172,2008_000677.jpg,7,car,car,True,0,9,0.05194143205881119,218.9261,96.014,241.5803,119.6952,0.0,False,True,0.0,test
coco:172:2:515,coco,172,2008_000677.jpg,2,bicycle,bicycle,True,0,0,0.0574958510696888,195.271,183.625,331.3241,303.2392,0.0,False,True,0.0,test
coco:174:15:519,coco,174,2008_000691.jpg,15,person,person,False,2,0,0.5450741648674011,0.1088,-0.0746,374.7,499.9048,0.7084854245185852,True,False,9.974910394265233,test
coco:174:15:519,coco,174,2008_000691.jpg,15,person,person,False,2,1,0.33631473779678345,172.8194,216.6985,374.7077,499.8625,0.7318816781044006,True,False,9.974910394265233,test
coco:174:15:519,coco,174,2008_000691.jpg,15,person,person,False,2,2,0.13133318722248077,131.6608,35.8269,374.5363,499.5409,0.37065809965133667,False,True,0.0,test
coco:174:15:519,coco,174,2008_000691.jpg,15,person,person,False,2,3,0.1196492537856102,331.3041,451.9885,374.3973,499.8209,0.049056414514780045,False,True,0.0,test
coco:174:15:519,coco,174,2008_000691.jpg,15,person,person,False,2,4,0.09571163356304169,139.9542,217.0427,374.4284,338.1349,0.33913251757621765,False,True,0.0,test
coco:174:15:519,coco,174,2008_000691.jpg,15,person,person,False,2,5,0.08336664736270905,0.1175,0.3106,205.2785,500.1521,0.7644340991973877,True,False,0.0,test
coco:174:15:519,coco,174,2008_000691.jpg,15,person,person,False,2,6,0.07909049093723297,0.0161,216.3266,374.9079,499.9844,0.4611419141292572,False,True,0.0,test
coco:174:15:519,coco,174,2008_000691.jpg,15,person,person,False,2,7,0.061501920223236084,333.0969,247.1631,374.5652,332.048,0.08377436548471451,False,True,0.0,test
coco:174:15:519,coco,174,2008_000691.jpg,15,person,person,False,2,8,0.060061801224946976,225.7825,217.2932,374.2726,330.0372,0.394142210483551,False,True,0.0,test
coco:174:15:519,coco,174,2008_000691.jpg,15,person,person,False,2,9,0.05979100987315178,177.5899,216.1094,374.2884,383.1412,0.4860338866710663,False,True,0.0,test
coco:174:15:519,coco,174,2008_000691.jpg,15,person,person,False,2,10,0.05756634101271629,261.1448,161.9645,281.5321,191.1777,0.0012845570454373956,False,True,0.0,test
coco:174:17:521,coco,174,2008_000691.jpg,17,sheep,sheep,True,0,0,0.07442391663789749,228.6118,216.9293,374.2774,331.9379,0.0,False,True,0.0,test
coco:174:17:521,coco,174,2008_000691.jpg,17,sheep,sheep,True,0,1,0.06764139235019684,177.7235,216.9535,374.3217,499.6086,0.0,False,True,0.0,test
coco:174:17:521,coco,174,2008_000691.jpg,17,sheep,sheep,True,0,2,0.0629149004817009,289.8981,140.8729,342.0027,192.5486,0.0,False,True,0.0,test
coco:174:17:521,coco,174,2008_000691.jpg,17,sheep,sheep,True,0,3,0.05733749270439148,0.4733,217.1488,374.6234,499.718,0.0,False,True,0.0,test
coco:174:17:521,coco,174,2008_000691.jpg,17,sheep,sheep,True,0,4,0.05095658823847771,308.7307,56.123,340.6949,143.6585,0.0,False,True,0.0,test
coco:175:15:522,coco,175,2008_000695.jpg,15,person,person,False,1,0,0.8361963629722595,456.4818,239.6566,499.8929,365.6936,0.9318904876708984,True,False,9.974910394265233,test
coco:175:15:522,coco,175,2008_000695.jpg,15,person,person,False,1,1,0.0596054382622242,186.0506,245.2021,199.9893,253.4449,0.0,False,True,0.0,test
coco:176:3:525,coco,176,2008_000697.jpg,3,bird,bird,False,1,0,0.5181290507316589,365.1312,142.1436,419.7391,205.9583,0.7793359160423279,True,False,9.974910394265233,test
coco:176:3:525,coco,176,2008_000697.jpg,3,bird,bird,False,1,1,0.21006935834884644,57.1078,80.3581,98.6464,116.0184,0.0,False,True,9.974910394265233,test
coco:176:3:525,coco,176,2008_000697.jpg,3,bird,bird,False,1,2,0.13744844496250153,351.0877,160.3234,371.4066,182.8104,0.03587695211172104,False,True,0.0,test
coco:176:3:525,coco,176,2008_000697.jpg,3,bird,bird,False,1,3,0.1256401687860489,56.7758,80.1091,106.8934,126.4801,0.0,False,True,0.0,test
coco:176:3:525,coco,176,2008_000697.jpg,3,bird,bird,False,1,4,0.09664991497993469,388.7803,143.5315,419.493,210.4449,0.41773974895477295,False,True,0.0,test
coco:176:3:525,coco,176,2008_000697.jpg,3,bird,bird,False,1,5,0.07959088683128357,74.726,81.5186,141.5,96.188,0.0,False,True,0.0,test
coco:176:3:525,coco,176,2008_000697.jpg,3,bird,bird,False,1,6,0.07838034629821777,281.1158,83.8795,305.7591,100.0668,0.0,False,True,0.0,test
coco:176:3:525,coco,176,2008_000697.jpg,3,bird,bird,False,1,7,0.07307124137878418,365.1656,141.9886,481.7542,208.1288,0.5363474488258362,True,False,0.0,test
coco:176:3:525,coco,176,2008_000697.jpg,3,bird,bird,False,1,8,0.07291574031114578,391.9115,144.317,435.6867,205.4957,0.5291414260864258,True,False,0.0,test
coco:176:3:525,coco,176,2008_000697.jpg,3,bird,bird,False,1,9,0.0699724480509758,266.0927,127.9638,281.0883,150.5182,0.0,False,True,0.0,test
coco:176:3:525,coco,176,2008_000697.jpg,3,bird,bird,False,1,10,0.06541623175144196,56.9132,79.9735,141.2383,116.5522,0.0,False,True,0.0,test
coco:176:3:525,coco,176,2008_000697.jpg,3,bird,bird,False,1,11,0.05561170354485512,374.542,203.7528,401.2119,227.6475,0.006711556576192379,False,True,0.0,test
coco:176:3:525,coco,176,2008_000697.jpg,3,bird,bird,False,1,12,0.05551326274871826,281.5741,83.888,330.0136,100.5876,0.0,False,True,0.0,test
coco:176:3:525,coco,176,2008_000697.jpg,3,bird,bird,False,1,13,0.05077758803963661,341.16,155.1696,371.7079,183.3017,0.04341525956988335,False,True,0.0,test
coco:176:8:526,coco,176,2008_000697.jpg,8,cat,cat,True,0,0,0.20159971714019775,364.8434,141.9544,434.221,204.625,0.0,False,True,9.974910394265233,test
coco:176:8:526,coco,176,2008_000697.jpg,8,cat,cat,True,0,1,0.07675410807132721,56.9102,80.533,98.6437,115.881,0.0,False,True,0.0,test
coco:176:8:526,coco,176,2008_000697.jpg,8,cat,cat,True,0,2,0.06741316616535187,32.6885,122.3857,130.2057,219.7424,0.0,False,True,0.0,test
coco:176:8:526,coco,176,2008_000697.jpg,8,cat,cat,True,0,3,0.06642196327447891,351.1674,160.1382,371.274,182.5202,0.0,False,True,0.0,test
coco:177:15:528,coco,177,2008_000699.jpg,15,person,person,False,2,0,0.833192765712738,193.6682,163.0962,265.1526,283.893,0.7034125328063965,True,False,9.974910394265233,test
coco:177:15:528,coco,177,2008_000699.jpg,15,person,person,False,2,1,0.7572237253189087,197.1848,53.3811,222.0977,119.0761,0.32589641213417053,False,True,9.974910394265233,test
coco:177:14:530,coco,177,2008_000699.jpg,14,motorbike,motorbike,True,0,0,0.21992656588554382,180.3419,114.4753,236.0859,121.7828,0.0,False,True,9.974910394265233,test
coco:177:14:530,coco,177,2008_000699.jpg,14,motorbike,motorbike,True,0,1,0.1846468448638916,193.2396,162.889,266.2121,284.1271,0.0,False,True,0.0,test
coco:177:14:530,coco,177,2008_000699.jpg,14,motorbike,motorbike,True,0,2,0.17658832669258118,179.4017,52.6432,236.3269,121.8448,0.0,False,True,0.0,test
coco:177:14:530,coco,177,2008_000699.jpg,14,motorbike,motorbike,True,0,3,0.13600772619247437,180.2659,104.97,236.134,121.9135,0.0,False,True,0.0,test
coco:177:14:530,coco,177,2008_000699.jpg,14,motorbike,motorbike,True,0,4,0.09705361723899841,196.713,53.0842,222.0954,119.2902,0.0,False,True,0.0,test
coco:177:14:530,coco,177,2008_000699.jpg,14,motorbike,motorbike,True,0,5,0.09380222111940384,178.7436,84.9198,235.9878,121.9032,0.0,False,True,0.0,test
coco:177:14:530,coco,177,2008_000699.jpg,14,motorbike,motorbike,True,0,6,0.06765170395374298,176.9342,161.0934,280.0829,285.8993,0.0,False,True,0.0,test
coco:178:15:531,coco,178,2008_000700.jpg,15,person,person,False,1,0,0.9017938375473022,24.2979,69.3863,380.1938,299.3957,0.987817108631134,True,False,9.974910394265233,test
coco:178:15:531,coco,178,2008_000700.jpg,15,person,person,False,1,1,0.14668627083301544,258.3549,0.0824,294.1272,16.962,0.0,False,True,0.0,test
coco:178:15:531,coco,178,2008_000700.jpg,15,person,person,False,1,2,0.1030425876379013,268.8762,0.1694,291.8022,16.8182,0.0,False,True,0.0,test
coco:178:15:531,coco,178,2008_000700.jpg,15,person,person,False,1,3,0.06573764979839325,215.6379,-0.056,294.3047,17.1656,0.0,False,True,0.0,test
coco:178:15:531,coco,178,2008_000700.jpg,15,person,person,False,1,4,0.06478481739759445,103.7569,200.6478,131.7805,214.2148,0.004617397207766771,False,True,0.0,test
coco:178:3:533,coco,178,2008_000700.jpg,3,bird,bird,True,0,0,0.11461064219474792,192.9193,241.8566,219.3814,260.2208,0.0,False,True,0.0,test
coco:178:3:533,coco,178,2008_000700.jpg,3,bird,bird,True,0,1,0.055861327797174454,6.582,127.8241,23.8174,138.8965,0.0,False,True,0.0,test
coco:178:3:533,coco,178,2008_000700.jpg,3,bird,bird,True,0,2,0.05347941815853119,103.6333,200.4189,131.8918,214.575,0.0,False,True,0.0,test
coco:179:5:534,coco,179,2008_000705.jpg,5,bottle,bottle,False,2,0,0.6579421162605286,456.855,236.3689,473.409,281.2212,0.7004563808441162,True,False,9.974910394265233,test
coco:179:5:534,coco,179,2008_000705.jpg,5,bottle,bottle,False,2,1,0.6565350890159607,476.8109,236.3158,492.8491,281.0504,0.5929456353187561,True,False,9.974910394265233,test
coco:179:5:534,coco,179,2008_000705.jpg,5,bottle,bottle,False,2,2,0.24420824646949768,324.0947,72.5783,363.6173,103.1775,0.0,False,True,9.974910394265233,test
coco:179:5:534,coco,179,2008_000705.jpg,5,bottle,bottle,False,2,3,0.16291655600070953,185.1947,8.1035,239.2359,33.8949,0.0,False,True,0.0,test
coco:179:5:534,coco,179,2008_000705.jpg,5,bottle,bottle,False,2,4,0.1516624391078949,436.5312,247.8005,443.1133,279.5403,0.0,False,True,0.0,test
coco:179:5:534,coco,179,2008_000705.jpg,5,bottle,bottle,False,2,5,0.130202978849411,423.8998,253.4339,432.8805,269.39,0.0,False,True,0.0,test
coco:179:5:534,coco,179,2008_000705.jpg,5,bottle,bottle,False,2,6,0.12006919085979462,339.4166,72.6919,363.7193,91.2123,0.0,False,True,0.0,test
coco:179:5:534,coco,179,2008_000705.jpg,5,bottle,bottle,False,2,7,0.11921930313110352,329.1295,79.9755,352.1031,98.6352,0.0,False,True,0.0,test
coco:179:5:534,coco,179,2008_000705.jpg,5,bottle,bottle,False,2,8,0.11529786884784698,372.8279,209.5778,382.9307,250.16,0.0,False,True,0.0,test
coco:179:5:534,coco,179,2008_000705.jpg,5,bottle,bottle,False,2,9,0.11096541583538055,431.7391,225.9336,442.7857,248.3754,0.0,False,True,0.0,test
coco:179:5:534,coco,179,2008_000705.jpg,5,bottle,bottle,False,2,10,0.10988497734069824,323.0076,86.5874,343.0949,104.3642,0.0,False,True,0.0,test
coco:179:5:534,coco,179,2008_000705.jpg,5,bottle,bottle,False,2,11,0.09140809625387192,169.6922,72.3107,365.6293,308.8577,0.0,False,True,0.0,test
coco:179:5:534,coco,179,2008_000705.jpg,5,bottle,bottle,False,2,12,0.08635345101356506,329.1486,86.6582,343.0778,98.7569,0.0,False,True,0.0,test
coco:179:5:534,coco,179,2008_000705.jpg,5,bottle,bottle,False,2,13,0.08592112362384796,456.6794,236.6252,466.5622,277.9934,0.3856901526451111,False,True,0.0,test
coco:179:5:534,coco,179,2008_000705.jpg,5,bottle,bottle,False,2,14,0.07856705039739609,432.0671,226.4243,443.6266,279.2121,0.0,False,True,0.0,test
coco:179:5:534,coco,179,2008_000705.jpg,5,bottle,bottle,False,2,15,0.07826739549636841,129.9694,140.7129,142.4989,159.6123,0.0,False,True,0.0,test
coco:179:5:534,coco,179,2008_000705.jpg,5,bottle,bottle,False,2,16,0.07653266936540604,121.8399,140.7128,142.7929,174.8345,0.0,False,True,0.0,test
coco:179:5:534,coco,179,2008_000705.jpg,5,bottle,bottle,False,2,17,0.07254741340875626,195.3042,180.9819,210.6481,211.5122,0.0,False,True,0.0,test
coco:179:5:534,coco,179,2008_000705.jpg,5,bottle,bottle,False,2,18,0.06792578846216202,456.1937,258.0348,464.4598,280.2469,0.17321522533893585,False,True,0.0,test
coco:179:5:534,coco,179,2008_000705.jpg,5,bottle,bottle,False,2,19,0.06736978143453598,339.4867,79.66,352.238,91.3149,0.0,False,True,0.0,test
coco:179:5:534,coco,179,2008_000705.jpg,5,bottle,bottle,False,2,20,0.06587547808885574,164.7916,190.8493,210.4208,210.6885,0.0,False,True,0.0,test
coco:179:5:534,coco,179,2008_000705.jpg,5,bottle,bottle,False,2,21,0.06557996571063995,152.0392,151.9046,175.8094,174.81,0.0,False,True,0.0,test
coco:179:5:534,coco,179,2008_000705.jpg,5,bottle,bottle,False,2,22,0.0652683824300766,456.6832,257.9189,472.846,281.1746,0.3546024560928345,False,True,0.0,test
coco:179:5:534,coco,179,2008_000705.jpg,5,bottle,bottle,False,2,23,0.0623246505856514,365.8194,247.2996,443.0851,280.5951,0.0,False,True,0.0,test
coco:179:5:534,coco,179,2008_000705.jpg,5,bottle,bottle,False,2,24,0.06159926950931549,350.9725,72.7346,363.6308,85.8469,0.0,False,True,0.0,test
coco:179:5:534,coco,179,2008_000705.jpg,5,bottle,bottle,False,2,25,0.06140339747071266,166.7404,152.8875,175.7143,174.5523,0.0,False,True,0.0,test
coco:179:5:534,coco,179,2008_000705.jpg,5,bottle,bottle,False,2,26,0.05662311241030693,465.3049,190.7066,471.864,207.2346,0.0,False,True,0.0,test
coco:179:5:534,coco,179,2008_000705.jpg,5,bottle,bottle,False,2,27,0.055907685309648514,107.8737,32.7239,142.6379,77.4885,0.0,False,True,0.0,test
coco:179:5:534,coco,179,2008_000705.jpg,5,bottle,bottle,False,2,28,0.055360954254865646,101.8948,118.4893,110.3785,140.3305,0.0,False,True,0.0,test
coco:179:5:534,coco,179,2008_000705.jpg,5,bottle,bottle,False,2,29,0.05483417212963104,472.5143,207.078,480.3383,218.5491,0.0,False,True,0.0,test
coco:179:5:534,coco,179,2008_000705.jpg,5,bottle,bottle,False,2,30,0.053919512778520584,373.0337,256.0629,380.9828,270.6703,0.0,False,True,0.0,test
coco:179:5:534,coco,179,2008_000705.jpg,5,bottle,bottle,False,2,31,0.053656645119190216,463.0521,259.9173,472.8368,281.1625,0.19610978662967682,False,True,0.0,test
coco:179:5:534,coco,179,2008_000705.jpg,5,bottle,bottle,False,2,32,0.05342589691281319,125.118,340.2407,143.2797,362.9131,0.0,False,True,0.0,test
coco:179:5:534,coco,179,2008_000705.jpg,5,bottle,bottle,False,2,33,0.05269373953342438,196.1422,190.4366,210.1259,211.1998,0.0,False,True,0.0,test
coco:179:5:534,coco,179,2008_000705.jpg,5,bottle,bottle,False,2,34,0.052535153925418854,135.9675,342.7011,143.284,362.7269,0.0,False,True,0.0,test
coco:179:5:534,coco,179,2008_000705.jpg,5,bottle,bottle,False,2,35,0.0520772747695446,140.8486,266.9781,149.7825,289.9608,0.0,False,True,0.0,test
coco:179:5:534,coco,179,2008_000705.jpg,5,bottle,bottle,False,2,36,0.05159742012619972,373.2044,209.1113,380.7041,225.6428,0.0,False,True,0.0,test
coco:180:15:537,coco,180,2008_000706.jpg,15,person,person,False,1,0,0.8058474063873291,110.676,86.0768,269.5977,359.6013,0.8518166542053223,True,False,9.974910394265233,test
coco:180:15:537,coco,180,2008_000706.jpg,15,person,person,False,1,1,0.3253742754459381,303.5182,175.7918,394.9402,311.4981,0.0,False,True,9.974910394265233,test
coco:180:15:537,coco,180,2008_000706.jpg,15,person,person,False,1,2,0.19833272695541382,40.1961,170.0077,78.6606,259.7166,0.0,False,True,0.0,test
coco:180:15:537,coco,180,2008_000706.jpg,15,person,person,False,1,3,0.1359044760465622,29.7747,95.2515,78.6977,260.5674,0.0,False,True,0.0,test
coco:180:15:537,coco,180,2008_000706.jpg,15,person,person,False,1,4,0.09443514049053192,29.8557,95.6982,59.8819,172.4032,0.0,False,True,0.0,test
coco:180:15:537,coco,180,2008_000706.jpg,15,person,person,False,1,5,0.0751103088259697,61.8456,225.8546,146.4659,359.7038,0.10861064493656158,False,True,0.0,test
coco:180:15:537,coco,180,2008_000706.jpg,15,person,person,False,1,6,0.07427003234624863,311.5414,210.186,371.2714,311.4292,0.0,False,True,0.0,test
coco:180:15:537,coco,180,2008_000706.jpg,15,person,person,False,1,7,0.07254805415868759,340.7266,211.3212,395.1457,309.4406,0.0,False,True,0.0,test
coco:180:15:537,coco,180,2008_000706.jpg,15,person,person,False,1,8,0.07253464311361313,62.8155,225.821,133.0709,315.431,0.04771949350833893,False,True,0.0,test
coco:180:15:537,coco,180,2008_000706.jpg,15,person,person,False,1,9,0.05568564683198929,41.368,171.1641,68.3528,203.9465,0.0,False,True,0.0,test
coco:180:15:537,coco,180,2008_000706.jpg,15,person,person,False,1,10,0.0541604720056057,29.4814,95.6269,67.2504,202.9245,0.0,False,True,0.0,test
coco:180:15:537,coco,180,2008_000706.jpg,15,person,person,False,1,11,0.053314369171857834,40.4379,170.7253,75.5729,219.6889,0.0,False,True,0.0,test
coco:180:15:537,coco,180,2008_000706.jpg,15,person,person,False,1,12,0.053235530853271484,72.3508,259.778,90.0569,284.1866,0.0,False,True,0.0,test
coco:180:11:538,coco,180,2008_000706.jpg,11,diningtable,diningtable,True,0,0,0.2302943468093872,0.0726,291.3508,109.4303,359.6513,0.0,False,True,9.974910394265233,test
coco:180:11:538,coco,180,2008_000706.jpg,11,diningtable,diningtable,True,0,1,0.22978654503822327,5.3614,1.3242,475.0228,358.2625,0.0,False,True,9.974910394265233,test
coco:180:11:538,coco,180,2008_000706.jpg,11,diningtable,diningtable,True,0,2,0.1577225774526596,0.5716,277.4269,444.3351,359.137,0.0,False,True,0.0,test
coco:180:11:538,coco,180,2008_000706.jpg,11,diningtable,diningtable,True,0,3,0.13608108460903168,0.9358,236.8717,444.7044,358.8643,0.0,False,True,0.0,test
coco:180:11:538,coco,180,2008_000706.jpg,11,diningtable,diningtable,True,0,4,0.13231809437274933,0.2021,250.33,109.9307,359.4827,0.0,False,True,0.0,test
coco:180:11:538,coco,180,2008_000706.jpg,11,diningtable,diningtable,True,0,5,0.11118879169225693,104.9182,84.6163,284.5403,358.6523,0.0,False,True,0.0,test
coco:180:11:538,coco,180,2008_000706.jpg,11,diningtable,diningtable,True,0,6,0.09459223598241806,264.4522,277.2468,444.0063,358.6109,0.0,False,True,0.0,test
coco:180:11:538,coco,180,2008_000706.jpg,11,diningtable,diningtable,True,0,7,0.09327593445777893,1.8344,178.0503,448.5653,358.5431,0.0,False,True,0.0,test
coco:180:11:538,coco,180,2008_000706.jpg,11,diningtable,diningtable,True,0,8,0.09055609256029129,300.6346,174.5525,396.4048,312.4665,0.0,False,True,0.0,test
coco:180:11:538,coco,180,2008_000706.jpg,11,diningtable,diningtable,True,0,9,0.07833383977413177,266.4556,174.617,444.0382,357.6197,0.0,False,True,0.0,test
coco:180:11:538,coco,180,2008_000706.jpg,11,diningtable,diningtable,True,0,10,0.05639200285077095,88.8651,85.4581,442.6518,357.1127,0.0,False,True,0.0,test
coco:180:11:538,coco,180,2008_000706.jpg,11,diningtable,diningtable,True,0,11,0.05350949242711067,39.5184,49.168,455.6701,317.5172,0.0,False,True,0.0,test
coco:180:11:538,coco,180,2008_000706.jpg,11,diningtable,diningtable,True,0,12,0.05128566175699234,61.3189,224.6059,132.8619,327.6856,0.0,False,True,0.0,test
coco:180:19:539,coco,180,2008_000706.jpg,19,train,train,True,0,0,0.1175709217786789,0.1071,-0.0022,479.9564,359.9977,0.0,False,True,0.0,test
coco:180:19:539,coco,180,2008_000706.jpg,19,train,train,True,0,1,0.05712691321969032,303.4314,175.9502,395.0634,311.4406,0.0,False,True,0.0,test
coco:181:15:540,coco,181,2008_000714.jpg,15,person,person,False,4,0,0.6613500714302063,240.3754,193.4851,294.7126,323.6267,0.9062852263450623,True,False,9.974910394265233,test
coco:181:15:540,coco,181,2008_000714.jpg,15,person,person,False,4,1,0.6248390674591064,273.5381,192.7574,332.6202,281.046,0.8796973824501038,True,False,9.974910394265233,test
coco:181:15:540,coco,181,2008_000714.jpg,15,person,person,False,4,2,0.6119871735572815,0.283,12.787,222.5504,374.5244,0.9404710531234741,True,False,9.974910394265233,test
coco:181:15:540,coco,181,2008_000714.jpg,15,person,person,False,4,3,0.6093230843544006,111.0845,54.3592,499.7078,374.343,0.7350971102714539,True,False,9.974910394265233,test
coco:181:15:540,coco,181,2008_000714.jpg,15,person,person,False,4,4,0.35004374384880066,238.1675,211.5122,262.3582,317.5466,0.29814404249191284,False,True,9.974910394265233,test
coco:181:15:540,coco,181,2008_000714.jpg,15,person,person,False,4,5,0.27638882398605347,337.5019,207.1908,355.3514,234.6815,0.005339341703802347,False,True,9.974910394265233,test
coco:181:15:540,coco,181,2008_000714.jpg,15,person,person,False,4,6,0.26276731491088867,338.0927,218.2923,355.2802,234.7059,0.003069675760343671,False,True,9.974910394265233,test
coco:181:15:540,coco,181,2008_000714.jpg,15,person,person,False,4,7,0.24801431596279144,316.7693,208.4343,337.8572,236.9715,0.09676583111286163,False,True,9.974910394265233,test
coco:181:15:540,coco,181,2008_000714.jpg,15,person,person,False,4,8,0.19342215359210968,239.2622,211.5733,262.1416,252.2777,0.11804194003343582,False,True,0.0,test
coco:181:15:540,coco,181,2008_000714.jpg,15,person,person,False,4,9,0.12105153501033783,237.2728,211.7485,262.1121,278.5675,0.1879574954509735,False,True,0.0,test
coco:181:15:540,coco,181,2008_000714.jpg,15,person,person,False,4,10,0.10425068438053131,111.3548,201.3575,152.5404,333.8851,0.07199879735708237,False,True,0.0,test
coco:181:15:540,coco,181,2008_000714.jpg,15,person,person,False,4,11,0.09776024520397186,111.9605,202.145,152.0565,291.5312,0.04727654904127121,False,True,0.0,test
coco:181:15:540,coco,181,2008_000714.jpg,15,person,person,False,4,12,0.09349440783262253,298.8874,192.8945,338.0583,237.534,0.3114713728427887,False,True,0.0,test
coco:181:15:540,coco,181,2008_000714.jpg,15,person,person,False,4,13,0.09223264455795288,111.4338,178.0589,165.2528,291.9149,0.08082863688468933,False,True,0.0,test
coco:181:15:540,coco,181,2008_000714.jpg,15,person,person,False,4,14,0.08819765597581863,238.2491,213.9995,253.9185,316.5323,0.16929081082344055,False,True,0.0,test
coco:181:15:540,coco,181,2008_000714.jpg,15,person,person,False,4,15,0.0853634923696518,326.1008,219.8863,338.1795,236.932,0.02482990361750126,False,True,0.0,test
coco:181:15:540,coco,181,2008_000714.jpg,15,person,person,False,4,16,0.08111302554607391,0.8689,14.5652,498.8062,374.4617,0.5083299875259399,True,False,0.0,test
coco:181:15:540,coco,181,2008_000714.jpg,15,person,person,False,4,17,0.07780463248491287,83.3184,200.568,152.0552,291.808,0.08272724598646164,False,True,0.0,test
coco:181:15:540,coco,181,2008_000714.jpg,15,person,person,False,4,18,0.07469257712364197,300.1143,100.2698,354.9833,235.0141,0.1296166628599167,False,True,0.0,test
coco:181:15:540,coco,181,2008_000714.jpg,15,person,person,False,4,19,0.07462942600250244,338.3131,219.8075,347.1547,234.5398,0.0014173456002026796,False,True,0.0,test
coco:181:15:540,coco,181,2008_000714.jpg,15,person,person,False,4,20,0.07394325733184814,80.4813,200.1041,152.7958,365.4004,0.15767481923103333,False,True,0.0,test
coco:181:15:540,coco,181,2008_000714.jpg,15,person,person,False,4,21,0.07265030592679977,111.5427,271.7965,242.4811,374.5842,0.12932975590229034,False,True,0.0,test
coco:181:15:540,coco,181,2008_000714.jpg,15,person,person,False,4,22,0.07061600685119629,268.8755,193.8778,294.4901,223.3244,0.10538167506456375,False,True,0.0,test
coco:181:15:540,coco,181,2008_000714.jpg,15,person,person,False,4,23,0.06487993150949478,83.2569,177.3969,165.9591,287.9218,0.12057305872440338,False,True,0.0,test
coco:181:15:540,coco,181,2008_000714.jpg,15,person,person,False,4,24,0.06346671283245087,110.3848,178.095,164.3646,372.8376,0.1386645883321762,False,True,0.0,test
coco:181:15:540,coco,181,2008_000714.jpg,15,person,person,False,4,25,0.0628640204668045,83.2801,200.7935,152.1476,263.0934,0.056594572961330414,False,True,0.0,test
coco:181:15:540,coco,181,2008_000714.jpg,15,person,person,False,4,26,0.06228078529238701,200.069,202.7496,227.3249,267.121,0.011347644962370396,False,True,0.0,test
coco:181:15:540,coco,181,2008_000714.jpg,15,person,person,False,4,27,0.0602099634706974,239.6668,213.9936,253.7067,249.6866,0.06040618568658829,False,True,0.0,test
coco:181:15:540,coco,181,2008_000714.jpg,15,person,person,False,4,28,0.055764250457286835,292.4397,198.1385,302.0161,218.9112,0.042798615992069244,False,True,0.0,test
coco:181:15:540,coco,181,2008_000714.jpg,15,person,person,False,4,29,0.05480078235268593,111.941,271.4662,308.7667,374.6392,0.11898244917392731,False,True,0.0,test
coco:181:15:540,coco,181,2008_000714.jpg,15,person,person,False,4,30,0.05312751233577728,143.2803,177.6656,165.202,205.5601,0.008066154085099697,False,True,0.0,test
coco:181:15:540,coco,181,2008_000714.jpg,15,person,person,False,4,31,0.05244508385658264,133.6686,202.0976,152.2023,290.4166,0.02159176766872406,False,True,0.0,test
coco:181:15:540,coco,181,2008_000714.jpg,15,person,person,False,4,32,0.05050947144627571,240.2218,193.5534,294.2542,254.4474,0.43781065940856934,False,True,0.0,test
coco:181:16:541,coco,181,2008_000714.jpg,16,pottedplant,pottedplant,True,0,0,0.10940980166196823,300.182,54.1717,432.021,173.5855,0.0,False,True,0.0,test
coco:181:16:541,coco,181,2008_000714.jpg,16,pottedplant,pottedplant,True,0,1,0.08585298806428909,0.7166,12.901,222.5702,135.4491,0.0,False,True,0.0,test
coco:181:16:541,coco,181,2008_000714.jpg,16,pottedplant,pottedplant,True,0,2,0.07048361748456955,1.1972,229.303,119.9884,374.4393,0.0,False,True,0.0,test
coco:181:16:541,coco,181,2008_000714.jpg,16,pottedplant,pottedplant,True,0,3,0.06990540772676468,0.5435,12.7697,222.5411,374.1631,0.0,False,True,0.0,test
coco:181:16:541,coco,181,2008_000714.jpg,16,pottedplant,pottedplant,True,0,4,0.05965069681406021,0.7487,0.3277,499.4773,374.8926,0.0,False,True,0.0,test
coco:181:16:541,coco,181,2008_000714.jpg,16,pottedplant,pottedplant,True,0,5,0.05235837772488594,199.6139,292.0749,251.82,354.4009,0.0,False,True,0.0,test
coco:181:16:541,coco,181,2008_000714.jpg,16,pottedplant,pottedplant,True,0,6,0.05056536942720413,131.8684,0.7499,294.4074,352.4325,0.0,False,True,0.0,test
coco:182:15:543,coco,182,2008_000725.jpg,15,person,person,False,1,0,0.836860716342926,16.2722,76.1459,109.991,228.6592,0.971919596195221,True,False,9.974910394265233,test
coco:182:15:543,coco,182,2008_000725.jpg,15,person,person,False,1,1,0.07862138003110886,16.7636,76.2008,108.2893,137.8399,0.3972972631454468,False,True,0.0,test
coco:182:20:545,coco,182,2008_000725.jpg,20,tvmonitor,tvmonitor,True,0,0,0.4375021159648895,1.6182,80.1361,198.5939,240.1597,0.0,False,True,9.974910394265233,test
coco:182:20:545,coco,182,2008_000725.jpg,20,tvmonitor,tvmonitor,True,0,1,0.28729233145713806,108.8139,81.3786,199.0149,239.3186,0.0,False,True,9.974910394265233,test
coco:182:20:545,coco,182,2008_000725.jpg,20,tvmonitor,tvmonitor,True,0,2,0.2770342528820038,15.6177,75.2596,110.8119,229.1124,0.0,False,True,9.974910394265233,test
coco:182:20:545,coco,182,2008_000725.jpg,20,tvmonitor,tvmonitor,True,0,3,0.23672045767307281,0.5039,133.1376,152.535,238.1862,0.0,False,True,9.974910394265233,test
coco:182:20:545,coco,182,2008_000725.jpg,20,tvmonitor,tvmonitor,True,0,4,0.1649375855922699,146.6166,102.0096,197.9383,137.4945,0.0,False,True,0.0,test
coco:182:20:545,coco,182,2008_000725.jpg,20,tvmonitor,tvmonitor,True,0,5,0.08592548221349716,0.5312,134.3495,152.4371,194.6146,0.0,False,True,0.0,test
coco:182:20:545,coco,182,2008_000725.jpg,20,tvmonitor,tvmonitor,True,0,6,0.0851166769862175,16.4865,75.2722,109.0638,139.2181,0.0,False,True,0.0,test
coco:182:20:545,coco,182,2008_000725.jpg,20,tvmonitor,tvmonitor,True,0,7,0.0739913359284401,141.1958,101.0707,198.4171,229.9125,0.0,False,True,0.0,test
coco:182:20:545,coco,182,2008_000725.jpg,20,tvmonitor,tvmonitor,True,0,8,0.06393337994813919,91.5274,71.2662,227.385,252.5484,0.0,False,True,0.0,test
coco:182:20:545,coco,182,2008_000725.jpg,20,tvmonitor,tvmonitor,True,0,9,0.06021951138973236,43.1428,75.3095,83.4635,106.6817,0.0,False,True,0.0,test
coco:182:20:545,coco,182,2008_000725.jpg,20,tvmonitor,tvmonitor,True,0,10,0.05718376860022545,9.476,64.0862,251.2945,261.9205,0.0,False,True,0.0,test
coco:182:20:545,coco,182,2008_000725.jpg,20,tvmonitor,tvmonitor,True,0,11,0.0516645722091198,158.6339,102.0217,184.6626,120.1741,0.0,False,True,0.0,test
coco:182:20:545,coco,182,2008_000725.jpg,20,tvmonitor,tvmonitor,True,0,12,0.051083605736494064,2.0769,107.2076,148.0992,211.8204,0.0,False,True,0.0,test
coco:182:20:545,coco,182,2008_000725.jpg,20,tvmonitor,tvmonitor,True,0,13,0.05047391355037689,173.2584,107.7869,197.8006,134.6341,0.0,False,True,0.0,test
coco:182:20:545,coco,182,2008_000725.jpg,20,tvmonitor,tvmonitor,True,0,14,0.050199154764413834,15.9247,74.363,110.288,164.5666,0.0,False,True,0.0,test
coco:183:2:548,coco,183,2008_000727.jpg,2,bicycle,bicycle,True,0,0,0.06249672919511795,256.7631,183.9374,319.8797,216.251,0.0,False,True,0.0,test
coco:183:2:548,coco,183,2008_000727.jpg,2,bicycle,bicycle,True,0,1,0.05406118184328079,134.9763,204.8085,299.2348,420.3165,0.0,False,True,0.0,test
coco:185:15:552,coco,185,2008_000734.jpg,15,person,person,False,2,0,0.43765029311180115,13.9963,16.683,315.2153,456.1844,0.8636842370033264,True,False,9.974910394265233,test
coco:185:15:552,coco,185,2008_000734.jpg,15,person,person,False,2,1,0.3657093048095703,90.5997,68.5755,264.3527,397.9763,0.73862224817276,True,False,9.974910394265233,test
coco:185:15:552,coco,185,2008_000734.jpg,15,person,person,False,2,2,0.12840647995471954,155.8413,68.829,264.6236,397.861,0.46191492676734924,False,True,0.0,test
coco:185:15:552,coco,185,2008_000734.jpg,15,person,person,False,2,3,0.10065780580043793,155.5284,68.3309,316.2939,397.2555,0.682424783706665,True,False,0.0,test
coco:185:15:552,coco,185,2008_000734.jpg,15,person,person,False,2,4,0.0722431093454361,59.2977,49.7559,288.9543,433.8582,0.7091029286384583,True,False,0.0,test
coco:185:15:552,coco,185,2008_000734.jpg,15,person,person,False,2,5,0.06614457070827484,13.3755,17.5104,203.2446,455.7051,0.681775689125061,True,False,0.0,test
coco:185:15:552,coco,185,2008_000734.jpg,15,person,person,False,2,6,0.06293503940105438,13.7283,68.2116,265.1949,399.7928,0.6919729709625244,True,False,0.0,test
coco:185:15:552,coco,185,2008_000734.jpg,15,person,person,False,2,7,0.06292286515235901,0.1945,199.158,31.9155,356.2342,0.018240464851260185,False,True,0.0,test
coco:185:15:552,coco,185,2008_000734.jpg,15,person,person,False,2,8,0.051138538867235184,179.5365,68.4617,316.5673,338.3873,0.47733962535858154,False,True,0.0,test
coco:185:18:553,coco,185,2008_000734.jpg,18,sofa,sofa,True,0,0,0.5727212429046631,0.7173,76.2846,319.0939,456.0219,0.0,False,True,9.974910394265233,test
coco:185:18:553,coco,185,2008_000734.jpg,18,sofa,sofa,True,0,1,0.2237246185541153,0.9758,76.4995,319.2427,224.3748,0.0,False,True,9.974910394265233,test
coco:185:18:553,coco,185,2008_000734.jpg,18,sofa,sofa,True,0,2,0.06321705132722855,0.0801,199.0315,319.8563,456.294,0.0,False,True,0.0,test
coco:185:18:553,coco,185,2008_000734.jpg,18,sofa,sofa,True,0,3,0.05791260302066803,248.0965,91.3537,319.4234,223.6024,0.0,False,True,0.0,test
coco:187:15:558,coco,187,2008_000740.jpg,15,person,person,False,1,0,0.90498948097229,36.7126,8.5053,277.6272,453.3765,0.9780066013336182,True,False,9.974910394265233,test
coco:187:15:558,coco,187,2008_000740.jpg,15,person,person,False,1,1,0.09470662474632263,109.4518,230.8849,165.9026,282.7324,0.027635082602500916,False,True,0.0,test
coco:187:15:558,coco,187,2008_000740.jpg,15,person,person,False,1,2,0.05527157336473465,108.5677,229.854,209.5777,303.4576,0.07019829005002975,False,True,0.0,test
coco:187:15:558,coco,187,2008_000740.jpg,15,person,person,False,1,3,0.05101856589317322,90.6918,192.9871,210.4939,304.5056,0.12614627182483673,False,True,0.0,test
coco:189:8:565,coco,189,2008_000748.jpg,8,cat,cat,True,0,0,0.050926320254802704,1.1765,0.1895,487.7326,479.2028,0.0,False,True,0.0,test
coco:190:6:568,coco,190,2008_000765.jpg,6,bus,bus,True,0,0,0.23243646323680878,90.6482,153.3592,285.3439,341.1362,0.0,False,True,9.974910394265233,test
coco:190:6:568,coco,190,2008_000765.jpg,6,bus,bus,True,0,1,0.2086319774389267,0.8344,-0.0485,373.5379,499.9492,0.0,False,True,9.974910394265233,test
coco:190:6:568,coco,190,2008_000765.jpg,6,bus,bus,True,0,2,0.11022697389125824,88.2015,342.6502,286.3865,498.8426,0.0,False,True,0.0,test
coco:190:6:568,coco,190,2008_000765.jpg,6,bus,bus,True,0,3,0.05917181447148323,88.3161,103.4095,288.7204,498.0417,0.0,False,True,0.0,test
coco:193:15:576,coco,193,2008_000780.jpg,15,person,person,False,2,0,0.7267720699310303,60.8623,120.3483,248.8861,374.5331,0.9084786176681519,True,False,9.974910394265233,test
coco:193:15:576,coco,193,2008_000780.jpg,15,person,person,False,2,1,0.491273432970047,174.1896,109.1489,392.1351,374.574,0.9937185049057007,True,False,9.974910394265233,test
coco:193:15:576,coco,193,2008_000780.jpg,15,person,person,False,2,2,0.1720259189605713,62.4053,109.0208,392.8477,374.6402,0.65670245885849,True,False,0.0,test
coco:193:15:576,coco,193,2008_000780.jpg,15,person,person,False,2,3,0.1505735218524933,457.7891,326.3896,460.9887,332.924,0.0,False,True,0.0,test
coco:193:15:576,coco,193,2008_000780.jpg,15,person,person,False,2,4,0.12947000563144684,462.2024,325.9136,464.8115,332.4062,0.0,False,True,0.0,test
coco:193:15:576,coco,193,2008_000780.jpg,15,person,person,False,2,5,0.08967430889606476,432.6478,319.9653,437.0645,327.4448,0.0,False,True,0.0,test
coco:193:15:576,coco,193,2008_000780.jpg,15,person,person,False,2,6,0.0858229398727417,81.3709,219.8307,87.5033,230.1805,0.0012205536477267742,False,True,0.0,test
coco:193:15:576,coco,193,2008_000780.jpg,15,person,person,False,2,7,0.08221608400344849,5.3227,53.7164,52.7738,86.7426,0.0,False,True,0.0,test
coco:193:15:576,coco,193,2008_000780.jpg,15,person,person,False,2,8,0.07785438001155853,432.7325,319.6573,437.9564,332.2676,0.0,False,True,0.0,test
coco:193:15:576,coco,193,2008_000780.jpg,15,person,person,False,2,9,0.0776868611574173,434.4181,323.8305,437.6955,332.2213,0.0,False,True,0.0,test
coco:193:15:576,coco,193,2008_000780.jpg,15,person,person,False,2,10,0.07725679874420166,215.7921,255.6907,252.1478,312.4663,0.03969462588429451,False,True,0.0,test
coco:193:15:576,coco,193,2008_000780.jpg,15,person,person,False,2,11,0.07674520462751389,425.0794,290.2181,429.9398,299.7581,0.0,False,True,0.0,test
coco:193:15:576,coco,193,2008_000780.jpg,15,person,person,False,2,12,0.07531142234802246,432.4163,287.6389,438.3895,299.7562,0.0,False,True,0.0,test
coco:193:15:576,coco,193,2008_000780.jpg,15,person,person,False,2,13,0.07279753684997559,454.556,304.4386,460.1563,315.3427,0.0,False,True,0.0,test
coco:193:15:576,coco,193,2008_000780.jpg,15,person,person,False,2,14,0.06821615993976593,476.5317,318.1791,480.2426,322.1437,0.0,False,True,0.0,test
coco:193:15:576,coco,193,2008_000780.jpg,15,person,person,False,2,15,0.06815603375434875,449.3532,309.9317,453.1292,316.0234,0.0,False,True,0.0,test
coco:193:15:576,coco,193,2008_000780.jpg,15,person,person,False,2,16,0.06803249567747116,439.5923,323.5522,444.1849,328.5044,0.0,False,True,0.0,test
coco:193:15:576,coco,193,2008_000780.jpg,15,person,person,False,2,17,0.06156076863408089,73.2659,218.0091,79.1148,229.044,0.001241212012246251,False,True,0.0,test
coco:193:15:576,coco,193,2008_000780.jpg,15,person,person,False,2,18,0.05845782905817032,460.4903,270.7966,465.4398,278.0782,0.0,False,True,0.0,test
coco:193:15:576,coco,193,2008_000780.jpg,15,person,person,False,2,19,0.05784374848008156,80.6605,219.7444,88.0087,238.0616,0.0025884374044835567,False,True,0.0,test
coco:193:15:576,coco,193,2008_000780.jpg,15,person,person,False,2,20,0.055116262286901474,27.183,62.1819,52.8315,86.803,0.0,False,True,0.0,test
coco:193:15:576,coco,193,2008_000780.jpg,15,person,person,False,2,21,0.05437729135155678,10.1181,54.9215,39.1398,79.2036,0.0,False,True,0.0,test
coco:193:15:576,coco,193,2008_000780.jpg,15,person,person,False,2,22,0.05275782570242882,482.8817,318.9773,485.5419,322.3524,0.0,False,True,0.0,test
coco:193:15:576,coco,193,2008_000780.jpg,15,person,person,False,2,23,0.05200457200407982,468.9079,271.5867,473.8204,276.8097,0.0,False,True,0.0,test
coco:193:20:577,coco,193,2008_000780.jpg,20,tvmonitor,tvmonitor,True,0,0,0.31429538130760193,60.6867,119.7438,250.8926,372.7709,0.0,False,True,9.974910394265233,test
coco:193:20:577,coco,193,2008_000780.jpg,20,tvmonitor,tvmonitor,True,0,1,0.28954586386680603,118.5801,108.7113,392.7612,372.4327,0.0,False,True,9.974910394265233,test
coco:193:20:577,coco,193,2008_000780.jpg,20,tvmonitor,tvmonitor,True,0,2,0.2061520218849182,128.2365,119.8211,178.851,167.032,0.0,False,True,9.974910394265233,test
coco:193:20:577,coco,193,2008_000780.jpg,20,tvmonitor,tvmonitor,True,0,3,0.1611432284116745,272.8154,108.757,320.4655,139.3588,0.0,False,True,0.0,test
coco:193:20:577,coco,193,2008_000780.jpg,20,tvmonitor,tvmonitor,True,0,4,0.1370127946138382,265.2044,108.2141,325.0027,224.6809,0.0,False,True,0.0,test
coco:193:20:577,coco,193,2008_000780.jpg,20,tvmonitor,tvmonitor,True,0,5,0.13349226117134094,215.2802,255.1852,252.7177,312.8431,0.0,False,True,0.0,test
coco:193:20:577,coco,193,2008_000780.jpg,20,tvmonitor,tvmonitor,True,0,6,0.12886223196983337,89.329,184.4586,127.643,203.1126,0.0,False,True,0.0,test
coco:193:20:577,coco,193,2008_000780.jpg,20,tvmonitor,tvmonitor,True,0,7,0.12123925238847733,247.3761,108.1356,392.5701,367.1965,0.0,False,True,0.0,test
coco:193:20:577,coco,193,2008_000780.jpg,20,tvmonitor,tvmonitor,True,0,8,0.11959729343652725,5.0157,51.7273,53.7486,87.7801,0.0,False,True,0.0,test
coco:193:20:577,coco,193,2008_000780.jpg,20,tvmonitor,tvmonitor,True,0,9,0.11724072694778442,2.4317,28.3111,497.0433,371.8384,0.0,False,True,0.0,test
coco:193:20:577,coco,193,2008_000780.jpg,20,tvmonitor,tvmonitor,True,0,10,0.10328017175197601,441.737,157.7264,452.0613,182.1912,0.0,False,True,0.0,test
coco:193:20:577,coco,193,2008_000780.jpg,20,tvmonitor,tvmonitor,True,0,11,0.10249102115631104,100.1759,184.7295,127.2454,199.0335,0.0,False,True,0.0,test
coco:193:20:577,coco,193,2008_000780.jpg,20,tvmonitor,tvmonitor,True,0,12,0.10003510862588882,0.4414,24.9199,55.3653,327.4566,0.0,False,True,0.0,test
coco:193:20:577,coco,193,2008_000780.jpg,20,tvmonitor,tvmonitor,True,0,13,0.09435506165027618,91.0088,120.123,252.7961,314.165,0.0,False,True,0.0,test
coco:193:20:577,coco,193,2008_000780.jpg,20,tvmonitor,tvmonitor,True,0,14,0.09359103441238403,25.2688,61.325,53.5497,87.0706,0.0,False,True,0.0,test
coco:193:20:577,coco,193,2008_000780.jpg,20,tvmonitor,tvmonitor,True,0,15,0.0933259129524231,70.839,227.7518,88.5719,239.094,0.0,False,True,0.0,test
coco:193:20:577,coco,193,2008_000780.jpg,20,tvmonitor,tvmonitor,True,0,16,0.08766867965459824,91.4103,150.4489,135.2489,202.396,0.0,False,True,0.0,test
coco:193:20:577,coco,193,2008_000780.jpg,20,tvmonitor,tvmonitor,True,0,17,0.08394021540880203,377.7379,336.82,393.6742,358.8817,0.0,False,True,0.0,test
coco:193:20:577,coco,193,2008_000780.jpg,20,tvmonitor,tvmonitor,True,0,18,0.08276104927062988,70.7198,218.7215,89.2095,239.2903,0.0,False,True,0.0,test
coco:193:20:577,coco,193,2008_000780.jpg,20,tvmonitor,tvmonitor,True,0,19,0.07790101319551468,3.9631,50.2429,55.4244,104.7514,0.0,False,True,0.0,test
coco:193:20:577,coco,193,2008_000780.jpg,20,tvmonitor,tvmonitor,True,0,20,0.07758953422307968,65.3759,209.5941,95.2646,240.5967,0.0,False,True,0.0,test
coco:193:20:577,coco,193,2008_000780.jpg,20,tvmonitor,tvmonitor,True,0,21,0.07479669898748398,0.4297,24.0596,29.7987,50.7404,0.0,False,True,0.0,test
coco:193:20:577,coco,193,2008_000780.jpg,20,tvmonitor,tvmonitor,True,0,22,0.07382582128047943,94.5226,168.3637,392.342,354.6693,0.0,False,True,0.0,test
coco:193:20:577,coco,193,2008_000780.jpg,20,tvmonitor,tvmonitor,True,0,23,0.06975970417261124,359.6004,171.9663,371.4542,182.117,0.0,False,True,0.0,test
coco:193:20:577,coco,193,2008_000780.jpg,20,tvmonitor,tvmonitor,True,0,24,0.06293421238660812,68.2367,173.1678,251.7248,315.6094,0.0,False,True,0.0,test
coco:193:20:577,coco,193,2008_000780.jpg,20,tvmonitor,tvmonitor,True,0,25,0.06190125271677971,176.5732,109.0155,381.3236,316.428,0.0,False,True,0.0,test
coco:193:20:577,coco,193,2008_000780.jpg,20,tvmonitor,tvmonitor,True,0,26,0.061575017869472504,60.2595,364.7726,101.5548,374.504,0.0,False,True,0.0,test
coco:193:20:577,coco,193,2008_000780.jpg,20,tvmonitor,tvmonitor,True,0,27,0.06001007556915283,39.4027,69.7941,53.3771,86.9456,0.0,False,True,0.0,test
coco:193:20:577,coco,193,2008_000780.jpg,20,tvmonitor,tvmonitor,True,0,28,0.057597286999225616,98.8641,171.4422,240.5715,361.931,0.0,False,True,0.0,test
coco:193:20:577,coco,193,2008_000780.jpg,20,tvmonitor,tvmonitor,True,0,29,0.05698447674512863,396.8759,194.1848,412.1172,373.7296,0.0,False,True,0.0,test
coco:193:20:577,coco,193,2008_000780.jpg,20,tvmonitor,tvmonitor,True,0,30,0.05496276915073395,1.0223,38.0216,133.3291,327.3596,0.0,False,True,0.0,test
coco:193:20:577,coco,193,2008_000780.jpg,20,tvmonitor,tvmonitor,True,0,31,0.05445929244160652,130.0776,176.6094,184.0435,217.494,0.0,False,True,0.0,test
coco:193:20:577,coco,193,2008_000780.jpg,20,tvmonitor,tvmonitor,True,0,32,0.05420095846056938,396.9269,194.9313,407.7134,221.1096,0.0,False,True,0.0,test
coco:193:20:577,coco,193,2008_000780.jpg,20,tvmonitor,tvmonitor,True,0,33,0.05412113666534424,89.7401,112.9367,135.5831,203.3591,0.0,False,True,0.0,test
coco:193:20:577,coco,193,2008_000780.jpg,20,tvmonitor,tvmonitor,True,0,34,0.051651619374752045,5.035,51.7182,27.672,74.0672,0.0,False,True,0.0,test
coco:193:4:578,coco,193,2008_000780.jpg,4,boat,boat,True,0,0,0.09230121225118637,1.0782,28.8468,498.7356,373.4529,0.0,False,True,0.0,test
coco:193:4:578,coco,193,2008_000780.jpg,4,boat,boat,True,0,1,0.07439996302127838,71.8126,228.9249,88.2568,238.3291,0.0,False,True,0.0,test
coco:193:4:578,coco,193,2008_000780.jpg,4,boat,boat,True,0,2,0.06620784103870392,215.6935,255.2851,252.597,313.1555,0.0,False,True,0.0,test
coco:193:4:578,coco,193,2008_000780.jpg,4,boat,boat,True,0,3,0.06210508942604065,1.1852,180.7964,498.9802,373.9782,0.0,False,True,0.0,test
coco:193:4:578,coco,193,2008_000780.jpg,4,boat,boat,True,0,4,0.05988750234246254,89.0768,182.5459,496.0825,330.9669,0.0,False,True,0.0,test
coco:193:4:578,coco,193,2008_000780.jpg,4,boat,boat,True,0,5,0.05852572247385979,89.7381,185.4497,253.0844,312.9003,0.0,False,True,0.0,test
coco:194:18:581,coco,194,2008_000782.jpg,18,sofa,sofa,True,0,0,0.5013787150382996,2.4848,122.1486,250.5705,498.5262,0.0,False,True,9.974910394265233,test
coco:194:18:581,coco,194,2008_000782.jpg,18,sofa,sofa,True,0,1,0.11987531930208206,190.6177,251.5786,226.8625,272.6263,0.0,False,True,0.0,test
coco:194:18:581,coco,194,2008_000782.jpg,18,sofa,sofa,True,0,2,0.07994292676448822,3.47,213.8187,206.9333,497.8264,0.0,False,True,0.0,test
coco:194:18:581,coco,194,2008_000782.jpg,18,sofa,sofa,True,0,3,0.07613161951303482,190.7862,251.9973,205.7651,270.6686,0.0,False,True,0.0,test
coco:194:18:581,coco,194,2008_000782.jpg,18,sofa,sofa,True,0,4,0.07194994390010834,191.2051,256.9027,205.0835,270.622,0.0,False,True,0.0,test
coco:194:18:581,coco,194,2008_000782.jpg,18,sofa,sofa,True,0,5,0.06692121922969818,210.738,252.5373,227.0384,272.866,0.0,False,True,0.0,test
coco:194:18:581,coco,194,2008_000782.jpg,18,sofa,sofa,True,0,6,0.0518929548561573,155.6906,254.1194,177.0782,335.5478,0.0,False,True,0.0,test
coco:195:13:582,coco,195,2008_000783.jpg,13,horse,horse,False,1,0,0.9242446422576904,239.6225,90.2483,349.2445,311.6464,0.846483051776886,True,False,9.974910394265233,test
coco:195:11:584,coco,195,2008_000783.jpg,11,diningtable,diningtable,True,0,0,0.22717298567295074,28.2896,145.8969,497.6807,331.2922,0.0,False,True,9.974910394265233,test
coco:195:11:584,coco,195,2008_000783.jpg,11,diningtable,diningtable,True,0,1,0.21797768771648407,237.9736,24.6362,359.3039,219.6331,0.0,False,True,9.974910394265233,test
coco:195:11:584,coco,195,2008_000783.jpg,11,diningtable,diningtable,True,0,2,0.2009160816669464,239.8447,90.0098,352.7144,307.6201,0.0,False,True,9.974910394265233,test
coco:195:11:584,coco,195,2008_000783.jpg,11,diningtable,diningtable,True,0,3,0.14780069887638092,3.5761,33.4593,496.3909,330.0742,0.0,False,True,0.0,test
coco:195:11:584,coco,195,2008_000783.jpg,11,diningtable,diningtable,True,0,4,0.08456990867853165,0.4636,81.1927,59.7035,205.602,0.0,False,True,0.0,test
coco:195:11:584,coco,195,2008_000783.jpg,11,diningtable,diningtable,True,0,5,0.08089741319417953,237.1236,89.3181,357.4857,222.2734,0.0,False,True,0.0,test
coco:195:11:584,coco,195,2008_000783.jpg,11,diningtable,diningtable,True,0,6,0.08059674501419067,212.328,21.5607,388.9175,316.3364,0.0,False,True,0.0,test
coco:195:11:584,coco,195,2008_000783.jpg,11,diningtable,diningtable,True,0,7,0.06463002413511276,32.0812,213.746,497.1573,331.2213,0.0,False,True,0.0,test
coco:195:11:584,coco,195,2008_000783.jpg,11,diningtable,diningtable,True,0,8,0.05591641739010811,1.2704,154.1375,60.9103,205.7194,0.0,False,True,0.0,test
coco:196:16:586,coco,196,2008_000788.jpg,16,pottedplant,pottedplant,True,0,0,0.39832499623298645,0.6398,74.9606,296.0905,498.4482,0.0,False,True,9.974910394265233,test
coco:196:16:586,coco,196,2008_000788.jpg,16,pottedplant,pottedplant,True,0,1,0.07547798752784729,61.2976,74.2335,295.6758,413.146,0.0,False,True,0.0,test
coco:196:16:586,coco,196,2008_000788.jpg,16,pottedplant,pottedplant,True,0,2,0.05481334030628204,115.9149,301.4666,209.3915,409.3158,0.0,False,True,0.0,test
coco:197:3:590,coco,197,2008_000793.jpg,3,bird,bird,True,0,0,0.22115489840507507,45.9333,31.0883,463.3445,330.0638,0.0,False,True,9.974910394265233,test
coco:197:3:590,coco,197,2008_000793.jpg,3,bird,bird,True,0,1,0.1621035486459732,182.5085,32.5955,417.8418,311.2033,0.0,False,True,0.0,test
coco:197:3:590,coco,197,2008_000793.jpg,3,bird,bird,True,0,2,0.10657750815153122,195.3155,105.1649,243.4536,187.2297,0.0,False,True,0.0,test
coco:197:3:590,coco,197,2008_000793.jpg,3,bird,bird,True,0,3,0.09561137855052948,46.0252,88.1988,208.868,329.9366,0.0,False,True,0.0,test
coco:198:5:591,coco,198,2008_000795.jpg,5,bottle,bottle,False,1,0,0.8091443181037903,217.8339,291.6052,249.2754,331.6796,0.8536567091941833,True,False,9.974910394265233,test
coco:198:5:591,coco,198,2008_000795.jpg,5,bottle,bottle,False,1,1,0.09558277577161789,466.1056,235.4836,488.8113,280.2202,0.0,False,True,0.0,test
coco:198:5:591,coco,198,2008_000795.jpg,5,bottle,bottle,False,1,2,0.06533835083246231,393.9678,177.5602,402.3522,195.9971,0.0,False,True,0.0,test
coco:198:4:593,coco,198,2008_000795.jpg,4,boat,boat,True,0,0,0.11844348162412643,1.3089,0.7697,498.6849,330.8085,0.0,False,True,0.0,test
coco:198:4:593,coco,198,2008_000795.jpg,4,boat,boat,True,0,1,0.1054111123085022,0.8944,-0.1245,499.249,187.3517,0.0,False,True,0.0,test
coco:199:15:594,coco,199,2008_000796.jpg,15,person,person,False,1,0,0.6780567765235901,74.9831,0.4136,499.2591,374.5201,0.993035078048706,True,False,9.974910394265233,test
coco:199:15:594,coco,199,2008_000796.jpg,15,person,person,False,1,1,0.2343561053276062,128.942,104.2029,169.888,187.5616,0.02152411825954914,False,True,9.974910394265233,test
coco:199:15:594,coco,199,2008_000796.jpg,15,person,person,False,1,2,0.17139896750450134,113.4523,102.4521,169.6175,192.9133,0.032039985060691833,False,True,0.0,test
coco:199:15:594,coco,199,2008_000796.jpg,15,person,person,False,1,3,0.16804909706115723,74.7736,102.6478,202.165,374.4346,0.21578332781791687,False,True,0.0,test
coco:199:15:594,coco,199,2008_000796.jpg,15,person,person,False,1,4,0.11719489097595215,84.1688,103.6413,171.6625,316.0679,0.11720554530620575,False,True,0.0,test
coco:199:15:594,coco,199,2008_000796.jpg,15,person,person,False,1,5,0.11068341135978699,99.8824,102.2694,169.6278,209.0002,0.04694265127182007,False,True,0.0,test
coco:199:15:594,coco,199,2008_000796.jpg,15,person,person,False,1,6,0.08843792229890823,142.1962,1.2222,459.5707,327.7106,0.6534349322319031,True,False,0.0,test
coco:199:15:594,coco,199,2008_000796.jpg,15,person,person,False,1,7,0.07379831373691559,138.769,122.9818,169.0152,184.6032,0.011753443628549576,False,True,0.0,test
coco:199:15:594,coco,199,2008_000796.jpg,15,person,person,False,1,8,0.06866011768579483,75.2628,162.5357,498.9373,374.1133,0.5637431144714355,True,False,0.0,test
coco:199:15:594,coco,199,2008_000796.jpg,15,person,person,False,1,9,0.0651981309056282,87.7114,102.8435,170.0467,242.73,0.07263138890266418,False,True,0.0,test
coco:200:11:598,coco,200,2008_000803.jpg,11,diningtable,diningtable,True,0,0,0.25807303190231323,16.3144,3.4689,492.0678,224.3711,0.0,False,True,9.974910394265233,test
coco:200:11:598,coco,200,2008_000803.jpg,11,diningtable,diningtable,True,0,1,0.1427253931760788,158.4525,19.3363,479.3688,223.593,0.0,False,True,0.0,test
coco:200:11:598,coco,200,2008_000803.jpg,11,diningtable,diningtable,True,0,2,0.13780386745929718,162.8556,86.5421,267.666,180.1891,0.0,False,True,0.0,test
coco:200:11:598,coco,200,2008_000803.jpg,11,diningtable,diningtable,True,0,3,0.11907468736171722,431.2478,15.5449,462.9582,64.1316,0.0,False,True,0.0,test
coco:200:11:598,coco,200,2008_000803.jpg,11,diningtable,diningtable,True,0,4,0.09591016918420792,54.8682,78.1353,98.6097,180.0373,0.0,False,True,0.0,test
coco:200:11:598,coco,200,2008_000803.jpg,11,diningtable,diningtable,True,0,5,0.09488490223884583,372.9614,118.69,420.2037,222.3314,0.0,False,True,0.0,test
coco:200:11:598,coco,200,2008_000803.jpg,11,diningtable,diningtable,True,0,6,0.08287752419710159,162.9218,27.7142,268.0654,181.5823,0.0,False,True,0.0,test
coco:200:11:598,coco,200,2008_000803.jpg,11,diningtable,diningtable,True,0,7,0.08068192005157471,276.9165,97.8976,331.0839,201.6883,0.0,False,True,0.0,test
coco:200:11:598,coco,200,2008_000803.jpg,11,diningtable,diningtable,True,0,8,0.06300797313451767,187.7541,28.2548,260.6139,179.8842,0.0,False,True,0.0,test
coco:200:11:598,coco,200,2008_000803.jpg,11,diningtable,diningtable,True,0,9,0.062093012034893036,75.0315,5.8504,136.07,182.4305,0.0,False,True,0.0,test
coco:200:11:598,coco,200,2008_000803.jpg,11,diningtable,diningtable,True,0,10,0.06028081104159355,38.3415,3.5421,136.5661,182.8245,0.0,False,True,0.0,test
coco:200:11:598,coco,200,2008_000803.jpg,11,diningtable,diningtable,True,0,11,0.055275384336709976,282.8201,41.6801,350.7633,206.6252,0.0,False,True,0.0,test
coco:200:11:598,coco,200,2008_000803.jpg,11,diningtable,diningtable,True,0,12,0.054541297256946564,40.6111,4.0666,101.5869,179.8269,0.0,False,True,0.0,test
