family_id,dataset,image_id,file_name,category_id,category_name,prompt,is_prompt_absent,gt_count,candidate_idx,score,x1,y1,x2,y2,max_iou,is_tp,is_null,evalue,split
lvis:9:815:0,lvis,9,train2017/000000000009.jpg,815,pitchfork,pitchfork,True,0,0,0.29058143496513367,493.3079,395.3624,638.8766,478.8977,0.0,False,True,9.98792270531401,test
lvis:9:815:0,lvis,9,train2017/000000000009.jpg,815,pitchfork,pitchfork,True,0,1,0.16777540743350983,1.8447,192.9442,636.9681,478.4429,0.0,False,True,0.0,test
lvis:9:815:0,lvis,9,train2017/000000000009.jpg,815,pitchfork,pitchfork,True,0,2,0.1557386815547943,1.7797,1.9568,637.5482,478.012,0.0,False,True,0.0,test
lvis:9:815:0,lvis,9,train2017/000000000009.jpg,815,pitchfork,pitchfork,True,0,3,0.13702397048473358,254.3263,230.7248,566.764,477.7724,0.0,False,True,0.0,test
lvis:9:815:0,lvis,9,train2017/000000000009.jpg,815,pitchfork,pitchfork,True,0,4,0.11202570050954819,362.9459,0.1613,574.9423,144.7796,0.0,False,True,0.0,test
lvis:9:815:0,lvis,9,train2017/000000000009.jpg,815,pitchfork,pitchfork,True,0,5,0.10164093971252441,1.2437,13.0347,430.8701,377.9027,0.0,False,True,0.0,test
lvis:9:815:0,lvis,9,train2017/000000000009.jpg,815,pitchfork,pitchfork,True,0,6,0.08757471293210983,71.2713,337.2592,330.9964,478.6521,0.0,False,True,0.0,test
lvis:9:815:0,lvis,9,train2017/000000000009.jpg,815,pitchfork,pitchfork,True,0,7,0.07895318418741226,585.4976,447.814,638.9784,478.9027,0.0,False,True,0.0,test
lvis:9:815:0,lvis,9,train2017/000000000009.jpg,815,pitchfork,pitchfork,True,0,8,0.07705260813236237,452.617,351.664,638.8105,478.8806,0.0,False,True,0.0,test
lvis:9:815:0,lvis,9,train2017/000000000009.jpg,815,pitchfork,pitchfork,True,0,9,0.0742340013384819,511.0002,196.4121,638.9497,406.9746,0.0,False,True,0.0,test
lvis:9:815:0,lvis,9,train2017/000000000009.jpg,815,pitchfork,pitchfork,True,0,10,0.07148153334856033,155.6804,23.3183,382.7827,236.4298,0.0,False,True,0.0,test
lvis:9:815:0,lvis,9,train2017/000000000009.jpg,815,pitchfork,pitchfork,True,0,11,0.06756769120693207,0.8728,110.5617,228.7585,301.1859,0.0,False,True,0.0,test
lvis:9:815:0,lvis,9,train2017/000000000009.jpg,815,pitchfork,pitchfork,True,0,12,0.06621884554624557,70.6921,231.3342,568.2577,478.0551,0.0,False,True,0.0,test
lvis:9:815:0,lvis,9,train2017/000000000009.jpg,815,pitchfork,pitchfork,True,0,13,0.06590207666158676,211.7061,45.5925,382.3665,225.2178,0.0,False,True,0.0,test
lvis:9:815:0,lvis,9,train2017/000000000009.jpg,815,pitchfork,pitchfork,True,0,14,0.0635155513882637,154.8087,90.2113,197.9814,159.5276,0.0,False,True,0.0,test
lvis:9:815:0,lvis,9,train2017/000000000009.jpg,815,pitchfork,pitchfork,True,0,15,0.062452010810375214,70.0935,337.3831,637.7261,478.7529,0.0,False,True,0.0,test
lvis:9:815:0,lvis,9,train2017/000000000009.jpg,815,pitchfork,pitchfork,True,0,16,0.0591190941631794,154.5844,90.5697,240.2217,226.2173,0.0,False,True,0.0,test
lvis:9:815:0,lvis,9,train2017/000000000009.jpg,815,pitchfork,pitchfork,True,0,17,0.0583806149661541,511.7451,196.854,638.909,318.2296,0.0,False,True,0.0,test
lvis:9:815:0,lvis,9,train2017/000000000009.jpg,815,pitchfork,pitchfork,True,0,18,0.056109145283699036,2.1439,25.116,383.4905,300.5499,0.0,False,True,0.0,test
lvis:9:815:0,lvis,9,train2017/000000000009.jpg,815,pitchfork,pitchfork,True,0,19,0.05361148715019226,252.1687,182.5635,299.7821,226.1499,0.0,False,True,0.0,test
lvis:9:815:0,lvis,9,train2017/000000000009.jpg,815,pitchfork,pitchfork,True,0,20,0.05255424231290817,379.9905,231.0239,566.1713,464.9309,0.0,False,True,0.0,test
lvis:9:815:0,lvis,9,train2017/000000000009.jpg,815,pitchfork,pitchfork,True,0,21,0.050429604947566986,181.9147,150.8941,240.3458,194.3867,0.0,False,True,0.0,test
lvis:9:458:1,lvis,9,train2017/000000000009.jpg,458,fleece,fleece,True,0,0,0.3593215346336365,70.1248,342.7711,331.629,478.5263,0.0,False,True,9.98792270531401,test
lvis:9:458:1,lvis,9,train2017/000000000009.jpg,458,fleece,fleece,True,0,1,0.3048285245895386,0.9127,110.2233,227.8147,299.2752,0.0,False,True,9.98792270531401,test
lvis:9:458:1,lvis,9,train2017/000000000009.jpg,458,fleece,fleece,True,0,2,0.2979700565338135,211.3401,45.2461,382.3816,212.1125,0.0,False,True,9.98792270531401,test
lvis:9:458:1,lvis,9,train2017/000000000009.jpg,458,fleece,fleece,True,0,3,0.18398641049861908,175.2271,23.4582,383.3492,220.0464,0.0,False,True,0.0,test
lvis:9:458:1,lvis,9,train2017/000000000009.jpg,458,fleece,fleece,True,0,4,0.15399421751499176,254.7268,230.7797,567.4939,477.4137,0.0,False,True,0.0,test
lvis:9:458:1,lvis,9,train2017/000000000009.jpg,458,fleece,fleece,True,0,5,0.12463796883821487,511.1096,195.6639,638.8423,407.272,0.0,False,True,0.0,test
lvis:9:458:1,lvis,9,train2017/000000000009.jpg,458,fleece,fleece,True,0,6,0.12430673092603683,362.4308,0.2673,575.7836,144.7522,0.0,False,True,0.0,test
lvis:9:458:1,lvis,9,train2017/000000000009.jpg,458,fleece,fleece,True,0,7,0.11973758041858673,4.9119,115.8787,185.2704,275.2456,0.0,False,True,0.0,test
lvis:9:458:1,lvis,9,train2017/000000000009.jpg,458,fleece,fleece,True,0,8,0.1118825227022171,1.7936,21.103,383.1963,340.4336,0.0,False,True,0.0,test
lvis:9:458:1,lvis,9,train2017/000000000009.jpg,458,fleece,fleece,True,0,9,0.09770741313695908,511.7182,196.4322,638.9055,318.7155,0.0,False,True,0.0,test
lvis:9:458:1,lvis,9,train2017/000000000009.jpg,458,fleece,fleece,True,0,10,0.0763646587729454,172.3173,23.3165,278.5942,157.9987,0.0,False,True,0.0,test
lvis:9:458:1,lvis,9,train2017/000000000009.jpg,458,fleece,fleece,True,0,11,0.06818394362926483,465.753,55.6222,574.0089,143.8881,0.0,False,True,0.0,test
lvis:9:458:1,lvis,9,train2017/000000000009.jpg,458,fleece,fleece,True,0,12,0.06786180287599564,373.5596,231.7078,566.7126,468.3557,0.0,False,True,0.0,test
lvis:9:458:1,lvis,9,train2017/000000000009.jpg,458,fleece,fleece,True,0,13,0.0673363134264946,4.1926,4.7118,633.6573,476.318,0.0,False,True,0.0,test
lvis:9:458:1,lvis,9,train2017/000000000009.jpg,458,fleece,fleece,True,0,14,0.06629946082830429,0.4105,287.4402,89.9352,344.8554,0.0,False,True,0.0,test
lvis:9:458:1,lvis,9,train2017/000000000009.jpg,458,fleece,fleece,True,0,15,0.06622819602489471,8.5962,126.0342,161.1328,249.0755,0.0,False,True,0.0,test
lvis:9:458:1,lvis,9,train2017/000000000009.jpg,458,fleece,fleece,True,0,16,0.06125198304653168,154.173,18.8019,423.1388,241.5626,0.0,False,True,0.0,test
lvis:9:458:1,lvis,9,train2017/000000000009.jpg,458,fleece,fleece,True,0,17,0.05708254501223564,240.5175,67.0662,350.005,174.3416,0.0,False,True,0.0,test
lvis:9:458:1,lvis,9,train2017/000000000009.jpg,458,fleece,fleece,True,0,18,0.05612937733530998,68.7459,231.7746,567.9422,477.9376,0.0,False,True,0.0,test
lvis:9:458:1,lvis,9,train2017/000000000009.jpg,458,fleece,fleece,True,0,19,0.05425344780087471,127.314,354.638,297.1625,474.9439,0.0,False,True,0.0,test
lvis:9:458:1,lvis,9,train2017/000000000009.jpg,458,fleece,fleece,True,0,20,0.05143515393137932,5.3386,192.8351,635.8668,477.7035,0.0,False,True,0.0,test
lvis:25:78:2,lvis,25,train2017/000000000025.jpg,78,bedpan,bedpan,True,0,0,0.4271756410598755,378.1095,60.8491,603.6101,356.9973,0.0,False,True,9.98792270531401,test
lvis:25:78:2,lvis,25,train2017/000000000025.jpg,78,bedpan,bedpan,True,0,1,0.22979052364826202,50.1907,352.8409,182.4882,413.87,0.0,False,True,9.98792270531401,test
lvis:25:78:2,lvis,25,train2017/000000000025.jpg,78,bedpan,bedpan,True,0,2,0.20019978284835815,268.1265,11.1795,604.2886,359.7345,0.0,False,True,9.98792270531401,test
lvis:25:78:2,lvis,25,train2017/000000000025.jpg,78,bedpan,bedpan,True,0,3,0.13768725097179413,321.0894,322.7973,638.6436,386.5036,0.0,False,True,0.0,test
lvis:25:78:2,lvis,25,train2017/000000000025.jpg,78,bedpan,bedpan,True,0,4,0.13016535341739655,314.2847,96.0161,357.5038,131.0272,0.0,False,True,0.0,test
lvis:25:78:2,lvis,25,train2017/000000000025.jpg,78,bedpan,bedpan,True,0,5,0.11535830795764923,323.9164,43.9664,629.3505,381.4512,0.0,False,True,0.0,test
lvis:25:78:2,lvis,25,train2017/000000000025.jpg,78,bedpan,bedpan,True,0,6,0.11453450471162796,313.3281,91.527,395.7238,131.5624,0.0,False,True,0.0,test
lvis:25:78:2,lvis,25,train2017/000000000025.jpg,78,bedpan,bedpan,True,0,7,0.11138799786567688,49.5384,315.0267,191.9992,414.5715,0.0,False,True,0.0,test
lvis:25:78:2,lvis,25,train2017/000000000025.jpg,78,bedpan,bedpan,True,0,8,0.09400063753128052,320.8772,346.4848,361.1345,387.4524,0.0,False,True,0.0,test
lvis:25:78:2,lvis,25,train2017/000000000025.jpg,78,bedpan,bedpan,True,0,9,0.0905163586139679,379.5251,62.0831,545.4574,302.6113,0.0,False,True,0.0,test
lvis:25:78:2,lvis,25,train2017/000000000025.jpg,78,bedpan,bedpan,True,0,10,0.08208344876766205,241.0294,351.4507,296.1465,381.7642,0.0,False,True,0.0,test
lvis:25:78:2,lvis,25,train2017/000000000025.jpg,78,bedpan,bedpan,True,0,11,0.07889755070209503,65.0879,391.5045,635.9655,424.8927,0.0,False,True,0.0,test
lvis:25:78:2,lvis,25,train2017/000000000025.jpg,78,bedpan,bedpan,True,0,12,0.07886718213558197,239.4648,349.9014,310.6038,385.7019,0.0,False,True,0.0,test
lvis:25:78:2,lvis,25,train2017/000000000025.jpg,78,bedpan,bedpan,True,0,13,0.07306719571352005,5.493,3.2621,635.304,419.0295,0.0,False,True,0.0,test
lvis:25:78:2,lvis,25,train2017/000000000025.jpg,78,bedpan,bedpan,True,0,14,0.0695323646068573,56.4286,322.2563,637.63,422.8549,0.0,False,True,0.0,test
lvis:25:78:2,lvis,25,train2017/000000000025.jpg,78,bedpan,bedpan,True,0,15,0.0694119930267334,137.88,379.7937,214.0416,391.7749,0.0,False,True,0.0,test
lvis:25:78:2,lvis,25,train2017/000000000025.jpg,78,bedpan,bedpan,True,0,16,0.06776820868253708,64.6544,374.6265,637.5054,424.7686,0.0,False,True,0.0,test
lvis:25:78:2,lvis,25,train2017/000000000025.jpg,78,bedpan,bedpan,True,0,17,0.06695831567049026,362.4578,90.2288,399.0094,124.4777,0.0,False,True,0.0,test
lvis:25:78:2,lvis,25,train2017/000000000025.jpg,78,bedpan,bedpan,True,0,18,0.06353471428155899,363.6011,92.3704,386.3912,122.4637,0.0,False,True,0.0,test
lvis:25:78:2,lvis,25,train2017/000000000025.jpg,78,bedpan,bedpan,True,0,19,0.059331994503736496,219.0141,369.9161,262.6262,386.7262,0.0,False,True,0.0,test
lvis:25:78:2,lvis,25,train2017/000000000025.jpg,78,bedpan,bedpan,True,0,20,0.05793120339512825,160.7654,7.5604,623.6073,380.2539,0.0,False,True,0.0,test
lvis:25:78:2,lvis,25,train2017/000000000025.jpg,78,bedpan,bedpan,True,0,21,0.057349760085344315,325.2506,344.844,637.0616,383.5551,0.0,False,True,0.0,test
lvis:25:78:2,lvis,25,train2017/000000000025.jpg,78,bedpan,bedpan,True,0,22,0.056939031928777695,286.3294,360.293,310.7642,376.9163,0.0,False,True,0.0,test
lvis:25:78:2,lvis,25,train2017/000000000025.jpg,78,bedpan,bedpan,True,0,23,0.0553085096180439,146.019,354.0034,182.2693,386.2264,0.0,False,True,0.0,test
lvis:25:78:2,lvis,25,train2017/000000000025.jpg,78,bedpan,bedpan,True,0,24,0.0536143034696579,444.5244,126.3105,597.7946,164.1722,0.0,False,True,0.0,test
lvis:25:78:2,lvis,25,train2017/000000000025.jpg,78,bedpan,bedpan,True,0,25,0.05095774307847023,262.8149,368.1353,296.5635,380.3466,0.0,False,True,0.0,test
lvis:25:812:3,lvis,25,train2017/000000000025.jpg,812,pistol,pistol,True,0,0,0.4598979353904724,377.7473,60.6388,603.158,356.913,0.0,False,True,9.98792270531401,test
lvis:25:812:3,lvis,25,train2017/000000000025.jpg,812,pistol,pistol,True,0,1,0.18567299842834473,269.2764,11.0526,603.0503,358.7677,0.0,False,True,0.0,test
lvis:25:812:3,lvis,25,train2017/000000000025.jpg,812,pistol,pistol,True,0,2,0.15126241743564606,50.4019,352.7983,182.667,413.5239,0.0,False,True,0.0,test
lvis:25:812:3,lvis,25,train2017/000000000025.jpg,812,pistol,pistol,True,0,3,0.11690111458301544,319.5902,346.4063,360.195,388.5668,0.0,False,True,0.0,test
lvis:25:812:3,lvis,25,train2017/000000000025.jpg,812,pistol,pistol,True,0,4,0.09966744482517242,241.0278,351.0598,296.1901,383.1166,0.0,False,True,0.0,test
lvis:25:812:3,lvis,25,train2017/000000000025.jpg,812,pistol,pistol,True,0,5,0.08386682718992233,49.8822,314.6365,192.0528,414.0058,0.0,False,True,0.0,test
lvis:25:812:3,lvis,25,train2017/000000000025.jpg,812,pistol,pistol,True,0,6,0.08134138584136963,239.6985,348.901,310.0265,387.6955,0.0,False,True,0.0,test
lvis:25:812:3,lvis,25,train2017/000000000025.jpg,812,pistol,pistol,True,0,7,0.07806261628866196,378.4835,60.5554,488.3484,355.4202,0.0,False,True,0.0,test
lvis:25:812:3,lvis,25,train2017/000000000025.jpg,812,pistol,pistol,True,0,8,0.07749979197978973,315.3518,95.6985,357.6707,130.5402,0.0,False,True,0.0,test
lvis:25:812:3,lvis,25,train2017/000000000025.jpg,812,pistol,pistol,True,0,9,0.07153241336345673,146.6934,353.9152,181.9482,385.5436,0.0,False,True,0.0,test
lvis:25:812:3,lvis,25,train2017/000000000025.jpg,812,pistol,pistol,True,0,10,0.07138301432132721,360.4903,159.6484,383.2654,181.9299,0.0,False,True,0.0,test
lvis:25:812:3,lvis,25,train2017/000000000025.jpg,812,pistol,pistol,True,0,11,0.07028708606958389,416.7602,0.2009,522.2402,27.655,0.0,False,True,0.0,test
lvis:25:812:3,lvis,25,train2017/000000000025.jpg,812,pistol,pistol,True,0,12,0.06979668885469437,314.8743,46.7942,561.4751,327.3098,0.0,False,True,0.0,test
lvis:25:812:3,lvis,25,train2017/000000000025.jpg,812,pistol,pistol,True,0,13,0.06407225131988525,392.3195,302.7885,425.1302,358.5541,0.0,False,True,0.0,test
lvis:25:812:3,lvis,25,train2017/000000000025.jpg,812,pistol,pistol,True,0,14,0.062402863055467606,372.8225,182.1617,417.4445,199.6227,0.0,False,True,0.0,test
lvis:25:812:3,lvis,25,train2017/000000000025.jpg,812,pistol,pistol,True,0,15,0.062340591102838516,392.4272,302.3284,420.5459,322.2099,0.0,False,True,0.0,test
lvis:25:812:3,lvis,25,train2017/000000000025.jpg,812,pistol,pistol,True,0,16,0.06228809058666229,363.0798,91.5673,392.4849,122.6191,0.0,False,True,0.0,test
lvis:25:812:3,lvis,25,train2017/000000000025.jpg,812,pistol,pistol,True,0,17,0.06227775290608406,373.8415,61.37,535.52,274.8877,0.0,False,True,0.0,test
lvis:25:812:3,lvis,25,train2017/000000000025.jpg,812,pistol,pistol,True,0,18,0.06160382926464081,319.9513,323.9051,637.9732,388.4049,0.0,False,True,0.0,test
lvis:25:812:3,lvis,25,train2017/000000000025.jpg,812,pistol,pistol,True,0,19,0.05687496066093445,393.183,304.3774,414.4625,317.6695,0.0,False,True,0.0,test
lvis:25:812:3,lvis,25,train2017/000000000025.jpg,812,pistol,pistol,True,0,20,0.05581137165427208,359.5462,158.3467,416.4216,213.1473,0.0,False,True,0.0,test
lvis:25:812:3,lvis,25,train2017/000000000025.jpg,812,pistol,pistol,True,0,21,0.055075399577617645,377.1658,61.2017,424.8133,122.3165,0.0,False,True,0.0,test
lvis:25:812:3,lvis,25,train2017/000000000025.jpg,812,pistol,pistol,True,0,22,0.05497453734278679,371.3294,180.7116,417.6642,213.0959,0.0,False,True,0.0,test
lvis:25:812:3,lvis,25,train2017/000000000025.jpg,812,pistol,pistol,True,0,23,0.05473356321454048,320.1326,343.5965,636.6589,387.4765,0.0,False,True,0.0,test
lvis:25:812:3,lvis,25,train2017/000000000025.jpg,812,pistol,pistol,True,0,24,0.054501984268426895,379.4253,95.2272,398.0983,118.5274,0.0,False,True,0.0,test
lvis:25:812:3,lvis,25,train2017/000000000025.jpg,812,pistol,pistol,True,0,25,0.052179839462041855,262.2618,368.2809,296.2899,380.2646,0.0,False,True,0.0,test
lvis:25:812:3,lvis,25,train2017/000000000025.jpg,812,pistol,pistol,True,0,26,0.05146745592355728,139.3152,352.3162,191.8889,391.5413,0.0,False,True,0.0,test
lvis:25:812:3,lvis,25,train2017/000000000025.jpg,812,pistol,pistol,True,0,27,0.05140762776136398,444.2206,237.2594,459.9911,274.6302,0.0,False,True,0.0,test
lvis:25:812:3,lvis,25,train2017/000000000025.jpg,812,pistol,pistol,True,0,28,0.05052829533815384,138.3542,379.4735,213.6589,392.0913,0.0,False,True,0.0,test
lvis:81:93:4,lvis,81,train2017/000000000081.jpg,93,Bible,Bible,True,0,0,0.5998715162277222,33.4458,29.1097,622.5809,354.997,0.0,False,True,9.98792270531401,test
lvis:81:93:4,lvis,81,train2017/000000000081.jpg,93,Bible,Bible,True,0,1,0.08092035353183746,400.8759,73.1313,434.894,96.7771,0.0,False,True,0.0,test
lvis:81:93:4,lvis,81,train2017/000000000081.jpg,93,Bible,Bible,True,0,2,0.07450029253959656,102.0719,175.5942,232.0874,191.2791,0.0,False,True,0.0,test
lvis:81:93:4,lvis,81,train2017/000000000081.jpg,93,Bible,Bible,True,0,3,0.06270585209131241,35.9859,100.4612,616.5162,268.5408,0.0,False,True,0.0,test
lvis:81:93:4,lvis,81,train2017/000000000081.jpg,93,Bible,Bible,True,0,4,0.06147998198866844,313.9903,107.5177,370.956,141.7837,0.0,False,True,0.0,test
lvis:81:93:4,lvis,81,train2017/000000000081.jpg,93,Bible,Bible,True,0,5,0.05423343926668167,215.5611,304.8992,273.3057,338.6304,0.0,False,True,0.0,test
lvis:81:93:4,lvis,81,train2017/000000000081.jpg,93,Bible,Bible,True,0,6,0.05064677819609642,233.4104,158.5106,290.5089,192.039,0.0,False,True,0.0,test
lvis:139:389:7,lvis,139,val2017/000000000139.jpg,389,dragonfly,dragonfly,True,0,0,0.19710712134838104,6.1652,38.0786,173.1089,129.2069,0.0,False,True,9.98792270531401,test
lvis:139:389:7,lvis,139,val2017/000000000139.jpg,389,dragonfly,dragonfly,True,0,1,0.1308647245168686,448.2431,119.9876,461.7479,141.8434,0.0,False,True,0.0,test
lvis:139:389:7,lvis,139,val2017/000000000139.jpg,389,dragonfly,dragonfly,True,0,2,0.1250668466091156,66.5624,61.9824,74.1379,100.3689,0.0,False,True,0.0,test
lvis:139:389:7,lvis,139,val2017/000000000139.jpg,389,dragonfly,dragonfly,True,0,3,0.11608648300170898,6.271,165.17,154.4804,270.6501,0.0,False,True,0.0,test
lvis:139:389:7,lvis,139,val2017/000000000139.jpg,389,dragonfly,dragonfly,True,0,4,0.10766497254371643,576.2416,248.5154,603.8961,312.514,0.0,False,True,0.0,test
lvis:139:389:7,lvis,139,val2017/000000000139.jpg,389,dragonfly,dragonfly,True,0,5,0.1073339655995369,121.0734,69.9769,127.9446,107.9212,0.0,False,True,0.0,test
lvis:139:389:7,lvis,139,val2017/000000000139.jpg,389,dragonfly,dragonfly,True,0,6,0.1053835079073906,66.1845,61.1016,128.1771,108.5738,0.0,False,True,0.0,test
lvis:139:389:7,lvis,139,val2017/000000000139.jpg,389,dragonfly,dragonfly,True,0,7,0.09296689182519913,18.4195,39.1313,127.9899,108.0644,0.0,False,True,0.0,test
lvis:139:389:7,lvis,139,val2017/000000000139.jpg,389,dragonfly,dragonfly,True,0,8,0.07254954427480698,207.5934,137.2599,266.5586,209.6337,0.0,False,True,0.0,test
lvis:139:389:7,lvis,139,val2017/000000000139.jpg,389,dragonfly,dragonfly,True,0,9,0.06583136320114136,458.525,158.396,467.0472,168.1401,0.0,False,True,0.0,test
lvis:139:389:7,lvis,139,val2017/000000000139.jpg,389,dragonfly,dragonfly,True,0,10,0.06443469226360321,567.639,85.0338,638.5807,118.9402,0.0,False,True,0.0,test
lvis:139:389:7,lvis,139,val2017/000000000139.jpg,389,dragonfly,dragonfly,True,0,11,0.061910372227430344,549.4952,248.2211,604.3158,399.7673,0.0,False,True,0.0,test
lvis:139:389:7,lvis,139,val2017/000000000139.jpg,389,dragonfly,dragonfly,True,0,12,0.05116062983870506,332.444,175.3097,380.3959,216.0552,0.0,False,True,0.0,test
lvis:154:541:8,lvis,154,train2017/000000000154.jpg,541,handsaw,handsaw,True,0,0,0.35506463050842285,40.7544,190.9899,314.1876,333.3199,0.0,False,True,9.98792270531401,test
lvis:154:541:8,lvis,154,train2017/000000000154.jpg,541,handsaw,handsaw,True,0,1,0.32018354535102844,16.7611,317.2064,359.0944,638.1116,0.0,False,True,9.98792270531401,test
lvis:154:541:8,lvis,154,train2017/000000000154.jpg,541,handsaw,handsaw,True,0,2,0.21861036121845245,238.4449,94.2193,338.1548,155.9787,0.0,False,True,9.98792270531401,test
lvis:154:541:8,lvis,154,train2017/000000000154.jpg,541,handsaw,handsaw,True,0,3,0.052737850695848465,17.6187,316.775,359.2535,505.9157,0.0,False,True,0.0,test
lvis:285:803:12,lvis,285,val2017/000000000285.jpg,803,piggy_bank,piggy_bank,True,0,0,0.5726592540740967,1.8068,67.3901,584.024,637.464,0.0,False,True,9.98792270531401,test
lvis:285:803:12,lvis,285,val2017/000000000285.jpg,803,piggy_bank,piggy_bank,True,0,1,0.09333760291337967,55.891,71.1282,505.3861,541.8951,0.0,False,True,0.0,test
lvis:285:803:12,lvis,285,val2017/000000000285.jpg,803,piggy_bank,piggy_bank,True,0,2,0.07610135525465012,165.9878,449.0466,278.637,498.0899,0.0,False,True,0.0,test
lvis:285:803:12,lvis,285,val2017/000000000285.jpg,803,piggy_bank,piggy_bank,True,0,3,0.053899701684713364,171.6251,457.2589,275.1219,486.5854,0.0,False,True,0.0,test
lvis:285:803:12,lvis,285,val2017/000000000285.jpg,803,piggy_bank,piggy_bank,True,0,4,0.05010627955198288,156.8864,361.8646,243.7416,440.3251,0.0,False,True,0.0,test
lvis:285:1030:13,lvis,285,val2017/000000000285.jpg,1030,subwoofer,subwoofer,True,0,0,0.7055644392967224,1.6039,68.0844,584.3449,637.5028,0.0,False,True,9.98792270531401,test
lvis:285:1030:13,lvis,285,val2017/000000000285.jpg,1030,subwoofer,subwoofer,True,0,1,0.11200088262557983,57.1039,69.1989,493.1945,534.317,0.0,False,True,0.0,test
lvis:285:1030:13,lvis,285,val2017/000000000285.jpg,1030,subwoofer,subwoofer,True,0,2,0.07878243923187256,156.9003,361.7308,243.4659,440.2212,0.0,False,True,0.0,test
lvis:285:1030:13,lvis,285,val2017/000000000285.jpg,1030,subwoofer,subwoofer,True,0,3,0.06315816193819046,68.1958,80.4523,181.2544,214.7754,0.0,False,True,0.0,test
lvis:285:1030:13,lvis,285,val2017/000000000285.jpg,1030,subwoofer,subwoofer,True,0,4,0.0585191436111927,346.9595,91.9995,461.293,224.48,0.0,False,True,0.0,test
lvis:294:348:15,lvis,294,train2017/000000000294.jpg,348,hair_curler,hair_curler,True,0,0,0.2847685217857361,102.3293,67.6456,183.1183,127.4383,0.0,False,True,9.98792270531401,test
lvis:294:348:15,lvis,294,train2017/000000000294.jpg,348,hair_curler,hair_curler,True,0,1,0.24621404707431793,22.7086,67.6154,396.9152,424.032,0.0,False,True,9.98792270531401,test
lvis:294:348:15,lvis,294,train2017/000000000294.jpg,348,hair_curler,hair_curler,True,0,2,0.1991589516401291,441.0519,125.7657,507.4215,241.7034,0.0,False,True,9.98792270531401,test
lvis:294:348:15,lvis,294,train2017/000000000294.jpg,348,hair_curler,hair_curler,True,0,3,0.18464992940425873,503.1456,310.2891,638.4094,424.4356,0.0,False,True,0.0,test
lvis:294:348:15,lvis,294,train2017/000000000294.jpg,348,hair_curler,hair_curler,True,0,4,0.16256260871887207,89.583,60.3784,196.2545,141.9008,0.0,False,True,0.0,test
lvis:294:348:15,lvis,294,train2017/000000000294.jpg,348,hair_curler,hair_curler,True,0,5,0.15027838945388794,110.3278,67.9671,173.7894,92.5391,0.0,False,True,0.0,test
lvis:294:348:15,lvis,294,train2017/000000000294.jpg,348,hair_curler,hair_curler,True,0,6,0.14449617266654968,104.4106,65.92,180.1823,101.8331,0.0,False,True,0.0,test
lvis:294:348:15,lvis,294,train2017/000000000294.jpg,348,hair_curler,hair_curler,True,0,7,0.14149223268032074,223.1994,354.399,364.3201,425.365,0.0,False,True,0.0,test
lvis:294:348:15,lvis,294,train2017/000000000294.jpg,348,hair_curler,hair_curler,True,0,8,0.13545088469982147,295.3306,366.85,328.2779,425.7036,0.0,False,True,0.0,test
lvis:294:348:15,lvis,294,train2017/000000000294.jpg,348,hair_curler,hair_curler,True,0,9,0.1307648867368698,238.0213,24.7908,335.8619,149.799,0.0,False,True,0.0,test
lvis:294:348:15,lvis,294,train2017/000000000294.jpg,348,hair_curler,hair_curler,True,0,10,0.1303381621837616,0.2972,0.0991,31.6269,34.7194,0.0,False,True,0.0,test
lvis:294:348:15,lvis,294,train2017/000000000294.jpg,348,hair_curler,hair_curler,True,0,11,0.126953586935997,140.0674,2.7432,636.5353,424.1288,0.0,False,True,0.0,test
lvis:294:348:15,lvis,294,train2017/000000000294.jpg,348,hair_curler,hair_curler,True,0,12,0.12207592278718948,0.5082,0.3165,54.3021,57.3129,0.0,False,True,0.0,test
lvis:294:348:15,lvis,294,train2017/000000000294.jpg,348,hair_curler,hair_curler,True,0,13,0.11642991751432419,22.4239,66.8324,234.8441,423.752,0.0,False,True,0.0,test
lvis:294:348:15,lvis,294,train2017/000000000294.jpg,348,hair_curler,hair_curler,True,0,14,0.11564901471138,93.8094,65.6958,189.7131,178.2561,0.0,False,True,0.0,test
lvis:294:348:15,lvis,294,train2017/000000000294.jpg,348,hair_curler,hair_curler,True,0,15,0.11295079439878464,354.7833,253.0447,387.0157,319.3904,0.0,False,True,0.0,test
lvis:294:348:15,lvis,294,train2017/000000000294.jpg,348,hair_curler,hair_curler,True,0,16,0.11209191381931305,257.8292,22.1475,297.5052,48.4737,0.0,False,True,0.0,test
lvis:294:348:15,lvis,294,train2017/000000000294.jpg,348,hair_curler,hair_curler,True,0,17,0.10898321121931076,427.8843,113.2781,522.7649,255.1333,0.0,False,True,0.0,test
lvis:294:348:15,lvis,294,train2017/000000000294.jpg,348,hair_curler,hair_curler,True,0,18,0.09533902257680893,72.5025,52.3559,213.194,172.1957,0.0,False,True,0.0,test
lvis:294:348:15,lvis,294,train2017/000000000294.jpg,348,hair_curler,hair_curler,True,0,19,0.0951286107301712,467.9282,131.5273,489.1618,146.2571,0.0,False,True,0.0,test
lvis:294:348:15,lvis,294,train2017/000000000294.jpg,348,hair_curler,hair_curler,True,0,20,0.09458883106708527,156.4562,9.0794,519.2475,330.2013,0.0,False,True,0.0,test
lvis:294:348:15,lvis,294,train2017/000000000294.jpg,348,hair_curler,hair_curler,True,0,21,0.09164958447217941,421.3781,246.7093,449.2258,359.1379,0.0,False,True,0.0,test
lvis:294:348:15,lvis,294,train2017/000000000294.jpg,348,hair_curler,hair_curler,True,0,22,0.09124308824539185,27.9865,65.9472,299.8491,366.9971,0.0,False,True,0.0,test
lvis:294:348:15,lvis,294,train2017/000000000294.jpg,348,hair_curler,hair_curler,True,0,23,0.08911306411027908,324.6366,245.9197,348.7536,325.144,0.0,False,True,0.0,test
lvis:294:348:15,lvis,294,train2017/000000000294.jpg,348,hair_curler,hair_curler,True,0,24,0.08721230924129486,397.4293,109.3391,440.3765,227.9347,0.0,False,True,0.0,test
lvis:294:348:15,lvis,294,train2017/000000000294.jpg,348,hair_curler,hair_curler,True,0,25,0.08125453442335129,389.5879,244.4484,411.3445,326.8391,0.0,False,True,0.0,test
lvis:294:348:15,lvis,294,train2017/000000000294.jpg,348,hair_curler,hair_curler,True,0,26,0.0808815136551857,464.6503,127.1754,493.4492,150.2632,0.0,False,True,0.0,test
lvis:294:348:15,lvis,294,train2017/000000000294.jpg,348,hair_curler,hair_curler,True,0,27,0.07852399349212646,0.4786,355.3506,32.7664,407.9655,0.0,False,True,0.0,test
lvis:294:348:15,lvis,294,train2017/000000000294.jpg,348,hair_curler,hair_curler,True,0,28,0.07818455994129181,355.2999,289.2948,387.0641,318.1448,0.0,False,True,0.0,test
lvis:294:348:15,lvis,294,train2017/000000000294.jpg,348,hair_curler,hair_curler,True,0,29,0.07595328241586685,220.6431,18.6823,517.8635,420.7308,0.0,False,True,0.0,test
lvis:294:348:15,lvis,294,train2017/000000000294.jpg,348,hair_curler,hair_curler,True,0,30,0.07144511491060257,316.1939,75.6198,405.2471,254.1851,0.0,False,True,0.0,test
lvis:294:348:15,lvis,294,train2017/000000000294.jpg,348,hair_curler,hair_curler,True,0,31,0.06787263602018356,222.1811,309.6321,397.0505,425.1439,0.0,False,True,0.0,test
lvis:294:348:15,lvis,294,train2017/000000000294.jpg,348,hair_curler,hair_curler,True,0,32,0.06740495562553406,408.0474,244.436,425.8509,321.9056,0.0,False,True,0.0,test
lvis:294:348:15,lvis,294,train2017/000000000294.jpg,348,hair_curler,hair_curler,True,0,33,0.06562576442956924,68.9491,59.2926,209.6012,213.7003,0.0,False,True,0.0,test
lvis:294:348:15,lvis,294,train2017/000000000294.jpg,348,hair_curler,hair_curler,True,0,34,0.06506066024303436,292.7061,357.881,361.0583,425.4054,0.0,False,True,0.0,test
lvis:294:348:15,lvis,294,train2017/000000000294.jpg,348,hair_curler,hair_curler,True,0,35,0.06276822090148926,513.0377,28.9038,637.7089,314.9063,0.0,False,True,0.0,test
lvis:294:348:15,lvis,294,train2017/000000000294.jpg,348,hair_curler,hair_curler,True,0,36,0.06262382864952087,125.827,69.734,159.0024,84.9972,0.0,False,True,0.0,test
lvis:294:348:15,lvis,294,train2017/000000000294.jpg,348,hair_curler,hair_curler,True,0,37,0.059421390295028687,417.3671,113.4995,439.3821,219.127,0.0,False,True,0.0,test
lvis:294:348:15,lvis,294,train2017/000000000294.jpg,348,hair_curler,hair_curler,True,0,38,0.058829788118600845,400.0482,111.9237,419.765,226.8934,0.0,False,True,0.0,test
lvis:294:348:15,lvis,294,train2017/000000000294.jpg,348,hair_curler,hair_curler,True,0,39,0.058584410697221756,27.7979,65.2227,229.9461,328.0717,0.0,False,True,0.0,test
lvis:294:348:15,lvis,294,train2017/000000000294.jpg,348,hair_curler,hair_curler,True,0,40,0.0566546656191349,602.9556,247.5554,620.7862,294.9369,0.0,False,True,0.0,test
lvis:294:348:15,lvis,294,train2017/000000000294.jpg,348,hair_curler,hair_curler,True,0,41,0.05636781081557274,281.2174,353.1479,347.0225,425.4635,0.0,False,True,0.0,test
lvis:294:348:15,lvis,294,train2017/000000000294.jpg,348,hair_curler,hair_curler,True,0,42,0.05586886405944824,354.5779,46.0846,398.6718,133.7525,0.0,False,True,0.0,test
lvis:294:348:15,lvis,294,train2017/000000000294.jpg,348,hair_curler,hair_curler,True,0,43,0.053992338478565216,475.1766,288.5831,637.7636,426.3373,0.0,False,True,0.0,test
lvis:294:348:15,lvis,294,train2017/000000000294.jpg,348,hair_curler,hair_curler,True,0,44,0.05362064391374588,0.6419,204.3475,49.077,322.5139,0.0,False,True,0.0,test
lvis:294:348:15,lvis,294,train2017/000000000294.jpg,348,hair_curler,hair_curler,True,0,45,0.05280691385269165,228.1206,363.1777,331.6235,424.9411,0.0,False,True,0.0,test
lvis:294:348:15,lvis,294,train2017/000000000294.jpg,348,hair_curler,hair_curler,True,0,46,0.05263163521885872,387.1013,241.7896,451.8869,359.1259,0.0,False,True,0.0,test
lvis:294:348:15,lvis,294,train2017/000000000294.jpg,348,hair_curler,hair_curler,True,0,47,0.051636114716529846,225.7433,364.2915,299.5554,422.3098,0.0,False,True,0.0,test
lvis:294:348:15,lvis,294,train2017/000000000294.jpg,348,hair_curler,hair_curler,True,0,48,0.0515407919883728,265.2233,130.6021,301.2049,177.3492,0.0,False,True,0.0,test
lvis:294:348:15,lvis,294,train2017/000000000294.jpg,348,hair_curler,hair_curler,True,0,49,0.05018909275531769,245.3494,142.8993,323.7261,323.5416,0.0,False,True,0.0,test
lvis:387:214:16,lvis,387,train2017/000000000387.jpg,214,cargo_ship,cargo_ship,True,0,0,0.40495800971984863,147.0308,46.3083,627.9504,367.095,0.0,False,True,9.98792270531401,test
lvis:387:214:16,lvis,387,train2017/000000000387.jpg,214,cargo_ship,cargo_ship,True,0,1,0.29769766330718994,82.037,47.8866,632.2628,460.1548,0.0,False,True,9.98792270531401,test
lvis:387:214:16,lvis,387,train2017/000000000387.jpg,214,cargo_ship,cargo_ship,True,0,2,0.16576749086380005,395.1053,113.0127,521.0593,201.9887,0.0,False,True,0.0,test
lvis:387:214:16,lvis,387,train2017/000000000387.jpg,214,cargo_ship,cargo_ship,True,0,3,0.1447087526321411,334.6715,103.7396,542.9441,210.0012,0.0,False,True,0.0,test
lvis:387:214:16,lvis,387,train2017/000000000387.jpg,214,cargo_ship,cargo_ship,True,0,4,0.10010570287704468,400.7933,233.8092,471.6629,253.7347,0.0,False,True,0.0,test
lvis:387:214:16,lvis,387,train2017/000000000387.jpg,214,cargo_ship,cargo_ship,True,0,5,0.07445226609706879,500.5871,57.7612,575.9196,71.8181,0.0,False,True,0.0,test
lvis:387:214:16,lvis,387,train2017/000000000387.jpg,214,cargo_ship,cargo_ship,True,0,6,0.05795051530003548,562.2386,423.9592,587.8927,443.5895,0.0,False,True,0.0,test
lvis:387:513:17,lvis,387,train2017/000000000387.jpg,513,gravy_boat,gravy_boat,True,0,0,0.33039239048957825,147.567,47.1311,628.3791,365.5421,0.0,False,True,9.98792270531401,test
lvis:387:513:17,lvis,387,train2017/000000000387.jpg,513,gravy_boat,gravy_boat,True,0,1,0.278164267539978,246.6301,48.4787,626.7384,327.9566,0.0,False,True,9.98792270531401,test
lvis:387:513:17,lvis,387,train2017/000000000387.jpg,513,gravy_boat,gravy_boat,True,0,2,0.2700752317905426,394.4355,112.8882,520.8573,201.6657,0.0,False,True,9.98792270531401,test
lvis:387:513:17,lvis,387,train2017/000000000387.jpg,513,gravy_boat,gravy_boat,True,0,3,0.18539533019065857,335.2599,101.412,543.7811,210.2982,0.0,False,True,0.0,test
lvis:387:513:17,lvis,387,train2017/000000000387.jpg,513,gravy_boat,gravy_boat,True,0,4,0.18232037127017975,81.4523,51.5974,630.1022,459.6243,0.0,False,True,0.0,test
lvis:387:513:17,lvis,387,train2017/000000000387.jpg,513,gravy_boat,gravy_boat,True,0,5,0.08398644626140594,403.8798,117.7926,500.4936,196.7639,0.0,False,True,0.0,test
lvis:387:513:17,lvis,387,train2017/000000000387.jpg,513,gravy_boat,gravy_boat,True,0,6,0.08244523406028748,400.3504,233.2595,472.184,254.0157,0.0,False,True,0.0,test
lvis:387:513:17,lvis,387,train2017/000000000387.jpg,513,gravy_boat,gravy_boat,True,0,7,0.07609351724386215,500.2456,57.4139,576.1124,71.8056,0.0,False,True,0.0,test
lvis:387:513:17,lvis,387,train2017/000000000387.jpg,513,gravy_boat,gravy_boat,True,0,8,0.07387029379606247,405.3656,115.156,470.2498,198.2367,0.0,False,True,0.0,test
lvis:387:513:17,lvis,387,train2017/000000000387.jpg,513,gravy_boat,gravy_boat,True,0,9,0.07378534227609634,325.8334,83.8045,557.6663,227.3783,0.0,False,True,0.0,test
lvis:387:513:17,lvis,387,train2017/000000000387.jpg,513,gravy_boat,gravy_boat,True,0,10,0.062077123671770096,304.3788,297.2108,354.971,355.592,0.0,False,True,0.0,test
lvis:387:513:17,lvis,387,train2017/000000000387.jpg,513,gravy_boat,gravy_boat,True,0,11,0.05165839195251465,288.1297,65.8591,593.9603,278.6703,0.0,False,True,0.0,test
lvis:397:925:21,lvis,397,train2017/000000000397.jpg,925,scraper,scraper,True,0,0,0.5036132335662842,9.0353,39.4538,635.6656,460.8643,0.0,False,True,9.98792270531401,test
lvis:397:925:21,lvis,397,train2017/000000000397.jpg,925,scraper,scraper,True,0,1,0.20956963300704956,417.3388,314.5233,638.3129,478.6316,0.0,False,True,9.98792270531401,test
lvis:397:925:21,lvis,397,train2017/000000000397.jpg,925,scraper,scraper,True,0,2,0.1847904622554779,474.6682,381.1622,602.3871,478.4518,0.0,False,True,0.0,test
lvis:397:925:21,lvis,397,train2017/000000000397.jpg,925,scraper,scraper,True,0,3,0.13840137422084808,62.8227,52.5473,590.6646,390.314,0.0,False,True,0.0,test
lvis:397:925:21,lvis,397,train2017/000000000397.jpg,925,scraper,scraper,True,0,4,0.1302938014268875,0.4464,220.7915,39.8811,371.8231,0.0,False,True,0.0,test
lvis:397:925:21,lvis,397,train2017/000000000397.jpg,925,scraper,scraper,True,0,5,0.10834112763404846,586.0031,65.8491,638.6572,124.0567,0.0,False,True,0.0,test
lvis:397:925:21,lvis,397,train2017/000000000397.jpg,925,scraper,scraper,True,0,6,0.1080150306224823,0.4614,280.3676,39.8104,371.5576,0.0,False,True,0.0,test
lvis:397:925:21,lvis,397,train2017/000000000397.jpg,925,scraper,scraper,True,0,7,0.10799684375524521,415.9921,428.2456,478.4995,477.8354,0.0,False,True,0.0,test
lvis:397:925:21,lvis,397,train2017/000000000397.jpg,925,scraper,scraper,True,0,8,0.10227344930171967,474.1808,364.8337,638.0214,478.2372,0.0,False,True,0.0,test
lvis:397:925:21,lvis,397,train2017/000000000397.jpg,925,scraper,scraper,True,0,9,0.09351997077465057,408.0252,0.4026,465.5162,53.909,0.0,False,True,0.0,test
lvis:397:925:21,lvis,397,train2017/000000000397.jpg,925,scraper,scraper,True,0,10,0.08869268000125885,510.4855,0.1847,575.2068,89.4217,0.0,False,True,0.0,test
lvis:397:925:21,lvis,397,train2017/000000000397.jpg,925,scraper,scraper,True,0,11,0.08479733020067215,416.7058,379.504,603.47,478.4915,0.0,False,True,0.0,test
lvis:397:925:21,lvis,397,train2017/000000000397.jpg,925,scraper,scraper,True,0,12,0.07117532938718796,179.8315,447.0499,253.1785,476.0218,0.0,False,True,0.0,test
lvis:397:925:21,lvis,397,train2017/000000000397.jpg,925,scraper,scraper,True,0,13,0.06761188805103302,503.0811,388.0149,583.8331,465.1803,0.0,False,True,0.0,test
lvis:397:925:21,lvis,397,train2017/000000000397.jpg,925,scraper,scraper,True,0,14,0.06318417191505432,311.2168,263.8238,381.5731,328.2712,0.0,False,True,0.0,test
lvis:397:925:21,lvis,397,train2017/000000000397.jpg,925,scraper,scraper,True,0,15,0.06064766272902489,376.4337,0.327,411.2692,34.1134,0.0,False,True,0.0,test
lvis:397:925:21,lvis,397,train2017/000000000397.jpg,925,scraper,scraper,True,0,16,0.05824441835284233,585.7791,64.854,638.673,172.6227,0.0,False,True,0.0,test
lvis:397:925:21,lvis,397,train2017/000000000397.jpg,925,scraper,scraper,True,0,17,0.057949889451265335,562.1473,314.9898,638.1837,477.4349,0.0,False,True,0.0,test
lvis:397:925:21,lvis,397,train2017/000000000397.jpg,925,scraper,scraper,True,0,18,0.056145988404750824,207.8727,0.2459,267.1103,51.1066,0.0,False,True,0.0,test
lvis:397:925:21,lvis,397,train2017/000000000397.jpg,925,scraper,scraper,True,0,19,0.050344318151474,377.5096,0.2053,476.1241,54.2679,0.0,False,True,0.0,test
lvis:510:304:26,lvis,510,train2017/000000000510.jpg,304,cooking_utensil,cooking_utensil,True,0,0,0.31409910321235657,45.085,223.1438,607.5414,424.0839,0.0,False,True,9.98792270531401,test
lvis:510:304:26,lvis,510,train2017/000000000510.jpg,304,cooking_utensil,cooking_utensil,True,0,1,0.2702702283859253,435.5887,316.9229,456.0015,333.8792,0.0,False,True,9.98792270531401,test
lvis:510:304:26,lvis,510,train2017/000000000510.jpg,304,cooking_utensil,cooking_utensil,True,0,2,0.23123009502887726,256.0692,126.3772,409.3894,426.1839,0.0,False,True,9.98792270531401,test
lvis:510:304:26,lvis,510,train2017/000000000510.jpg,304,cooking_utensil,cooking_utensil,True,0,3,0.22433099150657654,357.2947,228.9283,371.8712,248.9374,0.0,False,True,9.98792270531401,test
lvis:510:304:26,lvis,510,train2017/000000000510.jpg,304,cooking_utensil,cooking_utensil,True,0,4,0.18049034476280212,354.7707,226.6755,375.4198,252.6203,0.0,False,True,0.0,test
lvis:510:304:26,lvis,510,train2017/000000000510.jpg,304,cooking_utensil,cooking_utensil,True,0,5,0.1733013540506363,431.0611,312.1485,460.7664,337.9708,0.0,False,True,0.0,test
lvis:510:304:26,lvis,510,train2017/000000000510.jpg,304,cooking_utensil,cooking_utensil,True,0,6,0.15997283160686493,334.4586,233.5883,346.2766,253.0525,0.0,False,True,0.0,test
lvis:510:304:26,lvis,510,train2017/000000000510.jpg,304,cooking_utensil,cooking_utensil,True,0,7,0.1075231060385704,10.4714,126.9088,629.0679,423.0064,0.0,False,True,0.0,test
lvis:510:304:26,lvis,510,train2017/000000000510.jpg,304,cooking_utensil,cooking_utensil,True,0,8,0.09694650024175644,237.2083,123.7074,455.3085,427.6093,0.0,False,True,0.0,test
lvis:510:304:26,lvis,510,train2017/000000000510.jpg,304,cooking_utensil,cooking_utensil,True,0,9,0.09342407435178757,330.5092,230.5628,350.2484,256.3782,0.0,False,True,0.0,test
lvis:510:304:26,lvis,510,train2017/000000000510.jpg,304,cooking_utensil,cooking_utensil,True,0,10,0.08623938262462616,333.6761,228.623,373.0399,253.4802,0.0,False,True,0.0,test
lvis:510:304:26,lvis,510,train2017/000000000510.jpg,304,cooking_utensil,cooking_utensil,True,0,11,0.08226452767848969,302.579,228.3502,374.2567,285.3427,0.0,False,True,0.0,test
lvis:510:304:26,lvis,510,train2017/000000000510.jpg,304,cooking_utensil,cooking_utensil,True,0,12,0.07898438721895218,304.3671,233.354,347.3685,284.1691,0.0,False,True,0.0,test
lvis:510:304:26,lvis,510,train2017/000000000510.jpg,304,cooking_utensil,cooking_utensil,True,0,13,0.06385471671819687,421.7392,304.2102,474.8147,353.3636,0.0,False,True,0.0,test
lvis:510:304:26,lvis,510,train2017/000000000510.jpg,304,cooking_utensil,cooking_utensil,True,0,14,0.06332803517580032,321.7577,198.9483,354.4312,253.6571,0.0,False,True,0.0,test
lvis:510:304:26,lvis,510,train2017/000000000510.jpg,304,cooking_utensil,cooking_utensil,True,0,15,0.06232102960348129,32.0141,0.1431,82.8522,15.743,0.0,False,True,0.0,test
lvis:510:304:26,lvis,510,train2017/000000000510.jpg,304,cooking_utensil,cooking_utensil,True,0,16,0.06086873635649681,358.0448,230.3147,367.1887,243.124,0.0,False,True,0.0,test
lvis:510:304:26,lvis,510,train2017/000000000510.jpg,304,cooking_utensil,cooking_utensil,True,0,17,0.05731464549899101,333.8594,232.8568,349.0016,284.0837,0.0,False,True,0.0,test
lvis:510:304:26,lvis,510,train2017/000000000510.jpg,304,cooking_utensil,cooking_utensil,True,0,18,0.05481106415390968,76.4804,48.8227,106.7339,71.1567,0.0,False,True,0.0,test
lvis:510:304:26,lvis,510,train2017/000000000510.jpg,304,cooking_utensil,cooking_utensil,True,0,19,0.05392325669527054,348.9523,220.9775,384.4987,263.2711,0.0,False,True,0.0,test
lvis:510:304:26,lvis,510,train2017/000000000510.jpg,304,cooking_utensil,cooking_utensil,True,0,20,0.05224093794822693,289.0548,255.8635,306.4119,281.6943,0.0,False,True,0.0,test
lvis:510:304:26,lvis,510,train2017/000000000510.jpg,304,cooking_utensil,cooking_utensil,True,0,21,0.050458602607250214,287.7782,225.2988,404.3281,287.4863,0.0,False,True,0.0,test
lvis:510:304:26,lvis,510,train2017/000000000510.jpg,304,cooking_utensil,cooking_utensil,True,0,22,0.050129398703575134,320.962,198.7581,373.0952,253.8788,0.0,False,True,0.0,test
lvis:595:231:29,lvis,595,train2017/000000000595.jpg,231,chain_mail,chain_mail,True,0,0,0.5242767930030823,367.7851,299.7539,509.6147,401.9812,0.0,False,True,9.98792270531401,test
lvis:595:231:29,lvis,595,train2017/000000000595.jpg,231,chain_mail,chain_mail,True,0,1,0.14291399717330933,1.5729,187.6424,638.6724,478.1308,0.0,False,True,0.0,test
lvis:595:231:29,lvis,595,train2017/000000000595.jpg,231,chain_mail,chain_mail,True,0,2,0.10537989437580109,371.5676,299.2675,400.6344,310.5343,0.0,False,True,0.0,test
lvis:595:231:29,lvis,595,train2017/000000000595.jpg,231,chain_mail,chain_mail,True,0,3,0.09620047360658646,371.5687,299.5613,496.2045,314.0526,0.0,False,True,0.0,test
lvis:595:231:29,lvis,595,train2017/000000000595.jpg,231,chain_mail,chain_mail,True,0,4,0.0731334239244461,387.9105,328.6079,489.2838,391.9086,0.0,False,True,0.0,test
lvis:595:231:29,lvis,595,train2017/000000000595.jpg,231,chain_mail,chain_mail,True,0,5,0.07089471071958542,370.0724,299.1077,501.7203,329.9162,0.0,False,True,0.0,test
lvis:595:231:29,lvis,595,train2017/000000000595.jpg,231,chain_mail,chain_mail,True,0,6,0.06781260669231415,345.062,282.6234,533.3222,421.4769,0.0,False,True,0.0,test
lvis:595:231:29,lvis,595,train2017/000000000595.jpg,231,chain_mail,chain_mail,True,0,7,0.06411127746105194,91.5006,71.2087,171.4174,122.2877,0.0,False,True,0.0,test
lvis:595:231:29,lvis,595,train2017/000000000595.jpg,231,chain_mail,chain_mail,True,0,8,0.057448916137218475,280.402,398.738,487.3607,478.1418,0.0,False,True,0.0,test
lvis:595:231:29,lvis,595,train2017/000000000595.jpg,231,chain_mail,chain_mail,True,0,9,0.05719932168722153,231.1394,207.3883,280.1994,218.7407,0.0,False,True,0.0,test
lvis:595:231:29,lvis,595,train2017/000000000595.jpg,231,chain_mail,chain_mail,True,0,10,0.05558151751756668,401.796,371.5707,491.146,462.5609,0.0,False,True,0.0,test
lvis:595:231:29,lvis,595,train2017/000000000595.jpg,231,chain_mail,chain_mail,True,0,11,0.05154441297054291,280.2305,400.1248,382.9974,477.2521,0.0,False,True,0.0,test
lvis:595:231:29,lvis,595,train2017/000000000595.jpg,231,chain_mail,chain_mail,True,0,12,0.05125848576426506,362.3445,431.2352,383.107,467.2854,0.0,False,True,0.0,test
lvis:597:618:31,lvis,597,train2017/000000000597.jpg,618,knocker_(on_a_door),knocker_(on_a_door),True,0,0,0.2533687651157379,381.1931,147.5719,453.765,192.6346,0.0,False,True,9.98792270531401,test
lvis:597:618:31,lvis,597,train2017/000000000597.jpg,618,knocker_(on_a_door),knocker_(on_a_door),True,0,1,0.2512921988964081,467.1942,148.2069,542.3306,194.6849,0.0,False,True,9.98792270531401,test
lvis:597:618:31,lvis,597,train2017/000000000597.jpg,618,knocker_(on_a_door),knocker_(on_a_door),True,0,2,0.23869688808918,195.8847,140.6497,273.1367,190.4179,0.0,False,True,9.98792270531401,test
lvis:597:618:31,lvis,597,train2017/000000000597.jpg,618,knocker_(on_a_door),knocker_(on_a_door),True,0,3,0.15837518870830536,134.3651,151.5813,194.5469,189.9174,0.0,False,True,0.0,test
lvis:597:618:31,lvis,597,train2017/000000000597.jpg,618,knocker_(on_a_door),knocker_(on_a_door),True,0,4,0.13602562248706818,335.9997,164.3798,379.2239,192.4672,0.0,False,True,0.0,test
lvis:597:618:31,lvis,597,train2017/000000000597.jpg,618,knocker_(on_a_door),knocker_(on_a_door),True,0,5,0.1324218362569809,2.4502,151.2525,57.7063,188.168,0.0,False,True,0.0,test
lvis:597:618:31,lvis,597,train2017/000000000597.jpg,618,knocker_(on_a_door),knocker_(on_a_door),True,0,6,0.12197864800691605,5.3673,141.6891,545.4686,194.7433,0.0,False,True,0.0,test
lvis:597:618:31,lvis,597,train2017/000000000597.jpg,618,knocker_(on_a_door),knocker_(on_a_door),True,0,7,0.11909424513578415,85.8152,160.5369,127.2135,188.7533,0.0,False,True,0.0,test
lvis:597:618:31,lvis,597,train2017/000000000597.jpg,618,knocker_(on_a_door),knocker_(on_a_door),True,0,8,0.107044517993927,527.5329,164.2594,542.4169,174.6185,0.0,False,True,0.0,test
lvis:597:618:31,lvis,597,train2017/000000000597.jpg,618,knocker_(on_a_door),knocker_(on_a_door),True,0,9,0.09396007657051086,524.5858,161.8484,545.4775,180.8298,0.0,False,True,0.0,test
lvis:597:618:31,lvis,597,train2017/000000000597.jpg,618,knocker_(on_a_door),knocker_(on_a_door),True,0,10,0.0889725536108017,526.4283,163.9937,542.7651,193.586,0.0,False,True,0.0,test
lvis:597:618:31,lvis,597,train2017/000000000597.jpg,618,knocker_(on_a_door),knocker_(on_a_door),True,0,11,0.08827940374612808,459.7515,138.4182,554.0195,203.3269,0.0,False,True,0.0,test
lvis:597:618:31,lvis,597,train2017/000000000597.jpg,618,knocker_(on_a_door),knocker_(on_a_door),True,0,12,0.080299973487854,76.9512,153.6775,130.4151,190.9269,0.0,False,True,0.0,test
lvis:597:618:31,lvis,597,train2017/000000000597.jpg,618,knocker_(on_a_door),knocker_(on_a_door),True,0,13,0.07897765934467316,586.5951,111.8042,637.9107,152.1365,0.0,False,True,0.0,test
lvis:597:618:31,lvis,597,train2017/000000000597.jpg,618,knocker_(on_a_door),knocker_(on_a_door),True,0,14,0.07850480824708939,613.4683,120.2221,622.2401,130.0123,0.0,False,True,0.0,test
lvis:597:618:31,lvis,597,train2017/000000000597.jpg,618,knocker_(on_a_door),knocker_(on_a_door),True,0,15,0.07733168452978134,184.1135,131.3899,286.8068,198.7372,0.0,False,True,0.0,test
lvis:597:618:31,lvis,597,train2017/000000000597.jpg,618,knocker_(on_a_door),knocker_(on_a_door),True,0,16,0.07424454391002655,12.0293,121.8497,555.6555,205.545,0.0,False,True,0.0,test
lvis:597:618:31,lvis,597,train2017/000000000597.jpg,618,knocker_(on_a_door),knocker_(on_a_door),True,0,17,0.0731317326426506,2.309,168.8593,637.6684,245.6334,0.0,False,True,0.0,test
lvis:597:618:31,lvis,597,train2017/000000000597.jpg,618,knocker_(on_a_door),knocker_(on_a_door),True,0,18,0.07049011439085007,586.9495,114.6323,637.8142,142.9612,0.0,False,True,0.0,test
lvis:597:618:31,lvis,597,train2017/000000000597.jpg,618,knocker_(on_a_door),knocker_(on_a_door),True,0,19,0.06651627272367477,442.5295,162.8339,452.8084,171.1125,0.0,False,True,0.0,test
lvis:597:618:31,lvis,597,train2017/000000000597.jpg,618,knocker_(on_a_door),knocker_(on_a_door),True,0,20,0.06541381031274796,335.7125,147.2826,454.8922,193.4777,0.0,False,True,0.0,test
lvis:597:618:31,lvis,597,train2017/000000000597.jpg,618,knocker_(on_a_door),knocker_(on_a_door),True,0,21,0.06323330104351044,184.7243,156.9743,206.9034,170.0744,0.0,False,True,0.0,test
lvis:597:618:31,lvis,597,train2017/000000000597.jpg,618,knocker_(on_a_door),knocker_(on_a_door),True,0,22,0.06246882677078247,7.0296,60.3388,630.7697,240.1583,0.0,False,True,0.0,test
lvis:597:618:31,lvis,597,train2017/000000000597.jpg,618,knocker_(on_a_door),knocker_(on_a_door),True,0,23,0.06232553347945213,252.2076,158.0253,272.9263,170.168,0.0,False,True,0.0,test
lvis:597:618:31,lvis,597,train2017/000000000597.jpg,618,knocker_(on_a_door),knocker_(on_a_door),True,0,24,0.06230204179883003,369.7543,136.1372,466.8122,204.6633,0.0,False,True,0.0,test
lvis:597:618:31,lvis,597,train2017/000000000597.jpg,618,knocker_(on_a_door),knocker_(on_a_door),True,0,25,0.06224715709686279,330.2957,158.3574,384.4324,197.8669,0.0,False,True,0.0,test
lvis:597:618:31,lvis,597,train2017/000000000597.jpg,618,knocker_(on_a_door),knocker_(on_a_door),True,0,26,0.061558373272418976,133.9818,140.4695,274.3045,190.8145,0.0,False,True,0.0,test
lvis:597:618:31,lvis,597,train2017/000000000597.jpg,618,knocker_(on_a_door),knocker_(on_a_door),True,0,27,0.06107533350586891,335.0433,146.7467,544.0692,194.8403,0.0,False,True,0.0,test
lvis:597:618:31,lvis,597,train2017/000000000597.jpg,618,knocker_(on_a_door),knocker_(on_a_door),True,0,28,0.061030156910419464,6.6572,126.7604,630.8215,239.9293,0.0,False,True,0.0,test
lvis:597:618:31,lvis,597,train2017/000000000597.jpg,618,knocker_(on_a_door),knocker_(on_a_door),True,0,29,0.05754561349749565,611.328,118.2799,626.2561,131.7689,0.0,False,True,0.0,test
lvis:597:618:31,lvis,597,train2017/000000000597.jpg,618,knocker_(on_a_door),knocker_(on_a_door),True,0,30,0.05415689945220947,520.528,158.441,549.1888,196.7388,0.0,False,True,0.0,test
lvis:597:618:31,lvis,597,train2017/000000000597.jpg,618,knocker_(on_a_door),knocker_(on_a_door),True,0,31,0.053986478596925735,2.1101,141.34,69.5409,192.7648,0.0,False,True,0.0,test
lvis:597:618:31,lvis,597,train2017/000000000597.jpg,618,knocker_(on_a_door),knocker_(on_a_door),True,0,32,0.05120463669300079,440.1549,160.7164,455.1917,173.4443,0.0,False,True,0.0,test
lvis:597:618:31,lvis,597,train2017/000000000597.jpg,618,knocker_(on_a_door),knocker_(on_a_door),True,0,33,0.050417184829711914,586.8569,117.21,620.994,145.7061,0.0,False,True,0.0,test
lvis:605:640:32,lvis,605,train2017/000000000605.jpg,640,lemonade,lemonade,True,0,0,0.5524201989173889,294.4944,121.2088,513.5099,298.4211,0.0,False,True,9.98792270531401,test
lvis:605:640:32,lvis,605,train2017/000000000605.jpg,640,lemonade,lemonade,True,0,1,0.39134570956230164,299.1532,121.7499,471.3685,232.0019,0.0,False,True,9.98792270531401,test
lvis:605:640:32,lvis,605,train2017/000000000605.jpg,640,lemonade,lemonade,True,0,2,0.08054018765687943,236.5665,118.3563,517.2195,354.4177,0.0,False,True,0.0,test
lvis:605:640:32,lvis,605,train2017/000000000605.jpg,640,lemonade,lemonade,True,0,3,0.07977952808141708,411.864,30.577,552.8348,170.9834,0.0,False,True,0.0,test
lvis:605:640:32,lvis,605,train2017/000000000605.jpg,640,lemonade,lemonade,True,0,4,0.05879608169198036,0.737,130.0963,133.5894,319.8721,0.0,False,True,0.0,test
lvis:605:640:32,lvis,605,train2017/000000000605.jpg,640,lemonade,lemonade,True,0,5,0.05171947926282883,45.1276,0.0127,233.5904,83.9137,0.0,False,True,0.0,test
lvis:605:640:32,lvis,605,train2017/000000000605.jpg,640,lemonade,lemonade,True,0,6,0.05096341297030449,94.6538,0.0622,222.6331,68.9419,0.0,False,True,0.0,test
lvis:605:357:33,lvis,605,train2017/000000000605.jpg,357,date_(fruit),date_(fruit),True,0,0,0.3554076850414276,508.9438,210.7472,637.0368,342.5498,0.0,False,True,9.98792270531401,test
lvis:605:357:33,lvis,605,train2017/000000000605.jpg,357,date_(fruit),date_(fruit),True,0,1,0.18426798284053802,1.1598,127.9883,135.0351,318.5305,0.0,False,True,0.0,test
lvis:605:357:33,lvis,605,train2017/000000000605.jpg,357,date_(fruit),date_(fruit),True,0,2,0.14940474927425385,93.7039,0.1927,223.2739,69.7491,0.0,False,True,0.0,test
lvis:605:357:33,lvis,605,train2017/000000000605.jpg,357,date_(fruit),date_(fruit),True,0,3,0.1348860263824463,533.8815,263.0023,622.8083,333.3597,0.0,False,True,0.0,test
lvis:605:357:33,lvis,605,train2017/000000000605.jpg,357,date_(fruit),date_(fruit),True,0,4,0.10416459292173386,560.0695,296.5342,621.7742,333.4453,0.0,False,True,0.0,test
lvis:605:357:33,lvis,605,train2017/000000000605.jpg,357,date_(fruit),date_(fruit),True,0,5,0.0991954356431961,291.9963,118.1546,515.0718,301.3409,0.0,False,True,0.0,test
lvis:605:357:33,lvis,605,train2017/000000000605.jpg,357,date_(fruit),date_(fruit),True,0,6,0.0947343111038208,523.488,239.1336,575.0789,272.2161,0.0,False,True,0.0,test
lvis:605:357:33,lvis,605,train2017/000000000605.jpg,357,date_(fruit),date_(fruit),True,0,7,0.09360937029123306,476.8006,183.5911,636.7058,371.8051,0.0,False,True,0.0,test
lvis:605:357:33,lvis,605,train2017/000000000605.jpg,357,date_(fruit),date_(fruit),True,0,8,0.09086350351572037,545.329,289.3387,627.4293,336.1544,0.0,False,True,0.0,test
lvis:605:357:33,lvis,605,train2017/000000000605.jpg,357,date_(fruit),date_(fruit),True,0,9,0.0873260572552681,522.8642,216.9854,553.5927,238.3406,0.0,False,True,0.0,test
lvis:605:357:33,lvis,605,train2017/000000000605.jpg,357,date_(fruit),date_(fruit),True,0,10,0.08411965519189835,587.2687,263.1748,601.8087,273.3398,0.0,False,True,0.0,test
lvis:605:357:33,lvis,605,train2017/000000000605.jpg,357,date_(fruit),date_(fruit),True,0,11,0.08332161605358124,511.9786,215.1012,576.7273,272.2538,0.0,False,True,0.0,test
lvis:605:357:33,lvis,605,train2017/000000000605.jpg,357,date_(fruit),date_(fruit),True,0,12,0.07671301066875458,528.4337,238.1121,606.9739,312.8562,0.0,False,True,0.0,test
lvis:605:357:33,lvis,605,train2017/000000000605.jpg,357,date_(fruit),date_(fruit),True,0,13,0.07607314735651016,234.6741,116.0443,519.3265,355.6512,0.0,False,True,0.0,test
lvis:605:357:33,lvis,605,train2017/000000000605.jpg,357,date_(fruit),date_(fruit),True,0,14,0.07513430714607239,2.2127,119.2724,170.8038,342.6731,0.0,False,True,0.0,test
lvis:605:357:33,lvis,605,train2017/000000000605.jpg,357,date_(fruit),date_(fruit),True,0,15,0.07409117370843887,534.9855,265.6562,597.0456,293.6354,0.0,False,True,0.0,test
lvis:605:357:33,lvis,605,train2017/000000000605.jpg,357,date_(fruit),date_(fruit),True,0,16,0.07280965149402618,586.1524,261.7485,611.516,286.4204,0.0,False,True,0.0,test
lvis:605:357:33,lvis,605,train2017/000000000605.jpg,357,date_(fruit),date_(fruit),True,0,17,0.07226235419511795,613.1977,295.208,626.6389,306.1816,0.0,False,True,0.0,test
lvis:605:357:33,lvis,605,train2017/000000000605.jpg,357,date_(fruit),date_(fruit),True,0,18,0.07209022343158722,546.7758,290.1402,575.5786,311.318,0.0,False,True,0.0,test
lvis:605:357:33,lvis,605,train2017/000000000605.jpg,357,date_(fruit),date_(fruit),True,0,19,0.07200207561254501,511.7263,237.5562,534.5084,256.7295,0.0,False,True,0.0,test
lvis:605:357:33,lvis,605,train2017/000000000605.jpg,357,date_(fruit),date_(fruit),True,0,20,0.07164344936609268,78.0762,-0.1179,238.8362,85.4358,0.0,False,True,0.0,test
lvis:605:357:33,lvis,605,train2017/000000000605.jpg,357,date_(fruit),date_(fruit),True,0,21,0.0710957869887352,582.8809,297.015,620.253,323.4141,0.0,False,True,0.0,test
lvis:605:357:33,lvis,605,train2017/000000000605.jpg,357,date_(fruit),date_(fruit),True,0,22,0.070186085999012,534.8712,264.537,597.6489,311.0745,0.0,False,True,0.0,test
lvis:605:357:33,lvis,605,train2017/000000000605.jpg,357,date_(fruit),date_(fruit),True,0,23,0.06841011345386505,623.299,307.703,637.234,318.9473,0.0,False,True,0.0,test
lvis:605:357:33,lvis,605,train2017/000000000605.jpg,357,date_(fruit),date_(fruit),True,0,24,0.06537042558193207,520.389,212.8033,574.0151,241.933,0.0,False,True,0.0,test
lvis:605:357:33,lvis,605,train2017/000000000605.jpg,357,date_(fruit),date_(fruit),True,0,25,0.0653216764330864,511.7935,211.9743,600.4908,276.3475,0.0,False,True,0.0,test
lvis:605:357:33,lvis,605,train2017/000000000605.jpg,357,date_(fruit),date_(fruit),True,0,26,0.06521916389465332,562.7724,265.9288,596.7364,293.7697,0.0,False,True,0.0,test
lvis:605:357:33,lvis,605,train2017/000000000605.jpg,357,date_(fruit),date_(fruit),True,0,27,0.06511721014976501,612.2188,293.4412,637.5741,320.5671,0.0,False,True,0.0,test
lvis:605:357:33,lvis,605,train2017/000000000605.jpg,357,date_(fruit),date_(fruit),True,0,28,0.06507571041584015,236.1498,114.2491,635.7255,353.4597,0.0,False,True,0.0,test
lvis:605:357:33,lvis,605,train2017/000000000605.jpg,357,date_(fruit),date_(fruit),True,0,29,0.06428837776184082,561.1738,310.9669,590.9438,333.482,0.0,False,True,0.0,test
lvis:605:357:33,lvis,605,train2017/000000000605.jpg,357,date_(fruit),date_(fruit),True,0,30,0.06236102804541588,570.9513,242.4588,585.2107,253.3321,0.0,False,True,0.0,test
lvis:605:357:33,lvis,605,train2017/000000000605.jpg,357,date_(fruit),date_(fruit),True,0,31,0.05636275187134743,547.4325,212.5002,560.8109,223.8841,0.0,False,True,0.0,test
lvis:605:357:33,lvis,605,train2017/000000000605.jpg,357,date_(fruit),date_(fruit),True,0,32,0.05626051872968674,332.6494,137.9532,430.2864,206.0416,0.0,False,True,0.0,test
lvis:605:357:33,lvis,605,train2017/000000000605.jpg,357,date_(fruit),date_(fruit),True,0,33,0.05573177710175514,596.6027,274.5305,610.3723,284.8472,0.0,False,True,0.0,test
lvis:605:357:33,lvis,605,train2017/000000000605.jpg,357,date_(fruit),date_(fruit),True,0,34,0.055399779230356216,517.8273,216.2298,597.0112,296.5791,0.0,False,True,0.0,test
lvis:605:357:33,lvis,605,train2017/000000000605.jpg,357,date_(fruit),date_(fruit),True,0,35,0.05490624159574509,554.0703,222.409,568.4693,233.9005,0.0,False,True,0.0,test
lvis:605:357:33,lvis,605,train2017/000000000605.jpg,357,date_(fruit),date_(fruit),True,0,36,0.05467815697193146,534.6085,270.0007,561.7223,291.8325,0.0,False,True,0.0,test
lvis:605:357:33,lvis,605,train2017/000000000605.jpg,357,date_(fruit),date_(fruit),True,0,37,0.054584141820669174,4.9193,4.8509,634.5414,472.0518,0.0,False,True,0.0,test
lvis:605:357:33,lvis,605,train2017/000000000605.jpg,357,date_(fruit),date_(fruit),True,0,38,0.05065615847706795,560.9919,231.4226,586.4012,254.6991,0.0,False,True,0.0,test
lvis:632:93:34,lvis,632,val2017/000000000632.jpg,93,Bible,Bible,True,0,0,0.3193994164466858,456.6021,364.7943,493.9238,406.3838,0.0,False,True,9.98792270531401,test
lvis:632:93:34,lvis,632,val2017/000000000632.jpg,93,Bible,Bible,True,0,1,0.26626119017601013,1.4188,282.3046,399.0634,481.4217,0.0,False,True,9.98792270531401,test
lvis:632:93:34,lvis,632,val2017/000000000632.jpg,93,Bible,Bible,True,0,2,0.24503062665462494,422.3991,36.8337,562.0344,356.5688,0.0,False,True,9.98792270531401,test
lvis:632:93:34,lvis,632,val2017/000000000632.jpg,93,Bible,Bible,True,0,3,0.16506075859069824,96.1935,190.8029,115.3105,231.4678,0.0,False,True,0.0,test
lvis:632:93:34,lvis,632,val2017/000000000632.jpg,93,Bible,Bible,True,0,4,0.15869353711605072,456.9572,364.9647,487.9221,379.6826,0.0,False,True,0.0,test
lvis:632:93:34,lvis,632,val2017/000000000632.jpg,93,Bible,Bible,True,0,5,0.142765611410141,273.6047,231.1132,329.1026,286.106,0.0,False,True,0.0,test
lvis:632:93:34,lvis,632,val2017/000000000632.jpg,93,Bible,Bible,True,0,6,0.13698171079158783,85.5369,95.4182,194.0991,192.2365,0.0,False,True,0.0,test
lvis:632:93:34,lvis,632,val2017/000000000632.jpg,93,Bible,Bible,True,0,7,0.13622775673866272,246.3624,230.5495,349.3414,318.3083,0.0,False,True,0.0,test
lvis:632:93:34,lvis,632,val2017/000000000632.jpg,93,Bible,Bible,True,0,8,0.10849334299564362,428.6783,232.7473,551.9734,288.7924,0.0,False,True,0.0,test
lvis:632:93:34,lvis,632,val2017/000000000632.jpg,93,Bible,Bible,True,0,9,0.10736879706382751,546.8407,94.7647,556.0157,133.443,0.0,False,True,0.0,test
lvis:632:93:34,lvis,632,val2017/000000000632.jpg,93,Bible,Bible,True,0,10,0.10613669455051422,486.0692,299.5899,559.2277,379.8021,0.0,False,True,0.0,test
lvis:632:93:34,lvis,632,val2017/000000000632.jpg,93,Bible,Bible,True,0,11,0.09836234152317047,490.6917,166.6188,531.3572,177.2272,0.0,False,True,0.0,test
lvis:632:93:34,lvis,632,val2017/000000000632.jpg,93,Bible,Bible,True,0,12,0.09683807939291,433.0461,232.4209,470.2774,248.2099,0.0,False,True,0.0,test
lvis:632:93:34,lvis,632,val2017/000000000632.jpg,93,Bible,Bible,True,0,13,0.09638893604278564,73.9511,222.1714,242.9823,310.2584,0.0,False,True,0.0,test
lvis:632:93:34,lvis,632,val2017/000000000632.jpg,93,Bible,Bible,True,0,14,0.09629826992750168,168.7216,88.9679,204.4479,136.0068,0.0,False,True,0.0,test
lvis:632:93:34,lvis,632,val2017/000000000632.jpg,93,Bible,Bible,True,0,15,0.09482934325933456,495.9929,233.9576,546.386,248.4627,0.0,False,True,0.0,test
lvis:632:93:34,lvis,632,val2017/000000000632.jpg,93,Bible,Bible,True,0,16,0.08812219649553299,430.8167,144.2477,554.2602,182.9809,0.0,False,True,0.0,test
lvis:632:93:34,lvis,632,val2017/000000000632.jpg,93,Bible,Bible,True,0,17,0.08572781831026077,447.2266,0.706,516.1719,41.3303,0.0,False,True,0.0,test
lvis:632:93:34,lvis,632,val2017/000000000632.jpg,93,Bible,Bible,True,0,18,0.08550752699375153,2.2555,1.4971,636.2824,479.9852,0.0,False,True,0.0,test
lvis:632:93:34,lvis,632,val2017/000000000632.jpg,93,Bible,Bible,True,0,19,0.08339837193489075,71.3993,92.3074,242.9094,310.1712,0.0,False,True,0.0,test
lvis:632:93:34,lvis,632,val2017/000000000632.jpg,93,Bible,Bible,True,0,20,0.08211388438940048,430.321,189.9767,554.0646,228.2057,0.0,False,True,0.0,test
lvis:632:93:34,lvis,632,val2017/000000000632.jpg,93,Bible,Bible,True,0,21,0.07837182283401489,22.3669,263.9162,49.7339,292.2292,0.0,False,True,0.0,test
lvis:632:93:34,lvis,632,val2017/000000000632.jpg,93,Bible,Bible,True,0,22,0.07594409584999084,42.9436,236.3339,56.6129,273.1797,0.0,False,True,0.0,test
lvis:632:93:34,lvis,632,val2017/000000000632.jpg,93,Bible,Bible,True,0,23,0.07590997964143753,488.0461,150.3124,526.6245,164.5033,0.0,False,True,0.0,test
lvis:632:93:34,lvis,632,val2017/000000000632.jpg,93,Bible,Bible,True,0,24,0.07509686052799225,431.6158,97.7392,443.0455,134.7032,0.0,False,True,0.0,test
lvis:632:93:34,lvis,632,val2017/000000000632.jpg,93,Bible,Bible,True,0,25,0.07475621998310089,548.224,44.4091,556.8201,81.1141,0.0,False,True,0.0,test
lvis:632:93:34,lvis,632,val2017/000000000632.jpg,93,Bible,Bible,True,0,26,0.07382239401340485,522.5311,144.869,543.0185,181.2989,0.0,False,True,0.0,test
lvis:632:93:34,lvis,632,val2017/000000000632.jpg,93,Bible,Bible,True,0,27,0.07341238856315613,58.651,283.9225,77.753,291.9741,0.0,False,True,0.0,test
lvis:632:93:34,lvis,632,val2017/000000000632.jpg,93,Bible,Bible,True,0,28,0.07337621599435806,418.5573,39.0677,477.9105,138.3524,0.0,False,True,0.0,test
lvis:632:93:34,lvis,632,val2017/000000000632.jpg,93,Bible,Bible,True,0,29,0.07335899770259857,144.6837,230.5722,158.5291,237.3208,0.0,False,True,0.0,test
lvis:632:93:34,lvis,632,val2017/000000000632.jpg,93,Bible,Bible,True,0,30,0.07314518094062805,522.8161,144.3271,553.3948,181.7013,0.0,False,True,0.0,test
lvis:632:93:34,lvis,632,val2017/000000000632.jpg,93,Bible,Bible,True,0,31,0.0721166729927063,81.7911,226.3107,116.1707,237.5354,0.0,False,True,0.0,test
lvis:632:93:34,lvis,632,val2017/000000000632.jpg,93,Bible,Bible,True,0,32,0.06655609607696533,193.8068,223.1383,211.9214,229.7674,0.0,False,True,0.0,test
lvis:632:93:34,lvis,632,val2017/000000000632.jpg,93,Bible,Bible,True,0,33,0.06646876782178879,476.8845,44.1138,558.0425,83.5822,0.0,False,True,0.0,test
lvis:632:93:34,lvis,632,val2017/000000000632.jpg,93,Bible,Bible,True,0,34,0.06414705514907837,430.7158,96.6705,451.936,135.6205,0.0,False,True,0.0,test
lvis:632:93:34,lvis,632,val2017/000000000632.jpg,93,Bible,Bible,True,0,35,0.0632556900382042,58.5546,276.9533,85.6621,292.2822,0.0,False,True,0.0,test
lvis:632:93:34,lvis,632,val2017/000000000632.jpg,93,Bible,Bible,True,0,36,0.06287223100662231,431.0561,190.9143,464.6081,227.4855,0.0,False,True,0.0,test
lvis:632:93:34,lvis,632,val2017/000000000632.jpg,93,Bible,Bible,True,0,37,0.06227442994713783,486.8008,191.129,553.4775,227.8768,0.0,False,True,0.0,test
lvis:632:93:34,lvis,632,val2017/000000000632.jpg,93,Bible,Bible,True,0,38,0.0604327991604805,193.411,131.269,208.1931,155.3802,0.0,False,True,0.0,test
lvis:632:93:34,lvis,632,val2017/000000000632.jpg,93,Bible,Bible,True,0,39,0.0592665895819664,487.5107,149.3946,531.6171,181.667,0.0,False,True,0.0,test
lvis:632:93:34,lvis,632,val2017/000000000632.jpg,93,Bible,Bible,True,0,40,0.059196218848228455,252.6062,224.8137,270.7142,246.9827,0.0,False,True,0.0,test
lvis:632:93:34,lvis,632,val2017/000000000632.jpg,93,Bible,Bible,True,0,41,0.05886077508330345,546.9781,268.3373,587.1616,366.7108,0.0,False,True,0.0,test
lvis:632:93:34,lvis,632,val2017/000000000632.jpg,93,Bible,Bible,True,0,42,0.05855601280927658,77.6566,134.8666,93.5108,170.6313,0.0,False,True,0.0,test
lvis:632:93:34,lvis,632,val2017/000000000632.jpg,93,Bible,Bible,True,0,43,0.05768237262964249,521.806,97.7876,532.5519,134.5285,0.0,False,True,0.0,test
lvis:632:93:34,lvis,632,val2017/000000000632.jpg,93,Bible,Bible,True,0,44,0.05631885677576065,430.6053,93.9905,556.2482,136.3244,0.0,False,True,0.0,test
lvis:632:93:34,lvis,632,val2017/000000000632.jpg,93,Bible,Bible,True,0,45,0.05537384748458862,441.1867,354.7877,508.629,422.8849,0.0,False,True,0.0,test
lvis:632:93:34,lvis,632,val2017/000000000632.jpg,93,Bible,Bible,True,0,46,0.05521482974290848,479.527,48.6477,491.346,83.694,0.0,False,True,0.0,test
lvis:632:93:34,lvis,632,val2017/000000000632.jpg,93,Bible,Bible,True,0,47,0.05403222143650055,534.2693,100.1208,541.1545,133.9376,0.0,False,True,0.0,test
lvis:632:93:34,lvis,632,val2017/000000000632.jpg,93,Bible,Bible,True,0,48,0.05258970335125923,520.9581,94.7681,555.7604,134.6514,0.0,False,True,0.0,test
lvis:632:93:34,lvis,632,val2017/000000000632.jpg,93,Bible,Bible,True,0,49,0.05169621482491493,428.0288,93.9212,556.4776,289.4922,0.0,False,True,0.0,test
lvis:632:93:34,lvis,632,val2017/000000000632.jpg,93,Bible,Bible,True,0,50,0.051610857248306274,82.3255,190.4284,117.7199,237.4886,0.0,False,True,0.0,test
lvis:632:93:34,lvis,632,val2017/000000000632.jpg,93,Bible,Bible,True,0,51,0.051224853843450546,490.0986,162.2402,530.5643,174.6642,0.0,False,True,0.0,test
lvis:632:93:34,lvis,632,val2017/000000000632.jpg,93,Bible,Bible,True,0,52,0.05048518255352974,491.6432,171.7919,531.1186,181.8867,0.0,False,True,0.0,test
lvis:632:93:34,lvis,632,val2017/000000000632.jpg,93,Bible,Bible,True,0,53,0.050038114190101624,430.2651,232.5009,470.4897,286.6632,0.0,False,True,0.0,test
lvis:643:366:37,lvis,643,train2017/000000000643.jpg,366,dinghy,dinghy,True,0,0,0.3213506042957306,87.4827,139.4356,193.6294,191.4754,0.0,False,True,9.98792270531401,test
lvis:643:366:37,lvis,643,train2017/000000000643.jpg,366,dinghy,dinghy,True,0,1,0.16903230547904968,153.9854,70.8526,193.4447,94.1504,0.0,False,True,0.0,test
lvis:643:366:37,lvis,643,train2017/000000000643.jpg,366,dinghy,dinghy,True,0,2,0.16622953116893768,105.6531,169.5855,313.2331,362.7773,0.0,False,True,0.0,test
lvis:643:366:37,lvis,643,train2017/000000000643.jpg,366,dinghy,dinghy,True,0,3,0.14803922176361084,107.4433,62.5146,136.1911,84.0549,0.0,False,True,0.0,test
lvis:643:366:37,lvis,643,train2017/000000000643.jpg,366,dinghy,dinghy,True,0,4,0.14659124612808228,416.4657,158.522,457.4939,178.0527,0.0,False,True,0.0,test
lvis:643:366:37,lvis,643,train2017/000000000643.jpg,366,dinghy,dinghy,True,0,5,0.14395037293434143,349.3259,175.4455,494.7591,363.0406,0.0,False,True,0.0,test
lvis:643:366:37,lvis,643,train2017/000000000643.jpg,366,dinghy,dinghy,True,0,6,0.13711054623126984,95.0931,62.4144,148.5034,92.062,0.0,False,True,0.0,test
lvis:643:366:37,lvis,643,train2017/000000000643.jpg,366,dinghy,dinghy,True,0,7,0.10679847747087479,73.4178,73.5944,454.5259,367.2109,0.0,False,True,0.0,test
lvis:643:366:37,lvis,643,train2017/000000000643.jpg,366,dinghy,dinghy,True,0,8,0.10197935253381729,401.2623,176.2166,494.0212,362.9306,0.0,False,True,0.0,test
lvis:643:366:37,lvis,643,train2017/000000000643.jpg,366,dinghy,dinghy,True,0,9,0.09119929373264313,381.4668,33.7607,427.3036,88.9749,0.0,False,True,0.0,test
lvis:643:366:37,lvis,643,train2017/000000000643.jpg,366,dinghy,dinghy,True,0,10,0.08315056562423706,194.6763,4.5386,231.2607,38.4076,0.0,False,True,0.0,test
lvis:643:366:37,lvis,643,train2017/000000000643.jpg,366,dinghy,dinghy,True,0,11,0.08271993696689606,192.6886,4.0714,240.3319,54.9415,0.0,False,True,0.0,test
lvis:643:366:37,lvis,643,train2017/000000000643.jpg,366,dinghy,dinghy,True,0,12,0.08059953153133392,368.9911,123.685,399.683,177.4052,0.0,False,True,0.0,test
lvis:643:366:37,lvis,643,train2017/000000000643.jpg,366,dinghy,dinghy,True,0,13,0.07820678502321243,412.8127,126.0895,434.2898,161.0221,0.0,False,True,0.0,test
lvis:643:366:37,lvis,643,train2017/000000000643.jpg,366,dinghy,dinghy,True,0,14,0.07120373845100403,349.6135,63.7103,388.3836,88.296,0.0,False,True,0.0,test
lvis:643:366:37,lvis,643,train2017/000000000643.jpg,366,dinghy,dinghy,True,0,15,0.06931193917989731,93.2705,356.0157,137.5615,374.9137,0.0,False,True,0.0,test
lvis:643:366:37,lvis,643,train2017/000000000643.jpg,366,dinghy,dinghy,True,0,16,0.06888705492019653,323.4813,85.4824,438.1319,113.1782,0.0,False,True,0.0,test
lvis:643:366:37,lvis,643,train2017/000000000643.jpg,366,dinghy,dinghy,True,0,17,0.06585093587636948,250.2668,346.731,282.5596,368.2404,0.0,False,True,0.0,test
lvis:643:366:37,lvis,643,train2017/000000000643.jpg,366,dinghy,dinghy,True,0,18,0.06413210928440094,95.2973,81.7028,148.7799,91.8773,0.0,False,True,0.0,test
lvis:643:366:37,lvis,643,train2017/000000000643.jpg,366,dinghy,dinghy,True,0,19,0.059339556843042374,299.7063,79.2817,328.6498,105.6959,0.0,False,True,0.0,test
lvis:643:366:37,lvis,643,train2017/000000000643.jpg,366,dinghy,dinghy,True,0,20,0.05522289499640465,350.254,33.7176,427.8838,89.2327,0.0,False,True,0.0,test
lvis:643:366:37,lvis,643,train2017/000000000643.jpg,366,dinghy,dinghy,True,0,21,0.05203097686171532,335.1326,311.9049,373.3999,358.883,0.0,False,True,0.0,test
lvis:711:582:40,lvis,711,train2017/000000000711.jpg,582,ice_pack,ice_pack,True,0,0,0.3653987646102905,205.7524,342.1676,234.286,372.2555,0.0,False,True,9.98792270531401,test
lvis:711:582:40,lvis,711,train2017/000000000711.jpg,582,ice_pack,ice_pack,True,0,1,0.21455466747283936,237.1308,352.4282,276.4464,372.6824,0.0,False,True,9.98792270531401,test
lvis:711:582:40,lvis,711,train2017/000000000711.jpg,582,ice_pack,ice_pack,True,0,2,0.20862631499767303,282.4185,313.3056,348.8356,340.0275,0.0,False,True,9.98792270531401,test
lvis:711:582:40,lvis,711,train2017/000000000711.jpg,582,ice_pack,ice_pack,True,0,3,0.14609551429748535,164.2194,292.9446,445.1664,478.0478,0.0,False,True,0.0,test
lvis:711:582:40,lvis,711,train2017/000000000711.jpg,582,ice_pack,ice_pack,True,0,4,0.1322687715291977,288.0114,163.2639,547.8613,355.1115,0.0,False,True,0.0,test
lvis:711:582:40,lvis,711,train2017/000000000711.jpg,582,ice_pack,ice_pack,True,0,5,0.12529607117176056,6.7367,18.6299,103.9928,152.9173,0.0,False,True,0.0,test
lvis:711:582:40,lvis,711,train2017/000000000711.jpg,582,ice_pack,ice_pack,True,0,6,0.11540288478136063,198.7633,335.8042,240.0926,378.6204,0.0,False,True,0.0,test
lvis:711:582:40,lvis,711,train2017/000000000711.jpg,582,ice_pack,ice_pack,True,0,7,0.10731330513954163,1.0675,163.9315,297.0101,406.5939,0.0,False,True,0.0,test
lvis:711:582:40,lvis,711,train2017/000000000711.jpg,582,ice_pack,ice_pack,True,0,8,0.10074871778488159,452.8127,74.8495,475.7867,98.0859,0.0,False,True,0.0,test
lvis:711:582:40,lvis,711,train2017/000000000711.jpg,582,ice_pack,ice_pack,True,0,9,0.09707526117563248,260.5884,311.3344,391.1139,363.2574,0.0,False,True,0.0,test
lvis:711:582:40,lvis,711,train2017/000000000711.jpg,582,ice_pack,ice_pack,True,0,10,0.09348537772893906,300.2678,318.1219,341.191,335.0693,0.0,False,True,0.0,test
lvis:711:582:40,lvis,711,train2017/000000000711.jpg,582,ice_pack,ice_pack,True,0,11,0.09024561941623688,295.1089,174.6286,375.6085,238.7466,0.0,False,True,0.0,test
lvis:711:582:40,lvis,711,train2017/000000000711.jpg,582,ice_pack,ice_pack,True,0,12,0.08602036535739899,405.3374,65.5361,415.3511,86.5125,0.0,False,True,0.0,test
lvis:711:582:40,lvis,711,train2017/000000000711.jpg,582,ice_pack,ice_pack,True,0,13,0.0814337506890297,1.9659,160.3817,547.8894,409.016,0.0,False,True,0.0,test
lvis:711:582:40,lvis,711,train2017/000000000711.jpg,582,ice_pack,ice_pack,True,0,14,0.07997915148735046,205.4325,336.9391,345.6268,401.0219,0.0,False,True,0.0,test
lvis:711:582:40,lvis,711,train2017/000000000711.jpg,582,ice_pack,ice_pack,True,0,15,0.07445097714662552,271.5128,55.5802,307.9873,123.2337,0.0,False,True,0.0,test
lvis:711:582:40,lvis,711,train2017/000000000711.jpg,582,ice_pack,ice_pack,True,0,16,0.07232114672660828,285.3026,313.7982,328.2935,332.6238,0.0,False,True,0.0,test
lvis:711:582:40,lvis,711,train2017/000000000711.jpg,582,ice_pack,ice_pack,True,0,17,0.07109846919775009,193.1187,330.8697,247.5165,384.2138,0.0,False,True,0.0,test
lvis:711:582:40,lvis,711,train2017/000000000711.jpg,582,ice_pack,ice_pack,True,0,18,0.06979706138372421,204.9681,339.1446,276.9538,374.463,0.0,False,True,0.0,test
lvis:711:582:40,lvis,711,train2017/000000000711.jpg,582,ice_pack,ice_pack,True,0,19,0.06675665080547333,414.1902,90.8117,430.9552,113.2853,0.0,False,True,0.0,test
lvis:711:582:40,lvis,711,train2017/000000000711.jpg,582,ice_pack,ice_pack,True,0,20,0.06259645521640778,421.233,66.9805,434.7802,85.7869,0.0,False,True,0.0,test
lvis:711:582:40,lvis,711,train2017/000000000711.jpg,582,ice_pack,ice_pack,True,0,21,0.062445078045129776,19.3275,34.4285,92.0366,129.4702,0.0,False,True,0.0,test
lvis:711:582:40,lvis,711,train2017/000000000711.jpg,582,ice_pack,ice_pack,True,0,22,0.057261042296886444,455.4264,108.2682,465.5313,132.4807,0.0,False,True,0.0,test
lvis:711:582:40,lvis,711,train2017/000000000711.jpg,582,ice_pack,ice_pack,True,0,23,0.056007444858551025,436.8218,69.2935,447.102,86.3149,0.0,False,True,0.0,test
lvis:711:582:40,lvis,711,train2017/000000000711.jpg,582,ice_pack,ice_pack,True,0,24,0.053826265037059784,495.0501,328.9751,565.16,478.5782,0.0,False,True,0.0,test
lvis:711:582:40,lvis,711,train2017/000000000711.jpg,582,ice_pack,ice_pack,True,0,25,0.05373719707131386,556.1077,139.8495,571.3693,156.7828,0.0,False,True,0.0,test
lvis:711:582:40,lvis,711,train2017/000000000711.jpg,582,ice_pack,ice_pack,True,0,26,0.052804961800575256,428.0302,155.7422,439.4672,176.1961,0.0,False,True,0.0,test
lvis:711:582:40,lvis,711,train2017/000000000711.jpg,582,ice_pack,ice_pack,True,0,27,0.0523122102022171,455.6645,78.5879,471.3985,94.8444,0.0,False,True,0.0,test
lvis:711:582:40,lvis,711,train2017/000000000711.jpg,582,ice_pack,ice_pack,True,0,28,0.052088018506765366,273.1972,304.5458,362.4231,354.5277,0.0,False,True,0.0,test
lvis:711:582:40,lvis,711,train2017/000000000711.jpg,582,ice_pack,ice_pack,True,0,29,0.05157642811536789,403.2273,155.9089,439.5168,176.2983,0.0,False,True,0.0,test
lvis:711:710:41,lvis,711,train2017/000000000711.jpg,710,music_stool,music_stool,True,0,0,0.46621406078338623,550.7661,206.7829,581.9828,271.209,0.0,False,True,9.98792270531401,test
lvis:711:710:41,lvis,711,train2017/000000000711.jpg,710,music_stool,music_stool,True,0,1,0.27487409114837646,533.1938,193.2849,560.501,258.4433,0.0,False,True,9.98792270531401,test
lvis:711:710:41,lvis,711,train2017/000000000711.jpg,710,music_stool,music_stool,True,0,2,0.22278587520122528,206.1864,342.3841,234.0178,371.9124,0.0,False,True,9.98792270531401,test
lvis:711:710:41,lvis,711,train2017/000000000711.jpg,710,music_stool,music_stool,True,0,3,0.2147935926914215,164.4861,293.4033,444.768,478.5574,0.0,False,True,9.98792270531401,test
lvis:711:710:41,lvis,711,train2017/000000000711.jpg,710,music_stool,music_stool,True,0,4,0.18653957545757294,285.7137,163.6894,548.3862,354.6514,0.0,False,True,0.0,test
lvis:711:710:41,lvis,711,train2017/000000000711.jpg,710,music_stool,music_stool,True,0,5,0.14705120027065277,0.822,164.3229,301.0575,411.7884,0.0,False,True,0.0,test
lvis:711:710:41,lvis,711,train2017/000000000711.jpg,710,music_stool,music_stool,True,0,6,0.14144666492938995,496.4408,329.0881,565.046,478.7538,0.0,False,True,0.0,test
lvis:711:710:41,lvis,711,train2017/000000000711.jpg,710,music_stool,music_stool,True,0,7,0.12899082899093628,237.2054,352.6892,276.1978,372.4251,0.0,False,True,0.0,test
lvis:711:710:41,lvis,711,train2017/000000000711.jpg,710,music_stool,music_stool,True,0,8,0.10011474043130875,282.4385,313.4889,348.757,339.7731,0.0,False,True,0.0,test
lvis:711:710:41,lvis,711,train2017/000000000711.jpg,710,music_stool,music_stool,True,0,9,0.09252830594778061,498.1445,396.1014,552.1528,478.8154,0.0,False,True,0.0,test
lvis:711:710:41,lvis,711,train2017/000000000711.jpg,710,music_stool,music_stool,True,0,10,0.06506595015525818,484.2829,180.0206,560.2886,260.4655,0.0,False,True,0.0,test
lvis:711:710:41,lvis,711,train2017/000000000711.jpg,710,music_stool,music_stool,True,0,11,0.06267604976892471,295.7368,174.83,375.1034,238.0602,0.0,False,True,0.0,test
lvis:711:710:41,lvis,711,train2017/000000000711.jpg,710,music_stool,music_stool,True,0,12,0.062241800129413605,493.3983,149.6123,544.9279,191.9281,0.0,False,True,0.0,test
lvis:711:710:41,lvis,711,train2017/000000000711.jpg,710,music_stool,music_stool,True,0,13,0.0618542917072773,493.4102,149.6223,544.8303,178.729,0.0,False,True,0.0,test
lvis:711:710:41,lvis,711,train2017/000000000711.jpg,710,music_stool,music_stool,True,0,14,0.06183580681681633,260.394,312.7547,391.2631,362.6531,0.0,False,True,0.0,test
lvis:711:710:41,lvis,711,train2017/000000000711.jpg,710,music_stool,music_stool,True,0,15,0.060777563601732254,3.4233,159.994,559.9275,476.4444,0.0,False,True,0.0,test
lvis:711:710:41,lvis,711,train2017/000000000711.jpg,710,music_stool,music_stool,True,0,16,0.05853443220257759,164.5363,335.6011,377.2165,467.6339,0.0,False,True,0.0,test
lvis:711:710:41,lvis,711,train2017/000000000711.jpg,710,music_stool,music_stool,True,0,17,0.05788667872548103,7.371,18.8762,103.9009,152.5619,0.0,False,True,0.0,test
lvis:711:710:41,lvis,711,train2017/000000000711.jpg,710,music_stool,music_stool,True,0,18,0.05577554553747177,363.9566,384.4563,377.1337,394.8865,0.0,False,True,0.0,test
lvis:711:710:41,lvis,711,train2017/000000000711.jpg,710,music_stool,music_stool,True,0,19,0.053065620362758636,205.3539,337.1934,377.9221,396.8251,0.0,False,True,0.0,test
lvis:711:710:41,lvis,711,train2017/000000000711.jpg,710,music_stool,music_stool,True,0,20,0.05251149460673332,164.5711,340.8737,322.8366,472.9536,0.0,False,True,0.0,test
lvis:711:710:41,lvis,711,train2017/000000000711.jpg,710,music_stool,music_stool,True,0,21,0.05183111131191254,204.1697,340.1342,321.4067,440.5249,0.0,False,True,0.0,test
lvis:711:710:41,lvis,711,train2017/000000000711.jpg,710,music_stool,music_stool,True,0,22,0.051709096878767014,538.3438,328.9863,565.0101,359.5567,0.0,False,True,0.0,test
lvis:722:106:43,lvis,722,train2017/000000000722.jpg,106,pirate_flag,pirate_flag,True,0,0,0.3355990946292877,422.5821,194.8004,445.2563,249.9905,0.0,False,True,9.98792270531401,test
lvis:722:106:43,lvis,722,train2017/000000000722.jpg,106,pirate_flag,pirate_flag,True,0,1,0.27083510160446167,196.6138,104.325,528.5117,208.6235,0.0,False,True,9.98792270531401,test
lvis:722:106:43,lvis,722,train2017/000000000722.jpg,106,pirate_flag,pirate_flag,True,0,2,0.2377954125404358,165.0841,253.2804,228.6062,363.8333,0.0,False,True,9.98792270531401,test
lvis:722:106:43,lvis,722,train2017/000000000722.jpg,106,pirate_flag,pirate_flag,True,0,3,0.19048438966274261,550.113,15.9688,638.9436,124.7805,0.0,False,True,0.0,test
lvis:722:106:43,lvis,722,train2017/000000000722.jpg,106,pirate_flag,pirate_flag,True,0,4,0.18215951323509216,412.204,194.6126,445.4981,269.3362,0.0,False,True,0.0,test
lvis:722:106:43,lvis,722,train2017/000000000722.jpg,106,pirate_flag,pirate_flag,True,0,5,0.1671091765165329,167.6858,253.3021,204.2003,277.9422,0.0,False,True,0.0,test
lvis:722:106:43,lvis,722,train2017/000000000722.jpg,106,pirate_flag,pirate_flag,True,0,6,0.16256913542747498,587.05,186.6321,638.9885,292.973,0.0,False,True,0.0,test
lvis:722:106:43,lvis,722,train2017/000000000722.jpg,106,pirate_flag,pirate_flag,True,0,7,0.16186663508415222,370.679,236.8822,381.358,277.3035,0.0,False,True,0.0,test
lvis:722:106:43,lvis,722,train2017/000000000722.jpg,106,pirate_flag,pirate_flag,True,0,8,0.15574277937412262,412.2625,233.1316,426.9383,269.4843,0.0,False,True,0.0,test
lvis:722:106:43,lvis,722,train2017/000000000722.jpg,106,pirate_flag,pirate_flag,True,0,9,0.12285663932561874,182.8975,268.6152,228.0562,363.0344,0.0,False,True,0.0,test
lvis:722:106:43,lvis,722,train2017/000000000722.jpg,106,pirate_flag,pirate_flag,True,0,10,0.11976419389247894,467.4204,233.9708,477.421,262.849,0.0,False,True,0.0,test
lvis:722:106:43,lvis,722,train2017/000000000722.jpg,106,pirate_flag,pirate_flag,True,0,11,0.11940940469503403,77.3562,251.3835,138.0793,385.3001,0.0,False,True,0.0,test
lvis:722:106:43,lvis,722,train2017/000000000722.jpg,106,pirate_flag,pirate_flag,True,0,12,0.11712166666984558,166.7532,253.2951,228.295,323.8359,0.0,False,True,0.0,test
lvis:722:106:43,lvis,722,train2017/000000000722.jpg,106,pirate_flag,pirate_flag,True,0,13,0.11082819104194641,198.1757,104.9709,385.0084,201.0337,0.0,False,True,0.0,test
lvis:722:106:43,lvis,722,train2017/000000000722.jpg,106,pirate_flag,pirate_flag,True,0,14,0.08713442087173462,263.5676,111.3559,493.0083,207.1765,0.0,False,True,0.0,test
lvis:722:106:43,lvis,722,train2017/000000000722.jpg,106,pirate_flag,pirate_flag,True,0,15,0.0845382958650589,195.174,102.5924,533.6666,266.9548,0.0,False,True,0.0,test
lvis:722:106:43,lvis,722,train2017/000000000722.jpg,106,pirate_flag,pirate_flag,True,0,16,0.08038847893476486,363.6681,142.0686,492.428,206.9067,0.0,False,True,0.0,test
lvis:722:106:43,lvis,722,train2017/000000000722.jpg,106,pirate_flag,pirate_flag,True,0,17,0.07790260761976242,184.2707,320.2805,222.5822,362.903,0.0,False,True,0.0,test
lvis:722:106:43,lvis,722,train2017/000000000722.jpg,106,pirate_flag,pirate_flag,True,0,18,0.07748427987098694,369.9828,236.2029,383.4149,294.3973,0.0,False,True,0.0,test
lvis:722:106:43,lvis,722,train2017/000000000722.jpg,106,pirate_flag,pirate_flag,True,0,19,0.07260949164628983,155.3138,143.7992,199.9605,160.1481,0.0,False,True,0.0,test
lvis:722:106:43,lvis,722,train2017/000000000722.jpg,106,pirate_flag,pirate_flag,True,0,20,0.07205171883106232,198.3094,105.4039,289.0661,199.145,0.0,False,True,0.0,test
lvis:722:106:43,lvis,722,train2017/000000000722.jpg,106,pirate_flag,pirate_flag,True,0,21,0.06105685234069824,183.7616,268.8735,227.9729,324.4335,0.0,False,True,0.0,test
lvis:722:106:43,lvis,722,train2017/000000000722.jpg,106,pirate_flag,pirate_flag,True,0,22,0.05915264040231705,269.649,109.2378,284.257,130.2698,0.0,False,True,0.0,test
lvis:722:106:43,lvis,722,train2017/000000000722.jpg,106,pirate_flag,pirate_flag,True,0,23,0.05846044421195984,264.9789,109.4741,384.6989,196.115,0.0,False,True,0.0,test
lvis:722:106:43,lvis,722,train2017/000000000722.jpg,106,pirate_flag,pirate_flag,True,0,24,0.05834842845797539,412.3276,194.4421,446.3095,305.0393,0.0,False,True,0.0,test
lvis:722:106:43,lvis,722,train2017/000000000722.jpg,106,pirate_flag,pirate_flag,True,0,25,0.057580556720495224,439.668,159.1139,448.4589,170.1249,0.0,False,True,0.0,test
lvis:722:106:43,lvis,722,train2017/000000000722.jpg,106,pirate_flag,pirate_flag,True,0,26,0.056171875447034836,96.0197,0.1022,153.6587,9.3678,0.0,False,True,0.0,test
lvis:722:106:43,lvis,722,train2017/000000000722.jpg,106,pirate_flag,pirate_flag,True,0,27,0.05608562007546425,412.064,233.2627,433.4151,304.8932,0.0,False,True,0.0,test
lvis:722:106:43,lvis,722,train2017/000000000722.jpg,106,pirate_flag,pirate_flag,True,0,28,0.0544535331428051,143.9137,136.3761,155.8351,163.7085,0.0,False,True,0.0,test
lvis:722:106:43,lvis,722,train2017/000000000722.jpg,106,pirate_flag,pirate_flag,True,0,29,0.05395181104540825,23.6455,137.2153,35.0706,169.0004,0.0,False,True,0.0,test
lvis:722:106:43,lvis,722,train2017/000000000722.jpg,106,pirate_flag,pirate_flag,True,0,30,0.05389043688774109,155.7228,144.119,178.0352,153.3775,0.0,False,True,0.0,test
lvis:722:106:43,lvis,722,train2017/000000000722.jpg,106,pirate_flag,pirate_flag,True,0,31,0.0538368783891201,369.927,236.4953,389.0116,302.6656,0.0,False,True,0.0,test
lvis:722:106:43,lvis,722,train2017/000000000722.jpg,106,pirate_flag,pirate_flag,True,0,32,0.05291047692298889,359.801,135.3406,368.4988,145.6203,0.0,False,True,0.0,test
lvis:722:106:43,lvis,722,train2017/000000000722.jpg,106,pirate_flag,pirate_flag,True,0,33,0.05228189378976822,513.2368,261.7117,547.255,301.3334,0.0,False,True,0.0,test
lvis:722:106:43,lvis,722,train2017/000000000722.jpg,106,pirate_flag,pirate_flag,True,0,34,0.05209163576364517,150.6973,102.8006,591.4954,293.1399,0.0,False,True,0.0,test
lvis:722:106:43,lvis,722,train2017/000000000722.jpg,106,pirate_flag,pirate_flag,True,0,35,0.05192368105053902,97.1883,0.0381,110.3236,6.3797,0.0,False,True,0.0,test
lvis:722:106:43,lvis,722,train2017/000000000722.jpg,106,pirate_flag,pirate_flag,True,0,36,0.05189219489693642,139.9077,232.5088,250.2961,400.5201,0.0,False,True,0.0,test
lvis:722:106:43,lvis,722,train2017/000000000722.jpg,106,pirate_flag,pirate_flag,True,0,37,0.05178854987025261,338.2376,130.096,345.0445,138.9142,0.0,False,True,0.0,test
lvis:722:106:43,lvis,722,train2017/000000000722.jpg,106,pirate_flag,pirate_flag,True,0,38,0.05025113746523857,380.9343,148.7565,389.1209,159.4284,0.0,False,True,0.0,test
lvis:724:651:45,lvis,724,val2017/000000000724.jpg,651,liquor,liquor,True,0,0,0.4313070476055145,119.1998,69.1063,256.0015,226.5613,0.0,False,True,9.98792270531401,test
lvis:724:651:45,lvis,724,val2017/000000000724.jpg,651,liquor,liquor,True,0,1,0.25460484623908997,17.1653,258.6302,145.1077,316.6918,0.0,False,True,9.98792270531401,test
lvis:724:651:45,lvis,724,val2017/000000000724.jpg,651,liquor,liquor,True,0,2,0.16878584027290344,131.4351,117.8012,246.0769,181.598,0.0,False,True,0.0,test
lvis:724:651:45,lvis,724,val2017/000000000724.jpg,651,liquor,liquor,True,0,3,0.1669081300497055,66.1557,258.6375,145.2502,311.5075,0.0,False,True,0.0,test
lvis:724:651:45,lvis,724,val2017/000000000724.jpg,651,liquor,liquor,True,0,4,0.15730461478233337,119.2497,68.9482,256.4778,498.247,0.0,False,True,0.0,test
lvis:724:651:45,lvis,724,val2017/000000000724.jpg,651,liquor,liquor,True,0,5,0.1555209755897522,101.0485,271.7231,145.3638,310.3731,0.0,False,True,0.0,test
lvis:724:651:45,lvis,724,val2017/000000000724.jpg,651,liquor,liquor,True,0,6,0.1396021842956543,101.6728,271.9052,124.4395,308.8215,0.0,False,True,0.0,test
lvis:724:651:45,lvis,724,val2017/000000000724.jpg,651,liquor,liquor,True,0,7,0.09903223812580109,65.3163,258.6556,109.7377,311.8938,0.0,False,True,0.0,test
lvis:724:651:45,lvis,724,val2017/000000000724.jpg,651,liquor,liquor,True,0,8,0.09683103114366531,233.133,246.5114,363.2556,282.0341,0.0,False,True,0.0,test
lvis:724:651:45,lvis,724,val2017/000000000724.jpg,651,liquor,liquor,True,0,9,0.09567565470933914,17.3024,259.8748,109.4217,315.7581,0.0,False,True,0.0,test
lvis:724:651:45,lvis,724,val2017/000000000724.jpg,651,liquor,liquor,True,0,10,0.08989860117435455,176.4666,409.6323,373.9929,499.225,0.0,False,True,0.0,test
lvis:724:651:45,lvis,724,val2017/000000000724.jpg,651,liquor,liquor,True,0,11,0.08227531611919403,280.3609,264.9048,292.7767,272.743,0.0,False,True,0.0,test
lvis:724:651:45,lvis,724,val2017/000000000724.jpg,651,liquor,liquor,True,0,12,0.08035530149936676,66.1826,258.615,108.1886,283.422,0.0,False,True,0.0,test
lvis:724:651:45,lvis,724,val2017/000000000724.jpg,651,liquor,liquor,True,0,13,0.07989528030157089,92.3143,309.3251,165.9298,334.787,0.0,False,True,0.0,test
lvis:724:651:45,lvis,724,val2017/000000000724.jpg,651,liquor,liquor,True,0,14,0.07987453043460846,7.1402,409.5223,373.911,499.1158,0.0,False,True,0.0,test
lvis:724:651:45,lvis,724,val2017/000000000724.jpg,651,liquor,liquor,True,0,15,0.07706683874130249,122.4801,283.893,145.1667,309.7702,0.0,False,True,0.0,test
lvis:724:651:45,lvis,724,val2017/000000000724.jpg,651,liquor,liquor,True,0,16,0.07696878165006638,336.4952,268.0334,354.9775,283.0398,0.0,False,True,0.0,test
lvis:724:651:45,lvis,724,val2017/000000000724.jpg,651,liquor,liquor,True,0,17,0.07662566751241684,164.8927,325.1855,226.8172,346.0025,0.0,False,True,0.0,test
lvis:724:651:45,lvis,724,val2017/000000000724.jpg,651,liquor,liquor,True,0,18,0.07526617497205734,15.9804,266.2262,34.6492,290.3902,0.0,False,True,0.0,test
lvis:724:651:45,lvis,724,val2017/000000000724.jpg,651,liquor,liquor,True,0,19,0.07472033053636551,140.6759,275.9794,256.9296,307.9182,0.0,False,True,0.0,test
lvis:724:651:45,lvis,724,val2017/000000000724.jpg,651,liquor,liquor,True,0,20,0.07404305785894394,260.2427,264.8266,271.9201,272.206,0.0,False,True,0.0,test
lvis:724:651:45,lvis,724,val2017/000000000724.jpg,651,liquor,liquor,True,0,21,0.07385191321372986,1.0837,308.4777,123.2846,350.2633,0.0,False,True,0.0,test
lvis:724:651:45,lvis,724,val2017/000000000724.jpg,651,liquor,liquor,True,0,22,0.06897206604480743,165.7172,327.9884,187.7122,345.748,0.0,False,True,0.0,test
lvis:724:651:45,lvis,724,val2017/000000000724.jpg,651,liquor,liquor,True,0,23,0.06844868510961533,95.8264,309.8901,134.0645,330.3866,0.0,False,True,0.0,test
lvis:724:651:45,lvis,724,val2017/000000000724.jpg,651,liquor,liquor,True,0,24,0.06816007196903229,122.4692,183.2066,139.864,278.702,0.0,False,True,0.0,test
lvis:724:651:45,lvis,724,val2017/000000000724.jpg,651,liquor,liquor,True,0,25,0.06807784736156464,184.643,224.6122,203.931,498.6868,0.0,False,True,0.0,test
lvis:724:651:45,lvis,724,val2017/000000000724.jpg,651,liquor,liquor,True,0,26,0.0680079236626625,96.1916,55.9244,280.2951,245.8569,0.0,False,True,0.0,test
lvis:724:651:45,lvis,724,val2017/000000000724.jpg,651,liquor,liquor,True,0,27,0.06663889437913895,121.6489,325.5764,153.5289,347.6351,0.0,False,True,0.0,test
lvis:724:651:45,lvis,724,val2017/000000000724.jpg,651,liquor,liquor,True,0,28,0.06570455431938171,278.1344,292.6677,293.3688,308.8374,0.0,False,True,0.0,test
lvis:724:651:45,lvis,724,val2017/000000000724.jpg,651,liquor,liquor,True,0,29,0.06517058610916138,272.3799,288.7956,373.7968,312.8292,0.0,False,True,0.0,test
lvis:724:651:45,lvis,724,val2017/000000000724.jpg,651,liquor,liquor,True,0,30,0.06431170552968979,199.0062,325.0788,225.4706,344.0734,0.0,False,True,0.0,test
lvis:724:651:45,lvis,724,val2017/000000000724.jpg,651,liquor,liquor,True,0,31,0.06381421536207199,318.2193,267.2692,325.2902,275.7549,0.0,False,True,0.0,test
lvis:724:651:45,lvis,724,val2017/000000000724.jpg,651,liquor,liquor,True,0,32,0.05817270278930664,312.5246,290.8401,340.1294,310.9968,0.0,False,True,0.0,test
lvis:724:651:45,lvis,724,val2017/000000000724.jpg,651,liquor,liquor,True,0,33,0.058028362691402435,201.3165,254.0027,221.57,329.281,0.0,False,True,0.0,test
lvis:724:651:45,lvis,724,val2017/000000000724.jpg,651,liquor,liquor,True,0,34,0.05799076333642006,130.6183,311.5063,166.0681,333.9887,0.0,False,True,0.0,test
lvis:724:651:45,lvis,724,val2017/000000000724.jpg,651,liquor,liquor,True,0,35,0.057918570935726166,186.8209,86.7335,193.851,94.3032,0.0,False,True,0.0,test
lvis:724:651:45,lvis,724,val2017/000000000724.jpg,651,liquor,liquor,True,0,36,0.057880476117134094,131.3688,84.271,246.3938,182.7101,0.0,False,True,0.0,test
lvis:724:651:45,lvis,724,val2017/000000000724.jpg,651,liquor,liquor,True,0,37,0.05780044198036194,198.8193,277.9672,256.4371,307.7008,0.0,False,True,0.0,test
lvis:724:651:45,lvis,724,val2017/000000000724.jpg,651,liquor,liquor,True,0,38,0.05774633586406708,76.4116,264.9063,97.18,281.2784,0.0,False,True,0.0,test
lvis:724:651:45,lvis,724,val2017/000000000724.jpg,651,liquor,liquor,True,0,39,0.057538848370313644,15.6815,265.9645,34.9942,305.4565,0.0,False,True,0.0,test
lvis:724:651:45,lvis,724,val2017/000000000724.jpg,651,liquor,liquor,True,0,40,0.05689123645424843,91.5457,308.7026,166.4459,346.7482,0.0,False,True,0.0,test
lvis:724:651:45,lvis,724,val2017/000000000724.jpg,651,liquor,liquor,True,0,41,0.055321794003248215,234.35,247.1219,325.9742,274.1317,0.0,False,True,0.0,test
lvis:724:651:45,lvis,724,val2017/000000000724.jpg,651,liquor,liquor,True,0,42,0.05504946410655975,75.4816,260.1331,124.2123,309.5636,0.0,False,True,0.0,test
lvis:724:651:45,lvis,724,val2017/000000000724.jpg,651,liquor,liquor,True,0,43,0.054997801780700684,201.4464,257.1191,221.4604,287.5731,0.0,False,True,0.0,test
lvis:724:651:45,lvis,724,val2017/000000000724.jpg,651,liquor,liquor,True,0,44,0.05411066859960556,92.6279,309.4619,231.375,349.6075,0.0,False,True,0.0,test
lvis:724:651:45,lvis,724,val2017/000000000724.jpg,651,liquor,liquor,True,0,45,0.053820621222257614,2.195,308.5039,233.1051,351.5995,0.0,False,True,0.0,test
lvis:724:651:45,lvis,724,val2017/000000000724.jpg,651,liquor,liquor,True,0,46,0.053481459617614746,252.2864,439.2032,324.5453,499.0241,0.0,False,True,0.0,test
lvis:724:651:45,lvis,724,val2017/000000000724.jpg,651,liquor,liquor,True,0,47,0.05284549295902252,72.4945,261.1775,104.7218,314.1161,0.0,False,True,0.0,test
lvis:724:651:45,lvis,724,val2017/000000000724.jpg,651,liquor,liquor,True,0,48,0.05240589380264282,132.0498,118.7204,161.2079,172.9078,0.0,False,True,0.0,test
lvis:724:651:45,lvis,724,val2017/000000000724.jpg,651,liquor,liquor,True,0,49,0.05165235325694084,15.8511,265.6441,50.1853,310.101,0.0,False,True,0.0,test
lvis:724:651:45,lvis,724,val2017/000000000724.jpg,651,liquor,liquor,True,0,50,0.05147949233651161,151.7313,324.5261,233.5681,350.9119,0.0,False,True,0.0,test
lvis:724:651:45,lvis,724,val2017/000000000724.jpg,651,liquor,liquor,True,0,51,0.05147498846054077,122.7958,183.3838,133.9949,190.2486,0.0,False,True,0.0,test
lvis:724:651:45,lvis,724,val2017/000000000724.jpg,651,liquor,liquor,True,0,52,0.051135752350091934,196.3456,124.1271,245.1178,180.7114,0.0,False,True,0.0,test
lvis:724:651:45,lvis,724,val2017/000000000724.jpg,651,liquor,liquor,True,0,53,0.050971321761608124,276.5463,290.943,340.9524,310.8708,0.0,False,True,0.0,test
lvis:775:151:46,lvis,775,train2017/000000000775.jpg,151,breechcloth,breechcloth,True,0,0,0.3134617805480957,289.7044,0.3576,503.2648,233.2216,0.0,False,True,9.98792270531401,test
lvis:775:151:46,lvis,775,train2017/000000000775.jpg,151,breechcloth,breechcloth,True,0,1,0.25659042596817017,243.0943,173.4814,424.9592,377.0527,0.0,False,True,9.98792270531401,test
lvis:775:151:46,lvis,775,train2017/000000000775.jpg,151,breechcloth,breechcloth,True,0,2,0.25208723545074463,66.2874,160.4946,432.166,396.6872,0.0,False,True,9.98792270531401,test
lvis:775:151:46,lvis,775,train2017/000000000775.jpg,151,breechcloth,breechcloth,True,0,3,0.24749431014060974,307.2587,182.5785,638.4272,425.2234,0.0,False,True,9.98792270531401,test
lvis:775:151:46,lvis,775,train2017/000000000775.jpg,151,breechcloth,breechcloth,True,0,4,0.15634861588478088,65.628,160.5708,637.3773,423.8517,0.0,False,True,0.0,test
lvis:775:151:46,lvis,775,train2017/000000000775.jpg,151,breechcloth,breechcloth,True,0,5,0.1516139954328537,165.827,0.1239,358.2513,202.4114,0.0,False,True,0.0,test
lvis:775:151:46,lvis,775,train2017/000000000775.jpg,151,breechcloth,breechcloth,True,0,6,0.1433485895395279,3.561,1.1721,636.9896,425.0497,0.0,False,True,0.0,test
lvis:775:151:46,lvis,775,train2017/000000000775.jpg,151,breechcloth,breechcloth,True,0,7,0.14141255617141724,267.4738,308.3271,350.6396,373.7487,0.0,False,True,0.0,test
lvis:775:151:46,lvis,775,train2017/000000000775.jpg,151,breechcloth,breechcloth,True,0,8,0.12369828671216965,247.0268,197.9612,371.9339,374.4606,0.0,False,True,0.0,test
lvis:775:151:46,lvis,775,train2017/000000000775.jpg,151,breechcloth,breechcloth,True,0,9,0.12124839425086975,293.7316,287.5552,310.6316,324.5311,0.0,False,True,0.0,test
lvis:775:151:46,lvis,775,train2017/000000000775.jpg,151,breechcloth,breechcloth,True,0,10,0.11826705187559128,266.3342,280.719,353.0322,373.7435,0.0,False,True,0.0,test
lvis:775:151:46,lvis,775,train2017/000000000775.jpg,151,breechcloth,breechcloth,True,0,11,0.11400973051786423,108.6084,216.5999,263.1736,385.0367,0.0,False,True,0.0,test
lvis:775:151:46,lvis,775,train2017/000000000775.jpg,151,breechcloth,breechcloth,True,0,12,0.1115349531173706,65.2517,61.9897,210.8368,219.8089,0.0,False,True,0.0,test
lvis:775:151:46,lvis,775,train2017/000000000775.jpg,151,breechcloth,breechcloth,True,0,13,0.11122654378414154,0.6409,257.2867,76.1537,361.7726,0.0,False,True,0.0,test
lvis:775:151:46,lvis,775,train2017/000000000775.jpg,151,breechcloth,breechcloth,True,0,14,0.09682311117649078,270.926,298.1733,294.9962,335.1991,0.0,False,True,0.0,test
lvis:775:151:46,lvis,775,train2017/000000000775.jpg,151,breechcloth,breechcloth,True,0,15,0.09513401240110397,522.1776,190.9669,638.6262,352.6915,0.0,False,True,0.0,test
lvis:775:151:46,lvis,775,train2017/000000000775.jpg,151,breechcloth,breechcloth,True,0,16,0.09512877464294434,431.5324,6.2113,502.6146,50.3691,0.0,False,True,0.0,test
lvis:775:151:46,lvis,775,train2017/000000000775.jpg,151,breechcloth,breechcloth,True,0,17,0.09479795396327972,317.2964,323.4454,637.905,425.364,0.0,False,True,0.0,test
lvis:775:151:46,lvis,775,train2017/000000000775.jpg,151,breechcloth,breechcloth,True,0,18,0.09434100240468979,550.313,0.05,638.9465,35.9479,0.0,False,True,0.0,test
lvis:775:151:46,lvis,775,train2017/000000000775.jpg,151,breechcloth,breechcloth,True,0,19,0.09167500585317612,425.726,183.4228,638.4867,423.7253,0.0,False,True,0.0,test
lvis:775:151:46,lvis,775,train2017/000000000775.jpg,151,breechcloth,breechcloth,True,0,20,0.09164128452539444,302.3646,390.73,335.3791,425.0985,0.0,False,True,0.0,test
lvis:775:151:46,lvis,775,train2017/000000000775.jpg,151,breechcloth,breechcloth,True,0,21,0.08737120032310486,311.3236,279.8323,329.3564,318.3898,0.0,False,True,0.0,test
lvis:775:151:46,lvis,775,train2017/000000000775.jpg,151,breechcloth,breechcloth,True,0,22,0.0837288424372673,475.9312,311.7229,569.3829,371.209,0.0,False,True,0.0,test
lvis:775:151:46,lvis,775,train2017/000000000775.jpg,151,breechcloth,breechcloth,True,0,23,0.07863951474428177,428.1661,201.2763,525.7693,309.3159,0.0,False,True,0.0,test
lvis:775:151:46,lvis,775,train2017/000000000775.jpg,151,breechcloth,breechcloth,True,0,24,0.07769981026649475,288.7125,0.5848,637.283,234.56,0.0,False,True,0.0,test
lvis:775:151:46,lvis,775,train2017/000000000775.jpg,151,breechcloth,breechcloth,True,0,25,0.07700849324464798,329.1098,325.1933,465.5457,424.9,0.0,False,True,0.0,test
lvis:775:151:46,lvis,775,train2017/000000000775.jpg,151,breechcloth,breechcloth,True,0,26,0.07617072016000748,454.2987,380.3738,634.5945,425.7599,0.0,False,True,0.0,test
lvis:775:151:46,lvis,775,train2017/000000000775.jpg,151,breechcloth,breechcloth,True,0,27,0.07574174553155899,143.7944,227.2264,258.663,381.6483,0.0,False,True,0.0,test
lvis:775:151:46,lvis,775,train2017/000000000775.jpg,151,breechcloth,breechcloth,True,0,28,0.07454564422369003,385.567,108.4089,463.9946,231.9812,0.0,False,True,0.0,test
lvis:775:151:46,lvis,775,train2017/000000000775.jpg,151,breechcloth,breechcloth,True,0,29,0.07378390431404114,280.5051,0.6792,638.1152,425.5493,0.0,False,True,0.0,test
lvis:775:151:46,lvis,775,train2017/000000000775.jpg,151,breechcloth,breechcloth,True,0,30,0.07364768534898758,521.6323,189.7978,638.6798,423.4633,0.0,False,True,0.0,test
lvis:775:151:46,lvis,775,train2017/000000000775.jpg,151,breechcloth,breechcloth,True,0,31,0.0704505667090416,495.6409,181.2455,556.1653,243.9762,0.0,False,True,0.0,test
lvis:775:151:46,lvis,775,train2017/000000000775.jpg,151,breechcloth,breechcloth,True,0,32,0.07027369737625122,305.021,377.6706,635.738,425.8175,0.0,False,True,0.0,test
lvis:775:151:46,lvis,775,train2017/000000000775.jpg,151,breechcloth,breechcloth,True,0,33,0.06811966747045517,457.61,327.4206,638.3455,425.0827,0.0,False,True,0.0,test
lvis:775:151:46,lvis,775,train2017/000000000775.jpg,151,breechcloth,breechcloth,True,0,34,0.06727253645658493,307.5469,262.1098,637.2925,425.1656,0.0,False,True,0.0,test
lvis:775:151:46,lvis,775,train2017/000000000775.jpg,151,breechcloth,breechcloth,True,0,35,0.06524339318275452,583.4617,335.1535,638.9893,424.9504,0.0,False,True,0.0,test
lvis:775:151:46,lvis,775,train2017/000000000775.jpg,151,breechcloth,breechcloth,True,0,36,0.06421720236539841,479.2322,314.5088,560.7424,352.528,0.0,False,True,0.0,test
lvis:775:151:46,lvis,775,train2017/000000000775.jpg,151,breechcloth,breechcloth,True,0,37,0.06315385550260544,318.5247,16.3878,458.4798,167.6011,0.0,False,True,0.0,test
lvis:775:151:46,lvis,775,train2017/000000000775.jpg,151,breechcloth,breechcloth,True,0,38,0.06056400015950203,64.0412,3.4835,505.6902,405.7716,0.0,False,True,0.0,test
lvis:775:151:46,lvis,775,train2017/000000000775.jpg,151,breechcloth,breechcloth,True,0,39,0.05244795233011246,329.1595,263.396,477.3084,424.2594,0.0,False,True,0.0,test
lvis:775:151:46,lvis,775,train2017/000000000775.jpg,151,breechcloth,breechcloth,True,0,40,0.05154243856668472,306.9573,5.0621,499.057,178.5486,0.0,False,True,0.0,test
lvis:775:151:46,lvis,775,train2017/000000000775.jpg,151,breechcloth,breechcloth,True,0,41,0.05105142667889595,308.0451,27.3141,463.6118,226.3622,0.0,False,True,0.0,test
lvis:775:151:46,lvis,775,train2017/000000000775.jpg,151,breechcloth,breechcloth,True,0,42,0.0507764033973217,377.1403,326.1111,464.2458,422.4567,0.0,False,True,0.0,test
lvis:775:215:47,lvis,775,train2017/000000000775.jpg,215,carnation,carnation,True,0,0,0.3155699670314789,66.1242,160.2159,637.7594,424.5443,0.0,False,True,9.98792270531401,test
lvis:775:215:47,lvis,775,train2017/000000000775.jpg,215,carnation,carnation,True,0,1,0.27026087045669556,297.6921,181.0506,638.1368,425.5073,0.0,False,True,9.98792270531401,test
lvis:775:215:47,lvis,775,train2017/000000000775.jpg,215,carnation,carnation,True,0,2,0.24665072560310364,549.1545,0.0818,638.3131,34.3094,0.0,False,True,9.98792270531401,test
lvis:775:215:47,lvis,775,train2017/000000000775.jpg,215,carnation,carnation,True,0,3,0.21809101104736328,91.6196,170.8791,429.1836,388.2102,0.0,False,True,9.98792270531401,test
lvis:775:215:47,lvis,775,train2017/000000000775.jpg,215,carnation,carnation,True,0,4,0.19693221151828766,109.557,205.9717,274.919,385.4117,0.0,False,True,9.98792270531401,test
lvis:775:215:47,lvis,775,train2017/000000000775.jpg,215,carnation,carnation,True,0,5,0.17144852876663208,288.3251,0.0731,504.5117,232.4458,0.0,False,True,0.0,test
lvis:775:215:47,lvis,775,train2017/000000000775.jpg,215,carnation,carnation,True,0,6,0.14567312598228455,243.2848,174.3846,423.0258,377.8861,0.0,False,True,0.0,test
lvis:775:215:47,lvis,775,train2017/000000000775.jpg,215,carnation,carnation,True,0,7,0.10928180068731308,266.9729,279.9124,353.2598,374.1793,0.0,False,True,0.0,test
lvis:775:215:47,lvis,775,train2017/000000000775.jpg,215,carnation,carnation,True,0,8,0.1090557649731636,61.9168,2.5745,635.3329,423.3752,0.0,False,True,0.0,test
lvis:775:215:47,lvis,775,train2017/000000000775.jpg,215,carnation,carnation,True,0,9,0.10826420038938522,496.5663,181.5775,556.1016,243.4727,0.0,False,True,0.0,test
lvis:775:215:47,lvis,775,train2017/000000000775.jpg,215,carnation,carnation,True,0,10,0.10473571717739105,584.3108,0.0631,636.8903,31.7416,0.0,False,True,0.0,test
lvis:775:215:47,lvis,775,train2017/000000000775.jpg,215,carnation,carnation,True,0,11,0.10015235841274261,153.1844,244.5268,257.3323,378.4507,0.0,False,True,0.0,test
lvis:775:215:47,lvis,775,train2017/000000000775.jpg,215,carnation,carnation,True,0,12,0.099120132625103,306.0547,390.7468,334.971,423.2276,0.0,False,True,0.0,test
lvis:775:215:47,lvis,775,train2017/000000000775.jpg,215,carnation,carnation,True,0,13,0.08987393975257874,303.6857,235.1577,337.0275,262.0374,0.0,False,True,0.0,test
lvis:775:215:47,lvis,775,train2017/000000000775.jpg,215,carnation,carnation,True,0,14,0.08677050471305847,293.5247,287.3561,310.5367,324.1922,0.0,False,True,0.0,test
lvis:775:215:47,lvis,775,train2017/000000000775.jpg,215,carnation,carnation,True,0,15,0.08650902658700943,245.0742,182.1357,371.6212,376.0996,0.0,False,True,0.0,test
lvis:775:215:47,lvis,775,train2017/000000000775.jpg,215,carnation,carnation,True,0,16,0.08636799454689026,114.5341,92.1417,132.5204,104.858,0.0,False,True,0.0,test
lvis:775:215:47,lvis,775,train2017/000000000775.jpg,215,carnation,carnation,True,0,17,0.08485818654298782,425.1981,184.5347,637.4617,424.3422,0.0,False,True,0.0,test
lvis:775:215:47,lvis,775,train2017/000000000775.jpg,215,carnation,carnation,True,0,18,0.08293229341506958,311.4431,279.7589,329.2759,315.5251,0.0,False,True,0.0,test
lvis:775:215:47,lvis,775,train2017/000000000775.jpg,215,carnation,carnation,True,0,19,0.07899489998817444,267.8516,306.7798,351.6599,373.5594,0.0,False,True,0.0,test
lvis:775:215:47,lvis,775,train2017/000000000775.jpg,215,carnation,carnation,True,0,20,0.07806310057640076,453.1263,381.7765,633.5685,425.889,0.0,False,True,0.0,test
lvis:775:215:47,lvis,775,train2017/000000000775.jpg,215,carnation,carnation,True,0,21,0.07610241323709488,295.2869,389.8817,336.2131,425.5077,0.0,False,True,0.0,test
lvis:775:215:47,lvis,775,train2017/000000000775.jpg,215,carnation,carnation,True,0,22,0.07535149902105331,522.6019,190.7399,638.7197,352.0167,0.0,False,True,0.0,test
lvis:775:215:47,lvis,775,train2017/000000000775.jpg,215,carnation,carnation,True,0,23,0.07277020066976547,270.9506,298.0864,294.9741,334.8392,0.0,False,True,0.0,test
lvis:775:215:47,lvis,775,train2017/000000000775.jpg,215,carnation,carnation,True,0,24,0.07241901755332947,140.3139,213.4121,383.4266,373.1732,0.0,False,True,0.0,test
lvis:775:215:47,lvis,775,train2017/000000000775.jpg,215,carnation,carnation,True,0,25,0.07162363082170486,474.1346,311.0452,569.4866,372.6338,0.0,False,True,0.0,test
lvis:775:215:47,lvis,775,train2017/000000000775.jpg,215,carnation,carnation,True,0,26,0.06862428784370422,457.4898,392.129,530.6993,425.5683,0.0,False,True,0.0,test
lvis:775:215:47,lvis,775,train2017/000000000775.jpg,215,carnation,carnation,True,0,27,0.06553898006677628,307.6494,310.1836,636.3769,425.4724,0.0,False,True,0.0,test
lvis:775:215:47,lvis,775,train2017/000000000775.jpg,215,carnation,carnation,True,0,28,0.0645071268081665,164.5287,259.9738,249.4205,347.9995,0.0,False,True,0.0,test
lvis:775:215:47,lvis,775,train2017/000000000775.jpg,215,carnation,carnation,True,0,29,0.06385229527950287,259.0496,230.5272,366.3266,373.8808,0.0,False,True,0.0,test
lvis:775:215:47,lvis,775,train2017/000000000775.jpg,215,carnation,carnation,True,0,30,0.05989944562315941,479.5235,314.5887,560.7623,354.9463,0.0,False,True,0.0,test
lvis:775:215:47,lvis,775,train2017/000000000775.jpg,215,carnation,carnation,True,0,31,0.05909592658281326,268.9898,248.8486,299.9713,271.3504,0.0,False,True,0.0,test
lvis:775:215:47,lvis,775,train2017/000000000775.jpg,215,carnation,carnation,True,0,32,0.058282580226659775,304.2588,259.7092,635.1289,425.2473,0.0,False,True,0.0,test
lvis:775:215:47,lvis,775,train2017/000000000775.jpg,215,carnation,carnation,True,0,33,0.05824235454201698,450.8342,311.8619,635.4635,424.8854,0.0,False,True,0.0,test
lvis:775:215:47,lvis,775,train2017/000000000775.jpg,215,carnation,carnation,True,0,34,0.05743375048041344,184.7053,229.5289,255.627,380.0162,0.0,False,True,0.0,test
lvis:775:215:47,lvis,775,train2017/000000000775.jpg,215,carnation,carnation,True,0,35,0.05666853114962578,456.031,0.1011,638.637,35.5972,0.0,False,True,0.0,test
lvis:775:215:47,lvis,775,train2017/000000000775.jpg,215,carnation,carnation,True,0,36,0.05609404668211937,240.0303,208.1977,273.7161,244.1119,0.0,False,True,0.0,test
lvis:775:215:47,lvis,775,train2017/000000000775.jpg,215,carnation,carnation,True,0,37,0.05418672412633896,177.6775,258.6163,247.3537,335.4391,0.0,False,True,0.0,test
lvis:775:215:47,lvis,775,train2017/000000000775.jpg,215,carnation,carnation,True,0,38,0.05370571091771126,114.4402,187.4083,552.4051,383.1199,0.0,False,True,0.0,test
lvis:775:215:47,lvis,775,train2017/000000000775.jpg,215,carnation,carnation,True,0,39,0.05350125581026077,427.7177,201.9325,526.3819,309.6532,0.0,False,True,0.0,test
lvis:775:215:47,lvis,775,train2017/000000000775.jpg,215,carnation,carnation,True,0,40,0.05319035425782204,320.5209,306.073,352.3295,332.3689,0.0,False,True,0.0,test
lvis:775:215:47,lvis,775,train2017/000000000775.jpg,215,carnation,carnation,True,0,41,0.053073495626449585,91.8461,180.0572,330.6003,390.531,0.0,False,True,0.0,test
lvis:775:215:47,lvis,775,train2017/000000000775.jpg,215,carnation,carnation,True,0,42,0.05252665653824806,269.8475,280.3234,351.5964,337.7225,0.0,False,True,0.0,test
lvis:775:215:47,lvis,775,train2017/000000000775.jpg,215,carnation,carnation,True,0,43,0.05145391821861267,506.0449,194.397,543.3928,234.8857,0.0,False,True,0.0,test
lvis:775:215:47,lvis,775,train2017/000000000775.jpg,215,carnation,carnation,True,0,44,0.0507689006626606,454.1675,383.0898,564.2286,425.3757,0.0,False,True,0.0,test
lvis:776:316:48,lvis,776,val2017/000000000776.jpg,316,cougar,cougar,True,0,0,0.32578739523887634,1.4818,267.793,321.1433,637.6889,0.0,False,True,9.98792270531401,test
lvis:776:316:48,lvis,776,val2017/000000000776.jpg,316,cougar,cougar,True,0,1,0.2908317446708679,1.7462,51.212,349.831,528.5169,0.0,False,True,9.98792270531401,test
lvis:776:316:48,lvis,776,val2017/000000000776.jpg,316,cougar,cougar,True,0,2,0.255914568901062,99.1796,1.2446,425.5566,531.3481,0.0,False,True,9.98792270531401,test
lvis:776:316:48,lvis,776,val2017/000000000776.jpg,316,cougar,cougar,True,0,3,0.20148199796676636,1.1777,52.2801,202.5871,291.1396,0.0,False,True,9.98792270531401,test
lvis:776:316:48,lvis,776,val2017/000000000776.jpg,316,cougar,cougar,True,0,4,0.14253850281238556,104.3398,1.9204,424.2567,344.5216,0.0,False,True,0.0,test
lvis:776:316:48,lvis,776,val2017/000000000776.jpg,316,cougar,cougar,True,0,5,0.12788842618465424,18.4865,71.4063,188.4171,268.3895,0.0,False,True,0.0,test
lvis:776:316:48,lvis,776,val2017/000000000776.jpg,316,cougar,cougar,True,0,6,0.08127663284540176,3.2671,2.2753,424.0167,634.6149,0.0,False,True,0.0,test
lvis:776:316:48,lvis,776,val2017/000000000776.jpg,316,cougar,cougar,True,0,7,0.08098027110099792,3.832,272.5644,237.86,549.6383,0.0,False,True,0.0,test
lvis:776:316:48,lvis,776,val2017/000000000776.jpg,316,cougar,cougar,True,0,8,0.07316596806049347,175.5262,11.1055,400.4578,234.3089,0.0,False,True,0.0,test
lvis:776:316:48,lvis,776,val2017/000000000776.jpg,316,cougar,cougar,True,0,9,0.06933905929327011,157.597,4.9412,424.972,436.7213,0.0,False,True,0.0,test
lvis:776:316:48,lvis,776,val2017/000000000776.jpg,316,cougar,cougar,True,0,10,0.0690554603934288,217.598,200.581,243.1821,225.2312,0.0,False,True,0.0,test
lvis:776:316:48,lvis,776,val2017/000000000776.jpg,316,cougar,cougar,True,0,11,0.06640990078449249,112.2774,263.0748,152.1666,294.2499,0.0,False,True,0.0,test
lvis:776:316:48,lvis,776,val2017/000000000776.jpg,316,cougar,cougar,True,0,12,0.061416663229465485,192.3697,223.0422,351.2356,526.3636,0.0,False,True,0.0,test
lvis:776:316:48,lvis,776,val2017/000000000776.jpg,316,cougar,cougar,True,0,13,0.05922212079167366,11.196,5.1382,421.4998,441.9118,0.0,False,True,0.0,test
lvis:776:316:48,lvis,776,val2017/000000000776.jpg,316,cougar,cougar,True,0,14,0.055592697113752365,370.7144,62.282,426.9749,420.7229,0.0,False,True,0.0,test
lvis:776:316:48,lvis,776,val2017/000000000776.jpg,316,cougar,cougar,True,0,15,0.055592697113752365,204.237,12.7688,422.6859,378.8934,0.0,False,True,0.0,test
lvis:776:316:48,lvis,776,val2017/000000000776.jpg,316,cougar,cougar,True,0,16,0.054151903837919235,66.6775,457.7057,90.2528,479.5197,0.0,False,True,0.0,test
lvis:776:316:48,lvis,776,val2017/000000000776.jpg,316,cougar,cougar,True,0,17,0.05233774706721306,318.5865,418.9351,426.4429,638.0568,0.0,False,True,0.0,test
lvis:776:316:48,lvis,776,val2017/000000000776.jpg,316,cougar,cougar,True,0,18,0.05072309076786041,5.6501,233.9056,287.4578,576.5719,0.0,False,True,0.0,test
lvis:776:316:48,lvis,776,val2017/000000000776.jpg,316,cougar,cougar,True,0,19,0.050594232976436615,25.3533,97.8386,181.0697,233.4971,0.0,False,True,0.0,test
lvis:776:400:49,lvis,776,val2017/000000000776.jpg,400,drumstick,drumstick,True,0,0,0.2869662642478943,1.1977,268.6213,320.3944,638.5054,0.0,False,True,9.98792270531401,test
lvis:776:400:49,lvis,776,val2017/000000000776.jpg,400,drumstick,drumstick,True,0,1,0.2244860678911209,99.3855,0.9761,425.9001,531.549,0.0,False,True,9.98792270531401,test
lvis:776:400:49,lvis,776,val2017/000000000776.jpg,400,drumstick,drumstick,True,0,2,0.20827528834342957,0.8519,52.5842,201.8744,292.7087,0.0,False,True,9.98792270531401,test
lvis:776:400:49,lvis,776,val2017/000000000776.jpg,400,drumstick,drumstick,True,0,3,0.16170188784599304,0.835,51.5252,350.0873,529.535,0.0,False,True,0.0,test
lvis:776:400:49,lvis,776,val2017/000000000776.jpg,400,drumstick,drumstick,True,0,4,0.16155995428562164,192.5245,218.1046,350.8375,528.9562,0.0,False,True,0.0,test
lvis:776:400:49,lvis,776,val2017/000000000776.jpg,400,drumstick,drumstick,True,0,5,0.12970365583896637,1.2815,268.9468,237.1158,553.2797,0.0,False,True,0.0,test
lvis:776:400:49,lvis,776,val2017/000000000776.jpg,400,drumstick,drumstick,True,0,6,0.10917286574840546,218.2474,201.0157,243.1438,225.0582,0.0,False,True,0.0,test
lvis:776:400:49,lvis,776,val2017/000000000776.jpg,400,drumstick,drumstick,True,0,7,0.09412530064582825,319.4414,418.235,426.8954,638.4406,0.0,False,True,0.0,test
lvis:776:400:49,lvis,776,val2017/000000000776.jpg,400,drumstick,drumstick,True,0,8,0.09219065308570862,371.0629,61.8972,427.2929,424.1924,0.0,False,True,0.0,test
lvis:776:400:49,lvis,776,val2017/000000000776.jpg,400,drumstick,drumstick,True,0,9,0.08664063364267349,50.3469,53.4621,180.8921,121.1957,0.0,False,True,0.0,test
lvis:776:400:49,lvis,776,val2017/000000000776.jpg,400,drumstick,drumstick,True,0,10,0.0846627801656723,113.2105,263.5157,151.5069,294.1153,0.0,False,True,0.0,test
lvis:776:400:49,lvis,776,val2017/000000000776.jpg,400,drumstick,drumstick,True,0,11,0.08254637569189072,2.0752,1.0282,425.8818,637.8102,0.0,False,True,0.0,test
lvis:776:400:49,lvis,776,val2017/000000000776.jpg,400,drumstick,drumstick,True,0,12,0.08215931802988052,161.4043,1.6215,424.8134,388.5625,0.0,False,True,0.0,test
lvis:776:400:49,lvis,776,val2017/000000000776.jpg,400,drumstick,drumstick,True,0,13,0.07769694924354553,238.928,96.225,272.2411,112.3014,0.0,False,True,0.0,test
lvis:776:400:49,lvis,776,val2017/000000000776.jpg,400,drumstick,drumstick,True,0,14,0.06938706338405609,8.5544,418.4103,319.2469,638.2238,0.0,False,True,0.0,test
lvis:776:400:49,lvis,776,val2017/000000000776.jpg,400,drumstick,drumstick,True,0,15,0.06859809160232544,13.6909,519.1353,32.7433,538.3807,0.0,False,True,0.0,test
lvis:776:400:49,lvis,776,val2017/000000000776.jpg,400,drumstick,drumstick,True,0,16,0.06661265343427658,100.8842,1.331,423.8026,294.0047,0.0,False,True,0.0,test
lvis:776:400:49,lvis,776,val2017/000000000776.jpg,400,drumstick,drumstick,True,0,17,0.06534498184919357,12.6545,519.5531,51.4311,605.1319,0.0,False,True,0.0,test
lvis:776:400:49,lvis,776,val2017/000000000776.jpg,400,drumstick,drumstick,True,0,18,0.06334541738033295,157.9657,1.2565,394.0787,237.1585,0.0,False,True,0.0,test
lvis:776:400:49,lvis,776,val2017/000000000776.jpg,400,drumstick,drumstick,True,0,19,0.06183341518044472,67.0702,457.9757,90.0601,479.6209,0.0,False,True,0.0,test
lvis:776:400:49,lvis,776,val2017/000000000776.jpg,400,drumstick,drumstick,True,0,20,0.060921698808670044,299.3519,62.9068,426.6794,379.5005,0.0,False,True,0.0,test
lvis:776:400:49,lvis,776,val2017/000000000776.jpg,400,drumstick,drumstick,True,0,21,0.060595910996198654,320.5497,490.1832,426.8085,638.3301,0.0,False,True,0.0,test
lvis:776:400:49,lvis,776,val2017/000000000776.jpg,400,drumstick,drumstick,True,0,22,0.05963330343365669,186.4933,420.083,320.2017,637.7299,0.0,False,True,0.0,test
lvis:776:400:49,lvis,776,val2017/000000000776.jpg,400,drumstick,drumstick,True,0,23,0.05628180131316185,83.2091,278.0548,236.4619,493.5974,0.0,False,True,0.0,test
lvis:776:400:49,lvis,776,val2017/000000000776.jpg,400,drumstick,drumstick,True,0,24,0.055480435490608215,253.3741,137.3902,274.6099,154.6825,0.0,False,True,0.0,test
lvis:776:400:49,lvis,776,val2017/000000000776.jpg,400,drumstick,drumstick,True,0,25,0.053105007857084274,211.9146,195.0447,249.0738,233.3607,0.0,False,True,0.0,test
lvis:776:400:49,lvis,776,val2017/000000000776.jpg,400,drumstick,drumstick,True,0,26,0.05303933098912239,85.6333,278.4985,236.6694,402.8961,0.0,False,True,0.0,test
lvis:776:400:49,lvis,776,val2017/000000000776.jpg,400,drumstick,drumstick,True,0,27,0.05256551876664162,309.1179,370.3882,420.5045,544.0558,0.0,False,True,0.0,test
lvis:776:400:49,lvis,776,val2017/000000000776.jpg,400,drumstick,drumstick,True,0,28,0.051497932523489,115.8355,186.6564,138.7305,210.2308,0.0,False,True,0.0,test
lvis:776:400:49,lvis,776,val2017/000000000776.jpg,400,drumstick,drumstick,True,0,29,0.05022871866822243,323.8528,109.5031,411.6125,287.5414,0.0,False,True,0.0,test
lvis:776:400:49,lvis,776,val2017/000000000776.jpg,400,drumstick,drumstick,True,0,30,0.050202928483486176,4.6247,1.0303,424.1651,391.9176,0.0,False,True,0.0,test
lvis:785:326:53,lvis,785,val2017/000000000785.jpg,326,cream_pitcher,cream_pitcher,True,0,0,0.41749879717826843,278.641,41.7758,499.525,392.7058,0.0,False,True,9.98792270531401,test
lvis:785:326:53,lvis,785,val2017/000000000785.jpg,326,cream_pitcher,cream_pitcher,True,0,1,0.196136474609375,206.1625,39.102,614.0082,404.2188,0.0,False,True,9.98792270531401,test
lvis:785:326:53,lvis,785,val2017/000000000785.jpg,326,cream_pitcher,cream_pitcher,True,0,2,0.09315157681703568,353.6299,84.9915,386.558,116.7091,0.0,False,True,0.0,test
lvis:785:326:53,lvis,785,val2017/000000000785.jpg,326,cream_pitcher,cream_pitcher,True,0,3,0.08925811201334,351.025,42.5979,393.4326,80.956,0.0,False,True,0.0,test
lvis:785:326:53,lvis,785,val2017/000000000785.jpg,326,cream_pitcher,cream_pitcher,True,0,4,0.056090470403432846,374.0894,121.6884,443.5559,218.9785,0.0,False,True,0.0,test
lvis:785:326:53,lvis,785,val2017/000000000785.jpg,326,cream_pitcher,cream_pitcher,True,0,5,0.051519569009542465,350.5645,327.2237,425.9797,371.2562,0.0,False,True,0.0,test
lvis:802:182:54,lvis,802,val2017/000000000802.jpg,182,locker,locker,True,0,0,0.389027863740921,153.2132,356.0597,245.8498,509.5419,0.0,False,True,9.98792270531401,test
lvis:802:182:54,lvis,802,val2017/000000000802.jpg,182,locker,locker,True,0,1,0.2839493155479431,150.1691,102.8143,238.406,256.5091,0.0,False,True,9.98792270531401,test
lvis:802:182:54,lvis,802,val2017/000000000802.jpg,182,locker,locker,True,0,2,0.26483282446861267,239.1843,183.8786,412.4368,533.3483,0.0,False,True,9.98792270531401,test
lvis:802:182:54,lvis,802,val2017/000000000802.jpg,182,locker,locker,True,0,3,0.23142105340957642,20.8503,97.1899,148.7724,179.4799,0.0,False,True,9.98792270531401,test
lvis:802:182:54,lvis,802,val2017/000000000802.jpg,182,locker,locker,True,0,4,0.23068001866340637,236.9402,99.0819,412.3326,182.5987,0.0,False,True,9.98792270531401,test
lvis:802:182:54,lvis,802,val2017/000000000802.jpg,182,locker,locker,True,0,5,0.1777878850698471,31.953,284.8081,162.0928,519.0214,0.0,False,True,0.0,test
lvis:802:182:54,lvis,802,val2017/000000000802.jpg,182,locker,locker,True,0,6,0.1547299325466156,67.4505,98.3961,147.3338,178.1115,0.0,False,True,0.0,test
lvis:802:182:54,lvis,802,val2017/000000000802.jpg,182,locker,locker,True,0,7,0.1406654715538025,20.5767,98.7114,69.2999,179.193,0.0,False,True,0.0,test
lvis:802:182:54,lvis,802,val2017/000000000802.jpg,182,locker,locker,True,0,8,0.12144066393375397,237.4495,105.3811,323.1619,177.6037,0.0,False,True,0.0,test
lvis:802:182:54,lvis,802,val2017/000000000802.jpg,182,locker,locker,True,0,9,0.10422583669424057,326.8175,100.3071,411.8826,180.1124,0.0,False,True,0.0,test
lvis:802:182:54,lvis,802,val2017/000000000802.jpg,182,locker,locker,True,0,10,0.10234137624502182,21.1267,95.0422,413.8235,255.9843,0.0,False,True,0.0,test
lvis:802:182:54,lvis,802,val2017/000000000802.jpg,182,locker,locker,True,0,11,0.09864771366119385,22.1246,92.5388,413.6827,530.288,0.0,False,True,0.0,test
lvis:802:182:54,lvis,802,val2017/000000000802.jpg,182,locker,locker,True,0,12,0.09114251285791397,154.8819,359.9858,243.4108,447.3167,0.0,False,True,0.0,test
lvis:802:182:54,lvis,802,val2017/000000000802.jpg,182,locker,locker,True,0,13,0.07490871101617813,156.9865,388.891,241.3999,446.4589,0.0,False,True,0.0,test
lvis:802:182:54,lvis,802,val2017/000000000802.jpg,182,locker,locker,True,0,14,0.07408902049064636,20.6796,96.5923,412.8728,184.6559,0.0,False,True,0.0,test
lvis:802:182:54,lvis,802,val2017/000000000802.jpg,182,locker,locker,True,0,15,0.07310090959072113,127.7899,89.7624,266.5449,272.7407,0.0,False,True,0.0,test
lvis:802:182:54,lvis,802,val2017/000000000802.jpg,182,locker,locker,True,0,16,0.07169761508703232,155.4884,446.1745,243.7007,507.8091,0.0,False,True,0.0,test
lvis:802:182:54,lvis,802,val2017/000000000802.jpg,182,locker,locker,True,0,17,0.0709790289402008,148.6847,96.9048,411.6835,256.2453,0.0,False,True,0.0,test
lvis:802:182:54,lvis,802,val2017/000000000802.jpg,182,locker,locker,True,0,18,0.07021182030439377,24.0658,176.5695,150.71,211.9969,0.0,False,True,0.0,test
lvis:802:182:54,lvis,802,val2017/000000000802.jpg,182,locker,locker,True,0,19,0.07017900049686432,126.2028,309.1559,292.9159,541.4138,0.0,False,True,0.0,test
lvis:802:182:54,lvis,802,val2017/000000000802.jpg,182,locker,locker,True,0,20,0.06244564428925514,162.8435,120.5994,222.5147,238.2696,0.0,False,True,0.0,test
lvis:802:182:54,lvis,802,val2017/000000000802.jpg,182,locker,locker,True,0,21,0.06001931056380272,172.9437,389.7838,221.5884,481.329,0.0,False,True,0.0,test
lvis:802:182:54,lvis,802,val2017/000000000802.jpg,182,locker,locker,True,0,22,0.05820918828248978,332.8038,113.1448,401.9306,172.8529,0.0,False,True,0.0,test
lvis:802:182:54,lvis,802,val2017/000000000802.jpg,182,locker,locker,True,0,23,0.05769757553935051,36.4075,360.6988,157.1701,518.2006,0.0,False,True,0.0,test
lvis:802:182:54,lvis,802,val2017/000000000802.jpg,182,locker,locker,True,0,24,0.05571291968226433,154.8164,358.5748,243.8233,389.5763,0.0,False,True,0.0,test
lvis:802:182:54,lvis,802,val2017/000000000802.jpg,182,locker,locker,True,0,25,0.05527269467711449,19.2306,92.527,153.5459,215.3907,0.0,False,True,0.0,test
lvis:802:182:54,lvis,802,val2017/000000000802.jpg,182,locker,locker,True,0,26,0.05496029928326607,265.7806,109.7608,367.0672,171.161,0.0,False,True,0.0,test
lvis:802:182:54,lvis,802,val2017/000000000802.jpg,182,locker,locker,True,0,27,0.052503813058137894,307.6848,253.5547,340.0217,401.9016,0.0,False,True,0.0,test
lvis:802:182:54,lvis,802,val2017/000000000802.jpg,182,locker,locker,True,0,28,0.052037693560123444,19.7144,5.0038,149.2134,180.6767,0.0,False,True,0.0,test
lvis:802:182:54,lvis,802,val2017/000000000802.jpg,182,locker,locker,True,0,29,0.0509403795003891,252.3264,112.7151,387.8839,169.0094,0.0,False,True,0.0,test
lvis:825:1053:56,lvis,825,train2017/000000000825.jpg,1053,tachometer,tachometer,True,0,0,0.5577329397201538,124.7582,0.6183,638.1731,449.1159,0.0,False,True,9.98792270531401,test
lvis:825:1053:56,lvis,825,train2017/000000000825.jpg,1053,tachometer,tachometer,True,0,1,0.07670988887548447,153.3011,198.6689,411.4669,433.0359,0.0,False,True,0.0,test
lvis:825:1053:56,lvis,825,train2017/000000000825.jpg,1053,tachometer,tachometer,True,0,2,0.051968030631542206,126.6708,1.5797,527.4142,306.9266,0.0,False,True,0.0,test
lvis:825:1053:56,lvis,825,train2017/000000000825.jpg,1053,tachometer,tachometer,True,0,3,0.0513424314558506,399.4334,26.6837,515.2319,107.0342,0.0,False,True,0.0,test
lvis:825:1053:56,lvis,825,train2017/000000000825.jpg,1053,tachometer,tachometer,True,0,4,0.051239315420389175,128.4253,3.0439,477.4915,431.9451,0.0,False,True,0.0,test
lvis:825:755:57,lvis,825,train2017/000000000825.jpg,755,papaya,papaya,True,0,0,0.2043350785970688,0.8174,0.2349,639.3768,479.0053,0.0,False,True,9.98792270531401,test
lvis:825:755:57,lvis,825,train2017/000000000825.jpg,755,papaya,papaya,True,0,1,0.05916033685207367,126.3136,2.1048,637.671,364.6363,0.0,False,True,0.0,test
lvis:853:672:58,lvis,853,train2017/000000000853.jpg,672,mascot,mascot,True,0,0,0.47529053688049316,271.3534,271.0193,554.9891,478.1318,0.0,False,True,9.98792270531401,test
lvis:853:672:58,lvis,853,train2017/000000000853.jpg,672,mascot,mascot,True,0,1,0.2626982033252716,14.8887,173.0332,287.0955,447.942,0.0,False,True,9.98792270531401,test
lvis:853:672:58,lvis,853,train2017/000000000853.jpg,672,mascot,mascot,True,0,2,0.19404420256614685,13.0511,2.9558,632.2516,476.2679,0.0,False,True,0.0,test
lvis:853:672:58,lvis,853,train2017/000000000853.jpg,672,mascot,mascot,True,0,3,0.17886647582054138,276.6463,1.6477,627.2134,231.1312,0.0,False,True,0.0,test
lvis:853:672:58,lvis,853,train2017/000000000853.jpg,672,mascot,mascot,True,0,4,0.17305362224578857,15.4066,171.697,558.8058,476.9522,0.0,False,True,0.0,test
lvis:853:672:58,lvis,853,train2017/000000000853.jpg,672,mascot,mascot,True,0,5,0.08972326666116714,347.3694,53.0588,637.1539,164.0737,0.0,False,True,0.0,test
lvis:853:672:58,lvis,853,train2017/000000000853.jpg,672,mascot,mascot,True,0,6,0.08745729923248291,309.7887,302.4577,510.2741,462.1857,0.0,False,True,0.0,test
lvis:853:672:58,lvis,853,train2017/000000000853.jpg,672,mascot,mascot,True,0,7,0.05758211016654968,241.5582,2.9444,631.0131,475.3578,0.0,False,True,0.0,test
lvis:853:672:58,lvis,853,train2017/000000000853.jpg,672,mascot,mascot,True,0,8,0.0558428131043911,575.9676,12.8181,609.2864,54.4214,0.0,False,True,0.0,test
lvis:853:672:58,lvis,853,train2017/000000000853.jpg,672,mascot,mascot,True,0,9,0.05166993290185928,237.2794,227.336,593.3784,476.7206,0.0,False,True,0.0,test
lvis:872:958:60,lvis,872,val2017/000000000872.jpg,958,shredder_(for_paper),shredder_(for_paper),True,0,0,0.29681867361068726,157.7001,123.8381,426.6146,609.0098,0.0,False,True,9.98792270531401,test
lvis:872:958:60,lvis,872,val2017/000000000872.jpg,958,shredder_(for_paper),shredder_(for_paper),True,0,1,0.15926578640937805,164.6044,127.7648,350.4028,609.3024,0.0,False,True,0.0,test
lvis:872:958:60,lvis,872,val2017/000000000872.jpg,958,shredder_(for_paper),shredder_(for_paper),True,0,2,0.1258552372455597,371.7237,155.6936,434.4466,201.1278,0.0,False,True,0.0,test
lvis:872:958:60,lvis,872,val2017/000000000872.jpg,958,shredder_(for_paper),shredder_(for_paper),True,0,3,0.12024500221014023,286.8029,98.5975,435.5244,554.9745,0.0,False,True,0.0,test
lvis:872:958:60,lvis,872,val2017/000000000872.jpg,958,shredder_(for_paper),shredder_(for_paper),True,0,4,0.0821729227900505,103.816,73.9315,497.1016,614.9185,0.0,False,True,0.0,test
lvis:872:958:60,lvis,872,val2017/000000000872.jpg,958,shredder_(for_paper),shredder_(for_paper),True,0,5,0.07707888633012772,296.0727,99.0708,435.4629,325.0232,0.0,False,True,0.0,test
lvis:872:958:60,lvis,872,val2017/000000000872.jpg,958,shredder_(for_paper),shredder_(for_paper),True,0,6,0.07253387570381165,76.9739,275.0753,98.0525,372.8817,0.0,False,True,0.0,test
lvis:872:958:60,lvis,872,val2017/000000000872.jpg,958,shredder_(for_paper),shredder_(for_paper),True,0,7,0.06696312874555588,270.8882,350.2169,300.1792,401.8466,0.0,False,True,0.0,test
lvis:872:958:60,lvis,872,val2017/000000000872.jpg,958,shredder_(for_paper),shredder_(for_paper),True,0,8,0.06209828704595566,164.1918,321.6647,205.7866,372.5022,0.0,False,True,0.0,test
lvis:872:958:60,lvis,872,val2017/000000000872.jpg,958,shredder_(for_paper),shredder_(for_paper),True,0,9,0.05894801393151283,68.4667,269.4532,107.6613,376.3792,0.0,False,True,0.0,test
lvis:872:958:60,lvis,872,val2017/000000000872.jpg,958,shredder_(for_paper),shredder_(for_paper),True,0,10,0.05796998366713524,361.7528,144.9934,445.3323,215.983,0.0,False,True,0.0,test
lvis:872:958:60,lvis,872,val2017/000000000872.jpg,958,shredder_(for_paper),shredder_(for_paper),True,0,11,0.057241130620241165,375.5202,156.7088,409.1898,177.1422,0.0,False,True,0.0,test
lvis:872:958:60,lvis,872,val2017/000000000872.jpg,958,shredder_(for_paper),shredder_(for_paper),True,0,12,0.056895747780799866,359.6525,543.7039,493.7414,568.1238,0.0,False,True,0.0,test
lvis:872:958:60,lvis,872,val2017/000000000872.jpg,958,shredder_(for_paper),shredder_(for_paper),True,0,13,0.054425135254859924,289.5282,544.337,493.5384,567.7516,0.0,False,True,0.0,test
lvis:872:958:60,lvis,872,val2017/000000000872.jpg,958,shredder_(for_paper),shredder_(for_paper),True,0,14,0.05415692180395126,280.5823,593.5064,425.7084,616.4489,0.0,False,True,0.0,test
lvis:872:894:61,lvis,872,val2017/000000000872.jpg,894,root_beer,root_beer,True,0,0,0.2832188010215759,158.9411,125.2906,425.2461,608.558,0.0,False,True,9.98792270531401,test
lvis:872:894:61,lvis,872,val2017/000000000872.jpg,894,root_beer,root_beer,True,0,1,0.20434533059597015,166.1175,128.7971,350.8885,609.2335,0.0,False,True,9.98792270531401,test
lvis:872:894:61,lvis,872,val2017/000000000872.jpg,894,root_beer,root_beer,True,0,2,0.19422802329063416,286.2488,99.9046,434.7326,555.0856,0.0,False,True,0.0,test
lvis:872:894:61,lvis,872,val2017/000000000872.jpg,894,root_beer,root_beer,True,0,3,0.17253650724887848,371.7767,157.0479,433.8659,200.39,0.0,False,True,0.0,test
lvis:872:894:61,lvis,872,val2017/000000000872.jpg,894,root_beer,root_beer,True,0,4,0.10689219832420349,295.8613,100.6083,435.141,406.9913,0.0,False,True,0.0,test
lvis:872:894:61,lvis,872,val2017/000000000872.jpg,894,root_beer,root_beer,True,0,5,0.08998963981866837,77.73,276.6343,96.8506,372.3494,0.0,False,True,0.0,test
lvis:872:894:61,lvis,872,val2017/000000000872.jpg,894,root_beer,root_beer,True,0,6,0.08118251711130142,307.5684,100.5602,380.2668,142.625,0.0,False,True,0.0,test
lvis:872:894:61,lvis,872,val2017/000000000872.jpg,894,root_beer,root_beer,True,0,7,0.07421509176492691,164.6654,322.3402,204.8056,372.8631,0.0,False,True,0.0,test
lvis:872:894:61,lvis,872,val2017/000000000872.jpg,894,root_beer,root_beer,True,0,8,0.0732879638671875,194.2165,129.6326,284.7977,196.6048,0.0,False,True,0.0,test
lvis:872:894:61,lvis,872,val2017/000000000872.jpg,894,root_beer,root_beer,True,0,9,0.07013940066099167,271.6925,352.1442,299.1978,401.0103,0.0,False,True,0.0,test
lvis:872:894:61,lvis,872,val2017/000000000872.jpg,894,root_beer,root_beer,True,0,10,0.06870393455028534,373.9399,157.1272,410.4766,177.409,0.0,False,True,0.0,test
lvis:872:894:61,lvis,872,val2017/000000000872.jpg,894,root_beer,root_beer,True,0,11,0.06609394401311874,190.4648,575.0826,275.5894,610.1995,0.0,False,True,0.0,test
lvis:872:894:61,lvis,872,val2017/000000000872.jpg,894,root_beer,root_beer,True,0,12,0.051780737936496735,194.5336,129.8372,284.0402,174.8695,0.0,False,True,0.0,test
lvis:872:894:61,lvis,872,val2017/000000000872.jpg,894,root_beer,root_beer,True,0,13,0.050587207078933716,297.6558,100.4505,385.1273,417.001,0.0,False,True,0.0,test
lvis:885:788:62,lvis,885,val2017/000000000885.jpg,788,penny_(coin),penny_(coin),True,0,0,0.30479028820991516,416.6928,201.8726,535.332,248.6953,0.0,False,True,9.98792270531401,test
lvis:885:788:62,lvis,885,val2017/000000000885.jpg,788,penny_(coin),penny_(coin),True,0,1,0.21801789104938507,76.7968,58.6012,454.1473,125.9513,0.0,False,True,9.98792270531401,test
lvis:885:788:62,lvis,885,val2017/000000000885.jpg,788,penny_(coin),penny_(coin),True,0,2,0.1823018193244934,440.8114,210.3825,519.735,242.0793,0.0,False,True,0.0,test
lvis:885:788:62,lvis,885,val2017/000000000885.jpg,788,penny_(coin),penny_(coin),True,0,3,0.16300055384635925,275.3899,186.2393,416.2613,397.5787,0.0,False,True,0.0,test
lvis:885:788:62,lvis,885,val2017/000000000885.jpg,788,penny_(coin),penny_(coin),True,0,4,0.13291186094284058,407.7047,186.8391,550.449,265.3562,0.0,False,True,0.0,test
lvis:885:788:62,lvis,885,val2017/000000000885.jpg,788,penny_(coin),penny_(coin),True,0,5,0.13213825225830078,389.6572,266.5596,482.106,311.0396,0.0,False,True,0.0,test
lvis:885:788:62,lvis,885,val2017/000000000885.jpg,788,penny_(coin),penny_(coin),True,0,6,0.1298818737268448,273.117,88.3946,416.364,397.4854,0.0,False,True,0.0,test
lvis:885:788:62,lvis,885,val2017/000000000885.jpg,788,penny_(coin),penny_(coin),True,0,7,0.11533444374799728,3.0305,8.8673,637.4472,248.2588,0.0,False,True,0.0,test
lvis:885:788:62,lvis,885,val2017/000000000885.jpg,788,penny_(coin),penny_(coin),True,0,8,0.09973426163196564,250.9788,185.5524,481.6486,397.9569,0.0,False,True,0.0,test
lvis:885:788:62,lvis,885,val2017/000000000885.jpg,788,penny_(coin),penny_(coin),True,0,9,0.08964395523071289,414.8074,204.6018,435.895,246.0647,0.0,False,True,0.0,test
lvis:885:788:62,lvis,885,val2017/000000000885.jpg,788,penny_(coin),penny_(coin),True,0,10,0.08880831301212311,67.1673,43.7761,461.8829,150.2835,0.0,False,True,0.0,test
lvis:885:788:62,lvis,885,val2017/000000000885.jpg,788,penny_(coin),penny_(coin),True,0,11,0.08829843997955322,53.1536,389.1227,68.433,397.5146,0.0,False,True,0.0,test
lvis:885:788:62,lvis,885,val2017/000000000885.jpg,788,penny_(coin),penny_(coin),True,0,12,0.08776133507490158,243.8037,200.7085,285.8548,241.7444,0.0,False,True,0.0,test
lvis:885:788:62,lvis,885,val2017/000000000885.jpg,788,penny_(coin),penny_(coin),True,0,13,0.08748582750558853,3.9125,8.2877,636.5112,410.5277,0.0,False,True,0.0,test
lvis:885:788:62,lvis,885,val2017/000000000885.jpg,788,penny_(coin),penny_(coin),True,0,14,0.08420521765947342,440.3018,272.8414,475.2151,303.7979,0.0,False,True,0.0,test
lvis:885:788:62,lvis,885,val2017/000000000885.jpg,788,penny_(coin),penny_(coin),True,0,15,0.08348651975393295,431.2906,266.3669,481.6377,309.8656,0.0,False,True,0.0,test
lvis:885:788:62,lvis,885,val2017/000000000885.jpg,788,penny_(coin),penny_(coin),True,0,16,0.08104481548070908,243.584,89.834,481.742,397.4278,0.0,False,True,0.0,test
lvis:885:788:62,lvis,885,val2017/000000000885.jpg,788,penny_(coin),penny_(coin),True,0,17,0.07767516374588013,49.1305,386.2274,71.8714,400.554,0.0,False,True,0.0,test
lvis:885:788:62,lvis,885,val2017/000000000885.jpg,788,penny_(coin),penny_(coin),True,0,18,0.07619290798902512,76.8808,59.3124,122.4105,122.4849,0.0,False,True,0.0,test
lvis:885:788:62,lvis,885,val2017/000000000885.jpg,788,penny_(coin),penny_(coin),True,0,19,0.0753437876701355,1.1366,380.8568,638.4945,424.939,0.0,False,True,0.0,test
lvis:885:788:62,lvis,885,val2017/000000000885.jpg,788,penny_(coin),penny_(coin),True,0,20,0.06985033303499222,77.69,58.0624,248.4326,123.9516,0.0,False,True,0.0,test
lvis:885:788:62,lvis,885,val2017/000000000885.jpg,788,penny_(coin),penny_(coin),True,0,21,0.06637109071016312,179.1018,60.0128,248.5566,121.913,0.0,False,True,0.0,test
lvis:885:788:62,lvis,885,val2017/000000000885.jpg,788,penny_(coin),penny_(coin),True,0,22,0.06297895312309265,240.4007,196.7168,288.6991,249.8556,0.0,False,True,0.0,test
lvis:885:788:62,lvis,885,val2017/000000000885.jpg,788,penny_(coin),penny_(coin),True,0,23,0.061755191534757614,292.2868,87.212,408.2924,251.5897,0.0,False,True,0.0,test
lvis:885:788:62,lvis,885,val2017/000000000885.jpg,788,penny_(coin),penny_(coin),True,0,24,0.0606614425778389,593.5609,24.9213,638.9871,250.5879,0.0,False,True,0.0,test
lvis:885:788:62,lvis,885,val2017/000000000885.jpg,788,penny_(coin),penny_(coin),True,0,25,0.06007476896047592,444.4715,274.5578,467.1235,300.3402,0.0,False,True,0.0,test
lvis:885:788:62,lvis,885,val2017/000000000885.jpg,788,penny_(coin),penny_(coin),True,0,26,0.058410100638866425,127.7472,60.1318,175.763,121.522,0.0,False,True,0.0,test
lvis:885:788:62,lvis,885,val2017/000000000885.jpg,788,penny_(coin),penny_(coin),True,0,27,0.05568183213472366,77.012,58.4674,176.1215,123.7609,0.0,False,True,0.0,test
lvis:885:788:62,lvis,885,val2017/000000000885.jpg,788,penny_(coin),penny_(coin),True,0,28,0.05410713702440262,404.325,76.182,452.2501,121.9779,0.0,False,True,0.0,test
lvis:885:788:62,lvis,885,val2017/000000000885.jpg,788,penny_(coin),penny_(coin),True,0,29,0.052464403212070465,380.4205,255.2909,497.8565,325.7187,0.0,False,True,0.0,test
lvis:885:788:62,lvis,885,val2017/000000000885.jpg,788,penny_(coin),penny_(coin),True,0,30,0.05188681557774544,523.9131,212.5217,534.3656,243.0753,0.0,False,True,0.0,test
lvis:909:161:64,lvis,909,train2017/000000000909.jpg,161,horse_buggy,horse_buggy,True,0,0,0.23325055837631226,137.0972,284.5375,231.8281,432.9463,0.0,False,True,9.98792270531401,test
lvis:909:161:64,lvis,909,train2017/000000000909.jpg,161,horse_buggy,horse_buggy,True,0,1,0.20303942263126373,230.4267,391.0716,245.3378,414.4938,0.0,False,True,9.98792270531401,test
lvis:909:161:64,lvis,909,train2017/000000000909.jpg,161,horse_buggy,horse_buggy,True,0,2,0.18769453465938568,1.3596,12.536,325.1531,493.0181,0.0,False,True,0.0,test
lvis:909:161:64,lvis,909,train2017/000000000909.jpg,161,horse_buggy,horse_buggy,True,0,3,0.1815493404865265,0.6497,15.3402,261.1582,380.3004,0.0,False,True,0.0,test
lvis:909:161:64,lvis,909,train2017/000000000909.jpg,161,horse_buggy,horse_buggy,True,0,4,0.16408786177635193,156.6389,351.0949,187.996,419.6812,0.0,False,True,0.0,test
lvis:909:161:64,lvis,909,train2017/000000000909.jpg,161,horse_buggy,horse_buggy,True,0,5,0.16087809205055237,227.2457,387.886,249.7316,417.8425,0.0,False,True,0.0,test
lvis:909:161:64,lvis,909,train2017/000000000909.jpg,161,horse_buggy,horse_buggy,True,0,6,0.1487821340560913,216.754,275.3228,325.9897,390.4805,0.0,False,True,0.0,test
lvis:909:161:64,lvis,909,train2017/000000000909.jpg,161,horse_buggy,horse_buggy,True,0,7,0.14155836403369904,19.063,297.704,59.0899,326.5348,0.0,False,True,0.0,test
lvis:909:161:64,lvis,909,train2017/000000000909.jpg,161,horse_buggy,horse_buggy,True,0,8,0.12690141797065735,18.5019,281.2561,63.4316,327.0082,0.0,False,True,0.0,test
lvis:909:161:64,lvis,909,train2017/000000000909.jpg,161,horse_buggy,horse_buggy,True,0,9,0.11148156970739365,72.9373,312.2135,135.7198,402.5411,0.0,False,True,0.0,test
lvis:909:161:64,lvis,909,train2017/000000000909.jpg,161,horse_buggy,horse_buggy,True,0,10,0.10041268914937973,227.6786,447.7025,264.062,475.5131,0.0,False,True,0.0,test
lvis:909:161:64,lvis,909,train2017/000000000909.jpg,161,horse_buggy,horse_buggy,True,0,11,0.0945921316742897,42.9569,408.3078,106.5115,447.7973,0.0,False,True,0.0,test
lvis:909:161:64,lvis,909,train2017/000000000909.jpg,161,horse_buggy,horse_buggy,True,0,12,0.0880957618355751,158.2434,426.2121,190.9843,450.6667,0.0,False,True,0.0,test
lvis:909:161:64,lvis,909,train2017/000000000909.jpg,161,horse_buggy,horse_buggy,True,0,13,0.0855994001030922,19.5362,300.5462,47.9379,325.9844,0.0,False,True,0.0,test
lvis:909:161:64,lvis,909,train2017/000000000909.jpg,161,horse_buggy,horse_buggy,True,0,14,0.08180785924196243,18.9997,302.0389,37.1556,318.3701,0.0,False,True,0.0,test
lvis:909:161:64,lvis,909,train2017/000000000909.jpg,161,horse_buggy,horse_buggy,True,0,15,0.08175364136695862,8.599,136.1167,78.5299,414.7346,0.0,False,True,0.0,test
lvis:909:161:64,lvis,909,train2017/000000000909.jpg,161,horse_buggy,horse_buggy,True,0,16,0.08060085773468018,149.2188,300.8145,220.3939,421.6989,0.0,False,True,0.0,test
lvis:909:161:64,lvis,909,train2017/000000000909.jpg,161,horse_buggy,horse_buggy,True,0,17,0.07437172532081604,163.7151,351.571,184.9634,393.0057,0.0,False,True,0.0,test
lvis:909:161:64,lvis,909,train2017/000000000909.jpg,161,horse_buggy,horse_buggy,True,0,18,0.0709715336561203,1.5283,271.3214,325.5211,497.2028,0.0,False,True,0.0,test
lvis:909:161:64,lvis,909,train2017/000000000909.jpg,161,horse_buggy,horse_buggy,True,0,19,0.06765498220920563,11.3804,265.8645,75.8176,349.7378,0.0,False,True,0.0,test
lvis:909:161:64,lvis,909,train2017/000000000909.jpg,161,horse_buggy,horse_buggy,True,0,20,0.06712489575147629,95.9903,355.6121,109.8391,368.8203,0.0,False,True,0.0,test
lvis:909:161:64,lvis,909,train2017/000000000909.jpg,161,horse_buggy,horse_buggy,True,0,21,0.06682047247886658,33.3385,301.2977,48.188,324.9788,0.0,False,True,0.0,test
lvis:909:161:64,lvis,909,train2017/000000000909.jpg,161,horse_buggy,horse_buggy,True,0,22,0.06621090322732925,14.8548,289.0383,71.3488,333.2544,0.0,False,True,0.0,test
lvis:909:161:64,lvis,909,train2017/000000000909.jpg,161,horse_buggy,horse_buggy,True,0,23,0.0639345645904541,227.9742,54.563,325.9649,273.1437,0.0,False,True,0.0,test
lvis:909:161:64,lvis,909,train2017/000000000909.jpg,161,horse_buggy,horse_buggy,True,0,24,0.06361306458711624,80.1485,334.9332,129.4078,391.6947,0.0,False,True,0.0,test
lvis:909:161:64,lvis,909,train2017/000000000909.jpg,161,horse_buggy,horse_buggy,True,0,25,0.06292850524187088,220.6439,441.2551,271.4229,481.2923,0.0,False,True,0.0,test
lvis:909:161:64,lvis,909,train2017/000000000909.jpg,161,horse_buggy,horse_buggy,True,0,26,0.062018319964408875,220.5141,381.4832,261.1045,428.6754,0.0,False,True,0.0,test
lvis:909:161:64,lvis,909,train2017/000000000909.jpg,161,horse_buggy,horse_buggy,True,0,27,0.061586473137140274,61.4506,423.4531,97.5914,446.4266,0.0,False,True,0.0,test
lvis:909:161:64,lvis,909,train2017/000000000909.jpg,161,horse_buggy,horse_buggy,True,0,28,0.06030183285474777,85.4124,335.3418,128.6256,367.953,0.0,False,True,0.0,test
lvis:909:161:64,lvis,909,train2017/000000000909.jpg,161,horse_buggy,horse_buggy,True,0,29,0.06026185303926468,233.6144,289.3902,320.3423,368.8091,0.0,False,True,0.0,test
lvis:909:161:64,lvis,909,train2017/000000000909.jpg,161,horse_buggy,horse_buggy,True,0,30,0.05519848316907883,148.2433,344.0222,200.2903,424.5575,0.0,False,True,0.0,test
lvis:909:161:64,lvis,909,train2017/000000000909.jpg,161,horse_buggy,horse_buggy,True,0,31,0.05304490029811859,196.5288,316.2852,222.8367,393.9267,0.0,False,True,0.0,test
lvis:909:161:64,lvis,909,train2017/000000000909.jpg,161,horse_buggy,horse_buggy,True,0,32,0.05239831283688545,81.6291,361.909,127.2013,390.4226,0.0,False,True,0.0,test
lvis:909:161:64,lvis,909,train2017/000000000909.jpg,161,horse_buggy,horse_buggy,True,0,33,0.051496949046850204,35.4701,326.011,61.4338,345.8959,0.0,False,True,0.0,test
lvis:909:161:64,lvis,909,train2017/000000000909.jpg,161,horse_buggy,horse_buggy,True,0,34,0.05035693943500519,140.7716,366.2404,162.748,418.886,0.0,False,True,0.0,test
lvis:909:1075:65,lvis,909,train2017/000000000909.jpg,1075,telephoto_lens,telephoto_lens,True,0,0,0.3720850348472595,0.8995,15.8801,261.2007,335.129,0.0,False,True,9.98792270531401,test
lvis:909:1075:65,lvis,909,train2017/000000000909.jpg,1075,telephoto_lens,telephoto_lens,True,0,1,0.18991787731647491,7.6832,135.9994,78.9488,414.4494,0.0,False,True,0.0,test
lvis:909:1075:65,lvis,909,train2017/000000000909.jpg,1075,telephoto_lens,telephoto_lens,True,0,2,0.1850888729095459,109.6573,52.2513,248.0505,277.7672,0.0,False,True,0.0,test
lvis:909:1075:65,lvis,909,train2017/000000000909.jpg,1075,telephoto_lens,telephoto_lens,True,0,3,0.18145708739757538,93.6343,21.5936,259.6687,293.7345,0.0,False,True,0.0,test
lvis:909:1075:65,lvis,909,train2017/000000000909.jpg,1075,telephoto_lens,telephoto_lens,True,0,4,0.14824604988098145,72.5782,311.9331,136.4288,402.6245,0.0,False,True,0.0,test
lvis:909:1075:65,lvis,909,train2017/000000000909.jpg,1075,telephoto_lens,telephoto_lens,True,0,5,0.14177386462688446,137.0499,284.0372,232.0191,433.2091,0.0,False,True,0.0,test
lvis:909:1075:65,lvis,909,train2017/000000000909.jpg,1075,telephoto_lens,telephoto_lens,True,0,6,0.10641884058713913,227.3197,54.3186,325.8346,269.4513,0.0,False,True,0.0,test
lvis:909:1075:65,lvis,909,train2017/000000000909.jpg,1075,telephoto_lens,telephoto_lens,True,0,7,0.10395009815692902,9.8437,262.1391,76.0661,350.957,0.0,False,True,0.0,test
lvis:909:1075:65,lvis,909,train2017/000000000909.jpg,1075,telephoto_lens,telephoto_lens,True,0,8,0.08122775703668594,158.0396,425.9876,191.3229,450.9051,0.0,False,True,0.0,test
lvis:909:1075:65,lvis,909,train2017/000000000909.jpg,1075,telephoto_lens,telephoto_lens,True,0,9,0.08112870156764984,35.5136,26.0504,256.0569,282.8275,0.0,False,True,0.0,test
lvis:909:1075:65,lvis,909,train2017/000000000909.jpg,1075,telephoto_lens,telephoto_lens,True,0,10,0.07769874483346939,3.1011,11.1415,322.8739,484.9243,0.0,False,True,0.0,test
lvis:909:1075:65,lvis,909,train2017/000000000909.jpg,1075,telephoto_lens,telephoto_lens,True,0,11,0.07435101270675659,125.7569,69.1665,233.9193,255.7673,0.0,False,True,0.0,test
lvis:909:1075:65,lvis,909,train2017/000000000909.jpg,1075,telephoto_lens,telephoto_lens,True,0,12,0.07286696135997772,21.8877,135.6849,58.7625,164.8102,0.0,False,True,0.0,test
lvis:909:1075:65,lvis,909,train2017/000000000909.jpg,1075,telephoto_lens,telephoto_lens,True,0,13,0.06856789439916611,216.8343,275.4332,326.0186,390.7549,0.0,False,True,0.0,test
lvis:909:1075:65,lvis,909,train2017/000000000909.jpg,1075,telephoto_lens,telephoto_lens,True,0,14,0.06341056525707245,21.655,281.1677,63.9696,325.2753,0.0,False,True,0.0,test
lvis:909:1075:65,lvis,909,train2017/000000000909.jpg,1075,telephoto_lens,telephoto_lens,True,0,15,0.05888965353369713,9.0944,344.0283,78.4483,414.9568,0.0,False,True,0.0,test
lvis:909:1075:65,lvis,909,train2017/000000000909.jpg,1075,telephoto_lens,telephoto_lens,True,0,16,0.057441093027591705,227.5712,447.2523,264.3982,475.8902,0.0,False,True,0.0,test
lvis:909:1075:65,lvis,909,train2017/000000000909.jpg,1075,telephoto_lens,telephoto_lens,True,0,17,0.05544164404273033,35.6796,325.8355,61.361,346.108,0.0,False,True,0.0,test
lvis:909:1075:65,lvis,909,train2017/000000000909.jpg,1075,telephoto_lens,telephoto_lens,True,0,18,0.05425490438938141,43.0376,408.1748,106.4365,447.8372,0.0,False,True,0.0,test
lvis:934:222:66,lvis,934,train2017/000000000934.jpg,222,casserole,casserole,True,0,0,0.41231054067611694,110.8986,218.0625,352.0868,416.3982,0.0,False,True,9.98792270531401,test
lvis:934:222:66,lvis,934,train2017/000000000934.jpg,222,casserole,casserole,True,0,1,0.2852128744125366,109.8554,216.9319,468.2248,415.7266,0.0,False,True,9.98792270531401,test
lvis:934:222:66,lvis,934,train2017/000000000934.jpg,222,casserole,casserole,True,0,2,0.2665252387523651,236.3219,226.0389,467.5495,400.3614,0.0,False,True,9.98792270531401,test
lvis:934:222:66,lvis,934,train2017/000000000934.jpg,222,casserole,casserole,True,0,3,0.15060454607009888,46.4977,246.188,120.1759,351.0136,0.0,False,True,0.0,test
lvis:934:222:66,lvis,934,train2017/000000000934.jpg,222,casserole,casserole,True,0,4,0.1139514371752739,420.3909,291.6101,437.9871,330.1517,0.0,False,True,0.0,test
lvis:934:222:66,lvis,934,train2017/000000000934.jpg,222,casserole,casserole,True,0,5,0.07621670514345169,73.7777,176.2222,513.0126,447.2577,0.0,False,True,0.0,test
lvis:934:222:66,lvis,934,train2017/000000000934.jpg,222,casserole,casserole,True,0,6,0.061468008905649185,292.0391,234.8594,342.3663,315.0887,0.0,False,True,0.0,test
lvis:934:222:66,lvis,934,train2017/000000000934.jpg,222,casserole,casserole,True,0,7,0.05221514031291008,367.9958,227.2362,468.9207,394.9492,0.0,False,True,0.0,test
lvis:934:222:66,lvis,934,train2017/000000000934.jpg,222,casserole,casserole,True,0,8,0.052128445357084274,117.7808,218.4378,335.1468,349.0128,0.0,False,True,0.0,test
lvis:934:222:66,lvis,934,train2017/000000000934.jpg,222,casserole,casserole,True,0,9,0.05179859325289726,326.3153,378.0224,351.5189,404.2623,0.0,False,True,0.0,test
lvis:982:635:68,lvis,982,train2017/000000000982.jpg,635,leather,leather,True,0,0,0.288616806268692,59.2718,63.8671,430.8429,571.6177,0.0,False,True,9.98792270531401,test
lvis:982:635:68,lvis,982,train2017/000000000982.jpg,635,leather,leather,True,0,1,0.15676330029964447,1.8466,0.8865,477.5219,638.9651,0.0,False,True,0.0,test
lvis:982:635:68,lvis,982,train2017/000000000982.jpg,635,leather,leather,True,0,2,0.07469753175973892,416.2612,49.067,479.0967,178.538,0.0,False,True,0.0,test
lvis:982:635:68,lvis,982,train2017/000000000982.jpg,635,leather,leather,True,0,3,0.05776747316122055,2.6026,62.6978,432.3784,302.2176,0.0,False,True,0.0,test
lvis:982:635:68,lvis,982,train2017/000000000982.jpg,635,leather,leather,True,0,4,0.05139707028865814,62.6898,66.809,432.4983,261.2194,0.0,False,True,0.0,test
lvis:982:635:68,lvis,982,train2017/000000000982.jpg,635,leather,leather,True,0,5,0.05003572255373001,65.4492,357.2046,413.5863,570.0594,0.0,False,True,0.0,test
lvis:996:532:70,lvis,996,train2017/000000000996.jpg,532,hamper,hamper,True,0,0,0.4121803939342499,95.9236,68.4422,351.9386,599.0265,0.0,False,True,9.98792270531401,test
lvis:996:532:70,lvis,996,train2017/000000000996.jpg,532,hamper,hamper,True,0,1,0.3162744641304016,231.8904,442.3877,311.801,535.7596,0.0,False,True,9.98792270531401,test
lvis:996:532:70,lvis,996,train2017/000000000996.jpg,532,hamper,hamper,True,0,2,0.2674996852874756,267.4081,238.8784,429.5675,536.6253,0.0,False,True,9.98792270531401,test
lvis:996:532:70,lvis,996,train2017/000000000996.jpg,532,hamper,hamper,True,0,3,0.11949047446250916,448.6891,9.4779,479.0245,79.467,0.0,False,True,0.0,test
lvis:996:532:70,lvis,996,train2017/000000000996.jpg,532,hamper,hamper,True,0,4,0.09085812419652939,427.2015,509.4651,478.9837,597.6469,0.0,False,True,0.0,test
lvis:996:532:70,lvis,996,train2017/000000000996.jpg,532,hamper,hamper,True,0,5,0.08629277348518372,288.866,499.1483,311.6196,528.9075,0.0,False,True,0.0,test
lvis:996:532:70,lvis,996,train2017/000000000996.jpg,532,hamper,hamper,True,0,6,0.08148437738418579,245.5654,496.4272,311.559,531.7951,0.0,False,True,0.0,test
lvis:996:532:70,lvis,996,train2017/000000000996.jpg,532,hamper,hamper,True,0,7,0.07013896852731705,233.1934,442.5873,280.5408,535.2362,0.0,False,True,0.0,test
lvis:996:532:70,lvis,996,train2017/000000000996.jpg,532,hamper,hamper,True,0,8,0.06284420192241669,273.6541,497.6779,311.6216,530.3669,0.0,False,True,0.0,test
lvis:996:532:70,lvis,996,train2017/000000000996.jpg,532,hamper,hamper,True,0,9,0.05832424387335777,96.0202,68.1568,167.6098,130.4413,0.0,False,True,0.0,test
lvis:996:532:70,lvis,996,train2017/000000000996.jpg,532,hamper,hamper,True,0,10,0.05556955188512802,448.5684,7.8185,479.1545,148.4052,0.0,False,True,0.0,test
lvis:1000:543:72,lvis,1000,val2017/000000001000.jpg,543,harmonium,harmonium,True,0,0,0.35055941343307495,342.8143,33.1626,599.2568,238.2798,0.0,False,True,9.98792270531401,test
lvis:1000:543:72,lvis,1000,val2017/000000001000.jpg,543,harmonium,harmonium,True,0,1,0.2656623423099518,18.8675,95.3772,638.3346,476.6339,0.0,False,True,9.98792270531401,test
lvis:1000:543:72,lvis,1000,val2017/000000001000.jpg,543,harmonium,harmonium,True,0,2,0.23641656339168549,284.812,142.3631,327.2473,222.7439,0.0,False,True,9.98792270531401,test
lvis:1000:543:72,lvis,1000,val2017/000000001000.jpg,543,harmonium,harmonium,True,0,3,0.21340562403202057,263.4091,96.6705,355.1075,411.7097,0.0,False,True,9.98792270531401,test
lvis:1000:543:72,lvis,1000,val2017/000000001000.jpg,543,harmonium,harmonium,True,0,4,0.20702296495437622,504.3329,190.4317,639.1478,478.4392,0.0,False,True,9.98792270531401,test
lvis:1000:543:72,lvis,1000,val2017/000000001000.jpg,543,harmonium,harmonium,True,0,5,0.19408240914344788,116.084,149.9738,197.7193,379.4421,0.0,False,True,0.0,test
lvis:1000:543:72,lvis,1000,val2017/000000001000.jpg,543,harmonium,harmonium,True,0,6,0.19229790568351746,20.3101,185.0282,112.3087,396.5746,0.0,False,True,0.0,test
lvis:1000:543:72,lvis,1000,val2017/000000001000.jpg,543,harmonium,harmonium,True,0,7,0.17179889976978302,285.37,162.3405,324.0254,219.782,0.0,False,True,0.0,test
lvis:1000:543:72,lvis,1000,val2017/000000001000.jpg,543,harmonium,harmonium,True,0,8,0.16024065017700195,411.6492,210.0212,526.1834,478.5438,0.0,False,True,0.0,test
lvis:1000:543:72,lvis,1000,val2017/000000001000.jpg,543,harmonium,harmonium,True,0,9,0.14710211753845215,329.0206,151.8687,416.4093,469.6243,0.0,False,True,0.0,test
lvis:1000:543:72,lvis,1000,val2017/000000001000.jpg,543,harmonium,harmonium,True,0,10,0.1368936002254486,199.4865,173.7293,291.6465,418.6478,0.0,False,True,0.0,test
lvis:1000:543:72,lvis,1000,val2017/000000001000.jpg,543,harmonium,harmonium,True,0,11,0.1249789148569107,186.5647,120.1647,282.686,398.6626,0.0,False,True,0.0,test
lvis:1000:543:72,lvis,1000,val2017/000000001000.jpg,543,harmonium,harmonium,True,0,12,0.11505812406539917,197.4389,217.5387,275.5323,340.4088,0.0,False,True,0.0,test
lvis:1000:543:72,lvis,1000,val2017/000000001000.jpg,543,harmonium,harmonium,True,0,13,0.10735321044921875,537.6499,190.4881,606.7968,232.8274,0.0,False,True,0.0,test
lvis:1000:543:72,lvis,1000,val2017/000000001000.jpg,543,harmonium,harmonium,True,0,14,0.10386957973241806,391.3365,158.3163,465.5843,477.1265,0.0,False,True,0.0,test
lvis:1000:543:72,lvis,1000,val2017/000000001000.jpg,543,harmonium,harmonium,True,0,15,0.1024562418460846,19.6549,227.1329,98.2366,395.2316,0.0,False,True,0.0,test
lvis:1000:543:72,lvis,1000,val2017/000000001000.jpg,543,harmonium,harmonium,True,0,16,0.10189038515090942,46.5311,300.4001,96.2501,396.7891,0.0,False,True,0.0,test
lvis:1000:543:72,lvis,1000,val2017/000000001000.jpg,543,harmonium,harmonium,True,0,17,0.08537203818559647,412.5206,405.5998,464.1894,460.3365,0.0,False,True,0.0,test
lvis:1000:543:72,lvis,1000,val2017/000000001000.jpg,543,harmonium,harmonium,True,0,18,0.08527711033821106,19.4748,278.0454,96.3934,395.2656,0.0,False,True,0.0,test
lvis:1000:543:72,lvis,1000,val2017/000000001000.jpg,543,harmonium,harmonium,True,0,19,0.08020135760307312,436.8464,106.8783,498.4648,225.7487,0.0,False,True,0.0,test
lvis:1000:543:72,lvis,1000,val2017/000000001000.jpg,543,harmonium,harmonium,True,0,20,0.07147838920354843,19.3578,233.3405,74.1987,349.8912,0.0,False,True,0.0,test
lvis:1000:543:72,lvis,1000,val2017/000000001000.jpg,543,harmonium,harmonium,True,0,21,0.07137399166822433,351.1414,121.5803,402.2216,208.3078,0.0,False,True,0.0,test
lvis:1000:543:72,lvis,1000,val2017/000000001000.jpg,543,harmonium,harmonium,True,0,22,0.06763071566820145,356.5776,121.4761,398.3994,142.7438,0.0,False,True,0.0,test
lvis:1000:543:72,lvis,1000,val2017/000000001000.jpg,543,harmonium,harmonium,True,0,23,0.06647004187107086,0.5128,388.4547,61.1829,477.6631,0.0,False,True,0.0,test
lvis:1000:543:72,lvis,1000,val2017/000000001000.jpg,543,harmonium,harmonium,True,0,24,0.06516824662685394,148.2146,150.3065,176.0673,168.8266,0.0,False,True,0.0,test
lvis:1000:543:72,lvis,1000,val2017/000000001000.jpg,543,harmonium,harmonium,True,0,25,0.06467878073453903,19.1429,277.9662,67.8157,348.7203,0.0,False,True,0.0,test
lvis:1000:543:72,lvis,1000,val2017/000000001000.jpg,543,harmonium,harmonium,True,0,26,0.06425388157367706,112.8683,98.5266,531.3613,473.5417,0.0,False,True,0.0,test
lvis:1000:543:72,lvis,1000,val2017/000000001000.jpg,543,harmonium,harmonium,True,0,27,0.06361453980207443,196.5173,120.2809,272.2474,246.6919,0.0,False,True,0.0,test
lvis:1000:543:72,lvis,1000,val2017/000000001000.jpg,543,harmonium,harmonium,True,0,28,0.06148410588502884,401.8495,106.5576,498.4794,227.5113,0.0,False,True,0.0,test
lvis:1000:543:72,lvis,1000,val2017/000000001000.jpg,543,harmonium,harmonium,True,0,29,0.06115151196718216,285.3163,196.1781,323.974,218.9863,0.0,False,True,0.0,test
lvis:1000:543:72,lvis,1000,val2017/000000001000.jpg,543,harmonium,harmonium,True,0,30,0.05991668999195099,340.2147,33.6448,628.7195,475.4614,0.0,False,True,0.0,test
lvis:1000:543:72,lvis,1000,val2017/000000001000.jpg,543,harmonium,harmonium,True,0,31,0.05911076441407204,58.5436,185.4066,97.3046,208.7358,0.0,False,True,0.0,test
lvis:1000:543:72,lvis,1000,val2017/000000001000.jpg,543,harmonium,harmonium,True,0,32,0.058482348918914795,196.4509,174.6243,280.0405,343.1118,0.0,False,True,0.0,test
lvis:1000:543:72,lvis,1000,val2017/000000001000.jpg,543,harmonium,harmonium,True,0,33,0.055948056280612946,406.6166,118.9887,440.0884,146.0316,0.0,False,True,0.0,test
lvis:1000:543:72,lvis,1000,val2017/000000001000.jpg,543,harmonium,harmonium,True,0,34,0.055718131363391876,352.334,105.6901,498.7379,227.0182,0.0,False,True,0.0,test
lvis:1000:543:72,lvis,1000,val2017/000000001000.jpg,543,harmonium,harmonium,True,0,35,0.05467361584305763,193.2712,120.1961,273.627,340.8387,0.0,False,True,0.0,test
lvis:1000:543:72,lvis,1000,val2017/000000001000.jpg,543,harmonium,harmonium,True,0,36,0.05252137407660484,1.5585,0.1053,348.5519,282.8482,0.0,False,True,0.0,test
lvis:1000:543:72,lvis,1000,val2017/000000001000.jpg,543,harmonium,harmonium,True,0,37,0.051602382212877274,438.4169,107.0272,476.0594,132.9817,0.0,False,True,0.0,test
lvis:1000:543:72,lvis,1000,val2017/000000001000.jpg,543,harmonium,harmonium,True,0,38,0.050052937120199203,362.0403,151.9131,402.4774,175.8314,0.0,False,True,0.0,test
lvis:1006:635:74,lvis,1006,train2017/000000001006.jpg,635,leather,leather,False,1,0,0.24822835624217987,101.7219,529.9905,186.3293,579.3171,0.0,False,True,9.98792270531401,test
lvis:1006:635:74,lvis,1006,train2017/000000001006.jpg,635,leather,leather,False,1,1,0.2200956642627716,179.9514,529.0872,262.3933,579.7078,0.0,False,True,9.98792270531401,test
lvis:1006:635:74,lvis,1006,train2017/000000001006.jpg,635,leather,leather,False,1,2,0.12015790492296219,215.399,529.7328,262.4095,575.619,0.0,False,True,0.0,test
lvis:1006:635:74,lvis,1006,train2017/000000001006.jpg,635,leather,leather,False,1,3,0.10010235011577606,180.0664,531.1439,233.3754,579.3347,0.0,False,True,0.0,test
lvis:1006:635:74,lvis,1006,train2017/000000001006.jpg,635,leather,leather,False,1,4,0.08183176815509796,102.8546,60.9272,316.4169,579.3591,0.43808355927467346,False,True,0.0,test
lvis:1006:635:74,lvis,1006,train2017/000000001006.jpg,635,leather,leather,False,1,5,0.06619567424058914,101.7084,528.4556,262.5309,580.303,0.0,False,True,0.0,test
lvis:1006:635:74,lvis,1006,train2017/000000001006.jpg,635,leather,leather,False,1,6,0.054374486207962036,248.9113,114.543,264.2585,133.8127,0.005827793851494789,False,True,0.0,test
lvis:1006:635:74,lvis,1006,train2017/000000001006.jpg,635,leather,leather,False,1,7,0.050567954778671265,366.6187,116.3623,426.4838,217.829,0.0,False,True,0.0,test
lvis:1025:480:79,lvis,1025,train2017/000000001025.jpg,480,futon,futon,True,0,0,0.5368577241897583,319.1706,176.3326,384.869,315.704,0.0,False,True,9.98792270531401,test
lvis:1025:480:79,lvis,1025,train2017/000000001025.jpg,480,futon,futon,True,0,1,0.24915765225887299,1.9121,68.605,638.4378,425.3953,0.0,False,True,9.98792270531401,test
lvis:1025:480:79,lvis,1025,train2017/000000001025.jpg,480,futon,futon,True,0,2,0.12228348851203918,25.9658,205.4809,586.6706,383.3571,0.0,False,True,0.0,test
lvis:1025:480:79,lvis,1025,train2017/000000001025.jpg,480,futon,futon,True,0,3,0.09485611319541931,259.0078,88.8561,273.9355,95.2529,0.0,False,True,0.0,test
lvis:1025:480:79,lvis,1025,train2017/000000001025.jpg,480,futon,futon,True,0,4,0.08692074567079544,269.0059,70.7218,639.0331,137.4835,0.0,False,True,0.0,test
lvis:1025:480:79,lvis,1025,train2017/000000001025.jpg,480,futon,futon,True,0,5,0.08147534728050232,268.7356,70.4417,638.8525,181.9229,0.0,False,True,0.0,test
lvis:1025:480:79,lvis,1025,train2017/000000001025.jpg,480,futon,futon,True,0,6,0.08029522001743317,347.2161,211.324,361.7636,224.5772,0.0,False,True,0.0,test
lvis:1025:480:79,lvis,1025,train2017/000000001025.jpg,480,futon,futon,True,0,7,0.06648091226816177,453.3029,81.8241,639.097,135.6115,0.0,False,True,0.0,test
lvis:1025:480:79,lvis,1025,train2017/000000001025.jpg,480,futon,futon,True,0,8,0.05943823233246803,525.8143,81.9297,537.1426,89.6054,0.0,False,True,0.0,test
lvis:1025:480:79,lvis,1025,train2017/000000001025.jpg,480,futon,futon,True,0,9,0.05423307046294212,494.3212,83.2421,510.4442,91.5357,0.0,False,True,0.0,test
lvis:1025:480:79,lvis,1025,train2017/000000001025.jpg,480,futon,futon,True,0,10,0.051849402487277985,34.4404,92.7163,570.196,384.2101,0.0,False,True,0.0,test
lvis:1025:480:79,lvis,1025,train2017/000000001025.jpg,480,futon,futon,True,0,11,0.05111817270517349,372.2188,86.688,390.5284,95.3822,0.0,False,True,0.0,test
lvis:1102:362:82,lvis,1102,train2017/000000001102.jpg,362,detergent,detergent,True,0,0,0.4359396994113922,268.7172,281.9155,423.4973,361.8041,0.0,False,True,9.98792270531401,test
lvis:1102:362:82,lvis,1102,train2017/000000001102.jpg,362,detergent,detergent,True,0,1,0.3331214487552643,175.9672,379.6503,203.7582,449.4638,0.0,False,True,9.98792270531401,test
lvis:1102:362:82,lvis,1102,train2017/000000001102.jpg,362,detergent,detergent,True,0,2,0.20971469581127167,164.3077,378.9559,227.2173,453.3434,0.0,False,True,9.98792270531401,test
lvis:1102:362:82,lvis,1102,train2017/000000001102.jpg,362,detergent,detergent,True,0,3,0.17159558832645416,202.6746,438.4231,212.8675,447.9962,0.0,False,True,0.0,test
lvis:1102:362:82,lvis,1102,train2017/000000001102.jpg,362,detergent,detergent,True,0,4,0.13694214820861816,336.4131,312.2093,350.8057,340.2997,0.0,False,True,0.0,test
lvis:1102:362:82,lvis,1102,train2017/000000001102.jpg,362,detergent,detergent,True,0,5,0.11656501889228821,182.2427,380.0531,191.5683,389.4374,0.0,False,True,0.0,test
lvis:1102:362:82,lvis,1102,train2017/000000001102.jpg,362,detergent,detergent,True,0,6,0.1043674498796463,401.5919,318.5898,409.3743,331.1763,0.0,False,True,0.0,test
lvis:1102:362:82,lvis,1102,train2017/000000001102.jpg,362,detergent,detergent,True,0,7,0.09826414287090302,354.0336,316.9041,423.2917,331.9518,0.0,False,True,0.0,test
lvis:1102:362:82,lvis,1102,train2017/000000001102.jpg,362,detergent,detergent,True,0,8,0.09364645183086395,354.292,317.3481,364.7446,330.0119,0.0,False,True,0.0,test
lvis:1102:362:82,lvis,1102,train2017/000000001102.jpg,362,detergent,detergent,True,0,9,0.09281408786773682,38.6008,231.257,57.7932,276.8068,0.0,False,True,0.0,test
lvis:1102:362:82,lvis,1102,train2017/000000001102.jpg,362,detergent,detergent,True,0,10,0.08893006294965744,197.851,419.5081,203.5634,431.1371,0.0,False,True,0.0,test
lvis:1102:362:82,lvis,1102,train2017/000000001102.jpg,362,detergent,detergent,True,0,11,0.07478516548871994,164.9459,441.7714,227.5041,453.3726,0.0,False,True,0.0,test
lvis:1102:362:82,lvis,1102,train2017/000000001102.jpg,362,detergent,detergent,True,0,12,0.06117497384548187,99.6579,252.8892,153.0843,291.0359,0.0,False,True,0.0,test
lvis:1102:362:82,lvis,1102,train2017/000000001102.jpg,362,detergent,detergent,True,0,13,0.058976832777261734,270.0829,295.5656,338.6325,340.9642,0.0,False,True,0.0,test
lvis:1102:362:82,lvis,1102,train2017/000000001102.jpg,362,detergent,detergent,True,0,14,0.05895557254552841,347.7577,227.8862,412.5544,263.5845,0.0,False,True,0.0,test
lvis:1102:362:82,lvis,1102,train2017/000000001102.jpg,362,detergent,detergent,True,0,15,0.058463092893362045,274.7539,317.3394,289.5273,335.5683,0.0,False,True,0.0,test
lvis:1102:362:82,lvis,1102,train2017/000000001102.jpg,362,detergent,detergent,True,0,16,0.05239425599575043,357.4671,317.5938,393.3829,330.0539,0.0,False,True,0.0,test
lvis:1102:362:82,lvis,1102,train2017/000000001102.jpg,362,detergent,detergent,True,0,17,0.05207863822579384,238.7161,339.5752,271.6466,360.11,0.0,False,True,0.0,test
lvis:1146:674:83,lvis,1146,train2017/000000001146.jpg,674,masher,masher,True,0,0,0.5067834258079529,1.0997,0.6028,314.0473,638.2661,0.0,False,True,9.98792270531401,test
lvis:1146:674:83,lvis,1146,train2017/000000001146.jpg,674,masher,masher,True,0,1,0.2938087582588196,130.1281,252.2865,202.3936,638.1456,0.0,False,True,9.98792270531401,test
lvis:1146:674:83,lvis,1146,train2017/000000001146.jpg,674,masher,masher,True,0,2,0.17454557120800018,64.9316,64.8937,245.1481,124.5497,0.0,False,True,0.0,test
lvis:1146:674:83,lvis,1146,train2017/000000001146.jpg,674,masher,masher,True,0,3,0.11302613466978073,55.6613,0.7491,244.9499,216.7556,0.0,False,True,0.0,test
lvis:1146:674:83,lvis,1146,train2017/000000001146.jpg,674,masher,masher,True,0,4,0.10615815222263336,134.0796,154.1879,201.5307,180.2942,0.0,False,True,0.0,test
lvis:1146:674:83,lvis,1146,train2017/000000001146.jpg,674,masher,masher,True,0,5,0.10204178094863892,133.2119,374.901,164.7006,413.8138,0.0,False,True,0.0,test
lvis:1146:674:83,lvis,1146,train2017/000000001146.jpg,674,masher,masher,True,0,6,0.09566707164049149,131.1567,252.9024,187.6966,462.7244,0.0,False,True,0.0,test
lvis:1146:674:83,lvis,1146,train2017/000000001146.jpg,674,masher,masher,True,0,7,0.07547411322593689,158.846,338.103,181.2281,379.0647,0.0,False,True,0.0,test
lvis:1146:674:83,lvis,1146,train2017/000000001146.jpg,674,masher,masher,True,0,8,0.07377772033214569,159.3203,404.2055,186.4472,435.424,0.0,False,True,0.0,test
lvis:1146:674:83,lvis,1146,train2017/000000001146.jpg,674,masher,masher,True,0,9,0.05738725885748863,64.81,61.7624,244.6859,215.0244,0.0,False,True,0.0,test
lvis:1146:674:83,lvis,1146,train2017/000000001146.jpg,674,masher,masher,True,0,10,0.05491655692458153,61.4939,178.6469,273.3973,636.8068,0.0,False,True,0.0,test
lvis:1146:432:84,lvis,1146,train2017/000000001146.jpg,432,ferret,ferret,True,0,0,0.3919377624988556,1.5268,0.9194,313.994,637.49,0.0,False,True,9.98792270531401,test
lvis:1146:432:84,lvis,1146,train2017/000000001146.jpg,432,ferret,ferret,True,0,1,0.25786668062210083,132.7771,374.9493,164.6375,413.9979,0.0,False,True,9.98792270531401,test
lvis:1146:432:84,lvis,1146,train2017/000000001146.jpg,432,ferret,ferret,True,0,2,0.2501659691333771,129.8746,252.2968,202.3087,637.764,0.0,False,True,9.98792270531401,test
lvis:1146:432:84,lvis,1146,train2017/000000001146.jpg,432,ferret,ferret,True,0,3,0.1933598518371582,159.0219,404.0919,186.4096,435.0573,0.0,False,True,0.0,test
lvis:1146:432:84,lvis,1146,train2017/000000001146.jpg,432,ferret,ferret,True,0,4,0.17506402730941772,157.5261,337.8181,181.2738,379.4145,0.0,False,True,0.0,test
lvis:1146:432:84,lvis,1146,train2017/000000001146.jpg,432,ferret,ferret,True,0,5,0.1593746840953827,131.9065,336.3688,186.9869,463.0228,0.0,False,True,0.0,test
lvis:1146:432:84,lvis,1146,train2017/000000001146.jpg,432,ferret,ferret,True,0,6,0.15702199935913086,135.6147,337.9495,181.1274,379.6868,0.0,False,True,0.0,test
lvis:1146:432:84,lvis,1146,train2017/000000001146.jpg,432,ferret,ferret,True,0,7,0.13530737161636353,130.9294,253.9355,187.2385,463.1461,0.0,False,True,0.0,test
lvis:1146:432:84,lvis,1146,train2017/000000001146.jpg,432,ferret,ferret,True,0,8,0.12572886049747467,133.7515,403.597,186.4994,435.0068,0.0,False,True,0.0,test
lvis:1146:432:84,lvis,1146,train2017/000000001146.jpg,432,ferret,ferret,True,0,9,0.10107514262199402,46.6603,4.7933,266.4872,632.4346,0.0,False,True,0.0,test
lvis:1146:432:84,lvis,1146,train2017/000000001146.jpg,432,ferret,ferret,True,0,10,0.09604605287313461,54.7308,0.8742,245.4149,216.495,0.0,False,True,0.0,test
lvis:1146:432:84,lvis,1146,train2017/000000001146.jpg,432,ferret,ferret,True,0,11,0.08671514689922333,132.3043,337.612,181.6399,414.9136,0.0,False,True,0.0,test
lvis:1146:432:84,lvis,1146,train2017/000000001146.jpg,432,ferret,ferret,True,0,12,0.08400200307369232,132.4313,373.9527,186.6307,435.7463,0.0,False,True,0.0,test
lvis:1146:432:84,lvis,1146,train2017/000000001146.jpg,432,ferret,ferret,True,0,13,0.07784511893987656,66.3872,64.5344,243.881,125.0816,0.0,False,True,0.0,test
lvis:1146:432:84,lvis,1146,train2017/000000001146.jpg,432,ferret,ferret,True,0,14,0.07365259528160095,56.4016,0.3826,236.1806,74.8967,0.0,False,True,0.0,test
lvis:1146:432:84,lvis,1146,train2017/000000001146.jpg,432,ferret,ferret,True,0,15,0.0723375752568245,37.586,1.3302,265.6115,258.9053,0.0,False,True,0.0,test
lvis:1146:432:84,lvis,1146,train2017/000000001146.jpg,432,ferret,ferret,True,0,16,0.06764640659093857,135.8831,300.9646,177.4783,332.9924,0.0,False,True,0.0,test
lvis:1146:432:84,lvis,1146,train2017/000000001146.jpg,432,ferret,ferret,True,0,17,0.06342176347970963,131.9368,300.8915,182.0025,415.623,0.0,False,True,0.0,test
lvis:1146:432:84,lvis,1146,train2017/000000001146.jpg,432,ferret,ferret,True,0,18,0.06306958198547363,118.6883,251.0522,208.1495,506.3376,0.0,False,True,0.0,test
lvis:1146:432:84,lvis,1146,train2017/000000001146.jpg,432,ferret,ferret,True,0,19,0.06106286868453026,56.3506,0.4618,115.6506,68.9189,0.0,False,True,0.0,test
lvis:1146:432:84,lvis,1146,train2017/000000001146.jpg,432,ferret,ferret,True,0,20,0.06025391444563866,3.3571,190.508,312.0084,635.5995,0.0,False,True,0.0,test
lvis:1146:432:84,lvis,1146,train2017/000000001146.jpg,432,ferret,ferret,True,0,21,0.057457100600004196,132.3147,375.0207,164.6521,462.9335,0.0,False,True,0.0,test
lvis:1146:432:84,lvis,1146,train2017/000000001146.jpg,432,ferret,ferret,True,0,22,0.05669310688972473,134.3803,403.6452,186.6911,463.1146,0.0,False,True,0.0,test
lvis:1146:432:84,lvis,1146,train2017/000000001146.jpg,432,ferret,ferret,True,0,23,0.05542336404323578,132.0473,374.5858,186.7741,462.9447,0.0,False,True,0.0,test
lvis:1146:432:84,lvis,1146,train2017/000000001146.jpg,432,ferret,ferret,True,0,24,0.05520839989185333,106.9972,245.3095,221.3986,637.3882,0.0,False,True,0.0,test
lvis:1146:432:84,lvis,1146,train2017/000000001146.jpg,432,ferret,ferret,True,0,25,0.054513461887836456,11.1381,0.688,312.3208,460.058,0.0,False,True,0.0,test
lvis:1146:432:84,lvis,1146,train2017/000000001146.jpg,432,ferret,ferret,True,0,26,0.05415289103984833,139.9156,447.7477,159.4327,463.6064,0.0,False,True,0.0,test
lvis:1146:432:84,lvis,1146,train2017/000000001146.jpg,432,ferret,ferret,True,0,27,0.05347262695431709,55.2838,0.5203,241.6886,125.5927,0.0,False,True,0.0,test
lvis:1205:754:87,lvis,1205,train2017/000000001205.jpg,754,pantyhose,pantyhose,True,0,0,0.424125611782074,96.8369,240.9832,322.9796,365.3716,0.0,False,True,9.98792270531401,test
lvis:1205:754:87,lvis,1205,train2017/000000001205.jpg,754,pantyhose,pantyhose,True,0,1,0.2727437913417816,225.7639,305.0912,244.2135,364.2172,0.0,False,True,9.98792270531401,test
lvis:1205:754:87,lvis,1205,train2017/000000001205.jpg,754,pantyhose,pantyhose,True,0,2,0.2134491503238678,147.6723,273.6639,225.9327,292.5454,0.0,False,True,9.98792270531401,test
lvis:1205:754:87,lvis,1205,train2017/000000001205.jpg,754,pantyhose,pantyhose,True,0,3,0.21342213451862335,323.4405,145.6918,423.4518,247.0549,0.0,False,True,9.98792270531401,test
lvis:1205:754:87,lvis,1205,train2017/000000001205.jpg,754,pantyhose,pantyhose,True,0,4,0.19898712635040283,104.0412,287.9898,124.8141,350.182,0.0,False,True,9.98792270531401,test
lvis:1205:754:87,lvis,1205,train2017/000000001205.jpg,754,pantyhose,pantyhose,True,0,5,0.1961541771888733,548.7548,295.8382,587.1865,370.6803,0.0,False,True,9.98792270531401,test
lvis:1205:754:87,lvis,1205,train2017/000000001205.jpg,754,pantyhose,pantyhose,True,0,6,0.18021070957183838,220.1968,300.9746,249.8544,365.7462,0.0,False,True,0.0,test
lvis:1205:754:87,lvis,1205,train2017/000000001205.jpg,754,pantyhose,pantyhose,True,0,7,0.16768193244934082,257.2225,136.6522,278.961,367.2549,0.0,False,True,0.0,test
lvis:1205:754:87,lvis,1205,train2017/000000001205.jpg,754,pantyhose,pantyhose,True,0,8,0.16567450761795044,102.1426,289.8185,248.3886,364.9614,0.0,False,True,0.0,test
lvis:1205:754:87,lvis,1205,train2017/000000001205.jpg,754,pantyhose,pantyhose,True,0,9,0.15980279445648193,350.2028,260.1774,420.298,312.8809,0.0,False,True,0.0,test
lvis:1205:754:87,lvis,1205,train2017/000000001205.jpg,754,pantyhose,pantyhose,True,0,10,0.1578686237335205,228.1655,320.8028,242.2241,363.0886,0.0,False,True,0.0,test
lvis:1205:754:87,lvis,1205,train2017/000000001205.jpg,754,pantyhose,pantyhose,True,0,11,0.1571652740240097,515.0699,138.0146,553.7648,401.1205,0.0,False,True,0.0,test
lvis:1205:754:87,lvis,1205,train2017/000000001205.jpg,754,pantyhose,pantyhose,True,0,12,0.15423835813999176,426.6081,264.9898,501.8419,320.1561,0.0,False,True,0.0,test
lvis:1205:754:87,lvis,1205,train2017/000000001205.jpg,754,pantyhose,pantyhose,True,0,13,0.13348360359668732,615.9706,106.3844,639.1938,324.1053,0.0,False,True,0.0,test
lvis:1205:754:87,lvis,1205,train2017/000000001205.jpg,754,pantyhose,pantyhose,True,0,14,0.12148194015026093,285.33,419.2512,325.6962,451.714,0.0,False,True,0.0,test
lvis:1205:754:87,lvis,1205,train2017/000000001205.jpg,754,pantyhose,pantyhose,True,0,15,0.1140938475728035,576.0139,108.956,602.426,301.6476,0.0,False,True,0.0,test
lvis:1205:754:87,lvis,1205,train2017/000000001205.jpg,754,pantyhose,pantyhose,True,0,16,0.11245342344045639,211.7894,297.5454,256.8452,366.8986,0.0,False,True,0.0,test
lvis:1205:754:87,lvis,1205,train2017/000000001205.jpg,754,pantyhose,pantyhose,True,0,17,0.11006095260381699,575.8031,102.9911,620.9582,393.5315,0.0,False,True,0.0,test
lvis:1205:754:87,lvis,1205,train2017/000000001205.jpg,754,pantyhose,pantyhose,True,0,18,0.09605548530817032,303.823,270.4982,316.1011,308.3764,0.0,False,True,0.0,test
lvis:1205:754:87,lvis,1205,train2017/000000001205.jpg,754,pantyhose,pantyhose,True,0,19,0.09450291842222214,101.1043,241.5161,322.1373,313.4534,0.0,False,True,0.0,test
lvis:1205:754:87,lvis,1205,train2017/000000001205.jpg,754,pantyhose,pantyhose,True,0,20,0.08914992958307266,247.6234,131.784,289.1917,369.9142,0.0,False,True,0.0,test
lvis:1205:754:87,lvis,1205,train2017/000000001205.jpg,754,pantyhose,pantyhose,True,0,21,0.08102622628211975,504.8326,144.2768,529.2048,322.3448,0.0,False,True,0.0,test
lvis:1205:754:87,lvis,1205,train2017/000000001205.jpg,754,pantyhose,pantyhose,True,0,22,0.07972318679094315,575.7897,105.2358,621.7468,302.7718,0.0,False,True,0.0,test
lvis:1205:754:87,lvis,1205,train2017/000000001205.jpg,754,pantyhose,pantyhose,True,0,23,0.07650186121463776,573.6437,99.4794,637.6921,395.67,0.0,False,True,0.0,test
lvis:1205:754:87,lvis,1205,train2017/000000001205.jpg,754,pantyhose,pantyhose,True,0,24,0.07073977589607239,95.906,277.2913,134.0126,351.1562,0.0,False,True,0.0,test
lvis:1205:754:87,lvis,1205,train2017/000000001205.jpg,754,pantyhose,pantyhose,True,0,25,0.07018254697322845,274.6069,355.0588,352.5471,377.2294,0.0,False,True,0.0,test
lvis:1205:754:87,lvis,1205,train2017/000000001205.jpg,754,pantyhose,pantyhose,True,0,26,0.0696786493062973,326.0382,147.8786,345.6937,304.7564,0.0,False,True,0.0,test
lvis:1205:754:87,lvis,1205,train2017/000000001205.jpg,754,pantyhose,pantyhose,True,0,27,0.06845969706773758,223.0621,296.0866,279.8946,366.5293,0.0,False,True,0.0,test
lvis:1205:754:87,lvis,1205,train2017/000000001205.jpg,754,pantyhose,pantyhose,True,0,28,0.06670717895030975,142.7192,367.3811,339.0566,421.0399,0.0,False,True,0.0,test
lvis:1205:754:87,lvis,1205,train2017/000000001205.jpg,754,pantyhose,pantyhose,True,0,29,0.06628911197185516,594.0344,49.5465,619.6569,392.4081,0.0,False,True,0.0,test
lvis:1205:754:87,lvis,1205,train2017/000000001205.jpg,754,pantyhose,pantyhose,True,0,30,0.06581725180149078,349.4493,259.3134,502.8917,320.6219,0.0,False,True,0.0,test
lvis:1205:754:87,lvis,1205,train2017/000000001205.jpg,754,pantyhose,pantyhose,True,0,31,0.06460575014352798,77.9034,212.4047,358.5458,396.0607,0.0,False,True,0.0,test
lvis:1205:754:87,lvis,1205,train2017/000000001205.jpg,754,pantyhose,pantyhose,True,0,32,0.06324796378612518,102.4889,288.2825,173.1659,350.1174,0.0,False,True,0.0,test
lvis:1205:754:87,lvis,1205,train2017/000000001205.jpg,754,pantyhose,pantyhose,True,0,33,0.06266752630472183,603.4691,104.3732,639.1401,438.1678,0.0,False,True,0.0,test
lvis:1205:754:87,lvis,1205,train2017/000000001205.jpg,754,pantyhose,pantyhose,True,0,34,0.06214473769068718,145.178,391.0517,312.1051,417.9876,0.0,False,True,0.0,test
lvis:1205:754:87,lvis,1205,train2017/000000001205.jpg,754,pantyhose,pantyhose,True,0,35,0.06177615746855736,2.0804,56.0175,226.5607,383.5976,0.0,False,True,0.0,test
lvis:1205:754:87,lvis,1205,train2017/000000001205.jpg,754,pantyhose,pantyhose,True,0,36,0.06145515665411949,4.5389,6.0729,635.9034,473.1664,0.0,False,True,0.0,test
lvis:1205:754:87,lvis,1205,train2017/000000001205.jpg,754,pantyhose,pantyhose,True,0,37,0.059674255549907684,8.5314,305.4434,634.4595,477.7145,0.0,False,True,0.0,test
lvis:1205:754:87,lvis,1205,train2017/000000001205.jpg,754,pantyhose,pantyhose,True,0,38,0.05735388025641441,250.0084,43.295,285.4164,367.8874,0.0,False,True,0.0,test
lvis:1205:754:87,lvis,1205,train2017/000000001205.jpg,754,pantyhose,pantyhose,True,0,39,0.055358435958623886,540.5242,284.3053,602.3479,390.377,0.0,False,True,0.0,test
lvis:1205:754:87,lvis,1205,train2017/000000001205.jpg,754,pantyhose,pantyhose,True,0,40,0.05504707992076874,142.2841,265.9749,237.9357,306.6129,0.0,False,True,0.0,test
lvis:1205:754:87,lvis,1205,train2017/000000001205.jpg,754,pantyhose,pantyhose,True,0,41,0.054639607667922974,102.8877,285.9647,315.3325,365.3396,0.0,False,True,0.0,test
lvis:1205:754:87,lvis,1205,train2017/000000001205.jpg,754,pantyhose,pantyhose,True,0,42,0.05247737839818001,601.077,300.335,638.7214,437.4278,0.0,False,True,0.0,test
lvis:1205:754:87,lvis,1205,train2017/000000001205.jpg,754,pantyhose,pantyhose,True,0,43,0.05167859047651291,140.4271,242.8209,276.2526,317.5667,0.0,False,True,0.0,test
lvis:1205:754:87,lvis,1205,train2017/000000001205.jpg,754,pantyhose,pantyhose,True,0,44,0.05109689384698868,375.5947,30.1415,564.4591,142.1564,0.0,False,True,0.0,test
lvis:1205:754:87,lvis,1205,train2017/000000001205.jpg,754,pantyhose,pantyhose,True,0,45,0.0503452904522419,106.9993,331.0294,124.1655,350.3702,0.0,False,True,0.0,test
lvis:1205:754:87,lvis,1205,train2017/000000001205.jpg,754,pantyhose,pantyhose,True,0,46,0.05012059211730957,29.6067,357.0506,345.6137,477.0078,0.0,False,True,0.0,test
lvis:1224:366:89,lvis,1224,train2017/000000001224.jpg,366,dinghy,dinghy,True,0,0,0.4176367223262787,121.0453,195.4025,638.5706,424.9242,0.0,False,True,9.98792270531401,test
lvis:1224:366:89,lvis,1224,train2017/000000001224.jpg,366,dinghy,dinghy,True,0,1,0.22418434917926788,1.2811,275.9783,286.4866,424.393,0.0,False,True,9.98792270531401,test
lvis:1224:366:89,lvis,1224,train2017/000000001224.jpg,366,dinghy,dinghy,True,0,2,0.20814962685108185,1.2291,276.0248,281.5599,378.2682,0.0,False,True,9.98792270531401,test
lvis:1224:366:89,lvis,1224,train2017/000000001224.jpg,366,dinghy,dinghy,True,0,3,0.1407533884048462,2.1678,16.8767,401.7126,422.6875,0.0,False,True,0.0,test
lvis:1224:366:89,lvis,1224,train2017/000000001224.jpg,366,dinghy,dinghy,True,0,4,0.1399846076965332,167.4942,289.1346,267.7437,377.9405,0.0,False,True,0.0,test
lvis:1224:366:89,lvis,1224,train2017/000000001224.jpg,366,dinghy,dinghy,True,0,5,0.13346177339553833,1.3553,276.6469,124.7305,348.7484,0.0,False,True,0.0,test
lvis:1224:366:89,lvis,1224,train2017/000000001224.jpg,366,dinghy,dinghy,True,0,6,0.1216733455657959,5.8059,16.7905,636.3887,423.1796,0.0,False,True,0.0,test
lvis:1224:366:89,lvis,1224,train2017/000000001224.jpg,366,dinghy,dinghy,True,0,7,0.10510434210300446,42.2505,234.5233,97.861,295.6347,0.0,False,True,0.0,test
lvis:1224:366:89,lvis,1224,train2017/000000001224.jpg,366,dinghy,dinghy,True,0,8,0.1039227843284607,118.1905,17.0397,400.7327,357.996,0.0,False,True,0.0,test
lvis:1224:366:89,lvis,1224,train2017/000000001224.jpg,366,dinghy,dinghy,True,0,9,0.09679621458053589,46.706,17.2451,401.7307,300.3923,0.0,False,True,0.0,test
lvis:1224:366:89,lvis,1224,train2017/000000001224.jpg,366,dinghy,dinghy,True,0,10,0.09324690699577332,214.6785,17.2992,402.4666,172.5534,0.0,False,True,0.0,test
lvis:1224:366:89,lvis,1224,train2017/000000001224.jpg,366,dinghy,dinghy,True,0,11,0.08887281268835068,66.401,110.2443,635.5739,422.7369,0.0,False,True,0.0,test
lvis:1224:366:89,lvis,1224,train2017/000000001224.jpg,366,dinghy,dinghy,True,0,12,0.07934200763702393,0.9468,276.03,124.9269,425.1144,0.0,False,True,0.0,test
lvis:1224:366:89,lvis,1224,train2017/000000001224.jpg,366,dinghy,dinghy,True,0,13,0.07541095465421677,383.9951,145.1489,416.7088,180.9599,0.0,False,True,0.0,test
lvis:1224:366:89,lvis,1224,train2017/000000001224.jpg,366,dinghy,dinghy,True,0,14,0.07129929959774017,182.639,310.7177,251.3243,369.6163,0.0,False,True,0.0,test
lvis:1224:366:89,lvis,1224,train2017/000000001224.jpg,366,dinghy,dinghy,True,0,15,0.07084883749485016,4.4944,277.5091,85.2659,337.2655,0.0,False,True,0.0,test
lvis:1224:366:89,lvis,1224,train2017/000000001224.jpg,366,dinghy,dinghy,True,0,16,0.06842418760061264,0.9097,277.3472,86.2267,425.1455,0.0,False,True,0.0,test
lvis:1224:366:89,lvis,1224,train2017/000000001224.jpg,366,dinghy,dinghy,True,0,17,0.06832379847764969,121.4918,195.6642,635.9839,342.5945,0.0,False,True,0.0,test
lvis:1224:366:89,lvis,1224,train2017/000000001224.jpg,366,dinghy,dinghy,True,0,18,0.05658213049173355,1.4338,235.214,125.5201,348.8462,0.0,False,True,0.0,test
lvis:1224:366:89,lvis,1224,train2017/000000001224.jpg,366,dinghy,dinghy,True,0,19,0.05332304164767265,118.9534,196.8186,212.3388,357.6513,0.0,False,True,0.0,test
lvis:1224:366:89,lvis,1224,train2017/000000001224.jpg,366,dinghy,dinghy,True,0,20,0.05121100693941116,193.8924,297.6532,257.9698,370.8803,0.0,False,True,0.0,test
lvis:1224:890:90,lvis,1224,train2017/000000001224.jpg,890,rodent,rodent,True,0,0,0.5334756374359131,119.8948,194.9598,638.3304,424.5171,0.0,False,True,9.98792270531401,test
lvis:1224:890:90,lvis,1224,train2017/000000001224.jpg,890,rodent,rodent,True,0,1,0.14682666957378387,2.8248,16.6958,402.0868,422.3074,0.0,False,True,0.0,test
lvis:1224:890:90,lvis,1224,train2017/000000001224.jpg,890,rodent,rodent,True,0,2,0.12753430008888245,202.9063,16.6533,402.8167,186.6691,0.0,False,True,0.0,test
lvis:1224:890:90,lvis,1224,train2017/000000001224.jpg,890,rodent,rodent,True,0,3,0.11939312517642975,47.9017,17.2655,401.4373,296.8255,0.0,False,True,0.0,test
lvis:1224:890:90,lvis,1224,train2017/000000001224.jpg,890,rodent,rodent,True,0,4,0.10360804200172424,251.4519,18.1421,399.9738,161.5471,0.0,False,True,0.0,test
lvis:1224:890:90,lvis,1224,train2017/000000001224.jpg,890,rodent,rodent,True,0,5,0.10005951672792435,121.2919,195.3834,630.5831,351.3378,0.0,False,True,0.0,test
lvis:1224:890:90,lvis,1224,train2017/000000001224.jpg,890,rodent,rodent,True,0,6,0.08899571001529694,73.0106,108.8773,635.1702,422.4049,0.0,False,True,0.0,test
lvis:1224:890:90,lvis,1224,train2017/000000001224.jpg,890,rodent,rodent,True,0,7,0.08284606039524078,116.303,16.7575,401.2396,356.5403,0.0,False,True,0.0,test
lvis:1224:890:90,lvis,1224,train2017/000000001224.jpg,890,rodent,rodent,True,0,8,0.08047996461391449,384.054,145.1819,417.3248,181.3841,0.0,False,True,0.0,test
lvis:1224:890:90,lvis,1224,train2017/000000001224.jpg,890,rodent,rodent,True,0,9,0.07883709669113159,42.8145,234.1247,98.6335,295.8877,0.0,False,True,0.0,test
lvis:1224:890:90,lvis,1224,train2017/000000001224.jpg,890,rodent,rodent,True,0,10,0.07281529903411865,9.5254,15.9493,635.0303,422.2864,0.0,False,True,0.0,test
lvis:1224:890:90,lvis,1224,train2017/000000001224.jpg,890,rodent,rodent,True,0,11,0.06996588408946991,166.0968,288.2764,281.0264,378.4969,0.0,False,True,0.0,test
lvis:1224:890:90,lvis,1224,train2017/000000001224.jpg,890,rodent,rodent,True,0,12,0.06134398281574249,182.8313,11.7111,432.4913,211.5029,0.0,False,True,0.0,test
lvis:1224:890:90,lvis,1224,train2017/000000001224.jpg,890,rodent,rodent,True,0,13,0.06111139804124832,118.2233,196.7231,209.6191,357.7172,0.0,False,True,0.0,test
lvis:1224:890:90,lvis,1224,train2017/000000001224.jpg,890,rodent,rodent,True,0,14,0.060474857687950134,0.9028,361.1204,65.131,425.5078,0.0,False,True,0.0,test
lvis:1224:890:90,lvis,1224,train2017/000000001224.jpg,890,rodent,rodent,True,0,15,0.058789610862731934,1.1086,235.0093,115.1828,424.7117,0.0,False,True,0.0,test
lvis:1224:890:90,lvis,1224,train2017/000000001224.jpg,890,rodent,rodent,True,0,16,0.05528363585472107,176.4317,290.0301,259.0843,376.6259,0.0,False,True,0.0,test
lvis:1268:599:91,lvis,1268,val2017/000000001268.jpg,599,joystick,joystick,True,0,0,0.49770382046699524,191.0488,223.3704,267.5496,261.9388,0.0,False,True,9.98792270531401,test
lvis:1268:599:91,lvis,1268,val2017/000000001268.jpg,599,joystick,joystick,True,0,1,0.20257076621055603,518.3109,177.8715,558.4636,199.6252,0.0,False,True,9.98792270531401,test
lvis:1268:599:91,lvis,1268,val2017/000000001268.jpg,599,joystick,joystick,True,0,2,0.15025918185710907,57.319,217.7858,82.8926,247.2361,0.0,False,True,0.0,test
lvis:1268:599:91,lvis,1268,val2017/000000001268.jpg,599,joystick,joystick,True,0,3,0.14247357845306396,67.0537,218.3784,82.3815,237.4289,0.0,False,True,0.0,test
lvis:1268:599:91,lvis,1268,val2017/000000001268.jpg,599,joystick,joystick,True,0,4,0.13329046964645386,509.1181,171.0464,566.2166,208.7196,0.0,False,True,0.0,test
lvis:1268:599:91,lvis,1268,val2017/000000001268.jpg,599,joystick,joystick,True,0,5,0.13079428672790527,258.1128,239.9084,267.7196,253.3917,0.0,False,True,0.0,test
lvis:1268:599:91,lvis,1268,val2017/000000001268.jpg,599,joystick,joystick,True,0,6,0.12973211705684662,582.7305,87.9528,612.2075,120.6143,0.0,False,True,0.0,test
lvis:1268:599:91,lvis,1268,val2017/000000001268.jpg,599,joystick,joystick,True,0,7,0.12970244884490967,178.0528,209.0014,284.6269,275.7948,0.0,False,True,0.0,test
lvis:1268:599:91,lvis,1268,val2017/000000001268.jpg,599,joystick,joystick,True,0,8,0.12789402902126312,246.261,224.5988,267.2584,252.735,0.0,False,True,0.0,test
lvis:1268:599:91,lvis,1268,val2017/000000001268.jpg,599,joystick,joystick,True,0,9,0.12480977922677994,517.6807,177.8697,526.5546,184.8664,0.0,False,True,0.0,test
lvis:1268:599:91,lvis,1268,val2017/000000001268.jpg,599,joystick,joystick,True,0,10,0.12286391854286194,516.3958,176.462,534.2918,186.0323,0.0,False,True,0.0,test
lvis:1268:599:91,lvis,1268,val2017/000000001268.jpg,599,joystick,joystick,True,0,11,0.12154719978570938,495.9693,78.5145,638.2438,423.8398,0.0,False,True,0.0,test
lvis:1268:599:91,lvis,1268,val2017/000000001268.jpg,599,joystick,joystick,True,0,12,0.11652698367834091,22.0292,211.465,83.1868,283.152,0.0,False,True,0.0,test
lvis:1268:599:91,lvis,1268,val2017/000000001268.jpg,599,joystick,joystick,True,0,13,0.1141200140118599,563.8557,79.2184,617.2762,125.0412,0.0,False,True,0.0,test
lvis:1268:599:91,lvis,1268,val2017/000000001268.jpg,599,joystick,joystick,True,0,14,0.10722627490758896,255.3047,234.36,268.2425,254.0171,0.0,False,True,0.0,test
lvis:1268:599:91,lvis,1268,val2017/000000001268.jpg,599,joystick,joystick,True,0,15,0.10392869263887405,46.4705,217.8636,82.824,262.472,0.0,False,True,0.0,test
lvis:1268:599:91,lvis,1268,val2017/000000001268.jpg,599,joystick,joystick,True,0,16,0.10271862149238586,260.5951,244.2274,267.0112,252.5357,0.0,False,True,0.0,test
lvis:1268:599:91,lvis,1268,val2017/000000001268.jpg,599,joystick,joystick,True,0,17,0.09294193238019943,401.416,203.5141,468.3041,294.5146,0.0,False,True,0.0,test
lvis:1268:599:91,lvis,1268,val2017/000000001268.jpg,599,joystick,joystick,True,0,18,0.09248677641153336,8.147,209.551,270.1634,264.5042,0.0,False,True,0.0,test
lvis:1268:599:91,lvis,1268,val2017/000000001268.jpg,599,joystick,joystick,True,0,19,0.09235748648643494,253.0009,234.0914,274.0735,258.2044,0.0,False,True,0.0,test
lvis:1268:599:91,lvis,1268,val2017/000000001268.jpg,599,joystick,joystick,True,0,20,0.08298445492982864,124.251,124.4358,266.0992,143.474,0.0,False,True,0.0,test
lvis:1268:599:91,lvis,1268,val2017/000000001268.jpg,599,joystick,joystick,True,0,21,0.07710734754800797,589.9875,97.2013,608.7694,115.4088,0.0,False,True,0.0,test
lvis:1268:599:91,lvis,1268,val2017/000000001268.jpg,599,joystick,joystick,True,0,22,0.06660712510347366,36.3402,127.3154,106.3021,144.621,0.0,False,True,0.0,test
lvis:1268:599:91,lvis,1268,val2017/000000001268.jpg,599,joystick,joystick,True,0,23,0.06611357629299164,0.9112,126.4463,106.7054,145.0275,0.0,False,True,0.0,test
lvis:1268:599:91,lvis,1268,val2017/000000001268.jpg,599,joystick,joystick,True,0,24,0.06091166287660599,57.9711,217.1174,268.4837,258.6154,0.0,False,True,0.0,test
lvis:1268:599:91,lvis,1268,val2017/000000001268.jpg,599,joystick,joystick,True,0,25,0.060359563678503036,0.3623,209.2438,26.3046,280.7756,0.0,False,True,0.0,test
lvis:1268:599:91,lvis,1268,val2017/000000001268.jpg,599,joystick,joystick,True,0,26,0.05834818258881569,551.7482,79.2506,622.6868,190.3665,0.0,False,True,0.0,test
lvis:1268:599:91,lvis,1268,val2017/000000001268.jpg,599,joystick,joystick,True,0,27,0.05721084401011467,0.7421,206.4837,84.8053,284.4364,0.0,False,True,0.0,test
lvis:1268:599:91,lvis,1268,val2017/000000001268.jpg,599,joystick,joystick,True,0,28,0.055915072560310364,232.1655,216.9713,278.288,263.437,0.0,False,True,0.0,test
lvis:1268:599:91,lvis,1268,val2017/000000001268.jpg,599,joystick,joystick,True,0,29,0.05468001589179039,166.9067,199.0376,319.3852,306.7413,0.0,False,True,0.0,test
lvis:1268:599:91,lvis,1268,val2017/000000001268.jpg,599,joystick,joystick,True,0,30,0.054114583879709244,289.5088,118.9095,412.8819,143.152,0.0,False,True,0.0,test
lvis:1268:599:91,lvis,1268,val2017/000000001268.jpg,599,joystick,joystick,True,0,31,0.05351569876074791,302.2853,248.4892,379.3202,302.5508,0.0,False,True,0.0,test
lvis:1268:599:91,lvis,1268,val2017/000000001268.jpg,599,joystick,joystick,True,0,32,0.05308227986097336,508.0635,170.8308,539.1812,194.4177,0.0,False,True,0.0,test
lvis:1268:599:91,lvis,1268,val2017/000000001268.jpg,599,joystick,joystick,True,0,33,0.05279102921485901,4.1523,4.9238,635.0905,421.8578,0.0,False,True,0.0,test
lvis:1268:599:91,lvis,1268,val2017/000000001268.jpg,599,joystick,joystick,True,0,34,0.05222208797931671,37.9971,137.7941,52.1806,144.1916,0.0,False,True,0.0,test
lvis:1295:222:93,lvis,1295,train2017/000000001295.jpg,222,casserole,casserole,True,0,0,0.4932588040828705,211.0494,255.5512,292.6486,333.654,0.0,False,True,9.98792270531401,test
lvis:1295:222:93,lvis,1295,train2017/000000001295.jpg,222,casserole,casserole,True,0,1,0.21029211580753326,228.2424,379.4151,277.511,430.4602,0.0,False,True,9.98792270531401,test
lvis:1295:222:93,lvis,1295,train2017/000000001295.jpg,222,casserole,casserole,True,0,2,0.2082936316728592,163.4248,2.0492,339.5868,513.752,0.0,False,True,9.98792270531401,test
lvis:1295:222:93,lvis,1295,train2017/000000001295.jpg,222,casserole,casserole,True,0,3,0.08634132146835327,234.2167,451.2818,274.9182,511.1749,0.0,False,True,0.0,test
lvis:1295:222:93,lvis,1295,train2017/000000001295.jpg,222,casserole,casserole,True,0,4,0.08631478995084763,194.4769,235.8092,311.7947,355.3156,0.0,False,True,0.0,test
lvis:1295:222:93,lvis,1295,train2017/000000001295.jpg,222,casserole,casserole,True,0,5,0.07780210673809052,65.2915,1.6242,342.6339,516.1569,0.0,False,True,0.0,test
lvis:1295:222:93,lvis,1295,train2017/000000001295.jpg,222,casserole,casserole,True,0,6,0.07278839498758316,1.3401,507.4366,478.7406,638.6675,0.0,False,True,0.0,test
lvis:1295:222:93,lvis,1295,train2017/000000001295.jpg,222,casserole,casserole,True,0,7,0.06406031548976898,354.0992,531.0702,364.0371,554.9087,0.0,False,True,0.0,test
lvis:1295:222:93,lvis,1295,train2017/000000001295.jpg,222,casserole,casserole,True,0,8,0.06271141767501831,302.7324,497.7953,328.9459,545.4208,0.0,False,True,0.0,test
lvis:1295:222:93,lvis,1295,train2017/000000001295.jpg,222,casserole,casserole,True,0,9,0.05826159566640854,243.7748,120.1883,265.1681,143.2371,0.0,False,True,0.0,test
lvis:1295:222:93,lvis,1295,train2017/000000001295.jpg,222,casserole,casserole,True,0,10,0.057424984872341156,8.4542,515.6799,41.837,582.4298,0.0,False,True,0.0,test
lvis:1295:222:93,lvis,1295,train2017/000000001295.jpg,222,casserole,casserole,True,0,11,0.056975141167640686,165.0942,155.4621,338.4252,511.5266,0.0,False,True,0.0,test
lvis:1295:222:93,lvis,1295,train2017/000000001295.jpg,222,casserole,casserole,True,0,12,0.056685980409383774,31.1998,486.3163,64.1465,574.1213,0.0,False,True,0.0,test
lvis:1295:222:93,lvis,1295,train2017/000000001295.jpg,222,casserole,casserole,True,0,13,0.0520009882748127,2.7599,-0.6297,477.1272,638.9189,0.0,False,True,0.0,test
lvis:1295:222:93,lvis,1295,train2017/000000001295.jpg,222,casserole,casserole,True,0,14,0.050951145589351654,352.3652,484.4227,381.7642,563.0511,0.0,False,True,0.0,test
lvis:1323:994:97,lvis,1323,train2017/000000001323.jpg,994,spear,spear,True,0,0,0.3354222774505615,261.5026,120.2666,419.9653,331.0004,0.0,False,True,9.98792270531401,test
lvis:1323:994:97,lvis,1323,train2017/000000001323.jpg,994,spear,spear,True,0,1,0.33402082324028015,254.0926,160.4365,265.6647,320.74,0.0,False,True,9.98792270531401,test
lvis:1323:994:97,lvis,1323,train2017/000000001323.jpg,994,spear,spear,True,0,2,0.22738447785377502,334.1548,29.3681,360.6138,321.231,0.0,False,True,9.98792270531401,test
lvis:1323:994:97,lvis,1323,train2017/000000001323.jpg,994,spear,spear,True,0,3,0.22443176805973053,247.7577,156.3055,273.0753,322.7973,0.0,False,True,9.98792270531401,test
lvis:1323:994:97,lvis,1323,train2017/000000001323.jpg,994,spear,spear,True,0,4,0.16440989077091217,0.7647,209.7309,87.3212,478.4521,0.0,False,True,0.0,test
lvis:1323:994:97,lvis,1323,train2017/000000001323.jpg,994,spear,spear,True,0,5,0.13176776468753815,59.7599,300.5765,637.2856,478.2405,0.0,False,True,0.0,test
lvis:1323:994:97,lvis,1323,train2017/000000001323.jpg,994,spear,spear,True,0,6,0.10469314455986023,340.4594,118.9118,360.4858,320.501,0.0,False,True,0.0,test
lvis:1323:994:97,lvis,1323,train2017/000000001323.jpg,994,spear,spear,True,0,7,0.10032811760902405,234.6336,92.0458,432.7159,344.4429,0.0,False,True,0.0,test
lvis:1323:994:97,lvis,1323,train2017/000000001323.jpg,994,spear,spear,True,0,8,0.09818007797002792,320.7989,29.4693,381.6675,327.506,0.0,False,True,0.0,test
lvis:1323:994:97,lvis,1323,train2017/000000001323.jpg,994,spear,spear,True,0,9,0.09156566113233566,311.8964,27.15,363.0805,323.3568,0.0,False,True,0.0,test
lvis:1323:994:97,lvis,1323,train2017/000000001323.jpg,994,spear,spear,True,0,10,0.08516956120729446,382.9064,323.6191,563.1835,356.5885,0.0,False,True,0.0,test
lvis:1323:994:97,lvis,1323,train2017/000000001323.jpg,994,spear,spear,True,0,11,0.08322491496801376,41.3102,229.361,68.6556,478.473,0.0,False,True,0.0,test
lvis:1323:994:97,lvis,1323,train2017/000000001323.jpg,994,spear,spear,True,0,12,0.08209378272294998,326.5783,116.9931,375.446,324.1766,0.0,False,True,0.0,test
lvis:1323:994:97,lvis,1323,train2017/000000001323.jpg,994,spear,spear,True,0,13,0.07904572039842606,241.8669,0.6056,360.8093,322.6385,0.0,False,True,0.0,test
lvis:1323:994:97,lvis,1323,train2017/000000001323.jpg,994,spear,spear,True,0,14,0.07383085042238235,333.9375,29.3929,355.795,188.2505,0.0,False,True,0.0,test
lvis:1323:994:97,lvis,1323,train2017/000000001323.jpg,994,spear,spear,True,0,15,0.070256806910038,1.3046,0.2784,356.6418,215.8958,0.0,False,True,0.0,test
lvis:1323:994:97,lvis,1323,train2017/000000001323.jpg,994,spear,spear,True,0,16,0.06768006831407547,250.8356,129.3565,364.4944,321.6248,0.0,False,True,0.0,test
lvis:1323:994:97,lvis,1323,train2017/000000001323.jpg,994,spear,spear,True,0,17,0.06442335247993469,40.1967,216.4771,86.6286,478.0063,0.0,False,True,0.0,test
lvis:1323:994:97,lvis,1323,train2017/000000001323.jpg,994,spear,spear,True,0,18,0.06413840502500534,78.6772,361.4697,99.9026,388.0117,0.0,False,True,0.0,test
lvis:1323:994:97,lvis,1323,train2017/000000001323.jpg,994,spear,spear,True,0,19,0.06332457065582275,245.3843,162.8103,276.1794,260.2544,0.0,False,True,0.0,test
lvis:1323:994:97,lvis,1323,train2017/000000001323.jpg,994,spear,spear,True,0,20,0.06313642114400864,314.9338,94.1811,379.7243,324.3642,0.0,False,True,0.0,test
lvis:1323:994:97,lvis,1323,train2017/000000001323.jpg,994,spear,spear,True,0,21,0.062112703919410706,327.3565,118.679,419.4533,324.4489,0.0,False,True,0.0,test
lvis:1323:994:97,lvis,1323,train2017/000000001323.jpg,994,spear,spear,True,0,22,0.05956017225980759,242.4403,2.3676,416.1229,330.1188,0.0,False,True,0.0,test
lvis:1323:994:97,lvis,1323,train2017/000000001323.jpg,994,spear,spear,True,0,23,0.058693792670965195,345.4306,265.5901,360.1172,320.3557,0.0,False,True,0.0,test
lvis:1323:994:97,lvis,1323,train2017/000000001323.jpg,994,spear,spear,True,0,24,0.05637019872665405,382.9287,324.8168,562.192,343.1018,0.0,False,True,0.0,test
lvis:1323:994:97,lvis,1323,train2017/000000001323.jpg,994,spear,spear,True,0,25,0.05509404093027115,229.103,142.277,297.9499,349.7487,0.0,False,True,0.0,test
lvis:1323:994:97,lvis,1323,train2017/000000001323.jpg,994,spear,spear,True,0,26,0.05454489216208458,40.7562,232.2516,55.2335,478.4612,0.0,False,True,0.0,test
lvis:1323:994:97,lvis,1323,train2017/000000001323.jpg,994,spear,spear,True,0,27,0.05435073375701904,311.3667,77.2494,333.3279,186.7574,0.0,False,True,0.0,test
lvis:1323:994:97,lvis,1323,train2017/000000001323.jpg,994,spear,spear,True,0,28,0.053381387144327164,3.9684,2.041,635.6019,477.1166,0.0,False,True,0.0,test
lvis:1323:994:97,lvis,1323,train2017/000000001323.jpg,994,spear,spear,True,0,29,0.05312488600611687,319.7886,33.6209,417.4457,324.9881,0.0,False,True,0.0,test
lvis:1323:994:97,lvis,1323,train2017/000000001323.jpg,994,spear,spear,True,0,30,0.05187477916479111,1.9337,1.0416,358.5943,326.9534,0.0,False,True,0.0,test
lvis:1323:994:97,lvis,1323,train2017/000000001323.jpg,994,spear,spear,True,0,31,0.0506916418671608,357.8232,120.9,420.0048,206.477,0.0,False,True,0.0,test
lvis:1375:1124:101,lvis,1375,train2017/000000001375.jpg,1124,truffle_(chocolate),truffle_(chocolate),True,0,0,0.38150784373283386,154.6295,142.2752,412.1506,425.3315,0.0,False,True,9.98792270531401,test
lvis:1375:1124:101,lvis,1375,train2017/000000001375.jpg,1124,truffle_(chocolate),truffle_(chocolate),True,0,1,0.16250908374786377,261.4479,143.501,411.2949,424.6072,0.0,False,True,0.0,test
lvis:1375:1124:101,lvis,1375,train2017/000000001375.jpg,1124,truffle_(chocolate),truffle_(chocolate),True,0,2,0.15237830579280853,45.9232,141.0758,414.7447,425.1102,0.0,False,True,0.0,test
lvis:1375:1124:101,lvis,1375,train2017/000000001375.jpg,1124,truffle_(chocolate),truffle_(chocolate),True,0,3,0.12340244650840759,45.4373,317.191,188.6595,424.2586,0.0,False,True,0.0,test
lvis:1375:1124:101,lvis,1375,train2017/000000001375.jpg,1124,truffle_(chocolate),truffle_(chocolate),True,0,4,0.07611681520938873,305.4753,14.736,404.4873,69.2618,0.0,False,True,0.0,test
lvis:1375:1124:101,lvis,1375,train2017/000000001375.jpg,1124,truffle_(chocolate),truffle_(chocolate),True,0,5,0.06939969956874847,228.0534,131.6846,449.8573,425.1398,0.0,False,True,0.0,test
lvis:1375:1124:101,lvis,1375,train2017/000000001375.jpg,1124,truffle_(chocolate),truffle_(chocolate),True,0,6,0.06743736565113068,293.0694,70.7135,412.1807,135.1848,0.0,False,True,0.0,test
lvis:1375:1124:101,lvis,1375,train2017/000000001375.jpg,1124,truffle_(chocolate),truffle_(chocolate),True,0,7,0.06588073819875717,308.9572,82.0891,403.9898,118.4035,0.0,False,True,0.0,test
lvis:1375:1124:101,lvis,1375,train2017/000000001375.jpg,1124,truffle_(chocolate),truffle_(chocolate),True,0,8,0.06410541385412216,135.449,76.1236,449.8614,424.5178,0.0,False,True,0.0,test
lvis:1375:1124:101,lvis,1375,train2017/000000001375.jpg,1124,truffle_(chocolate),truffle_(chocolate),True,0,9,0.061203110963106155,289.9858,331.773,410.5863,417.6918,0.0,False,True,0.0,test
lvis:1375:1124:101,lvis,1375,train2017/000000001375.jpg,1124,truffle_(chocolate),truffle_(chocolate),True,0,10,0.057143647223711014,173.9732,33.1706,212.1821,124.9148,0.0,False,True,0.0,test
lvis:1375:1124:101,lvis,1375,train2017/000000001375.jpg,1124,truffle_(chocolate),truffle_(chocolate),True,0,11,0.055974025279283524,312.9979,86.3662,400.7013,108.6458,0.0,False,True,0.0,test
lvis:1375:1124:101,lvis,1375,train2017/000000001375.jpg,1124,truffle_(chocolate),truffle_(chocolate),True,0,12,0.053273048251867294,152.3103,1.8361,429.1289,148.5041,0.0,False,True,0.0,test
lvis:1375:1124:101,lvis,1375,train2017/000000001375.jpg,1124,truffle_(chocolate),truffle_(chocolate),True,0,13,0.05288880690932274,314.1469,87.002,365.1451,108.2474,0.0,False,True,0.0,test
lvis:1375:1124:101,lvis,1375,train2017/000000001375.jpg,1124,truffle_(chocolate),truffle_(chocolate),True,0,14,0.05242036655545235,308.01,215.8081,348.8652,264.7266,0.0,False,True,0.0,test
lvis:1375:1124:101,lvis,1375,train2017/000000001375.jpg,1124,truffle_(chocolate),truffle_(chocolate),True,0,15,0.05014880374073982,301.4206,271.1288,319.7819,292.8084,0.0,False,True,0.0,test
lvis:1404:783:105,lvis,1404,train2017/000000001404.jpg,783,pencil_box,pencil_box,True,0,0,0.25041788816452026,69.9029,114.054,441.937,525.0925,0.0,False,True,9.98792270531401,test
lvis:1404:783:105,lvis,1404,train2017/000000001404.jpg,783,pencil_box,pencil_box,True,0,1,0.21375559270381927,268.7912,298.3618,301.8647,320.6466,0.0,False,True,9.98792270531401,test
lvis:1404:783:105,lvis,1404,train2017/000000001404.jpg,783,pencil_box,pencil_box,True,0,2,0.20514096319675446,1.7753,30.1834,476.291,636.4327,0.0,False,True,9.98792270531401,test
lvis:1404:783:105,lvis,1404,train2017/000000001404.jpg,783,pencil_box,pencil_box,True,0,3,0.10953432321548462,447.8085,378.6654,461.6728,392.8069,0.0,False,True,0.0,test
lvis:1404:783:105,lvis,1404,train2017/000000001404.jpg,783,pencil_box,pencil_box,True,0,4,0.09316501021385193,121.1473,292.4026,441.8962,524.1329,0.0,False,True,0.0,test
lvis:1404:783:105,lvis,1404,train2017/000000001404.jpg,783,pencil_box,pencil_box,True,0,5,0.07065074145793915,117.9409,181.4233,473.0466,522.8104,0.0,False,True,0.0,test
lvis:1404:783:105,lvis,1404,train2017/000000001404.jpg,783,pencil_box,pencil_box,True,0,6,0.06764475256204605,261.1791,290.2548,309.3265,328.0713,0.0,False,True,0.0,test
lvis:1404:783:105,lvis,1404,train2017/000000001404.jpg,783,pencil_box,pencil_box,True,0,7,0.06680254638195038,319.2386,255.6989,325.8518,269.9471,0.0,False,True,0.0,test
lvis:1404:783:105,lvis,1404,train2017/000000001404.jpg,783,pencil_box,pencil_box,True,0,8,0.0654204711318016,437.3091,375.3271,462.2223,393.8706,0.0,False,True,0.0,test
lvis:1404:783:105,lvis,1404,train2017/000000001404.jpg,783,pencil_box,pencil_box,True,0,9,0.0651448667049408,225.1876,297.5098,302.7677,332.7299,0.0,False,True,0.0,test
lvis:1404:783:105,lvis,1404,train2017/000000001404.jpg,783,pencil_box,pencil_box,True,0,10,0.06222866475582123,69.3596,114.1521,256.5231,441.5916,0.0,False,True,0.0,test
lvis:1404:783:105,lvis,1404,train2017/000000001404.jpg,783,pencil_box,pencil_box,True,0,11,0.060819633305072784,447.3797,376.7438,476.9475,429.2321,0.0,False,True,0.0,test
lvis:1404:783:105,lvis,1404,train2017/000000001404.jpg,783,pencil_box,pencil_box,True,0,12,0.059310343116521835,246.5788,179.5847,424.6714,356.7175,0.0,False,True,0.0,test
lvis:1404:783:105,lvis,1404,train2017/000000001404.jpg,783,pencil_box,pencil_box,True,0,13,0.05845676735043526,202.1526,179.5136,441.4368,503.4446,0.0,False,True,0.0,test
lvis:1404:674:106,lvis,1404,train2017/000000001404.jpg,674,masher,masher,True,0,0,0.38276511430740356,70.9922,113.9927,442.8617,524.1657,0.0,False,True,9.98792270531401,test
lvis:1404:674:106,lvis,1404,train2017/000000001404.jpg,674,masher,masher,True,0,1,0.12925459444522858,243.6998,179.1992,425.3411,364.287,0.0,False,True,0.0,test
lvis:1404:674:106,lvis,1404,train2017/000000001404.jpg,674,masher,masher,True,0,2,0.10220328718423843,268.2806,298.007,302.1739,320.5856,0.0,False,True,0.0,test
lvis:1404:674:106,lvis,1404,train2017/000000001404.jpg,674,masher,masher,True,0,3,0.10073799639940262,2.6497,29.7004,475.6149,633.7365,0.0,False,True,0.0,test
lvis:1404:674:106,lvis,1404,train2017/000000001404.jpg,674,masher,masher,True,0,4,0.09457121789455414,244.1015,179.0103,474.599,437.7914,0.0,False,True,0.0,test
lvis:1404:674:106,lvis,1404,train2017/000000001404.jpg,674,masher,masher,True,0,5,0.0846296027302742,69.2157,113.3789,263.4316,443.1633,0.0,False,True,0.0,test
lvis:1404:674:106,lvis,1404,train2017/000000001404.jpg,674,masher,masher,True,0,6,0.06076851114630699,120.0001,284.5749,442.2332,516.0212,0.0,False,True,0.0,test
lvis:1404:674:106,lvis,1404,train2017/000000001404.jpg,674,masher,masher,True,0,7,0.05768871307373047,138.5,229.2798,425.7565,477.3392,0.0,False,True,0.0,test
lvis:1404:674:106,lvis,1404,train2017/000000001404.jpg,674,masher,masher,True,0,8,0.05350954830646515,71.108,113.9598,225.0128,272.0641,0.0,False,True,0.0,test
lvis:1425:852:107,lvis,1425,val2017/000000001425.jpg,852,puffin,puffin,True,0,0,0.8580570816993713,35.4813,175.5626,440.3992,398.0831,0.0,False,True,9.98792270531401,test
lvis:1425:852:107,lvis,1425,val2017/000000001425.jpg,852,puffin,puffin,True,0,1,0.1611781120300293,5.3108,174.0801,111.6325,316.0084,0.0,False,True,0.0,test
lvis:1425:852:107,lvis,1425,val2017/000000001425.jpg,852,puffin,puffin,True,0,2,0.0962095707654953,492.9935,180.5856,638.8029,378.3047,0.0,False,True,0.0,test
lvis:1425:852:107,lvis,1425,val2017/000000001425.jpg,852,puffin,puffin,True,0,3,0.06609275192022324,36.3232,290.2227,439.5088,397.1042,0.0,False,True,0.0,test
lvis:1425:852:107,lvis,1425,val2017/000000001425.jpg,852,puffin,puffin,True,0,4,0.05478572100400925,69.9007,176.1581,407.9683,334.1434,0.0,False,True,0.0,test
lvis:1425:983:108,lvis,1425,val2017/000000001425.jpg,983,softball,softball,True,0,0,0.19879424571990967,34.7445,176.6183,439.7788,397.0682,0.0,False,True,9.98792270531401,test
lvis:1425:983:108,lvis,1425,val2017/000000001425.jpg,983,softball,softball,True,0,1,0.08944828808307648,493.4239,185.4111,639.165,378.0992,0.0,False,True,0.0,test
lvis:1425:983:108,lvis,1425,val2017/000000001425.jpg,983,softball,softball,True,0,2,0.07321697473526001,5.8404,175.1666,111.3761,315.141,0.0,False,True,0.0,test
lvis:1425:983:108,lvis,1425,val2017/000000001425.jpg,983,softball,softball,True,0,3,0.06888610124588013,1.9906,0.4865,638.2864,502.9812,0.0,False,True,0.0,test
lvis:1425:983:108,lvis,1425,val2017/000000001425.jpg,983,softball,softball,True,0,4,0.053367435932159424,1.8394,173.8668,638.6072,484.8173,0.0,False,True,0.0,test
lvis:1490:85:112,lvis,1490,val2017/000000001490.jpg,85,beetle,beetle,True,0,0,0.39453184604644775,448.4042,118.414,501.1918,241.8747,0.0,False,True,9.98792270531401,test
lvis:1490:85:112,lvis,1490,val2017/000000001490.jpg,85,beetle,beetle,True,0,1,0.2517147958278656,360.3785,115.8736,577.1775,248.5459,0.0,False,True,9.98792270531401,test
lvis:1490:85:112,lvis,1490,val2017/000000001490.jpg,85,beetle,beetle,True,0,2,0.23140165209770203,397.3975,118.0411,503.5904,242.4356,0.0,False,True,9.98792270531401,test
lvis:1490:85:112,lvis,1490,val2017/000000001490.jpg,85,beetle,beetle,True,0,3,0.15405263006687164,397.9165,176.7721,453.181,222.7534,0.0,False,True,0.0,test
lvis:1490:85:112,lvis,1490,val2017/000000001490.jpg,85,beetle,beetle,True,0,4,0.14838071167469025,357.1582,62.9656,374.6344,76.3339,0.0,False,True,0.0,test
lvis:1490:85:112,lvis,1490,val2017/000000001490.jpg,85,beetle,beetle,True,0,5,0.1476387083530426,360.1551,229.2958,578.2228,247.8227,0.0,False,True,0.0,test
lvis:1490:85:112,lvis,1490,val2017/000000001490.jpg,85,beetle,beetle,True,0,6,0.12123880535364151,431.9139,109.1949,521.8132,248.7524,0.0,False,True,0.0,test
lvis:1490:85:112,lvis,1490,val2017/000000001490.jpg,85,beetle,beetle,True,0,7,0.10633543133735657,318.4134,69.3544,326.943,77.5346,0.0,False,True,0.0,test
lvis:1490:85:112,lvis,1490,val2017/000000001490.jpg,85,beetle,beetle,True,0,8,0.09920530021190643,244.8335,66.0212,258.5317,77.049,0.0,False,True,0.0,test
lvis:1490:85:112,lvis,1490,val2017/000000001490.jpg,85,beetle,beetle,True,0,9,0.09099379181861877,485.1828,64.4127,506.3568,77.6927,0.0,False,True,0.0,test
lvis:1490:85:112,lvis,1490,val2017/000000001490.jpg,85,beetle,beetle,True,0,10,0.08145137131214142,357.8333,219.6177,582.1017,255.8914,0.0,False,True,0.0,test
lvis:1490:85:112,lvis,1490,val2017/000000001490.jpg,85,beetle,beetle,True,0,11,0.08116457611322403,-0.0854,61.8457,639.5674,81.3209,0.0,False,True,0.0,test
lvis:1490:85:112,lvis,1490,val2017/000000001490.jpg,85,beetle,beetle,True,0,12,0.07341380417346954,397.5827,158.0082,479.2452,222.5286,0.0,False,True,0.0,test
lvis:1490:85:112,lvis,1490,val2017/000000001490.jpg,85,beetle,beetle,True,0,13,0.06810794025659561,238.8118,63.4983,261.3831,78.746,0.0,False,True,0.0,test
lvis:1490:85:112,lvis,1490,val2017/000000001490.jpg,85,beetle,beetle,True,0,14,0.06624411791563034,315.6368,66.9825,328.8458,79.1868,0.0,False,True,0.0,test
lvis:1490:85:112,lvis,1490,val2017/000000001490.jpg,85,beetle,beetle,True,0,15,0.06428160518407822,2.7775,68.8014,637.015,308.9911,0.0,False,True,0.0,test
lvis:1490:85:112,lvis,1490,val2017/000000001490.jpg,85,beetle,beetle,True,0,16,0.0640873908996582,332.1852,70.554,341.2802,77.5449,0.0,False,True,0.0,test
lvis:1490:85:112,lvis,1490,val2017/000000001490.jpg,85,beetle,beetle,True,0,17,0.06382643431425095,360.3019,173.5265,577.2489,248.2168,0.0,False,True,0.0,test
lvis:1490:85:112,lvis,1490,val2017/000000001490.jpg,85,beetle,beetle,True,0,18,0.06192877143621445,345.771,86.1591,612.3217,265.3068,0.0,False,True,0.0,test
lvis:1490:85:112,lvis,1490,val2017/000000001490.jpg,85,beetle,beetle,True,0,19,0.06114836782217026,175.1064,63.3812,259.5106,78.0457,0.0,False,True,0.0,test
lvis:1490:85:112,lvis,1490,val2017/000000001490.jpg,85,beetle,beetle,True,0,20,0.06048761308193207,362.1147,117.6049,510.8099,245.8635,0.0,False,True,0.0,test
lvis:1490:85:112,lvis,1490,val2017/000000001490.jpg,85,beetle,beetle,True,0,21,0.052204445004463196,248.3863,69.2544,257.1825,76.7566,0.0,False,True,0.0,test
lvis:1490:85:112,lvis,1490,val2017/000000001490.jpg,85,beetle,beetle,True,0,22,0.05153297632932663,356.7162,106.337,584.9781,290.2333,0.0,False,True,0.0,test
lvis:1496:196:113,lvis,1496,train2017/000000001496.jpg,196,candy_bar,candy_bar,True,0,0,0.5594132542610168,90.7611,27.5629,405.2155,567.0203,0.0,False,True,9.98792270531401,test
lvis:1496:196:113,lvis,1496,train2017/000000001496.jpg,196,candy_bar,candy_bar,True,0,1,0.13315731287002563,514.1057,494.7208,551.5646,533.694,0.0,False,True,0.0,test
lvis:1496:196:113,lvis,1496,train2017/000000001496.jpg,196,candy_bar,candy_bar,True,0,2,0.1286049485206604,448.2188,473.9306,471.8903,495.2643,0.0,False,True,0.0,test
lvis:1496:196:113,lvis,1496,train2017/000000001496.jpg,196,candy_bar,candy_bar,True,0,3,0.11817704886198044,14.4065,15.435,598.0573,598.6335,0.0,False,True,0.0,test
lvis:1496:196:113,lvis,1496,train2017/000000001496.jpg,196,candy_bar,candy_bar,True,0,4,0.060986895114183426,484.2535,519.9827,513.7427,552.2824,0.0,False,True,0.0,test
lvis:1496:196:113,lvis,1496,train2017/000000001496.jpg,196,candy_bar,candy_bar,True,0,5,0.05027489364147186,221.6011,28.1099,268.8682,52.8737,0.0,False,True,0.0,test
lvis:1503:131:116,lvis,1503,val2017/000000001503.jpg,131,boom_microphone,boom_microphone,True,0,0,0.18007147312164307,161.6976,152.0345,315.3289,196.5935,0.0,False,True,0.0,test
lvis:1503:131:116,lvis,1503,val2017/000000001503.jpg,131,boom_microphone,boom_microphone,True,0,1,0.1741182804107666,126.1347,141.42,158.5741,173.6256,0.0,False,True,0.0,test
lvis:1503:131:116,lvis,1503,val2017/000000001503.jpg,131,boom_microphone,boom_microphone,True,0,2,0.17283780872821808,233.2224,131.6752,263.0533,157.6974,0.0,False,True,0.0,test
lvis:1503:131:116,lvis,1503,val2017/000000001503.jpg,131,boom_microphone,boom_microphone,True,0,3,0.16582120954990387,280.981,93.0564,319.964,152.2462,0.0,False,True,0.0,test
lvis:1503:131:116,lvis,1503,val2017/000000001503.jpg,131,boom_microphone,boom_microphone,True,0,4,0.13958917558193207,123.221,9.6251,243.8501,159.0484,0.0,False,True,0.0,test
lvis:1503:131:116,lvis,1503,val2017/000000001503.jpg,131,boom_microphone,boom_microphone,True,0,5,0.1319722980260849,-0.0213,98.4054,125.6187,238.728,0.0,False,True,0.0,test
lvis:1503:131:116,lvis,1503,val2017/000000001503.jpg,131,boom_microphone,boom_microphone,True,0,6,0.1159999743103981,294.975,93.0788,319.9601,151.9529,0.0,False,True,0.0,test
lvis:1503:131:116,lvis,1503,val2017/000000001503.jpg,131,boom_microphone,boom_microphone,True,0,7,0.11147817969322205,121.8682,178.5737,158.3972,199.9523,0.0,False,True,0.0,test
lvis:1503:131:116,lvis,1503,val2017/000000001503.jpg,131,boom_microphone,boom_microphone,True,0,8,0.10800133645534515,268.1833,3.9832,296.5447,102.0008,0.0,False,True,0.0,test
lvis:1503:131:116,lvis,1503,val2017/000000001503.jpg,131,boom_microphone,boom_microphone,True,0,9,0.10082761943340302,-0.0598,130.0861,319.9402,239.9484,0.0,False,True,0.0,test
lvis:1503:131:116,lvis,1503,val2017/000000001503.jpg,131,boom_microphone,boom_microphone,True,0,10,0.10030633956193924,232.7727,130.5206,300.5724,157.6404,0.0,False,True,0.0,test
lvis:1503:131:116,lvis,1503,val2017/000000001503.jpg,131,boom_microphone,boom_microphone,True,0,11,0.09769108146429062,124.0035,10.1804,238.9947,104.3801,0.0,False,True,0.0,test
lvis:1503:131:116,lvis,1503,val2017/000000001503.jpg,131,boom_microphone,boom_microphone,True,0,12,0.09768666326999664,306.7756,151.9131,319.9947,164.7627,0.0,False,True,0.0,test
lvis:1503:131:116,lvis,1503,val2017/000000001503.jpg,131,boom_microphone,boom_microphone,True,0,13,0.09745661169290543,64.2261,150.4179,85.5329,163.3322,0.0,False,True,0.0,test
lvis:1503:131:116,lvis,1503,val2017/000000001503.jpg,131,boom_microphone,boom_microphone,True,0,14,0.09489627927541733,96.1656,102.9183,121.2301,161.592,0.0,False,True,0.0,test
lvis:1503:131:116,lvis,1503,val2017/000000001503.jpg,131,boom_microphone,boom_microphone,True,0,15,0.08993823826313019,268.7304,4.2287,296.3857,19.7647,0.0,False,True,0.0,test
lvis:1503:131:116,lvis,1503,val2017/000000001503.jpg,131,boom_microphone,boom_microphone,True,0,16,0.07886745780706406,233.3193,93.3951,319.9704,158.0427,0.0,False,True,0.0,test
lvis:1503:131:116,lvis,1503,val2017/000000001503.jpg,131,boom_microphone,boom_microphone,True,0,17,0.07852493226528168,306.8591,120.0588,319.9902,164.84,0.0,False,True,0.0,test
lvis:1503:131:116,lvis,1503,val2017/000000001503.jpg,131,boom_microphone,boom_microphone,True,0,18,0.07576289772987366,306.6648,86.5091,320.0045,165.7537,0.0,False,True,0.0,test
lvis:1503:131:116,lvis,1503,val2017/000000001503.jpg,131,boom_microphone,boom_microphone,True,0,19,0.07549429684877396,306.8136,141.7561,319.9789,164.8221,0.0,False,True,0.0,test
lvis:1503:131:116,lvis,1503,val2017/000000001503.jpg,131,boom_microphone,boom_microphone,True,0,20,0.06900954246520996,190.4344,100.1418,296.3907,146.9586,0.0,False,True,0.0,test
lvis:1503:131:116,lvis,1503,val2017/000000001503.jpg,131,boom_microphone,boom_microphone,True,0,21,0.0667804479598999,268.6253,3.8922,296.3839,32.2697,0.0,False,True,0.0,test
lvis:1503:131:116,lvis,1503,val2017/000000001503.jpg,131,boom_microphone,boom_microphone,True,0,22,0.0633462518453598,281.1693,93.2872,319.6432,122.7043,0.0,False,True,0.0,test
lvis:1503:131:116,lvis,1503,val2017/000000001503.jpg,131,boom_microphone,boom_microphone,True,0,23,0.06256487965583801,108.5876,111.2427,115.6438,117.5667,0.0,False,True,0.0,test
lvis:1503:131:116,lvis,1503,val2017/000000001503.jpg,131,boom_microphone,boom_microphone,True,0,24,0.06116267666220665,87.6139,118.7422,99.156,140.7246,0.0,False,True,0.0,test
lvis:1503:131:116,lvis,1503,val2017/000000001503.jpg,131,boom_microphone,boom_microphone,True,0,25,0.059872113168239594,119.3675,135.0474,165.7416,179.9206,0.0,False,True,0.0,test
lvis:1503:131:116,lvis,1503,val2017/000000001503.jpg,131,boom_microphone,boom_microphone,True,0,26,0.05579914525151253,176.2094,120.9409,186.2891,132.1283,0.0,False,True,0.0,test
lvis:1503:131:116,lvis,1503,val2017/000000001503.jpg,131,boom_microphone,boom_microphone,True,0,27,0.05498916655778885,118.934,129.4622,134.2007,140.423,0.0,False,True,0.0,test
lvis:1503:131:116,lvis,1503,val2017/000000001503.jpg,131,boom_microphone,boom_microphone,True,0,28,0.052989743649959564,306.8461,151.2413,319.9969,176.8459,0.0,False,True,0.0,test
lvis:1503:131:116,lvis,1503,val2017/000000001503.jpg,131,boom_microphone,boom_microphone,True,0,29,0.05173472687602043,295.1452,92.8765,317.9711,110.4296,0.0,False,True,0.0,test
lvis:1505:942:118,lvis,1505,train2017/000000001505.jpg,942,shears,shears,True,0,0,0.41138309240341187,148.1454,257.9244,215.3911,326.1819,0.0,False,True,9.98792270531401,test
lvis:1505:942:118,lvis,1505,train2017/000000001505.jpg,942,shears,shears,True,0,1,0.31461775302886963,156.285,289.2715,184.5169,298.7187,0.0,False,True,9.98792270531401,test
lvis:1505:942:118,lvis,1505,train2017/000000001505.jpg,942,shears,shears,True,0,2,0.25696831941604614,156.382,288.8733,196.0491,298.459,0.0,False,True,9.98792270531401,test
lvis:1505:942:118,lvis,1505,train2017/000000001505.jpg,942,shears,shears,True,0,3,0.1612038016319275,3.0226,9.2977,425.1311,637.494,0.0,False,True,0.0,test
lvis:1505:942:118,lvis,1505,train2017/000000001505.jpg,942,shears,shears,True,0,4,0.14244034886360168,310.6176,276.9181,339.6932,344.9281,0.0,False,True,0.0,test
lvis:1505:942:118,lvis,1505,train2017/000000001505.jpg,942,shears,shears,True,0,5,0.12574689090251923,177.6469,266.5817,185.9811,321.5261,0.0,False,True,0.0,test
lvis:1505:942:118,lvis,1505,train2017/000000001505.jpg,942,shears,shears,True,0,6,0.11103295534849167,156.0983,266.1054,207.1627,320.0853,0.0,False,True,0.0,test
lvis:1505:942:118,lvis,1505,train2017/000000001505.jpg,942,shears,shears,True,0,7,0.10507503896951675,136.1592,246.9593,226.7219,337.975,0.0,False,True,0.0,test
lvis:1505:942:118,lvis,1505,train2017/000000001505.jpg,942,shears,shears,True,0,8,0.10205572098493576,194.7833,9.8632,246.4233,72.7109,0.0,False,True,0.0,test
lvis:1505:942:118,lvis,1505,train2017/000000001505.jpg,942,shears,shears,True,0,9,0.10065099596977234,178.507,289.2026,185.8263,321.2749,0.0,False,True,0.0,test
lvis:1505:942:118,lvis,1505,train2017/000000001505.jpg,942,shears,shears,True,0,10,0.08960490673780441,155.3082,287.7364,186.9338,320.7662,0.0,False,True,0.0,test
lvis:1505:942:118,lvis,1505,train2017/000000001505.jpg,942,shears,shears,True,0,11,0.0892970934510231,167.7041,268.0839,187.1621,321.3046,0.0,False,True,0.0,test
lvis:1505:942:118,lvis,1505,train2017/000000001505.jpg,942,shears,shears,True,0,12,0.08327881991863251,154.1674,282.9661,206.7004,304.3884,0.0,False,True,0.0,test
lvis:1505:942:118,lvis,1505,train2017/000000001505.jpg,942,shears,shears,True,0,13,0.08222129940986633,44.131,10.2103,413.4739,505.2975,0.0,False,True,0.0,test
lvis:1505:942:118,lvis,1505,train2017/000000001505.jpg,942,shears,shears,True,0,14,0.07503289729356766,314.7408,290.7232,331.8022,332.0644,0.0,False,True,0.0,test
lvis:1505:942:118,lvis,1505,train2017/000000001505.jpg,942,shears,shears,True,0,15,0.07377225160598755,155.4322,287.5775,203.8125,319.0711,0.0,False,True,0.0,test
lvis:1505:942:118,lvis,1505,train2017/000000001505.jpg,942,shears,shears,True,0,16,0.06723770499229431,157.5003,273.1902,208.2583,298.6552,0.0,False,True,0.0,test
lvis:1505:942:118,lvis,1505,train2017/000000001505.jpg,942,shears,shears,True,0,17,0.06535646319389343,259.1988,168.1409,274.1259,179.9695,0.0,False,True,0.0,test
lvis:1505:942:118,lvis,1505,train2017/000000001505.jpg,942,shears,shears,True,0,18,0.06511684507131577,155.6879,286.6789,195.6207,301.5859,0.0,False,True,0.0,test
lvis:1505:942:118,lvis,1505,train2017/000000001505.jpg,942,shears,shears,True,0,19,0.05826384201645851,154.6816,268.1376,184.8836,321.6574,0.0,False,True,0.0,test
lvis:1505:942:118,lvis,1505,train2017/000000001505.jpg,942,shears,shears,True,0,20,0.05708347260951996,173.4635,285.4965,190.5096,322.3822,0.0,False,True,0.0,test
lvis:1505:942:118,lvis,1505,train2017/000000001505.jpg,942,shears,shears,True,0,21,0.055596258491277695,45.6074,158.7516,414.3299,508.7109,0.0,False,True,0.0,test
lvis:1507:291:120,lvis,1507,train2017/000000001507.jpg,291,coloring_material,coloring_material,True,0,0,0.3022572696208954,325.701,123.9899,610.5178,526.9822,0.0,False,True,9.98792270531401,test
lvis:1507:291:120,lvis,1507,train2017/000000001507.jpg,291,coloring_material,coloring_material,True,0,1,0.2998441457748413,298.5139,26.0644,610.4402,193.9203,0.0,False,True,9.98792270531401,test
lvis:1507:291:120,lvis,1507,train2017/000000001507.jpg,291,coloring_material,coloring_material,True,0,2,0.2494073361158371,1.281,51.1968,315.4658,389.2762,0.0,False,True,9.98792270531401,test
lvis:1507:291:120,lvis,1507,train2017/000000001507.jpg,291,coloring_material,coloring_material,True,0,3,0.19938011467456818,2.6514,70.9424,289.27,271.6253,0.0,False,True,9.98792270531401,test
lvis:1507:291:120,lvis,1507,train2017/000000001507.jpg,291,coloring_material,coloring_material,True,0,4,0.17717145383358002,326.1082,426.0865,537.778,512.9509,0.0,False,True,0.0,test
lvis:1507:291:120,lvis,1507,train2017/000000001507.jpg,291,coloring_material,coloring_material,True,0,5,0.1699741631746292,2.1242,26.4009,609.8929,607.6176,0.0,False,True,0.0,test
lvis:1507:291:120,lvis,1507,train2017/000000001507.jpg,291,coloring_material,coloring_material,True,0,6,0.1542021930217743,318.5741,49.9097,591.754,181.9391,0.0,False,True,0.0,test
lvis:1507:291:120,lvis,1507,train2017/000000001507.jpg,291,coloring_material,coloring_material,True,0,7,0.13148187100887299,326.1689,265.1692,610.4008,526.4318,0.0,False,True,0.0,test
lvis:1507:291:120,lvis,1507,train2017/000000001507.jpg,291,coloring_material,coloring_material,True,0,8,0.11936744302511215,377.0273,26.4003,609.8955,116.703,0.0,False,True,0.0,test
lvis:1507:291:120,lvis,1507,train2017/000000001507.jpg,291,coloring_material,coloring_material,True,0,9,0.1085641086101532,372.296,124.1468,608.0477,394.2095,0.0,False,True,0.0,test
lvis:1507:291:120,lvis,1507,train2017/000000001507.jpg,291,coloring_material,coloring_material,True,0,10,0.10678493231534958,0.8318,319.7517,255.2102,609.4512,0.0,False,True,0.0,test
lvis:1507:291:120,lvis,1507,train2017/000000001507.jpg,291,coloring_material,coloring_material,True,0,11,0.10537759959697723,0.83,320.757,191.7319,557.6669,0.0,False,True,0.0,test
lvis:1507:291:120,lvis,1507,train2017/000000001507.jpg,291,coloring_material,coloring_material,True,0,12,0.1028577908873558,376.5558,26.7625,610.5526,182.761,0.0,False,True,0.0,test
lvis:1507:291:120,lvis,1507,train2017/000000001507.jpg,291,coloring_material,coloring_material,True,0,13,0.10172922909259796,319.225,54.867,400.0892,104.1234,0.0,False,True,0.0,test
lvis:1507:291:120,lvis,1507,train2017/000000001507.jpg,291,coloring_material,coloring_material,True,0,14,0.08549800515174866,325.8705,425.4046,609.5081,528.9034,0.0,False,True,0.0,test
lvis:1507:291:120,lvis,1507,train2017/000000001507.jpg,291,coloring_material,coloring_material,True,0,15,0.06471206247806549,37.5161,418.122,191.0942,556.7091,0.0,False,True,0.0,test
lvis:1507:291:120,lvis,1507,train2017/000000001507.jpg,291,coloring_material,coloring_material,True,0,16,0.06282012164592743,197.1458,0.183,351.0811,96.0156,0.0,False,True,0.0,test
lvis:1507:291:120,lvis,1507,train2017/000000001507.jpg,291,coloring_material,coloring_material,True,0,17,0.061886318027973175,377.3527,25.9458,599.9731,66.1278,0.0,False,True,0.0,test
lvis:1507:291:120,lvis,1507,train2017/000000001507.jpg,291,coloring_material,coloring_material,True,0,18,0.06151726841926575,151.5803,119.315,609.8618,608.2482,0.0,False,True,0.0,test
lvis:1507:291:120,lvis,1507,train2017/000000001507.jpg,291,coloring_material,coloring_material,True,0,19,0.05310554429888725,459.4456,33.5672,605.0995,109.5745,0.0,False,True,0.0,test
lvis:1507:291:120,lvis,1507,train2017/000000001507.jpg,291,coloring_material,coloring_material,True,0,20,0.0522816963493824,1.2224,51.5592,315.1783,608.0417,0.0,False,True,0.0,test
lvis:1522:1012:121,lvis,1522,train2017/000000001522.jpg,1012,stepladder,stepladder,True,0,0,0.3499283194541931,29.4744,77.132,422.1162,362.7348,0.0,False,True,9.98792270531401,test
lvis:1522:1012:121,lvis,1522,train2017/000000001522.jpg,1012,stepladder,stepladder,True,0,1,0.24549990892410278,413.4009,189.6436,497.8437,253.458,0.0,False,True,9.98792270531401,test
lvis:1522:1012:121,lvis,1522,train2017/000000001522.jpg,1012,stepladder,stepladder,True,0,2,0.21105901896953583,438.7847,191.6893,498.88,253.8572,0.0,False,True,9.98792270531401,test
lvis:1522:1012:121,lvis,1522,train2017/000000001522.jpg,1012,stepladder,stepladder,True,0,3,0.1963563859462738,1.2115,145.203,497.9095,253.4913,0.0,False,True,9.98792270531401,test
lvis:1522:1012:121,lvis,1522,train2017/000000001522.jpg,1012,stepladder,stepladder,True,0,4,0.18232184648513794,413.3986,191.924,475.5372,252.1192,0.0,False,True,0.0,test
lvis:1522:1012:121,lvis,1522,train2017/000000001522.jpg,1012,stepladder,stepladder,True,0,5,0.15555353462696075,6.5351,35.4963,494.2927,368.6974,0.0,False,True,0.0,test
lvis:1522:1012:121,lvis,1522,train2017/000000001522.jpg,1012,stepladder,stepladder,True,0,6,0.14578641951084137,415.0457,193.0328,467.366,215.7509,0.0,False,True,0.0,test
lvis:1522:1012:121,lvis,1522,train2017/000000001522.jpg,1012,stepladder,stepladder,True,0,7,0.12756851315498352,414.3359,181.8456,468.6569,216.0647,0.0,False,True,0.0,test
lvis:1522:1012:121,lvis,1522,train2017/000000001522.jpg,1012,stepladder,stepladder,True,0,8,0.11624262481927872,2.1371,142.5019,497.5609,367.627,0.0,False,True,0.0,test
lvis:1522:1012:121,lvis,1522,train2017/000000001522.jpg,1012,stepladder,stepladder,True,0,9,0.11267630010843277,1.0495,251.5604,498.9007,373.25,0.0,False,True,0.0,test
lvis:1522:1012:121,lvis,1522,train2017/000000001522.jpg,1012,stepladder,stepladder,True,0,10,0.11237366497516632,0.5282,144.5113,89.1675,219.8651,0.0,False,True,0.0,test
lvis:1522:1012:121,lvis,1522,train2017/000000001522.jpg,1012,stepladder,stepladder,True,0,11,0.11044545471668243,413.2658,213.7843,495.1229,253.0525,0.0,False,True,0.0,test
lvis:1522:1012:121,lvis,1522,train2017/000000001522.jpg,1012,stepladder,stepladder,True,0,12,0.0914178267121315,14.3042,70.0273,476.8882,301.4626,0.0,False,True,0.0,test
lvis:1522:1012:121,lvis,1522,train2017/000000001522.jpg,1012,stepladder,stepladder,True,0,13,0.08443178981542587,0.4826,143.7901,88.4805,195.9401,0.0,False,True,0.0,test
lvis:1522:1012:121,lvis,1522,train2017/000000001522.jpg,1012,stepladder,stepladder,True,0,14,0.08066824823617935,413.2919,180.2986,474.8697,227.5944,0.0,False,True,0.0,test
lvis:1522:1012:121,lvis,1522,train2017/000000001522.jpg,1012,stepladder,stepladder,True,0,15,0.07944644242525101,0.4012,144.8065,88.6964,166.3812,0.0,False,True,0.0,test
lvis:1522:1012:121,lvis,1522,train2017/000000001522.jpg,1012,stepladder,stepladder,True,0,16,0.06901414692401886,1.5848,94.1442,496.4384,255.3614,0.0,False,True,0.0,test
lvis:1522:1012:121,lvis,1522,train2017/000000001522.jpg,1012,stepladder,stepladder,True,0,17,0.06892938166856766,0.5062,142.6897,88.8223,181.0251,0.0,False,True,0.0,test
lvis:1522:1012:121,lvis,1522,train2017/000000001522.jpg,1012,stepladder,stepladder,True,0,18,0.06582491844892502,1.7246,47.2702,168.9204,165.6525,0.0,False,True,0.0,test
lvis:1522:1012:121,lvis,1522,train2017/000000001522.jpg,1012,stepladder,stepladder,True,0,19,0.06540220975875854,403.9717,159.2141,497.8982,267.0626,0.0,False,True,0.0,test
lvis:1522:1012:121,lvis,1522,train2017/000000001522.jpg,1012,stepladder,stepladder,True,0,20,0.06175724416971207,0.6096,144.1736,89.3443,255.9004,0.0,False,True,0.0,test
lvis:1522:1012:121,lvis,1522,train2017/000000001522.jpg,1012,stepladder,stepladder,True,0,21,0.06034785136580467,2.0356,2.3642,497.5052,256.0916,0.0,False,True,0.0,test
lvis:1522:1012:121,lvis,1522,train2017/000000001522.jpg,1012,stepladder,stepladder,True,0,22,0.0503181554377079,23.0092,136.6916,440.5231,298.5756,0.0,False,True,0.0,test
lvis:1522:1129:122,lvis,1522,train2017/000000001522.jpg,1129,turnip,turnip,True,0,0,0.5950207710266113,30.3694,76.7598,419.7842,361.93,0.0,False,True,9.98792270531401,test
lvis:1522:1129:122,lvis,1522,train2017/000000001522.jpg,1129,turnip,turnip,True,0,1,0.12466292083263397,194.7312,176.1916,224.6431,194.3552,0.0,False,True,0.0,test
lvis:1522:1129:122,lvis,1522,train2017/000000001522.jpg,1129,turnip,turnip,True,0,2,0.10829140245914459,33.9026,254.0063,77.4228,296.878,0.0,False,True,0.0,test
lvis:1522:1129:122,lvis,1522,train2017/000000001522.jpg,1129,turnip,turnip,True,0,3,0.09139009565114975,137.9062,233.1571,162.8559,262.0838,0.0,False,True,0.0,test
lvis:1522:1129:122,lvis,1522,train2017/000000001522.jpg,1129,turnip,turnip,True,0,4,0.0753832459449768,122.7409,254.1931,142.1261,276.4172,0.0,False,True,0.0,test
lvis:1522:1129:122,lvis,1522,train2017/000000001522.jpg,1129,turnip,turnip,True,0,5,0.0670328438282013,66.9993,77.0244,403.6119,207.4035,0.0,False,True,0.0,test
lvis:1522:1129:122,lvis,1522,train2017/000000001522.jpg,1129,turnip,turnip,True,0,6,0.06495684385299683,389.4854,0.0391,416.0725,24.8578,0.0,False,True,0.0,test
lvis:1522:1129:122,lvis,1522,train2017/000000001522.jpg,1129,turnip,turnip,True,0,7,0.06159569323062897,239.2804,182.0878,260.4555,196.6674,0.0,False,True,0.0,test
lvis:1522:1129:122,lvis,1522,train2017/000000001522.jpg,1129,turnip,turnip,True,0,8,0.06107156351208687,132.927,318.3244,150.7215,334.7906,0.0,False,True,0.0,test
lvis:1522:1129:122,lvis,1522,train2017/000000001522.jpg,1129,turnip,turnip,True,0,9,0.060690466314554214,190.0189,170.8734,232.9697,202.4032,0.0,False,True,0.0,test
lvis:1522:1129:122,lvis,1522,train2017/000000001522.jpg,1129,turnip,turnip,True,0,10,0.058903396129608154,31.0336,199.0093,81.4321,297.3502,0.0,False,True,0.0,test
lvis:1522:1129:122,lvis,1522,train2017/000000001522.jpg,1129,turnip,turnip,True,0,11,0.05706113204360008,192.2815,173.4502,268.9633,204.1547,0.0,False,True,0.0,test
lvis:1522:1129:122,lvis,1522,train2017/000000001522.jpg,1129,turnip,turnip,True,0,12,0.056981611996889114,67.1873,127.5763,398.184,347.0069,0.0,False,True,0.0,test
lvis:1522:1129:122,lvis,1522,train2017/000000001522.jpg,1129,turnip,turnip,True,0,13,0.05182497203350067,156.1278,279.2445,170.0401,302.9106,0.0,False,True,0.0,test
lvis:1522:1129:122,lvis,1522,train2017/000000001522.jpg,1129,turnip,turnip,True,0,14,0.05017593130469322,294.0667,140.057,310.0955,154.4963,0.0,False,True,0.0,test
lvis:1523:693:123,lvis,1523,train2017/000000001523.jpg,693,mint_candy,mint_candy,True,0,0,0.3844488561153412,95.4308,79.0717,629.2308,386.0899,0.0,False,True,9.98792270531401,test
lvis:1523:693:123,lvis,1523,train2017/000000001523.jpg,693,mint_candy,mint_candy,True,0,1,0.22561898827552795,496.9283,144.9745,545.3363,170.9762,0.0,False,True,9.98792270531401,test
lvis:1523:693:123,lvis,1523,train2017/000000001523.jpg,693,mint_candy,mint_candy,True,0,2,0.20307226479053497,499.5267,147.1312,542.9222,163.6344,0.0,False,True,9.98792270531401,test
lvis:1523:693:123,lvis,1523,train2017/000000001523.jpg,693,mint_candy,mint_candy,True,0,3,0.1764158010482788,120.505,197.912,222.1225,220.3243,0.0,False,True,0.0,test
lvis:1523:693:123,lvis,1523,train2017/000000001523.jpg,693,mint_candy,mint_candy,True,0,4,0.1198374480009079,192.0048,304.0849,238.0157,321.1681,0.0,False,True,0.0,test
lvis:1523:693:123,lvis,1523,train2017/000000001523.jpg,693,mint_candy,mint_candy,True,0,5,0.11534395813941956,421.0184,185.8318,595.8835,229.5458,0.0,False,True,0.0,test
lvis:1523:693:123,lvis,1523,train2017/000000001523.jpg,693,mint_candy,mint_candy,True,0,6,0.10916421562433243,277.3293,180.786,346.2193,210.8243,0.0,False,True,0.0,test
lvis:1523:693:123,lvis,1523,train2017/000000001523.jpg,693,mint_candy,mint_candy,True,0,7,0.1091466173529625,394.7301,192.8579,410.4624,231.6938,0.0,False,True,0.0,test
lvis:1523:693:123,lvis,1523,train2017/000000001523.jpg,693,mint_candy,mint_candy,True,0,8,0.10393328964710236,500.5233,148.742,522.2335,162.4383,0.0,False,True,0.0,test
lvis:1523:693:123,lvis,1523,train2017/000000001523.jpg,693,mint_candy,mint_candy,True,0,9,0.08650277554988861,95.9646,79.9037,369.1454,385.356,0.0,False,True,0.0,test
lvis:1523:693:123,lvis,1523,train2017/000000001523.jpg,693,mint_candy,mint_candy,True,0,10,0.0864773616194725,496.9455,159.8756,544.3284,170.9325,0.0,False,True,0.0,test
lvis:1523:693:123,lvis,1523,train2017/000000001523.jpg,693,mint_candy,mint_candy,True,0,11,0.07830255478620529,273.808,215.5509,303.6897,242.1627,0.0,False,True,0.0,test
lvis:1523:693:123,lvis,1523,train2017/000000001523.jpg,693,mint_candy,mint_candy,True,0,12,0.07676458358764648,246.8208,135.4947,260.308,179.0599,0.0,False,True,0.0,test
lvis:1523:693:123,lvis,1523,train2017/000000001523.jpg,693,mint_candy,mint_candy,True,0,13,0.0712752714753151,383.28,139.3853,596.647,230.8855,0.0,False,True,0.0,test
lvis:1523:693:123,lvis,1523,train2017/000000001523.jpg,693,mint_candy,mint_candy,True,0,14,0.06600812822580338,154.2508,223.0627,181.2976,258.3141,0.0,False,True,0.0,test
lvis:1523:693:123,lvis,1523,train2017/000000001523.jpg,693,mint_candy,mint_candy,True,0,15,0.0652179941534996,524.6838,147.6641,540.8766,163.4059,0.0,False,True,0.0,test
lvis:1523:693:123,lvis,1523,train2017/000000001523.jpg,693,mint_candy,mint_candy,True,0,16,0.057095177471637726,382.2231,138.233,624.8956,254.4334,0.0,False,True,0.0,test
lvis:1523:693:123,lvis,1523,train2017/000000001523.jpg,693,mint_candy,mint_candy,True,0,17,0.05647015944123268,186.5043,298.6232,243.7354,327.3856,0.0,False,True,0.0,test
lvis:1523:693:123,lvis,1523,train2017/000000001523.jpg,693,mint_candy,mint_candy,True,0,18,0.05578676238656044,587.5618,137.4556,639.2078,215.2404,0.0,False,True,0.0,test
lvis:1523:693:123,lvis,1523,train2017/000000001523.jpg,693,mint_candy,mint_candy,True,0,19,0.05431670323014259,273.9462,228.4955,302.8171,241.4408,0.0,False,True,0.0,test
lvis:1523:693:123,lvis,1523,train2017/000000001523.jpg,693,mint_candy,mint_candy,True,0,20,0.05270681902766228,443.9372,265.0602,527.0522,322.1885,0.0,False,True,0.0,test
lvis:1523:693:123,lvis,1523,train2017/000000001523.jpg,693,mint_candy,mint_candy,True,0,21,0.052477266639471054,272.8662,179.8397,346.1694,242.4486,0.0,False,True,0.0,test
lvis:1523:693:123,lvis,1523,train2017/000000001523.jpg,693,mint_candy,mint_candy,True,0,22,0.05230686813592911,483.4348,130.3481,563.4281,182.2015,0.0,False,True,0.0,test
lvis:1523:693:123,lvis,1523,train2017/000000001523.jpg,693,mint_candy,mint_candy,True,0,23,0.051504991948604584,180.0117,80.212,225.9238,100.1903,0.0,False,True,0.0,test
lvis:1532:364:125,lvis,1532,val2017/000000001532.jpg,364,diary,diary,True,0,0,0.39016643166542053,70.8312,211.9229,290.5114,290.7593,0.0,False,True,9.98792270531401,test
lvis:1532:364:125,lvis,1532,val2017/000000001532.jpg,364,diary,diary,True,0,1,0.28523173928260803,414.9113,195.6944,507.8712,271.9727,0.0,False,True,9.98792270531401,test
lvis:1532:364:125,lvis,1532,val2017/000000001532.jpg,364,diary,diary,True,0,2,0.26844239234924316,307.1193,202.9534,409.2648,277.3105,0.0,False,True,9.98792270531401,test
lvis:1532:364:125,lvis,1532,val2017/000000001532.jpg,364,diary,diary,True,0,3,0.24039112031459808,223.6513,355.602,422.037,478.6698,0.0,False,True,9.98792270531401,test
lvis:1532:364:125,lvis,1532,val2017/000000001532.jpg,364,diary,diary,True,0,4,0.17051221430301666,589.3956,301.9169,630.0986,351.2588,0.0,False,True,0.0,test
lvis:1532:364:125,lvis,1532,val2017/000000001532.jpg,364,diary,diary,True,0,5,0.1671767681837082,69.7434,195.41,510.4579,290.9625,0.0,False,True,0.0,test
lvis:1532:364:125,lvis,1532,val2017/000000001532.jpg,364,diary,diary,True,0,6,0.1406153440475464,0.2964,370.9623,115.2137,478.7844,0.0,False,True,0.0,test
lvis:1532:364:125,lvis,1532,val2017/000000001532.jpg,364,diary,diary,True,0,7,0.13307170569896698,104.5105,369.1234,183.9294,439.2905,0.0,False,True,0.0,test
lvis:1532:364:125,lvis,1532,val2017/000000001532.jpg,364,diary,diary,True,0,8,0.12157777696847916,213.6931,159.7111,236.8947,206.2963,0.0,False,True,0.0,test
lvis:1532:364:125,lvis,1532,val2017/000000001532.jpg,364,diary,diary,True,0,9,0.1209884062409401,280.4115,406.7189,367.0631,478.5084,0.0,False,True,0.0,test
lvis:1532:364:125,lvis,1532,val2017/000000001532.jpg,364,diary,diary,True,0,10,0.09768982976675034,426.1963,396.2838,491.0633,452.3802,0.0,False,True,0.0,test
lvis:1532:364:125,lvis,1532,val2017/000000001532.jpg,364,diary,diary,True,0,11,0.0972730964422226,2.0853,133.112,637.3604,477.0367,0.0,False,True,0.0,test
lvis:1532:364:125,lvis,1532,val2017/000000001532.jpg,364,diary,diary,True,0,12,0.09398742020130157,500.2148,389.9633,549.5465,444.2299,0.0,False,True,0.0,test
lvis:1532:364:125,lvis,1532,val2017/000000001532.jpg,364,diary,diary,True,0,13,0.08906574547290802,483.7419,382.3194,505.242,401.8955,0.0,False,True,0.0,test
lvis:1532:364:125,lvis,1532,val2017/000000001532.jpg,364,diary,diary,True,0,14,0.0804658904671669,475.97,356.2345,510.7416,373.2746,0.0,False,True,0.0,test
lvis:1532:364:125,lvis,1532,val2017/000000001532.jpg,364,diary,diary,True,0,15,0.07721474766731262,306.3384,195.4464,508.6202,277.8253,0.0,False,True,0.0,test
lvis:1532:364:125,lvis,1532,val2017/000000001532.jpg,364,diary,diary,True,0,16,0.07467833906412125,511.3768,355.6256,555.171,372.8974,0.0,False,True,0.0,test
lvis:1532:364:125,lvis,1532,val2017/000000001532.jpg,364,diary,diary,True,0,17,0.07029866427183151,575.2059,415.7899,623.2227,467.3853,0.0,False,True,0.0,test
lvis:1532:364:125,lvis,1532,val2017/000000001532.jpg,364,diary,diary,True,0,18,0.06891164928674698,475.7681,355.1086,555.6115,373.7897,0.0,False,True,0.0,test
lvis:1532:364:125,lvis,1532,val2017/000000001532.jpg,364,diary,diary,True,0,19,0.06734072417020798,52.5662,173.0491,554.2935,317.9918,0.0,False,True,0.0,test
lvis:1532:364:125,lvis,1532,val2017/000000001532.jpg,364,diary,diary,True,0,20,0.06230336055159569,246.4452,438.075,282.4811,459.9529,0.0,False,True,0.0,test
lvis:1532:364:125,lvis,1532,val2017/000000001532.jpg,364,diary,diary,True,0,21,0.058650437742471695,344.6889,392.1594,377.2788,420.8081,0.0,False,True,0.0,test
lvis:1532:364:125,lvis,1532,val2017/000000001532.jpg,364,diary,diary,True,0,22,0.05711261183023453,204.121,131.841,237.7125,211.8101,0.0,False,True,0.0,test
lvis:1532:364:125,lvis,1532,val2017/000000001532.jpg,364,diary,diary,True,0,23,0.05450640991330147,200.4268,399.9615,242.0557,428.1346,0.0,False,True,0.0,test
lvis:1532:364:125,lvis,1532,val2017/000000001532.jpg,364,diary,diary,True,0,24,0.05444370582699776,404.5142,397.8862,428.8691,428.3839,0.0,False,True,0.0,test
lvis:1532:416:126,lvis,1532,val2017/000000001532.jpg,416,egg_roll,egg_roll,True,0,0,0.3167010545730591,70.8686,212.0219,290.5801,290.6893,0.0,False,True,9.98792270531401,test
lvis:1532:416:126,lvis,1532,val2017/000000001532.jpg,416,egg_roll,egg_roll,True,0,1,0.24642764031887054,223.6578,355.7357,422.1512,478.685,0.0,False,True,9.98792270531401,test
lvis:1532:416:126,lvis,1532,val2017/000000001532.jpg,416,egg_roll,egg_roll,True,0,2,0.21916264295578003,104.5042,369.241,183.6835,439.4637,0.0,False,True,9.98792270531401,test
lvis:1532:416:126,lvis,1532,val2017/000000001532.jpg,416,egg_roll,egg_roll,True,0,3,0.20674611628055573,307.2463,203.2579,409.279,277.2424,0.0,False,True,9.98792270531401,test
lvis:1532:416:126,lvis,1532,val2017/000000001532.jpg,416,egg_roll,egg_roll,True,0,4,0.20564791560173035,415.0683,195.9745,507.7411,271.929,0.0,False,True,9.98792270531401,test
lvis:1532:416:126,lvis,1532,val2017/000000001532.jpg,416,egg_roll,egg_roll,True,0,5,0.19610363245010376,0.3523,371.0433,115.03,478.8696,0.0,False,True,9.98792270531401,test
lvis:1532:416:126,lvis,1532,val2017/000000001532.jpg,416,egg_roll,egg_roll,True,0,6,0.13028891384601593,589.5185,302.2291,629.9749,351.2874,0.0,False,True,0.0,test
lvis:1532:416:126,lvis,1532,val2017/000000001532.jpg,416,egg_roll,egg_roll,True,0,7,0.1221528872847557,280.4614,406.697,367.1941,478.4912,0.0,False,True,0.0,test
lvis:1532:416:126,lvis,1532,val2017/000000001532.jpg,416,egg_roll,egg_roll,True,0,8,0.11570440232753754,426.163,396.4407,490.995,452.4816,0.0,False,True,0.0,test
lvis:1532:416:126,lvis,1532,val2017/000000001532.jpg,416,egg_roll,egg_roll,True,0,9,0.11274772137403488,500.2221,389.6711,549.5669,444.1944,0.0,False,True,0.0,test
lvis:1532:416:126,lvis,1532,val2017/000000001532.jpg,416,egg_roll,egg_roll,True,0,10,0.10119591653347015,69.8454,195.7691,509.7054,290.8044,0.0,False,True,0.0,test
lvis:1532:416:126,lvis,1532,val2017/000000001532.jpg,416,egg_roll,egg_roll,True,0,11,0.09349549561738968,228.939,232.1909,261.7621,256.9434,0.0,False,True,0.0,test
lvis:1532:416:126,lvis,1532,val2017/000000001532.jpg,416,egg_roll,egg_roll,True,0,12,0.09027142077684402,246.2945,438.9601,282.5741,459.5052,0.0,False,True,0.0,test
lvis:1532:416:126,lvis,1532,val2017/000000001532.jpg,416,egg_roll,egg_roll,True,0,13,0.08842042088508606,13.7559,371.7533,55.1778,384.0967,0.0,False,True,0.0,test
lvis:1532:416:126,lvis,1532,val2017/000000001532.jpg,416,egg_roll,egg_roll,True,0,14,0.08399787545204163,94.585,242.0422,124.0143,265.6271,0.0,False,True,0.0,test
lvis:1532:416:126,lvis,1532,val2017/000000001532.jpg,416,egg_roll,egg_roll,True,0,15,0.07197745889425278,213.902,159.8166,236.7984,206.2056,0.0,False,True,0.0,test
lvis:1532:416:126,lvis,1532,val2017/000000001532.jpg,416,egg_roll,egg_roll,True,0,16,0.06615153700113297,483.8845,382.4684,505.0685,401.6237,0.0,False,True,0.0,test
lvis:1532:416:126,lvis,1532,val2017/000000001532.jpg,416,egg_roll,egg_roll,True,0,17,0.06314795464277267,132.9378,369.4856,166.2663,380.3513,0.0,False,True,0.0,test
lvis:1532:416:126,lvis,1532,val2017/000000001532.jpg,416,egg_roll,egg_roll,True,0,18,0.06165027618408203,138.1467,239.0918,213.9345,257.9435,0.0,False,True,0.0,test
lvis:1532:416:126,lvis,1532,val2017/000000001532.jpg,416,egg_roll,egg_roll,True,0,19,0.06117578595876694,476.0703,356.4363,510.5432,373.0257,0.0,False,True,0.0,test
lvis:1532:416:126,lvis,1532,val2017/000000001532.jpg,416,egg_roll,egg_roll,True,0,20,0.061021819710731506,306.7117,195.7591,508.5225,277.4862,0.0,False,True,0.0,test
lvis:1532:416:126,lvis,1532,val2017/000000001532.jpg,416,egg_roll,egg_roll,True,0,21,0.06014536693692207,404.4926,398.2328,428.8213,428.4304,0.0,False,True,0.0,test
lvis:1532:416:126,lvis,1532,val2017/000000001532.jpg,416,egg_roll,egg_roll,True,0,22,0.0599580854177475,511.4219,355.9222,555.0422,372.6329,0.0,False,True,0.0,test
lvis:1532:416:126,lvis,1532,val2017/000000001532.jpg,416,egg_roll,egg_roll,True,0,23,0.05948205664753914,344.8445,392.403,377.2278,420.5434,0.0,False,True,0.0,test
lvis:1532:416:126,lvis,1532,val2017/000000001532.jpg,416,egg_roll,egg_roll,True,0,24,0.059310998767614365,200.6111,400.3198,242.2585,427.8766,0.0,False,True,0.0,test
lvis:1532:416:126,lvis,1532,val2017/000000001532.jpg,416,egg_roll,egg_roll,True,0,25,0.057400867342948914,299.8573,443.6637,351.2973,457.8143,0.0,False,True,0.0,test
lvis:1532:416:126,lvis,1532,val2017/000000001532.jpg,416,egg_roll,egg_roll,True,0,26,0.053153857588768005,224.8886,390.0134,246.4758,403.5521,0.0,False,True,0.0,test
lvis:1532:416:126,lvis,1532,val2017/000000001532.jpg,416,egg_roll,egg_roll,True,0,27,0.05175207555294037,200.6815,390.0401,246.6852,427.9659,0.0,False,True,0.0,test
lvis:1584:1032:128,lvis,1584,val2017/000000001584.jpg,1032,sugarcane_(plant),sugarcane_(plant),True,0,0,0.49177923798561096,126.4804,86.0482,522.8583,533.1871,0.0,False,True,9.98792270531401,test
lvis:1584:1032:128,lvis,1584,val2017/000000001584.jpg,1032,sugarcane_(plant),sugarcane_(plant),True,0,1,0.08646686375141144,195.6829,236.7172,276.5441,259.389,0.0,False,True,0.0,test
lvis:1584:1032:128,lvis,1584,val2017/000000001584.jpg,1032,sugarcane_(plant),sugarcane_(plant),True,0,2,0.07822272181510925,180.2259,193.4422,293.2376,263.3166,0.0,False,True,0.0,test
lvis:1584:1032:128,lvis,1584,val2017/000000001584.jpg,1032,sugarcane_(plant),sugarcane_(plant),True,0,3,0.07478363811969757,69.2012,46.7398,590.1379,597.1432,0.0,False,True,0.0,test
lvis:1584:1032:128,lvis,1584,val2017/000000001584.jpg,1032,sugarcane_(plant),sugarcane_(plant),True,0,4,0.07264349609613419,223.9357,194.5853,288.4719,233.6669,0.0,False,True,0.0,test
lvis:1584:1032:128,lvis,1584,val2017/000000001584.jpg,1032,sugarcane_(plant),sugarcane_(plant),True,0,5,0.07198639214038849,209.9998,485.7448,264.5495,505.2304,0.0,False,True,0.0,test
lvis:1584:1032:128,lvis,1584,val2017/000000001584.jpg,1032,sugarcane_(plant),sugarcane_(plant),True,0,6,0.06558253616094589,204.3274,479.5352,270.6761,511.0204,0.0,False,True,0.0,test
lvis:1584:1032:128,lvis,1584,val2017/000000001584.jpg,1032,sugarcane_(plant),sugarcane_(plant),True,0,7,0.05433102324604988,183.7372,230.5093,289.52,266.801,0.0,False,True,0.0,test
lvis:1584:1032:128,lvis,1584,val2017/000000001584.jpg,1032,sugarcane_(plant),sugarcane_(plant),True,0,8,0.05327833816409111,365.3014,192.4931,507.219,290.1403,0.0,False,True,0.0,test
lvis:1584:1032:128,lvis,1584,val2017/000000001584.jpg,1032,sugarcane_(plant),sugarcane_(plant),True,0,9,0.05182456225156784,0.1187,114.4753,137.4527,383.7634,0.0,False,True,0.0,test
lvis:1584:1032:128,lvis,1584,val2017/000000001584.jpg,1032,sugarcane_(plant),sugarcane_(plant),True,0,10,0.05039823055267334,406.6102,209.9699,504.0933,286.3241,0.0,False,True,0.0,test
lvis:1591:862:130,lvis,1591,train2017/000000001591.jpg,862,race_car,race_car,True,0,0,0.3769616186618805,24.6242,407.5776,164.4887,475.9243,0.0,False,True,9.98792270531401,test
lvis:1591:862:130,lvis,1591,train2017/000000001591.jpg,862,race_car,race_car,True,0,1,0.25752905011177063,195.1232,76.3423,638.1155,562.6773,0.0,False,True,9.98792270531401,test
lvis:1591:862:130,lvis,1591,train2017/000000001591.jpg,862,race_car,race_car,True,0,2,0.16006670892238617,53.5199,421.735,139.2056,455.6666,0.0,False,True,0.0,test
lvis:1591:862:130,lvis,1591,train2017/000000001591.jpg,862,race_car,race_car,True,0,3,0.12067560106515884,22.799,407.1264,123.9951,446.0724,0.0,False,True,0.0,test
lvis:1591:862:130,lvis,1591,train2017/000000001591.jpg,862,race_car,race_car,True,0,4,0.10430388152599335,293.5081,420.9272,329.3014,451.0873,0.0,False,True,0.0,test
lvis:1591:862:130,lvis,1591,train2017/000000001591.jpg,862,race_car,race_car,True,0,5,0.08435284346342087,248.465,350.8919,315.0449,388.9548,0.0,False,True,0.0,test
lvis:1591:862:130,lvis,1591,train2017/000000001591.jpg,862,race_car,race_car,True,0,6,0.0736343190073967,3.2471,400.2963,351.8524,564.2414,0.0,False,True,0.0,test
lvis:1591:862:130,lvis,1591,train2017/000000001591.jpg,862,race_car,race_car,True,0,7,0.06550899147987366,119.5922,468.2502,340.6685,563.8887,0.0,False,True,0.0,test
lvis:1591:862:130,lvis,1591,train2017/000000001591.jpg,862,race_car,race_car,True,0,8,0.06274227052927017,57.1509,429.4575,118.7218,454.2158,0.0,False,True,0.0,test
lvis:1591:862:130,lvis,1591,train2017/000000001591.jpg,862,race_car,race_car,True,0,9,0.060788288712501526,15.7381,385.0638,192.1912,501.8449,0.0,False,True,0.0,test
lvis:1591:862:130,lvis,1591,train2017/000000001591.jpg,862,race_car,race_car,True,0,10,0.06061805039644241,151.1948,370.9424,203.6975,422.7123,0.0,False,True,0.0,test
lvis:1591:862:130,lvis,1591,train2017/000000001591.jpg,862,race_car,race_car,True,0,11,0.05745929852128029,10.6086,75.5753,635.9642,565.9257,0.0,False,True,0.0,test
lvis:1591:862:130,lvis,1591,train2017/000000001591.jpg,862,race_car,race_car,True,0,12,0.05704354867339134,288.226,416.1168,336.1255,457.0464,0.0,False,True,0.0,test
lvis:1591:862:130,lvis,1591,train2017/000000001591.jpg,862,race_car,race_car,True,0,13,0.05406060814857483,23.2817,371.5146,203.1436,481.2856,0.0,False,True,0.0,test
lvis:1622:944:132,lvis,1622,train2017/000000001622.jpg,944,shepherd_dog,shepherd_dog,True,0,0,0.6978952288627625,37.8222,33.0638,301.6222,356.8527,0.0,False,True,9.98792270531401,test
lvis:1622:944:132,lvis,1622,train2017/000000001622.jpg,944,shepherd_dog,shepherd_dog,True,0,1,0.0709882453083992,2.4687,29.8984,330.0432,493.7595,0.0,False,True,0.0,test
lvis:1655:292:134,lvis,1655,train2017/000000001655.jpg,292,combination_lock,combination_lock,True,0,0,0.3311839699745178,267.3261,292.1844,293.7748,347.5696,0.0,False,True,9.98792270531401,test
lvis:1655:292:134,lvis,1655,train2017/000000001655.jpg,292,combination_lock,combination_lock,True,0,1,0.2954421639442444,270.7108,292.8077,293.2675,336.3881,0.0,False,True,9.98792270531401,test
lvis:1655:292:134,lvis,1655,train2017/000000001655.jpg,292,combination_lock,combination_lock,True,0,2,0.17544983327388763,79.2839,232.795,354.2462,426.1746,0.0,False,True,0.0,test
lvis:1655:292:134,lvis,1655,train2017/000000001655.jpg,292,combination_lock,combination_lock,True,0,3,0.13905587792396545,252.9521,285.0807,304.7968,356.4707,0.0,False,True,0.0,test
lvis:1655:292:134,lvis,1655,train2017/000000001655.jpg,292,combination_lock,combination_lock,True,0,4,0.11122763156890869,268.3837,312.1778,283.0199,348.0966,0.0,False,True,0.0,test
lvis:1655:292:134,lvis,1655,train2017/000000001655.jpg,292,combination_lock,combination_lock,True,0,5,0.10952934622764587,169.4897,301.8932,189.2285,341.0667,0.0,False,True,0.0,test
lvis:1655:292:134,lvis,1655,train2017/000000001655.jpg,292,combination_lock,combination_lock,True,0,6,0.08167802542448044,169.1749,292.2956,293.9477,346.3907,0.0,False,True,0.0,test
lvis:1655:292:134,lvis,1655,train2017/000000001655.jpg,292,combination_lock,combination_lock,True,0,7,0.07985454052686691,78.9756,290.9083,353.9677,426.1756,0.0,False,True,0.0,test
lvis:1655:292:134,lvis,1655,train2017/000000001655.jpg,292,combination_lock,combination_lock,True,0,8,0.07674586027860641,260.7993,302.5927,283.2614,348.3501,0.0,False,True,0.0,test
lvis:1655:292:134,lvis,1655,train2017/000000001655.jpg,292,combination_lock,combination_lock,True,0,9,0.06206251680850983,168.6147,232.5687,295.0381,357.5358,0.0,False,True,0.0,test
lvis:1655:292:134,lvis,1655,train2017/000000001655.jpg,292,combination_lock,combination_lock,True,0,10,0.05707668140530586,271.0634,292.3947,291.7736,300.7851,0.0,False,True,0.0,test
lvis:1697:764:142,lvis,1697,train2017/000000001697.jpg,764,parchment,parchment,True,0,0,0.4083048403263092,3.1534,59.6993,493.8965,367.3062,0.0,False,True,9.98792270531401,test
lvis:1697:764:142,lvis,1697,train2017/000000001697.jpg,764,parchment,parchment,True,0,1,0.228340744972229,38.1392,74.5415,292.7067,328.4842,0.0,False,True,9.98792270531401,test
lvis:1697:764:142,lvis,1697,train2017/000000001697.jpg,764,parchment,parchment,True,0,2,0.15402838587760925,47.9114,76.8965,452.4348,318.4709,0.0,False,True,0.0,test
lvis:1697:764:142,lvis,1697,train2017/000000001697.jpg,764,parchment,parchment,True,0,3,0.13653309643268585,1.0918,52.6136,146.6813,168.0345,0.0,False,True,0.0,test
lvis:1697:764:142,lvis,1697,train2017/000000001697.jpg,764,parchment,parchment,True,0,4,0.09050773084163666,1.0928,57.2772,107.2381,166.4623,0.0,False,True,0.0,test
lvis:1697:764:142,lvis,1697,train2017/000000001697.jpg,764,parchment,parchment,True,0,5,0.09025441110134125,45.9041,77.6949,289.3491,263.4941,0.0,False,True,0.0,test
lvis:1697:764:142,lvis,1697,train2017/000000001697.jpg,764,parchment,parchment,True,0,6,0.08793067187070847,8.5273,59.8361,354.5637,351.496,0.0,False,True,0.0,test
lvis:1697:764:142,lvis,1697,train2017/000000001697.jpg,764,parchment,parchment,True,0,7,0.07959514111280441,13.4344,77.7647,62.7134,137.6254,0.0,False,True,0.0,test
lvis:1697:764:142,lvis,1697,train2017/000000001697.jpg,764,parchment,parchment,True,0,8,0.06425168365240097,2.2841,55.8648,229.6267,341.2651,0.0,False,True,0.0,test
lvis:1697:764:142,lvis,1697,train2017/000000001697.jpg,764,parchment,parchment,True,0,9,0.06395350396633148,81.788,94.2729,257.42,282.048,0.0,False,True,0.0,test
lvis:1697:764:142,lvis,1697,train2017/000000001697.jpg,764,parchment,parchment,True,0,10,0.05931904539465904,365.7339,0.3591,480.1689,120.2153,0.0,False,True,0.0,test
lvis:1697:764:142,lvis,1697,train2017/000000001697.jpg,764,parchment,parchment,True,0,11,0.058797504752874374,233.0785,100.2209,456.9744,352.9167,0.0,False,True,0.0,test
lvis:1697:764:142,lvis,1697,train2017/000000001697.jpg,764,parchment,parchment,True,0,12,0.057352326810359955,11.3323,234.2919,215.1774,337.6935,0.0,False,True,0.0,test
lvis:1697:764:142,lvis,1697,train2017/000000001697.jpg,764,parchment,parchment,True,0,13,0.056645311415195465,19.5463,85.5447,53.7907,121.4891,0.0,False,True,0.0,test
lvis:1697:764:142,lvis,1697,train2017/000000001697.jpg,764,parchment,parchment,True,0,14,0.05481911078095436,5.1684,63.7036,88.6212,132.4816,0.0,False,True,0.0,test
lvis:1697:764:142,lvis,1697,train2017/000000001697.jpg,764,parchment,parchment,True,0,15,0.05263439565896988,113.8647,83.088,476.4781,353.3041,0.0,False,True,0.0,test
lvis:1697:764:142,lvis,1697,train2017/000000001697.jpg,764,parchment,parchment,True,0,16,0.050745248794555664,0.6176,216.4128,44.6442,283.0529,0.0,False,True,0.0,test
lvis:1811:535:145,lvis,1811,train2017/000000001811.jpg,535,hand_glass,hand_glass,True,0,0,0.27696603536605835,204.5101,98.2422,325.1257,278.2927,0.0,False,True,9.98792270531401,test
lvis:1811:535:145,lvis,1811,train2017/000000001811.jpg,535,hand_glass,hand_glass,True,0,1,0.264743834733963,222.8334,198.9069,258.686,229.85,0.0,False,True,9.98792270531401,test
lvis:1811:535:145,lvis,1811,train2017/000000001811.jpg,535,hand_glass,hand_glass,True,0,2,0.22162725031375885,222.9083,20.306,517.222,276.3811,0.0,False,True,9.98792270531401,test
lvis:1811:535:145,lvis,1811,train2017/000000001811.jpg,535,hand_glass,hand_glass,True,0,3,0.1820361316204071,61.4802,126.2369,264.5047,568.2958,0.0,False,True,0.0,test
lvis:1811:535:145,lvis,1811,train2017/000000001811.jpg,535,hand_glass,hand_glass,True,0,4,0.15222777426242828,168.8024,198.044,258.5934,379.6226,0.0,False,True,0.0,test
lvis:1811:535:145,lvis,1811,train2017/000000001811.jpg,535,hand_glass,hand_glass,True,0,5,0.13759645819664001,170.0074,235.1164,225.3394,378.0137,0.0,False,True,0.0,test
lvis:1811:535:145,lvis,1811,train2017/000000001811.jpg,535,hand_glass,hand_glass,True,0,6,0.1340215802192688,216.9255,192.6271,264.5373,237.0068,0.0,False,True,0.0,test
lvis:1811:535:145,lvis,1811,train2017/000000001811.jpg,535,hand_glass,hand_glass,True,0,7,0.12907634675502777,116.2419,121.5082,136.5783,153.264,0.0,False,True,0.0,test
lvis:1811:535:145,lvis,1811,train2017/000000001811.jpg,535,hand_glass,hand_glass,True,0,8,0.12371352314949036,203.3062,214.8275,256.9799,263.3113,0.0,False,True,0.0,test
lvis:1811:535:145,lvis,1811,train2017/000000001811.jpg,535,hand_glass,hand_glass,True,0,9,0.1196632981300354,220.5258,242.6435,256.7248,262.3508,0.0,False,True,0.0,test
lvis:1811:535:145,lvis,1811,train2017/000000001811.jpg,535,hand_glass,hand_glass,True,0,10,0.1063704639673233,518.9291,610.8333,565.7084,632.1125,0.0,False,True,0.0,test
lvis:1811:535:145,lvis,1811,train2017/000000001811.jpg,535,hand_glass,hand_glass,True,0,11,0.10584309697151184,213.4903,196.7701,260.949,263.1521,0.0,False,True,0.0,test
lvis:1811:535:145,lvis,1811,train2017/000000001811.jpg,535,hand_glass,hand_glass,True,0,12,0.10191120207309723,1.8838,170.5073,21.1718,187.1366,0.0,False,True,0.0,test
lvis:1811:535:145,lvis,1811,train2017/000000001811.jpg,535,hand_glass,hand_glass,True,0,13,0.101854607462883,518.1754,610.256,630.7046,633.3353,0.0,False,True,0.0,test
lvis:1811:535:145,lvis,1811,train2017/000000001811.jpg,535,hand_glass,hand_glass,True,0,14,0.08895961940288544,202.8226,192.457,264.6138,267.671,0.0,False,True,0.0,test
lvis:1811:535:145,lvis,1811,train2017/000000001811.jpg,535,hand_glass,hand_glass,True,0,15,0.08849023282527924,566.1558,611.6451,630.2659,632.3024,0.0,False,True,0.0,test
lvis:1811:535:145,lvis,1811,train2017/000000001811.jpg,535,hand_glass,hand_glass,True,0,16,0.08303721249103546,167.1335,194.1658,262.6593,567.2914,0.0,False,True,0.0,test
lvis:1811:535:145,lvis,1811,train2017/000000001811.jpg,535,hand_glass,hand_glass,True,0,17,0.08172450959682465,394.7136,90.8762,431.2477,118.494,0.0,False,True,0.0,test
lvis:1811:535:145,lvis,1811,train2017/000000001811.jpg,535,hand_glass,hand_glass,True,0,18,0.07612661272287369,215.5681,237.8217,258.3396,264.5135,0.0,False,True,0.0,test
lvis:1811:535:145,lvis,1811,train2017/000000001811.jpg,535,hand_glass,hand_glass,True,0,19,0.07391399145126343,393.2991,130.0579,514.795,350.3189,0.0,False,True,0.0,test
lvis:1811:535:145,lvis,1811,train2017/000000001811.jpg,535,hand_glass,hand_glass,True,0,20,0.07240164279937744,397.4916,54.5783,432.7789,95.0885,0.0,False,True,0.0,test
lvis:1811:535:145,lvis,1811,train2017/000000001811.jpg,535,hand_glass,hand_glass,True,0,21,0.07208503782749176,400.6089,70.27,430.7456,94.1585,0.0,False,True,0.0,test
lvis:1811:535:145,lvis,1811,train2017/000000001811.jpg,535,hand_glass,hand_glass,True,0,22,0.0705661028623581,111.7035,117.3747,141.5872,157.2158,0.0,False,True,0.0,test
lvis:1811:535:145,lvis,1811,train2017/000000001811.jpg,535,hand_glass,hand_glass,True,0,23,0.0660444125533104,393.2863,60.2483,434.4907,119.2636,0.0,False,True,0.0,test
lvis:1811:535:145,lvis,1811,train2017/000000001811.jpg,535,hand_glass,hand_glass,True,0,24,0.06500405073165894,514.2101,604.1484,633.7521,637.2269,0.0,False,True,0.0,test
lvis:1811:535:145,lvis,1811,train2017/000000001811.jpg,535,hand_glass,hand_glass,True,0,25,0.06442621350288391,251.5389,23.4893,497.7177,225.3761,0.0,False,True,0.0,test
lvis:1811:535:145,lvis,1811,train2017/000000001811.jpg,535,hand_glass,hand_glass,True,0,26,0.061526741832494736,157.6322,0.2623,234.3568,159.6062,0.0,False,True,0.0,test
lvis:1811:535:145,lvis,1811,train2017/000000001811.jpg,535,hand_glass,hand_glass,True,0,27,0.05806111916899681,436.1809,332.3574,490.0413,349.9992,0.0,False,True,0.0,test
lvis:1811:535:145,lvis,1811,train2017/000000001811.jpg,535,hand_glass,hand_glass,True,0,28,0.05771671235561371,435.7691,320.013,491.4756,349.2121,0.0,False,True,0.0,test
lvis:1811:535:145,lvis,1811,train2017/000000001811.jpg,535,hand_glass,hand_glass,True,0,29,0.057699911296367645,176.0477,24.8906,220.3894,49.9574,0.0,False,True,0.0,test
lvis:1811:535:145,lvis,1811,train2017/000000001811.jpg,535,hand_glass,hand_glass,True,0,30,0.055895280092954636,174.3838,22.5993,222.4398,75.7168,0.0,False,True,0.0,test
lvis:1811:535:145,lvis,1811,train2017/000000001811.jpg,535,hand_glass,hand_glass,True,0,31,0.055340707302093506,74.4501,534.0254,137.655,562.1212,0.0,False,True,0.0,test
lvis:1811:535:145,lvis,1811,train2017/000000001811.jpg,535,hand_glass,hand_glass,True,0,32,0.054489895701408386,0.5098,165.6087,25.3183,191.8618,0.0,False,True,0.0,test
lvis:1811:535:145,lvis,1811,train2017/000000001811.jpg,535,hand_glass,hand_glass,True,0,33,0.05434457212686539,73.3015,0.5403,139.0301,138.0424,0.0,False,True,0.0,test
lvis:1811:535:145,lvis,1811,train2017/000000001811.jpg,535,hand_glass,hand_glass,True,0,34,0.05329336225986481,118.1685,35.9602,129.293,49.4272,0.0,False,True,0.0,test
lvis:1811:535:145,lvis,1811,train2017/000000001811.jpg,535,hand_glass,hand_glass,True,0,35,0.050378765910863876,101.4631,7.4147,130.3163,50.6785,0.0,False,True,0.0,test
lvis:1818:310:148,lvis,1818,val2017/000000001818.jpg,310,cornbread,cornbread,True,0,0,0.647972822189331,1.6436,0.4938,637.8999,423.9984,0.0,False,True,9.98792270531401,test
lvis:1818:310:148,lvis,1818,val2017/000000001818.jpg,310,cornbread,cornbread,True,0,1,0.08124642819166183,173.39,121.2978,458.0988,320.4859,0.0,False,True,0.0,test
lvis:1818:310:148,lvis,1818,val2017/000000001818.jpg,310,cornbread,cornbread,True,0,2,0.0711221992969513,218.5072,2.5091,638.6386,422.7411,0.0,False,True,0.0,test
lvis:1818:310:148,lvis,1818,val2017/000000001818.jpg,310,cornbread,cornbread,True,0,3,0.062409501522779465,353.3757,121.7429,452.7657,211.7637,0.0,False,True,0.0,test
lvis:1818:310:148,lvis,1818,val2017/000000001818.jpg,310,cornbread,cornbread,True,0,4,0.06066277623176575,5.3657,120.2698,463.2279,422.917,0.0,False,True,0.0,test
lvis:1818:310:148,lvis,1818,val2017/000000001818.jpg,310,cornbread,cornbread,True,0,5,0.050014398992061615,0.4329,163.1117,51.0523,379.1706,0.0,False,True,0.0,test
lvis:1837:348:149,lvis,1837,train2017/000000001837.jpg,348,hair_curler,hair_curler,True,0,0,0.22610384225845337,334.369,258.8745,413.0474,314.6747,0.0,False,True,9.98792270531401,test
lvis:1837:348:149,lvis,1837,train2017/000000001837.jpg,348,hair_curler,hair_curler,True,0,1,0.21164000034332275,299.6265,255.43,413.7242,314.8192,0.0,False,True,9.98792270531401,test
lvis:1837:348:149,lvis,1837,train2017/000000001837.jpg,348,hair_curler,hair_curler,True,0,2,0.20816074311733246,342.3089,109.4768,370.7209,139.9711,0.0,False,True,9.98792270531401,test
lvis:1837:348:149,lvis,1837,train2017/000000001837.jpg,348,hair_curler,hair_curler,True,0,3,0.18432265520095825,77.0503,206.3315,110.5093,280.0698,0.0,False,True,0.0,test
lvis:1837:348:149,lvis,1837,train2017/000000001837.jpg,348,hair_curler,hair_curler,True,0,4,0.17395196855068207,253.9186,204.9462,283.276,281.8049,0.0,False,True,0.0,test
lvis:1837:348:149,lvis,1837,train2017/000000001837.jpg,348,hair_curler,hair_curler,True,0,5,0.17368265986442566,223.5132,100.9815,250.3814,123.4669,0.0,False,True,0.0,test
lvis:1837:348:149,lvis,1837,train2017/000000001837.jpg,348,hair_curler,hair_curler,True,0,6,0.17021068930625916,209.338,203.1226,234.9189,280.8293,0.0,False,True,0.0,test
lvis:1837:348:149,lvis,1837,train2017/000000001837.jpg,348,hair_curler,hair_curler,True,0,7,0.16145478188991547,391.1684,102.7108,415.1538,123.2763,0.0,False,True,0.0,test
lvis:1837:348:149,lvis,1837,train2017/000000001837.jpg,348,hair_curler,hair_curler,True,0,8,0.15730787813663483,174.441,201.8918,212.743,276.1852,0.0,False,True,0.0,test
lvis:1837:348:149,lvis,1837,train2017/000000001837.jpg,348,hair_curler,hair_curler,True,0,9,0.15407320857048035,131.6815,88.2677,152.3784,113.1036,0.0,False,True,0.0,test
lvis:1837:348:149,lvis,1837,train2017/000000001837.jpg,348,hair_curler,hair_curler,True,0,10,0.15366408228874207,252.5556,109.8189,308.9935,283.6796,0.0,False,True,0.0,test
lvis:1837:348:149,lvis,1837,train2017/000000001837.jpg,348,hair_curler,hair_curler,True,0,11,0.15187938511371613,337.0675,102.2863,442.0534,312.9474,0.0,False,True,0.0,test
lvis:1837:348:149,lvis,1837,train2017/000000001837.jpg,348,hair_curler,hair_curler,True,0,12,0.14860756695270538,204.6525,101.1013,258.3892,280.3438,0.0,False,True,0.0,test
lvis:1837:348:149,lvis,1837,train2017/000000001837.jpg,348,hair_curler,hair_curler,True,0,13,0.1445050984621048,68.2719,106.5228,127.1677,281.3587,0.0,False,True,0.0,test
lvis:1837:348:149,lvis,1837,train2017/000000001837.jpg,348,hair_curler,hair_curler,True,0,14,0.13295648992061615,58.8749,96.2828,441.6042,313.3718,0.0,False,True,0.0,test
lvis:1837:348:149,lvis,1837,train2017/000000001837.jpg,348,hair_curler,hair_curler,True,0,15,0.1306430995464325,375.2556,102.44,441.4262,310.8429,0.0,False,True,0.0,test
lvis:1837:348:149,lvis,1837,train2017/000000001837.jpg,348,hair_curler,hair_curler,True,0,16,0.12528502941131592,87.0865,106.8582,108.6204,121.5082,0.0,False,True,0.0,test
lvis:1837:348:149,lvis,1837,train2017/000000001837.jpg,348,hair_curler,hair_curler,True,0,17,0.12094184756278992,298.7436,109.3312,382.5733,263.3235,0.0,False,True,0.0,test
lvis:1837:348:149,lvis,1837,train2017/000000001837.jpg,348,hair_curler,hair_curler,True,0,18,0.11771790683269501,104.6243,134.4092,173.5347,289.5737,0.0,False,True,0.0,test
lvis:1837:348:149,lvis,1837,train2017/000000001837.jpg,348,hair_curler,hair_curler,True,0,19,0.1009470596909523,354.6698,112.2655,369.8398,138.9662,0.0,False,True,0.0,test
lvis:1837:348:149,lvis,1837,train2017/000000001837.jpg,348,hair_curler,hair_curler,True,0,20,0.10046029835939407,220.1121,94.197,253.0641,129.7058,0.0,False,True,0.0,test
lvis:1837:348:149,lvis,1837,train2017/000000001837.jpg,348,hair_curler,hair_curler,True,0,21,0.09723103791475296,301.8188,257.6118,361.2626,298.4318,0.0,False,True,0.0,test
lvis:1837:348:149,lvis,1837,train2017/000000001837.jpg,348,hair_curler,hair_curler,True,0,22,0.09699217230081558,130.5504,205.9064,158.8171,274.7178,0.0,False,True,0.0,test
lvis:1837:348:149,lvis,1837,train2017/000000001837.jpg,348,hair_curler,hair_curler,True,0,23,0.09668180346488953,294.5684,240.2755,419.0609,319.7362,0.0,False,True,0.0,test
lvis:1837:348:149,lvis,1837,train2017/000000001837.jpg,348,hair_curler,hair_curler,True,0,24,0.09257850050926208,76.3068,206.3365,105.0721,218.3805,0.0,False,True,0.0,test
lvis:1837:348:149,lvis,1837,train2017/000000001837.jpg,348,hair_curler,hair_curler,True,0,25,0.09235100448131561,334.8744,103.7067,376.2634,148.159,0.0,False,True,0.0,test
lvis:1837:348:149,lvis,1837,train2017/000000001837.jpg,348,hair_curler,hair_curler,True,0,26,0.0915297418832779,118.2295,77.4507,171.0334,162.9982,0.0,False,True,0.0,test
lvis:1837:348:149,lvis,1837,train2017/000000001837.jpg,348,hair_curler,hair_curler,True,0,27,0.08859053999185562,169.7538,111.2038,215.0948,275.5661,0.0,False,True,0.0,test
lvis:1837:348:149,lvis,1837,train2017/000000001837.jpg,348,hair_curler,hair_curler,True,0,28,0.08437247574329376,115.1794,1.3522,378.7809,278.5172,0.0,False,True,0.0,test
lvis:1837:348:149,lvis,1837,train2017/000000001837.jpg,348,hair_curler,hair_curler,True,0,29,0.0830850824713707,267.9699,109.7661,288.1778,130.5068,0.0,False,True,0.0,test
lvis:1837:348:149,lvis,1837,train2017/000000001837.jpg,348,hair_curler,hair_curler,True,0,30,0.08121291548013687,443.0023,82.3256,463.2073,138.2398,0.0,False,True,0.0,test
lvis:1837:348:149,lvis,1837,train2017/000000001837.jpg,348,hair_curler,hair_curler,True,0,31,0.07629207521677017,327.584,109.441,380.8211,213.2497,0.0,False,True,0.0,test
lvis:1837:348:149,lvis,1837,train2017/000000001837.jpg,348,hair_curler,hair_curler,True,0,32,0.07403159886598587,132.8451,134.9747,155.1795,152.5227,0.0,False,True,0.0,test
lvis:1837:348:149,lvis,1837,train2017/000000001837.jpg,348,hair_curler,hair_curler,True,0,33,0.07375429570674896,55.7853,6.4782,443.5322,313.8649,0.0,False,True,0.0,test
lvis:1837:348:149,lvis,1837,train2017/000000001837.jpg,348,hair_curler,hair_curler,True,0,34,0.07226446270942688,240.8676,106.6371,251.1124,120.2664,0.0,False,True,0.0,test
lvis:1837:348:149,lvis,1837,train2017/000000001837.jpg,348,hair_curler,hair_curler,True,0,35,0.06836962699890137,128.6864,78.3699,169.473,119.006,0.0,False,True,0.0,test
lvis:1837:348:149,lvis,1837,train2017/000000001837.jpg,348,hair_curler,hair_curler,True,0,36,0.06790103763341904,174.4067,200.5103,235.1071,280.8038,0.0,False,True,0.0,test
lvis:1837:348:149,lvis,1837,train2017/000000001837.jpg,348,hair_curler,hair_curler,True,0,37,0.06608905643224716,68.482,106.4477,127.4041,208.6845,0.0,False,True,0.0,test
lvis:1837:348:149,lvis,1837,train2017/000000001837.jpg,348,hair_curler,hair_curler,True,0,38,0.06547857075929642,191.3248,111.307,210.7336,126.1883,0.0,False,True,0.0,test
lvis:1837:348:149,lvis,1837,train2017/000000001837.jpg,348,hair_curler,hair_curler,True,0,39,0.06390045583248138,242.1091,109.2815,250.36,119.4157,0.0,False,True,0.0,test
lvis:1837:348:149,lvis,1837,train2017/000000001837.jpg,348,hair_curler,hair_curler,True,0,40,0.0620848722755909,131.6778,134.4171,156.6981,159.6744,0.0,False,True,0.0,test
lvis:1837:348:149,lvis,1837,train2017/000000001837.jpg,348,hair_curler,hair_curler,True,0,41,0.06057223305106163,330.6854,188.1343,346.2314,204.8618,0.0,False,True,0.0,test
lvis:1837:348:149,lvis,1837,train2017/000000001837.jpg,348,hair_curler,hair_curler,True,0,42,0.05804521590471268,327.7263,108.9695,382.9199,286.3178,0.0,False,True,0.0,test
lvis:1837:348:149,lvis,1837,train2017/000000001837.jpg,348,hair_curler,hair_curler,True,0,43,0.057266589254140854,189.1289,110.9893,213.1243,138.1535,0.0,False,True,0.0,test
lvis:1837:348:149,lvis,1837,train2017/000000001837.jpg,348,hair_curler,hair_curler,True,0,44,0.057256534695625305,83.4572,103.5183,112.3866,127.942,0.0,False,True,0.0,test
lvis:1837:348:149,lvis,1837,train2017/000000001837.jpg,348,hair_curler,hair_curler,True,0,45,0.05679531395435333,388.2198,101.8169,418.4552,139.7548,0.0,False,True,0.0,test
lvis:1837:348:149,lvis,1837,train2017/000000001837.jpg,348,hair_curler,hair_curler,True,0,46,0.05678097531199455,114.819,78.5405,173.6792,286.0835,0.0,False,True,0.0,test
lvis:1837:348:149,lvis,1837,train2017/000000001837.jpg,348,hair_curler,hair_curler,True,0,47,0.05648259073495865,307.1286,260.0387,339.5152,292.2109,0.0,False,True,0.0,test
lvis:1837:348:149,lvis,1837,train2017/000000001837.jpg,348,hair_curler,hair_curler,True,0,48,0.0550287663936615,46.99,199.8246,84.2619,277.9657,0.0,False,True,0.0,test
lvis:1837:348:149,lvis,1837,train2017/000000001837.jpg,348,hair_curler,hair_curler,True,0,49,0.05321671441197395,384.7306,190.6948,431.3009,237.626,0.0,False,True,0.0,test
lvis:1837:348:149,lvis,1837,train2017/000000001837.jpg,348,hair_curler,hair_curler,True,0,50,0.0531979463994503,118.3364,0.7305,377.449,172.0711,0.0,False,True,0.0,test
lvis:1837:348:149,lvis,1837,train2017/000000001837.jpg,348,hair_curler,hair_curler,True,0,51,0.05167130008339882,342.7475,109.9657,360.4268,121.9653,0.0,False,True,0.0,test
lvis:1837:348:149,lvis,1837,train2017/000000001837.jpg,348,hair_curler,hair_curler,True,0,52,0.051254723221063614,227.8052,93.7989,239.4353,104.0678,0.0,False,True,0.0,test
lvis:1837:348:149,lvis,1837,train2017/000000001837.jpg,348,hair_curler,hair_curler,True,0,53,0.05083320289850235,334.4453,260.2853,362.2927,299.4101,0.0,False,True,0.0,test
lvis:1837:640:150,lvis,1837,train2017/000000001837.jpg,640,lemonade,lemonade,True,0,0,0.3041720986366272,77.6959,207.2159,109.6569,279.2943,0.0,False,True,9.98792270531401,test
lvis:1837:640:150,lvis,1837,train2017/000000001837.jpg,640,lemonade,lemonade,True,0,1,0.29323190450668335,254.4331,205.6257,282.5784,281.2902,0.0,False,True,9.98792270531401,test
lvis:1837:640:150,lvis,1837,train2017/000000001837.jpg,640,lemonade,lemonade,True,0,2,0.19880038499832153,210.2143,204.0237,234.2229,280.6588,0.0,False,True,9.98792270531401,test
lvis:1837:640:150,lvis,1837,train2017/000000001837.jpg,640,lemonade,lemonade,True,0,3,0.1791680008172989,76.9701,207.3498,104.383,217.4812,0.0,False,True,0.0,test
lvis:1837:640:150,lvis,1837,train2017/000000001837.jpg,640,lemonade,lemonade,True,0,4,0.1644108146429062,174.9339,202.4998,212.9346,275.6711,0.0,False,True,0.0,test
lvis:1837:640:150,lvis,1837,train2017/000000001837.jpg,640,lemonade,lemonade,True,0,5,0.1566733419895172,68.7491,107.5296,127.0808,282.4503,0.0,False,True,0.0,test
lvis:1837:640:150,lvis,1837,train2017/000000001837.jpg,640,lemonade,lemonade,True,0,6,0.15134772658348083,132.5529,89.0846,151.0591,112.5311,0.0,False,True,0.0,test
lvis:1837:640:150,lvis,1837,train2017/000000001837.jpg,640,lemonade,lemonade,True,0,7,0.14250406622886658,131.4828,207.6134,157.4164,273.4395,0.0,False,True,0.0,test
lvis:1837:640:150,lvis,1837,train2017/000000001837.jpg,640,lemonade,lemonade,True,0,8,0.13953161239624023,301.6141,257.4785,412.6634,314.0927,0.0,False,True,0.0,test
lvis:1837:640:150,lvis,1837,train2017/000000001837.jpg,640,lemonade,lemonade,True,0,9,0.1356349140405655,375.0594,103.6374,440.9319,310.2094,0.0,False,True,0.0,test
lvis:1837:640:150,lvis,1837,train2017/000000001837.jpg,640,lemonade,lemonade,True,0,10,0.13506263494491577,252.4376,110.6209,308.4993,282.9204,0.0,False,True,0.0,test
lvis:1837:640:150,lvis,1837,train2017/000000001837.jpg,640,lemonade,lemonade,True,0,11,0.13109566271305084,336.356,259.7444,412.3177,313.9695,0.0,False,True,0.0,test
lvis:1837:640:150,lvis,1837,train2017/000000001837.jpg,640,lemonade,lemonade,True,0,12,0.12971939146518707,338.4287,260.3243,361.4021,298.451,0.0,False,True,0.0,test
lvis:1837:640:150,lvis,1837,train2017/000000001837.jpg,640,lemonade,lemonade,True,0,13,0.12948496639728546,205.1951,102.1219,258.2681,280.0224,0.0,False,True,0.0,test
lvis:1837:640:150,lvis,1837,train2017/000000001837.jpg,640,lemonade,lemonade,True,0,14,0.12333457171916962,334.3596,174.9431,344.7144,197.2936,0.0,False,True,0.0,test
lvis:1837:640:150,lvis,1837,train2017/000000001837.jpg,640,lemonade,lemonade,True,0,15,0.12097405642271042,116.2878,0.2617,379.1639,276.5785,0.0,False,True,0.0,test
lvis:1837:640:150,lvis,1837,train2017/000000001837.jpg,640,lemonade,lemonade,True,0,16,0.11676710844039917,344.464,274.8894,360.5676,298.2359,0.0,False,True,0.0,test
lvis:1837:640:150,lvis,1837,train2017/000000001837.jpg,640,lemonade,lemonade,True,0,17,0.11651536077260971,122.9786,135.6749,171.9527,286.5302,0.0,False,True,0.0,test
lvis:1837:640:150,lvis,1837,train2017/000000001837.jpg,640,lemonade,lemonade,True,0,18,0.10129376500844955,96.5668,207.6244,103.9645,215.2357,0.0,False,True,0.0,test
lvis:1837:640:150,lvis,1837,train2017/000000001837.jpg,640,lemonade,lemonade,True,0,19,0.1001177579164505,76.9263,209.9502,84.1203,217.0698,0.0,False,True,0.0,test
lvis:1837:640:150,lvis,1837,train2017/000000001837.jpg,640,lemonade,lemonade,True,0,20,0.099196657538414,331.369,174.7738,346.0218,206.2887,0.0,False,True,0.0,test
lvis:1837:640:150,lvis,1837,train2017/000000001837.jpg,640,lemonade,lemonade,True,0,21,0.09837530553340912,339.5305,103.3206,441.2606,312.0119,0.0,False,True,0.0,test
lvis:1837:640:150,lvis,1837,train2017/000000001837.jpg,640,lemonade,lemonade,True,0,22,0.09562133252620697,328.9425,164.7828,345.9638,206.1584,0.0,False,True,0.0,test
lvis:1837:640:150,lvis,1837,train2017/000000001837.jpg,640,lemonade,lemonade,True,0,23,0.09267626702785492,338.826,258.9426,373.5134,298.7083,0.0,False,True,0.0,test
lvis:1837:640:150,lvis,1837,train2017/000000001837.jpg,640,lemonade,lemonade,True,0,24,0.08947441726922989,169.5298,112.3225,214.5865,275.3102,0.0,False,True,0.0,test
lvis:1837:640:150,lvis,1837,train2017/000000001837.jpg,640,lemonade,lemonade,True,0,25,0.08756022155284882,305.1046,259.2469,360.9766,298.6439,0.0,False,True,0.0,test
lvis:1837:640:150,lvis,1837,train2017/000000001837.jpg,640,lemonade,lemonade,True,0,26,0.08473873138427734,298.6579,111.0016,382.0161,264.269,0.0,False,True,0.0,test
lvis:1837:640:150,lvis,1837,train2017/000000001837.jpg,640,lemonade,lemonade,True,0,27,0.08437297493219376,332.5808,152.9371,345.4945,198.7052,0.0,False,True,0.0,test
lvis:1837:640:150,lvis,1837,train2017/000000001837.jpg,640,lemonade,lemonade,True,0,28,0.0840989202260971,118.6065,78.3993,170.1007,163.9718,0.0,False,True,0.0,test
lvis:1837:640:150,lvis,1837,train2017/000000001837.jpg,640,lemonade,lemonade,True,0,29,0.08393319696187973,223.6683,204.8713,233.0101,216.8485,0.0,False,True,0.0,test
lvis:1837:640:150,lvis,1837,train2017/000000001837.jpg,640,lemonade,lemonade,True,0,30,0.0800178274512291,310.9728,260.9557,338.8933,291.7306,0.0,False,True,0.0,test
lvis:1837:640:150,lvis,1837,train2017/000000001837.jpg,640,lemonade,lemonade,True,0,31,0.07969436049461365,60.8957,99.4956,439.0097,310.9404,0.0,False,True,0.0,test
lvis:1837:640:150,lvis,1837,train2017/000000001837.jpg,640,lemonade,lemonade,True,0,32,0.07596545666456223,83.6069,234.3883,103.1569,265.8226,0.0,False,True,0.0,test
lvis:1837:640:150,lvis,1837,train2017/000000001837.jpg,640,lemonade,lemonade,True,0,33,0.07386966794729233,51.9228,0.6188,491.745,299.0085,0.0,False,True,0.0,test
lvis:1837:640:150,lvis,1837,train2017/000000001837.jpg,640,lemonade,lemonade,True,0,34,0.06953606754541397,331.8972,189.6331,345.8459,206.7941,0.0,False,True,0.0,test
lvis:1837:640:150,lvis,1837,train2017/000000001837.jpg,640,lemonade,lemonade,True,0,35,0.0691269040107727,158.623,78.2616,169.7201,103.2538,0.0,False,True,0.0,test
lvis:1837:640:150,lvis,1837,train2017/000000001837.jpg,640,lemonade,lemonade,True,0,36,0.06734880059957504,386.4953,133.0298,436.711,195.552,0.0,False,True,0.0,test
lvis:1837:640:150,lvis,1837,train2017/000000001837.jpg,640,lemonade,lemonade,True,0,37,0.06703545153141022,117.9159,78.6075,172.8496,275.5033,0.0,False,True,0.0,test
lvis:1837:640:150,lvis,1837,train2017/000000001837.jpg,640,lemonade,lemonade,True,0,38,0.05862492695450783,87.2825,235.1371,99.2451,246.6368,0.0,False,True,0.0,test
lvis:1837:640:150,lvis,1837,train2017/000000001837.jpg,640,lemonade,lemonade,True,0,39,0.0568273551762104,384.8601,132.833,437.1177,235.7078,0.0,False,True,0.0,test
lvis:1837:640:150,lvis,1837,train2017/000000001837.jpg,640,lemonade,lemonade,True,0,40,0.05630948022007942,323.8302,156.089,345.469,238.1264,0.0,False,True,0.0,test
lvis:1837:640:150,lvis,1837,train2017/000000001837.jpg,640,lemonade,lemonade,True,0,41,0.05630689114332199,102.8087,135.9494,172.9588,288.9821,0.0,False,True,0.0,test
lvis:1837:640:150,lvis,1837,train2017/000000001837.jpg,640,lemonade,lemonade,True,0,42,0.054110102355480194,73.9255,133.6136,126.0033,185.1547,0.0,False,True,0.0,test
lvis:1837:640:150,lvis,1837,train2017/000000001837.jpg,640,lemonade,lemonade,True,0,43,0.05392531305551529,79.442,261.3744,86.3166,268.5163,0.0,False,True,0.0,test
lvis:1837:640:150,lvis,1837,train2017/000000001837.jpg,640,lemonade,lemonade,True,0,44,0.05291290953755379,337.8862,189.3579,345.4131,197.5741,0.0,False,True,0.0,test
lvis:1837:640:150,lvis,1837,train2017/000000001837.jpg,640,lemonade,lemonade,True,0,45,0.05235765501856804,373.4594,227.6129,408.9808,269.9653,0.0,False,True,0.0,test
lvis:1837:640:150,lvis,1837,train2017/000000001837.jpg,640,lemonade,lemonade,True,0,46,0.05208558216691017,327.5827,110.6046,381.6075,275.8136,0.0,False,True,0.0,test
lvis:1837:640:150,lvis,1837,train2017/000000001837.jpg,640,lemonade,lemonade,True,0,47,0.05188295990228653,443.9716,84.023,461.7997,137.3605,0.0,False,True,0.0,test
lvis:1837:640:150,lvis,1837,train2017/000000001837.jpg,640,lemonade,lemonade,True,0,48,0.051105137914419174,399.4097,283.0563,415.357,309.6859,0.0,False,True,0.0,test
lvis:1837:640:150,lvis,1837,train2017/000000001837.jpg,640,lemonade,lemonade,True,0,49,0.05104943737387657,429.7143,198.6426,439.0881,204.2776,0.0,False,True,0.0,test
lvis:1993:167:155,lvis,1993,val2017/000000001993.jpg,167,bulletproof_vest,bulletproof_vest,True,0,0,0.5300623774528503,259.9955,193.4518,614.5469,415.9296,0.0,False,True,9.98792270531401,test
lvis:1993:167:155,lvis,1993,val2017/000000001993.jpg,167,bulletproof_vest,bulletproof_vest,True,0,1,0.13362449407577515,282.8499,197.0796,608.0698,362.649,0.0,False,True,0.0,test
lvis:1993:167:155,lvis,1993,val2017/000000001993.jpg,167,bulletproof_vest,bulletproof_vest,True,0,2,0.0752389058470726,287.4481,232.5489,601.835,339.504,0.0,False,True,0.0,test
lvis:1993:167:155,lvis,1993,val2017/000000001993.jpg,167,bulletproof_vest,bulletproof_vest,True,0,3,0.05666537582874298,309.8042,201.0342,594.2286,328.3454,0.0,False,True,0.0,test
lvis:1993:571:156,lvis,1993,val2017/000000001993.jpg,571,hot-air_balloon,hot-air_balloon,True,0,0,0.4019102454185486,259.3033,192.7639,615.1076,416.4215,0.0,False,True,9.98792270531401,test
lvis:1993:571:156,lvis,1993,val2017/000000001993.jpg,571,hot-air_balloon,hot-air_balloon,True,0,1,0.2291102260351181,437.0447,86.1669,494.599,148.9627,0.0,False,True,9.98792270531401,test
lvis:1993:571:156,lvis,1993,val2017/000000001993.jpg,571,hot-air_balloon,hot-air_balloon,True,0,2,0.16368909180164337,442.34,99.1972,490.848,147.8123,0.0,False,True,0.0,test
lvis:1993:571:156,lvis,1993,val2017/000000001993.jpg,571,hot-air_balloon,hot-air_balloon,True,0,3,0.1147708147764206,424.1346,63.6956,512.8641,162.2723,0.0,False,True,0.0,test
lvis:1993:571:156,lvis,1993,val2017/000000001993.jpg,571,hot-air_balloon,hot-air_balloon,True,0,4,0.10959063470363617,34.1259,255.7225,60.4457,270.8807,0.0,False,True,0.0,test
lvis:1993:571:156,lvis,1993,val2017/000000001993.jpg,571,hot-air_balloon,hot-air_balloon,True,0,5,0.09419339895248413,488.8363,356.0722,510.9211,379.4132,0.0,False,True,0.0,test
lvis:1993:571:156,lvis,1993,val2017/000000001993.jpg,571,hot-air_balloon,hot-air_balloon,True,0,6,0.0935618132352829,296.0038,208.6416,596.3726,364.2641,0.0,False,True,0.0,test
lvis:1993:571:156,lvis,1993,val2017/000000001993.jpg,571,hot-air_balloon,hot-air_balloon,True,0,7,0.09314174950122833,422.0714,304.2994,454.4095,322.0761,0.0,False,True,0.0,test
lvis:1993:571:156,lvis,1993,val2017/000000001993.jpg,571,hot-air_balloon,hot-air_balloon,True,0,8,0.08856766670942307,257.5355,2.1765,633.0288,416.4348,0.0,False,True,0.0,test
lvis:1993:571:156,lvis,1993,val2017/000000001993.jpg,571,hot-air_balloon,hot-air_balloon,True,0,9,0.08361435681581497,500.7657,198.4747,517.4796,209.5733,0.0,False,True,0.0,test
lvis:1993:571:156,lvis,1993,val2017/000000001993.jpg,571,hot-air_balloon,hot-air_balloon,True,0,10,0.08020274341106415,558.1932,322.6148,610.3193,417.0441,0.0,False,True,0.0,test
lvis:1993:571:156,lvis,1993,val2017/000000001993.jpg,571,hot-air_balloon,hot-air_balloon,True,0,11,0.08019644767045975,445.497,152.2787,464.9477,215.4593,0.0,False,True,0.0,test
lvis:1993:571:156,lvis,1993,val2017/000000001993.jpg,571,hot-air_balloon,hot-air_balloon,True,0,12,0.07312844693660736,434.1481,80.723,495.1892,215.8253,0.0,False,True,0.0,test
lvis:1993:571:156,lvis,1993,val2017/000000001993.jpg,571,hot-air_balloon,hot-air_balloon,True,0,13,0.07051526755094528,3.5484,1.7179,634.8704,416.2191,0.0,False,True,0.0,test
lvis:1993:571:156,lvis,1993,val2017/000000001993.jpg,571,hot-air_balloon,hot-air_balloon,True,0,14,0.06911993771791458,418.2793,0.8345,630.7846,217.0652,0.0,False,True,0.0,test
lvis:1993:571:156,lvis,1993,val2017/000000001993.jpg,571,hot-air_balloon,hot-air_balloon,True,0,15,0.06874223053455353,338.0428,274.7105,362.5242,291.0151,0.0,False,True,0.0,test
lvis:1993:571:156,lvis,1993,val2017/000000001993.jpg,571,hot-air_balloon,hot-air_balloon,True,0,16,0.06606946140527725,526.9037,207.647,557.8455,222.4186,0.0,False,True,0.0,test
lvis:1993:571:156,lvis,1993,val2017/000000001993.jpg,571,hot-air_balloon,hot-air_balloon,True,0,17,0.0632428377866745,29.5938,251.6691,65.1854,275.7484,0.0,False,True,0.0,test
lvis:1993:571:156,lvis,1993,val2017/000000001993.jpg,571,hot-air_balloon,hot-air_balloon,True,0,18,0.06005213037133217,591.0861,309.2646,609.095,326.4908,0.0,False,True,0.0,test
lvis:1993:571:156,lvis,1993,val2017/000000001993.jpg,571,hot-air_balloon,hot-air_balloon,True,0,19,0.05879407748579979,293.3731,237.0489,570.673,356.107,0.0,False,True,0.0,test
lvis:1993:571:156,lvis,1993,val2017/000000001993.jpg,571,hot-air_balloon,hot-air_balloon,True,0,20,0.058358822017908096,439.0497,147.983,472.636,218.8075,0.0,False,True,0.0,test
lvis:1993:571:156,lvis,1993,val2017/000000001993.jpg,571,hot-air_balloon,hot-air_balloon,True,0,21,0.053948335349559784,0.9805,248.4366,154.8717,416.4654,0.0,False,True,0.0,test
lvis:1993:571:156,lvis,1993,val2017/000000001993.jpg,571,hot-air_balloon,hot-air_balloon,True,0,22,0.05374158173799515,109.5641,246.9649,230.3019,415.9968,0.0,False,True,0.0,test
lvis:1993:571:156,lvis,1993,val2017/000000001993.jpg,571,hot-air_balloon,hot-air_balloon,True,0,23,0.052278004586696625,417.1237,299.5065,459.6752,327.5155,0.0,False,True,0.0,test
lvis:1993:571:156,lvis,1993,val2017/000000001993.jpg,571,hot-air_balloon,hot-air_balloon,True,0,24,0.05168066918849945,447.2159,194.1756,614.4675,274.8555,0.0,False,True,0.0,test
lvis:1993:571:156,lvis,1993,val2017/000000001993.jpg,571,hot-air_balloon,hot-air_balloon,True,0,25,0.0513426773250103,530.104,200.4043,554.8972,213.8954,0.0,False,True,0.0,test
lvis:1993:571:156,lvis,1993,val2017/000000001993.jpg,571,hot-air_balloon,hot-air_balloon,True,0,26,0.050253380089998245,585.6456,213.2597,605.9234,226.1548,0.0,False,True,0.0,test
lvis:2014:822:160,lvis,2014,train2017/000000002014.jpg,822,plow_(farm_equipment),plow_(farm_equipment),True,0,0,0.41666972637176514,7.6229,146.0806,170.262,256.3349,0.0,False,True,9.98792270531401,test
lvis:2014:822:160,lvis,2014,train2017/000000002014.jpg,822,plow_(farm_equipment),plow_(farm_equipment),True,0,1,0.17670007050037384,7.5312,96.7412,171.5103,257.2181,0.0,False,True,0.0,test
lvis:2014:822:160,lvis,2014,train2017/000000002014.jpg,822,plow_(farm_equipment),plow_(farm_equipment),True,0,2,0.15456533432006836,251.7885,133.3273,451.5478,338.3902,0.0,False,True,0.0,test
lvis:2014:822:160,lvis,2014,train2017/000000002014.jpg,822,plow_(farm_equipment),plow_(farm_equipment),True,0,3,0.1310756504535675,268.5349,285.5814,367.7902,337.0749,0.0,False,True,0.0,test
lvis:2014:822:160,lvis,2014,train2017/000000002014.jpg,822,plow_(farm_equipment),plow_(farm_equipment),True,0,4,0.10779379308223724,6.6282,126.1471,197.9934,281.6122,0.0,False,True,0.0,test
lvis:2014:822:160,lvis,2014,train2017/000000002014.jpg,822,plow_(farm_equipment),plow_(farm_equipment),True,0,5,0.06773557513952255,232.1819,114.2955,477.4942,357.1836,0.0,False,True,0.0,test
lvis:2014:822:160,lvis,2014,train2017/000000002014.jpg,822,plow_(farm_equipment),plow_(farm_equipment),True,0,6,0.06727708131074905,125.5233,198.0357,159.6132,212.6759,0.0,False,True,0.0,test
lvis:2014:822:160,lvis,2014,train2017/000000002014.jpg,822,plow_(farm_equipment),plow_(farm_equipment),True,0,7,0.06680972129106522,253.3382,271.6289,388.6454,351.6807,0.0,False,True,0.0,test
lvis:2014:822:160,lvis,2014,train2017/000000002014.jpg,822,plow_(farm_equipment),plow_(farm_equipment),True,0,8,0.0658155083656311,108.8019,192.3441,164.6601,217.7979,0.0,False,True,0.0,test
lvis:2014:822:160,lvis,2014,train2017/000000002014.jpg,822,plow_(farm_equipment),plow_(farm_equipment),True,0,9,0.055568628013134,107.2061,213.1404,139.6539,228.7527,0.0,False,True,0.0,test
lvis:2014:822:160,lvis,2014,train2017/000000002014.jpg,822,plow_(farm_equipment),plow_(farm_equipment),True,0,10,0.052488021552562714,269.1487,309.3656,366.485,335.6808,0.0,False,True,0.0,test
lvis:2014:822:160,lvis,2014,train2017/000000002014.jpg,822,plow_(farm_equipment),plow_(farm_equipment),True,0,11,0.05182364955544472,59.0905,97.5276,133.313,229.2696,0.0,False,True,0.0,test
lvis:2055:486:161,lvis,2055,train2017/000000002055.jpg,486,gargoyle,gargoyle,True,0,0,0.38936272263526917,24.139,59.1282,432.5687,636.8804,0.0,False,True,9.98792270531401,test
lvis:2055:486:161,lvis,2055,train2017/000000002055.jpg,486,gargoyle,gargoyle,True,0,1,0.23078882694244385,148.1689,59.0233,283.725,150.9097,0.0,False,True,9.98792270531401,test
lvis:2055:486:161,lvis,2055,train2017/000000002055.jpg,486,gargoyle,gargoyle,True,0,2,0.1277860403060913,74.1071,196.2597,173.8694,282.5277,0.0,False,True,0.0,test
lvis:2055:486:161,lvis,2055,train2017/000000002055.jpg,486,gargoyle,gargoyle,True,0,3,0.11980902403593063,472.037,308.5634,479.775,340.4571,0.0,False,True,0.0,test
lvis:2055:486:161,lvis,2055,train2017/000000002055.jpg,486,gargoyle,gargoyle,True,0,4,0.09914358705282211,429.5758,597.4891,478.6872,638.5546,0.0,False,True,0.0,test
lvis:2055:486:161,lvis,2055,train2017/000000002055.jpg,486,gargoyle,gargoyle,True,0,5,0.08875999599695206,0.5932,248.4509,63.8505,335.9589,0.0,False,True,0.0,test
lvis:2055:486:161,lvis,2055,train2017/000000002055.jpg,486,gargoyle,gargoyle,True,0,6,0.08228267729282379,146.1313,58.366,287.0393,235.7114,0.0,False,True,0.0,test
lvis:2055:486:161,lvis,2055,train2017/000000002055.jpg,486,gargoyle,gargoyle,True,0,7,0.07761441171169281,211.9323,268.0477,268.7467,472.1201,0.0,False,True,0.0,test
lvis:2055:486:161,lvis,2055,train2017/000000002055.jpg,486,gargoyle,gargoyle,True,0,8,0.07460585981607437,0.5633,247.8287,64.2222,399.929,0.0,False,True,0.0,test
lvis:2055:486:161,lvis,2055,train2017/000000002055.jpg,486,gargoyle,gargoyle,True,0,9,0.07256324589252472,0.4068,603.8532,37.2058,638.9651,0.0,False,True,0.0,test
lvis:2055:486:161,lvis,2055,train2017/000000002055.jpg,486,gargoyle,gargoyle,True,0,10,0.07228868454694748,293.9023,1.1346,417.1946,117.7408,0.0,False,True,0.0,test
lvis:2055:486:161,lvis,2055,train2017/000000002055.jpg,486,gargoyle,gargoyle,True,0,11,0.07037688046693802,18.1653,198.5612,80.3683,288.338,0.0,False,True,0.0,test
lvis:2055:486:161,lvis,2055,train2017/000000002055.jpg,486,gargoyle,gargoyle,True,0,12,0.06962623447179794,293.649,0.6191,477.754,118.0039,0.0,False,True,0.0,test
lvis:2055:486:161,lvis,2055,train2017/000000002055.jpg,486,gargoyle,gargoyle,True,0,13,0.06467226147651672,79.2587,197.6767,169.829,257.1715,0.0,False,True,0.0,test
lvis:2055:486:161,lvis,2055,train2017/000000002055.jpg,486,gargoyle,gargoyle,True,0,14,0.06437382847070694,426.7909,523.3886,478.7287,638.6385,0.0,False,True,0.0,test
lvis:2055:486:161,lvis,2055,train2017/000000002055.jpg,486,gargoyle,gargoyle,True,0,15,0.06351575255393982,420.3953,367.5586,463.0657,417.5328,0.0,False,True,0.0,test
lvis:2055:486:161,lvis,2055,train2017/000000002055.jpg,486,gargoyle,gargoyle,True,0,16,0.061655424535274506,294.468,33.3194,396.4362,117.1638,0.0,False,True,0.0,test
lvis:2055:486:161,lvis,2055,train2017/000000002055.jpg,486,gargoyle,gargoyle,True,0,17,0.06149701401591301,27.6682,222.1881,428.515,560.4363,0.0,False,True,0.0,test
lvis:2055:486:161,lvis,2055,train2017/000000002055.jpg,486,gargoyle,gargoyle,True,0,18,0.060997121036052704,152.4105,57.9139,271.9854,104.6681,0.0,False,True,0.0,test
lvis:2055:486:161,lvis,2055,train2017/000000002055.jpg,486,gargoyle,gargoyle,True,0,19,0.060337722301483154,93.4547,63.3262,379.5572,620.1729,0.0,False,True,0.0,test
lvis:2055:486:161,lvis,2055,train2017/000000002055.jpg,486,gargoyle,gargoyle,True,0,20,0.057901620864868164,427.2872,523.6795,445.7192,608.9151,0.0,False,True,0.0,test
lvis:2055:486:161,lvis,2055,train2017/000000002055.jpg,486,gargoyle,gargoyle,True,0,21,0.056609611958265305,256.8768,553.6923,276.3048,573.8843,0.0,False,True,0.0,test
lvis:2055:486:161,lvis,2055,train2017/000000002055.jpg,486,gargoyle,gargoyle,True,0,22,0.05639303848147392,10.8961,195.2325,173.4962,285.9443,0.0,False,True,0.0,test
lvis:2055:486:161,lvis,2055,train2017/000000002055.jpg,486,gargoyle,gargoyle,True,0,23,0.056324541568756104,1.1133,195.3812,173.3857,409.3705,0.0,False,True,0.0,test
lvis:2055:486:161,lvis,2055,train2017/000000002055.jpg,486,gargoyle,gargoyle,True,0,24,0.054628219455480576,170.6138,58.2374,243.6215,83.5677,0.0,False,True,0.0,test
lvis:2055:486:161,lvis,2055,train2017/000000002055.jpg,486,gargoyle,gargoyle,True,0,25,0.05348634719848633,1.3528,195.0425,174.9707,636.6794,0.0,False,True,0.0,test
lvis:2055:486:161,lvis,2055,train2017/000000002055.jpg,486,gargoyle,gargoyle,True,0,26,0.05236208066344261,124.5411,49.5997,314.3491,206.7181,0.0,False,True,0.0,test
lvis:2055:486:161,lvis,2055,train2017/000000002055.jpg,486,gargoyle,gargoyle,True,0,27,0.05225151404738426,294.6969,83.9676,321.8887,117.3418,0.0,False,True,0.0,test
lvis:2055:486:161,lvis,2055,train2017/000000002055.jpg,486,gargoyle,gargoyle,True,0,28,0.052231281995773315,0.5841,248.2204,64.6477,466.2723,0.0,False,True,0.0,test
lvis:2055:486:161,lvis,2055,train2017/000000002055.jpg,486,gargoyle,gargoyle,True,0,29,0.051807645708322525,157.7026,126.7651,278.9414,162.3134,0.0,False,True,0.0,test
lvis:2055:486:161,lvis,2055,train2017/000000002055.jpg,486,gargoyle,gargoyle,True,0,30,0.05088334530591965,244.3351,480.3513,263.8023,499.4937,0.0,False,True,0.0,test
lvis:2055:486:161,lvis,2055,train2017/000000002055.jpg,486,gargoyle,gargoyle,True,0,31,0.05086885020136833,1.2618,59.1819,146.8688,164.4572,0.0,False,True,0.0,test
lvis:2055:486:161,lvis,2055,train2017/000000002055.jpg,486,gargoyle,gargoyle,True,0,32,0.05061975494027138,126.9582,53.6891,309.3292,295.447,0.0,False,True,0.0,test
lvis:2055:304:162,lvis,2055,train2017/000000002055.jpg,304,cooking_utensil,cooking_utensil,True,0,0,0.4332244396209717,23.8407,60.0504,432.4142,638.2053,0.0,False,True,9.98792270531401,test
lvis:2055:304:162,lvis,2055,train2017/000000002055.jpg,304,cooking_utensil,cooking_utensil,True,0,1,0.2468709647655487,212.6954,268.4401,268.059,472.1797,0.0,False,True,9.98792270531401,test
lvis:2055:304:162,lvis,2055,train2017/000000002055.jpg,304,cooking_utensil,cooking_utensil,True,0,2,0.18320368230342865,170.045,227.6377,278.7815,477.9338,0.0,False,True,0.0,test
lvis:2055:304:162,lvis,2055,train2017/000000002055.jpg,304,cooking_utensil,cooking_utensil,True,0,3,0.16152240335941315,155.2033,129.0521,281.2677,160.3868,0.0,False,True,0.0,test
lvis:2055:304:162,lvis,2055,train2017/000000002055.jpg,304,cooking_utensil,cooking_utensil,True,0,4,0.1290462762117386,257.186,554.5913,275.5941,573.3,0.0,False,True,0.0,test
lvis:2055:304:162,lvis,2055,train2017/000000002055.jpg,304,cooking_utensil,cooking_utensil,True,0,5,0.12109070271253586,244.9368,480.9604,263.468,498.6982,0.0,False,True,0.0,test
lvis:2055:304:162,lvis,2055,train2017/000000002055.jpg,304,cooking_utensil,cooking_utensil,True,0,6,0.09358076006174088,255.0278,552.6379,281.8659,575.3687,0.0,False,True,0.0,test
lvis:2055:304:162,lvis,2055,train2017/000000002055.jpg,304,cooking_utensil,cooking_utensil,True,0,7,0.0878564864397049,429.643,598.0726,478.897,638.9796,0.0,False,True,0.0,test
lvis:2055:304:162,lvis,2055,train2017/000000002055.jpg,304,cooking_utensil,cooking_utensil,True,0,8,0.08323819935321808,427.5657,524.4591,479.0802,638.9137,0.0,False,True,0.0,test
lvis:2055:304:162,lvis,2055,train2017/000000002055.jpg,304,cooking_utensil,cooking_utensil,True,0,9,0.07542413473129272,170.2196,227.6165,277.5419,311.1726,0.0,False,True,0.0,test
lvis:2055:304:162,lvis,2055,train2017/000000002055.jpg,304,cooking_utensil,cooking_utensil,True,0,10,0.06887705624103546,430.5001,598.0493,479.0086,615.4146,0.0,False,True,0.0,test
lvis:2055:304:162,lvis,2055,train2017/000000002055.jpg,304,cooking_utensil,cooking_utensil,True,0,11,0.06482847034931183,0.2644,604.1838,36.9726,639.1405,0.0,False,True,0.0,test
lvis:2055:304:162,lvis,2055,train2017/000000002055.jpg,304,cooking_utensil,cooking_utensil,True,0,12,0.0626552551984787,0.5081,433.4127,36.3268,638.8856,0.0,False,True,0.0,test
lvis:2055:304:162,lvis,2055,train2017/000000002055.jpg,304,cooking_utensil,cooking_utensil,True,0,13,0.0625978335738182,427.8481,524.5467,444.6731,608.6296,0.0,False,True,0.0,test
lvis:2055:304:162,lvis,2055,train2017/000000002055.jpg,304,cooking_utensil,cooking_utensil,True,0,14,0.06258497387170792,1.0567,162.7847,173.9506,637.3501,0.0,False,True,0.0,test
lvis:2055:304:162,lvis,2055,train2017/000000002055.jpg,304,cooking_utensil,cooking_utensil,True,0,15,0.06063899025321007,427.5366,524.3829,445.3813,638.6656,0.0,False,True,0.0,test
lvis:2055:304:162,lvis,2055,train2017/000000002055.jpg,304,cooking_utensil,cooking_utensil,True,0,16,0.05872952565550804,472.4083,309.5824,479.7811,339.6262,0.0,False,True,0.0,test
lvis:2061:40:163,lvis,2061,train2017/000000002061.jpg,40,bait,bait,True,0,0,0.42420241236686707,136.5186,54.9237,211.2482,231.2417,0.0,False,True,9.98792270531401,test
lvis:2061:40:163,lvis,2061,train2017/000000002061.jpg,40,bait,bait,True,0,1,0.17599588632583618,303.1015,22.9168,340.0271,190.1194,0.0,False,True,0.0,test
lvis:2061:40:163,lvis,2061,train2017/000000002061.jpg,40,bait,bait,True,0,2,0.17305923998355865,185.5469,3.6113,195.4858,26.7167,0.0,False,True,0.0,test
lvis:2061:40:163,lvis,2061,train2017/000000002061.jpg,40,bait,bait,True,0,3,0.1396174281835556,159.0116,1.0331,176.4512,17.5695,0.0,False,True,0.0,test
lvis:2061:40:163,lvis,2061,train2017/000000002061.jpg,40,bait,bait,True,0,4,0.12964442372322083,209.8782,148.4008,262.2054,215.3815,0.0,False,True,0.0,test
lvis:2061:40:163,lvis,2061,train2017/000000002061.jpg,40,bait,bait,True,0,5,0.12656547129154205,107.9562,143.7516,128.5546,165.7567,0.0,False,True,0.0,test
lvis:2061:40:163,lvis,2061,train2017/000000002061.jpg,40,bait,bait,True,0,6,0.1259448528289795,159.3277,1.3905,176.5619,57.2184,0.0,False,True,0.0,test
lvis:2061:40:163,lvis,2061,train2017/000000002061.jpg,40,bait,bait,True,0,7,0.11733164638280869,181.3226,0.0235,210.9764,31.9552,0.0,False,True,0.0,test
lvis:2061:40:163,lvis,2061,train2017/000000002061.jpg,40,bait,bait,True,0,8,0.11514046043157578,107.9431,60.2184,131.1016,137.8993,0.0,False,True,0.0,test
lvis:2061:40:163,lvis,2061,train2017/000000002061.jpg,40,bait,bait,True,0,9,0.11230902373790741,116.8419,59.5777,125.1439,72.4882,0.0,False,True,0.0,test
lvis:2061:40:163,lvis,2061,train2017/000000002061.jpg,40,bait,bait,True,0,10,0.11108772456645966,185.1077,25.3647,210.717,31.4894,0.0,False,True,0.0,test
lvis:2061:40:163,lvis,2061,train2017/000000002061.jpg,40,bait,bait,True,0,11,0.1073882132768631,163.745,9.1295,173.7686,57.0029,0.0,False,True,0.0,test
lvis:2061:40:163,lvis,2061,train2017/000000002061.jpg,40,bait,bait,True,0,12,0.10508766770362854,180.8111,0.0102,205.1362,5.3627,0.0,False,True,0.0,test
lvis:2061:40:163,lvis,2061,train2017/000000002061.jpg,40,bait,bait,True,0,13,0.10352028161287308,314.4609,23.3334,339.0688,120.6489,0.0,False,True,0.0,test
lvis:2061:40:163,lvis,2061,train2017/000000002061.jpg,40,bait,bait,True,0,14,0.09836925566196442,81.966,59.0099,131.1427,138.2062,0.0,False,True,0.0,test
lvis:2061:40:163,lvis,2061,train2017/000000002061.jpg,40,bait,bait,True,0,15,0.09691158682107925,304.0023,146.6772,320.3104,189.7501,0.0,False,True,0.0,test
lvis:2061:40:163,lvis,2061,train2017/000000002061.jpg,40,bait,bait,True,0,16,0.09602294117212296,304.2626,23.41,339.6263,120.9694,0.0,False,True,0.0,test
lvis:2061:40:163,lvis,2061,train2017/000000002061.jpg,40,bait,bait,True,0,17,0.08819545060396194,210.2564,148.9691,259.0647,195.5518,0.0,False,True,0.0,test
lvis:2061:40:163,lvis,2061,train2017/000000002061.jpg,40,bait,bait,True,0,18,0.08435618132352829,139.103,55.6239,206.6748,137.0596,0.0,False,True,0.0,test
lvis:2061:40:163,lvis,2061,train2017/000000002061.jpg,40,bait,bait,True,0,19,0.08397473394870758,0.2014,-0.1048,107.483,269.8952,0.0,False,True,0.0,test
lvis:2061:40:163,lvis,2061,train2017/000000002061.jpg,40,bait,bait,True,0,20,0.08397156745195389,45.7262,-0.0054,109.0769,213.2402,0.0,False,True,0.0,test
lvis:2061:40:163,lvis,2061,train2017/000000002061.jpg,40,bait,bait,True,0,21,0.08290252089500427,124.7884,13.2792,223.4312,235.4509,0.0,False,True,0.0,test
lvis:2061:40:163,lvis,2061,train2017/000000002061.jpg,40,bait,bait,True,0,22,0.08149515837430954,147.7622,149.7573,201.2279,180.5562,0.0,False,True,0.0,test
lvis:2061:40:163,lvis,2061,train2017/000000002061.jpg,40,bait,bait,True,0,23,0.08025721460580826,115.0346,57.4321,127.148,76.1272,0.0,False,True,0.0,test
lvis:2061:40:163,lvis,2061,train2017/000000002061.jpg,40,bait,bait,True,0,24,0.07964202761650085,191.4185,0.0023,204.9216,5.2271,0.0,False,True,0.0,test
lvis:2061:40:163,lvis,2061,train2017/000000002061.jpg,40,bait,bait,True,0,25,0.07959809899330139,106.4786,59.847,130.4827,165.4712,0.0,False,True,0.0,test
lvis:2061:40:163,lvis,2061,train2017/000000002061.jpg,40,bait,bait,True,0,26,0.0774351954460144,0.0022,-0.1235,359.985,269.8761,0.0,False,True,0.0,test
lvis:2061:40:163,lvis,2061,train2017/000000002061.jpg,40,bait,bait,True,0,27,0.0769524872303009,47.527,0.1052,82.8109,51.2132,0.0,False,True,0.0,test
lvis:2061:40:163,lvis,2061,train2017/000000002061.jpg,40,bait,bait,True,0,28,0.07679140567779541,158.0514,0.4425,177.4323,27.2645,0.0,False,True,0.0,test
lvis:2061:40:163,lvis,2061,train2017/000000002061.jpg,40,bait,bait,True,0,29,0.07569316029548645,152.7646,21.949,165.734,28.1727,0.0,False,True,0.0,test
lvis:2061:40:163,lvis,2061,train2017/000000002061.jpg,40,bait,bait,True,0,30,0.07375690340995789,117.733,60.3108,130.3866,137.0468,0.0,False,True,0.0,test
lvis:2061:40:163,lvis,2061,train2017/000000002061.jpg,40,bait,bait,True,0,31,0.07361333817243576,152.5059,2.574,184.1491,59.7829,0.0,False,True,0.0,test
lvis:2061:40:163,lvis,2061,train2017/000000002061.jpg,40,bait,bait,True,0,32,0.06693710386753082,153.3392,0.0254,211.498,32.3125,0.0,False,True,0.0,test
lvis:2061:40:163,lvis,2061,train2017/000000002061.jpg,40,bait,bait,True,0,33,0.06500723212957382,137.3286,135.3617,210.7415,230.9257,0.0,False,True,0.0,test
lvis:2061:40:163,lvis,2061,train2017/000000002061.jpg,40,bait,bait,True,0,34,0.06451734155416489,289.7466,214.0647,300.4026,230.2396,0.0,False,True,0.0,test
lvis:2061:40:163,lvis,2061,train2017/000000002061.jpg,40,bait,bait,True,0,35,0.0644289031624794,227.755,162.7239,243.7059,178.8521,0.0,False,True,0.0,test
lvis:2061:40:163,lvis,2061,train2017/000000002061.jpg,40,bait,bait,True,0,36,0.0636306181550026,303.8146,120.7655,324.6531,189.9455,0.0,False,True,0.0,test
lvis:2061:40:163,lvis,2061,train2017/000000002061.jpg,40,bait,bait,True,0,37,0.06349290907382965,304.2647,72.0231,317.4218,91.8742,0.0,False,True,0.0,test
lvis:2061:40:163,lvis,2061,train2017/000000002061.jpg,40,bait,bait,True,0,38,0.06274769455194473,183.4178,22.8795,212.419,33.7754,0.0,False,True,0.0,test
lvis:2061:40:163,lvis,2061,train2017/000000002061.jpg,40,bait,bait,True,0,39,0.06269756704568863,47.6708,0.567,90.0988,188.1378,0.0,False,True,0.0,test
lvis:2061:40:163,lvis,2061,train2017/000000002061.jpg,40,bait,bait,True,0,40,0.06200769916176796,211.0129,149.5223,256.5651,179.1496,0.0,False,True,0.0,test
lvis:2061:40:163,lvis,2061,train2017/000000002061.jpg,40,bait,bait,True,0,41,0.060860611498355865,303.2625,21.6254,359.7246,190.2665,0.0,False,True,0.0,test
lvis:2061:40:163,lvis,2061,train2017/000000002061.jpg,40,bait,bait,True,0,42,0.05854623764753342,151.9523,-0.0984,210.7549,58.5716,0.0,False,True,0.0,test
lvis:2061:40:163,lvis,2061,train2017/000000002061.jpg,40,bait,bait,True,0,43,0.05718386545777321,144.8887,137.9709,204.4247,185.2198,0.0,False,True,0.0,test
lvis:2061:40:163,lvis,2061,train2017/000000002061.jpg,40,bait,bait,True,0,44,0.05664805322885513,289.9354,222.6771,299.9448,230.2021,0.0,False,True,0.0,test
lvis:2061:40:163,lvis,2061,train2017/000000002061.jpg,40,bait,bait,True,0,45,0.05636269599199295,149.2348,65.3852,196.261,121.7807,0.0,False,True,0.0,test
lvis:2061:40:163,lvis,2061,train2017/000000002061.jpg,40,bait,bait,True,0,46,0.05608224496245384,227.4333,165.1164,239.4592,179.0143,0.0,False,True,0.0,test
lvis:2061:40:163,lvis,2061,train2017/000000002061.jpg,40,bait,bait,True,0,47,0.05535752326250076,181.2396,0.0018,204.7227,26.482,0.0,False,True,0.0,test
lvis:2061:40:163,lvis,2061,train2017/000000002061.jpg,40,bait,bait,True,0,48,0.05435536801815033,252.9527,130.4553,264.7761,149.5096,0.0,False,True,0.0,test
lvis:2061:40:163,lvis,2061,train2017/000000002061.jpg,40,bait,bait,True,0,49,0.05403846129775047,152.4977,21.1252,172.2177,28.8922,0.0,False,True,0.0,test
lvis:2061:40:163,lvis,2061,train2017/000000002061.jpg,40,bait,bait,True,0,50,0.05364856868982315,228.9277,171.9662,236.0462,179.174,0.0,False,True,0.0,test
lvis:2061:40:163,lvis,2061,train2017/000000002061.jpg,40,bait,bait,True,0,51,0.052759815007448196,80.7437,36.5473,107.9738,137.5146,0.0,False,True,0.0,test
lvis:2061:40:163,lvis,2061,train2017/000000002061.jpg,40,bait,bait,True,0,52,0.052498724311590195,46.359,-0.2193,130.8911,139.8005,0.0,False,True,0.0,test
lvis:2061:40:163,lvis,2061,train2017/000000002061.jpg,40,bait,bait,True,0,53,0.05206003412604332,81.1975,36.0324,95.5623,62.5971,0.0,False,True,0.0,test
lvis:2061:40:163,lvis,2061,train2017/000000002061.jpg,40,bait,bait,True,0,54,0.051528580486774445,215.1919,181.2498,253.8442,215.2672,0.0,False,True,0.0,test
lvis:2061:40:163,lvis,2061,train2017/000000002061.jpg,40,bait,bait,True,0,55,0.05081558972597122,304.2062,168.5779,315.2531,189.6081,0.0,False,True,0.0,test
lvis:2061:40:163,lvis,2061,train2017/000000002061.jpg,40,bait,bait,True,0,56,0.05020260438323021,82.9299,0.3795,269.6652,233.9865,0.0,False,True,0.0,test
lvis:2149:348:165,lvis,2149,val2017/000000002149.jpg,348,hair_curler,hair_curler,True,0,0,0.4662743806838989,336.9123,67.9691,587.3748,320.6565,0.0,False,True,9.98792270531401,test
lvis:2149:348:165,lvis,2149,val2017/000000002149.jpg,348,hair_curler,hair_curler,True,0,1,0.21222007274627686,93.2229,92.8308,339.5535,325.6751,0.0,False,True,9.98792270531401,test
lvis:2149:348:165,lvis,2149,val2017/000000002149.jpg,348,hair_curler,hair_curler,True,0,2,0.18226782977581024,3.7497,65.4365,633.8367,407.2503,0.0,False,True,0.0,test
lvis:2149:348:165,lvis,2149,val2017/000000002149.jpg,348,hair_curler,hair_curler,True,0,3,0.13994663953781128,441.7029,149.4572,465.0226,189.9323,0.0,False,True,0.0,test
lvis:2149:348:165,lvis,2149,val2017/000000002149.jpg,348,hair_curler,hair_curler,True,0,4,0.13674160838127136,1.1677,235.1513,249.4908,399.246,0.0,False,True,0.0,test
lvis:2149:348:165,lvis,2149,val2017/000000002149.jpg,348,hair_curler,hair_curler,True,0,5,0.1355009824037552,77.5279,65.4762,588.5486,328.4608,0.0,False,True,0.0,test
lvis:2149:348:165,lvis,2149,val2017/000000002149.jpg,348,hair_curler,hair_curler,True,0,6,0.12006328999996185,77.6663,72.1201,239.9667,238.6807,0.0,False,True,0.0,test
lvis:2149:348:165,lvis,2149,val2017/000000002149.jpg,348,hair_curler,hair_curler,True,0,7,0.1033746674656868,435.3605,144.9668,472.5452,196.0713,0.0,False,True,0.0,test
lvis:2149:348:165,lvis,2149,val2017/000000002149.jpg,348,hair_curler,hair_curler,True,0,8,0.09382480382919312,445.8448,298.2554,638.6132,392.2141,0.0,False,True,0.0,test
lvis:2149:348:165,lvis,2149,val2017/000000002149.jpg,348,hair_curler,hair_curler,True,0,9,0.07089950889348984,372.2786,90.9579,543.6648,293.6873,0.0,False,True,0.0,test
lvis:2149:348:165,lvis,2149,val2017/000000002149.jpg,348,hair_curler,hair_curler,True,0,10,0.05638584494590759,317.5383,53.6997,614.7449,364.8385,0.0,False,True,0.0,test
lvis:2149:348:165,lvis,2149,val2017/000000002149.jpg,348,hair_curler,hair_curler,True,0,11,0.05356694757938385,238.4516,295.3981,429.1261,393.1544,0.0,False,True,0.0,test
lvis:2149:348:165,lvis,2149,val2017/000000002149.jpg,348,hair_curler,hair_curler,True,0,12,0.05293051153421402,421.6391,135.0656,486.4105,210.8187,0.0,False,True,0.0,test
lvis:2149:348:165,lvis,2149,val2017/000000002149.jpg,348,hair_curler,hair_curler,True,0,13,0.05190085992217064,251.1139,347.8734,453.8652,401.3548,0.0,False,True,0.0,test
lvis:2149:348:165,lvis,2149,val2017/000000002149.jpg,348,hair_curler,hair_curler,True,0,14,0.05105210840702057,157.2405,260.7911,179.0245,277.3077,0.0,False,True,0.0,test
lvis:2149:151:166,lvis,2149,val2017/000000002149.jpg,151,breechcloth,breechcloth,True,0,0,0.3842599391937256,1.4733,148.3774,638.3619,422.0452,0.0,False,True,9.98792270531401,test
lvis:2149:151:166,lvis,2149,val2017/000000002149.jpg,151,breechcloth,breechcloth,True,0,1,0.18847936391830444,336.822,68.4279,586.9563,320.7588,0.0,False,True,0.0,test
lvis:2149:151:166,lvis,2149,val2017/000000002149.jpg,151,breechcloth,breechcloth,True,0,2,0.16892242431640625,79.1032,73.0219,339.5127,326.2548,0.0,False,True,0.0,test
lvis:2149:151:166,lvis,2149,val2017/000000002149.jpg,151,breechcloth,breechcloth,True,0,3,0.14834047853946686,55.0196,68.5639,623.4982,389.4161,0.0,False,True,0.0,test
lvis:2149:151:166,lvis,2149,val2017/000000002149.jpg,151,breechcloth,breechcloth,True,0,4,0.1472313553094864,2.6643,5.5032,636.903,421.0115,0.0,False,True,0.0,test
lvis:2149:151:166,lvis,2149,val2017/000000002149.jpg,151,breechcloth,breechcloth,True,0,5,0.11032313108444214,78.0777,72.6428,239.9267,239.2434,0.0,False,True,0.0,test
lvis:2149:151:166,lvis,2149,val2017/000000002149.jpg,151,breechcloth,breechcloth,True,0,6,0.08783824741840363,2.5636,145.0002,637.6074,329.9155,0.0,False,True,0.0,test
lvis:2149:151:166,lvis,2149,val2017/000000002149.jpg,151,breechcloth,breechcloth,True,0,7,0.07868673652410507,0.8645,235.5704,248.9381,399.0695,0.0,False,True,0.0,test
lvis:2149:151:166,lvis,2149,val2017/000000002149.jpg,151,breechcloth,breechcloth,True,0,8,0.07134280353784561,2.0803,232.9706,637.2688,421.1409,0.0,False,True,0.0,test
lvis:2149:151:166,lvis,2149,val2017/000000002149.jpg,151,breechcloth,breechcloth,True,0,9,0.06839676946401596,3.4435,1.2763,637.1708,179.0788,0.0,False,True,0.0,test
lvis:2149:151:166,lvis,2149,val2017/000000002149.jpg,151,breechcloth,breechcloth,True,0,10,0.06483935564756393,0.7975,171.0295,84.0154,274.8789,0.0,False,True,0.0,test
lvis:2149:151:166,lvis,2149,val2017/000000002149.jpg,151,breechcloth,breechcloth,True,0,11,0.05493897199630737,574.2439,159.3519,638.8151,321.5645,0.0,False,True,0.0,test
lvis:2149:151:166,lvis,2149,val2017/000000002149.jpg,151,breechcloth,breechcloth,True,0,12,0.05278884992003441,446.1392,298.8631,638.7136,391.7987,0.0,False,True,0.0,test
lvis:2149:151:166,lvis,2149,val2017/000000002149.jpg,151,breechcloth,breechcloth,True,0,13,0.05246219038963318,581.4431,159.7392,638.7689,248.3093,0.0,False,True,0.0,test
lvis:2153:126:167,lvis,2153,val2017/000000002153.jpg,126,bonnet,bonnet,True,0,0,0.3542761504650116,355.9875,276.4254,388.9461,302.4999,0.0,False,True,9.98792270531401,test
lvis:2153:126:167,lvis,2153,val2017/000000002153.jpg,126,bonnet,bonnet,True,0,1,0.2781551778316498,312.7426,299.1499,339.8352,330.3101,0.0,False,True,9.98792270531401,test
lvis:2153:126:167,lvis,2153,val2017/000000002153.jpg,126,bonnet,bonnet,True,0,2,0.25515133142471313,282.5342,275.838,467.4542,446.681,0.0,False,True,9.98792270531401,test
lvis:2153:126:167,lvis,2153,val2017/000000002153.jpg,126,bonnet,bonnet,True,0,3,0.2439366579055786,390.3105,205.1191,415.2301,231.0398,0.0,False,True,9.98792270531401,test
lvis:2153:126:167,lvis,2153,val2017/000000002153.jpg,126,bonnet,bonnet,True,0,4,0.17601247131824493,273.6603,298.8687,377.7549,435.7987,0.0,False,True,0.0,test
lvis:2153:126:167,lvis,2153,val2017/000000002153.jpg,126,bonnet,bonnet,True,0,5,0.13990700244903564,175.1553,0.296,241.102,118.825,0.0,False,True,0.0,test
lvis:2153:126:167,lvis,2153,val2017/000000002153.jpg,126,bonnet,bonnet,True,0,6,0.13957132399082184,348.4674,270.2805,396.1761,308.6926,0.0,False,True,0.0,test
lvis:2153:126:167,lvis,2153,val2017/000000002153.jpg,126,bonnet,bonnet,True,0,7,0.13306373357772827,304.1524,294.7077,346.3599,336.7314,0.0,False,True,0.0,test
lvis:2153:126:167,lvis,2153,val2017/000000002153.jpg,126,bonnet,bonnet,True,0,8,0.11913551390171051,367.1787,183.6482,459.6815,407.983,0.0,False,True,0.0,test
lvis:2153:126:167,lvis,2153,val2017/000000002153.jpg,126,bonnet,bonnet,True,0,9,0.1045512929558754,369.1441,204.0159,436.6159,407.8699,0.0,False,True,0.0,test
lvis:2153:126:167,lvis,2153,val2017/000000002153.jpg,126,bonnet,bonnet,True,0,10,0.09318573772907257,370.6088,183.0439,459.8709,241.0716,0.0,False,True,0.0,test
lvis:2153:126:167,lvis,2153,val2017/000000002153.jpg,126,bonnet,bonnet,True,0,11,0.09003399312496185,277.4097,181.5535,470.1392,445.8004,0.0,False,True,0.0,test
lvis:2153:126:167,lvis,2153,val2017/000000002153.jpg,126,bonnet,bonnet,True,0,12,0.08695679903030396,341.8962,266.6034,403.9746,316.9087,0.0,False,True,0.0,test
lvis:2153:126:167,lvis,2153,val2017/000000002153.jpg,126,bonnet,bonnet,True,0,13,0.07958974689245224,390.5711,183.5086,459.6622,230.8402,0.0,False,True,0.0,test
lvis:2153:126:167,lvis,2153,val2017/000000002153.jpg,126,bonnet,bonnet,True,0,14,0.07631012052297592,361.2851,276.6855,381.4199,288.7428,0.0,False,True,0.0,test
lvis:2153:126:167,lvis,2153,val2017/000000002153.jpg,126,bonnet,bonnet,True,0,15,0.07549142092466354,306.0141,275.085,442.5201,405.861,0.0,False,True,0.0,test
lvis:2153:126:167,lvis,2153,val2017/000000002153.jpg,126,bonnet,bonnet,True,0,16,0.07180923968553543,382.9661,200.3061,421.1514,238.49,0.0,False,True,0.0,test
lvis:2153:126:167,lvis,2153,val2017/000000002153.jpg,126,bonnet,bonnet,True,0,17,0.06980811059474945,393.239,384.4666,411.7667,394.9452,0.0,False,True,0.0,test
lvis:2153:126:167,lvis,2153,val2017/000000002153.jpg,126,bonnet,bonnet,True,0,18,0.06937029957771301,309.624,275.6949,390.3688,333.8299,0.0,False,True,0.0,test
lvis:2153:126:167,lvis,2153,val2017/000000002153.jpg,126,bonnet,bonnet,True,0,19,0.06848714500665665,3.7115,1.9832,636.097,475.2947,0.0,False,True,0.0,test
lvis:2153:126:167,lvis,2153,val2017/000000002153.jpg,126,bonnet,bonnet,True,0,20,0.06658163666725159,370.5982,204.174,416.0692,241.2677,0.0,False,True,0.0,test
lvis:2153:126:167,lvis,2153,val2017/000000002153.jpg,126,bonnet,bonnet,True,0,21,0.06355687975883484,347.5656,275.4243,433.0676,407.394,0.0,False,True,0.0,test
lvis:2153:126:167,lvis,2153,val2017/000000002153.jpg,126,bonnet,bonnet,True,0,22,0.06270841509103775,394.6492,395.2212,425.2752,407.6319,0.0,False,True,0.0,test
lvis:2153:126:167,lvis,2153,val2017/000000002153.jpg,126,bonnet,bonnet,True,0,23,0.060217611491680145,175.3287,35.8389,196.3551,49.3899,0.0,False,True,0.0,test
lvis:2153:126:167,lvis,2153,val2017/000000002153.jpg,126,bonnet,bonnet,True,0,24,0.054243601858615875,391.4698,205.5563,411.5018,217.4832,0.0,False,True,0.0,test
lvis:2153:126:167,lvis,2153,val2017/000000002153.jpg,126,bonnet,bonnet,True,0,25,0.05317030847072601,351.739,275.9535,414.2606,394.4294,0.0,False,True,0.0,test
lvis:2153:126:167,lvis,2153,val2017/000000002153.jpg,126,bonnet,bonnet,True,0,26,0.053008344024419785,341.153,179.6093,468.5436,431.3006,0.0,False,True,0.0,test
lvis:2153:126:167,lvis,2153,val2017/000000002153.jpg,126,bonnet,bonnet,True,0,27,0.052817340940237045,414.6441,183.0098,460.0616,213.1012,0.0,False,True,0.0,test
lvis:2153:126:167,lvis,2153,val2017/000000002153.jpg,126,bonnet,bonnet,True,0,28,0.05265487730503082,371.1219,223.9591,386.323,240.8462,0.0,False,True,0.0,test
lvis:2153:126:167,lvis,2153,val2017/000000002153.jpg,126,bonnet,bonnet,True,0,29,0.05243672803044319,215.7439,16.9115,225.8888,28.569,0.0,False,True,0.0,test
lvis:2153:126:167,lvis,2153,val2017/000000002153.jpg,126,bonnet,bonnet,True,0,30,0.05176733806729317,196.7513,105.2224,226.4369,118.4502,0.0,False,True,0.0,test
lvis:2153:126:167,lvis,2153,val2017/000000002153.jpg,126,bonnet,bonnet,True,0,31,0.05089721083641052,360.5318,181.6594,461.066,302.3153,0.0,False,True,0.0,test
lvis:2153:126:167,lvis,2153,val2017/000000002153.jpg,126,bonnet,bonnet,True,0,32,0.05057262256741524,343.6335,419.5394,378.0175,436.5947,0.0,False,True,0.0,test
lvis:2157:560:170,lvis,2157,val2017/000000002157.jpg,560,hippopotamus,hippopotamus,True,0,0,0.5390521883964539,14.3727,167.0278,269.1432,364.0041,0.0,False,True,9.98792270531401,test
lvis:2157:560:170,lvis,2157,val2017/000000002157.jpg,560,hippopotamus,hippopotamus,True,0,1,0.21418629586696625,291.8194,41.838,425.8603,96.8851,0.0,False,True,9.98792270531401,test
lvis:2157:560:170,lvis,2157,val2017/000000002157.jpg,560,hippopotamus,hippopotamus,True,0,2,0.18447628617286682,381.1366,136.1211,637.2234,332.645,0.0,False,True,0.0,test
lvis:2157:560:170,lvis,2157,val2017/000000002157.jpg,560,hippopotamus,hippopotamus,True,0,3,0.15338049829006195,295.6486,42.8697,376.9304,93.5291,0.0,False,True,0.0,test
lvis:2157:560:170,lvis,2157,val2017/000000002157.jpg,560,hippopotamus,hippopotamus,True,0,4,0.13027505576610565,405.2875,165.0338,491.8893,224.1641,0.0,False,True,0.0,test
lvis:2157:560:170,lvis,2157,val2017/000000002157.jpg,560,hippopotamus,hippopotamus,True,0,5,0.12191479653120041,594.202,128.8011,638.8807,169.6664,0.0,False,True,0.0,test
lvis:2157:560:170,lvis,2157,val2017/000000002157.jpg,560,hippopotamus,hippopotamus,True,0,6,0.11041586846113205,413.1151,262.7542,525.9827,331.1418,0.0,False,True,0.0,test
lvis:2157:560:170,lvis,2157,val2017/000000002157.jpg,560,hippopotamus,hippopotamus,True,0,7,0.10617870837450027,350.6705,60.6555,392.3317,96.0614,0.0,False,True,0.0,test
lvis:2157:560:170,lvis,2157,val2017/000000002157.jpg,560,hippopotamus,hippopotamus,True,0,8,0.10079317539930344,351.6788,46.62,425.0087,96.1852,0.0,False,True,0.0,test
lvis:2157:560:170,lvis,2157,val2017/000000002157.jpg,560,hippopotamus,hippopotamus,True,0,9,0.09821125864982605,297.2846,55.6227,350.8635,92.9281,0.0,False,True,0.0,test
lvis:2157:560:170,lvis,2157,val2017/000000002157.jpg,560,hippopotamus,hippopotamus,True,0,10,0.0962284579873085,218.0333,110.6665,309.6353,150.8038,0.0,False,True,0.0,test
lvis:2157:560:170,lvis,2157,val2017/000000002157.jpg,560,hippopotamus,hippopotamus,True,0,11,0.09604249894618988,232.9108,40.1664,427.4982,98.3869,0.0,False,True,0.0,test
lvis:2157:560:170,lvis,2157,val2017/000000002157.jpg,560,hippopotamus,hippopotamus,True,0,12,0.08834246546030045,377.1086,46.6652,424.5694,70.5124,0.0,False,True,0.0,test
lvis:2157:560:170,lvis,2157,val2017/000000002157.jpg,560,hippopotamus,hippopotamus,True,0,13,0.08749639987945557,11.2557,139.8719,329.9941,389.4852,0.0,False,True,0.0,test
lvis:2157:560:170,lvis,2157,val2017/000000002157.jpg,560,hippopotamus,hippopotamus,True,0,14,0.07957663387060165,404.8052,143.3711,506.1191,225.299,0.0,False,True,0.0,test
lvis:2157:560:170,lvis,2157,val2017/000000002157.jpg,560,hippopotamus,hippopotamus,True,0,15,0.07325270771980286,386.8917,60.9024,423.4142,93.7213,0.0,False,True,0.0,test
lvis:2157:560:170,lvis,2157,val2017/000000002157.jpg,560,hippopotamus,hippopotamus,True,0,16,0.0725257620215416,412.8954,284.2361,503.7442,330.7593,0.0,False,True,0.0,test
lvis:2157:560:170,lvis,2157,val2017/000000002157.jpg,560,hippopotamus,hippopotamus,True,0,17,0.07062970101833344,399.0878,140.8805,634.7285,277.3021,0.0,False,True,0.0,test
lvis:2157:560:170,lvis,2157,val2017/000000002157.jpg,560,hippopotamus,hippopotamus,True,0,18,0.062255583703517914,319.9927,42.1605,378.0031,62.5828,0.0,False,True,0.0,test
lvis:2157:560:170,lvis,2157,val2017/000000002157.jpg,560,hippopotamus,hippopotamus,True,0,19,0.061898745596408844,507.2178,201.4392,575.0742,249.4962,0.0,False,True,0.0,test
lvis:2157:560:170,lvis,2157,val2017/000000002157.jpg,560,hippopotamus,hippopotamus,True,0,20,0.060232505202293396,512.311,232.2888,636.4905,325.0446,0.0,False,True,0.0,test
lvis:2157:560:170,lvis,2157,val2017/000000002157.jpg,560,hippopotamus,hippopotamus,True,0,21,0.0602119117975235,239.0022,27.5806,447.0705,115.7737,0.0,False,True,0.0,test
lvis:2157:560:170,lvis,2157,val2017/000000002157.jpg,560,hippopotamus,hippopotamus,True,0,22,0.05910129472613335,507.1512,191.1825,637.3857,250.6782,0.0,False,True,0.0,test
lvis:2157:560:170,lvis,2157,val2017/000000002157.jpg,560,hippopotamus,hippopotamus,True,0,23,0.05846211314201355,376.8939,46.5127,425.1935,91.9077,0.0,False,True,0.0,test
lvis:2157:560:170,lvis,2157,val2017/000000002157.jpg,560,hippopotamus,hippopotamus,True,0,24,0.057546358555555344,391.4131,214.4063,455.791,287.925,0.0,False,True,0.0,test
lvis:2157:560:170,lvis,2157,val2017/000000002157.jpg,560,hippopotamus,hippopotamus,True,0,25,0.05687737837433815,570.896,196.6268,637.9441,237.886,0.0,False,True,0.0,test
lvis:2157:560:170,lvis,2157,val2017/000000002157.jpg,560,hippopotamus,hippopotamus,True,0,26,0.05630972981452942,406.3011,165.6988,480.1124,200.1075,0.0,False,True,0.0,test
lvis:2157:560:170,lvis,2157,val2017/000000002157.jpg,560,hippopotamus,hippopotamus,True,0,27,0.051997147500514984,447.9709,219.9977,523.9941,267.9866,0.0,False,True,0.0,test
lvis:2157:560:170,lvis,2157,val2017/000000002157.jpg,560,hippopotamus,hippopotamus,True,0,28,0.0513165146112442,492.2541,165.7922,556.3505,225.4576,0.0,False,True,0.0,test
lvis:2157:560:170,lvis,2157,val2017/000000002157.jpg,560,hippopotamus,hippopotamus,True,0,29,0.05110964924097061,22.052,167.6332,254.9824,269.7508,0.0,False,True,0.0,test
lvis:2157:560:170,lvis,2157,val2017/000000002157.jpg,560,hippopotamus,hippopotamus,True,0,30,0.05054464191198349,435.1735,188.6199,494.1153,235.1671,0.0,False,True,0.0,test
lvis:2157:560:170,lvis,2157,val2017/000000002157.jpg,560,hippopotamus,hippopotamus,True,0,31,0.05005878582596779,44.0069,172.2724,253.6053,305.6723,0.0,False,True,0.0,test
lvis:2191:492:171,lvis,2191,train2017/000000002191.jpg,492,generator,generator,True,0,0,0.5250191688537598,209.848,66.757,302.131,245.9778,0.0,False,True,9.98792270531401,test
lvis:2191:492:171,lvis,2191,train2017/000000002191.jpg,492,generator,generator,True,0,1,0.24919679760932922,5.9917,122.5743,16.5894,136.0641,0.0,False,True,9.98792270531401,test
lvis:2191:492:171,lvis,2191,train2017/000000002191.jpg,492,generator,generator,True,0,2,0.17141342163085938,283.6805,124.6352,288.6476,136.4815,0.0,False,True,0.0,test
lvis:2191:492:171,lvis,2191,train2017/000000002191.jpg,492,generator,generator,True,0,3,0.13265350461006165,1.3913,84.068,58.3084,120.1568,0.0,False,True,0.0,test
lvis:2191:492:171,lvis,2191,train2017/000000002191.jpg,492,generator,generator,True,0,4,0.11822088807821274,422.5657,107.1777,544.8881,126.3691,0.0,False,True,0.0,test
lvis:2191:492:171,lvis,2191,train2017/000000002191.jpg,492,generator,generator,True,0,5,0.11209822446107864,281.3712,122.3306,290.9552,138.1095,0.0,False,True,0.0,test
lvis:2191:492:171,lvis,2191,train2017/000000002191.jpg,492,generator,generator,True,0,6,0.11109505593776703,186.2115,53.0705,329.0844,258.9572,0.0,False,True,0.0,test
lvis:2191:492:171,lvis,2191,train2017/000000002191.jpg,492,generator,generator,True,0,7,0.10556333512067795,2.4116,119.1285,20.1409,139.15,0.0,False,True,0.0,test
lvis:2191:492:171,lvis,2191,train2017/000000002191.jpg,492,generator,generator,True,0,8,0.10532166808843613,262.6445,135.0581,274.3589,145.4938,0.0,False,True,0.0,test
lvis:2191:492:171,lvis,2191,train2017/000000002191.jpg,492,generator,generator,True,0,9,0.08531820774078369,152.9993,246.3696,221.713,270.8056,0.0,False,True,0.0,test
lvis:2191:492:171,lvis,2191,train2017/000000002191.jpg,492,generator,generator,True,0,10,0.08499537408351898,1.1555,120.3296,639.1602,320.4202,0.0,False,True,0.0,test
lvis:2191:492:171,lvis,2191,train2017/000000002191.jpg,492,generator,generator,True,0,11,0.0793614462018013,235.0108,232.9904,248.7827,245.7185,0.0,False,True,0.0,test
lvis:2191:492:171,lvis,2191,train2017/000000002191.jpg,492,generator,generator,True,0,12,0.07332170009613037,272.6396,67.4453,293.705,85.2554,0.0,False,True,0.0,test
lvis:2191:492:171,lvis,2191,train2017/000000002191.jpg,492,generator,generator,True,0,13,0.06945108622312546,232.9563,222.0519,248.9966,245.8766,0.0,False,True,0.0,test
lvis:2191:492:171,lvis,2191,train2017/000000002191.jpg,492,generator,generator,True,0,14,0.06907771527767181,29.0466,86.2693,38.0852,109.4454,0.0,False,True,0.0,test
lvis:2191:492:171,lvis,2191,train2017/000000002191.jpg,492,generator,generator,True,0,15,0.0673004612326622,261.3651,124.3525,289.3817,145.4938,0.0,False,True,0.0,test
lvis:2191:492:171,lvis,2191,train2017/000000002191.jpg,492,generator,generator,True,0,16,0.06305298209190369,416.256,98.8929,554.6874,132.4469,0.0,False,True,0.0,test
lvis:2191:492:171,lvis,2191,train2017/000000002191.jpg,492,generator,generator,True,0,17,0.06298036128282547,531.2434,113.7596,541.8215,123.8727,0.0,False,True,0.0,test
lvis:2191:492:171,lvis,2191,train2017/000000002191.jpg,492,generator,generator,True,0,18,0.06214806064963341,271.4398,67.1455,294.576,96.0858,0.0,False,True,0.0,test
lvis:2191:492:171,lvis,2191,train2017/000000002191.jpg,492,generator,generator,True,0,19,0.05854449048638344,8.8652,85.3162,50.1824,111.2391,0.0,False,True,0.0,test
lvis:2191:492:171,lvis,2191,train2017/000000002191.jpg,492,generator,generator,True,0,20,0.05711526796221733,604.9929,123.4832,616.1266,129.1999,0.0,False,True,0.0,test
lvis:2191:492:171,lvis,2191,train2017/000000002191.jpg,492,generator,generator,True,0,21,0.05679311975836754,1.2445,84.3207,168.1371,123.1543,0.0,False,True,0.0,test
lvis:2191:492:171,lvis,2191,train2017/000000002191.jpg,492,generator,generator,True,0,22,0.056445445865392685,15.6676,85.0082,27.7723,108.8391,0.0,False,True,0.0,test
lvis:2191:492:171,lvis,2191,train2017/000000002191.jpg,492,generator,generator,True,0,23,0.054795801639556885,38.1099,92.3418,52.0827,111.442,0.0,False,True,0.0,test
lvis:2191:492:171,lvis,2191,train2017/000000002191.jpg,492,generator,generator,True,0,24,0.05235305428504944,3.4914,3.4571,636.3071,319.6649,0.0,False,True,0.0,test
lvis:2191:492:171,lvis,2191,train2017/000000002191.jpg,492,generator,generator,True,0,25,0.05193647742271423,270.8413,216.9964,284.9461,230.591,0.0,False,True,0.0,test
lvis:2191:492:171,lvis,2191,train2017/000000002191.jpg,492,generator,generator,True,0,26,0.051209088414907455,209.6023,66.9824,302.5381,171.5718,0.0,False,True,0.0,test
lvis:2191:492:171,lvis,2191,train2017/000000002191.jpg,492,generator,generator,True,0,27,0.05079013854265213,116.545,112.453,167.8035,122.9048,0.0,False,True,0.0,test
lvis:2191:492:171,lvis,2191,train2017/000000002191.jpg,492,generator,generator,True,0,28,0.050720445811748505,172.582,44.7371,353.6604,287.3235,0.0,False,True,0.0,test
lvis:2191:492:171,lvis,2191,train2017/000000002191.jpg,492,generator,generator,True,0,29,0.05023247003555298,1.0797,115.7377,28.1321,144.9874,0.0,False,True,0.0,test
lvis:2191:890:172,lvis,2191,train2017/000000002191.jpg,890,rodent,rodent,True,0,0,0.646980345249176,209.3655,65.8714,303.0028,246.3666,0.0,False,True,9.98792270531401,test
lvis:2191:890:172,lvis,2191,train2017/000000002191.jpg,890,rodent,rodent,True,0,1,0.17426779866218567,5.528,122.0591,16.9498,136.3527,0.0,False,True,0.0,test
lvis:2191:890:172,lvis,2191,train2017/000000002191.jpg,890,rodent,rodent,True,0,2,0.08444446325302124,2.3326,117.7263,22.3354,141.0637,0.0,False,True,0.0,test
lvis:2191:890:172,lvis,2191,train2017/000000002191.jpg,890,rodent,rodent,True,0,3,0.08320332318544388,180.1001,42.3532,344.2379,277.4969,0.0,False,True,0.0,test
lvis:2191:890:172,lvis,2191,train2017/000000002191.jpg,890,rodent,rodent,True,0,4,0.06619492173194885,421.7501,106.0598,545.6229,127.0777,0.0,False,True,0.0,test
lvis:2191:890:172,lvis,2191,train2017/000000002191.jpg,890,rodent,rodent,True,0,5,0.057131100445985794,152.6738,245.2441,222.1083,271.6457,0.0,False,True,0.0,test
lvis:2191:890:172,lvis,2191,train2017/000000002191.jpg,890,rodent,rodent,True,0,6,0.05109695345163345,283.3631,124.2369,289.1848,136.5792,0.0,False,True,0.0,test
lvis:2295:509:176,lvis,2295,train2017/000000002295.jpg,509,gourd,gourd,True,0,0,0.5015876293182373,24.5576,91.7547,532.8357,437.3159,0.0,False,True,9.98792270531401,test
lvis:2295:509:176,lvis,2295,train2017/000000002295.jpg,509,gourd,gourd,True,0,1,0.2733258605003357,180.4129,234.3593,367.9217,352.7447,0.0,False,True,9.98792270531401,test
lvis:2295:509:176,lvis,2295,train2017/000000002295.jpg,509,gourd,gourd,True,0,2,0.15373660624027252,97.9725,126.4211,454.0756,355.2189,0.0,False,True,0.0,test
lvis:2295:509:176,lvis,2295,train2017/000000002295.jpg,509,gourd,gourd,True,0,3,0.11246369779109955,70.3112,0.3709,484.899,149.7056,0.0,False,True,0.0,test
lvis:2295:509:176,lvis,2295,train2017/000000002295.jpg,509,gourd,gourd,True,0,4,0.08731374889612198,44.4509,94.807,489.847,360.1919,0.0,False,True,0.0,test
lvis:2295:509:176,lvis,2295,train2017/000000002295.jpg,509,gourd,gourd,True,0,5,0.05486626178026199,87.0092,169.4902,437.5856,383.9885,0.0,False,True,0.0,test
lvis:2296:688:177,lvis,2296,train2017/000000002296.jpg,688,milestone,milestone,True,0,0,0.2993241250514984,42.7009,358.3853,185.0228,521.939,0.0,False,True,9.98792270531401,test
lvis:2296:688:177,lvis,2296,train2017/000000002296.jpg,688,milestone,milestone,True,0,1,0.22117935121059418,333.2915,121.8468,426.7293,574.5248,0.0,False,True,9.98792270531401,test
lvis:2296:688:177,lvis,2296,train2017/000000002296.jpg,688,milestone,milestone,True,0,2,0.218228280544281,1.8855,428.4616,424.9051,638.5168,0.0,False,True,9.98792270531401,test
lvis:2296:688:177,lvis,2296,train2017/000000002296.jpg,688,milestone,milestone,True,0,3,0.21509847044944763,95.2139,408.9442,140.5217,521.3381,0.0,False,True,9.98792270531401,test
lvis:2296:688:177,lvis,2296,train2017/000000002296.jpg,688,milestone,milestone,True,0,4,0.19549721479415894,218.3829,342.632,289.6971,467.3648,0.0,False,True,9.98792270531401,test
lvis:2296:688:177,lvis,2296,train2017/000000002296.jpg,688,milestone,milestone,True,0,5,0.18443210422992706,37.1056,192.3494,134.2922,314.7048,0.0,False,True,0.0,test
lvis:2296:688:177,lvis,2296,train2017/000000002296.jpg,688,milestone,milestone,True,0,6,0.1608133763074875,214.0999,385.4652,229.1817,442.8322,0.0,False,True,0.0,test
lvis:2296:688:177,lvis,2296,train2017/000000002296.jpg,688,milestone,milestone,True,0,7,0.15835094451904297,149.1234,280.096,200.9706,340.5978,0.0,False,True,0.0,test
lvis:2296:688:177,lvis,2296,train2017/000000002296.jpg,688,milestone,milestone,True,0,8,0.1380043625831604,30.9897,494.1665,88.8758,576.2525,0.0,False,True,0.0,test
lvis:2296:688:177,lvis,2296,train2017/000000002296.jpg,688,milestone,milestone,True,0,9,0.12204661965370178,22.953,321.5147,38.6463,347.1068,0.0,False,True,0.0,test
lvis:2296:688:177,lvis,2296,train2017/000000002296.jpg,688,milestone,milestone,True,0,10,0.11837678402662277,1.5657,96.8263,263.1826,529.8527,0.0,False,True,0.0,test
lvis:2296:688:177,lvis,2296,train2017/000000002296.jpg,688,milestone,milestone,True,0,11,0.11611142009496689,370.1366,171.1454,421.4295,258.6924,0.0,False,True,0.0,test
lvis:2296:688:177,lvis,2296,train2017/000000002296.jpg,688,milestone,milestone,True,0,12,0.11294546723365784,71.1816,408.186,99.381,448.1747,0.0,False,True,0.0,test
lvis:2296:688:177,lvis,2296,train2017/000000002296.jpg,688,milestone,milestone,True,0,13,0.11104681342840195,2.1563,89.3243,426.0285,636.5861,0.0,False,True,0.0,test
lvis:2296:688:177,lvis,2296,train2017/000000002296.jpg,688,milestone,milestone,True,0,14,0.10745702683925629,213.8103,360.7037,229.8308,443.6987,0.0,False,True,0.0,test
lvis:2296:688:177,lvis,2296,train2017/000000002296.jpg,688,milestone,milestone,True,0,15,0.10282626003026962,331.2098,467.9736,423.6543,575.332,0.0,False,True,0.0,test
lvis:2296:688:177,lvis,2296,train2017/000000002296.jpg,688,milestone,milestone,True,0,16,0.10217124223709106,213.1727,384.9255,240.9464,443.3849,0.0,False,True,0.0,test
lvis:2296:688:177,lvis,2296,train2017/000000002296.jpg,688,milestone,milestone,True,0,17,0.09948225319385529,0.3699,389.4988,62.2954,454.0158,0.0,False,True,0.0,test
lvis:2296:688:177,lvis,2296,train2017/000000002296.jpg,688,milestone,milestone,True,0,18,0.09728739410638809,245.4578,507.8122,289.3374,536.8535,0.0,False,True,0.0,test
lvis:2296:688:177,lvis,2296,train2017/000000002296.jpg,688,milestone,milestone,True,0,19,0.0961877629160881,42.7496,358.9773,185.0706,411.6101,0.0,False,True,0.0,test
lvis:2296:688:177,lvis,2296,train2017/000000002296.jpg,688,milestone,milestone,True,0,20,0.09498231112957001,0.3547,388.5999,62.4975,549.5917,0.0,False,True,0.0,test
lvis:2296:688:177,lvis,2296,train2017/000000002296.jpg,688,milestone,milestone,True,0,21,0.08428289741277695,53.49,356.9314,71.7925,390.4632,0.0,False,True,0.0,test
lvis:2296:688:177,lvis,2296,train2017/000000002296.jpg,688,milestone,milestone,True,0,22,0.08111552149057388,78.445,399.1204,156.4633,525.9304,0.0,False,True,0.0,test
lvis:2296:688:177,lvis,2296,train2017/000000002296.jpg,688,milestone,milestone,True,0,23,0.08061368763446808,232.3024,377.7615,288.344,466.7134,0.0,False,True,0.0,test
lvis:2296:688:177,lvis,2296,train2017/000000002296.jpg,688,milestone,milestone,True,0,24,0.07828512787818909,358.1075,170.659,423.4337,533.0411,0.0,False,True,0.0,test
lvis:2296:688:177,lvis,2296,train2017/000000002296.jpg,688,milestone,milestone,True,0,25,0.07817006856203079,287.4196,335.1243,306.9697,355.2523,0.0,False,True,0.0,test
lvis:2296:688:177,lvis,2296,train2017/000000002296.jpg,688,milestone,milestone,True,0,26,0.07671526819467545,261.0894,183.7258,339.1907,320.6725,0.0,False,True,0.0,test
lvis:2296:688:177,lvis,2296,train2017/000000002296.jpg,688,milestone,milestone,True,0,27,0.07669654488563538,223.8285,342.6849,265.5986,355.7758,0.0,False,True,0.0,test
lvis:2296:688:177,lvis,2296,train2017/000000002296.jpg,688,milestone,milestone,True,0,28,0.07581323385238647,42.4227,356.4835,185.1987,454.5805,0.0,False,True,0.0,test
lvis:2296:688:177,lvis,2296,train2017/000000002296.jpg,688,milestone,milestone,True,0,29,0.07299591600894928,212.1275,360.1368,239.1078,444.7318,0.0,False,True,0.0,test
lvis:2296:688:177,lvis,2296,train2017/000000002296.jpg,688,milestone,milestone,True,0,30,0.07220759987831116,108.8995,331.6788,165.2081,366.5791,0.0,False,True,0.0,test
lvis:2296:688:177,lvis,2296,train2017/000000002296.jpg,688,milestone,milestone,True,0,31,0.07196909189224243,107.4396,137.1622,210.6797,217.9752,0.0,False,True,0.0,test
lvis:2296:688:177,lvis,2296,train2017/000000002296.jpg,688,milestone,milestone,True,0,32,0.06954589486122131,357.9896,485.2986,392.6674,547.1476,0.0,False,True,0.0,test
lvis:2296:688:177,lvis,2296,train2017/000000002296.jpg,688,milestone,milestone,True,0,33,0.06893208622932434,77.0279,205.5349,90.9564,306.2835,0.0,False,True,0.0,test
lvis:2296:688:177,lvis,2296,train2017/000000002296.jpg,688,milestone,milestone,True,0,34,0.06759537011384964,332.8379,467.4699,409.3868,537.163,0.0,False,True,0.0,test
lvis:2296:688:177,lvis,2296,train2017/000000002296.jpg,688,milestone,milestone,True,0,35,0.06710755079984665,357.8333,486.1583,421.0003,573.9045,0.0,False,True,0.0,test
lvis:2296:688:177,lvis,2296,train2017/000000002296.jpg,688,milestone,milestone,True,0,36,0.0666951909661293,258.577,595.2383,323.6493,638.8774,0.0,False,True,0.0,test
lvis:2296:688:177,lvis,2296,train2017/000000002296.jpg,688,milestone,milestone,True,0,37,0.0663396567106247,287.4962,358.8296,306.7359,378.561,0.0,False,True,0.0,test
lvis:2296:688:177,lvis,2296,train2017/000000002296.jpg,688,milestone,milestone,True,0,38,0.0642632395029068,149.7784,281.6839,181.1835,339.4102,0.0,False,True,0.0,test
lvis:2296:688:177,lvis,2296,train2017/000000002296.jpg,688,milestone,milestone,True,0,39,0.06415417045354843,239.4858,554.6206,296.2368,595.1533,0.0,False,True,0.0,test
lvis:2296:688:177,lvis,2296,train2017/000000002296.jpg,688,milestone,milestone,True,0,40,0.0639963299036026,373.2894,493.8336,408.7944,526.8705,0.0,False,True,0.0,test
lvis:2296:688:177,lvis,2296,train2017/000000002296.jpg,688,milestone,milestone,True,0,41,0.06354205310344696,72.6015,549.8142,133.7647,591.1079,0.0,False,True,0.0,test
lvis:2296:688:177,lvis,2296,train2017/000000002296.jpg,688,milestone,milestone,True,0,42,0.06352389603853226,16.5235,316.4331,44.7044,352.3723,0.0,False,True,0.0,test
lvis:2296:688:177,lvis,2296,train2017/000000002296.jpg,688,milestone,milestone,True,0,43,0.06317044794559479,166.9606,492.5606,360.1694,635.3014,0.0,False,True,0.0,test
lvis:2296:688:177,lvis,2296,train2017/000000002296.jpg,688,milestone,milestone,True,0,44,0.06305957585573196,177.6365,563.0884,238.3302,606.7373,0.0,False,True,0.0,test
lvis:2296:688:177,lvis,2296,train2017/000000002296.jpg,688,milestone,milestone,True,0,45,0.06156788766384125,275.4419,197.3869,331.0291,310.8963,0.0,False,True,0.0,test
lvis:2296:688:177,lvis,2296,train2017/000000002296.jpg,688,milestone,milestone,True,0,46,0.06077241525053978,94.8969,357.1231,116.4015,378.6873,0.0,False,True,0.0,test
lvis:2296:688:177,lvis,2296,train2017/000000002296.jpg,688,milestone,milestone,True,0,47,0.060697175562381744,203.9904,542.6115,256.9817,579.6808,0.0,False,True,0.0,test
lvis:2296:688:177,lvis,2296,train2017/000000002296.jpg,688,milestone,milestone,True,0,48,0.060464005917310715,297.3721,546.7476,351.5936,585.5978,0.0,False,True,0.0,test
lvis:2296:688:177,lvis,2296,train2017/000000002296.jpg,688,milestone,milestone,True,0,49,0.060297317802906036,332.759,269.1076,348.3037,472.1523,0.0,False,True,0.0,test
lvis:2296:688:177,lvis,2296,train2017/000000002296.jpg,688,milestone,milestone,True,0,50,0.05996372178196907,129.0058,453.6349,407.4683,637.0635,0.0,False,True,0.0,test
lvis:2296:688:177,lvis,2296,train2017/000000002296.jpg,688,milestone,milestone,True,0,51,0.059792742133140564,350.6721,466.4308,408.7773,527.0965,0.0,False,True,0.0,test
lvis:2296:688:177,lvis,2296,train2017/000000002296.jpg,688,milestone,milestone,True,0,52,0.059225693345069885,332.5965,215.2905,350.5729,473.0615,0.0,False,True,0.0,test
lvis:2296:688:177,lvis,2296,train2017/000000002296.jpg,688,milestone,milestone,True,0,53,0.057837747037410736,97.0242,412.6748,120.7643,516.4593,0.0,False,True,0.0,test
lvis:2296:688:177,lvis,2296,train2017/000000002296.jpg,688,milestone,milestone,True,0,54,0.057702578604221344,339.3077,77.4326,427.247,167.4755,0.0,False,True,0.0,test
lvis:2296:688:177,lvis,2296,train2017/000000002296.jpg,688,milestone,milestone,True,0,55,0.057699836790561676,138.0021,267.6035,214.9634,361.1617,0.0,False,True,0.0,test
lvis:2296:688:177,lvis,2296,train2017/000000002296.jpg,688,milestone,milestone,True,0,56,0.057576704770326614,103.5677,382.8567,113.5293,390.3133,0.0,False,True,0.0,test
lvis:2296:688:177,lvis,2296,train2017/000000002296.jpg,688,milestone,milestone,True,0,57,0.057510875165462494,224.5363,523.359,275.4891,557.5295,0.0,False,True,0.0,test
lvis:2296:688:177,lvis,2296,train2017/000000002296.jpg,688,milestone,milestone,True,0,58,0.05744375288486481,383.37,517.5943,419.7094,574.7534,0.0,False,True,0.0,test
lvis:2296:688:177,lvis,2296,train2017/000000002296.jpg,688,milestone,milestone,True,0,59,0.057369619607925415,63.6775,404.8705,102.5897,452.439,0.0,False,True,0.0,test
lvis:2296:688:177,lvis,2296,train2017/000000002296.jpg,688,milestone,milestone,True,0,60,0.057161252945661545,148.8465,280.7186,238.5286,462.4306,0.0,False,True,0.0,test
lvis:2296:688:177,lvis,2296,train2017/000000002296.jpg,688,milestone,milestone,True,0,61,0.05696580931544304,106.7943,531.7681,159.122,567.4919,0.0,False,True,0.0,test
lvis:2296:688:177,lvis,2296,train2017/000000002296.jpg,688,milestone,milestone,True,0,62,0.05682574212551117,214.2952,466.0211,252.3545,486.6193,0.0,False,True,0.0,test
lvis:2296:688:177,lvis,2296,train2017/000000002296.jpg,688,milestone,milestone,True,0,63,0.05598796159029007,361.7928,266.7994,418.8987,452.4344,0.0,False,True,0.0,test
lvis:2296:688:177,lvis,2296,train2017/000000002296.jpg,688,milestone,milestone,True,0,64,0.05579674616456032,132.9391,515.1713,184.7349,546.2706,0.0,False,True,0.0,test
lvis:2296:688:177,lvis,2296,train2017/000000002296.jpg,688,milestone,milestone,True,0,65,0.05578603222966194,35.989,192.0391,191.6745,521.5818,0.0,False,True,0.0,test
lvis:2296:688:177,lvis,2296,train2017/000000002296.jpg,688,milestone,milestone,True,0,66,0.055694449692964554,342.5396,421.7794,362.9674,470.0867,0.0,False,True,0.0,test
lvis:2296:688:177,lvis,2296,train2017/000000002296.jpg,688,milestone,milestone,True,0,67,0.055527765303850174,70.4197,489.7266,407.123,637.5494,0.0,False,True,0.0,test
lvis:2296:688:177,lvis,2296,train2017/000000002296.jpg,688,milestone,milestone,True,0,68,0.05531984940171242,179.5056,282.5328,200.0301,339.0424,0.0,False,True,0.0,test
lvis:2296:688:177,lvis,2296,train2017/000000002296.jpg,688,milestone,milestone,True,0,69,0.05530112236738205,214.3125,385.5336,222.8272,402.2728,0.0,False,True,0.0,test
lvis:2296:688:177,lvis,2296,train2017/000000002296.jpg,688,milestone,milestone,True,0,70,0.05490273982286453,273.6338,429.4698,335.134,471.4049,0.0,False,True,0.0,test
lvis:2296:688:177,lvis,2296,train2017/000000002296.jpg,688,milestone,milestone,True,0,71,0.054332733154296875,331.9685,468.5114,389.7758,545.993,0.0,False,True,0.0,test
lvis:2296:688:177,lvis,2296,train2017/000000002296.jpg,688,milestone,milestone,True,0,72,0.05419144779443741,358.3641,484.1838,409.3987,541.7887,0.0,False,True,0.0,test
lvis:2296:688:177,lvis,2296,train2017/000000002296.jpg,688,milestone,milestone,True,0,73,0.053379036486148834,107.2964,135.845,248.7391,466.3343,0.0,False,True,0.0,test
lvis:2296:688:177,lvis,2296,train2017/000000002296.jpg,688,milestone,milestone,True,0,74,0.052770864218473434,404.884,320.1188,419.3619,359.2306,0.0,False,True,0.0,test
lvis:2296:688:177,lvis,2296,train2017/000000002296.jpg,688,milestone,milestone,True,0,75,0.05206356197595596,130.9594,359.1546,148.1031,372.8107,0.0,False,True,0.0,test
lvis:2296:688:177,lvis,2296,train2017/000000002296.jpg,688,milestone,milestone,True,0,76,0.051576949656009674,343.1496,172.944,422.0571,480.6674,0.0,False,True,0.0,test
lvis:2296:688:177,lvis,2296,train2017/000000002296.jpg,688,milestone,milestone,True,0,77,0.05146097391843796,184.1124,433.1891,238.3964,463.1904,0.0,False,True,0.0,test
lvis:2296:688:177,lvis,2296,train2017/000000002296.jpg,688,milestone,milestone,True,0,78,0.05043228715658188,224.5259,506.5106,289.6621,557.3448,0.0,False,True,0.0,test
lvis:2296:688:177,lvis,2296,train2017/000000002296.jpg,688,milestone,milestone,True,0,79,0.0504092313349247,341.4076,219.4284,368.5607,471.1105,0.0,False,True,0.0,test
lvis:2296:151:178,lvis,2296,train2017/000000002296.jpg,151,breechcloth,breechcloth,True,0,0,0.3400142192840576,370.0469,171.6069,420.1515,259.1683,0.0,False,True,9.98792270531401,test
lvis:2296:151:178,lvis,2296,train2017/000000002296.jpg,151,breechcloth,breechcloth,True,0,1,0.2669629156589508,150.4328,280.9705,200.4303,340.3335,0.0,False,True,9.98792270531401,test
lvis:2296:151:178,lvis,2296,train2017/000000002296.jpg,151,breechcloth,breechcloth,True,0,2,0.2469368875026703,154.225,283.2228,180.7462,339.2046,0.0,False,True,9.98792270531401,test
lvis:2296:151:178,lvis,2296,train2017/000000002296.jpg,151,breechcloth,breechcloth,True,0,3,0.24088652431964874,179.2271,282.4365,199.682,339.4825,0.0,False,True,9.98792270531401,test
lvis:2296:151:178,lvis,2296,train2017/000000002296.jpg,151,breechcloth,breechcloth,True,0,4,0.2280479520559311,2.0469,428.9833,425.661,638.5486,0.0,False,True,9.98792270531401,test
lvis:2296:151:178,lvis,2296,train2017/000000002296.jpg,151,breechcloth,breechcloth,True,0,5,0.17563475668430328,278.9203,358.2972,336.8102,426.1067,0.0,False,True,0.0,test
lvis:2296:151:178,lvis,2296,train2017/000000002296.jpg,151,breechcloth,breechcloth,True,0,6,0.1419786661863327,37.2202,192.7417,134.1195,314.4105,0.0,False,True,0.0,test
lvis:2296:151:178,lvis,2296,train2017/000000002296.jpg,151,breechcloth,breechcloth,True,0,7,0.1116274744272232,42.2723,357.2634,184.8961,520.5807,0.0,False,True,0.0,test
lvis:2296:151:178,lvis,2296,train2017/000000002296.jpg,151,breechcloth,breechcloth,True,0,8,0.10291784256696701,219.5018,344.1241,289.5582,467.0423,0.0,False,True,0.0,test
lvis:2296:151:178,lvis,2296,train2017/000000002296.jpg,151,breechcloth,breechcloth,True,0,9,0.1008349284529686,43.9799,357.1947,75.3932,384.2013,0.0,False,True,0.0,test
lvis:2296:151:178,lvis,2296,train2017/000000002296.jpg,151,breechcloth,breechcloth,True,0,10,0.0738932192325592,31.5283,494.3593,88.5098,576.1433,0.0,False,True,0.0,test
lvis:2296:151:178,lvis,2296,train2017/000000002296.jpg,151,breechcloth,breechcloth,True,0,11,0.07269590348005295,280.3198,360.7716,316.9459,424.8527,0.0,False,True,0.0,test
lvis:2296:151:178,lvis,2296,train2017/000000002296.jpg,151,breechcloth,breechcloth,True,0,12,0.0712554007768631,0.3961,391.1885,62.1262,453.3406,0.0,False,True,0.0,test
lvis:2296:151:178,lvis,2296,train2017/000000002296.jpg,151,breechcloth,breechcloth,True,0,13,0.06829714775085449,348.2783,153.0986,425.7473,278.7822,0.0,False,True,0.0,test
lvis:2296:151:178,lvis,2296,train2017/000000002296.jpg,151,breechcloth,breechcloth,True,0,14,0.06324832886457443,180.3908,282.7737,199.5223,308.3028,0.0,False,True,0.0,test
lvis:2296:151:178,lvis,2296,train2017/000000002296.jpg,151,breechcloth,breechcloth,True,0,15,0.06258010864257812,124.9905,453.8075,361.8903,634.1539,0.0,False,True,0.0,test
lvis:2296:151:178,lvis,2296,train2017/000000002296.jpg,151,breechcloth,breechcloth,True,0,16,0.062181323766708374,194.6622,354.192,223.1081,442.4834,0.0,False,True,0.0,test
lvis:2296:151:178,lvis,2296,train2017/000000002296.jpg,151,breechcloth,breechcloth,True,0,17,0.05619800463318825,42.8976,360.2729,184.5527,411.9967,0.0,False,True,0.0,test
lvis:2296:151:178,lvis,2296,train2017/000000002296.jpg,151,breechcloth,breechcloth,True,0,18,0.05358268693089485,337.6811,126.4852,425.6696,578.7061,0.0,False,True,0.0,test
lvis:2296:151:178,lvis,2296,train2017/000000002296.jpg,151,breechcloth,breechcloth,True,0,19,0.05318519473075867,359.872,168.8269,422.873,515.7546,0.0,False,True,0.0,test
lvis:2296:151:178,lvis,2296,train2017/000000002296.jpg,151,breechcloth,breechcloth,True,0,20,0.052815381437540054,137.7749,266.2701,219.8493,367.8412,0.0,False,True,0.0,test
lvis:2296:151:178,lvis,2296,train2017/000000002296.jpg,151,breechcloth,breechcloth,True,0,21,0.05101589858531952,130.9615,507.2617,364.9733,633.286,0.0,False,True,0.0,test
lvis:2296:151:178,lvis,2296,train2017/000000002296.jpg,151,breechcloth,breechcloth,True,0,22,0.05037867650389671,156.9293,480.4473,383.5629,629.8135,0.0,False,True,0.0,test
lvis:2299:632:179,lvis,2299,val2017/000000002299.jpg,632,lasagna,lasagna,True,0,0,0.36185261607170105,1.7715,20.528,492.386,292.7399,0.0,False,True,9.98792270531401,test
lvis:2299:632:179,lvis,2299,val2017/000000002299.jpg,632,lasagna,lasagna,True,0,1,0.22733516991138458,70.0414,190.4326,135.5731,300.3014,0.0,False,True,9.98792270531401,test
lvis:2299:632:179,lvis,2299,val2017/000000002299.jpg,632,lasagna,lasagna,True,0,2,0.17178604006767273,139.8536,191.7608,211.9116,295.816,0.0,False,True,0.0,test
lvis:2299:632:179,lvis,2299,val2017/000000002299.jpg,632,lasagna,lasagna,True,0,3,0.16138207912445068,326.6568,188.9785,385.6509,287.7641,0.0,False,True,0.0,test
lvis:2299:632:179,lvis,2299,val2017/000000002299.jpg,632,lasagna,lasagna,True,0,4,0.1580921709537506,203.1635,189.9427,267.9859,288.4113,0.0,False,True,0.0,test
lvis:2299:632:179,lvis,2299,val2017/000000002299.jpg,632,lasagna,lasagna,True,0,5,0.13683436810970306,264.8165,193.1908,330.3473,287.6132,0.0,False,True,0.0,test
lvis:2299:632:179,lvis,2299,val2017/000000002299.jpg,632,lasagna,lasagna,True,0,6,0.13475258648395538,111.2192,30.0152,161.565,119.1351,0.0,False,True,0.0,test
lvis:2299:632:179,lvis,2299,val2017/000000002299.jpg,632,lasagna,lasagna,True,0,7,0.12510554492473602,386.8025,193.6235,456.6138,291.3131,0.0,False,True,0.0,test
lvis:2299:632:179,lvis,2299,val2017/000000002299.jpg,632,lasagna,lasagna,True,0,8,0.11861676722764969,58.3175,32.1731,112.7148,138.6458,0.0,False,True,0.0,test
lvis:2299:632:179,lvis,2299,val2017/000000002299.jpg,632,lasagna,lasagna,True,0,9,0.11302384734153748,162.8949,26.1929,209.4467,112.9734,0.0,False,True,0.0,test
lvis:2299:632:179,lvis,2299,val2017/000000002299.jpg,632,lasagna,lasagna,True,0,10,0.11277037858963013,225.2645,66.1508,279.1109,151.5551,0.0,False,True,0.0,test
lvis:2299:632:179,lvis,2299,val2017/000000002299.jpg,632,lasagna,lasagna,True,0,11,0.10093434154987335,392.2547,30.1143,438.7898,116.9628,0.0,False,True,0.0,test
lvis:2299:632:179,lvis,2299,val2017/000000002299.jpg,632,lasagna,lasagna,True,0,12,0.09847336262464523,207.5603,21.3217,256.3985,106.6946,0.0,False,True,0.0,test
lvis:2299:632:179,lvis,2299,val2017/000000002299.jpg,632,lasagna,lasagna,True,0,13,0.09674743562936783,309.2054,25.9265,358.0687,118.4885,0.0,False,True,0.0,test
lvis:2299:632:179,lvis,2299,val2017/000000002299.jpg,632,lasagna,lasagna,True,0,14,0.09571743756532669,1.6583,128.1443,45.8876,277.2008,0.0,False,True,0.0,test
lvis:2299:632:179,lvis,2299,val2017/000000002299.jpg,632,lasagna,lasagna,True,0,15,0.09328356385231018,353.6282,26.6947,393.8371,117.1901,0.0,False,True,0.0,test
lvis:2299:632:179,lvis,2299,val2017/000000002299.jpg,632,lasagna,lasagna,True,0,16,0.09002730250358582,39.2783,125.9637,78.9243,275.8907,0.0,False,True,0.0,test
lvis:2299:632:179,lvis,2299,val2017/000000002299.jpg,632,lasagna,lasagna,True,0,17,0.08418964594602585,259.3901,20.4995,311.2898,111.6743,0.0,False,True,0.0,test
lvis:2299:632:179,lvis,2299,val2017/000000002299.jpg,632,lasagna,lasagna,True,0,18,0.08327066153287888,320.0868,81.1277,365.6273,156.5387,0.0,False,True,0.0,test
lvis:2299:632:179,lvis,2299,val2017/000000002299.jpg,632,lasagna,lasagna,True,0,19,0.08324433118104935,248.7317,123.5216,295.309,231.1042,0.0,False,True,0.0,test
lvis:2299:632:179,lvis,2299,val2017/000000002299.jpg,632,lasagna,lasagna,True,0,20,0.08286832273006439,444.8423,85.8171,493.8695,270.9706,0.0,False,True,0.0,test
lvis:2299:632:179,lvis,2299,val2017/000000002299.jpg,632,lasagna,lasagna,True,0,21,0.08192212134599686,280.6854,75.9609,321.4723,143.5948,0.0,False,True,0.0,test
lvis:2299:632:179,lvis,2299,val2017/000000002299.jpg,632,lasagna,lasagna,True,0,22,0.0801348090171814,0.7503,89.9457,47.9927,173.119,0.0,False,True,0.0,test
lvis:2299:632:179,lvis,2299,val2017/000000002299.jpg,632,lasagna,lasagna,True,0,23,0.0784720629453659,215.8888,122.041,256.5941,210.9059,0.0,False,True,0.0,test
lvis:2299:632:179,lvis,2299,val2017/000000002299.jpg,632,lasagna,lasagna,True,0,24,0.07792451977729797,99.0904,83.1836,146.3418,158.2409,0.0,False,True,0.0,test
lvis:2299:632:179,lvis,2299,val2017/000000002299.jpg,632,lasagna,lasagna,True,0,25,0.07772190868854523,429.3976,131.5824,475.8255,277.8132,0.0,False,True,0.0,test
lvis:2299:632:179,lvis,2299,val2017/000000002299.jpg,632,lasagna,lasagna,True,0,26,0.074082151055336,44.9593,78.4476,93.0317,159.0905,0.0,False,True,0.0,test
lvis:2299:632:179,lvis,2299,val2017/000000002299.jpg,632,lasagna,lasagna,True,0,27,0.07358758896589279,362.8708,83.5686,409.238,160.0583,0.0,False,True,0.0,test
lvis:2299:632:179,lvis,2299,val2017/000000002299.jpg,632,lasagna,lasagna,True,0,28,0.07183171063661575,407.3417,78.2978,453.9755,158.5386,0.0,False,True,0.0,test
lvis:2299:632:179,lvis,2299,val2017/000000002299.jpg,632,lasagna,lasagna,True,0,29,0.06937878578901291,394.186,127.6856,433.8849,219.9794,0.0,False,True,0.0,test
lvis:2299:632:179,lvis,2299,val2017/000000002299.jpg,632,lasagna,lasagna,True,0,30,0.06937161833047867,283.6959,75.6348,316.8196,108.5468,0.0,False,True,0.0,test
lvis:2299:632:179,lvis,2299,val2017/000000002299.jpg,632,lasagna,lasagna,True,0,31,0.06854358315467834,184.7023,82.2259,228.6558,149.9852,0.0,False,True,0.0,test
lvis:2299:632:179,lvis,2299,val2017/000000002299.jpg,632,lasagna,lasagna,True,0,32,0.06832669675350189,178.7141,114.7829,224.4117,223.7956,0.0,False,True,0.0,test
lvis:2299:632:179,lvis,2299,val2017/000000002299.jpg,632,lasagna,lasagna,True,0,33,0.06736905127763748,144.1542,81.4689,187.2929,156.5922,0.0,False,True,0.0,test
lvis:2299:632:179,lvis,2299,val2017/000000002299.jpg,632,lasagna,lasagna,True,0,34,0.06497330963611603,356.955,129.4403,397.3065,254.0977,0.0,False,True,0.0,test
lvis:2299:632:179,lvis,2299,val2017/000000002299.jpg,632,lasagna,lasagna,True,0,35,0.06463869661092758,109.1172,125.0544,149.0233,258.918,0.0,False,True,0.0,test
lvis:2299:632:179,lvis,2299,val2017/000000002299.jpg,632,lasagna,lasagna,True,0,36,0.059931784868240356,322.9001,127.3193,361.3244,215.6532,0.0,False,True,0.0,test
lvis:2299:632:179,lvis,2299,val2017/000000002299.jpg,632,lasagna,lasagna,True,0,37,0.058829497545957565,287.5177,120.1723,325.9981,227.2502,0.0,False,True,0.0,test
lvis:2299:632:179,lvis,2299,val2017/000000002299.jpg,632,lasagna,lasagna,True,0,38,0.05682791769504547,289.7539,75.4522,310.1215,87.3106,0.0,False,True,0.0,test
lvis:2299:632:179,lvis,2299,val2017/000000002299.jpg,632,lasagna,lasagna,True,0,39,0.05192931741476059,49.7909,78.1239,85.7064,108.6915,0.0,False,True,0.0,test
lvis:2299:632:179,lvis,2299,val2017/000000002299.jpg,632,lasagna,lasagna,True,0,40,0.051039014011621475,75.8549,134.8959,115.7855,225.5545,0.0,False,True,0.0,test
lvis:2299:632:179,lvis,2299,val2017/000000002299.jpg,632,lasagna,lasagna,True,0,41,0.05087340623140335,144.7668,122.7119,182.658,228.882,0.0,False,True,0.0,test
lvis:2299:693:180,lvis,2299,val2017/000000002299.jpg,693,mint_candy,mint_candy,True,0,0,0.5252444744110107,1.1701,20.5784,491.1494,295.4802,0.0,False,True,9.98792270531401,test
lvis:2299:693:180,lvis,2299,val2017/000000002299.jpg,693,mint_candy,mint_candy,True,0,1,0.1339838057756424,70.0786,190.4399,135.736,300.4191,0.0,False,True,0.0,test
lvis:2299:693:180,lvis,2299,val2017/000000002299.jpg,693,mint_candy,mint_candy,True,0,2,0.10274522006511688,310.0916,287.8293,325.8618,293.7805,0.0,False,True,0.0,test
lvis:2299:693:180,lvis,2299,val2017/000000002299.jpg,693,mint_candy,mint_candy,True,0,3,0.10144109278917313,326.5077,189.2218,386.6306,287.761,0.0,False,True,0.0,test
lvis:2299:693:180,lvis,2299,val2017/000000002299.jpg,693,mint_candy,mint_candy,True,0,4,0.09628714621067047,139.7896,191.7815,212.1798,296.2491,0.0,False,True,0.0,test
lvis:2299:693:180,lvis,2299,val2017/000000002299.jpg,693,mint_candy,mint_candy,True,0,5,0.0823931023478508,111.4095,29.9397,161.8383,119.4159,0.0,False,True,0.0,test
lvis:2299:693:180,lvis,2299,val2017/000000002299.jpg,693,mint_candy,mint_candy,True,0,6,0.08101238310337067,1.4915,127.9202,46.0853,277.3044,0.0,False,True,0.0,test
lvis:2299:693:180,lvis,2299,val2017/000000002299.jpg,693,mint_candy,mint_candy,True,0,7,0.0809943675994873,361.8993,266.5585,384.3454,285.0029,0.0,False,True,0.0,test
lvis:2299:693:180,lvis,2299,val2017/000000002299.jpg,693,mint_candy,mint_candy,True,0,8,0.07857734709978104,264.7044,193.331,330.4475,287.4076,0.0,False,True,0.0,test
lvis:2299:693:180,lvis,2299,val2017/000000002299.jpg,693,mint_candy,mint_candy,True,0,9,0.07292009145021439,202.5877,189.7533,267.9124,289.0517,0.0,False,True,0.0,test
lvis:2299:693:180,lvis,2299,val2017/000000002299.jpg,693,mint_candy,mint_candy,True,0,10,0.07250525057315826,225.3054,66.0872,279.3116,151.7088,0.0,False,True,0.0,test
lvis:2299:693:180,lvis,2299,val2017/000000002299.jpg,693,mint_candy,mint_candy,True,0,11,0.07188832014799118,386.7852,193.7126,456.7549,291.4899,0.0,False,True,0.0,test
lvis:2299:693:180,lvis,2299,val2017/000000002299.jpg,693,mint_candy,mint_candy,True,0,12,0.06954436004161835,392.1653,29.8176,439.1644,117.0119,0.0,False,True,0.0,test
lvis:2299:693:180,lvis,2299,val2017/000000002299.jpg,693,mint_candy,mint_candy,True,0,13,0.06848695129156113,162.7354,26.0311,209.6351,113.6618,0.0,False,True,0.0,test
lvis:2299:693:180,lvis,2299,val2017/000000002299.jpg,693,mint_candy,mint_candy,True,0,14,0.0679042637348175,40.1439,125.7113,79.4675,275.9906,0.0,False,True,0.0,test
lvis:2299:693:180,lvis,2299,val2017/000000002299.jpg,693,mint_candy,mint_candy,True,0,15,0.06480738520622253,59.0555,32.0646,113.0179,139.1923,0.0,False,True,0.0,test
lvis:2299:693:180,lvis,2299,val2017/000000002299.jpg,693,mint_candy,mint_candy,True,0,16,0.0611477755010128,353.5625,26.4466,393.9867,117.8385,0.0,False,True,0.0,test
lvis:2299:693:180,lvis,2299,val2017/000000002299.jpg,693,mint_candy,mint_candy,True,0,17,0.05938663333654404,309.0034,25.8081,358.1401,120.4368,0.0,False,True,0.0,test
lvis:2299:693:180,lvis,2299,val2017/000000002299.jpg,693,mint_candy,mint_candy,True,0,18,0.05748642235994339,248.7907,123.3785,295.481,230.999,0.0,False,True,0.0,test
lvis:2299:693:180,lvis,2299,val2017/000000002299.jpg,693,mint_candy,mint_candy,True,0,19,0.05546727031469345,109.096,124.8965,149.3268,280.429,0.0,False,True,0.0,test
lvis:2299:693:180,lvis,2299,val2017/000000002299.jpg,693,mint_candy,mint_candy,True,0,20,0.05510426685214043,429.065,131.4751,475.8562,277.9624,0.0,False,True,0.0,test
lvis:2299:693:180,lvis,2299,val2017/000000002299.jpg,693,mint_candy,mint_candy,True,0,21,0.05414573475718498,288.6417,247.0837,300.7786,263.0815,0.0,False,True,0.0,test
lvis:2299:693:180,lvis,2299,val2017/000000002299.jpg,693,mint_candy,mint_candy,True,0,22,0.0519833117723465,207.4707,21.2156,256.5742,106.4216,0.0,False,True,0.0,test
lvis:2299:693:180,lvis,2299,val2017/000000002299.jpg,693,mint_candy,mint_candy,True,0,23,0.051047369837760925,259.217,20.3524,311.6259,112.0902,0.0,False,True,0.0,test
lvis:2402:585:181,lvis,2402,train2017/000000002402.jpg,585,inhaler,inhaler,True,0,0,0.221527561545372,52.4552,163.6513,75.6845,193.4828,0.0,False,True,9.98792270531401,test
lvis:2402:585:181,lvis,2402,train2017/000000002402.jpg,585,inhaler,inhaler,True,0,1,0.22124359011650085,131.3449,176.6621,176.8383,278.0587,0.0,False,True,9.98792270531401,test
lvis:2402:585:181,lvis,2402,train2017/000000002402.jpg,585,inhaler,inhaler,True,0,2,0.2037259042263031,441.7108,219.5691,452.8883,238.0506,0.0,False,True,9.98792270531401,test
lvis:2402:585:181,lvis,2402,train2017/000000002402.jpg,585,inhaler,inhaler,True,0,3,0.20103144645690918,346.9568,91.5662,426.491,253.6727,0.0,False,True,9.98792270531401,test
lvis:2402:585:181,lvis,2402,train2017/000000002402.jpg,585,inhaler,inhaler,True,0,4,0.1935468167066574,424.2279,100.8234,487.5673,239.3897,0.0,False,True,0.0,test
lvis:2402:585:181,lvis,2402,train2017/000000002402.jpg,585,inhaler,inhaler,True,0,5,0.1848195195198059,386.2491,175.8303,396.6922,190.9153,0.0,False,True,0.0,test
lvis:2402:585:181,lvis,2402,train2017/000000002402.jpg,585,inhaler,inhaler,True,0,6,0.16283169388771057,387.0802,180.1188,395.9705,190.2924,0.0,False,True,0.0,test
lvis:2402:585:181,lvis,2402,train2017/000000002402.jpg,585,inhaler,inhaler,True,0,7,0.15971682965755463,436.589,219.3557,453.9952,238.9011,0.0,False,True,0.0,test
lvis:2402:585:181,lvis,2402,train2017/000000002402.jpg,585,inhaler,inhaler,True,0,8,0.15700435638427734,125.2439,175.9374,201.1978,280.7011,0.0,False,True,0.0,test
lvis:2402:585:181,lvis,2402,train2017/000000002402.jpg,585,inhaler,inhaler,True,0,9,0.13663066923618317,0.3173,190.0919,9.5134,206.7949,0.0,False,True,0.0,test
lvis:2402:585:181,lvis,2402,train2017/000000002402.jpg,585,inhaler,inhaler,True,0,10,0.0998319759964943,296.8528,123.7848,330.9692,221.1941,0.0,False,True,0.0,test
lvis:2402:585:181,lvis,2402,train2017/000000002402.jpg,585,inhaler,inhaler,True,0,11,0.09283049404621124,442.8618,219.6845,451.2103,232.1076,0.0,False,True,0.0,test
lvis:2402:585:181,lvis,2402,train2017/000000002402.jpg,585,inhaler,inhaler,True,0,12,0.07963506132364273,470.5625,218.0214,487.0536,237.7992,0.0,False,True,0.0,test
lvis:2402:585:181,lvis,2402,train2017/000000002402.jpg,585,inhaler,inhaler,True,0,13,0.07769108563661575,241.0434,157.1082,264.5528,223.0719,0.0,False,True,0.0,test
lvis:2402:585:181,lvis,2402,train2017/000000002402.jpg,585,inhaler,inhaler,True,0,14,0.0727485939860344,335.3091,160.9099,344.8875,181.3189,0.0,False,True,0.0,test
lvis:2402:585:181,lvis,2402,train2017/000000002402.jpg,585,inhaler,inhaler,True,0,15,0.07011822611093521,114.5923,166.1618,207.377,290.0715,0.0,False,True,0.0,test
lvis:2402:585:181,lvis,2402,train2017/000000002402.jpg,585,inhaler,inhaler,True,0,16,0.07005488872528076,207.1784,162.1836,231.2172,222.1268,0.0,False,True,0.0,test
lvis:2402:585:181,lvis,2402,train2017/000000002402.jpg,585,inhaler,inhaler,True,0,17,0.06803251057863235,132.9109,266.6726,141.1694,277.0368,0.0,False,True,0.0,test
lvis:2402:585:181,lvis,2402,train2017/000000002402.jpg,585,inhaler,inhaler,True,0,18,0.06622245907783508,223.725,160.6594,246.7343,222.1609,0.0,False,True,0.0,test
lvis:2402:585:181,lvis,2402,train2017/000000002402.jpg,585,inhaler,inhaler,True,0,19,0.06555067747831345,267.7229,181.7852,301.308,222.9784,0.0,False,True,0.0,test
lvis:2402:585:181,lvis,2402,train2017/000000002402.jpg,585,inhaler,inhaler,True,0,20,0.06307671219110489,338.5578,156.204,365.6461,219.4728,0.0,False,True,0.0,test
lvis:2402:585:181,lvis,2402,train2017/000000002402.jpg,585,inhaler,inhaler,True,0,21,0.061420876532793045,263.9276,158.7384,283.8492,218.7253,0.0,False,True,0.0,test
lvis:2402:585:181,lvis,2402,train2017/000000002402.jpg,585,inhaler,inhaler,True,0,22,0.06008979305624962,54.3824,163.7789,65.2479,178.7695,0.0,False,True,0.0,test
lvis:2402:585:181,lvis,2402,train2017/000000002402.jpg,585,inhaler,inhaler,True,0,23,0.058480117470026016,45.0377,156.9825,82.8214,199.2192,0.0,False,True,0.0,test
lvis:2402:585:181,lvis,2402,train2017/000000002402.jpg,585,inhaler,inhaler,True,0,24,0.05764317139983177,298.0051,144.5284,327.3286,221.0105,0.0,False,True,0.0,test
lvis:2402:585:181,lvis,2402,train2017/000000002402.jpg,585,inhaler,inhaler,True,0,25,0.05601504072546959,369.1419,228.5813,397.9089,252.8299,0.0,False,True,0.0,test
lvis:2402:585:181,lvis,2402,train2017/000000002402.jpg,585,inhaler,inhaler,True,0,26,0.055377375334501266,352.0928,187.1726,363.3713,197.8034,0.0,False,True,0.0,test
lvis:2402:585:181,lvis,2402,train2017/000000002402.jpg,585,inhaler,inhaler,True,0,27,0.055091481655836105,139.4801,258.7867,159.6527,277.2643,0.0,False,True,0.0,test
lvis:2402:585:181,lvis,2402,train2017/000000002402.jpg,585,inhaler,inhaler,True,0,28,0.05412318557500839,343.4703,166.9566,365.113,219.2548,0.0,False,True,0.0,test
lvis:2402:585:181,lvis,2402,train2017/000000002402.jpg,585,inhaler,inhaler,True,0,29,0.053215645253658295,126.2619,265.5372,201.459,279.7884,0.0,False,True,0.0,test
lvis:2402:585:181,lvis,2402,train2017/000000002402.jpg,585,inhaler,inhaler,True,0,30,0.05138528719544411,438.6238,100.694,464.1465,123.6794,0.0,False,True,0.0,test
lvis:2431:1031:183,lvis,2431,val2017/000000002431.jpg,1031,sugar_bowl,sugar_bowl,True,0,0,0.4507843554019928,104.5469,390.3077,236.8387,563.3066,0.0,False,True,9.98792270531401,test
lvis:2431:1031:183,lvis,2431,val2017/000000002431.jpg,1031,sugar_bowl,sugar_bowl,True,0,1,0.3433588445186615,104.6047,387.7062,403.8376,564.0786,0.0,False,True,9.98792270531401,test
lvis:2431:1031:183,lvis,2431,val2017/000000002431.jpg,1031,sugar_bowl,sugar_bowl,True,0,2,0.22461451590061188,357.3824,414.3484,455.8779,634.8531,0.0,False,True,9.98792270531401,test
lvis:2431:1031:183,lvis,2431,val2017/000000002431.jpg,1031,sugar_bowl,sugar_bowl,True,0,3,0.14817029237747192,182.6321,217.9406,394.1863,637.5436,0.0,False,True,0.0,test
lvis:2431:1031:183,lvis,2431,val2017/000000002431.jpg,1031,sugar_bowl,sugar_bowl,True,0,4,0.09876957535743713,1.6787,267.0951,455.0745,636.8949,0.0,False,True,0.0,test
lvis:2431:1031:183,lvis,2431,val2017/000000002431.jpg,1031,sugar_bowl,sugar_bowl,True,0,5,0.06401904672384262,105.1923,387.4204,453.7052,632.6107,0.0,False,True,0.0,test
lvis:2431:1031:183,lvis,2431,val2017/000000002431.jpg,1031,sugar_bowl,sugar_bowl,True,0,6,0.06252589076757431,124.6918,403.6381,196.7124,535.0129,0.0,False,True,0.0,test
lvis:2431:1031:183,lvis,2431,val2017/000000002431.jpg,1031,sugar_bowl,sugar_bowl,True,0,7,0.05853336304426193,348.0948,388.0783,405.0033,423.4308,0.0,False,True,0.0,test
lvis:2431:1031:183,lvis,2431,val2017/000000002431.jpg,1031,sugar_bowl,sugar_bowl,True,0,8,0.057042866945266724,172.8058,454.1611,197.3861,470.957,0.0,False,True,0.0,test
lvis:2431:1031:183,lvis,2431,val2017/000000002431.jpg,1031,sugar_bowl,sugar_bowl,True,0,9,0.05155611410737038,107.0394,445.9541,196.2956,542.6082,0.0,False,True,0.0,test
lvis:2431:1031:183,lvis,2431,val2017/000000002431.jpg,1031,sugar_bowl,sugar_bowl,True,0,10,0.05074893310666084,115.544,391.6107,231.4543,470.6047,0.0,False,True,0.0,test
lvis:2434:49:185,lvis,2434,train2017/000000002434.jpg,49,banjo,banjo,True,0,0,0.2464970499277115,305.4926,60.2273,604.5045,383.1272,0.0,False,True,9.98792270531401,test
lvis:2434:49:185,lvis,2434,train2017/000000002434.jpg,49,banjo,banjo,True,0,1,0.1906595230102539,304.554,224.0975,604.5437,383.7066,0.0,False,True,0.0,test
lvis:2434:49:185,lvis,2434,train2017/000000002434.jpg,49,banjo,banjo,True,0,2,0.16387547552585602,313.6207,223.9245,579.58,326.7812,0.0,False,True,0.0,test
lvis:2434:49:185,lvis,2434,train2017/000000002434.jpg,49,banjo,banjo,True,0,3,0.15371547639369965,420.754,254.2693,489.9987,302.574,0.0,False,True,0.0,test
lvis:2434:49:185,lvis,2434,train2017/000000002434.jpg,49,banjo,banjo,True,0,4,0.12542890012264252,76.6595,289.8661,336.5821,403.8851,0.0,False,True,0.0,test
lvis:2434:49:185,lvis,2434,train2017/000000002434.jpg,49,banjo,banjo,True,0,5,0.12236551195383072,91.0083,185.9284,320.7321,399.5432,0.0,False,True,0.0,test
lvis:2434:49:185,lvis,2434,train2017/000000002434.jpg,49,banjo,banjo,True,0,6,0.12184594571590424,51.6994,290.1086,573.858,478.6538,0.0,False,True,0.0,test
lvis:2434:49:185,lvis,2434,train2017/000000002434.jpg,49,banjo,banjo,True,0,7,0.12099611014127731,431.4974,334.7367,530.0338,382.8266,0.0,False,True,0.0,test
lvis:2434:49:185,lvis,2434,train2017/000000002434.jpg,49,banjo,banjo,True,0,8,0.11352965235710144,322.0068,223.8851,547.973,279.9902,0.0,False,True,0.0,test
lvis:2434:49:185,lvis,2434,train2017/000000002434.jpg,49,banjo,banjo,True,0,9,0.08798001706600189,367.8931,0.0052,430.0226,36.3472,0.0,False,True,0.0,test
lvis:2434:49:185,lvis,2434,train2017/000000002434.jpg,49,banjo,banjo,True,0,10,0.08605509996414185,309.8414,61.5568,533.7714,220.8042,0.0,False,True,0.0,test
lvis:2434:49:185,lvis,2434,train2017/000000002434.jpg,49,banjo,banjo,True,0,11,0.07505909353494644,381.754,101.5901,441.6055,167.3516,0.0,False,True,0.0,test
lvis:2434:49:185,lvis,2434,train2017/000000002434.jpg,49,banjo,banjo,True,0,12,0.07237225770950317,51.6507,60.5891,603.4598,475.9237,0.0,False,True,0.0,test
lvis:2434:49:185,lvis,2434,train2017/000000002434.jpg,49,banjo,banjo,True,0,13,0.06756199151277542,95.9937,186.6215,285.7812,297.9374,0.0,False,True,0.0,test
lvis:2434:49:185,lvis,2434,train2017/000000002434.jpg,49,banjo,banjo,True,0,14,0.0661836788058281,576.0683,94.004,638.8972,477.8686,0.0,False,True,0.0,test
lvis:2434:49:185,lvis,2434,train2017/000000002434.jpg,49,banjo,banjo,True,0,15,0.0659807026386261,0.4792,389.3189,55.707,478.8362,0.0,False,True,0.0,test
lvis:2434:49:185,lvis,2434,train2017/000000002434.jpg,49,banjo,banjo,True,0,16,0.06451587378978729,609.8617,22.4794,639.127,69.6314,0.0,False,True,0.0,test
lvis:2434:49:185,lvis,2434,train2017/000000002434.jpg,49,banjo,banjo,True,0,17,0.0592891201376915,324.5198,294.8049,604.8167,383.6853,0.0,False,True,0.0,test
lvis:2434:49:185,lvis,2434,train2017/000000002434.jpg,49,banjo,banjo,True,0,18,0.056954629719257355,388.4842,357.4383,415.1034,383.0377,0.0,False,True,0.0,test
lvis:2434:49:185,lvis,2434,train2017/000000002434.jpg,49,banjo,banjo,True,0,19,0.056590329855680466,51.7647,286.0412,343.8123,476.9257,0.0,False,True,0.0,test
lvis:2434:49:185,lvis,2434,train2017/000000002434.jpg,49,banjo,banjo,True,0,20,0.056237779557704926,330.7648,76.6088,518.4976,199.9295,0.0,False,True,0.0,test
lvis:2434:49:185,lvis,2434,train2017/000000002434.jpg,49,banjo,banjo,True,0,21,0.055495403707027435,370.0241,0.0867,428.3795,24.1851,0.0,False,True,0.0,test
lvis:2434:49:185,lvis,2434,train2017/000000002434.jpg,49,banjo,banjo,True,0,22,0.05523603782057762,339.5642,324.6035,604.4714,383.5074,0.0,False,True,0.0,test
lvis:2434:49:185,lvis,2434,train2017/000000002434.jpg,49,banjo,banjo,True,0,23,0.05343396216630936,151.8221,204.7778,250.4059,265.9308,0.0,False,True,0.0,test
lvis:2434:49:185,lvis,2434,train2017/000000002434.jpg,49,banjo,banjo,True,0,24,0.052842654287815094,219.3964,0.4383,285.5105,118.1558,0.0,False,True,0.0,test
lvis:2434:49:185,lvis,2434,train2017/000000002434.jpg,49,banjo,banjo,True,0,25,0.05187513679265976,51.3313,362.7289,571.533,478.6321,0.0,False,True,0.0,test
lvis:2434:787:186,lvis,2434,train2017/000000002434.jpg,787,pennant,pennant,True,0,0,0.3220774233341217,325.5543,76.0332,527.3641,207.3835,0.0,False,True,9.98792270531401,test
lvis:2434:787:186,lvis,2434,train2017/000000002434.jpg,787,pennant,pennant,True,0,1,0.21771785616874695,109.23,195.7859,271.7367,292.5193,0.0,False,True,9.98792270531401,test
lvis:2434:787:186,lvis,2434,train2017/000000002434.jpg,787,pennant,pennant,True,0,2,0.15589962899684906,93.1051,185.8715,302.9478,395.9437,0.0,False,True,0.0,test
lvis:2434:787:186,lvis,2434,train2017/000000002434.jpg,787,pennant,pennant,True,0,3,0.13880175352096558,34.0239,0.306,131.9714,58.8074,0.0,False,True,0.0,test
lvis:2434:787:186,lvis,2434,train2017/000000002434.jpg,787,pennant,pennant,True,0,4,0.1384386271238327,458.6458,218.2315,493.1732,226.7973,0.0,False,True,0.0,test
lvis:2434:787:186,lvis,2434,train2017/000000002434.jpg,787,pennant,pennant,True,0,5,0.1160760223865509,428.6763,254.6405,489.3531,301.3537,0.0,False,True,0.0,test
lvis:2434:787:186,lvis,2434,train2017/000000002434.jpg,787,pennant,pennant,True,0,6,0.11189212650060654,321.9404,224.2552,547.8879,279.4864,0.0,False,True,0.0,test
lvis:2434:787:186,lvis,2434,train2017/000000002434.jpg,787,pennant,pennant,True,0,7,0.10923957824707031,51.8605,293.5778,572.4512,478.9254,0.0,False,True,0.0,test
lvis:2434:787:186,lvis,2434,train2017/000000002434.jpg,787,pennant,pennant,True,0,8,0.1043810173869133,307.4319,60.3816,578.8459,326.7893,0.0,False,True,0.0,test
lvis:2434:787:186,lvis,2434,train2017/000000002434.jpg,787,pennant,pennant,True,0,9,0.09959375113248825,430.9273,13.1336,515.1765,65.1196,0.0,False,True,0.0,test
lvis:2434:787:186,lvis,2434,train2017/000000002434.jpg,787,pennant,pennant,True,0,10,0.0994935855269432,54.6752,360.7876,571.8192,478.4674,0.0,False,True,0.0,test
lvis:2434:787:186,lvis,2434,train2017/000000002434.jpg,787,pennant,pennant,True,0,11,0.09669607132673264,3.1691,1.3953,632.7226,477.2673,0.0,False,True,0.0,test
lvis:2434:787:186,lvis,2434,train2017/000000002434.jpg,787,pennant,pennant,True,0,12,0.09328345209360123,4.3509,56.1736,152.3257,191.0764,0.0,False,True,0.0,test
lvis:2434:787:186,lvis,2434,train2017/000000002434.jpg,787,pennant,pennant,True,0,13,0.0919409990310669,5.2124,0.628,565.9169,227.4034,0.0,False,True,0.0,test
lvis:2434:787:186,lvis,2434,train2017/000000002434.jpg,787,pennant,pennant,True,0,14,0.09108052402734756,313.5957,223.6661,578.6344,326.2351,0.0,False,True,0.0,test
lvis:2434:787:186,lvis,2434,train2017/000000002434.jpg,787,pennant,pennant,True,0,15,0.08913759887218475,396.1546,276.6796,442.2265,303.123,0.0,False,True,0.0,test
lvis:2434:787:186,lvis,2434,train2017/000000002434.jpg,787,pennant,pennant,True,0,16,0.08761546015739441,388.3904,357.3981,415.0883,382.9484,0.0,False,True,0.0,test
lvis:2434:787:186,lvis,2434,train2017/000000002434.jpg,787,pennant,pennant,True,0,17,0.08302278071641922,76.441,279.3836,338.7409,403.9092,0.0,False,True,0.0,test
lvis:2434:787:186,lvis,2434,train2017/000000002434.jpg,787,pennant,pennant,True,0,18,0.08194347470998764,326.7842,78.7889,448.2229,203.2529,0.0,False,True,0.0,test
lvis:2434:787:186,lvis,2434,train2017/000000002434.jpg,787,pennant,pennant,True,0,19,0.07671128213405609,378.24,103.4141,442.2774,168.6791,0.0,False,True,0.0,test
lvis:2434:787:186,lvis,2434,train2017/000000002434.jpg,787,pennant,pennant,True,0,20,0.07041042298078537,303.3098,225.7979,604.6707,383.5276,0.0,False,True,0.0,test
lvis:2434:787:186,lvis,2434,train2017/000000002434.jpg,787,pennant,pennant,True,0,21,0.06956876069307327,151.342,203.7591,251.3683,266.1969,0.0,False,True,0.0,test
lvis:2434:787:186,lvis,2434,train2017/000000002434.jpg,787,pennant,pennant,True,0,22,0.06768325716257095,255.7598,0.2717,296.5904,120.3755,0.0,False,True,0.0,test
lvis:2434:787:186,lvis,2434,train2017/000000002434.jpg,787,pennant,pennant,True,0,23,0.06686350703239441,313.7102,60.5306,547.3434,277.1478,0.0,False,True,0.0,test
lvis:2434:787:186,lvis,2434,train2017/000000002434.jpg,787,pennant,pennant,True,0,24,0.06594476103782654,473.7483,0.1172,539.0838,61.0042,0.0,False,True,0.0,test
lvis:2434:787:186,lvis,2434,train2017/000000002434.jpg,787,pennant,pennant,True,0,25,0.06572378426790237,432.0833,334.6804,530.0024,382.4423,0.0,False,True,0.0,test
lvis:2434:787:186,lvis,2434,train2017/000000002434.jpg,787,pennant,pennant,True,0,26,0.0596630722284317,0.5677,56.5215,62.951,387.8475,0.0,False,True,0.0,test
lvis:2434:787:186,lvis,2434,train2017/000000002434.jpg,787,pennant,pennant,True,0,27,0.059307899326086044,454.827,212.6267,498.8018,230.6581,0.0,False,True,0.0,test
lvis:2434:787:186,lvis,2434,train2017/000000002434.jpg,787,pennant,pennant,True,0,28,0.05722817778587341,171.0011,0.197,249.2482,83.572,0.0,False,True,0.0,test
lvis:2434:787:186,lvis,2434,train2017/000000002434.jpg,787,pennant,pennant,True,0,29,0.05656566098332405,3.126,0.7714,634.8812,293.9561,0.0,False,True,0.0,test
lvis:2434:787:186,lvis,2434,train2017/000000002434.jpg,787,pennant,pennant,True,0,30,0.05482823774218559,78.6439,388.9324,196.919,405.6442,0.0,False,True,0.0,test
lvis:2434:787:186,lvis,2434,train2017/000000002434.jpg,787,pennant,pennant,True,0,31,0.05438918620347977,423.7778,185.2832,452.8491,197.1196,0.0,False,True,0.0,test
lvis:2434:787:186,lvis,2434,train2017/000000002434.jpg,787,pennant,pennant,True,0,32,0.05358479917049408,379.6193,121.3366,439.5224,167.4537,0.0,False,True,0.0,test
lvis:2434:787:186,lvis,2434,train2017/000000002434.jpg,787,pennant,pennant,True,0,33,0.053419169038534164,521.6638,270.7393,549.3113,283.9302,0.0,False,True,0.0,test
lvis:2434:787:186,lvis,2434,train2017/000000002434.jpg,787,pennant,pennant,True,0,34,0.0511527918279171,52.1079,282.7775,343.9033,477.3113,0.0,False,True,0.0,test
lvis:2434:787:186,lvis,2434,train2017/000000002434.jpg,787,pennant,pennant,True,0,35,0.05105431005358696,484.816,78.7529,515.6693,182.3576,0.0,False,True,0.0,test
lvis:2434:787:186,lvis,2434,train2017/000000002434.jpg,787,pennant,pennant,True,0,36,0.05055684223771095,171.8435,0.2722,343.0596,95.8214,0.0,False,True,0.0,test
lvis:2444:353:188,lvis,2444,train2017/000000002444.jpg,353,cymbal,cymbal,True,0,0,0.07010656595230103,83.4996,57.3676,538.2918,379.6814,0.0,False,True,0.0,test
lvis:2459:788:189,lvis,2459,train2017/000000002459.jpg,788,penny_(coin),penny_(coin),True,0,0,0.29234910011291504,124.9331,283.462,139.1883,308.4057,0.0,False,True,9.98792270531401,test
lvis:2459:788:189,lvis,2459,train2017/000000002459.jpg,788,penny_(coin),penny_(coin),True,0,1,0.26253676414489746,100.2479,364.4597,236.7647,425.6361,0.0,False,True,9.98792270531401,test
lvis:2459:788:189,lvis,2459,train2017/000000002459.jpg,788,penny_(coin),penny_(coin),True,0,2,0.21863001585006714,121.3171,280.7053,143.0153,311.8542,0.0,False,True,9.98792270531401,test
lvis:2459:788:189,lvis,2459,train2017/000000002459.jpg,788,penny_(coin),penny_(coin),True,0,3,0.17876389622688293,116.9138,379.281,182.5726,423.1795,0.0,False,True,0.0,test
lvis:2459:788:189,lvis,2459,train2017/000000002459.jpg,788,penny_(coin),penny_(coin),True,0,4,0.156744584441185,295.168,78.0074,638.121,424.6817,0.0,False,True,0.0,test
lvis:2459:788:189,lvis,2459,train2017/000000002459.jpg,788,penny_(coin),penny_(coin),True,0,5,0.1406453251838684,115.5287,378.641,221.4925,424.8203,0.0,False,True,0.0,test
lvis:2459:788:189,lvis,2459,train2017/000000002459.jpg,788,penny_(coin),penny_(coin),True,0,6,0.12210290133953094,122.5878,390.9105,156.0446,416.2785,0.0,False,True,0.0,test
lvis:2459:788:189,lvis,2459,train2017/000000002459.jpg,788,penny_(coin),penny_(coin),True,0,7,0.11890183389186859,457.3581,394.4135,503.7213,420.7326,0.0,False,True,0.0,test
lvis:2459:788:189,lvis,2459,train2017/000000002459.jpg,788,penny_(coin),penny_(coin),True,0,8,0.11871197819709778,152.973,380.5717,179.1279,399.1631,0.0,False,True,0.0,test
lvis:2459:788:189,lvis,2459,train2017/000000002459.jpg,788,penny_(coin),penny_(coin),True,0,9,0.11320304125547409,111.1088,275.1145,154.1581,318.3688,0.0,False,True,0.0,test
lvis:2459:788:189,lvis,2459,train2017/000000002459.jpg,788,penny_(coin),penny_(coin),True,0,10,0.09086112678050995,86.4077,341.9435,250.8087,425.8859,0.0,False,True,0.0,test
lvis:2459:788:189,lvis,2459,train2017/000000002459.jpg,788,penny_(coin),penny_(coin),True,0,11,0.09011929482221603,116.2441,380.4519,144.0465,396.3138,0.0,False,True,0.0,test
lvis:2459:788:189,lvis,2459,train2017/000000002459.jpg,788,penny_(coin),penny_(coin),True,0,12,0.08287058770656586,1.6351,7.9731,173.2992,422.2537,0.0,False,True,0.0,test
lvis:2459:788:189,lvis,2459,train2017/000000002459.jpg,788,penny_(coin),penny_(coin),True,0,13,0.07910852879285812,450.9514,388.1838,510.4289,424.2997,0.0,False,True,0.0,test
lvis:2459:788:189,lvis,2459,train2017/000000002459.jpg,788,penny_(coin),penny_(coin),True,0,14,0.07635383307933807,92.6445,213.5551,144.9305,313.1561,0.0,False,True,0.0,test
lvis:2459:788:189,lvis,2459,train2017/000000002459.jpg,788,penny_(coin),penny_(coin),True,0,15,0.07313209772109985,106.4998,222.3459,141.6653,311.4514,0.0,False,True,0.0,test
lvis:2459:788:189,lvis,2459,train2017/000000002459.jpg,788,penny_(coin),penny_(coin),True,0,16,0.07278773933649063,148.3675,376.7884,184.5824,404.7088,0.0,False,True,0.0,test
lvis:2459:788:189,lvis,2459,train2017/000000002459.jpg,788,penny_(coin),penny_(coin),True,0,17,0.07014679163694382,116.4749,382.1849,156.7121,417.8546,0.0,False,True,0.0,test
lvis:2459:788:189,lvis,2459,train2017/000000002459.jpg,788,penny_(coin),penny_(coin),True,0,18,0.0677536129951477,160.0593,395.189,238.3181,425.6471,0.0,False,True,0.0,test
lvis:2459:788:189,lvis,2459,train2017/000000002459.jpg,788,penny_(coin),penny_(coin),True,0,19,0.0611254908144474,100.6208,364.6023,184.0475,425.31,0.0,False,True,0.0,test
lvis:2459:788:189,lvis,2459,train2017/000000002459.jpg,788,penny_(coin),penny_(coin),True,0,20,0.05579212307929993,4.326,7.798,635.2269,423.8418,0.0,False,True,0.0,test
lvis:2459:788:189,lvis,2459,train2017/000000002459.jpg,788,penny_(coin),penny_(coin),True,0,21,0.05567272752523422,97.7724,362.2747,304.3669,425.5301,0.0,False,True,0.0,test
lvis:2459:788:189,lvis,2459,train2017/000000002459.jpg,788,penny_(coin),penny_(coin),True,0,22,0.0547928661108017,88.597,210.2394,161.3448,319.4792,0.0,False,True,0.0,test
lvis:2459:788:189,lvis,2459,train2017/000000002459.jpg,788,penny_(coin),penny_(coin),True,0,23,0.0528348833322525,116.3748,379.5854,180.0236,398.7537,0.0,False,True,0.0,test
lvis:2459:788:189,lvis,2459,train2017/000000002459.jpg,788,penny_(coin),penny_(coin),True,0,24,0.052542202174663544,2.7316,7.6627,299.8253,423.9271,0.0,False,True,0.0,test
lvis:2459:788:189,lvis,2459,train2017/000000002459.jpg,788,penny_(coin),penny_(coin),True,0,25,0.05006663128733635,112.1956,226.3203,125.0131,239.9383,0.0,False,True,0.0,test
lvis:2459:914:190,lvis,2459,train2017/000000002459.jpg,914,saucepan,saucepan,True,0,0,0.3780912756919861,283.7625,78.7831,638.6719,425.8936,0.0,False,True,9.98792270531401,test
lvis:2459:914:190,lvis,2459,train2017/000000002459.jpg,914,saucepan,saucepan,True,0,1,0.2167687714099884,99.7103,364.3885,240.4421,426.0853,0.0,False,True,9.98792270531401,test
lvis:2459:914:190,lvis,2459,train2017/000000002459.jpg,914,saucepan,saucepan,True,0,2,0.16508115828037262,111.7615,78.3105,638.1553,425.6153,0.0,False,True,0.0,test
lvis:2459:914:190,lvis,2459,train2017/000000002459.jpg,914,saucepan,saucepan,True,0,3,0.10610774904489517,0.786,364.0714,241.6544,426.1198,0.0,False,True,0.0,test
lvis:2459:914:190,lvis,2459,train2017/000000002459.jpg,914,saucepan,saucepan,True,0,4,0.09847188740968704,2.3502,2.2248,637.4584,425.2489,0.0,False,True,0.0,test
lvis:2459:914:190,lvis,2459,train2017/000000002459.jpg,914,saucepan,saucepan,True,0,5,0.0857304260134697,90.9033,212.94,142.1429,311.3813,0.0,False,True,0.0,test
lvis:2459:914:190,lvis,2459,train2017/000000002459.jpg,914,saucepan,saucepan,True,0,6,0.07341653853654861,482.638,0.2305,638.6246,143.5808,0.0,False,True,0.0,test
lvis:2459:914:190,lvis,2459,train2017/000000002459.jpg,914,saucepan,saucepan,True,0,7,0.06766664981842041,0.5844,388.112,113.4414,426.1894,0.0,False,True,0.0,test
lvis:2459:914:190,lvis,2459,train2017/000000002459.jpg,914,saucepan,saucepan,True,0,8,0.0597200021147728,0.7062,6.6888,168.0584,423.8739,0.0,False,True,0.0,test
lvis:2459:914:190,lvis,2459,train2017/000000002459.jpg,914,saucepan,saucepan,True,0,9,0.05835739150643349,1.0315,6.6933,241.0907,425.2252,0.0,False,True,0.0,test
lvis:2459:914:190,lvis,2459,train2017/000000002459.jpg,914,saucepan,saucepan,True,0,10,0.055888786911964417,158.6168,396.0561,240.8795,426.0163,0.0,False,True,0.0,test
lvis:2459:914:190,lvis,2459,train2017/000000002459.jpg,914,saucepan,saucepan,True,0,11,0.05160479620099068,125.5817,283.9572,138.1958,307.9776,0.0,False,True,0.0,test
lvis:2473:577:191,lvis,2473,val2017/000000002473.jpg,577,hummus,hummus,True,0,0,0.353305459022522,221.1383,89.8031,396.0097,266.6055,0.0,False,True,9.98792270531401,test
lvis:2473:577:191,lvis,2473,val2017/000000002473.jpg,577,hummus,hummus,True,0,1,0.21435245871543884,163.5388,355.4366,298.3253,385.9153,0.0,False,True,9.98792270531401,test
lvis:2473:577:191,lvis,2473,val2017/000000002473.jpg,577,hummus,hummus,True,0,2,0.19350819289684296,245.248,92.2917,373.3198,242.2803,0.0,False,True,0.0,test
lvis:2473:577:191,lvis,2473,val2017/000000002473.jpg,577,hummus,hummus,True,0,3,0.14339520037174225,297.2518,93.1585,318.8844,108.3335,0.0,False,True,0.0,test
lvis:2473:577:191,lvis,2473,val2017/000000002473.jpg,577,hummus,hummus,True,0,4,0.10613997280597687,0.7884,351.4825,124.2706,386.8442,0.0,False,True,0.0,test
lvis:2473:577:191,lvis,2473,val2017/000000002473.jpg,577,hummus,hummus,True,0,5,0.10590410977602005,116.7605,339.7303,145.091,386.263,0.0,False,True,0.0,test
lvis:2473:577:191,lvis,2473,val2017/000000002473.jpg,577,hummus,hummus,True,0,6,0.10533921420574188,285.6517,216.2397,328.9177,266.5996,0.0,False,True,0.0,test
lvis:2473:577:191,lvis,2473,val2017/000000002473.jpg,577,hummus,hummus,True,0,7,0.1029193103313446,30.903,327.8161,58.9247,354.6136,0.0,False,True,0.0,test
lvis:2473:577:191,lvis,2473,val2017/000000002473.jpg,577,hummus,hummus,True,0,8,0.10172584652900696,437.1322,277.843,499.2596,381.4257,0.0,False,True,0.0,test
lvis:2473:577:191,lvis,2473,val2017/000000002473.jpg,577,hummus,hummus,True,0,9,0.09343598783016205,196.3142,61.6686,425.5391,289.3849,0.0,False,True,0.0,test
lvis:2473:577:191,lvis,2473,val2017/000000002473.jpg,577,hummus,hummus,True,0,10,0.08863800019025803,1.9746,352.0946,638.8672,425.2104,0.0,False,True,0.0,test
lvis:2473:577:191,lvis,2473,val2017/000000002473.jpg,577,hummus,hummus,True,0,11,0.0817863717675209,294.0637,90.4108,324.0768,115.8163,0.0,False,True,0.0,test
lvis:2473:577:191,lvis,2473,val2017/000000002473.jpg,577,hummus,hummus,True,0,12,0.07552695274353027,87.2302,166.767,239.1024,382.1511,0.0,False,True,0.0,test
lvis:2473:577:191,lvis,2473,val2017/000000002473.jpg,577,hummus,hummus,True,0,13,0.06674913316965103,1.2768,146.485,84.6175,354.2179,0.0,False,True,0.0,test
lvis:2473:577:191,lvis,2473,val2017/000000002473.jpg,577,hummus,hummus,True,0,14,0.0656149685382843,161.5617,351.6235,300.0813,416.1512,0.0,False,True,0.0,test
lvis:2473:577:191,lvis,2473,val2017/000000002473.jpg,577,hummus,hummus,True,0,15,0.06436853855848312,140.3484,202.6055,150.2507,211.2092,0.0,False,True,0.0,test
lvis:2473:577:191,lvis,2473,val2017/000000002473.jpg,577,hummus,hummus,True,0,16,0.06225774064660072,122.4869,340.2453,135.5479,349.9917,0.0,False,True,0.0,test
lvis:2473:577:191,lvis,2473,val2017/000000002473.jpg,577,hummus,hummus,True,0,17,0.05748314782977104,153.9606,341.0118,307.1485,403.1346,0.0,False,True,0.0,test
lvis:2473:577:191,lvis,2473,val2017/000000002473.jpg,577,hummus,hummus,True,0,18,0.05593924969434738,288.6709,151.7497,328.8199,234.9419,0.0,False,True,0.0,test
lvis:2473:577:191,lvis,2473,val2017/000000002473.jpg,577,hummus,hummus,True,0,19,0.05256780982017517,82.1216,367.0071,105.2633,384.1816,0.0,False,True,0.0,test
lvis:2473:577:191,lvis,2473,val2017/000000002473.jpg,577,hummus,hummus,True,0,20,0.052562061697244644,242.4546,90.116,376.1036,194.2455,0.0,False,True,0.0,test
lvis:2473:577:191,lvis,2473,val2017/000000002473.jpg,577,hummus,hummus,True,0,21,0.05135173350572586,378.1281,297.3473,420.0853,382.1433,0.0,False,True,0.0,test
lvis:2473:925:192,lvis,2473,val2017/000000002473.jpg,925,scraper,scraper,True,0,0,0.4240890145301819,221.0323,90.6764,395.9803,266.7027,0.0,False,True,9.98792270531401,test
lvis:2473:925:192,lvis,2473,val2017/000000002473.jpg,925,scraper,scraper,True,0,1,0.3297887444496155,436.7906,277.947,499.4087,381.5905,0.0,False,True,9.98792270531401,test
lvis:2473:925:192,lvis,2473,val2017/000000002473.jpg,925,scraper,scraper,True,0,2,0.1989106684923172,117.1414,339.9182,144.9685,386.3066,0.0,False,True,9.98792270531401,test
lvis:2473:925:192,lvis,2473,val2017/000000002473.jpg,925,scraper,scraper,True,0,3,0.17307239770889282,245.5487,92.5011,372.2688,240.7939,0.0,False,True,0.0,test
lvis:2473:925:192,lvis,2473,val2017/000000002473.jpg,925,scraper,scraper,True,0,4,0.17207451164722443,31.2176,327.7976,58.7354,354.7556,0.0,False,True,0.0,test
lvis:2473:925:192,lvis,2473,val2017/000000002473.jpg,925,scraper,scraper,True,0,5,0.13925696909427643,220.8432,122.8936,252.219,166.1839,0.0,False,True,0.0,test
lvis:2473:925:192,lvis,2473,val2017/000000002473.jpg,925,scraper,scraper,True,0,6,0.13897959887981415,362.3335,116.6797,395.2255,192.4148,0.0,False,True,0.0,test
lvis:2473:925:192,lvis,2473,val2017/000000002473.jpg,925,scraper,scraper,True,0,7,0.12317705899477005,0.9212,145.9334,84.4552,354.3137,0.0,False,True,0.0,test
lvis:2473:925:192,lvis,2473,val2017/000000002473.jpg,925,scraper,scraper,True,0,8,0.1070975810289383,86.276,166.9265,238.0391,384.1407,0.0,False,True,0.0,test
lvis:2473:925:192,lvis,2473,val2017/000000002473.jpg,925,scraper,scraper,True,0,9,0.10222332179546356,605.9832,334.8598,618.9404,381.1824,0.0,False,True,0.0,test
lvis:2473:925:192,lvis,2473,val2017/000000002473.jpg,925,scraper,scraper,True,0,10,0.10079649835824966,196.424,62.4562,424.8215,294.6095,0.0,False,True,0.0,test
lvis:2473:925:192,lvis,2473,val2017/000000002473.jpg,925,scraper,scraper,True,0,11,0.09769408404827118,575.7781,356.5578,583.4316,365.6831,0.0,False,True,0.0,test
lvis:2473:925:192,lvis,2473,val2017/000000002473.jpg,925,scraper,scraper,True,0,12,0.09345779567956924,163.4582,355.548,298.5292,385.9433,0.0,False,True,0.0,test
lvis:2473:925:192,lvis,2473,val2017/000000002473.jpg,925,scraper,scraper,True,0,13,0.09010867774486542,285.5457,216.3879,328.9073,266.6419,0.0,False,True,0.0,test
lvis:2473:925:192,lvis,2473,val2017/000000002473.jpg,925,scraper,scraper,True,0,14,0.08154242485761642,224.5936,325.9115,247.0029,359.6707,0.0,False,True,0.0,test
lvis:2473:925:192,lvis,2473,val2017/000000002473.jpg,925,scraper,scraper,True,0,15,0.08117847889661789,220.6272,92.4053,395.5862,194.5714,0.0,False,True,0.0,test
lvis:2473:925:192,lvis,2473,val2017/000000002473.jpg,925,scraper,scraper,True,0,16,0.07862856239080429,573.403,354.7314,585.4307,367.3477,0.0,False,True,0.0,test
lvis:2473:925:192,lvis,2473,val2017/000000002473.jpg,925,scraper,scraper,True,0,17,0.07763638347387314,378.138,297.1962,419.3855,382.0256,0.0,False,True,0.0,test
lvis:2473:925:192,lvis,2473,val2017/000000002473.jpg,925,scraper,scraper,True,0,18,0.07470996677875519,37.8574,328.1898,50.8059,347.1376,0.0,False,True,0.0,test
lvis:2473:925:192,lvis,2473,val2017/000000002473.jpg,925,scraper,scraper,True,0,19,0.07410653680562973,107.6324,332.9971,155.1295,391.5287,0.0,False,True,0.0,test
lvis:2473:925:192,lvis,2473,val2017/000000002473.jpg,925,scraper,scraper,True,0,20,0.07352807372808456,360.8908,116.1707,373.0098,129.2537,0.0,False,True,0.0,test
lvis:2473:925:192,lvis,2473,val2017/000000002473.jpg,925,scraper,scraper,True,0,21,0.0733831375837326,535.0213,337.0453,542.1049,365.3955,0.0,False,True,0.0,test
lvis:2473:925:192,lvis,2473,val2017/000000002473.jpg,925,scraper,scraper,True,0,22,0.06804722547531128,451.8587,303.3682,469.507,380.683,0.0,False,True,0.0,test
lvis:2473:925:192,lvis,2473,val2017/000000002473.jpg,925,scraper,scraper,True,0,23,0.06753448396921158,524.0101,244.9844,605.1559,366.4294,0.0,False,True,0.0,test
lvis:2473:925:192,lvis,2473,val2017/000000002473.jpg,925,scraper,scraper,True,0,24,0.06375396996736526,217.4906,113.0871,265.3994,169.0133,0.0,False,True,0.0,test
lvis:2473:925:192,lvis,2473,val2017/000000002473.jpg,925,scraper,scraper,True,0,25,0.06163054332137108,599.4753,334.0602,624.2184,384.3953,0.0,False,True,0.0,test
lvis:2473:925:192,lvis,2473,val2017/000000002473.jpg,925,scraper,scraper,True,0,26,0.06156272441148758,450.3706,278.2008,471.3109,305.5723,0.0,False,True,0.0,test
lvis:2473:925:192,lvis,2473,val2017/000000002473.jpg,925,scraper,scraper,True,0,27,0.06022835895419121,220.9663,115.0434,289.0265,165.992,0.0,False,True,0.0,test
lvis:2473:925:192,lvis,2473,val2017/000000002473.jpg,925,scraper,scraper,True,0,28,0.05965407192707062,447.2661,277.5655,473.106,310.6024,0.0,False,True,0.0,test
lvis:2473:925:192,lvis,2473,val2017/000000002473.jpg,925,scraper,scraper,True,0,29,0.05907103046774864,30.6508,290.8872,59.2722,354.7248,0.0,False,True,0.0,test
lvis:2473:925:192,lvis,2473,val2017/000000002473.jpg,925,scraper,scraper,True,0,30,0.0568586103618145,509.7051,338.1942,520.2456,365.8046,0.0,False,True,0.0,test
lvis:2473:925:192,lvis,2473,val2017/000000002473.jpg,925,scraper,scraper,True,0,31,0.056641388684511185,25.8974,311.778,65.3088,357.5341,0.0,False,True,0.0,test
lvis:2473:925:192,lvis,2473,val2017/000000002473.jpg,925,scraper,scraper,True,0,32,0.05611465126276016,487.3847,254.2015,540.8161,365.1413,0.0,False,True,0.0,test
lvis:2473:925:192,lvis,2473,val2017/000000002473.jpg,925,scraper,scraper,True,0,33,0.054114047437906265,253.72,273.4238,376.6348,382.3262,0.0,False,True,0.0,test
lvis:2473:925:192,lvis,2473,val2017/000000002473.jpg,925,scraper,scraper,True,0,34,0.053482238203287125,3.9767,343.0235,16.8033,354.0554,0.0,False,True,0.0,test
lvis:2473:925:192,lvis,2473,val2017/000000002473.jpg,925,scraper,scraper,True,0,35,0.053205106407403946,597.6387,334.9353,633.0962,385.0823,0.0,False,True,0.0,test
lvis:2473:925:192,lvis,2473,val2017/000000002473.jpg,925,scraper,scraper,True,0,36,0.0531313493847847,448.5977,278.8075,471.2365,381.0298,0.0,False,True,0.0,test
lvis:2473:925:192,lvis,2473,val2017/000000002473.jpg,925,scraper,scraper,True,0,37,0.05294344574213028,118.2221,353.0862,143.2296,384.4419,0.0,False,True,0.0,test
lvis:2473:925:192,lvis,2473,val2017/000000002473.jpg,925,scraper,scraper,True,0,38,0.05275196209549904,453.159,278.6749,470.7549,295.1862,0.0,False,True,0.0,test
lvis:2473:925:192,lvis,2473,val2017/000000002473.jpg,925,scraper,scraper,True,0,39,0.052207693457603455,0.7892,351.5212,123.8458,385.8727,0.0,False,True,0.0,test
lvis:2473:925:192,lvis,2473,val2017/000000002473.jpg,925,scraper,scraper,True,0,40,0.05220218375325203,448.7191,281.3006,460.4709,309.2509,0.0,False,True,0.0,test
lvis:2473:925:192,lvis,2473,val2017/000000002473.jpg,925,scraper,scraper,True,0,41,0.05166076496243477,311.8956,296.6546,374.5983,382.4574,0.0,False,True,0.0,test
lvis:2473:925:192,lvis,2473,val2017/000000002473.jpg,925,scraper,scraper,True,0,42,0.05078176036477089,246.2749,114.5322,289.9303,131.3578,0.0,False,True,0.0,test
lvis:2495:862:193,lvis,2495,train2017/000000002495.jpg,862,race_car,race_car,True,0,0,0.3699093163013458,141.9138,95.3151,504.0692,471.7086,0.0,False,True,9.98792270531401,test
lvis:2495:862:193,lvis,2495,train2017/000000002495.jpg,862,race_car,race_car,True,0,1,0.13297656178474426,283.9057,182.4025,343.0195,240.1307,0.0,False,True,0.0,test
lvis:2495:862:193,lvis,2495,train2017/000000002495.jpg,862,race_car,race_car,True,0,2,0.129593625664711,58.9303,2.8376,607.38,487.4687,0.0,False,True,0.0,test
lvis:2495:862:193,lvis,2495,train2017/000000002495.jpg,862,race_car,race_car,True,0,3,0.1032976433634758,225.8675,0.3886,400.3015,114.8636,0.0,False,True,0.0,test
lvis:2495:862:193,lvis,2495,train2017/000000002495.jpg,862,race_car,race_car,True,0,4,0.08224213868379593,276.7269,111.0796,341.9973,137.6801,0.0,False,True,0.0,test
lvis:2495:862:193,lvis,2495,train2017/000000002495.jpg,862,race_car,race_car,True,0,5,0.07843828946352005,179.1856,127.4577,455.2234,438.4266,0.0,False,True,0.0,test
lvis:2495:862:193,lvis,2495,train2017/000000002495.jpg,862,race_car,race_car,True,0,6,0.060966990888118744,301.3473,434.4549,336.733,448.9116,0.0,False,True,0.0,test
lvis:2495:862:193,lvis,2495,train2017/000000002495.jpg,862,race_car,race_car,True,0,7,0.05906525254249573,378.9195,212.2159,455.5505,262.5975,0.0,False,True,0.0,test
lvis:2495:862:193,lvis,2495,train2017/000000002495.jpg,862,race_car,race_car,True,0,8,0.05129390209913254,235.2008,0.2296,383.4115,49.5514,0.0,False,True,0.0,test
lvis:2525:914:195,lvis,2525,train2017/000000002525.jpg,914,saucepan,saucepan,True,0,0,0.3192746937274933,443.0849,255.9256,638.9342,425.5847,0.0,False,True,9.98792270531401,test
lvis:2525:914:195,lvis,2525,train2017/000000002525.jpg,914,saucepan,saucepan,True,0,1,0.2871284484863281,43.154,124.0338,308.8785,425.309,0.0,False,True,9.98792270531401,test
lvis:2525:914:195,lvis,2525,train2017/000000002525.jpg,914,saucepan,saucepan,True,0,2,0.17941178381443024,147.3864,124.0853,227.4475,179.8602,0.0,False,True,0.0,test
lvis:2525:914:195,lvis,2525,train2017/000000002525.jpg,914,saucepan,saucepan,True,0,3,0.1744692027568817,448.5418,312.8452,638.444,424.68,0.0,False,True,0.0,test
lvis:2525:914:195,lvis,2525,train2017/000000002525.jpg,914,saucepan,saucepan,True,0,4,0.1543266922235489,117.6408,198.6,169.3332,271.043,0.0,False,True,0.0,test
lvis:2525:914:195,lvis,2525,train2017/000000002525.jpg,914,saucepan,saucepan,True,0,5,0.14760880172252655,229.2337,266.3401,295.4931,343.1313,0.0,False,True,0.0,test
lvis:2525:914:195,lvis,2525,train2017/000000002525.jpg,914,saucepan,saucepan,True,0,6,0.14466260373592377,166.9452,207.0601,222.6814,275.4244,0.0,False,True,0.0,test
lvis:2525:914:195,lvis,2525,train2017/000000002525.jpg,914,saucepan,saucepan,True,0,7,0.14063361287117004,211.6689,194.5182,249.915,268.9127,0.0,False,True,0.0,test
lvis:2525:914:195,lvis,2525,train2017/000000002525.jpg,914,saucepan,saucepan,True,0,8,0.13119159638881683,177.1911,279.7195,234.1736,354.4103,0.0,False,True,0.0,test
lvis:2525:914:195,lvis,2525,train2017/000000002525.jpg,914,saucepan,saucepan,True,0,9,0.12335605174303055,146.9408,123.8364,227.9835,212.7246,0.0,False,True,0.0,test
lvis:2525:914:195,lvis,2525,train2017/000000002525.jpg,914,saucepan,saucepan,True,0,10,0.11663714796304703,43.3205,343.9055,113.4344,425.4517,0.0,False,True,0.0,test
lvis:2525:914:195,lvis,2525,train2017/000000002525.jpg,914,saucepan,saucepan,True,0,11,0.11292803287506104,442.2892,139.6431,638.7667,425.1415,0.0,False,True,0.0,test
lvis:2525:914:195,lvis,2525,train2017/000000002525.jpg,914,saucepan,saucepan,True,0,12,0.11059730499982834,189.613,358.6576,249.251,425.7802,0.0,False,True,0.0,test
lvis:2525:914:195,lvis,2525,train2017/000000002525.jpg,914,saucepan,saucepan,True,0,13,0.10489266365766525,458.6154,254.8769,637.851,337.1429,0.0,False,True,0.0,test
lvis:2525:914:195,lvis,2525,train2017/000000002525.jpg,914,saucepan,saucepan,True,0,14,0.09976857155561447,94.013,282.0715,155.8717,342.0298,0.0,False,True,0.0,test
lvis:2525:914:195,lvis,2525,train2017/000000002525.jpg,914,saucepan,saucepan,True,0,15,0.0947302058339119,112.1921,352.827,174.7724,425.798,0.0,False,True,0.0,test
lvis:2525:914:195,lvis,2525,train2017/000000002525.jpg,914,saucepan,saucepan,True,0,16,0.09334813058376312,458.8313,209.4142,637.0012,334.9042,0.0,False,True,0.0,test
lvis:2525:914:195,lvis,2525,train2017/000000002525.jpg,914,saucepan,saucepan,True,0,17,0.09189721941947937,245.2614,354.488,301.9618,421.2662,0.0,False,True,0.0,test
lvis:2525:914:195,lvis,2525,train2017/000000002525.jpg,914,saucepan,saucepan,True,0,18,0.08627166599035263,241.5187,5.108,463.1526,423.471,0.0,False,True,0.0,test
lvis:2525:914:195,lvis,2525,train2017/000000002525.jpg,914,saucepan,saucepan,True,0,19,0.08291811496019363,510.3283,349.74,561.8243,425.387,0.0,False,True,0.0,test
lvis:2525:914:195,lvis,2525,train2017/000000002525.jpg,914,saucepan,saucepan,True,0,20,0.08225134015083313,96.7671,0.2024,200.5435,133.0336,0.0,False,True,0.0,test
lvis:2525:914:195,lvis,2525,train2017/000000002525.jpg,914,saucepan,saucepan,True,0,21,0.08083689957857132,458.6802,138.6041,636.4867,337.8389,0.0,False,True,0.0,test
lvis:2525:914:195,lvis,2525,train2017/000000002525.jpg,914,saucepan,saucepan,True,0,22,0.07919822633266449,446.5841,255.186,638.3843,372.3395,0.0,False,True,0.0,test
lvis:2525:914:195,lvis,2525,train2017/000000002525.jpg,914,saucepan,saucepan,True,0,23,0.07403499633073807,544.153,208.7626,572.683,263.2874,0.0,False,True,0.0,test
lvis:2525:914:195,lvis,2525,train2017/000000002525.jpg,914,saucepan,saucepan,True,0,24,0.07372669130563736,510.3067,137.5781,624.8188,262.9095,0.0,False,True,0.0,test
lvis:2525:914:195,lvis,2525,train2017/000000002525.jpg,914,saucepan,saucepan,True,0,25,0.07287836074829102,454.2417,317.8253,519.7289,415.8023,0.0,False,True,0.0,test
lvis:2525:914:195,lvis,2525,train2017/000000002525.jpg,914,saucepan,saucepan,True,0,26,0.07135206460952759,512.2731,138.1503,625.5585,208.4595,0.0,False,True,0.0,test
lvis:2525:914:195,lvis,2525,train2017/000000002525.jpg,914,saucepan,saucepan,True,0,27,0.0693553164601326,464.8523,342.6399,512.8163,415.5964,0.0,False,True,0.0,test
lvis:2525:914:195,lvis,2525,train2017/000000002525.jpg,914,saucepan,saucepan,True,0,28,0.06836944073438644,242.6515,331.3875,307.774,422.6405,0.0,False,True,0.0,test
lvis:2525:914:195,lvis,2525,train2017/000000002525.jpg,914,saucepan,saucepan,True,0,29,0.06748058646917343,562.0128,353.9717,617.9882,425.4313,0.0,False,True,0.0,test
lvis:2525:914:195,lvis,2525,train2017/000000002525.jpg,914,saucepan,saucepan,True,0,30,0.06655211001634598,139.9534,264.9362,181.7609,319.1634,0.0,False,True,0.0,test
lvis:2525:914:195,lvis,2525,train2017/000000002525.jpg,914,saucepan,saucepan,True,0,31,0.06177700683474541,483.5676,312.2549,518.2847,334.65,0.0,False,True,0.0,test
lvis:2525:914:195,lvis,2525,train2017/000000002525.jpg,914,saucepan,saucepan,True,0,32,0.06144744157791138,82.5376,265.3021,125.9302,319.9461,0.0,False,True,0.0,test
lvis:2525:914:195,lvis,2525,train2017/000000002525.jpg,914,saucepan,saucepan,True,0,33,0.06133624538779259,147.6227,124.3006,228.3505,275.6907,0.0,False,True,0.0,test
lvis:2525:914:195,lvis,2525,train2017/000000002525.jpg,914,saucepan,saucepan,True,0,34,0.0605347603559494,0.6793,328.5053,63.8976,421.4908,0.0,False,True,0.0,test
lvis:2525:914:195,lvis,2525,train2017/000000002525.jpg,914,saucepan,saucepan,True,0,35,0.058321673423051834,19.2607,115.594,51.3632,167.9396,0.0,False,True,0.0,test
lvis:2525:914:195,lvis,2525,train2017/000000002525.jpg,914,saucepan,saucepan,True,0,36,0.057906538248062134,82.9901,266.3124,156.4883,346.8218,0.0,False,True,0.0,test
lvis:2525:914:195,lvis,2525,train2017/000000002525.jpg,914,saucepan,saucepan,True,0,37,0.05696827545762062,14.6806,42.932,119.2927,199.4651,0.0,False,True,0.0,test
lvis:2525:914:195,lvis,2525,train2017/000000002525.jpg,914,saucepan,saucepan,True,0,38,0.05453648418188095,117.6031,195.6983,249.6832,274.4519,0.0,False,True,0.0,test
lvis:2525:914:195,lvis,2525,train2017/000000002525.jpg,914,saucepan,saucepan,True,0,39,0.05324088782072067,4.6785,198.6095,126.2802,334.107,0.0,False,True,0.0,test
lvis:2525:914:195,lvis,2525,train2017/000000002525.jpg,914,saucepan,saucepan,True,0,40,0.052495505660772324,94.1171,298.6095,155.5434,340.2664,0.0,False,True,0.0,test
lvis:2532:49:197,lvis,2532,val2017/000000002532.jpg,49,banjo,banjo,True,0,0,0.3725546896457672,180.1161,304.7191,289.287,476.6534,0.0,False,True,9.98792270531401,test
lvis:2532:49:197,lvis,2532,val2017/000000002532.jpg,49,banjo,banjo,True,0,1,0.2817643880844116,174.8243,341.2435,193.9353,458.4173,0.0,False,True,9.98792270531401,test
lvis:2532:49:197,lvis,2532,val2017/000000002532.jpg,49,banjo,banjo,True,0,2,0.258531779050827,275.1786,342.1256,297.157,452.7883,0.0,False,True,9.98792270531401,test
lvis:2532:49:197,lvis,2532,val2017/000000002532.jpg,49,banjo,banjo,True,0,3,0.21641473472118378,173.0125,340.5099,296.1227,460.8079,0.0,False,True,9.98792270531401,test
lvis:2532:49:197,lvis,2532,val2017/000000002532.jpg,49,banjo,banjo,True,0,4,0.20181691646575928,205.6674,441.9764,267.4626,491.577,0.0,False,True,9.98792270531401,test
lvis:2532:49:197,lvis,2532,val2017/000000002532.jpg,49,banjo,banjo,True,0,5,0.16940829157829285,156.5143,303.1381,311.8254,482.6151,0.0,False,True,0.0,test
lvis:2532:49:197,lvis,2532,val2017/000000002532.jpg,49,banjo,banjo,True,0,6,0.15730822086334229,347.5209,474.2557,420.948,517.8086,0.0,False,True,0.0,test
lvis:2532:49:197,lvis,2532,val2017/000000002532.jpg,49,banjo,banjo,True,0,7,0.15461009740829468,149.1649,343.2532,311.7344,424.295,0.0,False,True,0.0,test
lvis:2532:49:197,lvis,2532,val2017/000000002532.jpg,49,banjo,banjo,True,0,8,0.12458515912294388,287.0706,365.6598,320.0057,393.5403,0.0,False,True,0.0,test
lvis:2532:49:197,lvis,2532,val2017/000000002532.jpg,49,banjo,banjo,True,0,9,0.11273548752069473,256.4599,364.7424,287.198,386.3829,0.0,False,True,0.0,test
lvis:2532:49:197,lvis,2532,val2017/000000002532.jpg,49,banjo,banjo,True,0,10,0.1076502874493599,149.8377,339.1328,330.5647,459.3145,0.0,False,True,0.0,test
lvis:2532:49:197,lvis,2532,val2017/000000002532.jpg,49,banjo,banjo,True,0,11,0.09079043567180634,183.2357,304.7984,285.8466,391.8973,0.0,False,True,0.0,test
lvis:2532:49:197,lvis,2532,val2017/000000002532.jpg,49,banjo,banjo,True,0,12,0.08401726931333542,149.5526,362.7018,223.5094,422.8917,0.0,False,True,0.0,test
lvis:2532:49:197,lvis,2532,val2017/000000002532.jpg,49,banjo,banjo,True,0,13,0.08216220885515213,286.1794,365.2877,329.2855,403.5504,0.0,False,True,0.0,test
lvis:2532:49:197,lvis,2532,val2017/000000002532.jpg,49,banjo,banjo,True,0,14,0.07987532019615173,274.3858,342.0382,284.9529,353.9845,0.0,False,True,0.0,test
lvis:2532:49:197,lvis,2532,val2017/000000002532.jpg,49,banjo,banjo,True,0,15,0.07826846092939377,256.8704,363.2939,319.4512,394.0019,0.0,False,True,0.0,test
lvis:2532:49:197,lvis,2532,val2017/000000002532.jpg,49,banjo,banjo,True,0,16,0.07340969145298004,151.4087,343.0542,318.6745,400.0323,0.0,False,True,0.0,test
lvis:2532:49:197,lvis,2532,val2017/000000002532.jpg,49,banjo,banjo,True,0,17,0.07308195531368256,237.5199,442.2734,267.3441,476.3884,0.0,False,True,0.0,test
lvis:2532:49:197,lvis,2532,val2017/000000002532.jpg,49,banjo,banjo,True,0,18,0.06948356330394745,170.3678,363.1767,316.1305,396.2088,0.0,False,True,0.0,test
lvis:2532:49:197,lvis,2532,val2017/000000002532.jpg,49,banjo,banjo,True,0,19,0.06534881889820099,205.9736,471.5203,230.7561,491.5119,0.0,False,True,0.0,test
lvis:2532:49:197,lvis,2532,val2017/000000002532.jpg,49,banjo,banjo,True,0,20,0.06395121663808823,149.729,391.5689,199.9598,422.5102,0.0,False,True,0.0,test
lvis:2532:49:197,lvis,2532,val2017/000000002532.jpg,49,banjo,banjo,True,0,21,0.0613604299724102,172.0266,367.9025,222.4949,396.4332,0.0,False,True,0.0,test
lvis:2532:49:197,lvis,2532,val2017/000000002532.jpg,49,banjo,banjo,True,0,22,0.06066747382283211,347.4489,484.7317,384.5333,511.1917,0.0,False,True,0.0,test
lvis:2532:49:197,lvis,2532,val2017/000000002532.jpg,49,banjo,banjo,True,0,23,0.060392290353775024,1.4376,345.4174,478.8887,637.3356,0.0,False,True,0.0,test
lvis:2532:49:197,lvis,2532,val2017/000000002532.jpg,49,banjo,banjo,True,0,24,0.058329079300165176,256.8157,341.8135,298.6877,453.2767,0.0,False,True,0.0,test
lvis:2532:49:197,lvis,2532,val2017/000000002532.jpg,49,banjo,banjo,True,0,25,0.05811749026179314,233.2358,304.5512,250.9217,322.2744,0.0,False,True,0.0,test
lvis:2532:49:197,lvis,2532,val2017/000000002532.jpg,49,banjo,banjo,True,0,26,0.05771133303642273,86.1988,87.0704,264.1083,161.1794,0.0,False,True,0.0,test
lvis:2532:49:197,lvis,2532,val2017/000000002532.jpg,49,banjo,banjo,True,0,27,0.05690241605043411,149.6415,392.4678,184.581,421.369,0.0,False,True,0.0,test
lvis:2532:49:197,lvis,2532,val2017/000000002532.jpg,49,banjo,banjo,True,0,28,0.05643373727798462,149.8154,305.3734,291.2051,424.165,0.0,False,True,0.0,test
lvis:2532:49:197,lvis,2532,val2017/000000002532.jpg,49,banjo,banjo,True,0,29,0.05636581778526306,208.9909,390.1113,224.5929,406.1283,0.0,False,True,0.0,test
lvis:2532:49:197,lvis,2532,val2017/000000002532.jpg,49,banjo,banjo,True,0,30,0.054031241685152054,301.6905,378.8848,344.1533,405.2148,0.0,False,True,0.0,test
lvis:2532:49:197,lvis,2532,val2017/000000002532.jpg,49,banjo,banjo,True,0,31,0.05386531725525856,149.2702,342.4411,195.8363,422.626,0.0,False,True,0.0,test
lvis:2532:49:197,lvis,2532,val2017/000000002532.jpg,49,banjo,banjo,True,0,32,0.05386132374405861,149.8345,388.8651,224.0096,421.9184,0.0,False,True,0.0,test
lvis:2532:49:197,lvis,2532,val2017/000000002532.jpg,49,banjo,banjo,True,0,33,0.05226445943117142,347.8944,444.8465,421.265,517.9299,0.0,False,True,0.0,test
lvis:2532:49:197,lvis,2532,val2017/000000002532.jpg,49,banjo,banjo,True,0,34,0.0520365908741951,0.3255,420.5143,47.4582,494.6343,0.0,False,True,0.0,test
lvis:2532:49:197,lvis,2532,val2017/000000002532.jpg,49,banjo,banjo,True,0,35,0.051702938973903656,288.2316,365.9363,306.6697,384.2366,0.0,False,True,0.0,test
lvis:2532:49:197,lvis,2532,val2017/000000002532.jpg,49,banjo,banjo,True,0,36,0.05168330296874046,213.3144,305.1053,262.6414,475.0483,0.0,False,True,0.0,test
lvis:2532:49:197,lvis,2532,val2017/000000002532.jpg,49,banjo,banjo,True,0,37,0.0513167604804039,155.8655,362.0264,287.6398,397.5154,0.0,False,True,0.0,test
lvis:2587:992:199,lvis,2587,val2017/000000002587.jpg,992,sparkler_(fireworks),sparkler_(fireworks),True,0,0,0.274177610874176,51.2261,10.1216,462.906,358.7736,0.0,False,True,9.98792270531401,test
lvis:2587:992:199,lvis,2587,val2017/000000002587.jpg,992,sparkler_(fireworks),sparkler_(fireworks),True,0,1,0.22848550975322723,51.8579,121.8632,450.0393,357.8104,0.0,False,True,9.98792270531401,test
lvis:2587:992:199,lvis,2587,val2017/000000002587.jpg,992,sparkler_(fireworks),sparkler_(fireworks),True,0,2,0.21947099268436432,395.0856,0.2892,497.3684,28.4382,0.0,False,True,9.98792270531401,test
lvis:2587:992:199,lvis,2587,val2017/000000002587.jpg,992,sparkler_(fireworks),sparkler_(fireworks),True,0,3,0.16665275394916534,167.1697,13.0766,409.9734,264.5236,0.0,False,True,0.0,test
lvis:2587:992:199,lvis,2587,val2017/000000002587.jpg,992,sparkler_(fireworks),sparkler_(fireworks),True,0,4,0.13246367871761322,103.7175,5.2866,191.8727,42.0532,0.0,False,True,0.0,test
lvis:2587:992:199,lvis,2587,val2017/000000002587.jpg,992,sparkler_(fireworks),sparkler_(fireworks),True,0,5,0.12117975950241089,348.3609,112.3425,399.4047,154.7809,0.0,False,True,0.0,test
lvis:2587:992:199,lvis,2587,val2017/000000002587.jpg,992,sparkler_(fireworks),sparkler_(fireworks),True,0,6,0.11954431235790253,89.3344,27.1001,123.9012,125.573,0.0,False,True,0.0,test
lvis:2587:992:199,lvis,2587,val2017/000000002587.jpg,992,sparkler_(fireworks),sparkler_(fireworks),True,0,7,0.11682654917240143,272.9456,29.0275,379.1532,75.828,0.0,False,True,0.0,test
lvis:2587:992:199,lvis,2587,val2017/000000002587.jpg,992,sparkler_(fireworks),sparkler_(fireworks),True,0,8,0.1145535483956337,90.0026,9.9263,470.8628,264.2399,0.0,False,True,0.0,test
lvis:2587:992:199,lvis,2587,val2017/000000002587.jpg,992,sparkler_(fireworks),sparkler_(fireworks),True,0,9,0.10973135381937027,83.6804,274.8346,150.5527,360.7023,0.0,False,True,0.0,test
lvis:2587:992:199,lvis,2587,val2017/000000002587.jpg,992,sparkler_(fireworks),sparkler_(fireworks),True,0,10,0.09638698399066925,362.5269,36.3565,469.7458,91.7648,0.0,False,True,0.0,test
lvis:2587:992:199,lvis,2587,val2017/000000002587.jpg,992,sparkler_(fireworks),sparkler_(fireworks),True,0,11,0.09268708527088165,430.7444,1.275,493.24,26.3813,0.0,False,True,0.0,test
lvis:2587:992:199,lvis,2587,val2017/000000002587.jpg,992,sparkler_(fireworks),sparkler_(fireworks),True,0,12,0.0880337655544281,242.2046,173.3349,313.1729,204.3601,0.0,False,True,0.0,test
lvis:2587:992:199,lvis,2587,val2017/000000002587.jpg,992,sparkler_(fireworks),sparkler_(fireworks),True,0,13,0.08431771397590637,88.1549,6.5481,227.639,124.226,0.0,False,True,0.0,test
lvis:2587:992:199,lvis,2587,val2017/000000002587.jpg,992,sparkler_(fireworks),sparkler_(fireworks),True,0,14,0.08361660689115524,347.3245,109.2773,473.5184,155.4046,0.0,False,True,0.0,test
lvis:2587:992:199,lvis,2587,val2017/000000002587.jpg,992,sparkler_(fireworks),sparkler_(fireworks),True,0,15,0.08303779363632202,136.9062,37.1173,228.5019,124.0613,0.0,False,True,0.0,test
lvis:2587:992:199,lvis,2587,val2017/000000002587.jpg,992,sparkler_(fireworks),sparkler_(fireworks),True,0,16,0.08261142671108246,391.6523,28.716,498.6642,62.3701,0.0,False,True,0.0,test
lvis:2587:992:199,lvis,2587,val2017/000000002587.jpg,992,sparkler_(fireworks),sparkler_(fireworks),True,0,17,0.07609546184539795,410.3617,54.1825,469.239,90.9069,0.0,False,True,0.0,test
lvis:2587:992:199,lvis,2587,val2017/000000002587.jpg,992,sparkler_(fireworks),sparkler_(fireworks),True,0,18,0.07574478536844254,325.289,110.1364,402.1902,160.5548,0.0,False,True,0.0,test
lvis:2587:992:199,lvis,2587,val2017/000000002587.jpg,992,sparkler_(fireworks),sparkler_(fireworks),True,0,19,0.07573303580284119,326.2632,105.3797,480.0983,163.3512,0.0,False,True,0.0,test
lvis:2587:992:199,lvis,2587,val2017/000000002587.jpg,992,sparkler_(fireworks),sparkler_(fireworks),True,0,20,0.07459154725074768,376.168,326.1283,400.89,355.5253,0.0,False,True,0.0,test
lvis:2587:992:199,lvis,2587,val2017/000000002587.jpg,992,sparkler_(fireworks),sparkler_(fireworks),True,0,21,0.07394779473543167,391.4911,0.5677,498.2115,62.8939,0.0,False,True,0.0,test
lvis:2587:992:199,lvis,2587,val2017/000000002587.jpg,992,sparkler_(fireworks),sparkler_(fireworks),True,0,22,0.07341711223125458,337.0917,105.6234,408.2792,164.8347,0.0,False,True,0.0,test
lvis:2587:992:199,lvis,2587,val2017/000000002587.jpg,992,sparkler_(fireworks),sparkler_(fireworks),True,0,23,0.0723070353269577,391.0357,0.4684,498.0002,43.0391,0.0,False,True,0.0,test
lvis:2587:992:199,lvis,2587,val2017/000000002587.jpg,992,sparkler_(fireworks),sparkler_(fireworks),True,0,24,0.07215279340744019,152.4802,126.2006,173.1979,158.5989,0.0,False,True,0.0,test
lvis:2587:992:199,lvis,2587,val2017/000000002587.jpg,992,sparkler_(fireworks),sparkler_(fireworks),True,0,25,0.07146060466766357,95.8722,2.2252,199.9057,52.9574,0.0,False,True,0.0,test
lvis:2587:992:199,lvis,2587,val2017/000000002587.jpg,992,sparkler_(fireworks),sparkler_(fireworks),True,0,26,0.06972324848175049,79.113,8.3065,480.7176,167.2252,0.0,False,True,0.0,test
lvis:2587:992:199,lvis,2587,val2017/000000002587.jpg,992,sparkler_(fireworks),sparkler_(fireworks),True,0,27,0.06614133715629578,88.5585,15.2336,470.5315,124.573,0.0,False,True,0.0,test
lvis:2587:992:199,lvis,2587,val2017/000000002587.jpg,992,sparkler_(fireworks),sparkler_(fireworks),True,0,28,0.06298428773880005,74.1927,2.8823,193.8124,43.2316,0.0,False,True,0.0,test
lvis:2587:992:199,lvis,2587,val2017/000000002587.jpg,992,sparkler_(fireworks),sparkler_(fireworks),True,0,29,0.06140364333987236,88.2656,320.948,150.2342,359.8566,0.0,False,True,0.0,test
lvis:2587:992:199,lvis,2587,val2017/000000002587.jpg,992,sparkler_(fireworks),sparkler_(fireworks),True,0,30,0.06120442599058151,170.1383,51.1334,227.7626,123.3208,0.0,False,True,0.0,test
lvis:2587:992:199,lvis,2587,val2017/000000002587.jpg,992,sparkler_(fireworks),sparkler_(fireworks),True,0,31,0.06106074899435043,154.1757,24.2231,487.228,355.4851,0.0,False,True,0.0,test
lvis:2587:992:199,lvis,2587,val2017/000000002587.jpg,992,sparkler_(fireworks),sparkler_(fireworks),True,0,32,0.05991382896900177,211.84,146.2594,256.9839,165.2782,0.0,False,True,0.0,test
lvis:2587:992:199,lvis,2587,val2017/000000002587.jpg,992,sparkler_(fireworks),sparkler_(fireworks),True,0,33,0.05934014171361923,81.8471,6.3459,128.6129,127.6656,0.0,False,True,0.0,test
lvis:2587:992:199,lvis,2587,val2017/000000002587.jpg,992,sparkler_(fireworks),sparkler_(fireworks),True,0,34,0.05932047590613365,363.1786,36.8952,399.7593,65.8042,0.0,False,True,0.0,test
lvis:2587:992:199,lvis,2587,val2017/000000002587.jpg,992,sparkler_(fireworks),sparkler_(fireworks),True,0,35,0.05910070240497589,293.8049,32.8637,366.012,63.9159,0.0,False,True,0.0,test
lvis:2587:992:199,lvis,2587,val2017/000000002587.jpg,992,sparkler_(fireworks),sparkler_(fireworks),True,0,36,0.059054184705019,139.3715,19.8764,473.0531,213.6641,0.0,False,True,0.0,test
lvis:2587:992:199,lvis,2587,val2017/000000002587.jpg,992,sparkler_(fireworks),sparkler_(fireworks),True,0,37,0.05649597942829132,235.7579,165.4589,320.5894,212.2414,0.0,False,True,0.0,test
lvis:2587:992:199,lvis,2587,val2017/000000002587.jpg,992,sparkler_(fireworks),sparkler_(fireworks),True,0,38,0.05535237491130829,147.0429,119.0405,179.5933,164.7636,0.0,False,True,0.0,test
lvis:2587:992:199,lvis,2587,val2017/000000002587.jpg,992,sparkler_(fireworks),sparkler_(fireworks),True,0,39,0.054935161024332047,207.1779,107.0321,478.169,168.4451,0.0,False,True,0.0,test
lvis:2587:992:199,lvis,2587,val2017/000000002587.jpg,992,sparkler_(fireworks),sparkler_(fireworks),True,0,40,0.0542006678879261,85.4236,280.3186,130.1861,322.4286,0.0,False,True,0.0,test
lvis:2587:992:199,lvis,2587,val2017/000000002587.jpg,992,sparkler_(fireworks),sparkler_(fireworks),True,0,41,0.05399491637945175,106.8561,5.9087,156.9815,38.0645,0.0,False,True,0.0,test
lvis:2587:992:199,lvis,2587,val2017/000000002587.jpg,992,sparkler_(fireworks),sparkler_(fireworks),True,0,42,0.053768280893564224,346.7477,111.5204,427.1897,156.4925,0.0,False,True,0.0,test
lvis:2587:992:199,lvis,2587,val2017/000000002587.jpg,992,sparkler_(fireworks),sparkler_(fireworks),True,0,43,0.05056428164243698,349.3793,53.742,470.3309,157.3146,0.0,False,True,0.0,test
lvis:2592:925:201,lvis,2592,val2017/000000002592.jpg,925,scraper,scraper,True,0,0,0.5771014094352722,220.5601,32.3279,432.1379,245.9147,0.0,False,True,9.98792270531401,test
lvis:2592:925:201,lvis,2592,val2017/000000002592.jpg,925,scraper,scraper,True,0,1,0.420308381319046,27.8307,217.7105,616.1775,316.8191,0.0,False,True,9.98792270531401,test
lvis:2592:925:201,lvis,2592,val2017/000000002592.jpg,925,scraper,scraper,True,0,2,0.16586558520793915,27.1549,30.7785,616.9986,317.3947,0.0,False,True,0.0,test
lvis:2592:925:201,lvis,2592,val2017/000000002592.jpg,925,scraper,scraper,True,0,3,0.08976956456899643,263.0744,124.2602,320.8348,192.2307,0.0,False,True,0.0,test
lvis:2592:925:201,lvis,2592,val2017/000000002592.jpg,925,scraper,scraper,True,0,4,0.06641700863838196,242.9344,124.0391,344.2609,221.4011,0.0,False,True,0.0,test
lvis:2592:925:201,lvis,2592,val2017/000000002592.jpg,925,scraper,scraper,True,0,5,0.0563320592045784,243.1323,165.2213,344.1889,220.634,0.0,False,True,0.0,test
lvis:2592:925:201,lvis,2592,val2017/000000002592.jpg,925,scraper,scraper,True,0,6,0.05461384356021881,0.6235,0.0745,101.3331,164.815,0.0,False,True,0.0,test
lvis:2592:925:201,lvis,2592,val2017/000000002592.jpg,925,scraper,scraper,True,0,7,0.052886154502630234,28.005,248.059,400.093,315.9998,0.0,False,True,0.0,test
lvis:2592:925:201,lvis,2592,val2017/000000002592.jpg,925,scraper,scraper,True,0,8,0.05283081531524658,381.8478,217.4513,615.4901,292.5103,0.0,False,True,0.0,test
lvis:2592:812:202,lvis,2592,val2017/000000002592.jpg,812,pistol,pistol,True,0,0,0.7256401777267456,28.3272,217.6567,615.7009,316.6716,0.0,False,True,9.98792270531401,test
lvis:2592:812:202,lvis,2592,val2017/000000002592.jpg,812,pistol,pistol,True,0,1,0.08291234821081161,27.5964,34.336,618.9388,320.1225,0.0,False,True,0.0,test
lvis:2602:234:204,lvis,2602,train2017/000000002602.jpg,234,chalice,chalice,True,0,0,0.46447622776031494,107.4691,36.8723,319.0454,609.0325,0.0,False,True,9.98792270531401,test
lvis:2602:234:204,lvis,2602,train2017/000000002602.jpg,234,chalice,chalice,True,0,1,0.19728447496891022,340.0991,581.8538,354.5403,611.7596,0.0,False,True,9.98792270531401,test
lvis:2602:234:204,lvis,2602,train2017/000000002602.jpg,234,chalice,chalice,True,0,2,0.18285690248012543,159.0383,160.3899,295.613,273.6865,0.0,False,True,0.0,test
lvis:2602:234:204,lvis,2602,train2017/000000002602.jpg,234,chalice,chalice,True,0,3,0.15559008717536926,90.5569,452.0934,188.5429,550.3829,0.0,False,True,0.0,test
lvis:2602:234:204,lvis,2602,train2017/000000002602.jpg,234,chalice,chalice,True,0,4,0.1538068950176239,167.8057,501.201,260.1371,551.9094,0.0,False,True,0.0,test
lvis:2602:234:204,lvis,2602,train2017/000000002602.jpg,234,chalice,chalice,True,0,5,0.14522962272167206,16.7055,507.6613,34.3122,525.0881,0.0,False,True,0.0,test
lvis:2602:234:204,lvis,2602,train2017/000000002602.jpg,234,chalice,chalice,True,0,6,0.14029701054096222,1.0515,301.2005,425.9364,638.3059,0.0,False,True,0.0,test
lvis:2602:234:204,lvis,2602,train2017/000000002602.jpg,234,chalice,chalice,True,0,7,0.13040025532245636,252.3333,376.4698,270.9402,398.6204,0.0,False,True,0.0,test
lvis:2602:234:204,lvis,2602,train2017/000000002602.jpg,234,chalice,chalice,True,0,8,0.12374312430620193,116.3705,36.7836,214.0927,148.3004,0.0,False,True,0.0,test
lvis:2602:234:204,lvis,2602,train2017/000000002602.jpg,234,chalice,chalice,True,0,9,0.1216563880443573,201.3458,275.9164,237.3193,304.4397,0.0,False,True,0.0,test
lvis:2602:234:204,lvis,2602,train2017/000000002602.jpg,234,chalice,chalice,True,0,10,0.1190311387181282,351.9602,409.5249,397.5268,455.264,0.0,False,True,0.0,test
lvis:2602:234:204,lvis,2602,train2017/000000002602.jpg,234,chalice,chalice,True,0,11,0.11125118285417557,0.9034,507.5955,34.64,534.0806,0.0,False,True,0.0,test
lvis:2602:234:204,lvis,2602,train2017/000000002602.jpg,234,chalice,chalice,True,0,12,0.1013973131775856,291.6985,341.4553,397.9667,453.3764,0.0,False,True,0.0,test
lvis:2602:234:204,lvis,2602,train2017/000000002602.jpg,234,chalice,chalice,True,0,13,0.09640052914619446,135.6725,501.0785,179.0208,541.7289,0.0,False,True,0.0,test
lvis:2602:234:204,lvis,2602,train2017/000000002602.jpg,234,chalice,chalice,True,0,14,0.09258489310741425,239.0218,351.4587,258.6536,369.7256,0.0,False,True,0.0,test
lvis:2602:234:204,lvis,2602,train2017/000000002602.jpg,234,chalice,chalice,True,0,15,0.09048216044902802,257.9819,273.5815,273.1469,291.0666,0.0,False,True,0.0,test
lvis:2602:234:204,lvis,2602,train2017/000000002602.jpg,234,chalice,chalice,True,0,16,0.08904264867305756,130.1145,481.3352,184.6374,545.7262,0.0,False,True,0.0,test
lvis:2602:234:204,lvis,2602,train2017/000000002602.jpg,234,chalice,chalice,True,0,17,0.08619019389152527,140.3438,501.0026,175.6033,533.6805,0.0,False,True,0.0,test
lvis:2602:234:204,lvis,2602,train2017/000000002602.jpg,234,chalice,chalice,True,0,18,0.08339891582727432,246.3812,328.2865,273.5747,351.6068,0.0,False,True,0.0,test
lvis:2602:234:204,lvis,2602,train2017/000000002602.jpg,234,chalice,chalice,True,0,19,0.08225997537374496,111.9481,499.4243,136.9142,547.3385,0.0,False,True,0.0,test
lvis:2602:234:204,lvis,2602,train2017/000000002602.jpg,234,chalice,chalice,True,0,20,0.08195757865905762,41.3358,453.6365,56.5466,467.9066,0.0,False,True,0.0,test
lvis:2602:234:204,lvis,2602,train2017/000000002602.jpg,234,chalice,chalice,True,0,21,0.08146404474973679,301.1538,370.9918,389.0758,437.6456,0.0,False,True,0.0,test
lvis:2602:234:204,lvis,2602,train2017/000000002602.jpg,234,chalice,chalice,True,0,22,0.07798995077610016,141.3823,501.394,168.1749,521.1472,0.0,False,True,0.0,test
lvis:2602:234:204,lvis,2602,train2017/000000002602.jpg,234,chalice,chalice,True,0,23,0.07025672495365143,356.9441,430.1812,396.394,450.6567,0.0,False,True,0.0,test
lvis:2602:234:204,lvis,2602,train2017/000000002602.jpg,234,chalice,chalice,True,0,24,0.07002004981040955,161.7389,272.9476,190.5458,296.6743,0.0,False,True,0.0,test
lvis:2602:234:204,lvis,2602,train2017/000000002602.jpg,234,chalice,chalice,True,0,25,0.06922642886638641,154.077,262.7877,197.6785,296.816,0.0,False,True,0.0,test
lvis:2602:234:204,lvis,2602,train2017/000000002602.jpg,234,chalice,chalice,True,0,26,0.06305881589651108,2.841,11.0994,424.1081,637.0591,0.0,False,True,0.0,test
lvis:2602:234:204,lvis,2602,train2017/000000002602.jpg,234,chalice,chalice,True,0,27,0.059394098818302155,75.8801,458.6367,143.8797,495.9188,0.0,False,True,0.0,test
lvis:2602:234:204,lvis,2602,train2017/000000002602.jpg,234,chalice,chalice,True,0,28,0.05917167291045189,142.7087,500.3569,425.8291,639.1094,0.0,False,True,0.0,test
lvis:2602:234:204,lvis,2602,train2017/000000002602.jpg,234,chalice,chalice,True,0,29,0.05888361483812332,283.0158,198.5473,318.4633,235.0347,0.0,False,True,0.0,test
lvis:2602:234:204,lvis,2602,train2017/000000002602.jpg,234,chalice,chalice,True,0,30,0.05632377043366432,186.7332,516.3918,218.8645,540.8141,0.0,False,True,0.0,test
lvis:2602:234:204,lvis,2602,train2017/000000002602.jpg,234,chalice,chalice,True,0,31,0.056141529232263565,76.0329,451.9232,165.8304,495.8729,0.0,False,True,0.0,test
lvis:2602:234:204,lvis,2602,train2017/000000002602.jpg,234,chalice,chalice,True,0,32,0.05386323109269142,129.9995,101.1068,139.5637,111.3772,0.0,False,True,0.0,test
lvis:2602:234:204,lvis,2602,train2017/000000002602.jpg,234,chalice,chalice,True,0,33,0.05361318588256836,163.3128,126.2693,190.3576,142.2234,0.0,False,True,0.0,test
lvis:2602:234:204,lvis,2602,train2017/000000002602.jpg,234,chalice,chalice,True,0,34,0.053309373557567596,294.6282,597.9009,302.4047,605.725,0.0,False,True,0.0,test
lvis:2618:63:205,lvis,2618,train2017/000000002618.jpg,63,bass_horn,bass_horn,True,0,0,0.3751210868358612,209.4327,16.5893,494.993,475.5404,0.0,False,True,9.98792270531401,test
lvis:2618:63:205,lvis,2618,train2017/000000002618.jpg,63,bass_horn,bass_horn,True,0,1,0.17052213847637177,305.9398,30.3594,319.522,43.791,0.0,False,True,0.0,test
lvis:2618:63:205,lvis,2618,train2017/000000002618.jpg,63,bass_horn,bass_horn,True,0,2,0.11262375116348267,387.5751,28.9119,411.0862,41.5109,0.0,False,True,0.0,test
lvis:2618:63:205,lvis,2618,train2017/000000002618.jpg,63,bass_horn,bass_horn,True,0,3,0.10576044768095016,222.0133,28.8836,394.8296,444.2274,0.0,False,True,0.0,test
lvis:2618:63:205,lvis,2618,train2017/000000002618.jpg,63,bass_horn,bass_horn,True,0,4,0.10359100997447968,302.9443,28.376,322.4063,45.5908,0.0,False,True,0.0,test
lvis:2618:63:205,lvis,2618,train2017/000000002618.jpg,63,bass_horn,bass_horn,True,0,5,0.1034986823797226,365.6929,34.7535,479.2323,93.1052,0.0,False,True,0.0,test
lvis:2618:63:205,lvis,2618,train2017/000000002618.jpg,63,bass_horn,bass_horn,True,0,6,0.09657154232263565,236.7911,73.4369,259.9071,109.0157,0.0,False,True,0.0,test
lvis:2618:63:205,lvis,2618,train2017/000000002618.jpg,63,bass_horn,bass_horn,True,0,7,0.09089306741952896,357.1603,214.929,471.8102,301.4175,0.0,False,True,0.0,test
lvis:2618:63:205,lvis,2618,train2017/000000002618.jpg,63,bass_horn,bass_horn,True,0,8,0.09023076295852661,360.4448,34.4835,480.5703,314.9642,0.0,False,True,0.0,test
lvis:2618:63:205,lvis,2618,train2017/000000002618.jpg,63,bass_horn,bass_horn,True,0,9,0.08331268280744553,355.285,213.0287,386.1053,242.7161,0.0,False,True,0.0,test
lvis:2618:63:205,lvis,2618,train2017/000000002618.jpg,63,bass_horn,bass_horn,True,0,10,0.08236594498157501,366.7613,28.4236,411.4178,43.5078,0.0,False,True,0.0,test
lvis:2618:63:205,lvis,2618,train2017/000000002618.jpg,63,bass_horn,bass_horn,True,0,11,0.0809934064745903,3.1428,0.2487,636.7391,479.909,0.0,False,True,0.0,test
lvis:2618:63:205,lvis,2618,train2017/000000002618.jpg,63,bass_horn,bass_horn,True,0,12,0.07971006631851196,237.1096,123.0783,389.1486,430.9559,0.0,False,True,0.0,test
lvis:2618:63:205,lvis,2618,train2017/000000002618.jpg,63,bass_horn,bass_horn,True,0,13,0.0788014605641365,441.5361,35.0801,479.1588,86.8801,0.0,False,True,0.0,test
lvis:2618:63:205,lvis,2618,train2017/000000002618.jpg,63,bass_horn,bass_horn,True,0,14,0.07325835525989532,233.5878,52.2087,378.2544,126.2962,0.0,False,True,0.0,test
lvis:2618:63:205,lvis,2618,train2017/000000002618.jpg,63,bass_horn,bass_horn,True,0,15,0.07085148990154266,589.342,295.4262,636.7563,311.9041,0.0,False,True,0.0,test
lvis:2618:63:205,lvis,2618,train2017/000000002618.jpg,63,bass_horn,bass_horn,True,0,16,0.06976419687271118,216.9119,26.0669,397.3962,47.9002,0.0,False,True,0.0,test
lvis:2618:63:205,lvis,2618,train2017/000000002618.jpg,63,bass_horn,bass_horn,True,0,17,0.06800149381160736,494.0938,209.5829,510.9636,245.1516,0.0,False,True,0.0,test
lvis:2618:63:205,lvis,2618,train2017/000000002618.jpg,63,bass_horn,bass_horn,True,0,18,0.06613156944513321,336.9177,209.2692,368.2617,227.4284,0.0,False,True,0.0,test
lvis:2618:63:205,lvis,2618,train2017/000000002618.jpg,63,bass_horn,bass_horn,True,0,19,0.06475881487131119,602.5679,149.8661,638.8518,168.8076,0.0,False,True,0.0,test
lvis:2618:63:205,lvis,2618,train2017/000000002618.jpg,63,bass_horn,bass_horn,True,0,20,0.06437613815069199,361.2546,28.8611,485.8113,476.7595,0.0,False,True,0.0,test
lvis:2618:63:205,lvis,2618,train2017/000000002618.jpg,63,bass_horn,bass_horn,True,0,21,0.06284613907337189,355.5167,213.861,373.7293,241.8107,0.0,False,True,0.0,test
lvis:2618:63:205,lvis,2618,train2017/000000002618.jpg,63,bass_horn,bass_horn,True,0,22,0.05975605174899101,336.7484,208.8633,385.8945,243.0943,0.0,False,True,0.0,test
lvis:2618:63:205,lvis,2618,train2017/000000002618.jpg,63,bass_horn,bass_horn,True,0,23,0.058676548302173615,247.4293,322.5839,386.0411,422.3683,0.0,False,True,0.0,test
lvis:2618:63:205,lvis,2618,train2017/000000002618.jpg,63,bass_horn,bass_horn,True,0,24,0.05806182324886322,365.5028,274.0214,406.3596,308.7942,0.0,False,True,0.0,test
lvis:2618:63:205,lvis,2618,train2017/000000002618.jpg,63,bass_horn,bass_horn,True,0,25,0.05754939466714859,207.3263,0.1331,410.0678,25.7775,0.0,False,True,0.0,test
lvis:2618:63:205,lvis,2618,train2017/000000002618.jpg,63,bass_horn,bass_horn,True,0,26,0.0558653399348259,364.3508,34.9468,480.3239,147.9787,0.0,False,True,0.0,test
lvis:2618:63:205,lvis,2618,train2017/000000002618.jpg,63,bass_horn,bass_horn,True,0,27,0.05546785145998001,358.0994,162.5981,377.7676,195.34,0.0,False,True,0.0,test
lvis:2618:63:205,lvis,2618,train2017/000000002618.jpg,63,bass_horn,bass_horn,True,0,28,0.05542239174246788,239.9574,58.4452,438.7676,426.9396,0.0,False,True,0.0,test
lvis:2618:63:205,lvis,2618,train2017/000000002618.jpg,63,bass_horn,bass_horn,True,0,29,0.05502575263381004,336.5242,209.1648,372.9979,241.4895,0.0,False,True,0.0,test
lvis:2618:63:205,lvis,2618,train2017/000000002618.jpg,63,bass_horn,bass_horn,True,0,30,0.054916974157094955,213.1214,0.212,241.7395,14.9631,0.0,False,True,0.0,test
lvis:2618:63:205,lvis,2618,train2017/000000002618.jpg,63,bass_horn,bass_horn,True,0,31,0.05449077859520912,229.3651,33.8915,480.4901,127.1168,0.0,False,True,0.0,test
lvis:2618:63:205,lvis,2618,train2017/000000002618.jpg,63,bass_horn,bass_horn,True,0,32,0.053721364587545395,364.4977,126.7062,445.5394,149.4092,0.0,False,True,0.0,test
lvis:2618:63:205,lvis,2618,train2017/000000002618.jpg,63,bass_horn,bass_horn,True,0,33,0.05100035294890404,366.2308,23.9782,439.7509,45.1962,0.0,False,True,0.0,test
lvis:2618:63:205,lvis,2618,train2017/000000002618.jpg,63,bass_horn,bass_horn,True,0,34,0.050239305943250656,218.0524,26.5289,393.3806,126.8122,0.0,False,True,0.0,test
lvis:2658:247:207,lvis,2658,train2017/000000002658.jpg,247,poker_chip,poker_chip,True,0,0,0.29213911294937134,4.5323,61.5321,170.8424,427.7738,0.0,False,True,9.98792270531401,test
lvis:2658:247:207,lvis,2658,train2017/000000002658.jpg,247,poker_chip,poker_chip,True,0,1,0.23663319647312164,219.2887,24.7665,408.0982,418.2545,0.0,False,True,9.98792270531401,test
lvis:2658:247:207,lvis,2658,train2017/000000002658.jpg,247,poker_chip,poker_chip,True,0,2,0.2358403205871582,462.5952,49.9243,636.1355,427.2784,0.0,False,True,9.98792270531401,test
lvis:2658:247:207,lvis,2658,train2017/000000002658.jpg,247,poker_chip,poker_chip,True,0,3,0.18383292853832245,173.3369,23.2019,285.0815,347.5928,0.0,False,True,0.0,test
lvis:2658:247:207,lvis,2658,train2017/000000002658.jpg,247,poker_chip,poker_chip,True,0,4,0.14336849749088287,67.534,163.9906,104.7773,182.1106,0.0,False,True,0.0,test
lvis:2658:247:207,lvis,2658,train2017/000000002658.jpg,247,poker_chip,poker_chip,True,0,5,0.13726334273815155,73.3868,209.8026,107.204,229.1487,0.0,False,True,0.0,test
lvis:2658:247:207,lvis,2658,train2017/000000002658.jpg,247,poker_chip,poker_chip,True,0,6,0.11697689443826675,505.2056,172.8466,546.3792,195.6595,0.0,False,True,0.0,test
lvis:2658:247:207,lvis,2658,train2017/000000002658.jpg,247,poker_chip,poker_chip,True,0,7,0.09531919658184052,67.1095,163.3007,107.7429,229.4528,0.0,False,True,0.0,test
lvis:2658:247:207,lvis,2658,train2017/000000002658.jpg,247,poker_chip,poker_chip,True,0,8,0.07531474530696869,294.8397,95.7016,314.475,195.8945,0.0,False,True,0.0,test
lvis:2658:247:207,lvis,2658,train2017/000000002658.jpg,247,poker_chip,poker_chip,True,0,9,0.0724770575761795,359.976,36.9456,433.7918,257.4797,0.0,False,True,0.0,test
lvis:2658:247:207,lvis,2658,train2017/000000002658.jpg,247,poker_chip,poker_chip,True,0,10,0.0720537081360817,353.9973,395.772,405.7986,417.9726,0.0,False,True,0.0,test
lvis:2658:247:207,lvis,2658,train2017/000000002658.jpg,247,poker_chip,poker_chip,True,0,11,0.07126399129629135,89.3722,38.4211,152.448,148.4549,0.0,False,True,0.0,test
lvis:2658:247:207,lvis,2658,train2017/000000002658.jpg,247,poker_chip,poker_chip,True,0,12,0.06856293976306915,520.2149,230.7598,559.6251,252.4764,0.0,False,True,0.0,test
lvis:2658:247:207,lvis,2658,train2017/000000002658.jpg,247,poker_chip,poker_chip,True,0,13,0.06401774287223816,219.7955,381.4702,282.0481,407.8362,0.0,False,True,0.0,test
lvis:2658:247:207,lvis,2658,train2017/000000002658.jpg,247,poker_chip,poker_chip,True,0,14,0.05678234249353409,102.8226,349.9922,137.4332,398.8113,0.0,False,True,0.0,test
lvis:2658:247:207,lvis,2658,train2017/000000002658.jpg,247,poker_chip,poker_chip,True,0,15,0.05502450838685036,6.9629,23.199,633.8385,426.6591,0.0,False,True,0.0,test
lvis:2658:247:207,lvis,2658,train2017/000000002658.jpg,247,poker_chip,poker_chip,True,0,16,0.05377809330821037,368.6005,217.1252,374.8026,222.007,0.0,False,True,0.0,test
lvis:2658:247:207,lvis,2658,train2017/000000002658.jpg,247,poker_chip,poker_chip,True,0,17,0.053243521600961685,549.5771,67.5536,638.8868,369.3841,0.0,False,True,0.0,test
lvis:2658:247:207,lvis,2658,train2017/000000002658.jpg,247,poker_chip,poker_chip,True,0,18,0.052187833935022354,174.102,311.9913,223.6669,343.4496,0.0,False,True,0.0,test
lvis:2658:247:207,lvis,2658,train2017/000000002658.jpg,247,poker_chip,poker_chip,True,0,19,0.05027439072728157,67.4361,163.4464,105.1183,205.3217,0.0,False,True,0.0,test
lvis:2658:508:208,lvis,2658,train2017/000000002658.jpg,508,gorilla,gorilla,True,0,0,0.3601876199245453,5.8012,61.0676,170.5706,426.9986,0.0,False,True,9.98792270531401,test
lvis:2658:508:208,lvis,2658,train2017/000000002658.jpg,508,gorilla,gorilla,True,0,1,0.31301480531692505,219.5024,24.5369,408.2151,418.1909,0.0,False,True,9.98792270531401,test
lvis:2658:508:208,lvis,2658,train2017/000000002658.jpg,508,gorilla,gorilla,True,0,2,0.3038088083267212,462.0998,49.4704,635.5574,426.3906,0.0,False,True,9.98792270531401,test
lvis:2658:508:208,lvis,2658,train2017/000000002658.jpg,508,gorilla,gorilla,True,0,3,0.24971024692058563,173.4143,22.7727,284.6366,347.4095,0.0,False,True,9.98792270531401,test
lvis:2658:508:208,lvis,2658,train2017/000000002658.jpg,508,gorilla,gorilla,True,0,4,0.14151468873023987,360.1587,36.7399,434.1413,257.5545,0.0,False,True,0.0,test
lvis:2658:508:208,lvis,2658,train2017/000000002658.jpg,508,gorilla,gorilla,True,0,5,0.13313990831375122,90.1537,37.9722,152.2171,147.7794,0.0,False,True,0.0,test
lvis:2658:508:208,lvis,2658,train2017/000000002658.jpg,508,gorilla,gorilla,True,0,6,0.10240734368562698,294.7376,95.2626,314.7982,196.2928,0.0,False,True,0.0,test
lvis:2658:508:208,lvis,2658,train2017/000000002658.jpg,508,gorilla,gorilla,True,0,7,0.09004390984773636,526.9194,54.8172,554.936,116.8054,0.0,False,True,0.0,test
lvis:2658:508:208,lvis,2658,train2017/000000002658.jpg,508,gorilla,gorilla,True,0,8,0.08651009947061539,549.7458,67.3106,638.6361,369.9339,0.0,False,True,0.0,test
lvis:2658:508:208,lvis,2658,train2017/000000002658.jpg,508,gorilla,gorilla,True,0,9,0.08387406170368195,472.5688,49.6558,532.5435,129.6419,0.0,False,True,0.0,test
lvis:2658:508:208,lvis,2658,train2017/000000002658.jpg,508,gorilla,gorilla,True,0,10,0.0810462012887001,518.3723,315.3256,541.3081,337.3258,0.0,False,True,0.0,test
lvis:2658:508:208,lvis,2658,train2017/000000002658.jpg,508,gorilla,gorilla,True,0,11,0.08010178059339523,529.0109,273.7132,574.71,299.6462,0.0,False,True,0.0,test
lvis:2658:508:208,lvis,2658,train2017/000000002658.jpg,508,gorilla,gorilla,True,0,12,0.0775950625538826,291.9722,24.8352,335.3185,57.8697,0.0,False,True,0.0,test
lvis:2658:508:208,lvis,2658,train2017/000000002658.jpg,508,gorilla,gorilla,True,0,13,0.07556666433811188,506.0567,149.2975,530.5681,172.623,0.0,False,True,0.0,test
lvis:2658:508:208,lvis,2658,train2017/000000002658.jpg,508,gorilla,gorilla,True,0,14,0.07465813308954239,53.479,61.7006,101.3958,125.2988,0.0,False,True,0.0,test
lvis:2658:508:208,lvis,2658,train2017/000000002658.jpg,508,gorilla,gorilla,True,0,15,0.07430911809206009,473.2463,49.4065,531.6238,96.4052,0.0,False,True,0.0,test
lvis:2658:508:208,lvis,2658,train2017/000000002658.jpg,508,gorilla,gorilla,True,0,16,0.07327260076999664,17.546,60.8669,161.9524,353.2901,0.0,False,True,0.0,test
lvis:2658:508:208,lvis,2658,train2017/000000002658.jpg,508,gorilla,gorilla,True,0,17,0.06995437294244766,25.6903,62.2534,138.7856,399.0606,0.0,False,True,0.0,test
lvis:2658:508:208,lvis,2658,train2017/000000002658.jpg,508,gorilla,gorilla,True,0,18,0.06736844778060913,54.0843,61.4194,99.9206,94.3433,0.0,False,True,0.0,test
lvis:2658:508:208,lvis,2658,train2017/000000002658.jpg,508,gorilla,gorilla,True,0,19,0.062101759016513824,289.6953,51.5771,328.0417,62.0662,0.0,False,True,0.0,test
lvis:2658:508:208,lvis,2658,train2017/000000002658.jpg,508,gorilla,gorilla,True,0,20,0.06151997670531273,207.6023,23.0996,243.7235,73.9515,0.0,False,True,0.0,test
lvis:2658:508:208,lvis,2658,train2017/000000002658.jpg,508,gorilla,gorilla,True,0,21,0.06025794520974159,288.437,24.7636,336.8546,85.2979,0.0,False,True,0.0,test
lvis:2658:508:208,lvis,2658,train2017/000000002658.jpg,508,gorilla,gorilla,True,0,22,0.058262743055820465,74.414,249.5821,105.345,277.2985,0.0,False,True,0.0,test
lvis:2658:508:208,lvis,2658,train2017/000000002658.jpg,508,gorilla,gorilla,True,0,23,0.05759909003973007,67.6162,163.923,104.4669,183.3438,0.0,False,True,0.0,test
lvis:2658:508:208,lvis,2658,train2017/000000002658.jpg,508,gorilla,gorilla,True,0,24,0.054454557597637177,462.876,49.3915,627.1826,298.0625,0.0,False,True,0.0,test
lvis:2658:508:208,lvis,2658,train2017/000000002658.jpg,508,gorilla,gorilla,True,0,25,0.05439704656600952,462.572,49.6145,545.4257,426.6107,0.0,False,True,0.0,test
lvis:2658:508:208,lvis,2658,train2017/000000002658.jpg,508,gorilla,gorilla,True,0,26,0.05313975736498833,266.407,24.5311,405.7971,349.6658,0.0,False,True,0.0,test
lvis:2658:508:208,lvis,2658,train2017/000000002658.jpg,508,gorilla,gorilla,True,0,27,0.051694873720407486,9.0968,23.9982,631.6055,423.9735,0.0,False,True,0.0,test
lvis:2658:508:208,lvis,2658,train2017/000000002658.jpg,508,gorilla,gorilla,True,0,28,0.050642699003219604,550.3622,67.9568,594.0327,123.3777,0.0,False,True,0.0,test
lvis:2697:823:212,lvis,2697,train2017/000000002697.jpg,823,plume,plume,True,0,0,0.35075950622558594,125.5517,216.4853,583.6456,478.031,0.0,False,True,9.98792270531401,test
lvis:2697:823:212,lvis,2697,train2017/000000002697.jpg,823,plume,plume,True,0,1,0.2840777635574341,213.2048,47.3417,501.2323,148.5571,0.0,False,True,9.98792270531401,test
lvis:2697:823:212,lvis,2697,train2017/000000002697.jpg,823,plume,plume,True,0,2,0.26885560154914856,377.2681,310.7421,472.8908,408.5083,0.0,False,True,9.98792270531401,test
lvis:2697:823:212,lvis,2697,train2017/000000002697.jpg,823,plume,plume,True,0,3,0.16591347754001617,426.4397,236.4966,480.0409,305.0335,0.0,False,True,0.0,test
lvis:2697:823:212,lvis,2697,train2017/000000002697.jpg,823,plume,plume,True,0,4,0.16458626091480255,39.4701,11.5231,140.3066,167.006,0.0,False,True,0.0,test
lvis:2697:823:212,lvis,2697,train2017/000000002697.jpg,823,plume,plume,True,0,5,0.13296569883823395,255.2743,0.3061,281.7778,84.7421,0.0,False,True,0.0,test
lvis:2697:823:212,lvis,2697,train2017/000000002697.jpg,823,plume,plume,True,0,6,0.12519104778766632,501.4787,69.1035,609.7625,181.8838,0.0,False,True,0.0,test
lvis:2697:823:212,lvis,2697,train2017/000000002697.jpg,823,plume,plume,True,0,7,0.10634534060955048,44.6836,48.7422,633.4113,477.6167,0.0,False,True,0.0,test
lvis:2697:823:212,lvis,2697,train2017/000000002697.jpg,823,plume,plume,True,0,8,0.09879530221223831,47.5759,102.7947,234.4145,274.0907,0.0,False,True,0.0,test
lvis:2697:823:212,lvis,2697,train2017/000000002697.jpg,823,plume,plume,True,0,9,0.09133100509643555,244.1767,214.8992,390.7794,311.5918,0.0,False,True,0.0,test
lvis:2697:823:212,lvis,2697,train2017/000000002697.jpg,823,plume,plume,True,0,10,0.0762135311961174,43.0822,12.436,119.6197,40.3082,0.0,False,True,0.0,test
lvis:2697:823:212,lvis,2697,train2017/000000002697.jpg,823,plume,plume,True,0,11,0.07324151694774628,217.0058,433.234,279.1833,474.0001,0.0,False,True,0.0,test
lvis:2697:823:212,lvis,2697,train2017/000000002697.jpg,823,plume,plume,True,0,12,0.0612865649163723,308.8893,214.7914,388.9368,268.2098,0.0,False,True,0.0,test
lvis:2697:823:212,lvis,2697,train2017/000000002697.jpg,823,plume,plume,True,0,13,0.059648025780916214,290.3189,254.765,389.1914,309.8516,0.0,False,True,0.0,test
lvis:2697:823:212,lvis,2697,train2017/000000002697.jpg,823,plume,plume,True,0,14,0.0584089420735836,279.4178,435.3942,339.3217,478.4753,0.0,False,True,0.0,test
lvis:2697:823:212,lvis,2697,train2017/000000002697.jpg,823,plume,plume,True,0,15,0.05688702315092087,583.9806,224.1549,639.0117,311.0294,0.0,False,True,0.0,test
lvis:2697:823:212,lvis,2697,train2017/000000002697.jpg,823,plume,plume,True,0,16,0.05462721735239029,292.4818,360.2463,393.9733,476.0246,0.0,False,True,0.0,test
lvis:2697:823:212,lvis,2697,train2017/000000002697.jpg,823,plume,plume,True,0,17,0.054377809166908264,417.6182,60.2673,449.7451,90.0039,0.0,False,True,0.0,test
lvis:2697:823:212,lvis,2697,train2017/000000002697.jpg,823,plume,plume,True,0,18,0.052224405109882355,380.5316,396.4401,418.2418,478.5091,0.0,False,True,0.0,test
lvis:2697:823:212,lvis,2697,train2017/000000002697.jpg,823,plume,plume,True,0,19,0.05168374255299568,189.8878,382.486,228.522,422.7385,0.0,False,True,0.0,test
lvis:2697:823:212,lvis,2697,train2017/000000002697.jpg,823,plume,plume,True,0,20,0.05116983875632286,470.3419,364.8288,505.858,429.0643,0.0,False,True,0.0,test
lvis:2697:823:212,lvis,2697,train2017/000000002697.jpg,823,plume,plume,True,0,21,0.050323065370321274,102.3478,123.3604,212.5544,159.512,0.0,False,True,0.0,test
lvis:2755:123:216,lvis,2755,train2017/000000002755.jpg,123,bolo_tie,bolo_tie,True,0,0,0.25737184286117554,287.6969,23.4821,492.2581,291.3669,0.0,False,True,9.98792270531401,test
lvis:2755:123:216,lvis,2755,train2017/000000002755.jpg,123,bolo_tie,bolo_tie,True,0,1,0.17160667479038239,3.4346,63.0421,206.1354,295.5011,0.0,False,True,0.0,test
lvis:2755:123:216,lvis,2755,train2017/000000002755.jpg,123,bolo_tie,bolo_tie,True,0,2,0.16558922827243805,455.8289,140.2692,492.5544,190.6696,0.0,False,True,0.0,test
lvis:2755:123:216,lvis,2755,train2017/000000002755.jpg,123,bolo_tie,bolo_tie,True,0,3,0.1425110101699829,105.8137,180.5334,158.4826,205.9411,0.0,False,True,0.0,test
lvis:2755:123:216,lvis,2755,train2017/000000002755.jpg,123,bolo_tie,bolo_tie,True,0,4,0.11815351247787476,95.0135,164.166,159.2234,206.6009,0.0,False,True,0.0,test
lvis:2755:123:216,lvis,2755,train2017/000000002755.jpg,123,bolo_tie,bolo_tie,True,0,5,0.11718995869159698,169.4411,16.9121,219.3919,52.4846,0.0,False,True,0.0,test
lvis:2755:123:216,lvis,2755,train2017/000000002755.jpg,123,bolo_tie,bolo_tie,True,0,6,0.11663781106472015,106.9437,188.4332,157.2172,204.1103,0.0,False,True,0.0,test
lvis:2755:123:216,lvis,2755,train2017/000000002755.jpg,123,bolo_tie,bolo_tie,True,0,7,0.11253403127193451,370.6336,23.7579,427.3596,53.9579,0.0,False,True,0.0,test
lvis:2755:123:216,lvis,2755,train2017/000000002755.jpg,123,bolo_tie,bolo_tie,True,0,8,0.10393530875444412,158.0307,16.3153,300.0424,295.0206,0.0,False,True,0.0,test
lvis:2755:123:216,lvis,2755,train2017/000000002755.jpg,123,bolo_tie,bolo_tie,True,0,9,0.09843108057975769,385.4936,130.4159,418.8086,141.4272,0.0,False,True,0.0,test
lvis:2755:123:216,lvis,2755,train2017/000000002755.jpg,123,bolo_tie,bolo_tie,True,0,10,0.09196771681308746,366.9658,109.1001,421.302,144.0591,0.0,False,True,0.0,test
lvis:2755:123:216,lvis,2755,train2017/000000002755.jpg,123,bolo_tie,bolo_tie,True,0,11,0.08804867416620255,160.2901,17.2023,259.4804,295.1517,0.0,False,True,0.0,test
lvis:2755:123:216,lvis,2755,train2017/000000002755.jpg,123,bolo_tie,bolo_tie,True,0,12,0.08566633611917496,172.4479,116.2602,214.3947,151.6238,0.0,False,True,0.0,test
lvis:2755:123:216,lvis,2755,train2017/000000002755.jpg,123,bolo_tie,bolo_tie,True,0,13,0.08384488523006439,171.1763,19.7084,208.0205,51.4529,0.0,False,True,0.0,test
lvis:2755:123:216,lvis,2755,train2017/000000002755.jpg,123,bolo_tie,bolo_tie,True,0,14,0.08072244375944138,364.8819,106.339,426.4962,151.2326,0.0,False,True,0.0,test
lvis:2755:123:216,lvis,2755,train2017/000000002755.jpg,123,bolo_tie,bolo_tie,True,0,15,0.07864496856927872,171.5843,33.78,208.0345,51.9405,0.0,False,True,0.0,test
lvis:2755:123:216,lvis,2755,train2017/000000002755.jpg,123,bolo_tie,bolo_tie,True,0,16,0.0707537829875946,350.9746,50.7365,383.0089,67.9981,0.0,False,True,0.0,test
lvis:2755:123:216,lvis,2755,train2017/000000002755.jpg,123,bolo_tie,bolo_tie,True,0,17,0.06952448189258575,218.5739,14.8889,302.2619,253.389,0.0,False,True,0.0,test
lvis:2755:123:216,lvis,2755,train2017/000000002755.jpg,123,bolo_tie,bolo_tie,True,0,18,0.06828124076128006,381.4017,126.5676,422.6805,146.6598,0.0,False,True,0.0,test
lvis:2755:123:216,lvis,2755,train2017/000000002755.jpg,123,bolo_tie,bolo_tie,True,0,19,0.05882660672068596,275.5164,65.7373,299.9687,96.1473,0.0,False,True,0.0,test
lvis:2755:123:216,lvis,2755,train2017/000000002755.jpg,123,bolo_tie,bolo_tie,True,0,20,0.05846009775996208,394.7244,0.5347,476.9968,203.5942,0.0,False,True,0.0,test
lvis:2755:123:216,lvis,2755,train2017/000000002755.jpg,123,bolo_tie,bolo_tie,True,0,21,0.0584193654358387,367.0553,110.3379,418.4417,135.3859,0.0,False,True,0.0,test
lvis:2755:123:216,lvis,2755,train2017/000000002755.jpg,123,bolo_tie,bolo_tie,True,0,22,0.05714322626590729,4.6421,1.9207,492.2465,293.2019,0.0,False,True,0.0,test
lvis:2755:123:216,lvis,2755,train2017/000000002755.jpg,123,bolo_tie,bolo_tie,True,0,23,0.05673554539680481,446.1253,131.0772,497.4725,199.6769,0.0,False,True,0.0,test
lvis:2755:123:216,lvis,2755,train2017/000000002755.jpg,123,bolo_tie,bolo_tie,True,0,24,0.055813442915678024,107.2293,189.2005,124.6513,199.9357,0.0,False,True,0.0,test
lvis:2755:123:216,lvis,2755,train2017/000000002755.jpg,123,bolo_tie,bolo_tie,True,0,25,0.05534016713500023,327.7061,23.8438,435.2107,291.1667,0.0,False,True,0.0,test
lvis:2755:123:216,lvis,2755,train2017/000000002755.jpg,123,bolo_tie,bolo_tie,True,0,26,0.054886989295482635,228.5241,77.7043,250.654,110.1046,0.0,False,True,0.0,test
lvis:2755:123:216,lvis,2755,train2017/000000002755.jpg,123,bolo_tie,bolo_tie,True,0,27,0.054413314908742905,140.7096,195.2422,156.9342,206.0643,0.0,False,True,0.0,test
lvis:2755:123:216,lvis,2755,train2017/000000002755.jpg,123,bolo_tie,bolo_tie,True,0,28,0.0541195385158062,94.8625,125.0518,165.1404,206.4657,0.0,False,True,0.0,test
lvis:2755:123:216,lvis,2755,train2017/000000002755.jpg,123,bolo_tie,bolo_tie,True,0,29,0.05327693745493889,167.02,66.3129,256.2876,161.1724,0.0,False,True,0.0,test
lvis:2755:123:216,lvis,2755,train2017/000000002755.jpg,123,bolo_tie,bolo_tie,True,0,30,0.0525696761906147,380.9776,34.8046,415.6581,52.4683,0.0,False,True,0.0,test
lvis:2755:123:216,lvis,2755,train2017/000000002755.jpg,123,bolo_tie,bolo_tie,True,0,31,0.05251811817288399,0.2214,166.8478,21.3717,188.0297,0.0,False,True,0.0,test
lvis:2755:123:216,lvis,2755,train2017/000000002755.jpg,123,bolo_tie,bolo_tie,True,0,32,0.05144212022423744,0.4702,75.5938,18.1449,92.8693,0.0,False,True,0.0,test
lvis:2755:123:216,lvis,2755,train2017/000000002755.jpg,123,bolo_tie,bolo_tie,True,0,33,0.05102274566888809,324.3942,24.3223,461.7193,235.9201,0.0,False,True,0.0,test
lvis:2849:664:218,lvis,2849,train2017/000000002849.jpg,664,mammoth,mammoth,True,0,0,0.6155482530593872,148.1041,83.2438,579.5137,410.6864,0.0,False,True,9.98792270531401,test
lvis:2849:664:218,lvis,2849,train2017/000000002849.jpg,664,mammoth,mammoth,True,0,1,0.07533625513315201,170.7349,315.1919,265.7672,411.5375,0.0,False,True,0.0,test
lvis:2923:784:222,lvis,2923,val2017/000000002923.jpg,784,pencil_sharpener,pencil_sharpener,True,0,0,0.3638138175010681,268.5659,240.5464,282.0613,257.5681,0.0,False,True,9.98792270531401,test
lvis:2923:784:222,lvis,2923,val2017/000000002923.jpg,784,pencil_sharpener,pencil_sharpener,True,0,1,0.35232964158058167,135.2828,235.8006,146.3315,252.3166,0.0,False,True,9.98792270531401,test
lvis:2923:784:222,lvis,2923,val2017/000000002923.jpg,784,pencil_sharpener,pencil_sharpener,True,0,2,0.1904822736978531,245.1674,127.0528,410.2263,213.5596,0.0,False,True,0.0,test
lvis:2923:784:222,lvis,2923,val2017/000000002923.jpg,784,pencil_sharpener,pencil_sharpener,True,0,3,0.1368609517812729,199.9624,196.0913,214.869,213.9335,0.0,False,True,0.0,test
lvis:2923:784:222,lvis,2923,val2017/000000002923.jpg,784,pencil_sharpener,pencil_sharpener,True,0,4,0.1349070817232132,264.4987,236.8685,286.8996,261.4811,0.0,False,True,0.0,test
lvis:2923:784:222,lvis,2923,val2017/000000002923.jpg,784,pencil_sharpener,pencil_sharpener,True,0,5,0.1337803453207016,171.1069,157.9816,184.2359,166.8855,0.0,False,True,0.0,test
lvis:2923:784:222,lvis,2923,val2017/000000002923.jpg,784,pencil_sharpener,pencil_sharpener,True,0,6,0.13006040453910828,131.3436,232.4366,150.9435,255.3996,0.0,False,True,0.0,test
lvis:2923:784:222,lvis,2923,val2017/000000002923.jpg,784,pencil_sharpener,pencil_sharpener,True,0,7,0.12573383748531342,148.103,198.0325,157.6132,213.8295,0.0,False,True,0.0,test
lvis:2923:784:222,lvis,2923,val2017/000000002923.jpg,784,pencil_sharpener,pencil_sharpener,True,0,8,0.10893771052360535,226.1365,194.1937,233.5217,212.7323,0.0,False,True,0.0,test
lvis:2923:784:222,lvis,2923,val2017/000000002923.jpg,784,pencil_sharpener,pencil_sharpener,True,0,9,0.10790733993053436,23.2914,197.0869,56.2167,217.4823,0.0,False,True,0.0,test
lvis:2923:784:222,lvis,2923,val2017/000000002923.jpg,784,pencil_sharpener,pencil_sharpener,True,0,10,0.09721757471561432,113.1718,196.6622,132.1781,214.794,0.0,False,True,0.0,test
lvis:2923:784:222,lvis,2923,val2017/000000002923.jpg,784,pencil_sharpener,pencil_sharpener,True,0,11,0.09460670500993729,462.6914,196.2753,498.8251,215.7765,0.0,False,True,0.0,test
lvis:2923:784:222,lvis,2923,val2017/000000002923.jpg,784,pencil_sharpener,pencil_sharpener,True,0,12,0.0938948392868042,133.1471,234.9233,284.0204,259.1442,0.0,False,True,0.0,test
lvis:2923:784:222,lvis,2923,val2017/000000002923.jpg,784,pencil_sharpener,pencil_sharpener,True,0,13,0.09145057946443558,1.2876,212.0415,498.8955,373.1582,0.0,False,True,0.0,test
lvis:2923:784:222,lvis,2923,val2017/000000002923.jpg,784,pencil_sharpener,pencil_sharpener,True,0,14,0.08955556154251099,459.6466,189.6225,499.2272,216.1188,0.0,False,True,0.0,test
lvis:2923:784:222,lvis,2923,val2017/000000002923.jpg,784,pencil_sharpener,pencil_sharpener,True,0,15,0.08533482998609543,200.1094,203.3567,214.6716,213.613,0.0,False,True,0.0,test
lvis:2923:784:222,lvis,2923,val2017/000000002923.jpg,784,pencil_sharpener,pencil_sharpener,True,0,16,0.08086185902357101,260.2121,234.5002,292.6962,266.2345,0.0,False,True,0.0,test
lvis:2923:784:222,lvis,2923,val2017/000000002923.jpg,784,pencil_sharpener,pencil_sharpener,True,0,17,0.07970967888832092,168.1563,154.8773,187.7225,169.8004,0.0,False,True,0.0,test
lvis:2923:784:222,lvis,2923,val2017/000000002923.jpg,784,pencil_sharpener,pencil_sharpener,True,0,18,0.07330161333084106,290.0513,188.0325,312.7159,208.2231,0.0,False,True,0.0,test
lvis:2923:784:222,lvis,2923,val2017/000000002923.jpg,784,pencil_sharpener,pencil_sharpener,True,0,19,0.07207690924406052,124.9658,229.2145,159.2261,260.6498,0.0,False,True,0.0,test
lvis:2923:784:222,lvis,2923,val2017/000000002923.jpg,784,pencil_sharpener,pencil_sharpener,True,0,20,0.07134830206632614,259.8839,187.6657,292.5514,208.715,0.0,False,True,0.0,test
lvis:2923:784:222,lvis,2923,val2017/000000002923.jpg,784,pencil_sharpener,pencil_sharpener,True,0,21,0.07104949653148651,458.7613,146.0793,499.3286,216.1364,0.0,False,True,0.0,test
lvis:2923:784:222,lvis,2923,val2017/000000002923.jpg,784,pencil_sharpener,pencil_sharpener,True,0,22,0.07074315845966339,21.5249,189.5363,57.5523,218.1716,0.0,False,True,0.0,test
lvis:2923:784:222,lvis,2923,val2017/000000002923.jpg,784,pencil_sharpener,pencil_sharpener,True,0,23,0.06952662765979767,178.2865,195.6889,185.2745,212.6816,0.0,False,True,0.0,test
lvis:2923:784:222,lvis,2923,val2017/000000002923.jpg,784,pencil_sharpener,pencil_sharpener,True,0,24,0.06720985472202301,151.7381,198.846,157.3841,213.4476,0.0,False,True,0.0,test
lvis:2923:784:222,lvis,2923,val2017/000000002923.jpg,784,pencil_sharpener,pencil_sharpener,True,0,25,0.06671147048473358,145.3113,195.603,161.2065,215.8875,0.0,False,True,0.0,test
lvis:2923:784:222,lvis,2923,val2017/000000002923.jpg,784,pencil_sharpener,pencil_sharpener,True,0,26,0.06633678078651428,407.3564,192.9537,461.2554,210.1429,0.0,False,True,0.0,test
lvis:2923:784:222,lvis,2923,val2017/000000002923.jpg,784,pencil_sharpener,pencil_sharpener,True,0,27,0.062057845294475555,456.9589,192.9372,468.5903,212.1998,0.0,False,True,0.0,test
lvis:2923:784:222,lvis,2923,val2017/000000002923.jpg,784,pencil_sharpener,pencil_sharpener,True,0,28,0.06130305305123329,88.4659,195.0129,104.6281,212.7716,0.0,False,True,0.0,test
lvis:2923:784:222,lvis,2923,val2017/000000002923.jpg,784,pencil_sharpener,pencil_sharpener,True,0,29,0.061040248721838,245.9552,127.2006,321.1595,213.3367,0.0,False,True,0.0,test
lvis:2923:784:222,lvis,2923,val2017/000000002923.jpg,784,pencil_sharpener,pencil_sharpener,True,0,30,0.06035954877734184,356.108,162.5617,377.1691,199.0356,0.0,False,True,0.0,test
lvis:2923:784:222,lvis,2923,val2017/000000002923.jpg,784,pencil_sharpener,pencil_sharpener,True,0,31,0.058748677372932434,246.724,187.3569,313.145,212.2969,0.0,False,True,0.0,test
lvis:2923:784:222,lvis,2923,val2017/000000002923.jpg,784,pencil_sharpener,pencil_sharpener,True,0,32,0.05685501545667648,85.0578,206.8505,98.7071,218.4258,0.0,False,True,0.0,test
lvis:2923:784:222,lvis,2923,val2017/000000002923.jpg,784,pencil_sharpener,pencil_sharpener,True,0,33,0.052214547991752625,260.59,188.0741,291.8351,202.6483,0.0,False,True,0.0,test
lvis:2923:784:222,lvis,2923,val2017/000000002923.jpg,784,pencil_sharpener,pencil_sharpener,True,0,34,0.0522104911506176,86.4271,195.4803,132.7155,217.6816,0.0,False,True,0.0,test
lvis:2923:784:222,lvis,2923,val2017/000000002923.jpg,784,pencil_sharpener,pencil_sharpener,True,0,35,0.051239050924777985,176.8367,195.218,188.6079,214.1539,0.0,False,True,0.0,test
lvis:2964:583:223,lvis,2964,train2017/000000002964.jpg,583,ice_skate,ice_skate,True,0,0,0.2977721095085144,485.6046,121.9314,638.9899,371.778,0.0,False,True,9.98792270531401,test
lvis:2964:583:223,lvis,2964,train2017/000000002964.jpg,583,ice_skate,ice_skate,True,0,1,0.19266843795776367,1.0252,91.8963,169.0199,366.1448,0.0,False,True,0.0,test
lvis:2964:583:223,lvis,2964,train2017/000000002964.jpg,583,ice_skate,ice_skate,True,0,2,0.18447618186473846,404.3412,0.5895,497.062,371.0466,0.0,False,True,0.0,test
lvis:2964:583:223,lvis,2964,train2017/000000002964.jpg,583,ice_skate,ice_skate,True,0,3,0.1839989572763443,146.1001,11.0614,239.9086,368.8756,0.0,False,True,0.0,test
lvis:2964:583:223,lvis,2964,train2017/000000002964.jpg,583,ice_skate,ice_skate,True,0,4,0.16498611867427826,3.0291,3.3982,636.9191,374.4319,0.0,False,True,0.0,test
lvis:2964:583:223,lvis,2964,train2017/000000002964.jpg,583,ice_skate,ice_skate,True,0,5,0.15555953979492188,235.8268,10.2679,322.4508,364.5444,0.0,False,True,0.0,test
lvis:2964:583:223,lvis,2964,train2017/000000002964.jpg,583,ice_skate,ice_skate,True,0,6,0.15395639836788177,320.031,9.0527,408.9689,368.9494,0.0,False,True,0.0,test
lvis:2964:583:223,lvis,2964,train2017/000000002964.jpg,583,ice_skate,ice_skate,True,0,7,0.09974003583192825,242.911,204.0309,321.1364,342.381,0.0,False,True,0.0,test
lvis:2964:583:223,lvis,2964,train2017/000000002964.jpg,583,ice_skate,ice_skate,True,0,8,0.08742926269769669,144.6211,3.7458,499.4949,370.8812,0.0,False,True,0.0,test
lvis:2964:583:223,lvis,2964,train2017/000000002964.jpg,583,ice_skate,ice_skate,True,0,9,0.08547712117433548,421.1383,332.3837,485.7154,352.1994,0.0,False,True,0.0,test
lvis:2964:583:223,lvis,2964,train2017/000000002964.jpg,583,ice_skate,ice_skate,True,0,10,0.07128513604402542,440.6404,225.3863,476.369,334.4651,0.0,False,True,0.0,test
lvis:2964:583:223,lvis,2964,train2017/000000002964.jpg,583,ice_skate,ice_skate,True,0,11,0.0711071565747261,578.2843,290.6418,609.2776,314.706,0.0,False,True,0.0,test
lvis:2964:583:223,lvis,2964,train2017/000000002964.jpg,583,ice_skate,ice_skate,True,0,12,0.06407414376735687,147.7897,162.2526,235.5244,199.9761,0.0,False,True,0.0,test
lvis:2964:583:223,lvis,2964,train2017/000000002964.jpg,583,ice_skate,ice_skate,True,0,13,0.06373957544565201,146.5695,160.7271,238.31,298.7822,0.0,False,True,0.0,test
lvis:2964:583:223,lvis,2964,train2017/000000002964.jpg,583,ice_skate,ice_skate,True,0,14,0.05637425184249878,248.6433,269.3102,307.4312,298.2989,0.0,False,True,0.0,test
lvis:2964:583:223,lvis,2964,train2017/000000002964.jpg,583,ice_skate,ice_skate,True,0,15,0.05411121994256973,247.2395,238.9251,318.1946,269.3767,0.0,False,True,0.0,test
lvis:2964:51:224,lvis,2964,train2017/000000002964.jpg,51,barbell,barbell,True,0,0,0.058233942836523056,486.5995,123.0883,639.2045,371.912,0.0,False,True,0.0,test
lvis:2985:619:225,lvis,2985,train2017/000000002985.jpg,619,koala,koala,True,0,0,0.8280064463615417,439.412,230.2714,529.6156,394.3874,0.0,False,True,9.98792270531401,test
lvis:2985:619:225,lvis,2985,train2017/000000002985.jpg,619,koala,koala,True,0,1,0.10386935621500015,387.8137,229.3638,560.5588,477.064,0.0,False,True,0.0,test
lvis:2985:619:225,lvis,2985,train2017/000000002985.jpg,619,koala,koala,True,0,2,0.07004566490650177,509.1176,310.5179,533.2155,389.1699,0.0,False,True,0.0,test
lvis:2985:619:225,lvis,2985,train2017/000000002985.jpg,619,koala,koala,True,0,3,0.05310892313718796,478.1212,389.2566,494.6747,396.5003,0.0,False,True,0.0,test
lvis:2985:1005:226,lvis,2985,train2017/000000002985.jpg,1005,stagecoach,stagecoach,True,0,0,0.40821799635887146,389.9155,281.4149,558.6465,477.4569,0.0,False,True,9.98792270531401,test
lvis:2985:1005:226,lvis,2985,train2017/000000002985.jpg,1005,stagecoach,stagecoach,True,0,1,0.16687391698360443,381.7987,205.0104,594.4329,478.9692,0.0,False,True,0.0,test
lvis:2985:1005:226,lvis,2985,train2017/000000002985.jpg,1005,stagecoach,stagecoach,True,0,2,0.13407689332962036,303.6375,337.9001,374.9286,387.47,0.0,False,True,0.0,test
lvis:2985:1005:226,lvis,2985,train2017/000000002985.jpg,1005,stagecoach,stagecoach,True,0,3,0.11920285224914551,439.8555,230.8661,530.3243,393.7776,0.0,False,True,0.0,test
lvis:2985:1005:226,lvis,2985,train2017/000000002985.jpg,1005,stagecoach,stagecoach,True,0,4,0.11665436625480652,554.16,349.1771,593.8686,418.8156,0.0,False,True,0.0,test
lvis:2985:1005:226,lvis,2985,train2017/000000002985.jpg,1005,stagecoach,stagecoach,True,0,5,0.07343118637800217,393.304,284.5389,555.6157,395.3819,0.0,False,True,0.0,test
lvis:2985:1005:226,lvis,2985,train2017/000000002985.jpg,1005,stagecoach,stagecoach,True,0,6,0.06226387619972229,396.9052,230.6064,554.0078,396.3915,0.0,False,True,0.0,test
lvis:2988:618:228,lvis,2988,train2017/000000002988.jpg,618,knocker_(on_a_door),knocker_(on_a_door),True,0,0,0.4475266635417938,173.6742,142.9256,386.6183,255.1964,0.0,False,True,9.98792270531401,test
lvis:2988:618:228,lvis,2988,train2017/000000002988.jpg,618,knocker_(on_a_door),knocker_(on_a_door),True,0,1,0.2949827015399933,98.5067,53.6497,419.739,372.4755,0.0,False,True,9.98792270531401,test
lvis:2988:618:228,lvis,2988,train2017/000000002988.jpg,618,knocker_(on_a_door),knocker_(on_a_door),True,0,2,0.12189070135354996,153.8167,117.6973,403.4019,280.0842,0.0,False,True,0.0,test
lvis:2988:618:228,lvis,2988,train2017/000000002988.jpg,618,knocker_(on_a_door),knocker_(on_a_door),True,0,3,0.10038898140192032,134.5416,94.3865,414.0556,309.006,0.0,False,True,0.0,test
lvis:2988:618:228,lvis,2988,train2017/000000002988.jpg,618,knocker_(on_a_door),knocker_(on_a_door),True,0,4,0.0947427898645401,456.3226,23.8425,463.244,43.7986,0.0,False,True,0.0,test
lvis:2988:618:228,lvis,2988,train2017/000000002988.jpg,618,knocker_(on_a_door),knocker_(on_a_door),True,0,5,0.07903238385915756,453.44,20.5905,466.8242,46.8691,0.0,False,True,0.0,test
lvis:2988:618:228,lvis,2988,train2017/000000002988.jpg,618,knocker_(on_a_door),knocker_(on_a_door),True,0,6,0.056154657155275345,456.0319,134.9015,462.2084,152.15,0.0,False,True,0.0,test
lvis:3035:758:230,lvis,3035,train2017/000000003035.jpg,758,paperback_book,paperback_book,True,0,0,0.352163165807724,193.0047,224.2431,393.5343,294.7301,0.0,False,True,9.98792270531401,test
lvis:3035:758:230,lvis,3035,train2017/000000003035.jpg,758,paperback_book,paperback_book,True,0,1,0.3168700635433197,123.9193,279.3682,174.1422,324.4792,0.0,False,True,9.98792270531401,test
lvis:3035:758:230,lvis,3035,train2017/000000003035.jpg,758,paperback_book,paperback_book,True,0,2,0.1735203117132187,320.8079,254.4625,344.854,265.9478,0.0,False,True,0.0,test
lvis:3035:758:230,lvis,3035,train2017/000000003035.jpg,758,paperback_book,paperback_book,True,0,3,0.15970441699028015,115.2895,271.4434,184.2406,330.7749,0.0,False,True,0.0,test
lvis:3035:758:230,lvis,3035,train2017/000000003035.jpg,758,paperback_book,paperback_book,True,0,4,0.13320988416671753,317.3391,251.2817,348.0566,269.6751,0.0,False,True,0.0,test
lvis:3035:758:230,lvis,3035,train2017/000000003035.jpg,758,paperback_book,paperback_book,True,0,5,0.11575543880462646,127.9319,283.3943,172.0552,314.2167,0.0,False,True,0.0,test
lvis:3035:758:230,lvis,3035,train2017/000000003035.jpg,758,paperback_book,paperback_book,True,0,6,0.11510512232780457,471.4222,285.9858,552.4683,329.9053,0.0,False,True,0.0,test
lvis:3035:758:230,lvis,3035,train2017/000000003035.jpg,758,paperback_book,paperback_book,True,0,7,0.1048755943775177,103.1886,401.782,194.9054,424.0876,0.0,False,True,0.0,test
lvis:3035:758:230,lvis,3035,train2017/000000003035.jpg,758,paperback_book,paperback_book,True,0,8,0.0964282974600792,104.97,264.5309,194.5206,339.4113,0.0,False,True,0.0,test
lvis:3035:758:230,lvis,3035,train2017/000000003035.jpg,758,paperback_book,paperback_book,True,0,9,0.0915520191192627,182.8538,205.0036,413.0872,312.4221,0.0,False,True,0.0,test
lvis:3035:758:230,lvis,3035,train2017/000000003035.jpg,758,paperback_book,paperback_book,True,0,10,0.08463597297668457,149.7738,291.2957,170.5495,300.6926,0.0,False,True,0.0,test
lvis:3035:758:230,lvis,3035,train2017/000000003035.jpg,758,paperback_book,paperback_book,True,0,11,0.08452747762203217,253.1238,243.6386,347.3336,268.2357,0.0,False,True,0.0,test
lvis:3035:758:230,lvis,3035,train2017/000000003035.jpg,758,paperback_book,paperback_book,True,0,12,0.0836629644036293,145.7451,289.448,171.6834,312.4428,0.0,False,True,0.0,test
lvis:3035:758:230,lvis,3035,train2017/000000003035.jpg,758,paperback_book,paperback_book,True,0,13,0.0798204243183136,311.5232,247.3837,356.1356,276.8478,0.0,False,True,0.0,test
lvis:3035:758:230,lvis,3035,train2017/000000003035.jpg,758,paperback_book,paperback_book,True,0,14,0.07050957530736923,0.2394,271.468,19.5587,307.6731,0.0,False,True,0.0,test
lvis:3035:758:230,lvis,3035,train2017/000000003035.jpg,758,paperback_book,paperback_book,True,0,15,0.06995736062526703,182.2891,267.2167,212.7701,288.5522,0.0,False,True,0.0,test
lvis:3035:758:230,lvis,3035,train2017/000000003035.jpg,758,paperback_book,paperback_book,True,0,16,0.0678715780377388,246.4053,241.7405,378.8447,279.8521,0.0,False,True,0.0,test
lvis:3035:758:230,lvis,3035,train2017/000000003035.jpg,758,paperback_book,paperback_book,True,0,17,0.06543968617916107,609.1609,282.5389,638.9734,311.1085,0.0,False,True,0.0,test
lvis:3035:758:230,lvis,3035,train2017/000000003035.jpg,758,paperback_book,paperback_book,True,0,18,0.06015130132436752,496.0404,296.7498,518.9883,308.2232,0.0,False,True,0.0,test
lvis:3035:758:230,lvis,3035,train2017/000000003035.jpg,758,paperback_book,paperback_book,True,0,19,0.05632735788822174,529.166,279.3079,567.4185,295.075,0.0,False,True,0.0,test
lvis:3035:758:230,lvis,3035,train2017/000000003035.jpg,758,paperback_book,paperback_book,True,0,20,0.05175738409161568,181.6532,250.6382,213.2713,288.9987,0.0,False,True,0.0,test
lvis:3035:758:230,lvis,3035,train2017/000000003035.jpg,758,paperback_book,paperback_book,True,0,21,0.05175250768661499,126.5541,280.8668,171.8175,296.5023,0.0,False,True,0.0,test
lvis:3035:758:230,lvis,3035,train2017/000000003035.jpg,758,paperback_book,paperback_book,True,0,22,0.05172901973128319,0.2572,270.0714,29.7213,308.7835,0.0,False,True,0.0,test
lvis:3035:758:230,lvis,3035,train2017/000000003035.jpg,758,paperback_book,paperback_book,True,0,23,0.05105844885110855,480.4976,297.0889,550.3667,326.6828,0.0,False,True,0.0,test
lvis:3084:991:232,lvis,3084,train2017/000000003084.jpg,991,space_shuttle,space_shuttle,True,0,0,0.512422502040863,215.9491,142.8271,428.6891,326.9292,0.0,False,True,9.98792270531401,test
lvis:3084:991:232,lvis,3084,train2017/000000003084.jpg,991,space_shuttle,space_shuttle,True,0,1,0.1420614868402481,1.6248,0.8731,638.449,478.1822,0.0,False,True,0.0,test
lvis:3084:991:232,lvis,3084,train2017/000000003084.jpg,991,space_shuttle,space_shuttle,True,0,2,0.0955839678645134,190.284,116.9884,455.6198,348.4209,0.0,False,True,0.0,test
lvis:3084:991:232,lvis,3084,train2017/000000003084.jpg,991,space_shuttle,space_shuttle,True,0,3,0.06345012784004211,272.5989,247.0009,367.8144,263.6588,0.0,False,True,0.0,test
lvis:3084:991:232,lvis,3084,train2017/000000003084.jpg,991,space_shuttle,space_shuttle,True,0,4,0.06339806318283081,271.54,176.5082,350.7982,315.9738,0.0,False,True,0.0,test
lvis:3093:864:233,lvis,3093,train2017/000000003093.jpg,864,radar,radar,True,0,0,0.4162590205669403,371.4502,21.9531,575.0553,208.4512,0.0,False,True,9.98792270531401,test
lvis:3093:864:233,lvis,3093,train2017/000000003093.jpg,864,radar,radar,True,0,1,0.3568968176841736,285.8474,22.1473,624.4182,337.4124,0.0,False,True,9.98792270531401,test
lvis:3093:864:233,lvis,3093,train2017/000000003093.jpg,864,radar,radar,True,0,2,0.23321610689163208,1.896,1.2788,637.4607,477.2628,0.0,False,True,9.98792270531401,test
lvis:3093:864:233,lvis,3093,train2017/000000003093.jpg,864,radar,radar,True,0,3,0.12011364102363586,0.6752,0.8218,638.6025,132.3961,0.0,False,True,0.0,test
lvis:3093:864:233,lvis,3093,train2017/000000003093.jpg,864,radar,radar,True,0,4,0.08091998100280762,1.8374,69.7288,637.641,133.1216,0.0,False,True,0.0,test
lvis:3093:864:233,lvis,3093,train2017/000000003093.jpg,864,radar,radar,True,0,5,0.06438416242599487,337.5322,19.5163,600.1411,251.6645,0.0,False,True,0.0,test
lvis:3093:864:233,lvis,3093,train2017/000000003093.jpg,864,radar,radar,True,0,6,0.053144458681344986,84.353,15.7515,630.9409,389.862,0.0,False,True,0.0,test
lvis:3093:730:234,lvis,3093,train2017/000000003093.jpg,730,octopus_(animal),octopus_(animal),True,0,0,0.4883873164653778,369.9332,20.5006,576.9004,209.7216,0.0,False,True,9.98792270531401,test
lvis:3093:730:234,lvis,3093,train2017/000000003093.jpg,730,octopus_(animal),octopus_(animal),True,0,1,0.14251188933849335,342.7488,10.2581,604.2527,234.6249,0.0,False,True,0.0,test
lvis:3093:730:234,lvis,3093,train2017/000000003093.jpg,730,octopus_(animal),octopus_(animal),True,0,2,0.1203959733247757,283.8385,19.0227,625.533,338.4499,0.0,False,True,0.0,test
lvis:3093:730:234,lvis,3093,train2017/000000003093.jpg,730,octopus_(animal),octopus_(animal),True,0,3,0.05259602889418602,435.2118,24.195,574.0644,207.7626,0.0,False,True,0.0,test
lvis:3124:136:237,lvis,3124,train2017/000000003124.jpg,136,bow_(weapon),bow_(weapon),True,0,0,0.3691718578338623,195.6431,75.1476,338.5007,414.368,0.0,False,True,9.98792270531401,test
lvis:3124:136:237,lvis,3124,train2017/000000003124.jpg,136,bow_(weapon),bow_(weapon),True,0,1,0.17334984242916107,189.6773,73.8334,395.2148,415.2766,0.0,False,True,0.0,test
lvis:3124:136:237,lvis,3124,train2017/000000003124.jpg,136,bow_(weapon),bow_(weapon),True,0,2,0.15851692855358124,160.8033,35.7892,208.0692,63.7508,0.0,False,True,0.0,test
lvis:3124:136:237,lvis,3124,train2017/000000003124.jpg,136,bow_(weapon),bow_(weapon),True,0,3,0.1325332075357437,237.3357,76.439,335.7923,413.3276,0.0,False,True,0.0,test
lvis:3124:136:237,lvis,3124,train2017/000000003124.jpg,136,bow_(weapon),bow_(weapon),True,0,4,0.1237417533993721,456.8192,341.3955,629.2083,446.1354,0.0,False,True,0.0,test
lvis:3124:136:237,lvis,3124,train2017/000000003124.jpg,136,bow_(weapon),bow_(weapon),True,0,5,0.12195920944213867,293.64,142.8323,328.3924,183.255,0.0,False,True,0.0,test
lvis:3124:136:237,lvis,3124,train2017/000000003124.jpg,136,bow_(weapon),bow_(weapon),True,0,6,0.0894073024392128,557.7452,149.3425,633.2435,333.3217,0.0,False,True,0.0,test
lvis:3124:136:237,lvis,3124,train2017/000000003124.jpg,136,bow_(weapon),bow_(weapon),True,0,7,0.08794139325618744,152.5362,28.7433,218.4405,73.4945,0.0,False,True,0.0,test
lvis:3124:136:237,lvis,3124,train2017/000000003124.jpg,136,bow_(weapon),bow_(weapon),True,0,8,0.08440332859754562,159.1441,34.3627,344.1901,416.0957,0.0,False,True,0.0,test
lvis:3124:136:237,lvis,3124,train2017/000000003124.jpg,136,bow_(weapon),bow_(weapon),True,0,9,0.08213266730308533,567.0439,179.1686,611.3041,226.3106,0.0,False,True,0.0,test
lvis:3124:136:237,lvis,3124,train2017/000000003124.jpg,136,bow_(weapon),bow_(weapon),True,0,10,0.0778815820813179,333.8636,160.5151,397.0117,224.5404,0.0,False,True,0.0,test
lvis:3124:136:237,lvis,3124,train2017/000000003124.jpg,136,bow_(weapon),bow_(weapon),True,0,11,0.07479812204837799,399.2992,53.0271,576.3662,223.7299,0.0,False,True,0.0,test
lvis:3124:136:237,lvis,3124,train2017/000000003124.jpg,136,bow_(weapon),bow_(weapon),True,0,12,0.0724620372056961,179.1484,151.8984,206.9201,171.3874,0.0,False,True,0.0,test
lvis:3124:136:237,lvis,3124,train2017/000000003124.jpg,136,bow_(weapon),bow_(weapon),True,0,13,0.0687398687005043,566.6727,169.0504,625.267,227.0737,0.0,False,True,0.0,test
lvis:3124:136:237,lvis,3124,train2017/000000003124.jpg,136,bow_(weapon),bow_(weapon),True,0,14,0.06779378652572632,187.456,79.5156,247.3664,93.691,0.0,False,True,0.0,test
lvis:3124:136:237,lvis,3124,train2017/000000003124.jpg,136,bow_(weapon),bow_(weapon),True,0,15,0.06638553738594055,178.2687,153.0136,397.1063,225.8723,0.0,False,True,0.0,test
lvis:3124:136:237,lvis,3124,train2017/000000003124.jpg,136,bow_(weapon),bow_(weapon),True,0,16,0.06527702510356903,482.2332,171.2981,558.2844,324.6489,0.0,False,True,0.0,test
lvis:3124:136:237,lvis,3124,train2017/000000003124.jpg,136,bow_(weapon),bow_(weapon),True,0,17,0.06294465810060501,80.863,327.8735,120.2036,341.5732,0.0,False,True,0.0,test
lvis:3124:136:237,lvis,3124,train2017/000000003124.jpg,136,bow_(weapon),bow_(weapon),True,0,18,0.06126772239804268,154.8537,178.84,193.3868,263.3199,0.0,False,True,0.0,test
lvis:3124:136:237,lvis,3124,train2017/000000003124.jpg,136,bow_(weapon),bow_(weapon),True,0,19,0.06113343685865402,43.0193,309.6745,87.4215,337.7191,0.0,False,True,0.0,test
lvis:3124:136:237,lvis,3124,train2017/000000003124.jpg,136,bow_(weapon),bow_(weapon),True,0,20,0.055431291460990906,169.9078,301.0727,205.5549,339.6717,0.0,False,True,0.0,test
lvis:3124:136:237,lvis,3124,train2017/000000003124.jpg,136,bow_(weapon),bow_(weapon),True,0,21,0.055174533277750015,562.9461,52.7126,575.3281,165.5869,0.0,False,True,0.0,test
lvis:3124:136:237,lvis,3124,train2017/000000003124.jpg,136,bow_(weapon),bow_(weapon),True,0,22,0.05513748526573181,400.6419,172.9641,489.3098,192.8608,0.0,False,True,0.0,test
lvis:3124:136:237,lvis,3124,train2017/000000003124.jpg,136,bow_(weapon),bow_(weapon),True,0,23,0.054817069321870804,186.0289,73.7261,255.1459,99.8088,0.0,False,True,0.0,test
lvis:3124:136:237,lvis,3124,train2017/000000003124.jpg,136,bow_(weapon),bow_(weapon),True,0,24,0.05479030683636665,238.4262,50.3549,253.6615,82.528,0.0,False,True,0.0,test
lvis:3124:136:237,lvis,3124,train2017/000000003124.jpg,136,bow_(weapon),bow_(weapon),True,0,25,0.05468812584877014,453.0641,351.668,466.4885,360.9073,0.0,False,True,0.0,test
lvis:3124:136:237,lvis,3124,train2017/000000003124.jpg,136,bow_(weapon),bow_(weapon),True,0,26,0.053916264325380325,54.2533,332.552,86.7425,344.8825,0.0,False,True,0.0,test
lvis:3124:136:237,lvis,3124,train2017/000000003124.jpg,136,bow_(weapon),bow_(weapon),True,0,27,0.0535675548017025,173.7652,118.7758,250.0693,173.5634,0.0,False,True,0.0,test
lvis:3124:136:237,lvis,3124,train2017/000000003124.jpg,136,bow_(weapon),bow_(weapon),True,0,28,0.05249614641070366,0.4704,151.4052,17.4353,175.0023,0.0,False,True,0.0,test
lvis:3124:136:237,lvis,3124,train2017/000000003124.jpg,136,bow_(weapon),bow_(weapon),True,0,29,0.05236183851957321,219.7736,222.9526,234.5518,235.6084,0.0,False,True,0.0,test
lvis:3124:136:237,lvis,3124,train2017/000000003124.jpg,136,bow_(weapon),bow_(weapon),True,0,30,0.05196807533502579,478.1964,61.8113,489.7088,224.2606,0.0,False,True,0.0,test
lvis:3124:136:237,lvis,3124,train2017/000000003124.jpg,136,bow_(weapon),bow_(weapon),True,0,31,0.051694367080926895,30.5004,304.0556,89.8233,343.0446,0.0,False,True,0.0,test
lvis:3124:136:237,lvis,3124,train2017/000000003124.jpg,136,bow_(weapon),bow_(weapon),True,0,32,0.05088995397090912,336.3847,166.0065,371.0208,222.6055,0.0,False,True,0.0,test
lvis:3124:136:237,lvis,3124,train2017/000000003124.jpg,136,bow_(weapon),bow_(weapon),True,0,33,0.05085247382521629,186.3588,56.1413,252.8896,123.1073,0.0,False,True,0.0,test
lvis:3124:131:238,lvis,3124,train2017/000000003124.jpg,131,boom_microphone,boom_microphone,True,0,0,0.21656516194343567,196.4878,76.3616,337.0406,413.5555,0.0,False,True,9.98792270531401,test
lvis:3124:131:238,lvis,3124,train2017/000000003124.jpg,131,boom_microphone,boom_microphone,True,0,1,0.15483784675598145,161.3359,36.6705,207.539,62.8984,0.0,False,True,0.0,test
lvis:3124:131:238,lvis,3124,train2017/000000003124.jpg,131,boom_microphone,boom_microphone,True,0,2,0.1035909503698349,460.0433,342.1688,628.9506,444.8622,0.0,False,True,0.0,test
lvis:3124:131:238,lvis,3124,train2017/000000003124.jpg,131,boom_microphone,boom_microphone,True,0,3,0.09404448419809341,44.3121,311.2602,86.8553,337.2482,0.0,False,True,0.0,test
lvis:3124:131:238,lvis,3124,train2017/000000003124.jpg,131,boom_microphone,boom_microphone,True,0,4,0.09391220659017563,236.8042,77.279,334.9031,412.4114,0.0,False,True,0.0,test
lvis:3124:131:238,lvis,3124,train2017/000000003124.jpg,131,boom_microphone,boom_microphone,True,0,5,0.08739732205867767,81.7058,328.1827,116.5943,340.7433,0.0,False,True,0.0,test
lvis:3124:131:238,lvis,3124,train2017/000000003124.jpg,131,boom_microphone,boom_microphone,True,0,6,0.08265192061662674,470.1514,365.9334,477.8577,375.5067,0.0,False,True,0.0,test
lvis:3124:131:238,lvis,3124,train2017/000000003124.jpg,131,boom_microphone,boom_microphone,True,0,7,0.07517553865909576,170.8001,303.1088,204.6502,339.3185,0.0,False,True,0.0,test
lvis:3124:131:238,lvis,3124,train2017/000000003124.jpg,131,boom_microphone,boom_microphone,True,0,8,0.0721166729927063,219.2771,223.6051,234.0348,235.18,0.0,False,True,0.0,test
lvis:3124:131:238,lvis,3124,train2017/000000003124.jpg,131,boom_microphone,boom_microphone,True,0,9,0.07196503132581711,467.7662,361.0426,479.0857,377.5637,0.0,False,True,0.0,test
lvis:3124:131:238,lvis,3124,train2017/000000003124.jpg,131,boom_microphone,boom_microphone,True,0,10,0.06995242089033127,56.5441,333.9805,85.3076,344.0886,0.0,False,True,0.0,test
lvis:3124:131:238,lvis,3124,train2017/000000003124.jpg,131,boom_microphone,boom_microphone,True,0,11,0.06862172484397888,153.5921,29.4712,217.7967,72.0829,0.0,False,True,0.0,test
lvis:3124:131:238,lvis,3124,train2017/000000003124.jpg,131,boom_microphone,boom_microphone,True,0,12,0.06800610572099686,82.4341,331.1275,109.3942,340.109,0.0,False,True,0.0,test
lvis:3124:131:238,lvis,3124,train2017/000000003124.jpg,131,boom_microphone,boom_microphone,True,0,13,0.06650617718696594,579.1195,158.5372,598.319,165.9758,0.0,False,True,0.0,test
lvis:3124:131:238,lvis,3124,train2017/000000003124.jpg,131,boom_microphone,boom_microphone,True,0,14,0.06616812199354172,237.0652,50.7216,253.6684,82.0128,0.0,False,True,0.0,test
lvis:3124:131:238,lvis,3124,train2017/000000003124.jpg,131,boom_microphone,boom_microphone,True,0,15,0.0649397000670433,182.7506,153.2507,204.5954,170.9588,0.0,False,True,0.0,test
lvis:3124:131:238,lvis,3124,train2017/000000003124.jpg,131,boom_microphone,boom_microphone,True,0,16,0.06459036469459534,551.631,231.6755,563.8485,240.4021,0.0,False,True,0.0,test
lvis:3124:131:238,lvis,3124,train2017/000000003124.jpg,131,boom_microphone,boom_microphone,True,0,17,0.06331860274076462,4.9164,162.3016,15.0277,172.3115,0.0,False,True,0.0,test
lvis:3124:131:238,lvis,3124,train2017/000000003124.jpg,131,boom_microphone,boom_microphone,True,0,18,0.06252436339855194,172.737,65.3658,404.1214,417.4165,0.0,False,True,0.0,test
lvis:3124:131:238,lvis,3124,train2017/000000003124.jpg,131,boom_microphone,boom_microphone,True,0,19,0.0624273382127285,294.1042,143.4933,327.5011,182.7966,0.0,False,True,0.0,test
lvis:3124:131:238,lvis,3124,train2017/000000003124.jpg,131,boom_microphone,boom_microphone,True,0,20,0.06234214827418327,280.8125,81.8639,316.2597,120.3524,0.0,False,True,0.0,test
lvis:3124:131:238,lvis,3124,train2017/000000003124.jpg,131,boom_microphone,boom_microphone,True,0,21,0.06095275655388832,558.4247,149.391,634.2156,332.1845,0.0,False,True,0.0,test
lvis:3124:131:238,lvis,3124,train2017/000000003124.jpg,131,boom_microphone,boom_microphone,True,0,22,0.060097835958004,502.3593,163.067,522.0687,184.1905,0.0,False,True,0.0,test
lvis:3124:131:238,lvis,3124,train2017/000000003124.jpg,131,boom_microphone,boom_microphone,True,0,23,0.05969076603651047,281.6768,82.2126,315.1086,108.6185,0.0,False,True,0.0,test
lvis:3124:131:238,lvis,3124,train2017/000000003124.jpg,131,boom_microphone,boom_microphone,True,0,24,0.05936093255877495,155.2449,179.8276,192.4666,262.7047,0.0,False,True,0.0,test
lvis:3124:131:238,lvis,3124,train2017/000000003124.jpg,131,boom_microphone,boom_microphone,True,0,25,0.05896696075797081,0.501,153.4578,16.1711,173.0945,0.0,False,True,0.0,test
lvis:3124:131:238,lvis,3124,train2017/000000003124.jpg,131,boom_microphone,boom_microphone,True,0,26,0.058087460696697235,483.0865,172.4456,549.2528,322.8476,0.0,False,True,0.0,test
lvis:3124:131:238,lvis,3124,train2017/000000003124.jpg,131,boom_microphone,boom_microphone,True,0,27,0.054729096591472626,174.0975,152.6553,206.2798,173.0255,0.0,False,True,0.0,test
lvis:3124:131:238,lvis,3124,train2017/000000003124.jpg,131,boom_microphone,boom_microphone,True,0,28,0.054630495607852936,452.9323,352.4692,465.4091,360.1965,0.0,False,True,0.0,test
lvis:3124:131:238,lvis,3124,train2017/000000003124.jpg,131,boom_microphone,boom_microphone,True,0,29,0.05380360037088394,32.0659,308.4207,48.3163,327.8225,0.0,False,True,0.0,test
lvis:3124:131:238,lvis,3124,train2017/000000003124.jpg,131,boom_microphone,boom_microphone,True,0,30,0.05129890888929367,510.2043,173.1179,521.6015,183.8324,0.0,False,True,0.0,test
lvis:3124:131:238,lvis,3124,train2017/000000003124.jpg,131,boom_microphone,boom_microphone,True,0,31,0.05048290640115738,81.0209,326.3032,130.7698,342.2778,0.0,False,True,0.0,test
lvis:3157:942:242,lvis,3157,train2017/000000003157.jpg,942,shears,shears,True,0,0,0.40603914856910706,344.6108,294.8565,622.7947,406.5579,0.0,False,True,9.98792270531401,test
lvis:3157:942:242,lvis,3157,train2017/000000003157.jpg,942,shears,shears,True,0,1,0.1827467828989029,154.4967,16.3165,437.1033,422.3949,0.0,False,True,0.0,test
lvis:3157:942:242,lvis,3157,train2017/000000003157.jpg,942,shears,shears,True,0,2,0.11776616424322128,427.9463,295.247,622.434,405.6523,0.0,False,True,0.0,test
lvis:3157:942:242,lvis,3157,train2017/000000003157.jpg,942,shears,shears,True,0,3,0.10040225088596344,152.5685,17.1359,624.0973,416.062,0.0,False,True,0.0,test
lvis:3157:942:242,lvis,3157,train2017/000000003157.jpg,942,shears,shears,True,0,4,0.08516087383031845,341.2485,331.6125,440.0533,355.6519,0.0,False,True,0.0,test
lvis:3157:942:242,lvis,3157,train2017/000000003157.jpg,942,shears,shears,True,0,5,0.08381932973861694,274.5866,152.1401,292.6932,171.3064,0.0,False,True,0.0,test
lvis:3157:942:242,lvis,3157,train2017/000000003157.jpg,942,shears,shears,True,0,6,0.08074760437011719,287.346,283.5465,438.6559,359.0066,0.0,False,True,0.0,test
lvis:3157:942:242,lvis,3157,train2017/000000003157.jpg,942,shears,shears,True,0,7,0.06896879523992538,182.7254,36.7116,286.4773,77.3644,0.0,False,True,0.0,test
lvis:3157:942:242,lvis,3157,train2017/000000003157.jpg,942,shears,shears,True,0,8,0.05752648785710335,376.1755,331.9385,440.0107,360.2181,0.0,False,True,0.0,test
lvis:3157:942:242,lvis,3157,train2017/000000003157.jpg,942,shears,shears,True,0,9,0.05113237351179123,287.7311,283.811,345.7863,327.8083,0.0,False,True,0.0,test
lvis:3242:161:247,lvis,3242,train2017/000000003242.jpg,161,horse_buggy,horse_buggy,True,0,0,0.4733116328716278,454.302,336.7527,510.8716,434.5907,0.0,False,True,9.98792270531401,test
lvis:3242:161:247,lvis,3242,train2017/000000003242.jpg,161,horse_buggy,horse_buggy,True,0,1,0.206339493393898,348.063,125.6447,510.1382,503.2831,0.0,False,True,9.98792270531401,test
lvis:3242:161:247,lvis,3242,train2017/000000003242.jpg,161,horse_buggy,horse_buggy,True,0,2,0.1458616703748703,183.7322,83.742,279.1984,263.2249,0.0,False,True,0.0,test
lvis:3242:161:247,lvis,3242,train2017/000000003242.jpg,161,horse_buggy,horse_buggy,True,0,3,0.11542009562253952,259.9949,302.4548,275.5161,316.4503,0.0,False,True,0.0,test
lvis:3242:161:247,lvis,3242,train2017/000000003242.jpg,161,horse_buggy,horse_buggy,True,0,4,0.11067458987236023,274.4322,281.6295,291.2132,295.1037,0.0,False,True,0.0,test
lvis:3242:161:247,lvis,3242,train2017/000000003242.jpg,161,horse_buggy,horse_buggy,True,0,5,0.09906081110239029,468.8528,356.5359,509.312,433.7546,0.0,False,True,0.0,test
lvis:3242:161:247,lvis,3242,train2017/000000003242.jpg,161,horse_buggy,horse_buggy,True,0,6,0.07498171180486679,505.4308,256.0163,604.616,345.2372,0.0,False,True,0.0,test
lvis:3242:161:247,lvis,3242,train2017/000000003242.jpg,161,horse_buggy,horse_buggy,True,0,7,0.06814628094434738,413.1194,276.3354,445.9791,308.4846,0.0,False,True,0.0,test
lvis:3242:161:247,lvis,3242,train2017/000000003242.jpg,161,horse_buggy,horse_buggy,True,0,8,0.06311681121587753,522.8885,327.0566,541.7841,344.4559,0.0,False,True,0.0,test
lvis:3242:161:247,lvis,3242,train2017/000000003242.jpg,161,horse_buggy,horse_buggy,True,0,9,0.05989212542772293,453.9322,254.1196,604.4967,435.7193,0.0,False,True,0.0,test
lvis:3242:161:247,lvis,3242,train2017/000000003242.jpg,161,horse_buggy,horse_buggy,True,0,10,0.05960739031434059,186.4467,99.6139,202.2054,116.3779,0.0,False,True,0.0,test
lvis:3242:161:247,lvis,3242,train2017/000000003242.jpg,161,horse_buggy,horse_buggy,True,0,11,0.05853690952062607,259.2067,281.6296,291.5375,317.2419,0.0,False,True,0.0,test
lvis:3242:161:247,lvis,3242,train2017/000000003242.jpg,161,horse_buggy,horse_buggy,True,0,12,0.05755586549639702,361.924,335.9396,511.4094,436.9472,0.0,False,True,0.0,test
lvis:3242:161:247,lvis,3242,train2017/000000003242.jpg,161,horse_buggy,horse_buggy,True,0,13,0.05518165975809097,390.1714,233.6341,475.7988,334.5516,0.0,False,True,0.0,test
lvis:3242:405:248,lvis,3242,train2017/000000003242.jpg,405,dumbbell,dumbbell,True,0,0,0.0684342011809349,260.7631,302.97,275.1338,315.88,0.0,False,True,0.0,test
lvis:3242:405:248,lvis,3242,train2017/000000003242.jpg,405,dumbbell,dumbbell,True,0,1,0.06692618876695633,454.8762,336.8821,509.5218,433.2378,0.0,False,True,0.0,test
lvis:3242:405:248,lvis,3242,train2017/000000003242.jpg,405,dumbbell,dumbbell,True,0,2,0.06495776772499084,186.6392,100.0099,202.1898,116.1064,0.0,False,True,0.0,test
lvis:3264:389:249,lvis,3264,train2017/000000003264.jpg,389,dragonfly,dragonfly,True,0,0,0.4294518828392029,315.9994,233.0845,334.3585,254.1255,0.0,False,True,9.98792270531401,test
lvis:3264:389:249,lvis,3264,train2017/000000003264.jpg,389,dragonfly,dragonfly,True,0,1,0.3830222189426422,398.1473,238.4613,416.4124,260.4342,0.0,False,True,9.98792270531401,test
lvis:3264:389:249,lvis,3264,train2017/000000003264.jpg,389,dragonfly,dragonfly,True,0,2,0.366367906332016,271.0642,263.7831,289.1046,287.9061,0.0,False,True,9.98792270531401,test
lvis:3264:389:249,lvis,3264,train2017/000000003264.jpg,389,dragonfly,dragonfly,True,0,3,0.30478543043136597,363.1655,304.0861,381.6699,327.4378,0.0,False,True,9.98792270531401,test
lvis:3264:389:249,lvis,3264,train2017/000000003264.jpg,389,dragonfly,dragonfly,True,0,4,0.15602758526802063,310.808,228.7959,340.0946,258.0493,0.0,False,True,0.0,test
lvis:3264:389:249,lvis,3264,train2017/000000003264.jpg,389,dragonfly,dragonfly,True,0,5,0.15418043732643127,392.164,233.414,423.0223,265.694,0.0,False,True,0.0,test
lvis:3264:389:249,lvis,3264,train2017/000000003264.jpg,389,dragonfly,dragonfly,True,0,6,0.1428743451833725,263.2956,258.3001,297.8537,293.1471,0.0,False,True,0.0,test
lvis:3264:389:249,lvis,3264,train2017/000000003264.jpg,389,dragonfly,dragonfly,True,0,7,0.12966687977313995,269.3552,235.2897,418.4649,288.6512,0.0,False,True,0.0,test
lvis:3264:389:249,lvis,3264,train2017/000000003264.jpg,389,dragonfly,dragonfly,True,0,8,0.1271476298570633,355.322,298.5998,389.0314,331.7593,0.0,False,True,0.0,test
lvis:3264:389:249,lvis,3264,train2017/000000003264.jpg,389,dragonfly,dragonfly,True,0,9,0.1198047548532486,314.1846,231.1994,418.6777,262.1028,0.0,False,True,0.0,test
lvis:3264:389:249,lvis,3264,train2017/000000003264.jpg,389,dragonfly,dragonfly,True,0,10,0.10256275534629822,304.8255,225.5618,349.0597,265.3625,0.0,False,True,0.0,test
lvis:3264:389:249,lvis,3264,train2017/000000003264.jpg,389,dragonfly,dragonfly,True,0,11,0.09706548601388931,268.2751,229.8399,419.1715,329.1769,0.0,False,True,0.0,test
lvis:3264:389:249,lvis,3264,train2017/000000003264.jpg,389,dragonfly,dragonfly,True,0,12,0.09126877784729004,269.2619,262.1055,383.8783,328.0063,0.0,False,True,0.0,test
lvis:3264:389:249,lvis,3264,train2017/000000003264.jpg,389,dragonfly,dragonfly,True,0,13,0.08406656980514526,305.0999,223.0608,429.9263,270.4359,0.0,False,True,0.0,test
lvis:3264:389:249,lvis,3264,train2017/000000003264.jpg,389,dragonfly,dragonfly,True,0,14,0.08060898631811142,1.3581,295.4494,638.8749,384.8902,0.0,False,True,0.0,test
lvis:3264:389:249,lvis,3264,train2017/000000003264.jpg,389,dragonfly,dragonfly,True,0,15,0.07961975038051605,386.27,230.03,432.8636,273.1272,0.0,False,True,0.0,test
lvis:3264:389:249,lvis,3264,train2017/000000003264.jpg,389,dragonfly,dragonfly,True,0,16,0.07905171811580658,260.7525,220.7022,430.1643,295.1606,0.0,False,True,0.0,test
lvis:3264:389:249,lvis,3264,train2017/000000003264.jpg,389,dragonfly,dragonfly,True,0,17,0.06410245597362518,348.8654,294.4417,401.5599,340.6015,0.0,False,True,0.0,test
lvis:3264:389:249,lvis,3264,train2017/000000003264.jpg,389,dragonfly,dragonfly,True,0,18,0.06203538924455643,261.1166,201.9319,436.9137,330.7322,0.0,False,True,0.0,test
lvis:3264:389:249,lvis,3264,train2017/000000003264.jpg,389,dragonfly,dragonfly,True,0,19,0.06196102127432823,2.7024,232.1808,637.906,385.1651,0.0,False,True,0.0,test
lvis:3264:389:249,lvis,3264,train2017/000000003264.jpg,389,dragonfly,dragonfly,True,0,20,0.05547088384628296,253.7084,251.6277,317.3637,308.4228,0.0,False,True,0.0,test
lvis:3264:389:249,lvis,3264,train2017/000000003264.jpg,389,dragonfly,dragonfly,True,0,21,0.05307440087199211,325.76,240.5205,334.4927,250.9906,0.0,False,True,0.0,test
lvis:3310:140:251,lvis,3310,train2017/000000003310.jpg,140,pipe_bowl,pipe_bowl,True,0,0,0.4563537538051605,88.2382,278.3759,279.734,456.0252,0.0,False,True,9.98792270531401,test
lvis:3310:140:251,lvis,3310,train2017/000000003310.jpg,140,pipe_bowl,pipe_bowl,True,0,1,0.13149331510066986,134.9366,278.8171,229.5202,379.0641,0.0,False,True,0.0,test
lvis:3310:140:251,lvis,3310,train2017/000000003310.jpg,140,pipe_bowl,pipe_bowl,True,0,2,0.11205512285232544,77.2317,317.9204,171.5545,459.8813,0.0,False,True,0.0,test
lvis:3310:140:251,lvis,3310,train2017/000000003310.jpg,140,pipe_bowl,pipe_bowl,True,0,3,0.10323398560285568,237.4028,204.325,274.2207,307.4232,0.0,False,True,0.0,test
lvis:3310:140:251,lvis,3310,train2017/000000003310.jpg,140,pipe_bowl,pipe_bowl,True,0,4,0.09736902266740799,65.2106,219.736,294.46,469.3555,0.0,False,True,0.0,test
lvis:3310:140:251,lvis,3310,train2017/000000003310.jpg,140,pipe_bowl,pipe_bowl,True,0,5,0.09139801561832428,212.7052,380.5696,248.7617,429.5516,0.0,False,True,0.0,test
lvis:3310:140:251,lvis,3310,train2017/000000003310.jpg,140,pipe_bowl,pipe_bowl,True,0,6,0.08022566884756088,1.5186,33.5128,312.4302,244.7419,0.0,False,True,0.0,test
lvis:3310:140:251,lvis,3310,train2017/000000003310.jpg,140,pipe_bowl,pipe_bowl,True,0,7,0.06823284178972244,15.4437,516.1605,67.7512,637.6964,0.0,False,True,0.0,test
lvis:3310:140:251,lvis,3310,train2017/000000003310.jpg,140,pipe_bowl,pipe_bowl,True,0,8,0.06563220918178558,110.0702,277.947,260.2512,388.8549,0.0,False,True,0.0,test
lvis:3310:140:251,lvis,3310,train2017/000000003310.jpg,140,pipe_bowl,pipe_bowl,True,0,9,0.06444704532623291,220.2243,430.6729,248.2319,456.7343,0.0,False,True,0.0,test
lvis:3310:140:251,lvis,3310,train2017/000000003310.jpg,140,pipe_bowl,pipe_bowl,True,0,10,0.05915357917547226,3.5364,33.5607,323.5543,467.0737,0.0,False,True,0.0,test
lvis:3310:140:251,lvis,3310,train2017/000000003310.jpg,140,pipe_bowl,pipe_bowl,True,0,11,0.05782901868224144,134.3325,279.8864,251.8489,431.5044,0.0,False,True,0.0,test
lvis:3310:140:251,lvis,3310,train2017/000000003310.jpg,140,pipe_bowl,pipe_bowl,True,0,12,0.05588917434215546,431.7836,605.7343,466.6517,639.0367,0.0,False,True,0.0,test
lvis:3310:140:251,lvis,3310,train2017/000000003310.jpg,140,pipe_bowl,pipe_bowl,True,0,13,0.055539630353450775,3.9458,31.9607,474.909,635.1602,0.0,False,True,0.0,test
lvis:3310:140:251,lvis,3310,train2017/000000003310.jpg,140,pipe_bowl,pipe_bowl,True,0,14,0.053669676184654236,24.5117,319.6802,66.6272,407.9126,0.0,False,True,0.0,test
lvis:3310:140:251,lvis,3310,train2017/000000003310.jpg,140,pipe_bowl,pipe_bowl,True,0,15,0.050941694527864456,77.5575,316.8807,234.5743,458.6246,0.0,False,True,0.0,test
lvis:3310:690:252,lvis,3310,train2017/000000003310.jpg,690,milk_can,milk_can,True,0,0,0.3489667475223541,79.1435,278.496,279.418,457.8116,0.0,False,True,9.98792270531401,test
lvis:3310:690:252,lvis,3310,train2017/000000003310.jpg,690,milk_can,milk_can,True,0,1,0.2721670866012573,134.5912,279.1086,230.883,378.6935,0.0,False,True,9.98792270531401,test
lvis:3310:690:252,lvis,3310,train2017/000000003310.jpg,690,milk_can,milk_can,True,0,2,0.10350506007671356,106.0594,278.0269,258.7961,388.5426,0.0,False,True,0.0,test
lvis:3310:690:252,lvis,3310,train2017/000000003310.jpg,690,milk_can,milk_can,True,0,3,0.074045829474926,3.7322,32.9077,475.0535,636.2218,0.0,False,True,0.0,test
lvis:3310:690:252,lvis,3310,train2017/000000003310.jpg,690,milk_can,milk_can,True,0,4,0.07395076751708984,52.4537,241.2482,308.6747,488.722,0.0,False,True,0.0,test
lvis:3310:690:252,lvis,3310,train2017/000000003310.jpg,690,milk_can,milk_can,True,0,5,0.06709880381822586,76.996,318.1298,172.6132,460.0699,0.0,False,True,0.0,test
lvis:3310:690:252,lvis,3310,train2017/000000003310.jpg,690,milk_can,milk_can,True,0,6,0.06299683451652527,431.8098,605.7507,466.7048,639.1947,0.0,False,True,0.0,test
lvis:3310:690:252,lvis,3310,train2017/000000003310.jpg,690,milk_can,milk_can,True,0,7,0.06078669801354408,15.6686,516.4046,66.892,638.006,0.0,False,True,0.0,test
lvis:3310:690:252,lvis,3310,train2017/000000003310.jpg,690,milk_can,milk_can,True,0,8,0.056210316717624664,3.3756,33.7455,361.219,470.0398,0.0,False,True,0.0,test
lvis:3310:690:252,lvis,3310,train2017/000000003310.jpg,690,milk_can,milk_can,True,0,9,0.056028321385383606,212.5837,380.3888,248.9743,430.2974,0.0,False,True,0.0,test
lvis:3310:690:252,lvis,3310,train2017/000000003310.jpg,690,milk_can,milk_can,True,0,10,0.054110337048769,134.452,278.5458,278.9851,449.7421,0.0,False,True,0.0,test
lvis:3310:690:252,lvis,3310,train2017/000000003310.jpg,690,milk_can,milk_can,True,0,11,0.05040348693728447,154.5388,294.049,214.6329,358.458,0.0,False,True,0.0,test
lvis:3325:222:253,lvis,3325,train2017/000000003325.jpg,222,casserole,casserole,True,0,0,0.839496910572052,121.4684,1.4135,478.5248,477.5559,0.0,False,True,9.98792270531401,test
lvis:3325:222:253,lvis,3325,train2017/000000003325.jpg,222,casserole,casserole,True,0,1,0.07660748064517975,170.3212,170.6847,448.4516,378.8003,0.0,False,True,0.0,test
lvis:3325:222:253,lvis,3325,train2017/000000003325.jpg,222,casserole,casserole,True,0,2,0.07172169536352158,214.8976,220.9286,432.8547,377.8943,0.0,False,True,0.0,test
lvis:3325:222:253,lvis,3325,train2017/000000003325.jpg,222,casserole,casserole,True,0,3,0.05512906610965729,139.6562,122.303,472.2781,410.0642,0.0,False,True,0.0,test
lvis:3325:432:254,lvis,3325,train2017/000000003325.jpg,432,ferret,ferret,True,0,0,0.4613344669342041,212.845,207.8952,438.869,377.3722,0.0,False,True,9.98792270531401,test
lvis:3325:432:254,lvis,3325,train2017/000000003325.jpg,432,ferret,ferret,True,0,1,0.12374613434076309,121.5486,2.2199,480.2062,475.9687,0.0,False,True,0.0,test
lvis:3325:432:254,lvis,3325,train2017/000000003325.jpg,432,ferret,ferret,True,0,2,0.08261414617300034,291.8882,176.2274,451.8314,373.2108,0.0,False,True,0.0,test
lvis:3325:432:254,lvis,3325,train2017/000000003325.jpg,432,ferret,ferret,True,0,3,0.06344527751207352,157.3466,116.8325,472.6846,403.9217,0.0,False,True,0.0,test
lvis:3325:432:254,lvis,3325,train2017/000000003325.jpg,432,ferret,ferret,True,0,4,0.0601637102663517,341.757,173.6381,452.1973,370.2365,0.0,False,True,0.0,test
lvis:3325:432:254,lvis,3325,train2017/000000003325.jpg,432,ferret,ferret,True,0,5,0.058851275593042374,454.9453,33.7007,558.3539,126.6716,0.0,False,True,0.0,test
lvis:3325:432:254,lvis,3325,train2017/000000003325.jpg,432,ferret,ferret,True,0,6,0.05719337984919548,171.6301,168.361,237.6087,314.9168,0.0,False,True,0.0,test
lvis:3325:432:254,lvis,3325,train2017/000000003325.jpg,432,ferret,ferret,True,0,7,0.05686424672603607,281.8757,184.1397,321.108,239.1457,0.0,False,True,0.0,test
lvis:3325:432:254,lvis,3325,train2017/000000003325.jpg,432,ferret,ferret,True,0,8,0.056138090789318085,230.3485,181.6311,277.7209,262.2766,0.0,False,True,0.0,test
lvis:3325:432:254,lvis,3325,train2017/000000003325.jpg,432,ferret,ferret,True,0,9,0.05073053017258644,270.5458,240.6857,420.8599,368.8085,0.0,False,True,0.0,test
lvis:3483:890:255,lvis,3483,train2017/000000003483.jpg,890,rodent,rodent,True,0,0,0.6169084906578064,62.4821,2.4684,532.6074,463.9868,0.0,False,True,9.98792270531401,test
lvis:3483:890:255,lvis,3483,train2017/000000003483.jpg,890,rodent,rodent,True,0,1,0.19309352338314056,77.2002,274.5063,514.9561,440.7303,0.0,False,True,0.0,test
lvis:3483:890:255,lvis,3483,train2017/000000003483.jpg,890,rodent,rodent,True,0,2,0.13125528395175934,128.0241,27.7992,463.3396,181.9592,0.0,False,True,0.0,test
lvis:3483:890:255,lvis,3483,train2017/000000003483.jpg,890,rodent,rodent,True,0,3,0.11163051426410675,70.9159,4.2128,521.1274,221.4043,0.0,False,True,0.0,test
lvis:3483:890:255,lvis,3483,train2017/000000003483.jpg,890,rodent,rodent,True,0,4,0.0747719407081604,521.4265,35.1067,639.1218,110.4163,0.0,False,True,0.0,test
lvis:3483:890:255,lvis,3483,train2017/000000003483.jpg,890,rodent,rodent,True,0,5,0.07346200197935104,158.1761,39.7091,433.3125,162.541,0.0,False,True,0.0,test
lvis:3501:214:258,lvis,3501,val2017/000000003501.jpg,214,cargo_ship,cargo_ship,True,0,0,0.3186889886856079,218.8704,96.0609,510.654,468.2592,0.0,False,True,9.98792270531401,test
lvis:3501:214:258,lvis,3501,val2017/000000003501.jpg,214,cargo_ship,cargo_ship,True,0,1,0.2928585708141327,13.0373,7.7706,604.1656,585.8447,0.0,False,True,9.98792270531401,test
lvis:3501:214:258,lvis,3501,val2017/000000003501.jpg,214,cargo_ship,cargo_ship,True,0,2,0.2166634052991867,71.5759,65.8642,513.2992,494.619,0.0,False,True,9.98792270531401,test
lvis:3501:214:258,lvis,3501,val2017/000000003501.jpg,214,cargo_ship,cargo_ship,True,0,3,0.2012202888727188,72.7919,65.784,257.0061,361.3365,0.0,False,True,9.98792270531401,test
lvis:3501:214:258,lvis,3501,val2017/000000003501.jpg,214,cargo_ship,cargo_ship,True,0,4,0.16136200726032257,121.8201,65.7893,254.5137,215.738,0.0,False,True,0.0,test
lvis:3501:214:258,lvis,3501,val2017/000000003501.jpg,214,cargo_ship,cargo_ship,True,0,5,0.14209376275539398,140.742,269.125,381.8166,502.3982,0.0,False,True,0.0,test
lvis:3501:214:258,lvis,3501,val2017/000000003501.jpg,214,cargo_ship,cargo_ship,True,0,6,0.12223252654075623,72.7226,171.2974,254.7933,361.335,0.0,False,True,0.0,test
lvis:3501:214:258,lvis,3501,val2017/000000003501.jpg,214,cargo_ship,cargo_ship,True,0,7,0.050443753600120544,103.6356,260.3953,253.3221,361.4297,0.0,False,True,0.0,test
lvis:3553:420:259,lvis,3553,val2017/000000003553.jpg,420,electric_chair,electric_chair,True,0,0,0.5211966037750244,180.8124,264.7701,368.7344,367.6209,0.0,False,True,9.98792270531401,test
lvis:3553:420:259,lvis,3553,val2017/000000003553.jpg,420,electric_chair,electric_chair,True,0,1,0.1725172996520996,372.2209,27.661,580.5712,159.2505,0.0,False,True,0.0,test
lvis:3553:420:259,lvis,3553,val2017/000000003553.jpg,420,electric_chair,electric_chair,True,0,2,0.15131813287734985,1.1618,320.7385,544.957,425.0911,0.0,False,True,0.0,test
lvis:3553:420:259,lvis,3553,val2017/000000003553.jpg,420,electric_chair,electric_chair,True,0,3,0.13635501265525818,161.0081,222.1122,405.1172,367.5075,0.0,False,True,0.0,test
lvis:3553:420:259,lvis,3553,val2017/000000003553.jpg,420,electric_chair,electric_chair,True,0,4,0.12855559587478638,46.5687,3.5157,581.0766,165.0035,0.0,False,True,0.0,test
lvis:3553:420:259,lvis,3553,val2017/000000003553.jpg,420,electric_chair,electric_chair,True,0,5,0.08394443988800049,1.605,268.15,545.1115,425.3686,0.0,False,True,0.0,test
lvis:3553:420:259,lvis,3553,val2017/000000003553.jpg,420,electric_chair,electric_chair,True,0,6,0.08302353322505951,153.0368,1.7169,411.9178,290.1533,0.0,False,True,0.0,test
lvis:3553:420:259,lvis,3553,val2017/000000003553.jpg,420,electric_chair,electric_chair,True,0,7,0.06205529347062111,508.038,35.9419,580.5809,155.2152,0.0,False,True,0.0,test
lvis:3553:420:259,lvis,3553,val2017/000000003553.jpg,420,electric_chair,electric_chair,True,0,8,0.061630237847566605,181.6255,303.0822,351.0827,366.2403,0.0,False,True,0.0,test
lvis:3553:420:259,lvis,3553,val2017/000000003553.jpg,420,electric_chair,electric_chair,True,0,9,0.06089707463979721,1.9433,207.6526,636.6993,424.1797,0.0,False,True,0.0,test
lvis:3553:420:259,lvis,3553,val2017/000000003553.jpg,420,electric_chair,electric_chair,True,0,10,0.06012692302465439,22.0381,3.8481,603.6666,423.1098,0.0,False,True,0.0,test
lvis:3690:557:265,lvis,3690,train2017/000000003690.jpg,557,heron,heron,True,0,0,0.4850635826587677,2.8028,57.8333,636.5343,450.4876,0.0,False,True,9.98792270531401,test
lvis:3690:557:265,lvis,3690,train2017/000000003690.jpg,557,heron,heron,True,0,1,0.2753125727176666,32.4467,65.0966,596.2183,357.8167,0.0,False,True,9.98792270531401,test
lvis:3690:557:265,lvis,3690,train2017/000000003690.jpg,557,heron,heron,True,0,2,0.08980214595794678,96.8413,121.3973,588.2717,351.5801,0.0,False,True,0.0,test
lvis:3690:557:265,lvis,3690,train2017/000000003690.jpg,557,heron,heron,True,0,3,0.06858289241790771,31.9013,155.3381,113.1277,239.6713,0.0,False,True,0.0,test
lvis:3690:557:265,lvis,3690,train2017/000000003690.jpg,557,heron,heron,True,0,4,0.05992734059691429,265.3893,192.6253,316.8525,250.3068,0.0,False,True,0.0,test
lvis:3690:557:265,lvis,3690,train2017/000000003690.jpg,557,heron,heron,True,0,5,0.05347437411546707,309.6009,274.1479,347.419,349.0273,0.0,False,True,0.0,test
lvis:3690:167:266,lvis,3690,train2017/000000003690.jpg,167,bulletproof_vest,bulletproof_vest,True,0,0,0.36925220489501953,2.4675,58.8632,636.6432,451.5076,0.0,False,True,9.98792270531401,test
lvis:3690:167:266,lvis,3690,train2017/000000003690.jpg,167,bulletproof_vest,bulletproof_vest,True,0,1,0.24985072016716003,32.8312,62.5119,601.0155,357.9085,0.0,False,True,9.98792270531401,test
lvis:3812:606:271,lvis,3812,train2017/000000003812.jpg,606,keycard,keycard,True,0,0,0.3288036584854126,123.9539,85.7613,189.052,173.5043,0.0,False,True,9.98792270531401,test
lvis:3812:606:271,lvis,3812,train2017/000000003812.jpg,606,keycard,keycard,True,0,1,0.31139975786209106,203.5352,80.9789,263.0399,160.6634,0.0,False,True,9.98792270531401,test
lvis:3812:606:271,lvis,3812,train2017/000000003812.jpg,606,keycard,keycard,True,0,2,0.2931617498397827,55.3827,93.4233,145.8075,188.5356,0.0,False,True,9.98792270531401,test
lvis:3812:606:271,lvis,3812,train2017/000000003812.jpg,606,keycard,keycard,True,0,3,0.2754732668399811,55.5318,80.7584,266.9556,190.4126,0.0,False,True,9.98792270531401,test
lvis:3812:606:271,lvis,3812,train2017/000000003812.jpg,606,keycard,keycard,True,0,4,0.2385750263929367,0.1226,-0.0019,350.0169,232.9449,0.0,False,True,9.98792270531401,test
lvis:3812:606:271,lvis,3812,train2017/000000003812.jpg,606,keycard,keycard,True,0,5,0.21741490066051483,55.1813,81.1281,273.3376,232.5401,0.0,False,True,9.98792270531401,test
lvis:3812:606:271,lvis,3812,train2017/000000003812.jpg,606,keycard,keycard,True,0,6,0.16068331897258759,205.2293,115.3927,262.9047,160.5766,0.0,False,True,0.0,test
lvis:3812:606:271,lvis,3812,train2017/000000003812.jpg,606,keycard,keycard,True,0,7,0.11015406996011734,212.5867,0.4112,349.9705,126.7142,0.0,False,True,0.0,test
lvis:3812:606:271,lvis,3812,train2017/000000003812.jpg,606,keycard,keycard,True,0,8,0.08835173398256302,48.2024,155.7479,57.9612,165.5836,0.0,False,True,0.0,test
lvis:3812:606:271,lvis,3812,train2017/000000003812.jpg,606,keycard,keycard,True,0,9,0.06885658949613571,150.5041,85.8576,188.834,173.1059,0.0,False,True,0.0,test
lvis:3812:606:271,lvis,3812,train2017/000000003812.jpg,606,keycard,keycard,True,0,10,0.05543898046016693,0.0741,-0.0638,45.5436,43.9047,0.0,False,True,0.0,test
lvis:3812:606:271,lvis,3812,train2017/000000003812.jpg,606,keycard,keycard,True,0,11,0.055032722651958466,55.4524,85.612,189.2963,188.6274,0.0,False,True,0.0,test
lvis:3812:606:271,lvis,3812,train2017/000000003812.jpg,606,keycard,keycard,True,0,12,0.050200581550598145,279.9308,0.0138,312.0131,4.8509,0.0,False,True,0.0,test
lvis:3812:606:271,lvis,3812,train2017/000000003812.jpg,606,keycard,keycard,True,0,13,0.05010303854942322,55.5416,133.5223,121.3587,188.4695,0.0,False,True,0.0,test
lvis:3845:355:274,lvis,3845,val2017/000000003845.jpg,355,dalmatian,dalmatian,True,0,0,0.4287091791629791,42.7455,61.655,408.8162,326.508,0.0,False,True,9.98792270531401,test
lvis:3845:355:274,lvis,3845,val2017/000000003845.jpg,355,dalmatian,dalmatian,True,0,1,0.30614668130874634,225.5193,62.3405,405.1386,205.4703,0.0,False,True,9.98792270531401,test
lvis:3845:355:274,lvis,3845,val2017/000000003845.jpg,355,dalmatian,dalmatian,True,0,2,0.1130557581782341,106.4018,111.7901,187.1965,176.6467,0.0,False,True,0.0,test
lvis:3845:355:274,lvis,3845,val2017/000000003845.jpg,355,dalmatian,dalmatian,True,0,3,0.11107804626226425,273.0227,227.0828,342.2704,326.0018,0.0,False,True,0.0,test
lvis:3845:355:274,lvis,3845,val2017/000000003845.jpg,355,dalmatian,dalmatian,True,0,4,0.09180650860071182,256.4661,71.7954,381.13,182.2362,0.0,False,True,0.0,test
lvis:3845:355:274,lvis,3845,val2017/000000003845.jpg,355,dalmatian,dalmatian,True,0,5,0.09043986350297928,63.6154,108.8183,353.0799,319.7506,0.0,False,True,0.0,test
lvis:3845:355:274,lvis,3845,val2017/000000003845.jpg,355,dalmatian,dalmatian,True,0,6,0.0790986493229866,265.1432,78.287,376.8434,162.4882,0.0,False,True,0.0,test
lvis:3845:355:274,lvis,3845,val2017/000000003845.jpg,355,dalmatian,dalmatian,True,0,7,0.07274050265550613,140.2346,61.1674,405.4728,205.7016,0.0,False,True,0.0,test
lvis:3845:355:274,lvis,3845,val2017/000000003845.jpg,355,dalmatian,dalmatian,True,0,8,0.07235836237668991,189.9123,44.0786,431.687,244.9608,0.0,False,True,0.0,test
lvis:3845:355:274,lvis,3845,val2017/000000003845.jpg,355,dalmatian,dalmatian,True,0,9,0.07233207672834396,28.324,33.1271,451.3532,362.1812,0.0,False,True,0.0,test
lvis:3845:355:274,lvis,3845,val2017/000000003845.jpg,355,dalmatian,dalmatian,True,0,10,0.07211437076330185,285.0443,187.4314,408.2666,243.1837,0.0,False,True,0.0,test
lvis:3845:355:274,lvis,3845,val2017/000000003845.jpg,355,dalmatian,dalmatian,True,0,11,0.06929513067007065,198.5176,62.4911,238.0507,145.382,0.0,False,True,0.0,test
lvis:3845:355:274,lvis,3845,val2017/000000003845.jpg,355,dalmatian,dalmatian,True,0,12,0.06685309112071991,144.6719,150.5126,212.9199,208.6605,0.0,False,True,0.0,test
lvis:3845:355:274,lvis,3845,val2017/000000003845.jpg,355,dalmatian,dalmatian,True,0,13,0.06420381367206573,104.7231,111.4475,213.2774,208.9798,0.0,False,True,0.0,test
lvis:3845:355:274,lvis,3845,val2017/000000003845.jpg,355,dalmatian,dalmatian,True,0,14,0.061083972454071045,54.7367,178.1026,123.0025,262.7825,0.0,False,True,0.0,test
lvis:3845:355:274,lvis,3845,val2017/000000003845.jpg,355,dalmatian,dalmatian,True,0,15,0.05386275425553322,172.3802,242.6521,221.4926,293.9399,0.0,False,True,0.0,test
lvis:3845:355:274,lvis,3845,val2017/000000003845.jpg,355,dalmatian,dalmatian,True,0,16,0.05302511900663376,238.1014,65.7145,390.4894,154.4388,0.0,False,True,0.0,test
lvis:3862:864:275,lvis,3862,train2017/000000003862.jpg,864,radar,radar,True,0,0,0.43498122692108154,130.1671,266.502,430.1619,348.3782,0.0,False,True,9.98792270531401,test
lvis:3862:864:275,lvis,3862,train2017/000000003862.jpg,864,radar,radar,True,0,1,0.16637831926345825,197.4714,148.6567,434.1218,421.7008,0.0,False,True,0.0,test
lvis:3862:864:275,lvis,3862,train2017/000000003862.jpg,864,radar,radar,True,0,2,0.1631108522415161,258.6699,309.5703,307.1161,324.6165,0.0,False,True,0.0,test
lvis:3862:864:275,lvis,3862,train2017/000000003862.jpg,864,radar,radar,True,0,3,0.1455429345369339,253.7178,132.106,276.5057,163.6147,0.0,False,True,0.0,test
lvis:3862:864:275,lvis,3862,train2017/000000003862.jpg,864,radar,radar,True,0,4,0.13897068798542023,132.3412,147.7252,435.3909,351.8297,0.0,False,True,0.0,test
lvis:3862:864:275,lvis,3862,train2017/000000003862.jpg,864,radar,radar,True,0,5,0.13499876856803894,17.9632,127.4673,57.9406,156.5342,0.0,False,True,0.0,test
lvis:3862:864:275,lvis,3862,train2017/000000003862.jpg,864,radar,radar,True,0,6,0.1282021850347519,202.7834,149.2026,432.8771,305.4762,0.0,False,True,0.0,test
lvis:3862:864:275,lvis,3862,train2017/000000003862.jpg,864,radar,radar,True,0,7,0.12384701520204544,129.0842,147.5518,591.3346,422.4894,0.0,False,True,0.0,test
lvis:3862:864:275,lvis,3862,train2017/000000003862.jpg,864,radar,radar,True,0,8,0.10209629684686661,147.9245,175.4755,202.3403,251.8787,0.0,False,True,0.0,test
lvis:3862:864:275,lvis,3862,train2017/000000003862.jpg,864,radar,radar,True,0,9,0.09532777220010757,389.4762,28.8146,638.5554,242.2491,0.0,False,True,0.0,test
lvis:3862:864:275,lvis,3862,train2017/000000003862.jpg,864,radar,radar,True,0,10,0.09165561944246292,2.6057,4.0763,636.9701,421.7444,0.0,False,True,0.0,test
lvis:3862:864:275,lvis,3862,train2017/000000003862.jpg,864,radar,radar,True,0,11,0.08938860148191452,520.1254,160.1135,549.146,191.5285,0.0,False,True,0.0,test
lvis:3862:864:275,lvis,3862,train2017/000000003862.jpg,864,radar,radar,True,0,12,0.08525106310844421,151.4193,178.0753,200.3836,230.2171,0.0,False,True,0.0,test
lvis:3862:864:275,lvis,3862,train2017/000000003862.jpg,864,radar,radar,True,0,13,0.08259362727403641,148.6464,137.7072,158.7267,152.7457,0.0,False,True,0.0,test
lvis:3862:864:275,lvis,3862,train2017/000000003862.jpg,864,radar,radar,True,0,14,0.07984005659818649,518.7972,159.7522,552.3298,220.1551,0.0,False,True,0.0,test
lvis:3862:864:275,lvis,3862,train2017/000000003862.jpg,864,radar,radar,True,0,15,0.0789889395236969,78.829,197.2841,143.7693,252.1454,0.0,False,True,0.0,test
lvis:3862:864:275,lvis,3862,train2017/000000003862.jpg,864,radar,radar,True,0,16,0.0707668736577034,129.339,264.7773,592.1636,421.8689,0.0,False,True,0.0,test
lvis:3862:864:275,lvis,3862,train2017/000000003862.jpg,864,radar,radar,True,0,17,0.0692056342959404,126.7525,232.1175,448.7114,376.8441,0.0,False,True,0.0,test
lvis:3862:864:275,lvis,3862,train2017/000000003862.jpg,864,radar,radar,True,0,18,0.06839543581008911,18.8088,128.2191,38.7283,154.3383,0.0,False,True,0.0,test
lvis:3862:864:275,lvis,3862,train2017/000000003862.jpg,864,radar,radar,True,0,19,0.06820512562990189,246.222,126.1995,285.3022,168.8473,0.0,False,True,0.0,test
lvis:3862:864:275,lvis,3862,train2017/000000003862.jpg,864,radar,radar,True,0,20,0.06498445570468903,518.1564,158.5119,580.3641,221.8063,0.0,False,True,0.0,test
lvis:3862:864:275,lvis,3862,train2017/000000003862.jpg,864,radar,radar,True,0,21,0.06382324546575546,517.9393,158.4418,585.6166,248.8864,0.0,False,True,0.0,test
lvis:3862:864:275,lvis,3862,train2017/000000003862.jpg,864,radar,radar,True,0,22,0.06255698949098587,19.9221,174.4874,202.6068,252.9187,0.0,False,True,0.0,test
lvis:3862:864:275,lvis,3862,train2017/000000003862.jpg,864,radar,radar,True,0,23,0.06214790418744087,129.5637,262.5819,431.7448,421.65,0.0,False,True,0.0,test
lvis:3862:864:275,lvis,3862,train2017/000000003862.jpg,864,radar,radar,True,0,24,0.05638537183403969,248.0136,301.7729,315.8,332.9011,0.0,False,True,0.0,test
lvis:3862:864:275,lvis,3862,train2017/000000003862.jpg,864,radar,radar,True,0,25,0.055611949414014816,548.0999,20.04,569.4103,49.3265,0.0,False,True,0.0,test
lvis:3862:864:275,lvis,3862,train2017/000000003862.jpg,864,radar,radar,True,0,26,0.05254649743437767,87.2341,138.4172,250.2402,180.5726,0.0,False,True,0.0,test
lvis:3862:864:275,lvis,3862,train2017/000000003862.jpg,864,radar,radar,True,0,27,0.05234016105532646,449.3799,155.9447,480.9551,204.8623,0.0,False,True,0.0,test
lvis:3862:864:275,lvis,3862,train2017/000000003862.jpg,864,radar,radar,True,0,28,0.051543381065130234,546.8436,5.3007,576.1307,50.0844,0.0,False,True,0.0,test
lvis:3862:301:276,lvis,3862,train2017/000000003862.jpg,301,sofa_bed,sofa_bed,True,0,0,0.2927038371562958,38.5486,190.1019,106.7659,253.0182,0.0,False,True,9.98792270531401,test
lvis:3862:301:276,lvis,3862,train2017/000000003862.jpg,301,sofa_bed,sofa_bed,True,0,1,0.22045743465423584,147.9758,177.3066,211.2931,253.3457,0.0,False,True,9.98792270531401,test
lvis:3862:301:276,lvis,3862,train2017/000000003862.jpg,301,sofa_bed,sofa_bed,True,0,2,0.21190547943115234,78.4361,197.2849,144.2371,252.5858,0.0,False,True,9.98792270531401,test
lvis:3862:301:276,lvis,3862,train2017/000000003862.jpg,301,sofa_bed,sofa_bed,True,0,3,0.17467740178108215,20.9796,174.0596,210.9418,254.2331,0.0,False,True,0.0,test
lvis:3862:301:276,lvis,3862,train2017/000000003862.jpg,301,sofa_bed,sofa_bed,True,0,4,0.1425361931324005,39.3596,191.0983,88.2737,251.7781,0.0,False,True,0.0,test
lvis:3862:301:276,lvis,3862,train2017/000000003862.jpg,301,sofa_bed,sofa_bed,True,0,5,0.13750620186328888,130.3218,266.615,430.0426,347.9047,0.0,False,True,0.0,test
lvis:3862:301:276,lvis,3862,train2017/000000003862.jpg,301,sofa_bed,sofa_bed,True,0,6,0.13646264374256134,1.9695,246.6807,638.0356,423.2251,0.0,False,True,0.0,test
lvis:3862:301:276,lvis,3862,train2017/000000003862.jpg,301,sofa_bed,sofa_bed,True,0,7,0.129473015666008,38.563,189.6507,144.4743,253.5053,0.0,False,True,0.0,test
lvis:3862:301:276,lvis,3862,train2017/000000003862.jpg,301,sofa_bed,sofa_bed,True,0,8,0.12546664476394653,25.1555,177.6815,151.981,254.5596,0.0,False,True,0.0,test
lvis:3862:301:276,lvis,3862,train2017/000000003862.jpg,301,sofa_bed,sofa_bed,True,0,9,0.11410112679004669,20.6415,176.3606,107.7869,253.1441,0.0,False,True,0.0,test
lvis:3862:301:276,lvis,3862,train2017/000000003862.jpg,301,sofa_bed,sofa_bed,True,0,10,0.10893793404102325,197.1799,149.3108,593.5144,422.5676,0.0,False,True,0.0,test
lvis:3862:301:276,lvis,3862,train2017/000000003862.jpg,301,sofa_bed,sofa_bed,True,0,11,0.10468247532844543,199.027,149.1756,433.1447,421.3509,0.0,False,True,0.0,test
lvis:3862:301:276,lvis,3862,train2017/000000003862.jpg,301,sofa_bed,sofa_bed,True,0,12,0.0805458351969719,152.7629,221.1624,211.971,253.7301,0.0,False,True,0.0,test
lvis:3862:301:276,lvis,3862,train2017/000000003862.jpg,301,sofa_bed,sofa_bed,True,0,13,0.07917099446058273,194.5217,197.0823,224.4827,249.2817,0.0,False,True,0.0,test
lvis:3862:301:276,lvis,3862,train2017/000000003862.jpg,301,sofa_bed,sofa_bed,True,0,14,0.07172639667987823,389.6641,29.0439,638.4608,247.4472,0.0,False,True,0.0,test
lvis:3862:301:276,lvis,3862,train2017/000000003862.jpg,301,sofa_bed,sofa_bed,True,0,15,0.07090829312801361,7.7286,156.776,632.3525,422.3547,0.0,False,True,0.0,test
lvis:3862:301:276,lvis,3862,train2017/000000003862.jpg,301,sofa_bed,sofa_bed,True,0,16,0.06972683221101761,147.0891,176.2375,247.887,253.6124,0.0,False,True,0.0,test
lvis:3862:301:276,lvis,3862,train2017/000000003862.jpg,301,sofa_bed,sofa_bed,True,0,17,0.06502638757228851,152.2173,178.1835,201.3643,228.9337,0.0,False,True,0.0,test
lvis:3862:301:276,lvis,3862,train2017/000000003862.jpg,301,sofa_bed,sofa_bed,True,0,18,0.0603916309773922,3.2098,30.8164,636.5943,421.7323,0.0,False,True,0.0,test
lvis:3862:301:276,lvis,3862,train2017/000000003862.jpg,301,sofa_bed,sofa_bed,True,0,19,0.05903765186667442,11.2754,162.5517,228.6021,270.7564,0.0,False,True,0.0,test
lvis:3862:301:276,lvis,3862,train2017/000000003862.jpg,301,sofa_bed,sofa_bed,True,0,20,0.05067737400531769,142.2323,137.0427,493.54,409.201,0.0,False,True,0.0,test
lvis:3862:301:276,lvis,3862,train2017/000000003862.jpg,301,sofa_bed,sofa_bed,True,0,21,0.05064745247364044,195.7776,181.9017,250.3793,248.7532,0.0,False,True,0.0,test
lvis:3867:759:277,lvis,3867,train2017/000000003867.jpg,759,paperweight,paperweight,True,0,0,0.4906276762485504,21.798,95.0465,340.6716,310.3309,0.0,False,True,9.98792270531401,test
lvis:3867:759:277,lvis,3867,train2017/000000003867.jpg,759,paperweight,paperweight,True,0,1,0.25978490710258484,161.6713,55.3024,452.5265,259.314,0.0,False,True,9.98792270531401,test
lvis:3867:759:277,lvis,3867,train2017/000000003867.jpg,759,paperweight,paperweight,True,0,2,0.20726895332336426,19.6416,59.4659,453.5124,309.8477,0.0,False,True,9.98792270531401,test
lvis:3867:759:277,lvis,3867,train2017/000000003867.jpg,759,paperweight,paperweight,True,0,3,0.15692661702632904,81.6559,32.0008,225.0685,97.399,0.0,False,True,0.0,test
lvis:3867:759:277,lvis,3867,train2017/000000003867.jpg,759,paperweight,paperweight,True,0,4,0.10106679052114487,1.478,55.1541,85.2991,83.0409,0.0,False,True,0.0,test
lvis:3867:759:277,lvis,3867,train2017/000000003867.jpg,759,paperweight,paperweight,True,0,5,0.07853500545024872,80.9456,31.8272,237.2064,262.0011,0.0,False,True,0.0,test
lvis:3867:759:277,lvis,3867,train2017/000000003867.jpg,759,paperweight,paperweight,True,0,6,0.05682188645005226,158.688,46.4738,226.6652,98.6898,0.0,False,True,0.0,test
lvis:3867:759:277,lvis,3867,train2017/000000003867.jpg,759,paperweight,paperweight,True,0,7,0.05633213743567467,81.8353,34.139,454.4533,266.6001,0.0,False,True,0.0,test
lvis:3867:759:277,lvis,3867,train2017/000000003867.jpg,759,paperweight,paperweight,True,0,8,0.050234176218509674,168.8184,195.7883,241.5926,261.1133,0.0,False,True,0.0,test
lvis:3867:852:278,lvis,3867,train2017/000000003867.jpg,852,puffin,puffin,True,0,0,0.6444231271743774,21.8902,95.0137,340.2684,310.0847,0.0,False,True,9.98792270531401,test
lvis:3867:852:278,lvis,3867,train2017/000000003867.jpg,852,puffin,puffin,True,0,1,0.24378347396850586,168.3386,71.0593,452.1818,260.0338,0.0,False,True,9.98792270531401,test
lvis:3867:852:278,lvis,3867,train2017/000000003867.jpg,852,puffin,puffin,True,0,2,0.16453887522220612,20.0326,67.4837,453.2231,309.1126,0.0,False,True,0.0,test
lvis:3867:852:278,lvis,3867,train2017/000000003867.jpg,852,puffin,puffin,True,0,3,0.0960853323340416,1.7283,55.3388,85.338,82.9381,0.0,False,True,0.0,test
lvis:3867:852:278,lvis,3867,train2017/000000003867.jpg,852,puffin,puffin,True,0,4,0.05456096678972244,55.925,55.2169,85.359,81.7456,0.0,False,True,0.0,test
lvis:3867:852:278,lvis,3867,train2017/000000003867.jpg,852,puffin,puffin,True,0,5,0.052536364644765854,81.4433,32.24,225.4141,97.7735,0.0,False,True,0.0,test
lvis:3867:852:278,lvis,3867,train2017/000000003867.jpg,852,puffin,puffin,True,0,6,0.05225123465061188,80.804,33.0797,241.3481,261.5986,0.0,False,True,0.0,test
lvis:3934:616:279,lvis,3934,val2017/000000003934.jpg,616,knitting_needle,knitting_needle,True,0,0,0.2314978539943695,61.916,143.4418,210.9093,460.6755,0.0,False,True,9.98792270531401,test
lvis:3934:616:279,lvis,3934,val2017/000000003934.jpg,616,knitting_needle,knitting_needle,True,0,1,0.2089557647705078,161.5364,302.9243,212.9154,312.3964,0.0,False,True,9.98792270531401,test
lvis:3934:616:279,lvis,3934,val2017/000000003934.jpg,616,knitting_needle,knitting_needle,True,0,2,0.18879154324531555,217.4792,276.9174,238.2032,309.6549,0.0,False,True,0.0,test
lvis:3934:616:279,lvis,3934,val2017/000000003934.jpg,616,knitting_needle,knitting_needle,True,0,3,0.16766171157360077,214.5059,310.2784,228.8816,401.4982,0.0,False,True,0.0,test
lvis:3934:616:279,lvis,3934,val2017/000000003934.jpg,616,knitting_needle,knitting_needle,True,0,4,0.1589040607213974,144.7279,299.3721,250.903,401.5287,0.0,False,True,0.0,test
lvis:3934:616:279,lvis,3934,val2017/000000003934.jpg,616,knitting_needle,knitting_needle,True,0,5,0.13686241209506989,246.6175,201.8036,373.1919,224.5175,0.0,False,True,0.0,test
lvis:3934:616:279,lvis,3934,val2017/000000003934.jpg,616,knitting_needle,knitting_needle,True,0,6,0.11059634387493134,213.5096,272.5758,243.4685,314.2902,0.0,False,True,0.0,test
lvis:3934:616:279,lvis,3934,val2017/000000003934.jpg,616,knitting_needle,knitting_needle,True,0,7,0.0992906242609024,134.7782,215.6302,373.8411,364.6891,0.0,False,True,0.0,test
lvis:3934:616:279,lvis,3934,val2017/000000003934.jpg,616,knitting_needle,knitting_needle,True,0,8,0.09903480857610703,95.9679,187.8947,147.37,275.1353,0.0,False,True,0.0,test
lvis:3934:616:279,lvis,3934,val2017/000000003934.jpg,616,knitting_needle,knitting_needle,True,0,9,0.09756229817867279,151.3747,125.9974,165.3027,142.522,0.0,False,True,0.0,test
lvis:3934:616:279,lvis,3934,val2017/000000003934.jpg,616,knitting_needle,knitting_needle,True,0,10,0.09675651788711548,32.2435,74.8604,212.2224,460.5694,0.0,False,True,0.0,test
lvis:3934:616:279,lvis,3934,val2017/000000003934.jpg,616,knitting_needle,knitting_needle,True,0,11,0.09619022905826569,158.6343,297.3805,215.9776,318.6573,0.0,False,True,0.0,test
lvis:3934:616:279,lvis,3934,val2017/000000003934.jpg,616,knitting_needle,knitting_needle,True,0,12,0.09114302694797516,194.882,313.7205,206.2661,372.1879,0.0,False,True,0.0,test
lvis:3934:616:279,lvis,3934,val2017/000000003934.jpg,616,knitting_needle,knitting_needle,True,0,13,0.08951814472675323,210.8983,308.1646,233.1096,406.6933,0.0,False,True,0.0,test
lvis:3934:616:279,lvis,3934,val2017/000000003934.jpg,616,knitting_needle,knitting_needle,True,0,14,0.08887597173452377,152.9573,309.9576,240.1498,375.6851,0.0,False,True,0.0,test
lvis:3934:616:279,lvis,3934,val2017/000000003934.jpg,616,knitting_needle,knitting_needle,True,0,15,0.08740691840648651,56.2062,396.4103,373.7249,498.519,0.0,False,True,0.0,test
lvis:3934:616:279,lvis,3934,val2017/000000003934.jpg,616,knitting_needle,knitting_needle,True,0,16,0.08635435998439789,223.0491,311.4867,235.3731,374.9359,0.0,False,True,0.0,test
lvis:3934:616:279,lvis,3934,val2017/000000003934.jpg,616,knitting_needle,knitting_needle,True,0,17,0.08427365124225616,173.8273,314.1858,185.2884,373.1192,0.0,False,True,0.0,test
lvis:3934:616:279,lvis,3934,val2017/000000003934.jpg,616,knitting_needle,knitting_needle,True,0,18,0.08161727339029312,151.5932,82.758,209.002,231.1747,0.0,False,True,0.0,test
lvis:3934:616:279,lvis,3934,val2017/000000003934.jpg,616,knitting_needle,knitting_needle,True,0,19,0.07297888398170471,31.568,72.7802,101.7477,286.6073,0.0,False,True,0.0,test
lvis:3934:616:279,lvis,3934,val2017/000000003934.jpg,616,knitting_needle,knitting_needle,True,0,20,0.07156834751367569,55.5965,134.9794,86.868,248.5005,0.0,False,True,0.0,test
lvis:3934:616:279,lvis,3934,val2017/000000003934.jpg,616,knitting_needle,knitting_needle,True,0,21,0.07156799733638763,0.612,18.5517,43.7256,113.1681,0.0,False,True,0.0,test
lvis:3934:616:279,lvis,3934,val2017/000000003934.jpg,616,knitting_needle,knitting_needle,True,0,22,0.06986281275749207,193.35,172.183,215.7725,234.0119,0.0,False,True,0.0,test
lvis:3934:616:279,lvis,3934,val2017/000000003934.jpg,616,knitting_needle,knitting_needle,True,0,23,0.06967420876026154,99.9289,188.0612,124.3165,210.5277,0.0,False,True,0.0,test
lvis:3934:616:279,lvis,3934,val2017/000000003934.jpg,616,knitting_needle,knitting_needle,True,0,24,0.06840435415506363,63.7446,186.2208,156.8357,459.5043,0.0,False,True,0.0,test
lvis:3934:616:279,lvis,3934,val2017/000000003934.jpg,616,knitting_needle,knitting_needle,True,0,25,0.06806335598230362,281.8563,147.3361,297.2722,175.8611,0.0,False,True,0.0,test
lvis:3934:616:279,lvis,3934,val2017/000000003934.jpg,616,knitting_needle,knitting_needle,True,0,26,0.06776022166013718,177.6023,172.7489,185.719,180.8249,0.0,False,True,0.0,test
lvis:3934:616:279,lvis,3934,val2017/000000003934.jpg,616,knitting_needle,knitting_needle,True,0,27,0.06717713177204132,177.4005,171.597,199.9151,181.2789,0.0,False,True,0.0,test
lvis:3934:616:279,lvis,3934,val2017/000000003934.jpg,616,knitting_needle,knitting_needle,True,0,28,0.06688416004180908,152.9306,314.3289,163.5043,360.4241,0.0,False,True,0.0,test
lvis:3934:616:279,lvis,3934,val2017/000000003934.jpg,616,knitting_needle,knitting_needle,True,0,29,0.0667644590139389,185.7515,207.2429,217.7895,234.3639,0.0,False,True,0.0,test
lvis:3934:616:279,lvis,3934,val2017/000000003934.jpg,616,knitting_needle,knitting_needle,True,0,30,0.0663929283618927,147.3158,122.6616,169.5687,146.646,0.0,False,True,0.0,test
lvis:3934:616:279,lvis,3934,val2017/000000003934.jpg,616,knitting_needle,knitting_needle,True,0,31,0.06489190459251404,216.991,276.5688,238.8084,374.6854,0.0,False,True,0.0,test
lvis:3934:616:279,lvis,3934,val2017/000000003934.jpg,616,knitting_needle,knitting_needle,True,0,32,0.0648665651679039,56.2936,136.0826,147.2405,279.5692,0.0,False,True,0.0,test
lvis:3934:616:279,lvis,3934,val2017/000000003934.jpg,616,knitting_needle,knitting_needle,True,0,33,0.06479927152395248,230.3908,173.4799,373.7597,227.5992,0.0,False,True,0.0,test
lvis:3934:616:279,lvis,3934,val2017/000000003934.jpg,616,knitting_needle,knitting_needle,True,0,34,0.06336019933223724,258.3634,138.5186,278.4913,164.7458,0.0,False,True,0.0,test
lvis:3934:616:279,lvis,3934,val2017/000000003934.jpg,616,knitting_needle,knitting_needle,True,0,35,0.06259458512067795,246.8971,208.3397,256.1258,224.8557,0.0,False,True,0.0,test
lvis:3934:616:279,lvis,3934,val2017/000000003934.jpg,616,knitting_needle,knitting_needle,True,0,36,0.06250836700201035,213.433,275.6859,239.9052,400.7719,0.0,False,True,0.0,test
lvis:3934:616:279,lvis,3934,val2017/000000003934.jpg,616,knitting_needle,knitting_needle,True,0,37,0.06237341836094856,205.2144,209.7758,214.5571,233.6548,0.0,False,True,0.0,test
lvis:3934:616:279,lvis,3934,val2017/000000003934.jpg,616,knitting_needle,knitting_needle,True,0,38,0.061844442039728165,94.7936,186.9639,209.5741,298.6655,0.0,False,True,0.0,test
lvis:3934:616:279,lvis,3934,val2017/000000003934.jpg,616,knitting_needle,knitting_needle,True,0,39,0.06092213839292526,197.768,108.2469,237.8696,232.3784,0.0,False,True,0.0,test
lvis:3934:616:279,lvis,3934,val2017/000000003934.jpg,616,knitting_needle,knitting_needle,True,0,40,0.060030896216630936,242.193,356.7803,262.429,379.8604,0.0,False,True,0.0,test
lvis:3934:616:279,lvis,3934,val2017/000000003934.jpg,616,knitting_needle,knitting_needle,True,0,41,0.05972060188651085,0.7215,19.1463,53.4327,285.265,0.0,False,True,0.0,test
lvis:3934:616:279,lvis,3934,val2017/000000003934.jpg,616,knitting_needle,knitting_needle,True,0,42,0.05915290489792824,352.1234,209.3482,374.2837,233.8439,0.0,False,True,0.0,test
lvis:3934:616:279,lvis,3934,val2017/000000003934.jpg,616,knitting_needle,knitting_needle,True,0,43,0.058988358825445175,156.7177,294.7021,245.7125,316.7589,0.0,False,True,0.0,test
lvis:3934:616:279,lvis,3934,val2017/000000003934.jpg,616,knitting_needle,knitting_needle,True,0,44,0.058973848819732666,137.0224,275.1981,270.6532,406.6503,0.0,False,True,0.0,test
lvis:3934:616:279,lvis,3934,val2017/000000003934.jpg,616,knitting_needle,knitting_needle,True,0,45,0.05864466354250908,1.0005,20.6414,100.3981,289.528,0.0,False,True,0.0,test
lvis:3934:616:279,lvis,3934,val2017/000000003934.jpg,616,knitting_needle,knitting_needle,True,0,46,0.058507874608039856,207.517,267.2863,251.1699,324.263,0.0,False,True,0.0,test
lvis:3934:616:279,lvis,3934,val2017/000000003934.jpg,616,knitting_needle,knitting_needle,True,0,47,0.05843139812350273,56.1534,135.5921,79.5661,198.6469,0.0,False,True,0.0,test
lvis:3934:616:279,lvis,3934,val2017/000000003934.jpg,616,knitting_needle,knitting_needle,True,0,48,0.05784425511956215,150.7986,366.1136,173.8457,393.5331,0.0,False,True,0.0,test
lvis:3934:616:279,lvis,3934,val2017/000000003934.jpg,616,knitting_needle,knitting_needle,True,0,49,0.056996364146471024,97.6919,188.4125,245.9997,401.6247,0.0,False,True,0.0,test
lvis:3934:616:279,lvis,3934,val2017/000000003934.jpg,616,knitting_needle,knitting_needle,True,0,50,0.05658003315329552,171.7829,310.1931,232.9999,400.1606,0.0,False,True,0.0,test
lvis:3934:616:279,lvis,3934,val2017/000000003934.jpg,616,knitting_needle,knitting_needle,True,0,51,0.056264329701662064,56.8434,72.4446,82.6003,91.8997,0.0,False,True,0.0,test
lvis:3934:616:279,lvis,3934,val2017/000000003934.jpg,616,knitting_needle,knitting_needle,True,0,52,0.05549026280641556,93.1584,88.0651,155.4251,161.1978,0.0,False,True,0.0,test
lvis:3934:616:279,lvis,3934,val2017/000000003934.jpg,616,knitting_needle,knitting_needle,True,0,53,0.05508680269122124,56.011,133.5761,102.0512,204.1633,0.0,False,True,0.0,test
lvis:3934:616:279,lvis,3934,val2017/000000003934.jpg,616,knitting_needle,knitting_needle,True,0,54,0.05503108352422714,37.5785,73.1372,102.2238,203.3957,0.0,False,True,0.0,test
lvis:3934:616:279,lvis,3934,val2017/000000003934.jpg,616,knitting_needle,knitting_needle,True,0,55,0.05459928512573242,168.6196,239.0592,200.2064,258.6252,0.0,False,True,0.0,test
lvis:3934:616:279,lvis,3934,val2017/000000003934.jpg,616,knitting_needle,knitting_needle,True,0,56,0.054484687745571136,294.7675,130.805,325.6765,179.2014,0.0,False,True,0.0,test
lvis:3934:616:279,lvis,3934,val2017/000000003934.jpg,616,knitting_needle,knitting_needle,True,0,57,0.05405417084693909,38.9575,72.3596,82.6064,165.2992,0.0,False,True,0.0,test
lvis:3934:616:279,lvis,3934,val2017/000000003934.jpg,616,knitting_needle,knitting_needle,True,0,58,0.053869351744651794,109.8091,113.3741,134.5768,147.4852,0.0,False,True,0.0,test
lvis:3934:616:279,lvis,3934,val2017/000000003934.jpg,616,knitting_needle,knitting_needle,True,0,59,0.052704375237226486,171.7988,312.0967,228.6779,374.5628,0.0,False,True,0.0,test
lvis:3934:616:279,lvis,3934,val2017/000000003934.jpg,616,knitting_needle,knitting_needle,True,0,60,0.05251802131533623,92.9254,186.325,102.0421,206.4786,0.0,False,True,0.0,test
lvis:3934:616:279,lvis,3934,val2017/000000003934.jpg,616,knitting_needle,knitting_needle,True,0,61,0.05223609507083893,152.4564,275.7766,245.0445,379.751,0.0,False,True,0.0,test
lvis:3934:616:279,lvis,3934,val2017/000000003934.jpg,616,knitting_needle,knitting_needle,True,0,62,0.05169396102428436,109.9059,113.6469,123.0144,146.1455,0.0,False,True,0.0,test
lvis:3934:616:279,lvis,3934,val2017/000000003934.jpg,616,knitting_needle,knitting_needle,True,0,63,0.051141407340765,0.808,20.5564,79.8511,199.0677,0.0,False,True,0.0,test
lvis:3934:616:279,lvis,3934,val2017/000000003934.jpg,616,knitting_needle,knitting_needle,True,0,64,0.05067211762070656,184.9221,313.9799,195.1206,371.3108,0.0,False,True,0.0,test
lvis:3934:616:279,lvis,3934,val2017/000000003934.jpg,616,knitting_needle,knitting_needle,True,0,65,0.05045786127448082,351.0421,155.9648,373.9434,175.6954,0.0,False,True,0.0,test
lvis:3934:1075:280,lvis,3934,val2017/000000003934.jpg,1075,telephoto_lens,telephoto_lens,True,0,0,0.27062952518463135,150.9649,365.9192,175.4185,394.7921,0.0,False,True,9.98792270531401,test
lvis:3934:1075:280,lvis,3934,val2017/000000003934.jpg,1075,telephoto_lens,telephoto_lens,True,0,1,0.2418263554573059,148.6112,357.9903,183.2025,401.3567,0.0,False,True,9.98792270531401,test
lvis:3934:1075:280,lvis,3934,val2017/000000003934.jpg,1075,telephoto_lens,telephoto_lens,True,0,2,0.17673230171203613,61.6582,143.1787,210.9996,460.5039,0.0,False,True,0.0,test
lvis:3934:1075:280,lvis,3934,val2017/000000003934.jpg,1075,telephoto_lens,telephoto_lens,True,0,3,0.16619408130645752,133.0449,214.5577,373.9968,364.6348,0.0,False,True,0.0,test
lvis:3934:1075:280,lvis,3934,val2017/000000003934.jpg,1075,telephoto_lens,telephoto_lens,True,0,4,0.1512572020292282,184.9859,207.1083,218.8026,234.5035,0.0,False,True,0.0,test
lvis:3934:1075:280,lvis,3934,val2017/000000003934.jpg,1075,telephoto_lens,telephoto_lens,True,0,5,0.14853838086128235,144.1644,298.5497,249.6695,401.9194,0.0,False,True,0.0,test
lvis:3934:1075:280,lvis,3934,val2017/000000003934.jpg,1075,telephoto_lens,telephoto_lens,True,0,6,0.1364220529794693,217.0605,276.7379,238.5007,310.0348,0.0,False,True,0.0,test
lvis:3934:1075:280,lvis,3934,val2017/000000003934.jpg,1075,telephoto_lens,telephoto_lens,True,0,7,0.12868699431419373,151.7375,125.3809,165.7984,142.5629,0.0,False,True,0.0,test
lvis:3934:1075:280,lvis,3934,val2017/000000003934.jpg,1075,telephoto_lens,telephoto_lens,True,0,8,0.09987728297710419,161.3249,302.5078,212.9821,312.9409,0.0,False,True,0.0,test
lvis:3934:1075:280,lvis,3934,val2017/000000003934.jpg,1075,telephoto_lens,telephoto_lens,True,0,9,0.0990702360868454,152.5861,82.8145,207.2951,227.7721,0.0,False,True,0.0,test
lvis:3934:1075:280,lvis,3934,val2017/000000003934.jpg,1075,telephoto_lens,telephoto_lens,True,0,10,0.095436692237854,31.1058,72.8856,102.4794,287.5079,0.0,False,True,0.0,test
lvis:3934:1075:280,lvis,3934,val2017/000000003934.jpg,1075,telephoto_lens,telephoto_lens,True,0,11,0.09531667083501816,2.0332,2.0949,373.2188,495.8644,0.0,False,True,0.0,test
lvis:3934:1075:280,lvis,3934,val2017/000000003934.jpg,1075,telephoto_lens,telephoto_lens,True,0,12,0.09470879286527634,179.4926,48.9259,194.5761,60.3832,0.0,False,True,0.0,test
lvis:3934:1075:280,lvis,3934,val2017/000000003934.jpg,1075,telephoto_lens,telephoto_lens,True,0,13,0.09384546428918839,364.3816,121.5777,374.1261,132.9937,0.0,False,True,0.0,test
lvis:3934:1075:280,lvis,3934,val2017/000000003934.jpg,1075,telephoto_lens,telephoto_lens,True,0,14,0.09246377646923065,32.448,75.4512,212.1166,460.4094,0.0,False,True,0.0,test
lvis:3934:1075:280,lvis,3934,val2017/000000003934.jpg,1075,telephoto_lens,telephoto_lens,True,0,15,0.0883522555232048,181.5223,51.5009,192.3529,58.3137,0.0,False,True,0.0,test
lvis:3934:1075:280,lvis,3934,val2017/000000003934.jpg,1075,telephoto_lens,telephoto_lens,True,0,16,0.08740861713886261,294.1064,130.9621,325.5715,180.0911,0.0,False,True,0.0,test
lvis:3934:1075:280,lvis,3934,val2017/000000003934.jpg,1075,telephoto_lens,telephoto_lens,True,0,17,0.0803331583738327,304.4752,166.5533,312.893,178.4705,0.0,False,True,0.0,test
lvis:3934:1075:280,lvis,3934,val2017/000000003934.jpg,1075,telephoto_lens,telephoto_lens,True,0,18,0.07878853380680084,258.1124,138.726,278.3686,164.6888,0.0,False,True,0.0,test
lvis:3934:1075:280,lvis,3934,val2017/000000003934.jpg,1075,telephoto_lens,telephoto_lens,True,0,19,0.07516458630561829,197.7402,108.0446,237.6624,228.7542,0.0,False,True,0.0,test
lvis:3934:1075:280,lvis,3934,val2017/000000003934.jpg,1075,telephoto_lens,telephoto_lens,True,0,20,0.07174795120954514,292.3434,130.7677,327.2039,209.7641,0.0,False,True,0.0,test
lvis:3934:1075:280,lvis,3934,val2017/000000003934.jpg,1075,telephoto_lens,telephoto_lens,True,0,21,0.06968757510185242,290.2369,130.1804,357.3326,219.2686,0.0,False,True,0.0,test
lvis:3934:1075:280,lvis,3934,val2017/000000003934.jpg,1075,telephoto_lens,telephoto_lens,True,0,22,0.069036103785038,63.4193,144.6945,160.3401,458.629,0.0,False,True,0.0,test
lvis:3934:1075:280,lvis,3934,val2017/000000003934.jpg,1075,telephoto_lens,telephoto_lens,True,0,23,0.06776029616594315,225.2374,122.1566,319.3126,178.5986,0.0,False,True,0.0,test
lvis:3934:1075:280,lvis,3934,val2017/000000003934.jpg,1075,telephoto_lens,telephoto_lens,True,0,24,0.06740207225084305,32.9071,72.6644,81.8875,173.648,0.0,False,True,0.0,test
lvis:3934:1075:280,lvis,3934,val2017/000000003934.jpg,1075,telephoto_lens,telephoto_lens,True,0,25,0.06731399148702621,138.0968,348.7743,195.5966,409.8288,0.0,False,True,0.0,test
lvis:3934:1075:280,lvis,3934,val2017/000000003934.jpg,1075,telephoto_lens,telephoto_lens,True,0,26,0.06711924076080322,132.0447,175.0557,373.9167,399.1857,0.0,False,True,0.0,test
lvis:3934:1075:280,lvis,3934,val2017/000000003934.jpg,1075,telephoto_lens,telephoto_lens,True,0,27,0.06652377545833588,175.9884,46.2839,198.6285,63.7977,0.0,False,True,0.0,test
lvis:3934:1075:280,lvis,3934,val2017/000000003934.jpg,1075,telephoto_lens,telephoto_lens,True,0,28,0.06644680351018906,148.2825,122.4102,169.5037,146.3824,0.0,False,True,0.0,test
lvis:3934:1075:280,lvis,3934,val2017/000000003934.jpg,1075,telephoto_lens,telephoto_lens,True,0,29,0.06643644720315933,203.8053,108.3602,220.0686,123.4402,0.0,False,True,0.0,test
lvis:3934:1075:280,lvis,3934,val2017/000000003934.jpg,1075,telephoto_lens,telephoto_lens,True,0,30,0.06593438982963562,92.556,87.783,156.7867,167.2443,0.0,False,True,0.0,test
lvis:3934:1075:280,lvis,3934,val2017/000000003934.jpg,1075,telephoto_lens,telephoto_lens,True,0,31,0.0651966780424118,3.2428,228.0645,22.2405,245.8794,0.0,False,True,0.0,test
lvis:3934:1075:280,lvis,3934,val2017/000000003934.jpg,1075,telephoto_lens,telephoto_lens,True,0,32,0.06493189185857773,55.9174,396.539,373.7901,498.5273,0.0,False,True,0.0,test
lvis:3934:1075:280,lvis,3934,val2017/000000003934.jpg,1075,telephoto_lens,telephoto_lens,True,0,33,0.05826876312494278,211.9077,272.3306,244.4471,315.3234,0.0,False,True,0.0,test
lvis:3934:1075:280,lvis,3934,val2017/000000003934.jpg,1075,telephoto_lens,telephoto_lens,True,0,34,0.05624658241868019,247.0452,202.2289,369.5659,226.4185,0.0,False,True,0.0,test
lvis:3934:1075:280,lvis,3934,val2017/000000003934.jpg,1075,telephoto_lens,telephoto_lens,True,0,35,0.0559927374124527,309.7769,147.5889,355.9919,179.3435,0.0,False,True,0.0,test
lvis:3934:1075:280,lvis,3934,val2017/000000003934.jpg,1075,telephoto_lens,telephoto_lens,True,0,36,0.05476957932114601,94.8485,203.2206,127.3579,236.5614,0.0,False,True,0.0,test
lvis:3934:1075:280,lvis,3934,val2017/000000003934.jpg,1075,telephoto_lens,telephoto_lens,True,0,37,0.05474773421883583,301.21,159.7049,315.1983,179.9898,0.0,False,True,0.0,test
lvis:3934:1075:280,lvis,3934,val2017/000000003934.jpg,1075,telephoto_lens,telephoto_lens,True,0,38,0.05471838265657425,242.031,358.6266,262.6511,380.4692,0.0,False,True,0.0,test
lvis:3934:1075:280,lvis,3934,val2017/000000003934.jpg,1075,telephoto_lens,telephoto_lens,True,0,39,0.054671745747327805,281.1983,147.6593,298.0792,176.0102,0.0,False,True,0.0,test
lvis:3934:1075:280,lvis,3934,val2017/000000003934.jpg,1075,telephoto_lens,telephoto_lens,True,0,40,0.051155611872673035,176.554,200.8278,226.3611,247.5308,0.0,False,True,0.0,test
lvis:3934:1075:280,lvis,3934,val2017/000000003934.jpg,1075,telephoto_lens,telephoto_lens,True,0,41,0.05065950006246567,230.5647,172.6261,372.9404,228.4959,0.0,False,True,0.0,test
lvis:3934:1075:280,lvis,3934,val2017/000000003934.jpg,1075,telephoto_lens,telephoto_lens,True,0,42,0.05042127147316933,157.1409,297.0023,217.6095,318.8393,0.0,False,True,0.0,test
lvis:4065:69:282,lvis,4065,train2017/000000004065.jpg,69,batter_(food),batter_(food),True,0,0,0.3069109618663788,380.7296,52.2988,609.0905,438.2077,0.0,False,True,9.98792270531401,test
lvis:4065:69:282,lvis,4065,train2017/000000004065.jpg,69,batter_(food),batter_(food),True,0,1,0.2305704802274704,42.7251,72.7065,275.5179,369.1349,0.0,False,True,9.98792270531401,test
lvis:4065:69:282,lvis,4065,train2017/000000004065.jpg,69,batter_(food),batter_(food),True,0,2,0.1023043617606163,594.2047,255.1162,635.3743,267.2659,0.0,False,True,0.0,test
lvis:4065:69:282,lvis,4065,train2017/000000004065.jpg,69,batter_(food),batter_(food),True,0,3,0.09045516699552536,394.5057,403.7865,466.6616,466.8755,0.0,False,True,0.0,test
lvis:4065:69:282,lvis,4065,train2017/000000004065.jpg,69,batter_(food),batter_(food),True,0,4,0.09038370102643967,31.8305,53.1607,608.1933,441.0872,0.0,False,True,0.0,test
lvis:4065:69:282,lvis,4065,train2017/000000004065.jpg,69,batter_(food),batter_(food),True,0,5,0.0866837128996849,590.5095,250.0587,637.5137,272.9982,0.0,False,True,0.0,test
lvis:4065:69:282,lvis,4065,train2017/000000004065.jpg,69,batter_(food),batter_(food),True,0,6,0.08501678705215454,435.4247,136.7739,469.7873,157.2481,0.0,False,True,0.0,test
lvis:4065:69:282,lvis,4065,train2017/000000004065.jpg,69,batter_(food),batter_(food),True,0,7,0.08047104626893997,513.3853,411.812,567.9401,478.6103,0.0,False,True,0.0,test
lvis:4065:69:282,lvis,4065,train2017/000000004065.jpg,69,batter_(food),batter_(food),True,0,8,0.07081806659698486,22.8277,266.6773,178.0414,409.4464,0.0,False,True,0.0,test
lvis:4065:69:282,lvis,4065,train2017/000000004065.jpg,69,batter_(food),batter_(food),True,0,9,0.06988225132226944,24.7292,269.3633,122.8199,409.3304,0.0,False,True,0.0,test
lvis:4065:69:282,lvis,4065,train2017/000000004065.jpg,69,batter_(food),batter_(food),True,0,10,0.06933186948299408,126.7348,162.8709,180.8391,276.7493,0.0,False,True,0.0,test
lvis:4065:69:282,lvis,4065,train2017/000000004065.jpg,69,batter_(food),batter_(food),True,0,11,0.06932912021875381,130.7563,163.1474,161.537,199.8458,0.0,False,True,0.0,test
lvis:4065:69:282,lvis,4065,train2017/000000004065.jpg,69,batter_(food),batter_(food),True,0,12,0.06876330077648163,141.453,163.2597,159.5461,195.5352,0.0,False,True,0.0,test
lvis:4065:69:282,lvis,4065,train2017/000000004065.jpg,69,batter_(food),batter_(food),True,0,13,0.06833061575889587,383.1659,51.1178,596.1312,332.9957,0.0,False,True,0.0,test
lvis:4065:69:282,lvis,4065,train2017/000000004065.jpg,69,batter_(food),batter_(food),True,0,14,0.0661684200167656,442.9257,411.0901,605.5104,478.7929,0.0,False,True,0.0,test
lvis:4065:69:282,lvis,4065,train2017/000000004065.jpg,69,batter_(food),batter_(food),True,0,15,0.06503038108348846,31.0359,69.8483,343.0664,464.5424,0.0,False,True,0.0,test
lvis:4065:69:282,lvis,4065,train2017/000000004065.jpg,69,batter_(food),batter_(food),True,0,16,0.06448657065629959,258.1109,320.2972,346.1336,473.7319,0.0,False,True,0.0,test
lvis:4065:69:282,lvis,4065,train2017/000000004065.jpg,69,batter_(food),batter_(food),True,0,17,0.060681480914354324,171.018,400.2842,302.9504,477.6804,0.0,False,True,0.0,test
lvis:4065:69:282,lvis,4065,train2017/000000004065.jpg,69,batter_(food),batter_(food),True,0,18,0.05810060352087021,115.0233,300.4124,176.0998,359.2537,0.0,False,True,0.0,test
lvis:4065:69:282,lvis,4065,train2017/000000004065.jpg,69,batter_(food),batter_(food),True,0,19,0.0570850744843483,579.5598,158.7078,638.1538,258.0321,0.0,False,True,0.0,test
lvis:4065:69:282,lvis,4065,train2017/000000004065.jpg,69,batter_(food),batter_(food),True,0,20,0.05576235055923462,69.7747,72.0366,258.773,281.6322,0.0,False,True,0.0,test
lvis:4065:69:282,lvis,4065,train2017/000000004065.jpg,69,batter_(food),batter_(food),True,0,21,0.05352102592587471,429.5816,130.8596,474.8037,165.2795,0.0,False,True,0.0,test
lvis:4065:69:282,lvis,4065,train2017/000000004065.jpg,69,batter_(food),batter_(food),True,0,22,0.05316075310111046,109.0033,72.4996,220.1915,200.6197,0.0,False,True,0.0,test
lvis:4065:69:282,lvis,4065,train2017/000000004065.jpg,69,batter_(food),batter_(food),True,0,23,0.052678126841783524,439.8679,203.9229,488.1853,270.6745,0.0,False,True,0.0,test
lvis:4065:69:282,lvis,4065,train2017/000000004065.jpg,69,batter_(food),batter_(food),True,0,24,0.052036985754966736,99.2137,73.6911,236.1084,357.3922,0.0,False,True,0.0,test
lvis:4065:69:282,lvis,4065,train2017/000000004065.jpg,69,batter_(food),batter_(food),True,0,25,0.0510723851621151,546.1331,159.937,561.028,177.5245,0.0,False,True,0.0,test
lvis:4065:69:282,lvis,4065,train2017/000000004065.jpg,69,batter_(food),batter_(food),True,0,26,0.05088839679956436,147.3044,253.489,176.7868,277.4932,0.0,False,True,0.0,test
lvis:4065:69:282,lvis,4065,train2017/000000004065.jpg,69,batter_(food),batter_(food),True,0,27,0.0508871003985405,215.5284,320.2196,345.9998,428.0422,0.0,False,True,0.0,test
lvis:4065:69:282,lvis,4065,train2017/000000004065.jpg,69,batter_(food),batter_(food),True,0,28,0.05077257752418518,112.3167,282.0042,181.3298,436.0092,0.0,False,True,0.0,test
lvis:4065:69:282,lvis,4065,train2017/000000004065.jpg,69,batter_(food),batter_(food),True,0,29,0.05034798011183739,134.3928,188.0698,146.2919,198.0263,0.0,False,True,0.0,test
lvis:4065:69:282,lvis,4065,train2017/000000004065.jpg,69,batter_(food),batter_(food),True,0,30,0.05017091706395149,405.1509,52.7186,539.3847,189.8702,0.0,False,True,0.0,test
lvis:4108:985:284,lvis,4108,train2017/000000004108.jpg,985,sombrero,sombrero,True,0,0,0.2510850429534912,58.3678,148.0227,249.4945,257.6054,0.0,False,True,9.98792270531401,test
lvis:4108:985:284,lvis,4108,train2017/000000004108.jpg,985,sombrero,sombrero,True,0,1,0.16477566957473755,347.1681,178.7187,478.7511,336.5244,0.0,False,True,0.0,test
lvis:4108:985:284,lvis,4108,train2017/000000004108.jpg,985,sombrero,sombrero,True,0,2,0.1242436021566391,74.5243,371.4896,331.8501,552.5079,0.0,False,True,0.0,test
lvis:4108:985:284,lvis,4108,train2017/000000004108.jpg,985,sombrero,sombrero,True,0,3,0.10546093434095383,358.4899,270.4528,447.493,336.6201,0.0,False,True,0.0,test
lvis:4108:985:284,lvis,4108,train2017/000000004108.jpg,985,sombrero,sombrero,True,0,4,0.10396959632635117,339.344,332.9742,423.7464,383.0863,0.0,False,True,0.0,test
lvis:4108:985:284,lvis,4108,train2017/000000004108.jpg,985,sombrero,sombrero,True,0,5,0.08429883420467377,123.3583,114.0108,192.0429,146.9799,0.0,False,True,0.0,test
lvis:4108:985:284,lvis,4108,train2017/000000004108.jpg,985,sombrero,sombrero,True,0,6,0.07491102069616318,171.2027,148.251,248.345,242.3355,0.0,False,True,0.0,test
lvis:4108:985:284,lvis,4108,train2017/000000004108.jpg,985,sombrero,sombrero,True,0,7,0.07412351667881012,314.5889,342.6993,478.8498,492.3151,0.0,False,True,0.0,test
lvis:4108:985:284,lvis,4108,train2017/000000004108.jpg,985,sombrero,sombrero,True,0,8,0.072115458548069,124.1179,556.0992,249.0952,638.58,0.0,False,True,0.0,test
lvis:4108:985:284,lvis,4108,train2017/000000004108.jpg,985,sombrero,sombrero,True,0,9,0.07011587917804718,303.3218,482.183,422.9202,587.2228,0.0,False,True,0.0,test
lvis:4108:985:284,lvis,4108,train2017/000000004108.jpg,985,sombrero,sombrero,True,0,10,0.06858805567026138,193.2982,456.2053,245.8326,522.1971,0.0,False,True,0.0,test
lvis:4108:985:284,lvis,4108,train2017/000000004108.jpg,985,sombrero,sombrero,True,0,11,0.06660173833370209,172.2338,147.205,189.1296,181.2872,0.0,False,True,0.0,test
lvis:4108:985:284,lvis,4108,train2017/000000004108.jpg,985,sombrero,sombrero,True,0,12,0.0663093626499176,233.7515,424.9393,292.9409,467.3831,0.0,False,True,0.0,test
lvis:4108:985:284,lvis,4108,train2017/000000004108.jpg,985,sombrero,sombrero,True,0,13,0.060845404863357544,136.0342,253.6116,205.2404,293.4645,0.0,False,True,0.0,test
lvis:4108:985:284,lvis,4108,train2017/000000004108.jpg,985,sombrero,sombrero,True,0,14,0.05794919654726982,281.1897,198.5434,316.3108,217.8527,0.0,False,True,0.0,test
lvis:4108:985:284,lvis,4108,train2017/000000004108.jpg,985,sombrero,sombrero,True,0,15,0.05726354941725731,188.8119,406.3135,243.826,462.9368,0.0,False,True,0.0,test
lvis:4108:985:284,lvis,4108,train2017/000000004108.jpg,985,sombrero,sombrero,True,0,16,0.057210903614759445,375.676,332.4351,423.5966,373.6884,0.0,False,True,0.0,test
lvis:4108:985:284,lvis,4108,train2017/000000004108.jpg,985,sombrero,sombrero,True,0,17,0.05537604168057442,163.9366,241.6503,205.105,262.2087,0.0,False,True,0.0,test
lvis:4108:985:284,lvis,4108,train2017/000000004108.jpg,985,sombrero,sombrero,True,0,18,0.05401858314871788,275.1912,183.4884,317.8952,217.1518,0.0,False,True,0.0,test
lvis:4108:985:284,lvis,4108,train2017/000000004108.jpg,985,sombrero,sombrero,True,0,19,0.05247018486261368,354.984,14.3935,394.7765,55.6917,0.0,False,True,0.0,test
lvis:4108:985:284,lvis,4108,train2017/000000004108.jpg,985,sombrero,sombrero,True,0,20,0.05236227810382843,452.2627,509.1448,479.0936,565.5397,0.0,False,True,0.0,test
lvis:4129:941:285,lvis,4129,train2017/000000004129.jpg,941,shawl,shawl,True,0,0,0.2736986577510834,113.3848,317.2423,233.4317,395.5084,0.0,False,True,9.98792270531401,test
lvis:4129:941:285,lvis,4129,train2017/000000004129.jpg,941,shawl,shawl,True,0,1,0.26404696702957153,113.6644,317.6559,233.3267,352.9342,0.0,False,True,9.98792270531401,test
lvis:4129:941:285,lvis,4129,train2017/000000004129.jpg,941,shawl,shawl,True,0,2,0.24782270193099976,44.0706,430.892,241.3176,529.3454,0.0,False,True,9.98792270531401,test
lvis:4129:941:285,lvis,4129,train2017/000000004129.jpg,941,shawl,shawl,True,0,3,0.2263253778219223,106.651,410.378,149.4974,435.4814,0.0,False,True,9.98792270531401,test
lvis:4129:941:285,lvis,4129,train2017/000000004129.jpg,941,shawl,shawl,True,0,4,0.15193572640419006,195.5069,330.0276,229.8226,431.8088,0.0,False,True,0.0,test
lvis:4129:941:285,lvis,4129,train2017/000000004129.jpg,941,shawl,shawl,True,0,5,0.13545943796634674,112.0055,316.7829,234.79,434.838,0.0,False,True,0.0,test
lvis:4129:941:285,lvis,4129,train2017/000000004129.jpg,941,shawl,shawl,True,0,6,0.13340766727924347,166.6367,417.7144,194.92,435.6441,0.0,False,True,0.0,test
lvis:4129:941:285,lvis,4129,train2017/000000004129.jpg,941,shawl,shawl,True,0,7,0.1325339376926422,224.2613,397.2705,260.3281,418.834,0.0,False,True,0.0,test
lvis:4129:941:285,lvis,4129,train2017/000000004129.jpg,941,shawl,shawl,True,0,8,0.12900353968143463,192.1092,418.574,218.1631,434.5372,0.0,False,True,0.0,test
lvis:4129:941:285,lvis,4129,train2017/000000004129.jpg,941,shawl,shawl,True,0,9,0.12728936970233917,39.308,403.4044,122.3791,436.0075,0.0,False,True,0.0,test
lvis:4129:941:285,lvis,4129,train2017/000000004129.jpg,941,shawl,shawl,True,0,10,0.12136492878198624,201.9628,348.4703,224.8439,376.8331,0.0,False,True,0.0,test
lvis:4129:941:285,lvis,4129,train2017/000000004129.jpg,941,shawl,shawl,True,0,11,0.11642058938741684,166.6855,409.8437,225.2884,436.0956,0.0,False,True,0.0,test
lvis:4129:941:285,lvis,4129,train2017/000000004129.jpg,941,shawl,shawl,True,0,12,0.11567585915327072,39.7111,396.4255,261.0969,436.8252,0.0,False,True,0.0,test
lvis:4129:941:285,lvis,4129,train2017/000000004129.jpg,941,shawl,shawl,True,0,13,0.1103605255484581,166.9256,417.4671,225.3049,435.7395,0.0,False,True,0.0,test
lvis:4129:941:285,lvis,4129,train2017/000000004129.jpg,941,shawl,shawl,True,0,14,0.10685888677835464,106.1463,409.5541,225.813,436.3759,0.0,False,True,0.0,test
lvis:4129:941:285,lvis,4129,train2017/000000004129.jpg,941,shawl,shawl,True,0,15,0.09982765465974808,84.4136,404.3356,121.4123,428.1235,0.0,False,True,0.0,test
lvis:4129:941:285,lvis,4129,train2017/000000004129.jpg,941,shawl,shawl,True,0,16,0.09731695055961609,39.1821,316.939,261.3803,438.4026,0.0,False,True,0.0,test
lvis:4129:941:285,lvis,4129,train2017/000000004129.jpg,941,shawl,shawl,True,0,17,0.09685543179512024,93.2827,404.2914,119.9682,427.1035,0.0,False,True,0.0,test
lvis:4129:941:285,lvis,4129,train2017/000000004129.jpg,941,shawl,shawl,True,0,18,0.09445299953222275,265.0784,311.0998,290.3978,324.3435,0.0,False,True,0.0,test
lvis:4129:941:285,lvis,4129,train2017/000000004129.jpg,941,shawl,shawl,True,0,19,0.09282236546278,190.5005,174.7566,255.3225,235.1448,0.0,False,True,0.0,test
lvis:4129:941:285,lvis,4129,train2017/000000004129.jpg,941,shawl,shawl,True,0,20,0.09267057478427887,174.5962,407.1742,198.6226,424.7564,0.0,False,True,0.0,test
lvis:4129:941:285,lvis,4129,train2017/000000004129.jpg,941,shawl,shawl,True,0,21,0.09219396859407425,199.5891,397.8279,260.4341,419.5009,0.0,False,True,0.0,test
lvis:4129:941:285,lvis,4129,train2017/000000004129.jpg,941,shawl,shawl,True,0,22,0.08800903707742691,127.0322,410.7174,149.476,433.3432,0.0,False,True,0.0,test
lvis:4129:941:285,lvis,4129,train2017/000000004129.jpg,941,shawl,shawl,True,0,23,0.08605019748210907,2.1079,367.448,426.3725,527.2281,0.0,False,True,0.0,test
lvis:4129:941:285,lvis,4129,train2017/000000004129.jpg,941,shawl,shawl,True,0,24,0.08519912511110306,1.7105,366.0341,426.5096,636.787,0.0,False,True,0.0,test
lvis:4129:941:285,lvis,4129,train2017/000000004129.jpg,941,shawl,shawl,True,0,25,0.08487642556428909,166.428,408.0068,197.5908,435.6667,0.0,False,True,0.0,test
lvis:4129:941:285,lvis,4129,train2017/000000004129.jpg,941,shawl,shawl,True,0,26,0.0817180722951889,46.086,191.2853,199.0458,246.5268,0.0,False,True,0.0,test
lvis:4129:941:285,lvis,4129,train2017/000000004129.jpg,941,shawl,shawl,True,0,27,0.07933799922466278,362.8755,320.3261,380.0451,362.6419,0.0,False,True,0.0,test
lvis:4129:941:285,lvis,4129,train2017/000000004129.jpg,941,shawl,shawl,True,0,28,0.0746404379606247,198.3218,330.5096,222.3298,353.4099,0.0,False,True,0.0,test
lvis:4129:941:285,lvis,4129,train2017/000000004129.jpg,941,shawl,shawl,True,0,29,0.07437014579772949,144.3627,483.4133,175.1623,506.7543,0.0,False,True,0.0,test
lvis:4129:941:285,lvis,4129,train2017/000000004129.jpg,941,shawl,shawl,True,0,30,0.06889128684997559,105.3244,397.1685,260.7122,436.0864,0.0,False,True,0.0,test
lvis:4129:941:285,lvis,4129,train2017/000000004129.jpg,941,shawl,shawl,True,0,31,0.06702696532011032,144.3844,398.2111,167.2927,432.1765,0.0,False,True,0.0,test
lvis:4129:941:285,lvis,4129,train2017/000000004129.jpg,941,shawl,shawl,True,0,32,0.06554681062698364,172.5212,376.3188,246.8569,399.4961,0.0,False,True,0.0,test
lvis:4129:941:285,lvis,4129,train2017/000000004129.jpg,941,shawl,shawl,True,0,33,0.06519319117069244,142.7135,197.3291,184.9131,256.8188,0.0,False,True,0.0,test
lvis:4129:941:285,lvis,4129,train2017/000000004129.jpg,941,shawl,shawl,True,0,34,0.06465977430343628,83.4124,413.9305,104.1687,427.8769,0.0,False,True,0.0,test
lvis:4129:941:285,lvis,4129,train2017/000000004129.jpg,941,shawl,shawl,True,0,35,0.06421848386526108,197.2216,330.5997,225.7943,377.3453,0.0,False,True,0.0,test
lvis:4129:941:285,lvis,4129,train2017/000000004129.jpg,941,shawl,shawl,True,0,36,0.06317555159330368,196.1867,330.5753,228.7432,397.4242,0.0,False,True,0.0,test
lvis:4129:941:285,lvis,4129,train2017/000000004129.jpg,941,shawl,shawl,True,0,37,0.06260243058204651,39.3621,316.438,263.7064,530.0431,0.0,False,True,0.0,test
lvis:4129:941:285,lvis,4129,train2017/000000004129.jpg,941,shawl,shawl,True,0,38,0.06144726648926735,105.2359,397.0832,198.8163,435.9196,0.0,False,True,0.0,test
lvis:4129:941:285,lvis,4129,train2017/000000004129.jpg,941,shawl,shawl,True,0,39,0.06034223735332489,152.1842,385.4346,182.1709,413.1937,0.0,False,True,0.0,test
lvis:4129:941:285,lvis,4129,train2017/000000004129.jpg,941,shawl,shawl,True,0,40,0.060286037623882294,106.814,412.4513,128.6836,435.6082,0.0,False,True,0.0,test
lvis:4129:941:285,lvis,4129,train2017/000000004129.jpg,941,shawl,shawl,True,0,41,0.06000331789255142,199.7801,347.694,226.5536,394.6798,0.0,False,True,0.0,test
lvis:4129:941:285,lvis,4129,train2017/000000004129.jpg,941,shawl,shawl,True,0,42,0.05992044880986214,200.1589,372.9623,225.6414,393.0024,0.0,False,True,0.0,test
lvis:4129:941:285,lvis,4129,train2017/000000004129.jpg,941,shawl,shawl,True,0,43,0.0590474009513855,81.1884,238.5525,90.213,251.328,0.0,False,True,0.0,test
lvis:4129:941:285,lvis,4129,train2017/000000004129.jpg,941,shawl,shawl,True,0,44,0.059009917080402374,233.9996,397.0382,260.1478,412.3705,0.0,False,True,0.0,test
lvis:4129:941:285,lvis,4129,train2017/000000004129.jpg,941,shawl,shawl,True,0,45,0.05806846171617508,4.0885,369.5395,424.35,447.6092,0.0,False,True,0.0,test
lvis:4129:941:285,lvis,4129,train2017/000000004129.jpg,941,shawl,shawl,True,0,46,0.05723310634493828,40.1742,414.8031,103.6795,436.5207,0.0,False,True,0.0,test
lvis:4129:941:285,lvis,4129,train2017/000000004129.jpg,941,shawl,shawl,True,0,47,0.05637902393937111,143.1329,452.7814,240.775,522.417,0.0,False,True,0.0,test
lvis:4129:941:285,lvis,4129,train2017/000000004129.jpg,941,shawl,shawl,True,0,48,0.05582840368151665,171.8321,377.4601,198.6854,400.226,0.0,False,True,0.0,test
lvis:4129:941:285,lvis,4129,train2017/000000004129.jpg,941,shawl,shawl,True,0,49,0.0556042343378067,41.2539,414.8869,226.0509,437.6136,0.0,False,True,0.0,test
lvis:4129:941:285,lvis,4129,train2017/000000004129.jpg,941,shawl,shawl,True,0,50,0.05551241338253021,364.2835,327.67,377.5108,343.4685,0.0,False,True,0.0,test
lvis:4129:941:285,lvis,4129,train2017/000000004129.jpg,941,shawl,shawl,True,0,51,0.055462080985307693,40.1709,421.2809,79.4221,436.9709,0.0,False,True,0.0,test
lvis:4129:941:285,lvis,4129,train2017/000000004129.jpg,941,shawl,shawl,True,0,52,0.05375204235315323,90.1418,394.9624,124.7844,427.852,0.0,False,True,0.0,test
lvis:4129:941:285,lvis,4129,train2017/000000004129.jpg,941,shawl,shawl,True,0,53,0.05317217856645584,220.5968,385.0287,247.2945,398.6253,0.0,False,True,0.0,test
lvis:4129:941:285,lvis,4129,train2017/000000004129.jpg,941,shawl,shawl,True,0,54,0.05226508527994156,178.9777,384.5367,247.0678,398.6927,0.0,False,True,0.0,test
lvis:4129:941:285,lvis,4129,train2017/000000004129.jpg,941,shawl,shawl,True,0,55,0.05181293189525604,145.2326,448.9242,172.887,462.005,0.0,False,True,0.0,test
lvis:4129:941:285,lvis,4129,train2017/000000004129.jpg,941,shawl,shawl,True,0,56,0.05129433795809746,126.9434,397.7051,140.2121,408.8186,0.0,False,True,0.0,test
lvis:4129:941:285,lvis,4129,train2017/000000004129.jpg,941,shawl,shawl,True,0,57,0.050357233732938766,184.2009,377.181,196.5588,388.9438,0.0,False,True,0.0,test
lvis:4134:389:289,lvis,4134,val2017/000000004134.jpg,389,dragonfly,dragonfly,True,0,0,0.06558271497488022,44.3577,42.764,316.2437,423.4902,0.0,False,True,0.0,test
lvis:4134:389:289,lvis,4134,val2017/000000004134.jpg,389,dragonfly,dragonfly,True,0,1,0.05395013839006424,31.1034,261.9111,47.3171,270.0143,0.0,False,True,0.0,test
lvis:4134:389:289,lvis,4134,val2017/000000004134.jpg,389,dragonfly,dragonfly,True,0,2,0.051122575998306274,320.5927,45.2524,581.022,421.9398,0.0,False,True,0.0,test
lvis:4134:516:290,lvis,4134,val2017/000000004134.jpg,516,griddle,griddle,True,0,0,0.2125948816537857,44.9391,42.3226,315.5596,423.0448,0.0,False,True,9.98792270531401,test
lvis:4134:516:290,lvis,4134,val2017/000000004134.jpg,516,griddle,griddle,True,0,1,0.1616714745759964,323.2861,45.0489,581.4985,422.8475,0.0,False,True,0.0,test
lvis:4134:516:290,lvis,4134,val2017/000000004134.jpg,516,griddle,griddle,True,0,2,0.1369442492723465,2.5377,1.099,637.5867,424.3719,0.0,False,True,0.0,test
lvis:4134:516:290,lvis,4134,val2017/000000004134.jpg,516,griddle,griddle,True,0,3,0.12875735759735107,232.7257,264.6514,280.5749,278.0889,0.0,False,True,0.0,test
lvis:4134:516:290,lvis,4134,val2017/000000004134.jpg,516,griddle,griddle,True,0,4,0.11007142066955566,586.7124,202.2863,617.3953,235.8208,0.0,False,True,0.0,test
lvis:4134:516:290,lvis,4134,val2017/000000004134.jpg,516,griddle,griddle,True,0,5,0.10908918082714081,333.8342,338.7056,458.3347,423.8488,0.0,False,True,0.0,test
lvis:4134:516:290,lvis,4134,val2017/000000004134.jpg,516,griddle,griddle,True,0,6,0.10740650445222855,556.6712,167.1881,572.796,190.0515,0.0,False,True,0.0,test
lvis:4134:516:290,lvis,4134,val2017/000000004134.jpg,516,griddle,griddle,True,0,7,0.10115684568881989,46.6837,42.726,227.2582,422.2949,0.0,False,True,0.0,test
lvis:4134:516:290,lvis,4134,val2017/000000004134.jpg,516,griddle,griddle,True,0,8,0.09591606259346008,7.464,296.0822,49.624,312.9311,0.0,False,True,0.0,test
lvis:4134:516:290,lvis,4134,val2017/000000004134.jpg,516,griddle,griddle,True,0,9,0.08724303543567657,367.7707,102.3913,445.2108,118.8422,0.0,False,True,0.0,test
lvis:4134:516:290,lvis,4134,val2017/000000004134.jpg,516,griddle,griddle,True,0,10,0.08076861500740051,394.9644,190.3823,433.6682,361.3426,0.0,False,True,0.0,test
lvis:4134:516:290,lvis,4134,val2017/000000004134.jpg,516,griddle,griddle,True,0,11,0.07753637433052063,1.4083,248.1319,314.2502,420.1588,0.0,False,True,0.0,test
lvis:4134:516:290,lvis,4134,val2017/000000004134.jpg,516,griddle,griddle,True,0,12,0.07626793533563614,102.3985,154.7097,184.0017,233.5257,0.0,False,True,0.0,test
lvis:4134:516:290,lvis,4134,val2017/000000004134.jpg,516,griddle,griddle,True,0,13,0.07440860569477081,268.0324,276.3691,294.4088,293.1998,0.0,False,True,0.0,test
lvis:4134:516:290,lvis,4134,val2017/000000004134.jpg,516,griddle,griddle,True,0,14,0.07203727960586548,227.5729,202.0497,287.5455,255.5367,0.0,False,True,0.0,test
lvis:4134:516:290,lvis,4134,val2017/000000004134.jpg,516,griddle,griddle,True,0,15,0.06876615434885025,574.3165,106.2491,637.4314,243.6358,0.0,False,True,0.0,test
lvis:4134:516:290,lvis,4134,val2017/000000004134.jpg,516,griddle,griddle,True,0,16,0.06425710022449493,92.8139,42.569,218.1203,413.0867,0.0,False,True,0.0,test
lvis:4134:516:290,lvis,4134,val2017/000000004134.jpg,516,griddle,griddle,True,0,17,0.06424601376056671,17.3422,262.2334,51.3687,272.5712,0.0,False,True,0.0,test
lvis:4134:516:290,lvis,4134,val2017/000000004134.jpg,516,griddle,griddle,True,0,18,0.06279478222131729,16.9444,278.3317,27.5841,286.2509,0.0,False,True,0.0,test
lvis:4134:516:290,lvis,4134,val2017/000000004134.jpg,516,griddle,griddle,True,0,19,0.062263987958431244,232.2135,251.893,308.8727,278.8347,0.0,False,True,0.0,test
lvis:4134:516:290,lvis,4134,val2017/000000004134.jpg,516,griddle,griddle,True,0,20,0.06033371016383171,19.5673,245.7948,36.9512,277.5983,0.0,False,True,0.0,test
lvis:4134:516:290,lvis,4134,val2017/000000004134.jpg,516,griddle,griddle,True,0,21,0.05808485299348831,247.6514,267.6564,265.8624,275.5341,0.0,False,True,0.0,test
lvis:4134:516:290,lvis,4134,val2017/000000004134.jpg,516,griddle,griddle,True,0,22,0.05682339146733284,303.6631,368.396,341.943,423.8705,0.0,False,True,0.0,test
lvis:4134:516:290,lvis,4134,val2017/000000004134.jpg,516,griddle,griddle,True,0,23,0.056367453187704086,31.4912,262.7836,48.2413,270.4969,0.0,False,True,0.0,test
lvis:4134:516:290,lvis,4134,val2017/000000004134.jpg,516,griddle,griddle,True,0,24,0.055906109511852264,232.0728,252.7085,284.07,278.5281,0.0,False,True,0.0,test
lvis:4134:516:290,lvis,4134,val2017/000000004134.jpg,516,griddle,griddle,True,0,25,0.05557122081518173,25.4836,279.0654,50.4039,289.5048,0.0,False,True,0.0,test
lvis:4134:516:290,lvis,4134,val2017/000000004134.jpg,516,griddle,griddle,True,0,26,0.05380816012620926,6.3026,111.4797,71.6047,261.1511,0.0,False,True,0.0,test
lvis:4134:516:290,lvis,4134,val2017/000000004134.jpg,516,griddle,griddle,True,0,27,0.052470240741968155,240.2384,195.2193,250.3854,212.2366,0.0,False,True,0.0,test
lvis:4134:516:290,lvis,4134,val2017/000000004134.jpg,516,griddle,griddle,True,0,28,0.05169620364904404,16.3572,256.0926,55.0211,275.2346,0.0,False,True,0.0,test
lvis:4134:516:290,lvis,4134,val2017/000000004134.jpg,516,griddle,griddle,True,0,29,0.05064990371465683,227.1979,160.0992,240.9811,189.7664,0.0,False,True,0.0,test
lvis:4180:787:292,lvis,4180,train2017/000000004180.jpg,787,pennant,pennant,True,0,0,0.4313421845436096,0.6628,67.5973,154.9597,309.5781,0.0,False,True,9.98792270531401,test
lvis:4180:787:292,lvis,4180,train2017/000000004180.jpg,787,pennant,pennant,True,0,1,0.22262200713157654,503.715,221.3624,610.2157,413.1465,0.0,False,True,9.98792270531401,test
lvis:4180:787:292,lvis,4180,train2017/000000004180.jpg,787,pennant,pennant,True,0,2,0.1792064756155014,286.6778,343.8468,510.1555,442.9862,0.0,False,True,0.0,test
lvis:4180:787:292,lvis,4180,train2017/000000004180.jpg,787,pennant,pennant,True,0,3,0.17496605217456818,95.5796,69.2726,155.6254,268.854,0.0,False,True,0.0,test
lvis:4180:787:292,lvis,4180,train2017/000000004180.jpg,787,pennant,pennant,True,0,4,0.1423862725496292,364.0724,360.2384,416.7027,412.9264,0.0,False,True,0.0,test
lvis:4180:787:292,lvis,4180,train2017/000000004180.jpg,787,pennant,pennant,True,0,5,0.13814623653888702,423.9551,32.5562,547.8263,213.5156,0.0,False,True,0.0,test
lvis:4180:787:292,lvis,4180,train2017/000000004180.jpg,787,pennant,pennant,True,0,6,0.12512154877185822,526.1408,422.2984,638.9548,478.9728,0.0,False,True,0.0,test
lvis:4180:787:292,lvis,4180,train2017/000000004180.jpg,787,pennant,pennant,True,0,7,0.12174049764871597,447.5906,33.3562,545.7179,133.2329,0.0,False,True,0.0,test
lvis:4180:787:292,lvis,4180,train2017/000000004180.jpg,787,pennant,pennant,True,0,8,0.10366226732730865,23.7934,294.6961,186.5361,433.7846,0.0,False,True,0.0,test
lvis:4180:787:292,lvis,4180,train2017/000000004180.jpg,787,pennant,pennant,True,0,9,0.09919705986976624,0.6062,67.6194,127.046,100.6889,0.0,False,True,0.0,test
lvis:4180:787:292,lvis,4180,train2017/000000004180.jpg,787,pennant,pennant,True,0,10,0.09872071444988251,0.5496,74.3916,101.8934,96.7763,0.0,False,True,0.0,test
lvis:4180:787:292,lvis,4180,train2017/000000004180.jpg,787,pennant,pennant,True,0,11,0.0960732251405716,23.5839,213.2112,435.6712,434.9622,0.0,False,True,0.0,test
lvis:4180:787:292,lvis,4180,train2017/000000004180.jpg,787,pennant,pennant,True,0,12,0.0933820977807045,1.2052,254.2397,195.8099,478.1822,0.0,False,True,0.0,test
lvis:4180:787:292,lvis,4180,train2017/000000004180.jpg,787,pennant,pennant,True,0,13,0.09095766395330429,544.0492,0.1821,638.7482,171.5523,0.0,False,True,0.0,test
lvis:4180:787:292,lvis,4180,train2017/000000004180.jpg,787,pennant,pennant,True,0,14,0.08927538245916367,12.055,418.4621,129.2804,479.0636,0.0,False,True,0.0,test
lvis:4180:787:292,lvis,4180,train2017/000000004180.jpg,787,pennant,pennant,True,0,15,0.08926954865455627,364.3461,397.9881,384.2424,412.8015,0.0,False,True,0.0,test
lvis:4180:787:292,lvis,4180,train2017/000000004180.jpg,787,pennant,pennant,True,0,16,0.08708541095256805,1.6221,1.8251,638.1202,477.2561,0.0,False,True,0.0,test
lvis:4180:787:292,lvis,4180,train2017/000000004180.jpg,787,pennant,pennant,True,0,17,0.08413824439048767,117.0589,95.1316,155.5092,267.7992,0.0,False,True,0.0,test
lvis:4180:787:292,lvis,4180,train2017/000000004180.jpg,787,pennant,pennant,True,0,18,0.08354693651199341,0.434,311.523,56.5105,372.6241,0.0,False,True,0.0,test
lvis:4180:787:292,lvis,4180,train2017/000000004180.jpg,787,pennant,pennant,True,0,19,0.0807294175028801,424.0607,0.8707,638.7345,211.6143,0.0,False,True,0.0,test
lvis:4180:787:292,lvis,4180,train2017/000000004180.jpg,787,pennant,pennant,True,0,20,0.07976622134447098,409.0641,353.7261,509.6921,440.6392,0.0,False,True,0.0,test
lvis:4180:787:292,lvis,4180,train2017/000000004180.jpg,787,pennant,pennant,True,0,21,0.07951948046684265,1.6961,67.0916,116.9251,82.5432,0.0,False,True,0.0,test
lvis:4180:787:292,lvis,4180,train2017/000000004180.jpg,787,pennant,pennant,True,0,22,0.07525268197059631,2.5552,221.8983,633.9708,477.862,0.0,False,True,0.0,test
lvis:4180:787:292,lvis,4180,train2017/000000004180.jpg,787,pennant,pennant,True,0,23,0.07153765857219696,0.8169,67.1699,179.4318,477.3303,0.0,False,True,0.0,test
lvis:4180:787:292,lvis,4180,train2017/000000004180.jpg,787,pennant,pennant,True,0,24,0.06610802561044693,447.5137,33.7055,486.7738,120.7554,0.0,False,True,0.0,test
lvis:4180:787:292,lvis,4180,train2017/000000004180.jpg,787,pennant,pennant,True,0,25,0.06530945003032684,93.3401,67.8997,116.6799,77.6079,0.0,False,True,0.0,test
lvis:4180:787:292,lvis,4180,train2017/000000004180.jpg,787,pennant,pennant,True,0,26,0.06469708681106567,158.2287,38.1663,490.7542,444.2336,0.0,False,True,0.0,test
lvis:4180:787:292,lvis,4180,train2017/000000004180.jpg,787,pennant,pennant,True,0,27,0.06349419802427292,0.463,365.5598,40.6728,436.3211,0.0,False,True,0.0,test
lvis:4180:787:292,lvis,4180,train2017/000000004180.jpg,787,pennant,pennant,True,0,28,0.06326919794082642,131.3342,296.982,186.1582,421.4193,0.0,False,True,0.0,test
lvis:4180:787:292,lvis,4180,train2017/000000004180.jpg,787,pennant,pennant,True,0,29,0.06201453506946564,1.0548,242.5917,422.2161,478.0826,0.0,False,True,0.0,test
lvis:4180:787:292,lvis,4180,train2017/000000004180.jpg,787,pennant,pennant,True,0,30,0.058666568249464035,361.9069,349.8925,509.1052,441.515,0.0,False,True,0.0,test
lvis:4180:787:292,lvis,4180,train2017/000000004180.jpg,787,pennant,pennant,True,0,31,0.05818891525268555,138.4237,254.4572,195.8767,303.4943,0.0,False,True,0.0,test
lvis:4180:787:292,lvis,4180,train2017/000000004180.jpg,787,pennant,pennant,True,0,32,0.05687052384018898,423.3661,33.3267,486.7191,214.232,0.0,False,True,0.0,test
lvis:4180:787:292,lvis,4180,train2017/000000004180.jpg,787,pennant,pennant,True,0,33,0.0537499263882637,383.5372,211.9204,436.6412,356.3228,0.0,False,True,0.0,test
lvis:4180:787:292,lvis,4180,train2017/000000004180.jpg,787,pennant,pennant,True,0,34,0.052946146577596664,0.4005,310.6241,56.6334,436.5767,0.0,False,True,0.0,test
lvis:4180:787:292,lvis,4180,train2017/000000004180.jpg,787,pennant,pennant,True,0,35,0.05257276073098183,98.3491,73.0498,127.0913,101.9867,0.0,False,True,0.0,test
lvis:4318:925:296,lvis,4318,train2017/000000004318.jpg,925,scraper,scraper,True,0,0,0.3618299067020416,408.0304,26.7658,498.6413,325.7598,0.0,False,True,9.98792270531401,test
lvis:4318:925:296,lvis,4318,train2017/000000004318.jpg,925,scraper,scraper,True,0,1,0.28578945994377136,318.8853,2.7606,501.4006,326.4644,0.0,False,True,9.98792270531401,test
lvis:4318:925:296,lvis,4318,train2017/000000004318.jpg,925,scraper,scraper,True,0,2,0.12968674302101135,317.9639,10.3818,422.9966,66.534,0.0,False,True,0.0,test
lvis:4318:925:296,lvis,4318,train2017/000000004318.jpg,925,scraper,scraper,True,0,3,0.11976692825555801,0.7452,27.6386,48.105,278.0185,0.0,False,True,0.0,test
lvis:4318:925:296,lvis,4318,train2017/000000004318.jpg,925,scraper,scraper,True,0,4,0.11555294692516327,42.3922,27.4644,196.4142,148.5706,0.0,False,True,0.0,test
lvis:4318:925:296,lvis,4318,train2017/000000004318.jpg,925,scraper,scraper,True,0,5,0.11528539657592773,414.5569,0.3751,486.4552,35.072,0.0,False,True,0.0,test
lvis:4318:925:296,lvis,4318,train2017/000000004318.jpg,925,scraper,scraper,True,0,6,0.10019689053297043,366.1787,4.6099,543.1176,336.505,0.0,False,True,0.0,test
lvis:4318:925:296,lvis,4318,train2017/000000004318.jpg,925,scraper,scraper,True,0,7,0.09785456210374832,212.3695,177.372,405.0943,343.1485,0.0,False,True,0.0,test
lvis:4318:925:296,lvis,4318,train2017/000000004318.jpg,925,scraper,scraper,True,0,8,0.09496846050024033,276.5098,256.7473,396.4393,364.8419,0.0,False,True,0.0,test
lvis:4318:925:296,lvis,4318,train2017/000000004318.jpg,925,scraper,scraper,True,0,9,0.08189558237791061,39.833,27.5588,197.3732,251.5039,0.0,False,True,0.0,test
lvis:4318:925:296,lvis,4318,train2017/000000004318.jpg,925,scraper,scraper,True,0,10,0.08179985731840134,148.898,0.3098,192.6971,39.9515,0.0,False,True,0.0,test
lvis:4318:925:296,lvis,4318,train2017/000000004318.jpg,925,scraper,scraper,True,0,11,0.07147803902626038,3.6682,6.1743,506.3602,340.2901,0.0,False,True,0.0,test
lvis:4318:925:296,lvis,4318,train2017/000000004318.jpg,925,scraper,scraper,True,0,12,0.06930939853191376,317.7196,1.7196,624.2986,327.7801,0.0,False,True,0.0,test
lvis:4318:925:296,lvis,4318,train2017/000000004318.jpg,925,scraper,scraper,True,0,13,0.06727010011672974,221.8816,5.3379,293.4386,52.4114,0.0,False,True,0.0,test
lvis:4318:925:296,lvis,4318,train2017/000000004318.jpg,925,scraper,scraper,True,0,14,0.06553635001182556,68.9937,186.8679,223.5423,335.744,0.0,False,True,0.0,test
lvis:4318:925:296,lvis,4318,train2017/000000004318.jpg,925,scraper,scraper,True,0,15,0.06248460337519646,265.6011,0.2567,314.9687,22.1129,0.0,False,True,0.0,test
lvis:4318:925:296,lvis,4318,train2017/000000004318.jpg,925,scraper,scraper,True,0,16,0.0618872232735157,4.9501,125.466,412.217,332.3487,0.0,False,True,0.0,test
lvis:4318:925:296,lvis,4318,train2017/000000004318.jpg,925,scraper,scraper,True,0,17,0.0575476698577404,317.6269,0.6232,492.1159,66.3912,0.0,False,True,0.0,test
lvis:4318:925:296,lvis,4318,train2017/000000004318.jpg,925,scraper,scraper,True,0,18,0.055823780596256256,0.892,28.4166,46.8937,204.3938,0.0,False,True,0.0,test
lvis:4318:925:296,lvis,4318,train2017/000000004318.jpg,925,scraper,scraper,True,0,19,0.05192825198173523,0.7547,0.2859,41.4837,34.3486,0.0,False,True,0.0,test
lvis:4377:281:298,lvis,4377,train2017/000000004377.jpg,281,cockroach,cockroach,True,0,0,0.36578860878944397,389.8076,51.5942,481.5611,289.7713,0.0,False,True,9.98792270531401,test
lvis:4377:281:298,lvis,4377,train2017/000000004377.jpg,281,cockroach,cockroach,True,0,1,0.30790403485298157,152.6965,56.5249,299.6783,367.891,0.0,False,True,9.98792270531401,test
lvis:4377:281:298,lvis,4377,train2017/000000004377.jpg,281,cockroach,cockroach,True,0,2,0.25856536626815796,283.1546,310.2437,297.8648,324.705,0.0,False,True,9.98792270531401,test
lvis:4377:281:298,lvis,4377,train2017/000000004377.jpg,281,cockroach,cockroach,True,0,3,0.21199126541614532,526.0119,281.1073,560.4832,297.2719,0.0,False,True,9.98792270531401,test
lvis:4377:281:298,lvis,4377,train2017/000000004377.jpg,281,cockroach,cockroach,True,0,4,0.16800346970558167,542.5616,18.0685,639.0624,374.3365,0.0,False,True,0.0,test
lvis:4377:281:298,lvis,4377,train2017/000000004377.jpg,281,cockroach,cockroach,True,0,5,0.16799911856651306,416.0477,52.083,453.7478,76.5477,0.0,False,True,0.0,test
lvis:4377:281:298,lvis,4377,train2017/000000004377.jpg,281,cockroach,cockroach,True,0,6,0.1575683355331421,249.2405,237.1438,291.475,362.3361,0.0,False,True,0.0,test
lvis:4377:281:298,lvis,4377,train2017/000000004377.jpg,281,cockroach,cockroach,True,0,7,0.14838071167469025,425.2137,52.3694,453.1583,70.0101,0.0,False,True,0.0,test
lvis:4377:281:298,lvis,4377,train2017/000000004377.jpg,281,cockroach,cockroach,True,0,8,0.14281031489372253,573.5878,31.4062,598.4223,59.567,0.0,False,True,0.0,test
lvis:4377:281:298,lvis,4377,train2017/000000004377.jpg,281,cockroach,cockroach,True,0,9,0.13886961340904236,525.8378,269.1223,563.1355,298.1575,0.0,False,True,0.0,test
lvis:4377:281:298,lvis,4377,train2017/000000004377.jpg,281,cockroach,cockroach,True,0,10,0.11628646403551102,424.7416,108.1828,457.6772,149.0748,0.0,False,True,0.0,test
lvis:4377:281:298,lvis,4377,train2017/000000004377.jpg,281,cockroach,cockroach,True,0,11,0.10934779047966003,240.7186,56.969,298.5411,101.3664,0.0,False,True,0.0,test
lvis:4377:281:298,lvis,4377,train2017/000000004377.jpg,281,cockroach,cockroach,True,0,12,0.10650404542684555,425.9714,108.735,457.7399,125.8226,0.0,False,True,0.0,test
lvis:4377:281:298,lvis,4377,train2017/000000004377.jpg,281,cockroach,cockroach,True,0,13,0.10141605883836746,52.3214,71.8595,120.1605,94.4049,0.0,False,True,0.0,test
lvis:4377:281:298,lvis,4377,train2017/000000004377.jpg,281,cockroach,cockroach,True,0,14,0.0920148566365242,390.4944,149.808,428.9905,290.4834,0.0,False,True,0.0,test
lvis:4377:281:298,lvis,4377,train2017/000000004377.jpg,281,cockroach,cockroach,True,0,15,0.0851830542087555,277.4916,303.9939,304.984,332.1574,0.0,False,True,0.0,test
lvis:4377:281:298,lvis,4377,train2017/000000004377.jpg,281,cockroach,cockroach,True,0,16,0.07838930189609528,268.5548,328.8599,291.5772,361.7046,0.0,False,True,0.0,test
lvis:4377:281:298,lvis,4377,train2017/000000004377.jpg,281,cockroach,cockroach,True,0,17,0.0735049843788147,126.9862,300.5707,154.6454,359.3532,0.0,False,True,0.0,test
lvis:4377:281:298,lvis,4377,train2017/000000004377.jpg,281,cockroach,cockroach,True,0,18,0.06637852638959885,481.9659,51.2068,586.4242,93.3646,0.0,False,True,0.0,test
lvis:4377:281:298,lvis,4377,train2017/000000004377.jpg,281,cockroach,cockroach,True,0,19,0.06515809148550034,522.2756,260.6649,567.7619,301.6072,0.0,False,True,0.0,test
lvis:4377:281:298,lvis,4377,train2017/000000004377.jpg,281,cockroach,cockroach,True,0,20,0.06495310366153717,150.3465,47.4946,482.607,367.5384,0.0,False,True,0.0,test
lvis:4377:281:298,lvis,4377,train2017/000000004377.jpg,281,cockroach,cockroach,True,0,21,0.06259873509407043,1.2983,69.1606,207.7373,107.1416,0.0,False,True,0.0,test
lvis:4377:281:298,lvis,4377,train2017/000000004377.jpg,281,cockroach,cockroach,True,0,22,0.061773646622896194,4.2355,13.003,636.2272,371.2693,0.0,False,True,0.0,test
lvis:4377:281:298,lvis,4377,train2017/000000004377.jpg,281,cockroach,cockroach,True,0,23,0.06132389232516289,390.4721,113.2004,439.1418,290.4309,0.0,False,True,0.0,test
lvis:4377:281:298,lvis,4377,train2017/000000004377.jpg,281,cockroach,cockroach,True,0,24,0.0599764809012413,525.4921,263.745,564.3483,374.7191,0.0,False,True,0.0,test
lvis:4377:281:298,lvis,4377,train2017/000000004377.jpg,281,cockroach,cockroach,True,0,25,0.0594831220805645,519.4146,61.128,551.9764,87.0443,0.0,False,True,0.0,test
lvis:4377:281:298,lvis,4377,train2017/000000004377.jpg,281,cockroach,cockroach,True,0,26,0.059482794255018234,249.8018,237.5416,281.1433,342.9107,0.0,False,True,0.0,test
lvis:4377:281:298,lvis,4377,train2017/000000004377.jpg,281,cockroach,cockroach,True,0,27,0.05913190916180611,299.498,76.2997,338.6632,87.4814,0.0,False,True,0.0,test
lvis:4377:281:298,lvis,4377,train2017/000000004377.jpg,281,cockroach,cockroach,True,0,28,0.058698464184999466,526.2531,282.1091,538.8112,295.807,0.0,False,True,0.0,test
lvis:4377:281:298,lvis,4377,train2017/000000004377.jpg,281,cockroach,cockroach,True,0,29,0.05850539356470108,360.7515,42.123,511.562,310.1956,0.0,False,True,0.0,test
lvis:4377:281:298,lvis,4377,train2017/000000004377.jpg,281,cockroach,cockroach,True,0,30,0.05846988037228584,575.9946,18.6363,638.9127,188.0177,0.0,False,True,0.0,test
lvis:4377:281:298,lvis,4377,train2017/000000004377.jpg,281,cockroach,cockroach,True,0,31,0.05286216363310814,308.9439,33.4402,394.6617,83.3298,0.0,False,True,0.0,test
lvis:4377:281:298,lvis,4377,train2017/000000004377.jpg,281,cockroach,cockroach,True,0,32,0.052620675414800644,348.8624,5.5626,436.6017,30.6226,0.0,False,True,0.0,test
lvis:4395:374:300,lvis,4395,val2017/000000004395.jpg,374,dishwasher_detergent,dishwasher_detergent,True,0,0,0.3084413707256317,174.7308,269.7292,276.7512,638.2023,0.0,False,True,9.98792270531401,test
lvis:4395:374:300,lvis,4395,val2017/000000004395.jpg,374,dishwasher_detergent,dishwasher_detergent,True,0,1,0.2971358597278595,1.4218,1.5534,423.4602,638.0746,0.0,False,True,9.98792270531401,test
lvis:4395:374:300,lvis,4395,val2017/000000004395.jpg,374,dishwasher_detergent,dishwasher_detergent,True,0,2,0.15173949301242828,325.254,397.6053,424.0347,638.7642,0.0,False,True,0.0,test
lvis:4395:374:300,lvis,4395,val2017/000000004395.jpg,374,dishwasher_detergent,dishwasher_detergent,True,0,3,0.11821440607309341,365.4837,395.0705,424.1281,638.0973,0.0,False,True,0.0,test
lvis:4395:374:300,lvis,4395,val2017/000000004395.jpg,374,dishwasher_detergent,dishwasher_detergent,True,0,4,0.10820823907852173,360.713,406.2976,406.6726,548.2212,0.0,False,True,0.0,test
lvis:4395:374:300,lvis,4395,val2017/000000004395.jpg,374,dishwasher_detergent,dishwasher_detergent,True,0,5,0.10538065433502197,363.8677,404.0009,422.3512,548.532,0.0,False,True,0.0,test
lvis:4395:374:300,lvis,4395,val2017/000000004395.jpg,374,dishwasher_detergent,dishwasher_detergent,True,0,6,0.10265081375837326,381.0591,406.6239,403.403,428.8304,0.0,False,True,0.0,test
lvis:4395:374:300,lvis,4395,val2017/000000004395.jpg,374,dishwasher_detergent,dishwasher_detergent,True,0,7,0.10202638804912567,0.4843,228.7149,64.8827,278.5585,0.0,False,True,0.0,test
lvis:4395:374:300,lvis,4395,val2017/000000004395.jpg,374,dishwasher_detergent,dishwasher_detergent,True,0,8,0.09912610054016113,332.4807,402.1913,421.6413,551.1823,0.0,False,True,0.0,test
lvis:4395:374:300,lvis,4395,val2017/000000004395.jpg,374,dishwasher_detergent,dishwasher_detergent,True,0,9,0.08790165185928345,1.953,199.1271,421.9351,637.3951,0.0,False,True,0.0,test
lvis:4395:374:300,lvis,4395,val2017/000000004395.jpg,374,dishwasher_detergent,dishwasher_detergent,True,0,10,0.07578884065151215,151.1404,259.3085,301.5809,638.0743,0.0,False,True,0.0,test
lvis:4395:374:300,lvis,4395,val2017/000000004395.jpg,374,dishwasher_detergent,dishwasher_detergent,True,0,11,0.07234812527894974,376.8052,406.6151,405.4026,497.0094,0.0,False,True,0.0,test
lvis:4395:374:300,lvis,4395,val2017/000000004395.jpg,374,dishwasher_detergent,dishwasher_detergent,True,0,12,0.07017578184604645,380.1277,392.9306,424.1769,429.5972,0.0,False,True,0.0,test
lvis:4395:374:300,lvis,4395,val2017/000000004395.jpg,374,dishwasher_detergent,dishwasher_detergent,True,0,13,0.061965201050043106,376.2621,393.6053,423.8355,500.6424,0.0,False,True,0.0,test
lvis:4395:374:300,lvis,4395,val2017/000000004395.jpg,374,dishwasher_detergent,dishwasher_detergent,True,0,14,0.06166840344667435,0.7246,0.6408,123.3301,279.0343,0.0,False,True,0.0,test
lvis:4395:374:300,lvis,4395,val2017/000000004395.jpg,374,dishwasher_detergent,dishwasher_detergent,True,0,15,0.05947606638073921,364.7799,533.1752,423.8899,638.4506,0.0,False,True,0.0,test
lvis:4395:374:300,lvis,4395,val2017/000000004395.jpg,374,dishwasher_detergent,dishwasher_detergent,True,0,16,0.0583283007144928,404.5221,392.3349,424.4123,421.1696,0.0,False,True,0.0,test
lvis:4410:597:303,lvis,4410,train2017/000000004410.jpg,597,jewel,jewel,True,0,0,0.31350433826446533,28.7173,209.049,523.5424,311.1236,0.0,False,True,9.98792270531401,test
lvis:4410:597:303,lvis,4410,train2017/000000004410.jpg,597,jewel,jewel,True,0,1,0.30304470658302307,41.9,363.5211,93.7043,388.4225,0.0,False,True,9.98792270531401,test
lvis:4410:597:303,lvis,4410,train2017/000000004410.jpg,597,jewel,jewel,True,0,2,0.2551446855068207,199.5941,407.2542,222.408,437.5111,0.0,False,True,9.98792270531401,test
lvis:4410:597:303,lvis,4410,train2017/000000004410.jpg,597,jewel,jewel,True,0,3,0.23709267377853394,114.4964,152.6672,242.0768,188.5882,0.0,False,True,9.98792270531401,test
lvis:4410:597:303,lvis,4410,train2017/000000004410.jpg,597,jewel,jewel,True,0,4,0.19255796074867249,198.292,390.5364,223.7049,439.4713,0.0,False,True,0.0,test
lvis:4410:597:303,lvis,4410,train2017/000000004410.jpg,597,jewel,jewel,True,0,5,0.17106787860393524,223.3747,153.4307,241.3476,187.5265,0.0,False,True,0.0,test
lvis:4410:597:303,lvis,4410,train2017/000000004410.jpg,597,jewel,jewel,True,0,6,0.148670494556427,203.3409,167.04,220.5814,187.3267,0.0,False,True,0.0,test
lvis:4410:597:303,lvis,4410,train2017/000000004410.jpg,597,jewel,jewel,True,0,7,0.12436244636774063,114.4275,164.7582,132.8601,187.4044,0.0,False,True,0.0,test
lvis:4410:597:303,lvis,4410,train2017/000000004410.jpg,597,jewel,jewel,True,0,8,0.12384745478630066,14.4405,171.388,644.1266,310.1449,0.0,False,True,0.0,test
lvis:4410:597:303,lvis,4410,train2017/000000004410.jpg,597,jewel,jewel,True,0,9,0.11946507543325424,173.936,158.3857,199.2173,187.0821,0.0,False,True,0.0,test
lvis:4410:597:303,lvis,4410,train2017/000000004410.jpg,597,jewel,jewel,True,0,10,0.11898083984851837,187.0473,384.8923,235.4808,449.457,0.0,False,True,0.0,test
lvis:4410:597:303,lvis,4410,train2017/000000004410.jpg,597,jewel,jewel,True,0,11,0.11216182261705399,172.2612,166.6158,188.9165,187.2339,0.0,False,True,0.0,test
lvis:4410:597:303,lvis,4410,train2017/000000004410.jpg,597,jewel,jewel,True,0,12,0.11170454323291779,187.2947,161.9957,205.3049,186.6828,0.0,False,True,0.0,test
lvis:4410:597:303,lvis,4410,train2017/000000004410.jpg,597,jewel,jewel,True,0,13,0.10889321565628052,114.2806,113.5628,242.6849,189.1288,0.0,False,True,0.0,test
lvis:4410:597:303,lvis,4410,train2017/000000004410.jpg,597,jewel,jewel,True,0,14,0.10300334542989731,32.7685,353.3506,103.9371,400.1454,0.0,False,True,0.0,test
lvis:4410:597:303,lvis,4410,train2017/000000004410.jpg,597,jewel,jewel,True,0,15,0.10120709240436554,144.0732,113.5361,174.8524,174.1104,0.0,False,True,0.0,test
lvis:4410:597:303,lvis,4410,train2017/000000004410.jpg,597,jewel,jewel,True,0,16,0.09844007343053818,29.6808,127.5602,526.189,319.0677,0.0,False,True,0.0,test
lvis:4410:597:303,lvis,4410,train2017/000000004410.jpg,597,jewel,jewel,True,0,17,0.09744249284267426,337.2094,193.6019,349.7545,201.5255,0.0,False,True,0.0,test
lvis:4410:597:303,lvis,4410,train2017/000000004410.jpg,597,jewel,jewel,True,0,18,0.09071621298789978,198.2984,319.3386,223.5912,441.3499,0.0,False,True,0.0,test
lvis:4410:597:303,lvis,4410,train2017/000000004410.jpg,597,jewel,jewel,True,0,19,0.08915333449840546,420.1261,227.1747,431.7816,250.7066,0.0,False,True,0.0,test
lvis:4410:597:303,lvis,4410,train2017/000000004410.jpg,597,jewel,jewel,True,0,20,0.08606867492198944,123.0865,164.8862,140.6242,186.7156,0.0,False,True,0.0,test
lvis:4410:597:303,lvis,4410,train2017/000000004410.jpg,597,jewel,jewel,True,0,21,0.08372059464454651,35.6914,320.5523,94.7782,390.427,0.0,False,True,0.0,test
lvis:4410:597:303,lvis,4410,train2017/000000004410.jpg,597,jewel,jewel,True,0,22,0.08147915452718735,223.5883,167.6897,240.2363,187.3496,0.0,False,True,0.0,test
lvis:4410:597:303,lvis,4410,train2017/000000004410.jpg,597,jewel,jewel,True,0,23,0.08095240592956543,160.4202,150.1035,173.6167,184.8571,0.0,False,True,0.0,test
lvis:4410:597:303,lvis,4410,train2017/000000004410.jpg,597,jewel,jewel,True,0,24,0.08070416748523712,198.5686,406.4108,223.6952,448.6606,0.0,False,True,0.0,test
lvis:4410:597:303,lvis,4410,train2017/000000004410.jpg,597,jewel,jewel,True,0,25,0.08022730052471161,115.052,151.748,243.5847,242.8169,0.0,False,True,0.0,test
lvis:4410:597:303,lvis,4410,train2017/000000004410.jpg,597,jewel,jewel,True,0,26,0.0751744955778122,144.0016,171.3242,156.9442,187.6467,0.0,False,True,0.0,test
lvis:4410:597:303,lvis,4410,train2017/000000004410.jpg,597,jewel,jewel,True,0,27,0.07236262410879135,116.7161,172.3437,520.6037,310.008,0.0,False,True,0.0,test
lvis:4410:597:303,lvis,4410,train2017/000000004410.jpg,597,jewel,jewel,True,0,28,0.07235033065080643,138.7563,385.2938,225.5569,448.0061,0.0,False,True,0.0,test
lvis:4410:597:303,lvis,4410,train2017/000000004410.jpg,597,jewel,jewel,True,0,29,0.07173163443803787,126.7454,155.369,156.2458,186.8894,0.0,False,True,0.0,test
lvis:4410:597:303,lvis,4410,train2017/000000004410.jpg,597,jewel,jewel,True,0,30,0.06710276007652283,34.5642,139.2501,560.6772,367.1918,0.0,False,True,0.0,test
lvis:4410:597:303,lvis,4410,train2017/000000004410.jpg,597,jewel,jewel,True,0,31,0.06535344570875168,200.5755,319.7899,222.4845,393.5581,0.0,False,True,0.0,test
lvis:4410:597:303,lvis,4410,train2017/000000004410.jpg,597,jewel,jewel,True,0,32,0.06512954831123352,237.3386,171.0679,445.4598,218.7961,0.0,False,True,0.0,test
lvis:4410:597:303,lvis,4410,train2017/000000004410.jpg,597,jewel,jewel,True,0,33,0.06426019966602325,26.9501,163.5215,635.3205,471.173,0.0,False,True,0.0,test
lvis:4410:597:303,lvis,4410,train2017/000000004410.jpg,597,jewel,jewel,True,0,34,0.05760594457387924,173.5132,158.4182,222.179,187.5085,0.0,False,True,0.0,test
lvis:4410:597:303,lvis,4410,train2017/000000004410.jpg,597,jewel,jewel,True,0,35,0.057361334562301636,173.3148,154.0137,241.8259,188.0634,0.0,False,True,0.0,test
lvis:4410:597:303,lvis,4410,train2017/000000004410.jpg,597,jewel,jewel,True,0,36,0.05683061480522156,34.9352,292.4823,637.7171,475.0095,0.0,False,True,0.0,test
lvis:4410:597:303,lvis,4410,train2017/000000004410.jpg,597,jewel,jewel,True,0,37,0.05675487965345383,511.8738,176.3629,638.833,296.7057,0.0,False,True,0.0,test
lvis:4410:597:303,lvis,4410,train2017/000000004410.jpg,597,jewel,jewel,True,0,38,0.05652999505400658,3.5806,3.0026,637.7444,474.8842,0.0,False,True,0.0,test
lvis:4410:597:303,lvis,4410,train2017/000000004410.jpg,597,jewel,jewel,True,0,39,0.056347232311964035,175.2636,158.3477,187.62,170.2355,0.0,False,True,0.0,test
lvis:4410:597:303,lvis,4410,train2017/000000004410.jpg,597,jewel,jewel,True,0,40,0.0560728944838047,114.5163,155.0965,158.4068,187.762,0.0,False,True,0.0,test
lvis:4410:597:303,lvis,4410,train2017/000000004410.jpg,597,jewel,jewel,True,0,41,0.05557242035865784,457.9746,271.2778,498.9228,291.4851,0.0,False,True,0.0,test
lvis:4410:597:303,lvis,4410,train2017/000000004410.jpg,597,jewel,jewel,True,0,42,0.05497228354215622,127.2181,158.2169,135.8625,169.6938,0.0,False,True,0.0,test
lvis:4410:597:303,lvis,4410,train2017/000000004410.jpg,597,jewel,jewel,True,0,43,0.05491538345813751,458.8694,272.3225,469.6488,283.0795,0.0,False,True,0.0,test
lvis:4410:597:303,lvis,4410,train2017/000000004410.jpg,597,jewel,jewel,True,0,44,0.054634373635053635,184.3,316.4389,238.621,450.6542,0.0,False,True,0.0,test
lvis:4410:597:303,lvis,4410,train2017/000000004410.jpg,597,jewel,jewel,True,0,45,0.05355780944228172,30.2558,243.859,94.2254,389.2284,0.0,False,True,0.0,test
lvis:4410:597:303,lvis,4410,train2017/000000004410.jpg,597,jewel,jewel,True,0,46,0.05304868519306183,201.756,422.4922,213.3982,437.1381,0.0,False,True,0.0,test
lvis:4410:597:303,lvis,4410,train2017/000000004410.jpg,597,jewel,jewel,True,0,47,0.05257439985871315,46.9703,205.8448,80.5873,269.5054,0.0,False,True,0.0,test
lvis:4410:597:303,lvis,4410,train2017/000000004410.jpg,597,jewel,jewel,True,0,48,0.05256485193967819,329.8235,460.7987,341.8964,476.928,0.0,False,True,0.0,test
lvis:4410:597:303,lvis,4410,train2017/000000004410.jpg,597,jewel,jewel,True,0,49,0.0524558462202549,120.9377,181.3262,241.4601,243.2358,0.0,False,True,0.0,test
lvis:4410:597:303,lvis,4410,train2017/000000004410.jpg,597,jewel,jewel,True,0,50,0.051971904933452606,229.8466,153.3601,239.7189,172.1297,0.0,False,True,0.0,test
lvis:4410:597:303,lvis,4410,train2017/000000004410.jpg,597,jewel,jewel,True,0,51,0.0516190305352211,67.974,325.4642,85.9953,352.1836,0.0,False,True,0.0,test
lvis:4410:597:303,lvis,4410,train2017/000000004410.jpg,597,jewel,jewel,True,0,52,0.051461923867464066,34.405,186.4988,97.6263,389.4142,0.0,False,True,0.0,test
lvis:4410:597:303,lvis,4410,train2017/000000004410.jpg,597,jewel,jewel,True,0,53,0.05071144551038742,146.3902,159.8362,159.6443,185.8513,0.0,False,True,0.0,test
lvis:4424:543:304,lvis,4424,train2017/000000004424.jpg,543,harmonium,harmonium,True,0,0,0.5282625555992126,286.2904,239.8049,387.2564,413.4546,0.0,False,True,9.98792270531401,test
lvis:4424:543:304,lvis,4424,train2017/000000004424.jpg,543,harmonium,harmonium,True,0,1,0.37808266282081604,48.8353,331.8028,232.3615,580.971,0.0,False,True,9.98792270531401,test
lvis:4424:543:304,lvis,4424,train2017/000000004424.jpg,543,harmonium,harmonium,True,0,2,0.19694660604000092,10.8401,24.8834,401.1047,631.8759,0.0,False,True,9.98792270531401,test
lvis:4424:543:304,lvis,4424,train2017/000000004424.jpg,543,harmonium,harmonium,True,0,3,0.08741748332977295,43.4825,238.9175,389.443,583.6523,0.0,False,True,0.0,test
lvis:4424:543:304,lvis,4424,train2017/000000004424.jpg,543,harmonium,harmonium,True,0,4,0.07717049866914749,381.7638,136.6848,436.9739,480.0632,0.0,False,True,0.0,test
lvis:4424:543:304,lvis,4424,train2017/000000004424.jpg,543,harmonium,harmonium,True,0,5,0.07455400377511978,50.6329,360.0373,179.5208,518.4651,0.0,False,True,0.0,test
lvis:4424:543:304,lvis,4424,train2017/000000004424.jpg,543,harmonium,harmonium,True,0,6,0.07375279068946838,233.8812,481.6211,308.296,560.2545,0.0,False,True,0.0,test
lvis:4424:543:304,lvis,4424,train2017/000000004424.jpg,543,harmonium,harmonium,True,0,7,0.06307338923215866,99.5237,145.9392,276.321,231.2902,0.0,False,True,0.0,test
lvis:4424:543:304,lvis,4424,train2017/000000004424.jpg,543,harmonium,harmonium,True,0,8,0.06138354167342186,26.2929,156.2485,127.3917,301.711,0.0,False,True,0.0,test
lvis:4424:543:304,lvis,4424,train2017/000000004424.jpg,543,harmonium,harmonium,True,0,9,0.05131658539175987,44.8511,328.4236,389.4128,635.3977,0.0,False,True,0.0,test
lvis:4426:1145:307,lvis,4426,train2017/000000004426.jpg,1145,violin,violin,True,0,0,0.09171316027641296,186.3212,235.66,304.653,476.8919,0.0,False,True,0.0,test
lvis:4463:1118:308,lvis,4463,train2017/000000004463.jpg,1118,trench_coat,trench_coat,True,0,0,0.38460594415664673,232.6089,125.7193,638.6161,448.4394,0.0,False,True,9.98792270531401,test
lvis:4463:1118:308,lvis,4463,train2017/000000004463.jpg,1118,trench_coat,trench_coat,True,0,1,0.33595481514930725,342.6718,193.822,560.1377,445.8595,0.0,False,True,9.98792270531401,test
lvis:4463:1118:308,lvis,4463,train2017/000000004463.jpg,1118,trench_coat,trench_coat,True,0,2,0.29284000396728516,145.4579,63.0576,638.5069,458.3886,0.0,False,True,9.98792270531401,test
lvis:4463:1118:308,lvis,4463,train2017/000000004463.jpg,1118,trench_coat,trench_coat,True,0,3,0.1344093531370163,214.0993,144.6864,298.4189,186.5265,0.0,False,True,0.0,test
lvis:4463:1118:308,lvis,4463,train2017/000000004463.jpg,1118,trench_coat,trench_coat,True,0,4,0.12655217945575714,309.726,165.9141,591.8234,444.8681,0.0,False,True,0.0,test
lvis:4463:1118:308,lvis,4463,train2017/000000004463.jpg,1118,trench_coat,trench_coat,True,0,5,0.11184228211641312,447.6512,217.9786,530.234,271.0191,0.0,False,True,0.0,test
lvis:4463:1118:308,lvis,4463,train2017/000000004463.jpg,1118,trench_coat,trench_coat,True,0,6,0.09618262201547623,0.4998,268.953,119.0699,391.7388,0.0,False,True,0.0,test
lvis:4463:1118:308,lvis,4463,train2017/000000004463.jpg,1118,trench_coat,trench_coat,True,0,7,0.0884850025177002,262.2652,93.1723,367.4298,167.3858,0.0,False,True,0.0,test
lvis:4463:1118:308,lvis,4463,train2017/000000004463.jpg,1118,trench_coat,trench_coat,True,0,8,0.08450643718242645,214.2676,159.5833,298.2929,186.1797,0.0,False,True,0.0,test
lvis:4463:1118:308,lvis,4463,train2017/000000004463.jpg,1118,trench_coat,trench_coat,True,0,9,0.08259212225675583,572.1341,347.9434,638.8656,446.6401,0.0,False,True,0.0,test
lvis:4463:1118:308,lvis,4463,train2017/000000004463.jpg,1118,trench_coat,trench_coat,True,0,10,0.08195764571428299,91.2317,350.3301,160.5928,399.9418,0.0,False,True,0.0,test
lvis:4463:1118:308,lvis,4463,train2017/000000004463.jpg,1118,trench_coat,trench_coat,True,0,11,0.07876590639352798,282.3578,99.9341,329.0045,165.7423,0.0,False,True,0.0,test
lvis:4463:1118:308,lvis,4463,train2017/000000004463.jpg,1118,trench_coat,trench_coat,True,0,12,0.07029615342617035,262.7502,93.5855,329.9241,165.5451,0.0,False,True,0.0,test
lvis:4463:1118:308,lvis,4463,train2017/000000004463.jpg,1118,trench_coat,trench_coat,True,0,13,0.06920912116765976,27.4145,153.7572,177.9677,328.5974,0.0,False,True,0.0,test
lvis:4463:1118:308,lvis,4463,train2017/000000004463.jpg,1118,trench_coat,trench_coat,True,0,14,0.062061648815870285,0.3917,201.6784,40.6937,291.5764,0.0,False,True,0.0,test
lvis:4463:1118:308,lvis,4463,train2017/000000004463.jpg,1118,trench_coat,trench_coat,True,0,15,0.053643327206373215,233.7874,126.0705,636.0598,343.5799,0.0,False,True,0.0,test
lvis:4463:1118:308,lvis,4463,train2017/000000004463.jpg,1118,trench_coat,trench_coat,True,0,16,0.05008724331855774,124.3232,135.4623,160.7818,168.2726,0.0,False,True,0.0,test
lvis:4495:313:310,lvis,4495,val2017/000000004495.jpg,313,cornmeal,cornmeal,True,0,0,0.08763918280601501,201.9483,198.719,497.2426,374.2704,0.0,False,True,0.0,test
lvis:4495:313:310,lvis,4495,val2017/000000004495.jpg,313,cornmeal,cornmeal,True,0,1,0.06278371065855026,0.6102,21.2053,102.985,167.6166,0.0,False,True,0.0,test
lvis:4535:21:312,lvis,4535,train2017/000000004535.jpg,21,armor,armor,False,4,0,0.29993611574172974,285.4938,51.5646,368.1609,197.2846,0.2913156747817993,False,True,9.98792270531401,test
lvis:4535:21:312,lvis,4535,train2017/000000004535.jpg,21,armor,armor,False,4,1,0.2991282343864441,198.507,100.428,336.4478,369.1552,0.04267248883843422,False,True,9.98792270531401,test
lvis:4535:21:312,lvis,4535,train2017/000000004535.jpg,21,armor,armor,False,4,2,0.27645763754844666,311.0743,74.9329,479.1162,377.4193,0.07691332697868347,False,True,9.98792270531401,test
lvis:4535:21:312,lvis,4535,train2017/000000004535.jpg,21,armor,armor,False,4,3,0.26901811361312866,198.3262,56.4083,486.3434,375.3938,0.04255353659391403,False,True,9.98792270531401,test
lvis:4535:21:312,lvis,4535,train2017/000000004535.jpg,21,armor,armor,False,4,4,0.2627769410610199,367.522,75.1143,474.2133,303.0474,0.16076409816741943,False,True,9.98792270531401,test
lvis:4535:21:312,lvis,4535,train2017/000000004535.jpg,21,armor,armor,False,4,5,0.26233384013175964,311.2007,121.3217,434.537,377.761,0.05116066709160805,False,True,9.98792270531401,test
lvis:4535:21:312,lvis,4535,train2017/000000004535.jpg,21,armor,armor,False,4,6,0.19267496466636658,198.2213,52.3611,368.5672,368.7654,0.06510905921459198,False,True,0.0,test
lvis:4535:21:312,lvis,4535,train2017/000000004535.jpg,21,armor,armor,False,4,7,0.17880697548389435,369.3689,75.1716,439.4455,303.0501,0.24482105672359467,False,True,0.0,test
lvis:4535:21:312,lvis,4535,train2017/000000004535.jpg,21,armor,armor,False,4,8,0.15979483723640442,87.8079,223.9084,184.4374,334.7614,0.0,False,True,0.0,test
lvis:4535:21:312,lvis,4535,train2017/000000004535.jpg,21,armor,armor,False,4,9,0.13785292208194733,322.6983,75.3278,475.1584,305.2693,0.11151973903179169,False,True,0.0,test
lvis:4535:21:312,lvis,4535,train2017/000000004535.jpg,21,armor,armor,False,4,10,0.1377885341644287,370.7514,75.147,436.3083,193.6953,0.5030497908592224,True,False,0.0,test
lvis:4535:21:312,lvis,4535,train2017/000000004535.jpg,21,armor,armor,False,4,11,0.13455186784267426,0.8834,212.7979,187.1804,376.7455,0.0,False,True,0.0,test
lvis:4535:21:312,lvis,4535,train2017/000000004535.jpg,21,armor,armor,False,4,12,0.13319353759288788,92.947,32.225,579.3818,380.6035,0.023070083931088448,False,True,0.0,test
lvis:4535:21:312,lvis,4535,train2017/000000004535.jpg,21,armor,armor,False,4,13,0.1288815289735794,198.6188,100.0165,434.3374,372.7655,0.04308567941188812,False,True,0.0,test
lvis:4535:21:312,lvis,4535,train2017/000000004535.jpg,21,armor,armor,False,4,14,0.12704387307167053,230.0206,51.9071,368.5029,272.2721,0.11499487608671188,False,True,0.0,test
lvis:4535:21:312,lvis,4535,train2017/000000004535.jpg,21,armor,armor,False,4,15,0.1155933290719986,371.5001,75.1658,435.2152,155.7047,0.761863648891449,True,False,0.0,test
lvis:4535:21:312,lvis,4535,train2017/000000004535.jpg,21,armor,armor,False,4,16,0.11098294705152512,199.2986,99.6742,577.2935,380.806,0.02665789984166622,False,True,0.0,test
lvis:4535:21:312,lvis,4535,train2017/000000004535.jpg,21,armor,armor,False,4,17,0.09819892793893814,229.4487,128.1585,322.2848,272.8676,0.01995559222996235,False,True,0.0,test
lvis:4535:21:312,lvis,4535,train2017/000000004535.jpg,21,armor,armor,False,4,18,0.09509869664907455,427.2538,238.1027,578.6849,384.6281,0.0,False,True,0.0,test
lvis:4535:21:312,lvis,4535,train2017/000000004535.jpg,21,armor,armor,False,4,19,0.09222575277090073,285.8399,51.7225,367.7213,148.9112,0.44097524881362915,False,True,0.0,test
lvis:4535:21:312,lvis,4535,train2017/000000004535.jpg,21,armor,armor,False,4,20,0.09209276735782623,601.1478,143.8064,639.3912,424.4004,0.0,False,True,0.0,test
lvis:4535:21:312,lvis,4535,train2017/000000004535.jpg,21,armor,armor,False,4,21,0.08746623992919922,199.846,101.3949,326.3428,273.4491,0.051097892224788666,False,True,0.0,test
lvis:4535:21:312,lvis,4535,train2017/000000004535.jpg,21,armor,armor,False,4,22,0.08545519411563873,311.2231,74.4911,577.9261,382.4887,0.047593750059604645,False,True,0.0,test
lvis:4535:21:312,lvis,4535,train2017/000000004535.jpg,21,armor,armor,False,4,23,0.08429863303899765,301.3565,51.8654,368.2225,109.7582,0.22780759632587433,False,True,0.0,test
lvis:4535:21:312,lvis,4535,train2017/000000004535.jpg,21,armor,armor,False,4,24,0.08362223207950592,382.7044,75.4707,423.8084,154.0983,0.7446821331977844,True,False,0.0,test
lvis:4535:21:312,lvis,4535,train2017/000000004535.jpg,21,armor,armor,False,4,25,0.0828847587108612,202.1799,71.93,479.4184,299.5352,0.06195685639977455,False,True,0.0,test
lvis:4535:21:312,lvis,4535,train2017/000000004535.jpg,21,armor,armor,False,4,26,0.07723688334226608,285.1476,51.6978,368.6713,351.2958,0.14023831486701965,False,True,0.0,test
lvis:4535:21:312,lvis,4535,train2017/000000004535.jpg,21,armor,armor,False,4,27,0.0728154256939888,285.3705,112.3108,322.3551,151.7484,0.18386903405189514,False,True,0.0,test
lvis:4535:21:312,lvis,4535,train2017/000000004535.jpg,21,armor,armor,False,4,28,0.0707283616065979,543.4042,178.7325,579.2938,277.9451,0.0,False,True,0.0,test
lvis:4535:21:312,lvis,4535,train2017/000000004535.jpg,21,armor,armor,False,4,29,0.0703824907541275,349.75,74.7851,436.4774,375.0275,0.1501401960849762,False,True,0.0,test
lvis:4535:21:312,lvis,4535,train2017/000000004535.jpg,21,armor,armor,False,4,30,0.06697998940944672,93.3214,29.5626,562.5949,268.1368,0.034920111298561096,False,True,0.0,test
lvis:4535:21:312,lvis,4535,train2017/000000004535.jpg,21,armor,armor,False,4,31,0.06477919965982437,229.9791,183.4097,319.7164,273.1795,0.0,False,True,0.0,test
lvis:4535:21:312,lvis,4535,train2017/000000004535.jpg,21,armor,armor,False,4,32,0.06382320821285248,5.0975,19.2108,628.4448,411.386,0.01599244587123394,False,True,0.0,test
lvis:4535:21:312,lvis,4535,train2017/000000004535.jpg,21,armor,armor,False,4,33,0.06255491077899933,329.3164,210.2748,401.309,285.7215,0.021493015810847282,False,True,0.0,test
lvis:4535:21:312,lvis,4535,train2017/000000004535.jpg,21,armor,armor,False,4,34,0.061477240175008774,192.1654,184.3136,221.2783,284.7382,0.0,False,True,0.0,test
lvis:4535:21:312,lvis,4535,train2017/000000004535.jpg,21,armor,armor,False,4,35,0.06133178249001503,228.589,135.7728,326.0494,367.508,0.005296641029417515,False,True,0.0,test
lvis:4535:21:312,lvis,4535,train2017/000000004535.jpg,21,armor,armor,False,4,36,0.0611005499958992,288.7075,81.1219,362.2317,194.3447,0.4215518534183502,False,True,0.0,test
lvis:4535:21:312,lvis,4535,train2017/000000004535.jpg,21,armor,armor,False,4,37,0.05888327211141586,285.665,125.5447,317.1819,151.742,0.08219104260206223,False,True,0.0,test
lvis:4535:21:312,lvis,4535,train2017/000000004535.jpg,21,armor,armor,False,4,38,0.05855528265237808,315.2939,195.7116,432.6299,375.8531,0.024548880755901337,False,True,0.0,test
lvis:4535:21:312,lvis,4535,train2017/000000004535.jpg,21,armor,armor,False,4,39,0.05833263322710991,285.562,79.4913,318.7164,148.569,0.2875109016895294,False,True,0.0,test
lvis:4535:21:312,lvis,4535,train2017/000000004535.jpg,21,armor,armor,False,4,40,0.05763961747288704,540.342,123.4384,588.2893,275.2729,0.0,False,True,0.0,test
lvis:4535:21:312,lvis,4535,train2017/000000004535.jpg,21,armor,armor,False,4,41,0.05697311833500862,287.7619,80.8116,360.9605,149.3313,0.6996760368347168,True,False,0.0,test
lvis:4535:21:312,lvis,4535,train2017/000000004535.jpg,21,armor,armor,False,4,42,0.05311841145157814,327.0053,124.1383,411.6503,288.2751,0.08285293728113174,False,True,0.0,test
lvis:4535:21:312,lvis,4535,train2017/000000004535.jpg,21,armor,armor,False,4,43,0.05186070129275322,500.9434,196.0839,533.9576,240.8823,0.0,False,True,0.0,test
lvis:4535:21:312,lvis,4535,train2017/000000004535.jpg,21,armor,armor,False,4,44,0.05167083442211151,316.715,75.0382,437.2923,275.6625,0.16161294281482697,False,True,0.0,test
lvis:4535:21:312,lvis,4535,train2017/000000004535.jpg,21,armor,armor,False,4,45,0.050897568464279175,80.1457,223.325,187.7015,370.1567,0.0,False,True,0.0,test
lvis:4535:702:314,lvis,4535,train2017/000000004535.jpg,702,motor_vehicle,motor_vehicle,True,0,0,0.3246007561683655,89.2342,27.4838,582.9248,286.4536,0.0,False,True,9.98792270531401,test
lvis:4535:702:314,lvis,4535,train2017/000000004535.jpg,702,motor_vehicle,motor_vehicle,True,0,1,0.16534632444381714,4.5174,26.5948,592.0139,379.9279,0.0,False,True,0.0,test
lvis:4535:702:314,lvis,4535,train2017/000000004535.jpg,702,motor_vehicle,motor_vehicle,True,0,2,0.13742904365062714,196.5964,92.5597,579.7365,379.8474,0.0,False,True,0.0,test
lvis:4535:702:314,lvis,4535,train2017/000000004535.jpg,702,motor_vehicle,motor_vehicle,True,0,3,0.09786659479141235,539.8184,123.8552,589.17,273.4252,0.0,False,True,0.0,test
lvis:4535:702:314,lvis,4535,train2017/000000004535.jpg,702,motor_vehicle,motor_vehicle,True,0,4,0.08886392414569855,193.6127,54.1526,491.2094,371.1282,0.0,False,True,0.0,test
lvis:4535:702:314,lvis,4535,train2017/000000004535.jpg,702,motor_vehicle,motor_vehicle,True,0,5,0.07032236456871033,0.7857,240.1688,45.6006,295.1553,0.0,False,True,0.0,test
lvis:4535:702:314,lvis,4535,train2017/000000004535.jpg,702,motor_vehicle,motor_vehicle,True,0,6,0.06180591136217117,0.7466,240.1307,70.9193,295.8885,0.0,False,True,0.0,test
lvis:4535:702:314,lvis,4535,train2017/000000004535.jpg,702,motor_vehicle,motor_vehicle,True,0,7,0.058442771434783936,196.4752,99.0188,361.1062,369.4807,0.0,False,True,0.0,test
lvis:4535:702:314,lvis,4535,train2017/000000004535.jpg,702,motor_vehicle,motor_vehicle,True,0,8,0.05001012608408928,308.9114,118.2286,579.0162,384.7514,0.0,False,True,0.0,test
lvis:4555:321:315,lvis,4555,train2017/000000004555.jpg,321,crabmeat,crabmeat,True,0,0,0.3718365728855133,26.1766,296.9272,536.2665,403.45,0.0,False,True,9.98792270531401,test
lvis:4555:321:315,lvis,4555,train2017/000000004555.jpg,321,crabmeat,crabmeat,True,0,1,0.20222818851470947,358.9248,74.7199,397.3658,110.8873,0.0,False,True,9.98792270531401,test
lvis:4555:321:315,lvis,4555,train2017/000000004555.jpg,321,crabmeat,crabmeat,True,0,2,0.1538647711277008,212.8376,54.4913,528.2049,310.7722,0.0,False,True,0.0,test
lvis:4555:321:315,lvis,4555,train2017/000000004555.jpg,321,crabmeat,crabmeat,True,0,3,0.11820481717586517,299.5212,188.8268,319.7947,315.639,0.0,False,True,0.0,test
lvis:4555:321:315,lvis,4555,train2017/000000004555.jpg,321,crabmeat,crabmeat,True,0,4,0.08692069351673126,325.782,55.3629,426.3286,123.6324,0.0,False,True,0.0,test
lvis:4555:321:315,lvis,4555,train2017/000000004555.jpg,321,crabmeat,crabmeat,True,0,5,0.08193888515233994,248.9304,345.2316,263.0521,365.0553,0.0,False,True,0.0,test
lvis:4555:321:315,lvis,4555,train2017/000000004555.jpg,321,crabmeat,crabmeat,True,0,6,0.07266982644796371,33.4022,70.0522,45.6654,84.4441,0.0,False,True,0.0,test
lvis:4555:321:315,lvis,4555,train2017/000000004555.jpg,321,crabmeat,crabmeat,True,0,7,0.06445000320672989,337.8973,326.1695,378.9033,334.1678,0.0,False,True,0.0,test
lvis:4555:321:315,lvis,4555,train2017/000000004555.jpg,321,crabmeat,crabmeat,True,0,8,0.056776683777570724,25.5813,190.438,536.8523,403.738,0.0,False,True,0.0,test
lvis:4555:616:316,lvis,4555,train2017/000000004555.jpg,616,knitting_needle,knitting_needle,True,0,0,0.4114828109741211,26.5614,295.8921,537.0739,403.809,0.0,False,True,9.98792270531401,test
lvis:4555:616:316,lvis,4555,train2017/000000004555.jpg,616,knitting_needle,knitting_needle,True,0,1,0.13483978807926178,336.3315,325.05,380.0346,334.5546,0.0,False,True,0.0,test
lvis:4555:616:316,lvis,4555,train2017/000000004555.jpg,616,knitting_needle,knitting_needle,True,0,2,0.13024722039699554,358.0139,73.6143,398.2234,111.4149,0.0,False,True,0.0,test
lvis:4555:616:316,lvis,4555,train2017/000000004555.jpg,616,knitting_needle,knitting_needle,True,0,3,0.11361183226108551,248.2506,344.0265,264.2991,365.9987,0.0,False,True,0.0,test
lvis:4555:616:316,lvis,4555,train2017/000000004555.jpg,616,knitting_needle,knitting_needle,True,0,4,0.1009606420993805,212.8049,53.6261,529.9696,307.5006,0.0,False,True,0.0,test
lvis:4555:616:316,lvis,4555,train2017/000000004555.jpg,616,knitting_needle,knitting_needle,True,0,5,0.10062523931264877,297.9422,187.3319,321.2362,316.362,0.0,False,True,0.0,test
lvis:4555:616:316,lvis,4555,train2017/000000004555.jpg,616,knitting_needle,knitting_needle,True,0,6,0.09011191874742508,32.8208,69.3198,46.3615,84.9978,0.0,False,True,0.0,test
lvis:4555:616:316,lvis,4555,train2017/000000004555.jpg,616,knitting_needle,knitting_needle,True,0,7,0.08627540618181229,351.3688,357.5496,367.4914,378.9936,0.0,False,True,0.0,test
lvis:4555:616:316,lvis,4555,train2017/000000004555.jpg,616,knitting_needle,knitting_needle,True,0,8,0.08279094845056534,31.9378,67.7,49.3633,109.2169,0.0,False,True,0.0,test
lvis:4555:616:316,lvis,4555,train2017/000000004555.jpg,616,knitting_needle,knitting_needle,True,0,9,0.08102261275053024,243.8033,340.7207,268.3126,369.1925,0.0,False,True,0.0,test
lvis:4555:616:316,lvis,4555,train2017/000000004555.jpg,616,knitting_needle,knitting_needle,True,0,10,0.08033065497875214,286.8971,97.6795,300.4718,107.9937,0.0,False,True,0.0,test
lvis:4555:616:316,lvis,4555,train2017/000000004555.jpg,616,knitting_needle,knitting_needle,True,0,11,0.07904630154371262,331.8091,321.1753,383.7831,338.4007,0.0,False,True,0.0,test
lvis:4555:616:316,lvis,4555,train2017/000000004555.jpg,616,knitting_needle,knitting_needle,True,0,12,0.06963610649108887,286.2016,96.2582,303.4246,137.5818,0.0,False,True,0.0,test
lvis:4555:616:316,lvis,4555,train2017/000000004555.jpg,616,knitting_needle,knitting_needle,True,0,13,0.068397156894207,455.7225,100.3365,468.0055,111.5751,0.0,False,True,0.0,test
lvis:4555:616:316,lvis,4555,train2017/000000004555.jpg,616,knitting_needle,knitting_needle,True,0,14,0.06740427762269974,25.7417,190.6006,537.4148,406.1922,0.0,False,True,0.0,test
lvis:4555:616:316,lvis,4555,train2017/000000004555.jpg,616,knitting_needle,knitting_needle,True,0,15,0.06607446819543839,28.383,65.6282,51.2373,88.0605,0.0,False,True,0.0,test
lvis:4555:616:316,lvis,4555,train2017/000000004555.jpg,616,knitting_needle,knitting_needle,True,0,16,0.06563511490821838,61.7624,368.4768,92.172,383.2664,0.0,False,True,0.0,test
lvis:4555:616:316,lvis,4555,train2017/000000004555.jpg,616,knitting_needle,knitting_needle,True,0,17,0.060747742652893066,22.3141,58.2551,63.1372,113.4963,0.0,False,True,0.0,test
lvis:4555:616:316,lvis,4555,train2017/000000004555.jpg,616,knitting_needle,knitting_needle,True,0,18,0.059334881603717804,454.9147,99.0365,468.7864,122.3542,0.0,False,True,0.0,test
lvis:4555:616:316,lvis,4555,train2017/000000004555.jpg,616,knitting_needle,knitting_needle,True,0,19,0.05886334180831909,431.2159,358.3724,441.4092,376.678,0.0,False,True,0.0,test
lvis:4555:616:316,lvis,4555,train2017/000000004555.jpg,616,knitting_needle,knitting_needle,True,0,20,0.05794399604201317,54.2197,331.7473,112.7977,349.007,0.0,False,True,0.0,test
lvis:4555:616:316,lvis,4555,train2017/000000004555.jpg,616,knitting_needle,knitting_needle,True,0,21,0.05675642192363739,44.5719,296.8608,465.4625,334.2486,0.0,False,True,0.0,test
lvis:4555:616:316,lvis,4555,train2017/000000004555.jpg,616,knitting_needle,knitting_needle,True,0,22,0.05568234249949455,438.7573,318.4346,453.4897,337.6563,0.0,False,True,0.0,test
lvis:4555:616:316,lvis,4555,train2017/000000004555.jpg,616,knitting_needle,knitting_needle,True,0,23,0.055568717420101166,346.1199,353.8586,372.7981,383.5061,0.0,False,True,0.0,test
lvis:4555:616:316,lvis,4555,train2017/000000004555.jpg,616,knitting_needle,knitting_needle,True,0,24,0.054884135723114014,455.2265,98.9283,470.0872,137.8385,0.0,False,True,0.0,test
lvis:4555:616:316,lvis,4555,train2017/000000004555.jpg,616,knitting_needle,knitting_needle,True,0,25,0.0543031208217144,281.5803,91.5104,309.7309,140.0554,0.0,False,True,0.0,test
lvis:4555:616:316,lvis,4555,train2017/000000004555.jpg,616,knitting_needle,knitting_needle,True,0,26,0.05377146974205971,10.6944,50.6714,627.6685,406.1225,0.0,False,True,0.0,test
lvis:4555:616:316,lvis,4555,train2017/000000004555.jpg,616,knitting_needle,knitting_needle,True,0,27,0.05282936245203018,451.3087,95.2695,474.7307,139.1688,0.0,False,True,0.0,test
lvis:4555:616:316,lvis,4555,train2017/000000004555.jpg,616,knitting_needle,knitting_needle,True,0,28,0.05267724767327309,286.9968,179.339,334.3494,319.3325,0.0,False,True,0.0,test
lvis:4555:616:316,lvis,4555,train2017/000000004555.jpg,616,knitting_needle,knitting_needle,True,0,29,0.05237608775496483,512.1093,364.3681,532.0479,376.7365,0.0,False,True,0.0,test
lvis:4555:616:316,lvis,4555,train2017/000000004555.jpg,616,knitting_needle,knitting_needle,True,0,30,0.05106758698821068,99.6994,305.1687,501.0867,384.3792,0.0,False,True,0.0,test
lvis:4555:616:316,lvis,4555,train2017/000000004555.jpg,616,knitting_needle,knitting_needle,True,0,31,0.05030860751867294,325.0445,55.0597,426.9597,123.845,0.0,False,True,0.0,test
lvis:4704:855:317,lvis,4704,train2017/000000004704.jpg,855,puncher,puncher,True,0,0,0.3741151988506317,69.7634,141.3795,285.6978,298.6973,0.0,False,True,9.98792270531401,test
lvis:4704:855:317,lvis,4704,train2017/000000004704.jpg,855,puncher,puncher,True,0,1,0.35602372884750366,127.5268,15.5074,278.3864,263.4259,0.0,False,True,9.98792270531401,test
lvis:4704:855:317,lvis,4704,train2017/000000004704.jpg,855,puncher,puncher,True,0,2,0.26714465022087097,69.6155,15.037,286.8011,298.6422,0.0,False,True,9.98792270531401,test
lvis:4704:855:317,lvis,4704,train2017/000000004704.jpg,855,puncher,puncher,True,0,3,0.2106717824935913,208.5667,102.7389,251.25,147.6381,0.0,False,True,9.98792270531401,test
lvis:4704:855:317,lvis,4704,train2017/000000004704.jpg,855,puncher,puncher,True,0,4,0.18933740258216858,274.7177,541.3187,360.0579,639.5669,0.0,False,True,0.0,test
lvis:4704:855:317,lvis,4704,train2017/000000004704.jpg,855,puncher,puncher,True,0,5,0.09658317267894745,296.5837,547.181,317.9286,561.7875,0.0,False,True,0.0,test
lvis:4704:855:317,lvis,4704,train2017/000000004704.jpg,855,puncher,puncher,True,0,6,0.08868244290351868,173.0487,15.1337,193.2024,35.7236,0.0,False,True,0.0,test
lvis:4704:855:317,lvis,4704,train2017/000000004704.jpg,855,puncher,puncher,True,0,7,0.08255517482757568,183.1121,98.1942,252.9044,160.9433,0.0,False,True,0.0,test
lvis:4704:855:317,lvis,4704,train2017/000000004704.jpg,855,puncher,puncher,True,0,8,0.07543306797742844,205.1936,101.501,252.6782,160.663,0.0,False,True,0.0,test
lvis:4704:855:317,lvis,4704,train2017/000000004704.jpg,855,puncher,puncher,True,0,9,0.05807381868362427,295.6136,541.9165,328.5088,573.6193,0.0,False,True,0.0,test
lvis:4704:855:317,lvis,4704,train2017/000000004704.jpg,855,puncher,puncher,True,0,10,0.05718480423092842,181.57,87.3345,268.899,163.7962,0.0,False,True,0.0,test
lvis:4704:855:317,lvis,4704,train2017/000000004704.jpg,855,puncher,puncher,True,0,11,0.05159786343574524,222.2531,239.6478,285.2282,297.3347,0.0,False,True,0.0,test
lvis:4704:855:317,lvis,4704,train2017/000000004704.jpg,855,puncher,puncher,True,0,12,0.051248520612716675,195.8943,198.9355,227.069,262.7908,0.0,False,True,0.0,test
lvis:4705:575:319,lvis,4705,train2017/000000004705.jpg,575,houseboat,houseboat,True,0,0,0.3838558793067932,187.5921,199.6044,449.6245,410.4772,0.0,False,True,9.98792270531401,test
lvis:4705:575:319,lvis,4705,train2017/000000004705.jpg,575,houseboat,houseboat,True,0,1,0.14853551983833313,0.0793,-0.2175,640.0747,479.7746,0.0,False,True,0.0,test
lvis:4705:215:320,lvis,4705,train2017/000000004705.jpg,215,carnation,carnation,True,0,0,0.5815272927284241,186.0226,197.2313,451.9044,411.6157,0.0,False,True,9.98792270531401,test
lvis:4705:215:320,lvis,4705,train2017/000000004705.jpg,215,carnation,carnation,True,0,1,0.1429854929447174,0.0533,2.6108,640.0342,477.8582,0.0,False,True,0.0,test
lvis:4705:215:320,lvis,4705,train2017/000000004705.jpg,215,carnation,carnation,True,0,2,0.11624947935342789,185.4301,261.9341,207.6494,288.3443,0.0,False,True,0.0,test
lvis:4705:215:320,lvis,4705,train2017/000000004705.jpg,215,carnation,carnation,True,0,3,0.09902101755142212,249.2953,364.2511,274.1857,397.3409,0.0,False,True,0.0,test
lvis:4705:215:320,lvis,4705,train2017/000000004705.jpg,215,carnation,carnation,True,0,4,0.07174388319253922,299.2764,80.6182,355.1541,133.7592,0.0,False,True,0.0,test
lvis:4705:215:320,lvis,4705,train2017/000000004705.jpg,215,carnation,carnation,True,0,5,0.07112755626440048,311.8697,143.5554,387.894,216.7013,0.0,False,True,0.0,test
lvis:4705:215:320,lvis,4705,train2017/000000004705.jpg,215,carnation,carnation,True,0,6,0.07014497369527817,181.7841,194.1749,584.3128,475.0371,0.0,False,True,0.0,test
lvis:4705:215:320,lvis,4705,train2017/000000004705.jpg,215,carnation,carnation,True,0,7,0.06773710995912552,179.387,89.6627,454.9817,415.0776,0.0,False,True,0.0,test
lvis:4705:215:320,lvis,4705,train2017/000000004705.jpg,215,carnation,carnation,True,0,8,0.06482163071632385,148.9148,156.6961,530.1505,436.722,0.0,False,True,0.0,test
lvis:4705:215:320,lvis,4705,train2017/000000004705.jpg,215,carnation,carnation,True,0,9,0.0632983148097992,85.6607,82.7083,548.2612,455.557,0.0,False,True,0.0,test
lvis:4705:215:320,lvis,4705,train2017/000000004705.jpg,215,carnation,carnation,True,0,10,0.06248471513390541,18.0942,316.1285,32.9157,328.6822,0.0,False,True,0.0,test
lvis:4705:215:320,lvis,4705,train2017/000000004705.jpg,215,carnation,carnation,True,0,11,0.05827886238694191,512.7734,441.146,539.0124,472.3807,0.0,False,True,0.0,test
lvis:4705:215:320,lvis,4705,train2017/000000004705.jpg,215,carnation,carnation,True,0,12,0.057635389268398285,188.121,262.9518,204.8955,277.2761,0.0,False,True,0.0,test
lvis:4705:215:320,lvis,4705,train2017/000000004705.jpg,215,carnation,carnation,True,0,13,0.056506287306547165,271.9896,135.1239,391.3158,219.7615,0.0,False,True,0.0,test
lvis:4705:215:320,lvis,4705,train2017/000000004705.jpg,215,carnation,carnation,True,0,14,0.054980505257844925,358.75,101.1464,422.0767,143.6036,0.0,False,True,0.0,test
lvis:4705:215:320,lvis,4705,train2017/000000004705.jpg,215,carnation,carnation,True,0,15,0.05152648314833641,15.7378,35.3686,458.5787,418.3033,0.0,False,True,0.0,test
lvis:4705:215:320,lvis,4705,train2017/000000004705.jpg,215,carnation,carnation,True,0,16,0.05110989883542061,303.4538,91.5781,342.3463,124.8546,0.0,False,True,0.0,test
lvis:4795:1145:327,lvis,4795,val2017/000000004795.jpg,1145,violin,violin,True,0,0,0.05272780731320381,513.6627,259.3659,639.4204,473.9394,0.0,False,True,0.0,test
lvis:4795:824:328,lvis,4795,val2017/000000004795.jpg,824,pocket_watch,pocket_watch,True,0,0,0.4094739556312561,513.7697,258.1062,638.9186,471.8892,0.0,False,True,9.98792270531401,test
lvis:4795:824:328,lvis,4795,val2017/000000004795.jpg,824,pocket_watch,pocket_watch,True,0,1,0.255060076713562,530.1985,258.7971,638.7875,411.1581,0.0,False,True,9.98792270531401,test
lvis:4795:824:328,lvis,4795,val2017/000000004795.jpg,824,pocket_watch,pocket_watch,True,0,2,0.22737352550029755,570.1002,259.1972,638.8701,356.0402,0.0,False,True,9.98792270531401,test
lvis:4795:824:328,lvis,4795,val2017/000000004795.jpg,824,pocket_watch,pocket_watch,True,0,3,0.11752990633249283,159.1974,120.5721,528.514,476.5556,0.0,False,True,0.0,test
lvis:4795:824:328,lvis,4795,val2017/000000004795.jpg,824,pocket_watch,pocket_watch,True,0,4,0.09460259974002838,0.9845,188.9823,181.4487,478.6436,0.0,False,True,0.0,test
lvis:4795:824:328,lvis,4795,val2017/000000004795.jpg,824,pocket_watch,pocket_watch,True,0,5,0.089554063975811,571.5591,307.3242,638.2334,355.1533,0.0,False,True,0.0,test
lvis:4795:824:328,lvis,4795,val2017/000000004795.jpg,824,pocket_watch,pocket_watch,True,0,6,0.08404560387134552,552.3264,271.0068,593.6808,330.1099,0.0,False,True,0.0,test
lvis:4795:824:328,lvis,4795,val2017/000000004795.jpg,824,pocket_watch,pocket_watch,True,0,7,0.08332249522209167,9.2689,2.0204,636.5019,476.3666,0.0,False,True,0.0,test
lvis:4795:824:328,lvis,4795,val2017/000000004795.jpg,824,pocket_watch,pocket_watch,True,0,8,0.06921237707138062,0.437,67.8688,50.9953,209.919,0.0,False,True,0.0,test
lvis:4795:824:328,lvis,4795,val2017/000000004795.jpg,824,pocket_watch,pocket_watch,True,0,9,0.06864941865205765,0.3698,143.0196,33.6248,208.2484,0.0,False,True,0.0,test
lvis:4795:824:328,lvis,4795,val2017/000000004795.jpg,824,pocket_watch,pocket_watch,True,0,10,0.06824399530887604,0.3427,68.8647,35.2049,208.6202,0.0,False,True,0.0,test
lvis:4795:824:328,lvis,4795,val2017/000000004795.jpg,824,pocket_watch,pocket_watch,True,0,11,0.06684058904647827,615.1397,422.3525,638.7391,443.2268,0.0,False,True,0.0,test
lvis:4795:824:328,lvis,4795,val2017/000000004795.jpg,824,pocket_watch,pocket_watch,True,0,12,0.06639774888753891,530.4851,328.4329,627.5269,409.9555,0.0,False,True,0.0,test
lvis:4795:824:328,lvis,4795,val2017/000000004795.jpg,824,pocket_watch,pocket_watch,True,0,13,0.06337711215019226,569.2012,257.9375,638.5703,437.874,0.0,False,True,0.0,test
lvis:4795:824:328,lvis,4795,val2017/000000004795.jpg,824,pocket_watch,pocket_watch,True,0,14,0.05776730179786682,600.7893,353.793,638.9127,445.2337,0.0,False,True,0.0,test
lvis:4795:824:328,lvis,4795,val2017/000000004795.jpg,824,pocket_watch,pocket_watch,True,0,15,0.05380513146519661,577.0441,348.5406,638.9586,471.3326,0.0,False,True,0.0,test
lvis:4809:752:329,lvis,4809,train2017/000000004809.jpg,752,pan_(metal_container),pan_(metal_container),True,0,0,0.25734424591064453,1.2738,359.4598,187.7782,520.6301,0.0,False,True,9.98792270531401,test
lvis:4809:752:329,lvis,4809,train2017/000000004809.jpg,752,pan_(metal_container),pan_(metal_container),True,0,1,0.22469517588615417,60.4683,302.2254,130.9216,404.0098,0.0,False,True,9.98792270531401,test
lvis:4809:752:329,lvis,4809,train2017/000000004809.jpg,752,pan_(metal_container),pan_(metal_container),True,0,2,0.2174176126718521,2.202,317.5014,393.1314,635.1682,0.0,False,True,9.98792270531401,test
lvis:4809:752:329,lvis,4809,train2017/000000004809.jpg,752,pan_(metal_container),pan_(metal_container),True,0,3,0.16549301147460938,1.32,454.2767,213.771,608.2532,0.0,False,True,0.0,test
lvis:4809:752:329,lvis,4809,train2017/000000004809.jpg,752,pan_(metal_container),pan_(metal_container),True,0,4,0.16023080050945282,1.4677,302.8486,213.5122,607.7363,0.0,False,True,0.0,test
lvis:4809:752:329,lvis,4809,train2017/000000004809.jpg,752,pan_(metal_container),pan_(metal_container),True,0,5,0.15601308643817902,3.0342,14.7989,392.0622,631.7763,0.0,False,True,0.0,test
lvis:4809:752:329,lvis,4809,train2017/000000004809.jpg,752,pan_(metal_container),pan_(metal_container),True,0,6,0.12709380686283112,207.994,458.6718,315.3823,549.392,0.0,False,True,0.0,test
lvis:4809:752:329,lvis,4809,train2017/000000004809.jpg,752,pan_(metal_container),pan_(metal_container),True,0,7,0.11176805943250656,138.8392,177.4047,276.3284,219.7607,0.0,False,True,0.0,test
lvis:4809:752:329,lvis,4809,train2017/000000004809.jpg,752,pan_(metal_container),pan_(metal_container),True,0,8,0.09658435732126236,45.2736,292.0734,147.5627,416.506,0.0,False,True,0.0,test
lvis:4809:752:329,lvis,4809,train2017/000000004809.jpg,752,pan_(metal_container),pan_(metal_container),True,0,9,0.08819132298231125,123.2108,15.8083,288.1808,296.5047,0.0,False,True,0.0,test
lvis:4809:752:329,lvis,4809,train2017/000000004809.jpg,752,pan_(metal_container),pan_(metal_container),True,0,10,0.08571836352348328,119.3235,323.4456,391.8169,636.2781,0.0,False,True,0.0,test
lvis:4809:752:329,lvis,4809,train2017/000000004809.jpg,752,pan_(metal_container),pan_(metal_container),True,0,11,0.08050908893346786,122.5769,244.4057,286.5244,293.5396,0.0,False,True,0.0,test
lvis:4809:752:329,lvis,4809,train2017/000000004809.jpg,752,pan_(metal_container),pan_(metal_container),True,0,12,0.07382658123970032,120.8668,305.1516,280.3688,369.6781,0.0,False,True,0.0,test
lvis:4809:752:329,lvis,4809,train2017/000000004809.jpg,752,pan_(metal_container),pan_(metal_container),True,0,13,0.07129745185375214,2.581,403.7874,185.3243,517.0673,0.0,False,True,0.0,test
lvis:4809:752:329,lvis,4809,train2017/000000004809.jpg,752,pan_(metal_container),pan_(metal_container),True,0,14,0.07079949229955673,17.2581,537.7886,137.6922,609.1648,0.0,False,True,0.0,test
lvis:4809:752:329,lvis,4809,train2017/000000004809.jpg,752,pan_(metal_container),pan_(metal_container),True,0,15,0.06918151676654816,345.0675,567.5858,423.2421,637.5992,0.0,False,True,0.0,test
lvis:4809:752:329,lvis,4809,train2017/000000004809.jpg,752,pan_(metal_container),pan_(metal_container),True,0,16,0.06856954842805862,357.8876,580.9105,422.8781,637.944,0.0,False,True,0.0,test
lvis:4809:752:329,lvis,4809,train2017/000000004809.jpg,752,pan_(metal_container),pan_(metal_container),True,0,17,0.06766372919082642,156.2042,110.1816,275.7332,149.7787,0.0,False,True,0.0,test
lvis:4809:752:329,lvis,4809,train2017/000000004809.jpg,752,pan_(metal_container),pan_(metal_container),True,0,18,0.06658493727445602,94.7279,192.4203,112.1349,236.252,0.0,False,True,0.0,test
lvis:4809:752:329,lvis,4809,train2017/000000004809.jpg,752,pan_(metal_container),pan_(metal_container),True,0,19,0.06609462201595306,129.6763,166.8948,287.957,234.0374,0.0,False,True,0.0,test
lvis:4809:752:329,lvis,4809,train2017/000000004809.jpg,752,pan_(metal_container),pan_(metal_container),True,0,20,0.06577254086732864,180.1788,362.7863,347.654,469.4048,0.0,False,True,0.0,test
lvis:4809:752:329,lvis,4809,train2017/000000004809.jpg,752,pan_(metal_container),pan_(metal_container),True,0,21,0.06565264612436295,2.5581,16.041,287.0554,606.2863,0.0,False,True,0.0,test
lvis:4809:752:329,lvis,4809,train2017/000000004809.jpg,752,pan_(metal_container),pan_(metal_container),True,0,22,0.05744701996445656,346.8749,570.0992,378.8181,592.4824,0.0,False,True,0.0,test
lvis:4809:752:329,lvis,4809,train2017/000000004809.jpg,752,pan_(metal_container),pan_(metal_container),True,0,23,0.055759090930223465,3.3523,305.2864,347.2184,543.6378,0.0,False,True,0.0,test
lvis:4809:752:329,lvis,4809,train2017/000000004809.jpg,752,pan_(metal_container),pan_(metal_container),True,0,24,0.05498310178518295,13.4994,0.5166,107.7596,74.5802,0.0,False,True,0.0,test
lvis:4809:752:329,lvis,4809,train2017/000000004809.jpg,752,pan_(metal_container),pan_(metal_container),True,0,25,0.05328864976763725,139.4552,15.7033,281.1935,221.6659,0.0,False,True,0.0,test
lvis:4809:752:329,lvis,4809,train2017/000000004809.jpg,752,pan_(metal_container),pan_(metal_container),True,0,26,0.05054285004734993,3.4048,348.0462,301.1075,605.1028,0.0,False,True,0.0,test
lvis:4809:752:329,lvis,4809,train2017/000000004809.jpg,752,pan_(metal_container),pan_(metal_container),True,0,27,0.05001504346728325,273.6116,350.2349,322.6274,381.1837,0.0,False,True,0.0,test
lvis:4809:364:330,lvis,4809,train2017/000000004809.jpg,364,diary,diary,True,0,0,0.3401748239994049,0.7324,360.5569,186.3803,520.0294,0.0,False,True,9.98792270531401,test
lvis:4809:364:330,lvis,4809,train2017/000000004809.jpg,364,diary,diary,True,0,1,0.31543397903442383,1.3723,315.7931,391.3943,637.2891,0.0,False,True,9.98792270531401,test
lvis:4809:364:330,lvis,4809,train2017/000000004809.jpg,364,diary,diary,True,0,2,0.25121670961380005,1.8793,14.9548,391.7542,635.8866,0.0,False,True,9.98792270531401,test
lvis:4809:364:330,lvis,4809,train2017/000000004809.jpg,364,diary,diary,True,0,3,0.16598467528820038,140.1372,178.6182,275.2299,218.809,0.0,False,True,0.0,test
lvis:4809:364:330,lvis,4809,train2017/000000004809.jpg,364,diary,diary,True,0,4,0.14632539451122284,124.1507,246.3811,285.6613,292.4075,0.0,False,True,0.0,test
lvis:4809:364:330,lvis,4809,train2017/000000004809.jpg,364,diary,diary,True,0,5,0.14109258353710175,121.0276,307.0652,279.4705,368.6453,0.0,False,True,0.0,test
lvis:4809:364:330,lvis,4809,train2017/000000004809.jpg,364,diary,diary,True,0,6,0.1286221146583557,208.7007,459.8684,314.0049,548.3195,0.0,False,True,0.0,test
lvis:4809:364:330,lvis,4809,train2017/000000004809.jpg,364,diary,diary,True,0,7,0.11852090060710907,15.6281,0.0969,105.4676,74.2277,0.0,False,True,0.0,test
lvis:4809:364:330,lvis,4809,train2017/000000004809.jpg,364,diary,diary,True,0,8,0.11673137545585632,0.8812,304.6509,212.5705,606.228,0.0,False,True,0.0,test
lvis:4809:364:330,lvis,4809,train2017/000000004809.jpg,364,diary,diary,True,0,9,0.1080053374171257,0.626,455.1877,213.1646,607.0612,0.0,False,True,0.0,test
lvis:4809:364:330,lvis,4809,train2017/000000004809.jpg,364,diary,diary,True,0,10,0.10185308754444122,61.8816,303.9815,128.5609,403.3133,0.0,False,True,0.0,test
lvis:4809:364:330,lvis,4809,train2017/000000004809.jpg,364,diary,diary,True,0,11,0.10063377022743225,180.0283,364.3839,348.3034,469.2688,0.0,False,True,0.0,test
lvis:4809:364:330,lvis,4809,train2017/000000004809.jpg,364,diary,diary,True,0,12,0.0998234897851944,116.5331,319.899,389.672,636.8846,0.0,False,True,0.0,test
lvis:4809:364:330,lvis,4809,train2017/000000004809.jpg,364,diary,diary,True,0,13,0.09189663827419281,116.3261,355.5813,349.0648,471.6794,0.0,False,True,0.0,test
lvis:4809:364:330,lvis,4809,train2017/000000004809.jpg,364,diary,diary,True,0,14,0.07231813669204712,1.9686,306.7389,348.0746,534.8915,0.0,False,True,0.0,test
lvis:4809:364:330,lvis,4809,train2017/000000004809.jpg,364,diary,diary,True,0,15,0.065381720662117,120.0256,16.0194,285.6661,369.1093,0.0,False,True,0.0,test
lvis:4809:364:330,lvis,4809,train2017/000000004809.jpg,364,diary,diary,True,0,16,0.06471694260835648,157.1161,107.9946,274.8853,149.1661,0.0,False,True,0.0,test
lvis:4809:364:330,lvis,4809,train2017/000000004809.jpg,364,diary,diary,True,0,17,0.06105095148086548,235.5338,215.12,351.3131,342.1605,0.0,False,True,0.0,test
lvis:4809:364:330,lvis,4809,train2017/000000004809.jpg,364,diary,diary,True,0,18,0.05766011029481888,274.0598,351.7184,321.5579,380.2785,0.0,False,True,0.0,test
lvis:4809:364:330,lvis,4809,train2017/000000004809.jpg,364,diary,diary,True,0,19,0.054098162800073624,95.8972,193.5405,111.1606,235.451,0.0,False,True,0.0,test
lvis:4823:354:331,lvis,4823,train2017/000000004823.jpg,354,dagger,dagger,True,0,0,0.39033448696136475,361.2757,212.4592,437.3781,241.7436,0.0,False,True,9.98792270531401,test
lvis:4823:354:331,lvis,4823,train2017/000000004823.jpg,354,dagger,dagger,True,0,1,0.25799092650413513,389.6358,218.2481,437.1474,240.739,0.0,False,True,9.98792270531401,test
lvis:4823:354:331,lvis,4823,train2017/000000004823.jpg,354,dagger,dagger,True,0,2,0.18864195048809052,358.6054,210.7335,437.2063,276.5308,0.0,False,True,0.0,test
lvis:4823:354:331,lvis,4823,train2017/000000004823.jpg,354,dagger,dagger,True,0,3,0.14459151029586792,107.9671,62.1346,402.3895,477.9081,0.0,False,True,0.0,test
lvis:4823:354:331,lvis,4823,train2017/000000004823.jpg,354,dagger,dagger,True,0,4,0.12941350042819977,359.3705,211.9046,397.1465,277.3408,0.0,False,True,0.0,test
lvis:4823:354:331,lvis,4823,train2017/000000004823.jpg,354,dagger,dagger,True,0,5,0.11409898847341537,350.715,203.8652,445.7933,256.6364,0.0,False,True,0.0,test
lvis:4823:354:331,lvis,4823,train2017/000000004823.jpg,354,dagger,dagger,True,0,6,0.10653474181890488,256.4388,197.5221,436.2261,242.0136,0.0,False,True,0.0,test
lvis:4823:354:331,lvis,4823,train2017/000000004823.jpg,354,dagger,dagger,True,0,7,0.08136119693517685,250.5652,164.6957,638.4899,212.0797,0.0,False,True,0.0,test
lvis:4823:354:331,lvis,4823,train2017/000000004823.jpg,354,dagger,dagger,True,0,8,0.07971736043691635,260.1252,197.6924,435.9383,283.6901,0.0,False,True,0.0,test
lvis:4823:354:331,lvis,4823,train2017/000000004823.jpg,354,dagger,dagger,True,0,9,0.07086636126041412,360.751,212.7596,381.3159,237.9451,0.0,False,True,0.0,test
lvis:4823:354:331,lvis,4823,train2017/000000004823.jpg,354,dagger,dagger,True,0,10,0.07007681578397751,337.2505,194.4448,450.6797,289.3542,0.0,False,True,0.0,test
lvis:4823:354:331,lvis,4823,train2017/000000004823.jpg,354,dagger,dagger,True,0,11,0.06954491883516312,252.0918,199.3713,432.8504,477.4604,0.0,False,True,0.0,test
lvis:4823:354:331,lvis,4823,train2017/000000004823.jpg,354,dagger,dagger,True,0,12,0.0638006404042244,292.6438,339.3729,342.4384,351.0045,0.0,False,True,0.0,test
lvis:4823:354:331,lvis,4823,train2017/000000004823.jpg,354,dagger,dagger,True,0,13,0.061961736530065536,488.8948,253.1825,613.3747,356.1659,0.0,False,True,0.0,test
lvis:4823:354:331,lvis,4823,train2017/000000004823.jpg,354,dagger,dagger,True,0,14,0.06157613918185234,108.2855,62.8161,278.3325,476.4206,0.0,False,True,0.0,test
lvis:4823:354:331,lvis,4823,train2017/000000004823.jpg,354,dagger,dagger,True,0,15,0.05963360145688057,350.9925,0.1096,537.1351,100.7515,0.0,False,True,0.0,test
lvis:4823:354:331,lvis,4823,train2017/000000004823.jpg,354,dagger,dagger,True,0,16,0.05197743698954582,108.7883,204.2275,401.2215,476.7743,0.0,False,True,0.0,test
lvis:4823:354:331,lvis,4823,train2017/000000004823.jpg,354,dagger,dagger,True,0,17,0.05123016610741615,292.3217,210.3409,435.8229,346.6726,0.0,False,True,0.0,test
lvis:4823:354:331,lvis,4823,train2017/000000004823.jpg,354,dagger,dagger,True,0,18,0.05006123706698418,503.9639,269.351,581.654,333.1773,0.0,False,True,0.0,test
lvis:4823:136:332,lvis,4823,train2017/000000004823.jpg,136,bow_(weapon),bow_(weapon),True,0,0,0.2795405685901642,360.3586,211.134,437.8979,243.3319,0.0,False,True,9.98792270531401,test
lvis:4823:136:332,lvis,4823,train2017/000000004823.jpg,136,bow_(weapon),bow_(weapon),True,0,1,0.2675558626651764,107.0592,60.6311,406.4922,476.7509,0.0,False,True,9.98792270531401,test
lvis:4823:136:332,lvis,4823,train2017/000000004823.jpg,136,bow_(weapon),bow_(weapon),True,0,2,0.19681990146636963,388.5083,215.9755,437.6131,242.0083,0.0,False,True,9.98792270531401,test
lvis:4823:136:332,lvis,4823,train2017/000000004823.jpg,136,bow_(weapon),bow_(weapon),True,0,3,0.1716955602169037,356.5135,208.5037,438.0769,274.2337,0.0,False,True,0.0,test
lvis:4823:136:332,lvis,4823,train2017/000000004823.jpg,136,bow_(weapon),bow_(weapon),True,0,4,0.16800566017627716,488.1608,251.9903,613.4763,356.9826,0.0,False,True,0.0,test
lvis:4823:136:332,lvis,4823,train2017/000000004823.jpg,136,bow_(weapon),bow_(weapon),True,0,5,0.1327500194311142,344.1528,198.2001,449.4831,275.2161,0.0,False,True,0.0,test
lvis:4823:136:332,lvis,4823,train2017/000000004823.jpg,136,bow_(weapon),bow_(weapon),True,0,6,0.12120296061038971,250.083,164.3863,637.8777,214.285,0.0,False,True,0.0,test
lvis:4823:136:332,lvis,4823,train2017/000000004823.jpg,136,bow_(weapon),bow_(weapon),True,0,7,0.1047777384519577,350.5458,0.4524,538.3712,102.1199,0.0,False,True,0.0,test
lvis:4823:136:332,lvis,4823,train2017/000000004823.jpg,136,bow_(weapon),bow_(weapon),True,0,8,0.10420231521129608,260.9202,196.4785,436.3223,278.6906,0.0,False,True,0.0,test
lvis:4823:136:332,lvis,4823,train2017/000000004823.jpg,136,bow_(weapon),bow_(weapon),True,0,9,0.09331697970628738,259.765,204.1128,429.5716,476.6748,0.0,False,True,0.0,test
lvis:4823:136:332,lvis,4823,train2017/000000004823.jpg,136,bow_(weapon),bow_(weapon),True,0,10,0.09267562627792358,247.6596,162.4182,637.4108,477.2761,0.0,False,True,0.0,test
lvis:4823:136:332,lvis,4823,train2017/000000004823.jpg,136,bow_(weapon),bow_(weapon),True,0,11,0.08924665302038193,503.3467,266.5354,583.8906,338.7114,0.0,False,True,0.0,test
lvis:4823:136:332,lvis,4823,train2017/000000004823.jpg,136,bow_(weapon),bow_(weapon),True,0,12,0.08538947254419327,248.3041,161.8523,637.6219,243.0635,0.0,False,True,0.0,test
lvis:4823:136:332,lvis,4823,train2017/000000004823.jpg,136,bow_(weapon),bow_(weapon),True,0,13,0.0841820016503334,260.7324,197.0457,437.0543,244.8025,0.0,False,True,0.0,test
lvis:4823:136:332,lvis,4823,train2017/000000004823.jpg,136,bow_(weapon),bow_(weapon),True,0,14,0.08344662189483643,107.208,60.3971,283.9675,476.4657,0.0,False,True,0.0,test
lvis:4823:136:332,lvis,4823,train2017/000000004823.jpg,136,bow_(weapon),bow_(weapon),True,0,15,0.08253135532140732,380.4134,206.4887,443.2797,256.3641,0.0,False,True,0.0,test
lvis:4823:136:332,lvis,4823,train2017/000000004823.jpg,136,bow_(weapon),bow_(weapon),True,0,16,0.07495778799057007,261.5016,196.353,286.5331,276.0615,0.0,False,True,0.0,test
lvis:4823:136:332,lvis,4823,train2017/000000004823.jpg,136,bow_(weapon),bow_(weapon),True,0,17,0.0734838917851448,247.97,166.1155,435.8966,280.0667,0.0,False,True,0.0,test
lvis:4823:136:332,lvis,4823,train2017/000000004823.jpg,136,bow_(weapon),bow_(weapon),True,0,18,0.06995054334402084,106.6522,197.3686,407.6979,475.7998,0.0,False,True,0.0,test
lvis:4823:136:332,lvis,4823,train2017/000000004823.jpg,136,bow_(weapon),bow_(weapon),True,0,19,0.06972686201334,246.2965,168.4984,286.4762,276.7169,0.0,False,True,0.0,test
lvis:4823:136:332,lvis,4823,train2017/000000004823.jpg,136,bow_(weapon),bow_(weapon),True,0,20,0.06863701343536377,51.6884,34.2565,481.7093,477.6842,0.0,False,True,0.0,test
lvis:4823:136:332,lvis,4823,train2017/000000004823.jpg,136,bow_(weapon),bow_(weapon),True,0,21,0.06817444413900375,358.2238,210.7025,399.6201,274.2954,0.0,False,True,0.0,test
lvis:4823:136:332,lvis,4823,train2017/000000004823.jpg,136,bow_(weapon),bow_(weapon),True,0,22,0.06322060525417328,469.0186,232.8042,627.4228,374.336,0.0,False,True,0.0,test
lvis:4823:136:332,lvis,4823,train2017/000000004823.jpg,136,bow_(weapon),bow_(weapon),True,0,23,0.06089768186211586,493.9318,342.266,620.6481,478.272,0.0,False,True,0.0,test
lvis:4823:136:332,lvis,4823,train2017/000000004823.jpg,136,bow_(weapon),bow_(weapon),True,0,24,0.05588793754577637,249.2688,190.0874,291.2434,278.5512,0.0,False,True,0.0,test
lvis:4823:136:332,lvis,4823,train2017/000000004823.jpg,136,bow_(weapon),bow_(weapon),True,0,25,0.05542217940092087,246.8081,150.3284,637.1901,289.0805,0.0,False,True,0.0,test
lvis:4823:136:332,lvis,4823,train2017/000000004823.jpg,136,bow_(weapon),bow_(weapon),True,0,26,0.05519850179553032,291.4672,336.4811,344.9446,352.931,0.0,False,True,0.0,test
lvis:4823:136:332,lvis,4823,train2017/000000004823.jpg,136,bow_(weapon),bow_(weapon),True,0,27,0.05474536493420601,249.8304,167.2932,435.5533,243.5009,0.0,False,True,0.0,test
lvis:4823:136:332,lvis,4823,train2017/000000004823.jpg,136,bow_(weapon),bow_(weapon),True,0,28,0.05352258309721947,101.9806,59.9696,629.0234,475.6374,0.0,False,True,0.0,test
lvis:4823:136:332,lvis,4823,train2017/000000004823.jpg,136,bow_(weapon),bow_(weapon),True,0,29,0.053338970988988876,254.2287,195.7572,436.0274,344.8168,0.0,False,True,0.0,test
lvis:4823:136:332,lvis,4823,train2017/000000004823.jpg,136,bow_(weapon),bow_(weapon),True,0,30,0.05321410298347473,342.4153,354.7313,363.6685,402.865,0.0,False,True,0.0,test
lvis:4823:136:332,lvis,4823,train2017/000000004823.jpg,136,bow_(weapon),bow_(weapon),True,0,31,0.05263115093111992,333.0603,193.8002,496.2649,282.7867,0.0,False,True,0.0,test
lvis:4823:136:332,lvis,4823,train2017/000000004823.jpg,136,bow_(weapon),bow_(weapon),True,0,32,0.05190911889076233,245.3632,176.7407,460.6117,328.2094,0.0,False,True,0.0,test
lvis:4885:571:333,lvis,4885,train2017/000000004885.jpg,571,hot-air_balloon,hot-air_balloon,True,0,0,0.6361251473426819,190.9413,33.8041,533.1702,305.5034,0.0,False,True,9.98792270531401,test
lvis:4885:571:333,lvis,4885,train2017/000000004885.jpg,571,hot-air_balloon,hot-air_balloon,True,0,1,0.18426275253295898,322.8483,27.6423,394.9358,52.6612,0.0,False,True,0.0,test
lvis:4885:571:333,lvis,4885,train2017/000000004885.jpg,571,hot-air_balloon,hot-air_balloon,True,0,2,0.07911202311515808,237.3636,133.6049,450.8051,192.6166,0.0,False,True,0.0,test
lvis:4885:571:333,lvis,4885,train2017/000000004885.jpg,571,hot-air_balloon,hot-air_balloon,True,0,3,0.07695236057043076,520.1176,97.4298,559.3425,114.2546,0.0,False,True,0.0,test
lvis:4885:571:333,lvis,4885,train2017/000000004885.jpg,571,hot-air_balloon,hot-air_balloon,True,0,4,0.07415982335805893,113.9443,12.9107,589.2211,335.1506,0.0,False,True,0.0,test
lvis:4885:571:333,lvis,4885,train2017/000000004885.jpg,571,hot-air_balloon,hot-air_balloon,True,0,5,0.07171286642551422,313.5242,14.9074,406.6056,58.8568,0.0,False,True,0.0,test
lvis:4885:571:333,lvis,4885,train2017/000000004885.jpg,571,hot-air_balloon,hot-air_balloon,True,0,6,0.052364837378263474,321.5146,26.9337,559.7858,115.4765,0.0,False,True,0.0,test
lvis:4885:159:334,lvis,4885,train2017/000000004885.jpg,159,bubble_gum,bubble_gum,True,0,0,0.49584653973579407,193.0179,39.7027,525.0065,304.2994,0.0,False,True,9.98792270531401,test
lvis:4885:159:334,lvis,4885,train2017/000000004885.jpg,159,bubble_gum,bubble_gum,True,0,1,0.30822062492370605,238.9123,134.1077,449.3463,191.1018,0.0,False,True,9.98792270531401,test
lvis:4885:159:334,lvis,4885,train2017/000000004885.jpg,159,bubble_gum,bubble_gum,True,0,2,0.1358482390642166,237.9273,62.7714,480.4079,193.4993,0.0,False,True,0.0,test
lvis:4885:159:334,lvis,4885,train2017/000000004885.jpg,159,bubble_gum,bubble_gum,True,0,3,0.11950192600488663,416.9956,63.0421,480.8147,136.5719,0.0,False,True,0.0,test
lvis:4885:159:334,lvis,4885,train2017/000000004885.jpg,159,bubble_gum,bubble_gum,True,0,4,0.11531275510787964,323.4311,28.5395,394.5197,52.3732,0.0,False,True,0.0,test
lvis:4885:159:334,lvis,4885,train2017/000000004885.jpg,159,bubble_gum,bubble_gum,True,0,5,0.11104143410921097,238.0419,100.435,456.3405,192.9395,0.0,False,True,0.0,test
lvis:4885:159:334,lvis,4885,train2017/000000004885.jpg,159,bubble_gum,bubble_gum,True,0,6,0.10653942078351974,228.483,118.1223,466.5515,206.3983,0.0,False,True,0.0,test
lvis:4885:159:334,lvis,4885,train2017/000000004885.jpg,159,bubble_gum,bubble_gum,True,0,7,0.08929593861103058,211.6001,57.8202,506.5143,250.7338,0.0,False,True,0.0,test
lvis:4885:159:334,lvis,4885,train2017/000000004885.jpg,159,bubble_gum,bubble_gum,True,0,8,0.08045608550310135,516.3154,273.5117,548.5735,288.2386,0.0,False,True,0.0,test
lvis:4885:159:334,lvis,4885,train2017/000000004885.jpg,159,bubble_gum,bubble_gum,True,0,9,0.07421494275331497,417.8111,99.5603,455.7272,134.833,0.0,False,True,0.0,test
lvis:4885:159:334,lvis,4885,train2017/000000004885.jpg,159,bubble_gum,bubble_gum,True,0,10,0.07370038330554962,17.845,14.6194,575.6534,295.946,0.0,False,True,0.0,test
lvis:4885:159:334,lvis,4885,train2017/000000004885.jpg,159,bubble_gum,bubble_gum,True,0,11,0.0646500438451767,515.8248,265.1937,549.2216,289.032,0.0,False,True,0.0,test
lvis:4885:159:334,lvis,4885,train2017/000000004885.jpg,159,bubble_gum,bubble_gum,True,0,12,0.06424260139465332,395.0292,61.8352,480.8473,149.4653,0.0,False,True,0.0,test
lvis:4885:159:334,lvis,4885,train2017/000000004885.jpg,159,bubble_gum,bubble_gum,True,0,13,0.05932031199336052,239.7844,145.9489,282.697,187.8494,0.0,False,True,0.0,test
lvis:4885:159:334,lvis,4885,train2017/000000004885.jpg,159,bubble_gum,bubble_gum,True,0,14,0.0589773915708065,55.5954,201.0591,103.9712,223.7716,0.0,False,True,0.0,test
lvis:4885:159:334,lvis,4885,train2017/000000004885.jpg,159,bubble_gum,bubble_gum,True,0,15,0.05896297097206116,69.5688,63.4739,97.0274,96.2399,0.0,False,True,0.0,test
lvis:4885:159:334,lvis,4885,train2017/000000004885.jpg,159,bubble_gum,bubble_gum,True,0,16,0.05875983089208603,394.5632,133.8264,448.2638,188.8824,0.0,False,True,0.0,test
lvis:4885:159:334,lvis,4885,train2017/000000004885.jpg,159,bubble_gum,bubble_gum,True,0,17,0.05811008810997009,197.1159,271.3792,230.3634,303.6328,0.0,False,True,0.0,test
lvis:4885:159:334,lvis,4885,train2017/000000004885.jpg,159,bubble_gum,bubble_gum,True,0,18,0.057958416640758514,51.7496,13.5413,321.3928,225.6219,0.0,False,True,0.0,test
lvis:4885:159:334,lvis,4885,train2017/000000004885.jpg,159,bubble_gum,bubble_gum,True,0,19,0.05638818070292473,520.4139,98.2281,559.1238,113.6142,0.0,False,True,0.0,test
lvis:4885:159:334,lvis,4885,train2017/000000004885.jpg,159,bubble_gum,bubble_gum,True,0,20,0.055587150156497955,218.4441,104.402,493.1021,222.5318,0.0,False,True,0.0,test
lvis:4885:159:334,lvis,4885,train2017/000000004885.jpg,159,bubble_gum,bubble_gum,True,0,21,0.05558479204773903,237.2472,98.184,556.9763,192.0837,0.0,False,True,0.0,test
lvis:4901:958:335,lvis,4901,train2017/000000004901.jpg,958,shredder_(for_paper),shredder_(for_paper),True,0,0,0.4055476188659668,164.2876,160.4927,353.2696,266.5489,0.0,False,True,9.98792270531401,test
lvis:4901:958:335,lvis,4901,train2017/000000004901.jpg,958,shredder_(for_paper),shredder_(for_paper),True,0,1,0.2550406754016876,378.1,173.5739,512.7582,354.8379,0.0,False,True,9.98792270531401,test
lvis:4901:958:335,lvis,4901,train2017/000000004901.jpg,958,shredder_(for_paper),shredder_(for_paper),True,0,2,0.12997835874557495,76.4344,151.7078,128.9104,216.9898,0.0,False,True,0.0,test
lvis:4901:958:335,lvis,4901,train2017/000000004901.jpg,958,shredder_(for_paper),shredder_(for_paper),True,0,3,0.11230357736349106,363.2462,159.6576,535.1354,371.5316,0.0,False,True,0.0,test
lvis:4901:958:335,lvis,4901,train2017/000000004901.jpg,958,shredder_(for_paper),shredder_(for_paper),True,0,4,0.11182475090026855,376.2529,190.6224,440.8801,268.4305,0.0,False,True,0.0,test
lvis:4901:958:335,lvis,4901,train2017/000000004901.jpg,958,shredder_(for_paper),shredder_(for_paper),True,0,5,0.10089516639709473,145.1834,137.3926,375.6414,292.2941,0.0,False,True,0.0,test
lvis:4901:958:335,lvis,4901,train2017/000000004901.jpg,958,shredder_(for_paper),shredder_(for_paper),True,0,6,0.07847829908132553,60.0578,141.9151,140.1822,230.496,0.0,False,True,0.0,test
lvis:4901:958:335,lvis,4901,train2017/000000004901.jpg,958,shredder_(for_paper),shredder_(for_paper),True,0,7,0.07323664426803589,70.0456,143.5553,517.11,356.5822,0.0,False,True,0.0,test
lvis:4901:958:335,lvis,4901,train2017/000000004901.jpg,958,shredder_(for_paper),shredder_(for_paper),True,0,8,0.06905624270439148,438.4112,333.6755,509.1838,355.001,0.0,False,True,0.0,test
lvis:4901:958:335,lvis,4901,train2017/000000004901.jpg,958,shredder_(for_paper),shredder_(for_paper),True,0,9,0.0637689009308815,12.6422,81.27,563.5884,397.502,0.0,False,True,0.0,test
lvis:4901:958:335,lvis,4901,train2017/000000004901.jpg,958,shredder_(for_paper),shredder_(for_paper),True,0,10,0.06145337596535683,390.3744,191.1215,440.1302,249.2735,0.0,False,True,0.0,test
lvis:4901:958:335,lvis,4901,train2017/000000004901.jpg,958,shredder_(for_paper),shredder_(for_paper),True,0,11,0.05613868683576584,3.7383,176.7782,569.6742,423.2859,0.0,False,True,0.0,test
lvis:4901:958:335,lvis,4901,train2017/000000004901.jpg,958,shredder_(for_paper),shredder_(for_paper),True,0,12,0.05127297341823578,432.5179,326.3589,517.6956,362.158,0.0,False,True,0.0,test
lvis:4901:958:335,lvis,4901,train2017/000000004901.jpg,958,shredder_(for_paper),shredder_(for_paper),True,0,13,0.05073342099785805,2.1261,114.3593,31.795,151.9588,0.0,False,True,0.0,test
lvis:4901:313:336,lvis,4901,train2017/000000004901.jpg,313,cornmeal,cornmeal,True,0,0,0.2377675175666809,165.392,163.8112,350.8397,263.9539,0.0,False,True,9.98792270531401,test
lvis:4901:313:336,lvis,4901,train2017/000000004901.jpg,313,cornmeal,cornmeal,True,0,1,0.15320582687854767,378.3618,175.5469,510.4798,353.1685,0.0,False,True,0.0,test
lvis:4901:313:336,lvis,4901,train2017/000000004901.jpg,313,cornmeal,cornmeal,True,0,2,0.1442626267671585,79.4095,154.6962,126.9941,214.9592,0.0,False,True,0.0,test
lvis:4901:313:336,lvis,4901,train2017/000000004901.jpg,313,cornmeal,cornmeal,True,0,3,0.10967714339494705,375.3447,192.5541,439.6755,269.9406,0.0,False,True,0.0,test
lvis:4901:313:336,lvis,4901,train2017/000000004901.jpg,313,cornmeal,cornmeal,True,0,4,0.050102535635232925,1.9592,184.8026,567.7851,424.1031,0.0,False,True,0.0,test
lvis:4931:557:338,lvis,4931,train2017/000000004931.jpg,557,heron,heron,True,0,0,0.36687156558036804,3.1974,2.187,496.5447,370.0154,0.0,False,True,9.98792270531401,test
lvis:4931:557:338,lvis,4931,train2017/000000004931.jpg,557,heron,heron,True,0,1,0.30926579236984253,368.9081,214.7357,495.7534,324.8733,0.0,False,True,9.98792270531401,test
lvis:4931:557:338,lvis,4931,train2017/000000004931.jpg,557,heron,heron,True,0,2,0.17063221335411072,1.5953,1.057,251.8485,253.5773,0.0,False,True,0.0,test
lvis:4931:557:338,lvis,4931,train2017/000000004931.jpg,557,heron,heron,True,0,3,0.14946703612804413,405.8603,132.6527,498.6804,220.0,0.0,False,True,0.0,test
lvis:4931:557:338,lvis,4931,train2017/000000004931.jpg,557,heron,heron,True,0,4,0.1402273327112198,409.0406,247.1408,448.4687,283.9874,0.0,False,True,0.0,test
lvis:4931:557:338,lvis,4931,train2017/000000004931.jpg,557,heron,heron,True,0,5,0.13765983283519745,0.5951,0.0762,53.8171,13.5795,0.0,False,True,0.0,test
lvis:4931:557:338,lvis,4931,train2017/000000004931.jpg,557,heron,heron,True,0,6,0.10083910077810287,3.5185,2.1694,471.8698,254.1202,0.0,False,True,0.0,test
lvis:4931:557:338,lvis,4931,train2017/000000004931.jpg,557,heron,heron,True,0,7,0.10081566870212555,319.1336,9.9438,473.165,119.824,0.0,False,True,0.0,test
lvis:4931:557:338,lvis,4931,train2017/000000004931.jpg,557,heron,heron,True,0,8,0.10059251636266708,35.6085,49.6936,484.2147,323.5335,0.0,False,True,0.0,test
lvis:4931:557:338,lvis,4931,train2017/000000004931.jpg,557,heron,heron,True,0,9,0.08818551898002625,228.4878,94.6277,433.521,319.7543,0.0,False,True,0.0,test
lvis:4931:557:338,lvis,4931,train2017/000000004931.jpg,557,heron,heron,True,0,10,0.08077625930309296,191.5991,4.3347,322.5352,101.3565,0.0,False,True,0.0,test
lvis:4931:557:338,lvis,4931,train2017/000000004931.jpg,557,heron,heron,True,0,11,0.07274660468101501,392.7733,232.1984,464.0995,299.2752,0.0,False,True,0.0,test
lvis:4931:557:338,lvis,4931,train2017/000000004931.jpg,557,heron,heron,True,0,12,0.07201399654150009,368.632,132.0789,498.0007,325.2546,0.0,False,True,0.0,test
lvis:4931:557:338,lvis,4931,train2017/000000004931.jpg,557,heron,heron,True,0,13,0.06383942812681198,228.8058,92.6101,496.8079,357.1778,0.0,False,True,0.0,test
lvis:4931:557:338,lvis,4931,train2017/000000004931.jpg,557,heron,heron,True,0,14,0.05324564129114151,324.2204,95.205,362.7211,130.8525,0.0,False,True,0.0,test
lvis:4931:557:338,lvis,4931,train2017/000000004931.jpg,557,heron,heron,True,0,15,0.052241574972867966,419.9508,147.9641,483.1501,203.5584,0.0,False,True,0.0,test
lvis:4931:557:338,lvis,4931,train2017/000000004931.jpg,557,heron,heron,True,0,16,0.05173777416348457,22.7041,211.5678,285.6766,372.7905,0.0,False,True,0.0,test
lvis:5001:292:339,lvis,5001,val2017/000000005001.jpg,292,combination_lock,combination_lock,True,0,0,0.2945972979068756,570.3055,151.2414,597.0154,185.0367,0.0,False,True,9.98792270531401,test
lvis:5001:292:339,lvis,5001,val2017/000000005001.jpg,292,combination_lock,combination_lock,True,0,1,0.2589341104030609,280.253,189.3791,310.7182,225.2175,0.0,False,True,9.98792270531401,test
lvis:5001:292:339,lvis,5001,val2017/000000005001.jpg,292,combination_lock,combination_lock,True,0,2,0.20854508876800537,447.0738,195.5198,472.202,224.5876,0.0,False,True,9.98792270531401,test
lvis:5001:292:339,lvis,5001,val2017/000000005001.jpg,292,combination_lock,combination_lock,True,0,3,0.17619113624095917,86.8777,64.6242,103.3054,81.3874,0.0,False,True,0.0,test
lvis:5001:292:339,lvis,5001,val2017/000000005001.jpg,292,combination_lock,combination_lock,True,0,4,0.15632940828800201,23.4814,0.1679,146.7732,30.4052,0.0,False,True,0.0,test
lvis:5001:292:339,lvis,5001,val2017/000000005001.jpg,292,combination_lock,combination_lock,True,0,5,0.1477014422416687,303.8721,130.8468,387.9559,232.2133,0.0,False,True,0.0,test
lvis:5001:292:339,lvis,5001,val2017/000000005001.jpg,292,combination_lock,combination_lock,True,0,6,0.1194913312792778,1.363,315.6596,529.1381,431.9892,0.0,False,True,0.0,test
lvis:5001:292:339,lvis,5001,val2017/000000005001.jpg,292,combination_lock,combination_lock,True,0,7,0.11160318553447723,91.8,320.4557,132.7264,374.5999,0.0,False,True,0.0,test
lvis:5001:292:339,lvis,5001,val2017/000000005001.jpg,292,combination_lock,combination_lock,True,0,8,0.1053275316953659,286.4576,254.565,348.2687,319.1537,0.0,False,True,0.0,test
lvis:5001:292:339,lvis,5001,val2017/000000005001.jpg,292,combination_lock,combination_lock,True,0,9,0.10309276729822159,366.2294,94.4189,521.92,476.862,0.0,False,True,0.0,test
lvis:5001:292:339,lvis,5001,val2017/000000005001.jpg,292,combination_lock,combination_lock,True,0,10,0.10275956988334656,563.5615,145.5597,604.5767,189.7746,0.0,False,True,0.0,test
lvis:5001:292:339,lvis,5001,val2017/000000005001.jpg,292,combination_lock,combination_lock,True,0,11,0.10156738758087158,3.4371,1.8815,636.5588,477.3623,0.0,False,True,0.0,test
lvis:5001:292:339,lvis,5001,val2017/000000005001.jpg,292,combination_lock,combination_lock,True,0,12,0.0975005030632019,203.5373,269.6941,282.0464,440.3494,0.0,False,True,0.0,test
lvis:5001:292:339,lvis,5001,val2017/000000005001.jpg,292,combination_lock,combination_lock,True,0,13,0.09521374851465225,278.3419,160.0742,312.7735,226.0105,0.0,False,True,0.0,test
lvis:5001:292:339,lvis,5001,val2017/000000005001.jpg,292,combination_lock,combination_lock,True,0,14,0.08933914452791214,180.9176,201.6856,227.2401,284.353,0.0,False,True,0.0,test
lvis:5001:292:339,lvis,5001,val2017/000000005001.jpg,292,combination_lock,combination_lock,True,0,15,0.08904613554477692,442.9875,190.8404,476.7173,228.7761,0.0,False,True,0.0,test
lvis:5001:292:339,lvis,5001,val2017/000000005001.jpg,292,combination_lock,combination_lock,True,0,16,0.08511937409639359,92.0276,320.5809,128.712,358.3356,0.0,False,True,0.0,test
lvis:5001:292:339,lvis,5001,val2017/000000005001.jpg,292,combination_lock,combination_lock,True,0,17,0.08412454277276993,40.6259,0.3447,119.2526,29.2704,0.0,False,True,0.0,test
lvis:5001:292:339,lvis,5001,val2017/000000005001.jpg,292,combination_lock,combination_lock,True,0,18,0.08307035267353058,81.8457,61.3615,106.2952,84.8647,0.0,False,True,0.0,test
lvis:5001:292:339,lvis,5001,val2017/000000005001.jpg,292,combination_lock,combination_lock,True,0,19,0.08210860937833786,76.7712,224.9221,188.8062,478.0869,0.0,False,True,0.0,test
lvis:5001:292:339,lvis,5001,val2017/000000005001.jpg,292,combination_lock,combination_lock,True,0,20,0.08066637814044952,449.1519,333.6527,472.0623,425.1084,0.0,False,True,0.0,test
lvis:5001:292:339,lvis,5001,val2017/000000005001.jpg,292,combination_lock,combination_lock,True,0,21,0.07701576501131058,180.7185,201.3946,276.7738,439.2744,0.0,False,True,0.0,test
lvis:5001:292:339,lvis,5001,val2017/000000005001.jpg,292,combination_lock,combination_lock,True,0,22,0.0748736709356308,107.2323,358.9836,527.5475,398.8032,0.0,False,True,0.0,test
lvis:5001:292:339,lvis,5001,val2017/000000005001.jpg,292,combination_lock,combination_lock,True,0,23,0.07433418184518814,203.8587,254.2483,348.6066,440.213,0.0,False,True,0.0,test
lvis:5001:292:339,lvis,5001,val2017/000000005001.jpg,292,combination_lock,combination_lock,True,0,24,0.07420401275157928,478.7426,298.2605,504.0376,315.9518,0.0,False,True,0.0,test
lvis:5001:292:339,lvis,5001,val2017/000000005001.jpg,292,combination_lock,combination_lock,True,0,25,0.07066074758768082,2.2918,253.1447,528.1494,476.3837,0.0,False,True,0.0,test
lvis:5001:292:339,lvis,5001,val2017/000000005001.jpg,292,combination_lock,combination_lock,True,0,26,0.06671499460935593,190.3663,203.5621,215.8969,245.3177,0.0,False,True,0.0,test
lvis:5001:292:339,lvis,5001,val2017/000000005001.jpg,292,combination_lock,combination_lock,True,0,27,0.0628848522901535,105.6639,330.9254,528.2771,433.1409,0.0,False,True,0.0,test
lvis:5001:292:339,lvis,5001,val2017/000000005001.jpg,292,combination_lock,combination_lock,True,0,28,0.06254836916923523,42.4313,52.1829,525.7332,472.4976,0.0,False,True,0.0,test
lvis:5001:292:339,lvis,5001,val2017/000000005001.jpg,292,combination_lock,combination_lock,True,0,29,0.06171274185180664,359.3346,86.5714,384.3709,126.2158,0.0,False,True,0.0,test
lvis:5001:292:339,lvis,5001,val2017/000000005001.jpg,292,combination_lock,combination_lock,True,0,30,0.06084496155381203,284.0975,289.6705,301.0881,321.5615,0.0,False,True,0.0,test
lvis:5001:292:339,lvis,5001,val2017/000000005001.jpg,292,combination_lock,combination_lock,True,0,31,0.0606374628841877,47.2814,51.8513,136.6473,141.6506,0.0,False,True,0.0,test
lvis:5001:292:339,lvis,5001,val2017/000000005001.jpg,292,combination_lock,combination_lock,True,0,32,0.06048746779561043,0.545,352.6781,131.8051,388.9347,0.0,False,True,0.0,test
lvis:5001:292:339,lvis,5001,val2017/000000005001.jpg,292,combination_lock,combination_lock,True,0,33,0.05941162630915642,537.8069,271.2729,556.4486,300.0374,0.0,False,True,0.0,test
lvis:5001:292:339,lvis,5001,val2017/000000005001.jpg,292,combination_lock,combination_lock,True,0,34,0.0594111904501915,343.7686,54.019,404.5461,156.5843,0.0,False,True,0.0,test
lvis:5001:292:339,lvis,5001,val2017/000000005001.jpg,292,combination_lock,combination_lock,True,0,35,0.05898036062717438,434.5132,47.8084,507.6017,162.7646,0.0,False,True,0.0,test
lvis:5001:292:339,lvis,5001,val2017/000000005001.jpg,292,combination_lock,combination_lock,True,0,36,0.05841422453522682,355.8264,387.7082,382.326,430.9948,0.0,False,True,0.0,test
lvis:5001:292:339,lvis,5001,val2017/000000005001.jpg,292,combination_lock,combination_lock,True,0,37,0.05598773434758186,463.1511,59.7509,490.899,75.6898,0.0,False,True,0.0,test
lvis:5001:292:339,lvis,5001,val2017/000000005001.jpg,292,combination_lock,combination_lock,True,0,38,0.05560823529958725,294.4718,51.446,355.844,137.3359,0.0,False,True,0.0,test
lvis:5001:292:339,lvis,5001,val2017/000000005001.jpg,292,combination_lock,combination_lock,True,0,39,0.05448206141591072,77.3914,320.0479,133.0379,378.6689,0.0,False,True,0.0,test
lvis:5001:292:339,lvis,5001,val2017/000000005001.jpg,292,combination_lock,combination_lock,True,0,40,0.05434561148285866,178.3517,199.4892,231.4048,306.0157,0.0,False,True,0.0,test
lvis:5001:292:339,lvis,5001,val2017/000000005001.jpg,292,combination_lock,combination_lock,True,0,41,0.05409889295697212,425.6659,172.495,443.447,193.4849,0.0,False,True,0.0,test
lvis:5001:292:339,lvis,5001,val2017/000000005001.jpg,292,combination_lock,combination_lock,True,0,42,0.05237852782011032,112.0654,285.9689,160.542,305.3526,0.0,False,True,0.0,test
lvis:5001:292:339,lvis,5001,val2017/000000005001.jpg,292,combination_lock,combination_lock,True,0,43,0.050872646272182465,570.8308,163.8756,586.2994,179.3322,0.0,False,True,0.0,test
lvis:5001:292:339,lvis,5001,val2017/000000005001.jpg,292,combination_lock,combination_lock,True,0,44,0.05074088275432587,171.198,31.7127,260.5626,209.6776,0.0,False,True,0.0,test
lvis:5018:902:341,lvis,5018,train2017/000000005018.jpg,902,safety_pin,safety_pin,True,0,0,0.3124319911003113,338.1083,253.4947,409.3682,305.1998,0.0,False,True,9.98792270531401,test
lvis:5018:902:341,lvis,5018,train2017/000000005018.jpg,902,safety_pin,safety_pin,True,0,1,0.26937583088874817,86.4709,52.4474,121.1381,104.2109,0.0,False,True,9.98792270531401,test
lvis:5018:902:341,lvis,5018,train2017/000000005018.jpg,902,safety_pin,safety_pin,True,0,2,0.25618335604667664,171.7972,309.1069,249.781,364.6773,0.0,False,True,9.98792270531401,test
lvis:5018:902:341,lvis,5018,train2017/000000005018.jpg,902,safety_pin,safety_pin,True,0,3,0.24835678935050964,32.1984,18.1554,608.5827,476.1763,0.0,False,True,9.98792270531401,test
lvis:5018:902:341,lvis,5018,train2017/000000005018.jpg,902,safety_pin,safety_pin,True,0,4,0.23119644820690155,132.3074,150.8746,209.6848,187.76,0.0,False,True,9.98792270531401,test
lvis:5018:902:341,lvis,5018,train2017/000000005018.jpg,902,safety_pin,safety_pin,True,0,5,0.22125987708568573,355.6152,271.1745,391.1611,292.4314,0.0,False,True,9.98792270531401,test
lvis:5018:902:341,lvis,5018,train2017/000000005018.jpg,902,safety_pin,safety_pin,True,0,6,0.18597739934921265,303.9349,17.567,613.2509,476.5515,0.0,False,True,0.0,test
lvis:5018:902:341,lvis,5018,train2017/000000005018.jpg,902,safety_pin,safety_pin,True,0,7,0.16974763572216034,344.8524,259.5403,391.744,293.5396,0.0,False,True,0.0,test
lvis:5018:902:341,lvis,5018,train2017/000000005018.jpg,902,safety_pin,safety_pin,True,0,8,0.1646222174167633,34.0973,9.9857,98.3257,57.4333,0.0,False,True,0.0,test
lvis:5018:902:341,lvis,5018,train2017/000000005018.jpg,902,safety_pin,safety_pin,True,0,9,0.13192228972911835,205.4692,-0.1258,469.8396,79.4288,0.0,False,True,0.0,test
lvis:5018:902:341,lvis,5018,train2017/000000005018.jpg,902,safety_pin,safety_pin,True,0,10,0.10341096669435501,366.1098,261.5472,385.8107,275.24,0.0,False,True,0.0,test
lvis:5018:902:341,lvis,5018,train2017/000000005018.jpg,902,safety_pin,safety_pin,True,0,11,0.0973832756280899,362.3037,46.8597,382.9741,87.8765,0.0,False,True,0.0,test
lvis:5018:902:341,lvis,5018,train2017/000000005018.jpg,902,safety_pin,safety_pin,True,0,12,0.09062645584344864,347.0413,40.1239,369.3303,76.2169,0.0,False,True,0.0,test
lvis:5018:902:341,lvis,5018,train2017/000000005018.jpg,902,safety_pin,safety_pin,True,0,13,0.08512004464864731,332.4413,47.4035,350.8661,83.3098,0.0,False,True,0.0,test
lvis:5018:902:341,lvis,5018,train2017/000000005018.jpg,902,safety_pin,safety_pin,True,0,14,0.08506655693054199,331.6371,37.906,383.4688,107.3413,0.0,False,True,0.0,test
lvis:5018:902:341,lvis,5018,train2017/000000005018.jpg,902,safety_pin,safety_pin,True,0,15,0.08289732038974762,349.5484,259.4143,386.4215,275.3348,0.0,False,True,0.0,test
lvis:5018:902:341,lvis,5018,train2017/000000005018.jpg,902,safety_pin,safety_pin,True,0,16,0.08028096705675125,32.3969,98.5034,410.0919,387.3345,0.0,False,True,0.0,test
lvis:5018:902:341,lvis,5018,train2017/000000005018.jpg,902,safety_pin,safety_pin,True,0,17,0.07987326383590698,349.4532,259.5671,367.8841,271.1445,0.0,False,True,0.0,test
lvis:5018:902:341,lvis,5018,train2017/000000005018.jpg,902,safety_pin,safety_pin,True,0,18,0.07883577048778534,82.8914,99.7523,407.9268,288.4274,0.0,False,True,0.0,test
lvis:5018:902:341,lvis,5018,train2017/000000005018.jpg,902,safety_pin,safety_pin,True,0,19,0.07653158903121948,145.1856,166.6645,208.9273,186.0371,0.0,False,True,0.0,test
lvis:5018:902:341,lvis,5018,train2017/000000005018.jpg,902,safety_pin,safety_pin,True,0,20,0.07132574915885925,186.2836,311.5494,219.7351,327.6871,0.0,False,True,0.0,test
lvis:5018:902:341,lvis,5018,train2017/000000005018.jpg,902,safety_pin,safety_pin,True,0,21,0.05942650884389877,34.6077,24.0188,70.4878,55.0271,0.0,False,True,0.0,test
lvis:5018:902:341,lvis,5018,train2017/000000005018.jpg,902,safety_pin,safety_pin,True,0,22,0.05614279583096504,92.8781,62.2851,106.2264,78.8207,0.0,False,True,0.0,test
lvis:5018:902:341,lvis,5018,train2017/000000005018.jpg,902,safety_pin,safety_pin,True,0,23,0.0549667589366436,32.7323,0.6347,174.0267,183.977,0.0,False,True,0.0,test
lvis:5018:902:341,lvis,5018,train2017/000000005018.jpg,902,safety_pin,safety_pin,True,0,24,0.05485372245311737,252.4888,0.17,283.7312,58.3785,0.0,False,True,0.0,test
lvis:5018:902:341,lvis,5018,train2017/000000005018.jpg,902,safety_pin,safety_pin,True,0,25,0.05179394781589508,125.3649,142.8792,221.1635,200.6471,0.0,False,True,0.0,test
lvis:5018:902:341,lvis,5018,train2017/000000005018.jpg,902,safety_pin,safety_pin,True,0,26,0.05095914006233215,335.5662,206.4403,463.6901,308.2124,0.0,False,True,0.0,test
lvis:5018:902:341,lvis,5018,train2017/000000005018.jpg,902,safety_pin,safety_pin,True,0,27,0.05083148553967476,333.8112,205.5475,465.246,374.9935,0.0,False,True,0.0,test
lvis:5018:902:341,lvis,5018,train2017/000000005018.jpg,902,safety_pin,safety_pin,True,0,28,0.05038690194487572,337.2657,252.1515,411.0836,374.2744,0.0,False,True,0.0,test
lvis:5018:902:341,lvis,5018,train2017/000000005018.jpg,902,safety_pin,safety_pin,True,0,29,0.050236403942108154,185.4231,310.6801,236.6686,334.7196,0.0,False,True,0.0,test
lvis:5028:1144:344,lvis,5028,train2017/000000005028.jpg,1144,vinegar,vinegar,True,0,0,0.3076792061328888,282.7311,132.8843,358.0905,268.4816,0.0,False,True,9.98792270531401,test
lvis:5028:1144:344,lvis,5028,train2017/000000005028.jpg,1144,vinegar,vinegar,True,0,1,0.27553823590278625,240.0814,445.5387,280.5658,461.5746,0.0,False,True,9.98792270531401,test
lvis:5028:1144:344,lvis,5028,train2017/000000005028.jpg,1144,vinegar,vinegar,True,0,2,0.2495550960302353,222.054,403.9344,260.8853,441.1202,0.0,False,True,9.98792270531401,test
lvis:5028:1144:344,lvis,5028,train2017/000000005028.jpg,1144,vinegar,vinegar,True,0,3,0.18047918379306793,186.0719,172.0273,271.7618,329.4769,0.0,False,True,0.0,test
lvis:5028:1144:344,lvis,5028,train2017/000000005028.jpg,1144,vinegar,vinegar,True,0,4,0.17635077238082886,194.4412,125.0987,228.3329,181.1021,0.0,False,True,0.0,test
lvis:5028:1144:344,lvis,5028,train2017/000000005028.jpg,1144,vinegar,vinegar,True,0,5,0.17290566861629486,247.0735,239.623,296.3454,256.8276,0.0,False,True,0.0,test
lvis:5028:1144:344,lvis,5028,train2017/000000005028.jpg,1144,vinegar,vinegar,True,0,6,0.16518451273441315,419.2763,272.5145,455.8328,288.5079,0.0,False,True,0.0,test
lvis:5028:1144:344,lvis,5028,train2017/000000005028.jpg,1144,vinegar,vinegar,True,0,7,0.15871544182300568,132.0956,125.1459,140.4732,146.7323,0.0,False,True,0.0,test
lvis:5028:1144:344,lvis,5028,train2017/000000005028.jpg,1144,vinegar,vinegar,True,0,8,0.15795914828777313,207.5081,184.0782,237.2174,278.7001,0.0,False,True,0.0,test
lvis:5028:1144:344,lvis,5028,train2017/000000005028.jpg,1144,vinegar,vinegar,True,0,9,0.13847298920154572,150.0806,152.0472,158.8822,198.8957,0.0,False,True,0.0,test
lvis:5028:1144:344,lvis,5028,train2017/000000005028.jpg,1144,vinegar,vinegar,True,0,10,0.13470108807086945,138.8027,128.1025,155.7785,151.4682,0.0,False,True,0.0,test
lvis:5028:1144:344,lvis,5028,train2017/000000005028.jpg,1144,vinegar,vinegar,True,0,11,0.12930095195770264,322.7411,205.1447,632.0673,465.4887,0.0,False,True,0.0,test
lvis:5028:1144:344,lvis,5028,train2017/000000005028.jpg,1144,vinegar,vinegar,True,0,12,0.12893131375312805,208.2623,184.9531,236.0073,216.0812,0.0,False,True,0.0,test
lvis:5028:1144:344,lvis,5028,train2017/000000005028.jpg,1144,vinegar,vinegar,True,0,13,0.12768514454364777,132.0535,124.8936,156.3182,151.7919,0.0,False,True,0.0,test
lvis:5028:1144:344,lvis,5028,train2017/000000005028.jpg,1144,vinegar,vinegar,True,0,14,0.12726177275180817,175.9211,350.2053,447.675,478.7681,0.0,False,True,0.0,test
lvis:5028:1144:344,lvis,5028,train2017/000000005028.jpg,1144,vinegar,vinegar,True,0,15,0.12660366296768188,256.3126,362.9458,400.1631,434.8139,0.0,False,True,0.0,test
lvis:5028:1144:344,lvis,5028,train2017/000000005028.jpg,1144,vinegar,vinegar,True,0,16,0.12609919905662537,331.2077,256.791,428.8237,323.8088,0.0,False,True,0.0,test
lvis:5028:1144:344,lvis,5028,train2017/000000005028.jpg,1144,vinegar,vinegar,True,0,17,0.11700867116451263,61.0102,163.9004,70.0186,183.7374,0.0,False,True,0.0,test
lvis:5028:1144:344,lvis,5028,train2017/000000005028.jpg,1144,vinegar,vinegar,True,0,18,0.11519555747509003,150.7904,152.5682,158.1487,188.7988,0.0,False,True,0.0,test
lvis:5028:1144:344,lvis,5028,train2017/000000005028.jpg,1144,vinegar,vinegar,True,0,19,0.1147901639342308,210.6742,248.4953,228.7872,277.9096,0.0,False,True,0.0,test
lvis:5028:1144:344,lvis,5028,train2017/000000005028.jpg,1144,vinegar,vinegar,True,0,20,0.11423695832490921,224.2681,117.613,260.6838,177.2327,0.0,False,True,0.0,test
lvis:5028:1144:344,lvis,5028,train2017/000000005028.jpg,1144,vinegar,vinegar,True,0,21,0.11007450520992279,393.8177,373.3687,424.5252,388.9974,0.0,False,True,0.0,test
lvis:5028:1144:344,lvis,5028,train2017/000000005028.jpg,1144,vinegar,vinegar,True,0,22,0.10506455600261688,60.8896,145.2195,66.0272,156.3257,0.0,False,True,0.0,test
lvis:5028:1144:344,lvis,5028,train2017/000000005028.jpg,1144,vinegar,vinegar,True,0,23,0.10193698108196259,206.823,181.1883,267.9495,278.6734,0.0,False,True,0.0,test
lvis:5028:1144:344,lvis,5028,train2017/000000005028.jpg,1144,vinegar,vinegar,True,0,24,0.10043969005346298,209.3674,215.8991,237.0723,246.3052,0.0,False,True,0.0,test
lvis:5028:1144:344,lvis,5028,train2017/000000005028.jpg,1144,vinegar,vinegar,True,0,25,0.09983502328395844,193.1829,117.4153,260.8041,180.8437,0.0,False,True,0.0,test
lvis:5028:1144:344,lvis,5028,train2017/000000005028.jpg,1144,vinegar,vinegar,True,0,26,0.09833035618066788,55.6107,163.0761,85.9401,186.7993,0.0,False,True,0.0,test
lvis:5028:1144:344,lvis,5028,train2017/000000005028.jpg,1144,vinegar,vinegar,True,0,27,0.09594929218292236,287.2129,144.7297,356.2543,176.6738,0.0,False,True,0.0,test
lvis:5028:1144:344,lvis,5028,train2017/000000005028.jpg,1144,vinegar,vinegar,True,0,28,0.0957043394446373,208.0798,187.1098,216.1642,216.5624,0.0,False,True,0.0,test
lvis:5028:1144:344,lvis,5028,train2017/000000005028.jpg,1144,vinegar,vinegar,True,0,29,0.09517262130975723,65.5261,171.2227,76.4641,185.9362,0.0,False,True,0.0,test
lvis:5028:1144:344,lvis,5028,train2017/000000005028.jpg,1144,vinegar,vinegar,True,0,30,0.09445011615753174,365.9796,282.7105,385.4062,301.36,0.0,False,True,0.0,test
lvis:5028:1144:344,lvis,5028,train2017/000000005028.jpg,1144,vinegar,vinegar,True,0,31,0.09281864762306213,243.4843,183.4114,265.5076,208.4357,0.0,False,True,0.0,test
lvis:5028:1144:344,lvis,5028,train2017/000000005028.jpg,1144,vinegar,vinegar,True,0,32,0.09242317080497742,242.039,282.2146,283.6828,323.9575,0.0,False,True,0.0,test
lvis:5028:1144:344,lvis,5028,train2017/000000005028.jpg,1144,vinegar,vinegar,True,0,33,0.09072262793779373,232.7318,148.0445,247.5051,177.4397,0.0,False,True,0.0,test
lvis:5028:1144:344,lvis,5028,train2017/000000005028.jpg,1144,vinegar,vinegar,True,0,34,0.0900355726480484,186.3052,126.4316,359.3026,337.7996,0.0,False,True,0.0,test
lvis:5028:1144:344,lvis,5028,train2017/000000005028.jpg,1144,vinegar,vinegar,True,0,35,0.0894327312707901,74.7738,170.1784,84.9099,186.2001,0.0,False,True,0.0,test
lvis:5028:1144:344,lvis,5028,train2017/000000005028.jpg,1144,vinegar,vinegar,True,0,36,0.08337549865245819,210.8037,250.0297,217.8654,278.1732,0.0,False,True,0.0,test
lvis:5028:1144:344,lvis,5028,train2017/000000005028.jpg,1144,vinegar,vinegar,True,0,37,0.083163782954216,0.214,271.2672,30.9174,402.2311,0.0,False,True,0.0,test
lvis:5028:1144:344,lvis,5028,train2017/000000005028.jpg,1144,vinegar,vinegar,True,0,38,0.08306672424077988,55.571,163.1821,75.6382,185.6239,0.0,False,True,0.0,test
lvis:5028:1144:344,lvis,5028,train2017/000000005028.jpg,1144,vinegar,vinegar,True,0,39,0.08171635121107101,104.5019,163.6856,113.1584,181.1732,0.0,False,True,0.0,test
lvis:5028:1144:344,lvis,5028,train2017/000000005028.jpg,1144,vinegar,vinegar,True,0,40,0.08135277032852173,272.5935,129.3237,359.0327,347.6072,0.0,False,True,0.0,test
lvis:5028:1144:344,lvis,5028,train2017/000000005028.jpg,1144,vinegar,vinegar,True,0,41,0.0810779556632042,333.6242,202.4835,456.3393,367.7569,0.0,False,True,0.0,test
lvis:5028:1144:344,lvis,5028,train2017/000000005028.jpg,1144,vinegar,vinegar,True,0,42,0.08081911504268646,187.3944,174.1028,271.0859,279.6948,0.0,False,True,0.0,test
lvis:5028:1144:344,lvis,5028,train2017/000000005028.jpg,1144,vinegar,vinegar,True,0,43,0.08035551011562347,342.2231,212.5649,351.5238,258.7136,0.0,False,True,0.0,test
lvis:5028:1144:344,lvis,5028,train2017/000000005028.jpg,1144,vinegar,vinegar,True,0,44,0.0793449804186821,11.9683,365.1098,89.2907,433.7228,0.0,False,True,0.0,test
lvis:5028:1144:344,lvis,5028,train2017/000000005028.jpg,1144,vinegar,vinegar,True,0,45,0.07742127776145935,0.1313,271.609,26.7796,374.9561,0.0,False,True,0.0,test
lvis:5028:1144:344,lvis,5028,train2017/000000005028.jpg,1144,vinegar,vinegar,True,0,46,0.07661410421133041,386.7195,268.11,416.3476,296.1891,0.0,False,True,0.0,test
lvis:5028:1144:344,lvis,5028,train2017/000000005028.jpg,1144,vinegar,vinegar,True,0,47,0.07595039159059525,246.8699,239.7815,266.4036,253.7222,0.0,False,True,0.0,test
lvis:5028:1144:344,lvis,5028,train2017/000000005028.jpg,1144,vinegar,vinegar,True,0,48,0.07593194395303726,74.4397,157.7474,160.062,307.7078,0.0,False,True,0.0,test
lvis:5028:1144:344,lvis,5028,train2017/000000005028.jpg,1144,vinegar,vinegar,True,0,49,0.07469305396080017,420.1185,273.779,453.4048,283.3722,0.0,False,True,0.0,test
lvis:5028:1144:344,lvis,5028,train2017/000000005028.jpg,1144,vinegar,vinegar,True,0,50,0.07222488522529602,390.8265,224.5687,423.781,236.1845,0.0,False,True,0.0,test
lvis:5028:1144:344,lvis,5028,train2017/000000005028.jpg,1144,vinegar,vinegar,True,0,51,0.0712025836110115,228.8174,216.2172,236.8505,242.4709,0.0,False,True,0.0,test
lvis:5028:1144:344,lvis,5028,train2017/000000005028.jpg,1144,vinegar,vinegar,True,0,52,0.07092496752738953,191.7933,171.2045,202.8835,181.5363,0.0,False,True,0.0,test
lvis:5028:1144:344,lvis,5028,train2017/000000005028.jpg,1144,vinegar,vinegar,True,0,53,0.07090546935796738,64.5416,44.8981,156.1809,142.3637,0.0,False,True,0.0,test
lvis:5028:1144:344,lvis,5028,train2017/000000005028.jpg,1144,vinegar,vinegar,True,0,54,0.0705496221780777,231.609,422.6282,252.0481,439.6418,0.0,False,True,0.0,test
lvis:5028:1144:344,lvis,5028,train2017/000000005028.jpg,1144,vinegar,vinegar,True,0,55,0.07024422287940979,207.9282,184.7947,237.3919,246.7324,0.0,False,True,0.0,test
lvis:5028:1144:344,lvis,5028,train2017/000000005028.jpg,1144,vinegar,vinegar,True,0,56,0.07020757347345352,216.667,157.1382,227.5739,179.0466,0.0,False,True,0.0,test
lvis:5028:1144:344,lvis,5028,train2017/000000005028.jpg,1144,vinegar,vinegar,True,0,57,0.07011928409337997,245.7568,209.852,266.3742,238.1971,0.0,False,True,0.0,test
lvis:5028:1144:344,lvis,5028,train2017/000000005028.jpg,1144,vinegar,vinegar,True,0,58,0.06994163990020752,218.4918,249.357,227.9377,275.7759,0.0,False,True,0.0,test
lvis:5028:1144:344,lvis,5028,train2017/000000005028.jpg,1144,vinegar,vinegar,True,0,59,0.06960880756378174,245.0394,239.7586,326.4165,350.673,0.0,False,True,0.0,test
lvis:5028:1144:344,lvis,5028,train2017/000000005028.jpg,1144,vinegar,vinegar,True,0,60,0.06937714666128159,224.7374,184.7944,235.0363,213.4135,0.0,False,True,0.0,test
lvis:5028:1144:344,lvis,5028,train2017/000000005028.jpg,1144,vinegar,vinegar,True,0,61,0.0693434476852417,214.8909,185.9999,223.9341,215.2531,0.0,False,True,0.0,test
lvis:5028:1144:344,lvis,5028,train2017/000000005028.jpg,1144,vinegar,vinegar,True,0,62,0.06898979097604752,66.6582,44.4239,93.4515,55.8635,0.0,False,True,0.0,test
lvis:5028:1144:344,lvis,5028,train2017/000000005028.jpg,1144,vinegar,vinegar,True,0,63,0.06759385764598846,317.8603,146.4304,334.6089,176.0296,0.0,False,True,0.0,test
lvis:5028:1144:344,lvis,5028,train2017/000000005028.jpg,1144,vinegar,vinegar,True,0,64,0.06740742176771164,289.5645,144.855,317.8289,174.8621,0.0,False,True,0.0,test
lvis:5028:1144:344,lvis,5028,train2017/000000005028.jpg,1144,vinegar,vinegar,True,0,65,0.06734255701303482,285.7838,143.772,356.6474,208.3078,0.0,False,True,0.0,test
lvis:5028:1144:344,lvis,5028,train2017/000000005028.jpg,1144,vinegar,vinegar,True,0,66,0.06731031835079193,243.0359,182.1264,267.4077,239.0587,0.0,False,True,0.0,test
lvis:5028:1144:344,lvis,5028,train2017/000000005028.jpg,1144,vinegar,vinegar,True,0,67,0.06700809299945831,209.8461,218.044,222.2382,246.4459,0.0,False,True,0.0,test
lvis:5028:1144:344,lvis,5028,train2017/000000005028.jpg,1144,vinegar,vinegar,True,0,68,0.06615190953016281,289.1918,144.295,300.0342,173.1698,0.0,False,True,0.0,test
lvis:5028:1144:344,lvis,5028,train2017/000000005028.jpg,1144,vinegar,vinegar,True,0,69,0.06580764055252075,287.5274,207.1826,314.2257,236.249,0.0,False,True,0.0,test
lvis:5028:1144:344,lvis,5028,train2017/000000005028.jpg,1144,vinegar,vinegar,True,0,70,0.06563118100166321,356.7906,199.1295,363.989,216.9957,0.0,False,True,0.0,test
lvis:5028:1144:344,lvis,5028,train2017/000000005028.jpg,1144,vinegar,vinegar,True,0,71,0.06523074209690094,201.2309,156.2072,227.6086,180.4443,0.0,False,True,0.0,test
lvis:5028:1144:344,lvis,5028,train2017/000000005028.jpg,1144,vinegar,vinegar,True,0,72,0.06517382711172104,55.335,163.595,64.6002,184.0337,0.0,False,True,0.0,test
lvis:5028:1144:344,lvis,5028,train2017/000000005028.jpg,1144,vinegar,vinegar,True,0,73,0.06517084687948227,0.2653,272.4681,108.4495,434.5921,0.0,False,True,0.0,test
lvis:5028:1144:344,lvis,5028,train2017/000000005028.jpg,1144,vinegar,vinegar,True,0,74,0.06485394388437271,196.948,125.482,224.7979,159.8336,0.0,False,True,0.0,test
lvis:5028:1144:344,lvis,5028,train2017/000000005028.jpg,1144,vinegar,vinegar,True,0,75,0.0648297443985939,291.9715,128.7837,335.5548,147.4033,0.0,False,True,0.0,test
lvis:5028:1144:344,lvis,5028,train2017/000000005028.jpg,1144,vinegar,vinegar,True,0,76,0.0645204484462738,288.0082,145.5345,352.6575,238.0745,0.0,False,True,0.0,test
lvis:5028:1144:344,lvis,5028,train2017/000000005028.jpg,1144,vinegar,vinegar,True,0,77,0.06412181258201599,265.3369,241.0326,295.7849,256.4438,0.0,False,True,0.0,test
lvis:5028:1144:344,lvis,5028,train2017/000000005028.jpg,1144,vinegar,vinegar,True,0,78,0.06342775374650955,283.8568,455.6545,321.128,475.2906,0.0,False,True,0.0,test
lvis:5028:1144:344,lvis,5028,train2017/000000005028.jpg,1144,vinegar,vinegar,True,0,79,0.06335867196321487,243.6091,184.8377,251.0667,208.4629,0.0,False,True,0.0,test
lvis:5028:1144:344,lvis,5028,train2017/000000005028.jpg,1144,vinegar,vinegar,True,0,80,0.06333711743354797,339.4662,146.7228,356.2511,177.0015,0.0,False,True,0.0,test
lvis:5028:1144:344,lvis,5028,train2017/000000005028.jpg,1144,vinegar,vinegar,True,0,81,0.06301642954349518,233.9786,424.7229,248.822,438.7468,0.0,False,True,0.0,test
lvis:5028:1144:344,lvis,5028,train2017/000000005028.jpg,1144,vinegar,vinegar,True,0,82,0.062147464603185654,286.7112,145.2518,292.5775,171.2281,0.0,False,True,0.0,test
lvis:5028:1144:344,lvis,5028,train2017/000000005028.jpg,1144,vinegar,vinegar,True,0,83,0.06193466857075691,317.0821,177.3777,352.8189,208.011,0.0,False,True,0.0,test
lvis:5028:1144:344,lvis,5028,train2017/000000005028.jpg,1144,vinegar,vinegar,True,0,84,0.060389842838048935,60.2244,42.734,160.8905,308.1247,0.0,False,True,0.0,test
lvis:5028:1144:344,lvis,5028,train2017/000000005028.jpg,1144,vinegar,vinegar,True,0,85,0.060365915298461914,369.1512,282.8373,380.3331,295.7484,0.0,False,True,0.0,test
lvis:5028:1144:344,lvis,5028,train2017/000000005028.jpg,1144,vinegar,vinegar,True,0,86,0.05927722156047821,287.0685,175.2418,315.3411,205.6143,0.0,False,True,0.0,test
lvis:5028:1144:344,lvis,5028,train2017/000000005028.jpg,1144,vinegar,vinegar,True,0,87,0.058959297835826874,317.1656,209.0815,350.7042,241.3899,0.0,False,True,0.0,test
lvis:5028:1144:344,lvis,5028,train2017/000000005028.jpg,1144,vinegar,vinegar,True,0,88,0.05890888348221779,87.0856,157.4101,97.6729,182.6653,0.0,False,True,0.0,test
lvis:5028:1144:344,lvis,5028,train2017/000000005028.jpg,1144,vinegar,vinegar,True,0,89,0.05795867741107941,75.2136,191.5916,149.7442,306.7752,0.0,False,True,0.0,test
lvis:5028:1144:344,lvis,5028,train2017/000000005028.jpg,1144,vinegar,vinegar,True,0,90,0.0573701411485672,556.31,46.3313,638.8075,205.2208,0.0,False,True,0.0,test
lvis:5028:1144:344,lvis,5028,train2017/000000005028.jpg,1144,vinegar,vinegar,True,0,91,0.0569375716149807,246.2111,238.7862,312.3233,273.1495,0.0,False,True,0.0,test
lvis:5028:1144:344,lvis,5028,train2017/000000005028.jpg,1144,vinegar,vinegar,True,0,92,0.056890819221735,77.2678,140.2244,87.6739,158.6509,0.0,False,True,0.0,test
lvis:5028:1144:344,lvis,5028,train2017/000000005028.jpg,1144,vinegar,vinegar,True,0,93,0.05585988238453865,319.5308,306.6433,335.0941,316.5315,0.0,False,True,0.0,test
lvis:5028:1144:344,lvis,5028,train2017/000000005028.jpg,1144,vinegar,vinegar,True,0,94,0.05578499659895897,286.8836,176.0874,353.4623,207.3053,0.0,False,True,0.0,test
lvis:5028:1144:344,lvis,5028,train2017/000000005028.jpg,1144,vinegar,vinegar,True,0,95,0.055002983659505844,344.4673,179.1602,353.826,206.6231,0.0,False,True,0.0,test
lvis:5028:1144:344,lvis,5028,train2017/000000005028.jpg,1144,vinegar,vinegar,True,0,96,0.0544872060418129,109.8132,31.1558,120.7147,54.7217,0.0,False,True,0.0,test
lvis:5028:1144:344,lvis,5028,train2017/000000005028.jpg,1144,vinegar,vinegar,True,0,97,0.05446543172001839,335.3754,146.4787,346.9867,176.5096,0.0,False,True,0.0,test
lvis:5028:1144:344,lvis,5028,train2017/000000005028.jpg,1144,vinegar,vinegar,True,0,98,0.05372655391693115,87.9242,167.8083,96.6691,182.8171,0.0,False,True,0.0,test
lvis:5028:1144:344,lvis,5028,train2017/000000005028.jpg,1144,vinegar,vinegar,True,0,99,0.05370183289051056,138.8615,137.2955,147.2912,150.8745,0.0,False,True,0.0,test
lvis:5028:1144:344,lvis,5028,train2017/000000005028.jpg,1144,vinegar,vinegar,True,0,100,0.052999574691057205,192.1818,156.7589,227.8498,181.5976,0.0,False,True,0.0,test
lvis:5028:1144:344,lvis,5028,train2017/000000005028.jpg,1144,vinegar,vinegar,True,0,101,0.05292605608701706,200.4017,68.4079,231.9628,97.4024,0.0,False,True,0.0,test
lvis:5028:1144:344,lvis,5028,train2017/000000005028.jpg,1144,vinegar,vinegar,True,0,102,0.052521947771310806,209.3397,219.2098,216.6538,245.9612,0.0,False,True,0.0,test
lvis:5028:1144:344,lvis,5028,train2017/000000005028.jpg,1144,vinegar,vinegar,True,0,103,0.0524735301733017,63.0251,163.5129,71.3035,174.4487,0.0,False,True,0.0,test
lvis:5028:1144:344,lvis,5028,train2017/000000005028.jpg,1144,vinegar,vinegar,True,0,104,0.05220063030719757,212.9126,293.752,245.5792,338.945,0.0,False,True,0.0,test
lvis:5028:1144:344,lvis,5028,train2017/000000005028.jpg,1144,vinegar,vinegar,True,0,105,0.052003394812345505,260.2099,295.0807,268.7289,319.5514,0.0,False,True,0.0,test
lvis:5028:1144:344,lvis,5028,train2017/000000005028.jpg,1144,vinegar,vinegar,True,0,106,0.05168144404888153,367.9497,202.5124,456.5782,323.2834,0.0,False,True,0.0,test
lvis:5028:1144:344,lvis,5028,train2017/000000005028.jpg,1144,vinegar,vinegar,True,0,107,0.05146144703030586,222.3877,281.8124,294.441,363.5878,0.0,False,True,0.0,test
lvis:5028:1144:344,lvis,5028,train2017/000000005028.jpg,1144,vinegar,vinegar,True,0,108,0.051217012107372284,336.622,180.3944,345.6198,207.1821,0.0,False,True,0.0,test
lvis:5028:1144:344,lvis,5028,train2017/000000005028.jpg,1144,vinegar,vinegar,True,0,109,0.05102364346385002,202.8549,159.3484,215.0829,180.0834,0.0,False,True,0.0,test
lvis:5028:1144:344,lvis,5028,train2017/000000005028.jpg,1144,vinegar,vinegar,True,0,110,0.05015994608402252,287.2998,207.5019,351.7239,240.7392,0.0,False,True,0.0,test
lvis:5032:778:346,lvis,5032,train2017/000000005032.jpg,778,wooden_leg,wooden_leg,True,0,0,0.2422400414943695,230.2863,139.0387,292.3948,414.0152,0.0,False,True,9.98792270531401,test
lvis:5032:778:346,lvis,5032,train2017/000000005032.jpg,778,wooden_leg,wooden_leg,True,0,1,0.20136523246765137,354.654,418.4887,514.285,478.5446,0.0,False,True,9.98792270531401,test
lvis:5032:778:346,lvis,5032,train2017/000000005032.jpg,778,wooden_leg,wooden_leg,True,0,2,0.18506912887096405,253.228,142.3357,291.45,413.855,0.0,False,True,0.0,test
lvis:5032:778:346,lvis,5032,train2017/000000005032.jpg,778,wooden_leg,wooden_leg,True,0,3,0.1760999858379364,246.848,406.2378,413.2287,444.2557,0.0,False,True,0.0,test
lvis:5032:778:346,lvis,5032,train2017/000000005032.jpg,778,wooden_leg,wooden_leg,True,0,4,0.1707998514175415,231.5352,140.9294,254.9405,413.8593,0.0,False,True,0.0,test
lvis:5032:778:346,lvis,5032,train2017/000000005032.jpg,778,wooden_leg,wooden_leg,True,0,5,0.16352730989456177,104.5399,388.4765,359.8542,423.375,0.0,False,True,0.0,test
lvis:5032:778:346,lvis,5032,train2017/000000005032.jpg,778,wooden_leg,wooden_leg,True,0,6,0.15610875189304352,142.5588,425.4688,248.3819,455.2212,0.0,False,True,0.0,test
lvis:5032:778:346,lvis,5032,train2017/000000005032.jpg,778,wooden_leg,wooden_leg,True,0,7,0.14227204024791718,246.5153,394.716,466.1282,445.689,0.0,False,True,0.0,test
lvis:5032:778:346,lvis,5032,train2017/000000005032.jpg,778,wooden_leg,wooden_leg,True,0,8,0.1371883749961853,310.1072,38.4763,479.1157,452.7179,0.0,False,True,0.0,test
lvis:5032:778:346,lvis,5032,train2017/000000005032.jpg,778,wooden_leg,wooden_leg,True,0,9,0.11767951399087906,105.0778,368.9805,530.9673,476.4883,0.0,False,True,0.0,test
lvis:5032:778:346,lvis,5032,train2017/000000005032.jpg,778,wooden_leg,wooden_leg,True,0,10,0.10863497853279114,246.8218,386.7267,415.0816,444.7205,0.0,False,True,0.0,test
lvis:5032:778:346,lvis,5032,train2017/000000005032.jpg,778,wooden_leg,wooden_leg,True,0,11,0.10564696043729782,399.6985,396.436,459.2007,450.1322,0.0,False,True,0.0,test
lvis:5032:778:346,lvis,5032,train2017/000000005032.jpg,778,wooden_leg,wooden_leg,True,0,12,0.10080704092979431,247.1367,419.8161,349.347,444.5001,0.0,False,True,0.0,test
lvis:5032:778:346,lvis,5032,train2017/000000005032.jpg,778,wooden_leg,wooden_leg,True,0,13,0.09878207743167877,378.6133,306.8987,426.7108,364.0118,0.0,False,True,0.0,test
lvis:5032:778:346,lvis,5032,train2017/000000005032.jpg,778,wooden_leg,wooden_leg,True,0,14,0.09790028631687164,103.772,372.4405,475.6549,424.0491,0.0,False,True,0.0,test
lvis:5032:778:346,lvis,5032,train2017/000000005032.jpg,778,wooden_leg,wooden_leg,True,0,15,0.09642698615789413,142.8642,405.4922,413.2309,454.7962,0.0,False,True,0.0,test
lvis:5032:778:346,lvis,5032,train2017/000000005032.jpg,778,wooden_leg,wooden_leg,True,0,16,0.09545256197452545,450.9635,369.97,531.5986,384.1081,0.0,False,True,0.0,test
lvis:5032:778:346,lvis,5032,train2017/000000005032.jpg,778,wooden_leg,wooden_leg,True,0,17,0.09232496470212936,246.7952,396.2035,515.1931,477.7656,0.0,False,True,0.0,test
lvis:5032:778:346,lvis,5032,train2017/000000005032.jpg,778,wooden_leg,wooden_leg,True,0,18,0.09113547205924988,373.4023,247.0891,459.9771,450.2917,0.0,False,True,0.0,test
lvis:5032:778:346,lvis,5032,train2017/000000005032.jpg,778,wooden_leg,wooden_leg,True,0,19,0.09023655205965042,376.6189,307.2491,460.3054,450.0545,0.0,False,True,0.0,test
lvis:5032:778:346,lvis,5032,train2017/000000005032.jpg,778,wooden_leg,wooden_leg,True,0,20,0.08627814799547195,376.1796,307.3119,456.4609,404.4879,0.0,False,True,0.0,test
lvis:5032:778:346,lvis,5032,train2017/000000005032.jpg,778,wooden_leg,wooden_leg,True,0,21,0.08349241316318512,376.3135,343.3665,455.9985,403.2917,0.0,False,True,0.0,test
lvis:5032:778:346,lvis,5032,train2017/000000005032.jpg,778,wooden_leg,wooden_leg,True,0,22,0.08057302236557007,104.918,395.4395,240.7043,423.3636,0.0,False,True,0.0,test
lvis:5032:778:346,lvis,5032,train2017/000000005032.jpg,778,wooden_leg,wooden_leg,True,0,23,0.07851186394691467,220.6269,28.9738,481.8634,456.4354,0.0,False,True,0.0,test
lvis:5032:778:346,lvis,5032,train2017/000000005032.jpg,778,wooden_leg,wooden_leg,True,0,24,0.07781520485877991,143.515,373.9539,526.5597,457.0956,0.0,False,True,0.0,test
lvis:5032:778:346,lvis,5032,train2017/000000005032.jpg,778,wooden_leg,wooden_leg,True,0,25,0.07766443490982056,246.8455,425.5731,298.4022,443.9872,0.0,False,True,0.0,test
lvis:5032:778:346,lvis,5032,train2017/000000005032.jpg,778,wooden_leg,wooden_leg,True,0,26,0.07753371447324753,142.9457,426.7816,203.9323,455.006,0.0,False,True,0.0,test
lvis:5032:778:346,lvis,5032,train2017/000000005032.jpg,778,wooden_leg,wooden_leg,True,0,27,0.07714841514825821,483.0803,418.4568,514.6965,437.5421,0.0,False,True,0.0,test
lvis:5032:778:346,lvis,5032,train2017/000000005032.jpg,778,wooden_leg,wooden_leg,True,0,28,0.07491173595190048,247.1447,371.8737,529.4523,445.3621,0.0,False,True,0.0,test
lvis:5032:778:346,lvis,5032,train2017/000000005032.jpg,778,wooden_leg,wooden_leg,True,0,29,0.07455389946699142,475.4297,395.7442,489.1559,407.8756,0.0,False,True,0.0,test
lvis:5032:778:346,lvis,5032,train2017/000000005032.jpg,778,wooden_leg,wooden_leg,True,0,30,0.07437267154455185,142.3917,411.4536,515.0032,476.5182,0.0,False,True,0.0,test
lvis:5032:778:346,lvis,5032,train2017/000000005032.jpg,778,wooden_leg,wooden_leg,True,0,31,0.07150793820619583,122.9747,400.9269,228.461,417.8212,0.0,False,True,0.0,test
lvis:5032:778:346,lvis,5032,train2017/000000005032.jpg,778,wooden_leg,wooden_leg,True,0,32,0.07094127684831619,230.4933,257.0633,248.8824,413.9783,0.0,False,True,0.0,test
lvis:5032:778:346,lvis,5032,train2017/000000005032.jpg,778,wooden_leg,wooden_leg,True,0,33,0.06805265694856644,383.9606,394.6831,476.7809,467.064,0.0,False,True,0.0,test
lvis:5032:778:346,lvis,5032,train2017/000000005032.jpg,778,wooden_leg,wooden_leg,True,0,34,0.06758937984704971,409.448,428.8608,483.3761,460.7575,0.0,False,True,0.0,test
lvis:5032:778:346,lvis,5032,train2017/000000005032.jpg,778,wooden_leg,wooden_leg,True,0,35,0.06645950675010681,338.0737,383.1649,412.3829,426.3415,0.0,False,True,0.0,test
lvis:5032:778:346,lvis,5032,train2017/000000005032.jpg,778,wooden_leg,wooden_leg,True,0,36,0.06643997877836227,102.2721,25.9164,522.5957,475.8361,0.0,False,True,0.0,test
lvis:5032:778:346,lvis,5032,train2017/000000005032.jpg,778,wooden_leg,wooden_leg,True,0,37,0.06608712673187256,352.3046,82.6377,408.0396,113.6613,0.0,False,True,0.0,test
lvis:5032:778:346,lvis,5032,train2017/000000005032.jpg,778,wooden_leg,wooden_leg,True,0,38,0.06473790109157562,104.5195,382.1883,367.4489,454.1933,0.0,False,True,0.0,test
lvis:5032:778:346,lvis,5032,train2017/000000005032.jpg,778,wooden_leg,wooden_leg,True,0,39,0.06401906907558441,104.1058,392.1256,290.7593,423.8945,0.0,False,True,0.0,test
lvis:5032:778:346,lvis,5032,train2017/000000005032.jpg,778,wooden_leg,wooden_leg,True,0,40,0.06256961822509766,451.2772,371.912,474.4545,383.9052,0.0,False,True,0.0,test
lvis:5032:778:346,lvis,5032,train2017/000000005032.jpg,778,wooden_leg,wooden_leg,True,0,41,0.061325814574956894,374.6006,366.7049,531.3218,387.2975,0.0,False,True,0.0,test
lvis:5032:778:346,lvis,5032,train2017/000000005032.jpg,778,wooden_leg,wooden_leg,True,0,42,0.061308860778808594,142.9892,422.0992,337.1103,454.9682,0.0,False,True,0.0,test
lvis:5032:778:346,lvis,5032,train2017/000000005032.jpg,778,wooden_leg,wooden_leg,True,0,43,0.06016208231449127,257.6898,209.1342,292.273,413.0508,0.0,False,True,0.0,test
lvis:5032:778:346,lvis,5032,train2017/000000005032.jpg,778,wooden_leg,wooden_leg,True,0,44,0.05897291749715805,249.9609,425.9782,340.7546,442.1357,0.0,False,True,0.0,test
lvis:5032:778:346,lvis,5032,train2017/000000005032.jpg,778,wooden_leg,wooden_leg,True,0,45,0.05846395716071129,312.7229,363.2625,374.7117,394.5212,0.0,False,True,0.0,test
lvis:5032:778:346,lvis,5032,train2017/000000005032.jpg,778,wooden_leg,wooden_leg,True,0,46,0.05833347141742706,352.4556,373.2401,516.7419,478.2904,0.0,False,True,0.0,test
lvis:5032:778:346,lvis,5032,train2017/000000005032.jpg,778,wooden_leg,wooden_leg,True,0,47,0.05822684243321419,143.7003,407.927,511.7197,455.6753,0.0,False,True,0.0,test
lvis:5032:778:346,lvis,5032,train2017/000000005032.jpg,778,wooden_leg,wooden_leg,True,0,48,0.05661924183368683,139.9575,418.6174,294.4626,458.3152,0.0,False,True,0.0,test
lvis:5032:778:346,lvis,5032,train2017/000000005032.jpg,778,wooden_leg,wooden_leg,True,0,49,0.05647168681025505,103.8601,388.5337,468.142,424.4404,0.0,False,True,0.0,test
lvis:5032:778:346,lvis,5032,train2017/000000005032.jpg,778,wooden_leg,wooden_leg,True,0,50,0.05609392002224922,375.8646,247.8228,436.0384,365.4361,0.0,False,True,0.0,test
lvis:5032:778:346,lvis,5032,train2017/000000005032.jpg,778,wooden_leg,wooden_leg,True,0,51,0.05584275722503662,135.3373,397.4966,279.9898,415.7032,0.0,False,True,0.0,test
lvis:5032:778:346,lvis,5032,train2017/000000005032.jpg,778,wooden_leg,wooden_leg,True,0,52,0.05527012050151825,383.3346,428.4713,483.3246,466.2554,0.0,False,True,0.0,test
lvis:5032:778:346,lvis,5032,train2017/000000005032.jpg,778,wooden_leg,wooden_leg,True,0,53,0.054243844002485275,313.716,367.3694,531.3893,392.6203,0.0,False,True,0.0,test
lvis:5032:778:346,lvis,5032,train2017/000000005032.jpg,778,wooden_leg,wooden_leg,True,0,54,0.052715010941028595,409.2598,442.5236,458.5169,463.9527,0.0,False,True,0.0,test
lvis:5032:778:346,lvis,5032,train2017/000000005032.jpg,778,wooden_leg,wooden_leg,True,0,55,0.05270976945757866,104.5471,397.5613,138.6901,421.6481,0.0,False,True,0.0,test
lvis:5032:778:346,lvis,5032,train2017/000000005032.jpg,778,wooden_leg,wooden_leg,True,0,56,0.05268367379903793,148.0385,401.7358,222.3736,415.5111,0.0,False,True,0.0,test
lvis:5032:778:346,lvis,5032,train2017/000000005032.jpg,778,wooden_leg,wooden_leg,True,0,57,0.05263304337859154,387.8751,184.6474,454.9148,234.0813,0.0,False,True,0.0,test
lvis:5032:778:346,lvis,5032,train2017/000000005032.jpg,778,wooden_leg,wooden_leg,True,0,58,0.051735829561948776,379.259,343.3555,436.233,371.3856,0.0,False,True,0.0,test
lvis:5032:778:346,lvis,5032,train2017/000000005032.jpg,778,wooden_leg,wooden_leg,True,0,59,0.05131745710968971,225.2786,250.9781,254.7465,414.2235,0.0,False,True,0.0,test
lvis:5032:778:346,lvis,5032,train2017/000000005032.jpg,778,wooden_leg,wooden_leg,True,0,60,0.0503811277449131,251.1532,396.46,278.0106,412.4196,0.0,False,True,0.0,test
lvis:5032:778:346,lvis,5032,train2017/000000005032.jpg,778,wooden_leg,wooden_leg,True,0,61,0.05001034960150719,287.9409,421.9392,347.0357,441.6862,0.0,False,True,0.0,test
lvis:5037:914:347,lvis,5037,val2017/000000005037.jpg,914,saucepan,saucepan,True,0,0,0.5868473052978516,100.2728,21.2174,574.5034,373.0033,0.0,False,True,9.98792270531401,test
lvis:5037:914:347,lvis,5037,val2017/000000005037.jpg,914,saucepan,saucepan,True,0,1,0.13710014522075653,572.2628,247.7982,599.092,267.8549,0.0,False,True,0.0,test
lvis:5037:914:347,lvis,5037,val2017/000000005037.jpg,914,saucepan,saucepan,True,0,2,0.11549170315265656,177.1636,326.1334,234.7553,350.072,0.0,False,True,0.0,test
lvis:5037:914:347,lvis,5037,val2017/000000005037.jpg,914,saucepan,saucepan,True,0,3,0.0917225331068039,192.888,47.3923,282.6208,79.3813,0.0,False,True,0.0,test
lvis:5037:914:347,lvis,5037,val2017/000000005037.jpg,914,saucepan,saucepan,True,0,4,0.08990201354026794,171.5269,182.1766,233.9171,216.7583,0.0,False,True,0.0,test
lvis:5037:914:347,lvis,5037,val2017/000000005037.jpg,914,saucepan,saucepan,True,0,5,0.08977817744016647,397.1273,109.5473,425.8762,153.0948,0.0,False,True,0.0,test
lvis:5037:914:347,lvis,5037,val2017/000000005037.jpg,914,saucepan,saucepan,True,0,6,0.08882220089435577,594.8675,243.1236,613.5677,270.7412,0.0,False,True,0.0,test
lvis:5037:914:347,lvis,5037,val2017/000000005037.jpg,914,saucepan,saucepan,True,0,7,0.07364276796579361,572.1147,246.8914,621.3441,268.9705,0.0,False,True,0.0,test
lvis:5037:914:347,lvis,5037,val2017/000000005037.jpg,914,saucepan,saucepan,True,0,8,0.06324820220470428,199.3796,83.2736,351.1631,109.8239,0.0,False,True,0.0,test
lvis:5037:914:347,lvis,5037,val2017/000000005037.jpg,914,saucepan,saucepan,True,0,9,0.06158996373414993,613.0475,0.1313,639.0941,48.4072,0.0,False,True,0.0,test
lvis:5037:914:347,lvis,5037,val2017/000000005037.jpg,914,saucepan,saucepan,True,0,10,0.06083860620856285,171.6217,182.2657,212.0614,200.0646,0.0,False,True,0.0,test
lvis:5037:914:347,lvis,5037,val2017/000000005037.jpg,914,saucepan,saucepan,True,0,11,0.058582570403814316,193.3695,182.685,212.5349,202.1765,0.0,False,True,0.0,test
lvis:5037:914:347,lvis,5037,val2017/000000005037.jpg,914,saucepan,saucepan,True,0,12,0.05730455741286278,181.3261,273.4904,230.5485,294.8311,0.0,False,True,0.0,test
lvis:5037:914:347,lvis,5037,val2017/000000005037.jpg,914,saucepan,saucepan,True,0,13,0.054206591099500656,141.1692,290.5008,267.3173,355.7463,0.0,False,True,0.0,test
lvis:5037:914:347,lvis,5037,val2017/000000005037.jpg,914,saucepan,saucepan,True,0,14,0.05343904346227646,313.8496,251.408,355.5352,270.3299,0.0,False,True,0.0,test
lvis:5037:914:347,lvis,5037,val2017/000000005037.jpg,914,saucepan,saucepan,True,0,15,0.05240077152848244,621.6895,218.0367,639.4568,359.3225,0.0,False,True,0.0,test
lvis:5037:914:347,lvis,5037,val2017/000000005037.jpg,914,saucepan,saucepan,True,0,16,0.05159253999590874,210.4167,188.5674,233.4576,216.1469,0.0,False,True,0.0,test
lvis:5037:914:347,lvis,5037,val2017/000000005037.jpg,914,saucepan,saucepan,True,0,17,0.05142364650964737,312.8825,310.7155,335.0946,334.9768,0.0,False,True,0.0,test
lvis:5037:914:347,lvis,5037,val2017/000000005037.jpg,914,saucepan,saucepan,True,0,18,0.050867341458797455,595.0648,257.1067,613.0323,270.4041,0.0,False,True,0.0,test
lvis:5037:914:347,lvis,5037,val2017/000000005037.jpg,914,saucepan,saucepan,True,0,19,0.050412196666002274,194.1683,183.9729,233.7118,216.857,0.0,False,True,0.0,test
lvis:5037:914:347,lvis,5037,val2017/000000005037.jpg,914,saucepan,saucepan,True,0,20,0.05024847760796547,22.6814,206.7197,36.0717,220.5739,0.0,False,True,0.0,test
lvis:5037:891:348,lvis,5037,val2017/000000005037.jpg,891,roller_skate,roller_skate,True,0,0,0.43008744716644287,99.7426,20.621,575.6123,373.272,0.0,False,True,9.98792270531401,test
lvis:5037:891:348,lvis,5037,val2017/000000005037.jpg,891,roller_skate,roller_skate,True,0,1,0.1970262974500656,177.7303,325.5703,235.6915,350.3235,0.0,False,True,9.98792270531401,test
lvis:5037:891:348,lvis,5037,val2017/000000005037.jpg,891,roller_skate,roller_skate,True,0,2,0.12617063522338867,192.0772,46.5964,283.8076,79.9258,0.0,False,True,0.0,test
lvis:5037:891:348,lvis,5037,val2017/000000005037.jpg,891,roller_skate,roller_skate,True,0,3,0.1023654043674469,313.4911,251.2169,356.0365,270.2697,0.0,False,True,0.0,test
lvis:5037:891:348,lvis,5037,val2017/000000005037.jpg,891,roller_skate,roller_skate,True,0,4,0.09979641437530518,154.2977,231.3431,274.364,255.7156,0.0,False,True,0.0,test
lvis:5037:891:348,lvis,5037,val2017/000000005037.jpg,891,roller_skate,roller_skate,True,0,5,0.08814749121665955,169.7228,318.4069,243.9359,356.8811,0.0,False,True,0.0,test
lvis:5037:891:348,lvis,5037,val2017/000000005037.jpg,891,roller_skate,roller_skate,True,0,6,0.0784849151968956,180.864,272.962,231.0774,295.0258,0.0,False,True,0.0,test
lvis:5037:891:348,lvis,5037,val2017/000000005037.jpg,891,roller_skate,roller_skate,True,0,7,0.07386752963066101,394.6966,55.1672,430.4395,96.8064,0.0,False,True,0.0,test
lvis:5037:891:348,lvis,5037,val2017/000000005037.jpg,891,roller_skate,roller_skate,True,0,8,0.06546513736248016,181.0975,326.9514,208.5158,344.6851,0.0,False,True,0.0,test
lvis:5037:891:348,lvis,5037,val2017/000000005037.jpg,891,roller_skate,roller_skate,True,0,9,0.0583730973303318,187.5633,258.3503,225.6202,271.901,0.0,False,True,0.0,test
lvis:5037:891:348,lvis,5037,val2017/000000005037.jpg,891,roller_skate,roller_skate,True,0,10,0.053763363510370255,180.3941,38.9473,297.1168,88.7526,0.0,False,True,0.0,test
lvis:5037:891:348,lvis,5037,val2017/000000005037.jpg,891,roller_skate,roller_skate,True,0,11,0.05368047207593918,209.9311,331.449,234.0276,348.6743,0.0,False,True,0.0,test
lvis:5037:891:348,lvis,5037,val2017/000000005037.jpg,891,roller_skate,roller_skate,True,0,12,0.05272534489631653,308.7606,245.214,361.7206,275.9248,0.0,False,True,0.0,test
lvis:5037:891:348,lvis,5037,val2017/000000005037.jpg,891,roller_skate,roller_skate,True,0,13,0.05167335644364357,181.5923,273.9931,209.5159,292.832,0.0,False,True,0.0,test
lvis:5060:14:351,lvis,5060,val2017/000000005060.jpg,14,apricot,apricot,True,0,0,0.2938450574874878,158.5891,307.6408,325.9199,498.9592,0.0,False,True,9.98792270531401,test
lvis:5060:14:351,lvis,5060,val2017/000000005060.jpg,14,apricot,apricot,True,0,1,0.25044113397598267,89.3435,45.443,392.4173,545.4791,0.0,False,True,9.98792270531401,test
lvis:5060:14:351,lvis,5060,val2017/000000005060.jpg,14,apricot,apricot,True,0,2,0.23876886069774628,225.2681,365.8286,244.2982,403.4777,0.0,False,True,9.98792270531401,test
lvis:5060:14:351,lvis,5060,val2017/000000005060.jpg,14,apricot,apricot,True,0,3,0.1522974967956543,270.3963,468.0663,301.5496,498.2391,0.0,False,True,0.0,test
lvis:5060:14:351,lvis,5060,val2017/000000005060.jpg,14,apricot,apricot,True,0,4,0.11120679974555969,414.0948,222.2064,421.5564,235.1119,0.0,False,True,0.0,test
lvis:5060:14:351,lvis,5060,val2017/000000005060.jpg,14,apricot,apricot,True,0,5,0.10468936711549759,305.4866,450.7873,329.9076,481.2003,0.0,False,True,0.0,test
lvis:5060:14:351,lvis,5060,val2017/000000005060.jpg,14,apricot,apricot,True,0,6,0.10178078711032867,238.7563,396.0956,245.5073,404.3031,0.0,False,True,0.0,test
lvis:5060:14:351,lvis,5060,val2017/000000005060.jpg,14,apricot,apricot,True,0,7,0.09965527802705765,439.593,127.4176,476.9581,175.7669,0.0,False,True,0.0,test
lvis:5060:14:351,lvis,5060,val2017/000000005060.jpg,14,apricot,apricot,True,0,8,0.09368154406547546,184.9513,308.8745,298.124,496.4545,0.0,False,True,0.0,test
lvis:5060:14:351,lvis,5060,val2017/000000005060.jpg,14,apricot,apricot,True,0,9,0.08275393396615982,409.4261,357.0154,479.1711,423.489,0.0,False,True,0.0,test
lvis:5060:14:351,lvis,5060,val2017/000000005060.jpg,14,apricot,apricot,True,0,10,0.08147113770246506,120.9714,401.3224,170.0611,484.7402,0.0,False,True,0.0,test
lvis:5060:14:351,lvis,5060,val2017/000000005060.jpg,14,apricot,apricot,True,0,11,0.08053494989871979,448.5738,140.6711,465.4378,168.2378,0.0,False,True,0.0,test
lvis:5060:14:351,lvis,5060,val2017/000000005060.jpg,14,apricot,apricot,True,0,12,0.0803070217370987,62.3982,455.6097,77.6007,471.8507,0.0,False,True,0.0,test
lvis:5060:14:351,lvis,5060,val2017/000000005060.jpg,14,apricot,apricot,True,0,13,0.07776305079460144,223.9481,386.6691,237.8481,403.4822,0.0,False,True,0.0,test
lvis:5060:14:351,lvis,5060,val2017/000000005060.jpg,14,apricot,apricot,True,0,14,0.07358492165803909,218.6966,361.2019,250.936,412.7009,0.0,False,True,0.0,test
lvis:5060:14:351,lvis,5060,val2017/000000005060.jpg,14,apricot,apricot,True,0,15,0.06817764043807983,124.94,246.3545,350.4775,509.334,0.0,False,True,0.0,test
lvis:5060:14:351,lvis,5060,val2017/000000005060.jpg,14,apricot,apricot,True,0,16,0.06689725816249847,59.7264,454.2569,79.0701,475.8625,0.0,False,True,0.0,test
lvis:5060:14:351,lvis,5060,val2017/000000005060.jpg,14,apricot,apricot,True,0,17,0.06608542054891586,303.4488,450.2896,339.0537,481.9018,0.0,False,True,0.0,test
lvis:5060:14:351,lvis,5060,val2017/000000005060.jpg,14,apricot,apricot,True,0,18,0.06280732154846191,439.5751,220.4997,452.3919,234.5684,0.0,False,True,0.0,test
lvis:5060:14:351,lvis,5060,val2017/000000005060.jpg,14,apricot,apricot,True,0,19,0.06221529841423035,415.943,131.6373,432.7783,178.6272,0.0,False,True,0.0,test
lvis:5060:14:351,lvis,5060,val2017/000000005060.jpg,14,apricot,apricot,True,0,20,0.06157125160098076,189.4562,465.0562,205.7604,496.3541,0.0,False,True,0.0,test
lvis:5060:14:351,lvis,5060,val2017/000000005060.jpg,14,apricot,apricot,True,0,21,0.06071431189775467,222.1604,388.2651,230.2831,401.8401,0.0,False,True,0.0,test
lvis:5060:14:351,lvis,5060,val2017/000000005060.jpg,14,apricot,apricot,True,0,22,0.06037071347236633,188.9988,464.698,215.6965,496.8596,0.0,False,True,0.0,test
lvis:5060:14:351,lvis,5060,val2017/000000005060.jpg,14,apricot,apricot,True,0,23,0.05970778688788414,425.9216,214.6376,438.0659,235.8083,0.0,False,True,0.0,test
lvis:5060:14:351,lvis,5060,val2017/000000005060.jpg,14,apricot,apricot,True,0,24,0.05744483694434166,417.0299,141.2296,425.878,172.0737,0.0,False,True,0.0,test
lvis:5060:14:351,lvis,5060,val2017/000000005060.jpg,14,apricot,apricot,True,0,25,0.05581744760274887,369.2682,503.364,418.8715,531.9784,0.0,False,True,0.0,test
lvis:5060:14:351,lvis,5060,val2017/000000005060.jpg,14,apricot,apricot,True,0,26,0.05378459766507149,108.9258,184.356,365.292,525.5227,0.0,False,True,0.0,test
lvis:5060:14:351,lvis,5060,val2017/000000005060.jpg,14,apricot,apricot,True,0,27,0.05129094049334526,176.4523,457.9522,184.7898,466.6458,0.0,False,True,0.0,test
lvis:5060:14:351,lvis,5060,val2017/000000005060.jpg,14,apricot,apricot,True,0,28,0.050503890961408615,212.5244,385.5771,229.1139,403.2292,0.0,False,True,0.0,test
lvis:5060:14:351,lvis,5060,val2017/000000005060.jpg,14,apricot,apricot,True,0,29,0.050341859459877014,125.0894,303.4663,139.8994,334.3929,0.0,False,True,0.0,test
lvis:5099:234:353,lvis,5099,train2017/000000005099.jpg,234,chalice,chalice,True,0,0,0.631292998790741,231.3474,200.9104,358.081,323.9121,0.0,False,True,9.98792270531401,test
lvis:5099:234:353,lvis,5099,train2017/000000005099.jpg,234,chalice,chalice,True,0,1,0.3715170919895172,450.2592,65.9548,639.1256,382.0741,0.0,False,True,9.98792270531401,test
lvis:5099:234:353,lvis,5099,train2017/000000005099.jpg,234,chalice,chalice,True,0,2,0.10694560408592224,526.676,0.1797,603.589,72.7294,0.0,False,True,0.0,test
lvis:5099:388:354,lvis,5099,train2017/000000005099.jpg,388,dove,dove,True,0,0,0.5292729735374451,231.2419,200.7604,358.171,323.9908,0.0,False,True,9.98792270531401,test
lvis:5099:388:354,lvis,5099,train2017/000000005099.jpg,388,dove,dove,True,0,1,0.3502175509929657,450.258,66.0107,639.1019,382.0652,0.0,False,True,9.98792270531401,test
lvis:5099:388:354,lvis,5099,train2017/000000005099.jpg,388,dove,dove,True,0,2,0.09169824421405792,204.3659,173.6294,387.2844,345.6352,0.0,False,True,0.0,test
lvis:5099:388:354,lvis,5099,train2017/000000005099.jpg,388,dove,dove,True,0,3,0.055324360728263855,228.1476,65.3751,638.0372,383.4067,0.0,False,True,0.0,test
lvis:5099:388:354,lvis,5099,train2017/000000005099.jpg,388,dove,dove,True,0,4,0.05512335151433945,450.9238,65.5704,636.7691,211.7067,0.0,False,True,0.0,test
lvis:5107:602:356,lvis,5107,train2017/000000005107.jpg,602,keg,keg,True,0,0,0.48978641629219055,23.7123,57.5924,512.8336,410.1245,0.0,False,True,9.98792270531401,test
lvis:5107:602:356,lvis,5107,train2017/000000005107.jpg,602,keg,keg,True,0,1,0.13740310072898865,152.529,80.4062,233.109,102.9138,0.0,False,True,0.0,test
lvis:5107:602:356,lvis,5107,train2017/000000005107.jpg,602,keg,keg,True,0,2,0.10792924463748932,498.0364,202.4323,604.0909,478.45,0.0,False,True,0.0,test
lvis:5107:602:356,lvis,5107,train2017/000000005107.jpg,602,keg,keg,True,0,3,0.10096485167741776,519.8087,277.5677,559.6944,332.7926,0.0,False,True,0.0,test
lvis:5107:602:356,lvis,5107,train2017/000000005107.jpg,602,keg,keg,True,0,4,0.0983429029583931,103.1423,356.6368,155.4532,376.565,0.0,False,True,0.0,test
lvis:5107:602:356,lvis,5107,train2017/000000005107.jpg,602,keg,keg,True,0,5,0.08479972928762436,329.165,228.5746,402.2852,435.7702,0.0,False,True,0.0,test
lvis:5107:602:356,lvis,5107,train2017/000000005107.jpg,602,keg,keg,True,0,6,0.08426453173160553,180.0275,127.3039,262.7164,152.117,0.0,False,True,0.0,test
lvis:5107:602:356,lvis,5107,train2017/000000005107.jpg,602,keg,keg,True,0,7,0.07968569546937943,0.3287,246.1619,36.517,336.4382,0.0,False,True,0.0,test
lvis:5107:602:356,lvis,5107,train2017/000000005107.jpg,602,keg,keg,True,0,8,0.07842881232500076,396.9442,269.796,443.7019,428.771,0.0,False,True,0.0,test
lvis:5107:602:356,lvis,5107,train2017/000000005107.jpg,602,keg,keg,True,0,9,0.07581815868616104,90.2269,266.238,189.1234,288.6595,0.0,False,True,0.0,test
lvis:5107:602:356,lvis,5107,train2017/000000005107.jpg,602,keg,keg,True,0,10,0.07527037709951401,105.5472,74.629,146.9342,104.6188,0.0,False,True,0.0,test
lvis:5107:602:356,lvis,5107,train2017/000000005107.jpg,602,keg,keg,True,0,11,0.07416030764579773,583.389,215.5471,637.7192,463.4504,0.0,False,True,0.0,test
lvis:5107:602:356,lvis,5107,train2017/000000005107.jpg,602,keg,keg,True,0,12,0.06700442731380463,68.135,120.2311,161.4343,144.8456,0.0,False,True,0.0,test
lvis:5107:602:356,lvis,5107,train2017/000000005107.jpg,602,keg,keg,True,0,13,0.06451060622930527,519.2399,258.568,580.2151,333.2289,0.0,False,True,0.0,test
lvis:5107:602:356,lvis,5107,train2017/000000005107.jpg,602,keg,keg,True,0,14,0.061891138553619385,456.2747,228.9357,511.1406,427.8225,0.0,False,True,0.0,test
lvis:5107:602:356,lvis,5107,train2017/000000005107.jpg,602,keg,keg,True,0,15,0.061750441789627075,221.04,225.6881,236.6837,245.2483,0.0,False,True,0.0,test
lvis:5107:602:356,lvis,5107,train2017/000000005107.jpg,602,keg,keg,True,0,16,0.060455165803432465,289.4516,154.386,318.1281,207.9955,0.0,False,True,0.0,test
lvis:5107:602:356,lvis,5107,train2017/000000005107.jpg,602,keg,keg,True,0,17,0.05366043746471405,24.0368,58.6638,310.6095,407.7976,0.0,False,True,0.0,test
lvis:5107:602:356,lvis,5107,train2017/000000005107.jpg,602,keg,keg,True,0,18,0.051431674510240555,448.3322,239.6058,479.3716,417.8396,0.0,False,True,0.0,test
lvis:5107:602:356,lvis,5107,train2017/000000005107.jpg,602,keg,keg,True,0,19,0.05110199376940727,17.8783,51.0263,630.9252,471.4962,0.0,False,True,0.0,test
lvis:5115:349:357,lvis,5115,train2017/000000005115.jpg,349,curling_iron,curling_iron,True,0,0,0.2672679126262665,352.789,423.7233,408.6768,438.0182,0.0,False,True,9.98792270531401,test
lvis:5115:349:357,lvis,5115,train2017/000000005115.jpg,349,curling_iron,curling_iron,True,0,1,0.2485894113779068,133.9428,205.076,228.0558,285.4943,0.0,False,True,9.98792270531401,test
lvis:5115:349:357,lvis,5115,train2017/000000005115.jpg,349,curling_iron,curling_iron,True,0,2,0.21999512612819672,65.9989,343.7907,119.3384,422.7535,0.0,False,True,9.98792270531401,test
lvis:5115:349:357,lvis,5115,train2017/000000005115.jpg,349,curling_iron,curling_iron,True,0,3,0.18347808718681335,119.7924,271.7695,253.5963,414.2589,0.0,False,True,0.0,test
lvis:5115:349:357,lvis,5115,train2017/000000005115.jpg,349,curling_iron,curling_iron,True,0,4,0.18036262691020966,89.7738,352.3137,116.3482,372.7464,0.0,False,True,0.0,test
lvis:5115:349:357,lvis,5115,train2017/000000005115.jpg,349,curling_iron,curling_iron,True,0,5,0.146352156996727,27.0791,120.8202,63.4991,158.9612,0.0,False,True,0.0,test
lvis:5115:349:357,lvis,5115,train2017/000000005115.jpg,349,curling_iron,curling_iron,True,0,6,0.14598320424556732,256.6314,143.0501,348.086,358.1894,0.0,False,True,0.0,test
lvis:5115:349:357,lvis,5115,train2017/000000005115.jpg,349,curling_iron,curling_iron,True,0,7,0.1312210112810135,135.0004,299.8356,240.7479,342.7729,0.0,False,True,0.0,test
lvis:5115:349:357,lvis,5115,train2017/000000005115.jpg,349,curling_iron,curling_iron,True,0,8,0.1294955015182495,500.2894,79.4849,639.011,412.4282,0.0,False,True,0.0,test
lvis:5115:349:357,lvis,5115,train2017/000000005115.jpg,349,curling_iron,curling_iron,True,0,9,0.1251853108406067,383.0995,243.7729,481.5969,383.4842,0.0,False,True,0.0,test
lvis:5115:349:357,lvis,5115,train2017/000000005115.jpg,349,curling_iron,curling_iron,True,0,10,0.12156906723976135,304.3359,392.4241,527.0568,478.875,0.0,False,True,0.0,test
lvis:5115:349:357,lvis,5115,train2017/000000005115.jpg,349,curling_iron,curling_iron,True,0,11,0.11665088683366776,135.4333,314.3433,162.2877,341.7058,0.0,False,True,0.0,test
lvis:5115:349:357,lvis,5115,train2017/000000005115.jpg,349,curling_iron,curling_iron,True,0,12,0.11591165512800217,501.0279,390.3673,547.4969,413.6129,0.0,False,True,0.0,test
lvis:5115:349:357,lvis,5115,train2017/000000005115.jpg,349,curling_iron,curling_iron,True,0,13,0.1147143617272377,477.542,409.8788,504.9611,430.9201,0.0,False,True,0.0,test
lvis:5115:349:357,lvis,5115,train2017/000000005115.jpg,349,curling_iron,curling_iron,True,0,14,0.11002548784017563,167.6622,299.83,227.5587,339.8327,0.0,False,True,0.0,test
lvis:5115:349:357,lvis,5115,train2017/000000005115.jpg,349,curling_iron,curling_iron,True,0,15,0.09550710767507553,485.1707,152.8384,502.976,199.3073,0.0,False,True,0.0,test
lvis:5115:349:357,lvis,5115,train2017/000000005115.jpg,349,curling_iron,curling_iron,True,0,16,0.09134487062692642,459.9149,416.4774,485.6133,433.0912,0.0,False,True,0.0,test
lvis:5115:349:357,lvis,5115,train2017/000000005115.jpg,349,curling_iron,curling_iron,True,0,17,0.09110930562019348,66.034,167.1288,94.6275,199.1198,0.0,False,True,0.0,test
lvis:5115:349:357,lvis,5115,train2017/000000005115.jpg,349,curling_iron,curling_iron,True,0,18,0.08985017240047455,15.9784,325.4681,63.099,428.2412,0.0,False,True,0.0,test
lvis:5115:349:357,lvis,5115,train2017/000000005115.jpg,349,curling_iron,curling_iron,True,0,19,0.0882246270775795,113.8001,103.6713,181.0969,165.3941,0.0,False,True,0.0,test
lvis:5115:349:357,lvis,5115,train2017/000000005115.jpg,349,curling_iron,curling_iron,True,0,20,0.08778703957796097,225.9258,309.4054,240.468,328.7515,0.0,False,True,0.0,test
lvis:5115:349:357,lvis,5115,train2017/000000005115.jpg,349,curling_iron,curling_iron,True,0,21,0.08575169742107391,328.8426,433.104,452.1611,478.6994,0.0,False,True,0.0,test
lvis:5115:349:357,lvis,5115,train2017/000000005115.jpg,349,curling_iron,curling_iron,True,0,22,0.08421353250741959,119.4328,204.8031,254.6076,414.4925,0.0,False,True,0.0,test
lvis:5115:349:357,lvis,5115,train2017/000000005115.jpg,349,curling_iron,curling_iron,True,0,23,0.08301209658384323,135.5012,316.2203,155.4443,336.4222,0.0,False,True,0.0,test
lvis:5115:349:357,lvis,5115,train2017/000000005115.jpg,349,curling_iron,curling_iron,True,0,24,0.0828656554222107,452.9384,382.1805,491.4037,402.4249,0.0,False,True,0.0,test
lvis:5115:349:357,lvis,5115,train2017/000000005115.jpg,349,curling_iron,curling_iron,True,0,25,0.0811101496219635,431.7715,222.9253,479.1417,248.9741,0.0,False,True,0.0,test
lvis:5115:349:357,lvis,5115,train2017/000000005115.jpg,349,curling_iron,curling_iron,True,0,26,0.08012337237596512,248.4595,333.9969,273.1173,386.299,0.0,False,True,0.0,test
lvis:5115:349:357,lvis,5115,train2017/000000005115.jpg,349,curling_iron,curling_iron,True,0,27,0.07750728726387024,460.0337,409.7052,505.379,433.4148,0.0,False,True,0.0,test
lvis:5115:349:357,lvis,5115,train2017/000000005115.jpg,349,curling_iron,curling_iron,True,0,28,0.07243666052818298,0.3812,297.2817,32.5511,432.5274,0.0,False,True,0.0,test
lvis:5115:349:357,lvis,5115,train2017/000000005115.jpg,349,curling_iron,curling_iron,True,0,29,0.07122359424829483,415.2164,393.5165,461.6453,450.9729,0.0,False,True,0.0,test
lvis:5115:349:357,lvis,5115,train2017/000000005115.jpg,349,curling_iron,curling_iron,True,0,30,0.06704530864953995,512.813,116.8872,615.2675,159.4677,0.0,False,True,0.0,test
lvis:5115:349:357,lvis,5115,train2017/000000005115.jpg,349,curling_iron,curling_iron,True,0,31,0.06699535250663757,348.3325,415.3573,419.6492,449.1922,0.0,False,True,0.0,test
lvis:5115:349:357,lvis,5115,train2017/000000005115.jpg,349,curling_iron,curling_iron,True,0,32,0.05923127382993698,205.8503,268.8288,230.0012,275.8553,0.0,False,True,0.0,test
lvis:5115:349:357,lvis,5115,train2017/000000005115.jpg,349,curling_iron,curling_iron,True,0,33,0.05905648320913315,347.7473,434.6773,432.7512,468.9074,0.0,False,True,0.0,test
lvis:5115:349:357,lvis,5115,train2017/000000005115.jpg,349,curling_iron,curling_iron,True,0,34,0.057702966034412384,563.2136,419.2092,638.8943,478.4265,0.0,False,True,0.0,test
lvis:5115:349:357,lvis,5115,train2017/000000005115.jpg,349,curling_iron,curling_iron,True,0,35,0.05743403360247612,512.9916,116.088,638.084,347.6221,0.0,False,True,0.0,test
lvis:5115:349:357,lvis,5115,train2017/000000005115.jpg,349,curling_iron,curling_iron,True,0,36,0.05740879476070404,523.2064,449.1917,560.9138,460.9814,0.0,False,True,0.0,test
lvis:5115:349:357,lvis,5115,train2017/000000005115.jpg,349,curling_iron,curling_iron,True,0,37,0.05723602697253227,391.413,332.5269,441.1225,374.8739,0.0,False,True,0.0,test
lvis:5115:349:357,lvis,5115,train2017/000000005115.jpg,349,curling_iron,curling_iron,True,0,38,0.05630219355225563,0.1632,355.429,12.041,375.6346,0.0,False,True,0.0,test
lvis:5115:349:357,lvis,5115,train2017/000000005115.jpg,349,curling_iron,curling_iron,True,0,39,0.056162554770708084,400.0404,231.3522,415.237,247.8712,0.0,False,True,0.0,test
lvis:5115:349:357,lvis,5115,train2017/000000005115.jpg,349,curling_iron,curling_iron,True,0,40,0.05593210086226463,416.135,228.026,430.0275,248.7196,0.0,False,True,0.0,test
lvis:5115:349:357,lvis,5115,train2017/000000005115.jpg,349,curling_iron,curling_iron,True,0,41,0.054406147450208664,270.4846,320.0558,323.1689,356.149,0.0,False,True,0.0,test
lvis:5115:349:357,lvis,5115,train2017/000000005115.jpg,349,curling_iron,curling_iron,True,0,42,0.05321936681866646,343.9149,422.121,433.4412,470.52,0.0,False,True,0.0,test
lvis:5115:349:357,lvis,5115,train2017/000000005115.jpg,349,curling_iron,curling_iron,True,0,43,0.05296991765499115,444.6087,457.6363,471.0016,478.0785,0.0,False,True,0.0,test
lvis:5115:349:357,lvis,5115,train2017/000000005115.jpg,349,curling_iron,curling_iron,True,0,44,0.051566824316978455,514.3337,173.8384,638.3611,219.0622,0.0,False,True,0.0,test
lvis:5115:349:357,lvis,5115,train2017/000000005115.jpg,349,curling_iron,curling_iron,True,0,45,0.0502619706094265,348.4579,446.5902,431.2776,469.3616,0.0,False,True,0.0,test
lvis:5124:812:360,lvis,5124,train2017/000000005124.jpg,812,pistol,pistol,True,0,0,0.22565297782421112,206.9789,213.5637,554.0788,579.8366,0.0,False,True,9.98792270531401,test
lvis:5124:812:360,lvis,5124,train2017/000000005124.jpg,812,pistol,pistol,True,0,1,0.22549986839294434,176.2772,87.455,231.1263,143.9493,0.0,False,True,9.98792270531401,test
lvis:5124:812:360,lvis,5124,train2017/000000005124.jpg,812,pistol,pistol,True,0,2,0.12493232637643814,1.4061,196.556,135.0265,488.2794,0.0,False,True,0.0,test
lvis:5124:812:360,lvis,5124,train2017/000000005124.jpg,812,pistol,pistol,True,0,3,0.10475300252437592,113.824,205.3046,213.53,456.0526,0.0,False,True,0.0,test
lvis:5124:812:360,lvis,5124,train2017/000000005124.jpg,812,pistol,pistol,True,0,4,0.08132773637771606,225.7431,306.2877,258.0283,330.5184,0.0,False,True,0.0,test
lvis:5124:812:360,lvis,5124,train2017/000000005124.jpg,812,pistol,pistol,True,0,5,0.07033126801252365,196.1254,184.3158,276.2941,458.2076,0.0,False,True,0.0,test
lvis:5124:812:360,lvis,5124,train2017/000000005124.jpg,812,pistol,pistol,True,0,6,0.06162877380847931,207.91,304.7752,258.8322,333.42,0.0,False,True,0.0,test
lvis:5124:812:360,lvis,5124,train2017/000000005124.jpg,812,pistol,pistol,True,0,7,0.057663414627313614,216.7288,289.6838,243.3398,318.8351,0.0,False,True,0.0,test
lvis:5124:812:360,lvis,5124,train2017/000000005124.jpg,812,pistol,pistol,True,0,8,0.05660812556743622,54.0005,336.5998,75.119,354.3329,0.0,False,True,0.0,test
lvis:5124:812:360,lvis,5124,train2017/000000005124.jpg,812,pistol,pistol,True,0,9,0.05567465350031853,50.4878,322.8278,80.0599,354.2009,0.0,False,True,0.0,test
lvis:5152:551:362,lvis,5152,train2017/000000005152.jpg,551,headset,headset,True,0,0,0.22821663320064545,544.4782,67.3898,639.0521,155.9005,0.0,False,True,9.98792270531401,test
lvis:5152:551:362,lvis,5152,train2017/000000005152.jpg,551,headset,headset,True,0,1,0.22308093309402466,181.7822,28.9701,285.3772,132.6548,0.0,False,True,9.98792270531401,test
lvis:5152:551:362,lvis,5152,train2017/000000005152.jpg,551,headset,headset,True,0,2,0.1596662551164627,355.3029,224.7896,503.8608,314.5444,0.0,False,True,0.0,test
lvis:5152:551:362,lvis,5152,train2017/000000005152.jpg,551,headset,headset,True,0,3,0.14722439646720886,288.311,198.7685,503.7574,314.6648,0.0,False,True,0.0,test
lvis:5152:551:362,lvis,5152,train2017/000000005152.jpg,551,headset,headset,True,0,4,0.09190261363983154,449.0747,283.8956,477.9142,310.6466,0.0,False,True,0.0,test
lvis:5152:551:362,lvis,5152,train2017/000000005152.jpg,551,headset,headset,True,0,5,0.07154694944620132,544.671,85.8061,583.1968,155.6563,0.0,False,True,0.0,test
lvis:5152:551:362,lvis,5152,train2017/000000005152.jpg,551,headset,headset,True,0,6,0.06897273659706116,16.5154,28.0275,370.146,382.9577,0.0,False,True,0.0,test
lvis:5152:551:362,lvis,5152,train2017/000000005152.jpg,551,headset,headset,True,0,7,0.05427764728665352,563.9229,67.5484,638.8871,125.7932,0.0,False,True,0.0,test
lvis:5193:671:363,lvis,5193,val2017/000000005193.jpg,671,martini,martini,True,0,0,0.37837687134742737,72.6254,171.4818,114.9888,201.9273,0.0,False,True,9.98792270531401,test
lvis:5193:671:363,lvis,5193,val2017/000000005193.jpg,671,martini,martini,True,0,1,0.24084632098674774,238.7397,62.6327,342.536,413.5301,0.0,False,True,9.98792270531401,test
lvis:5193:671:363,lvis,5193,val2017/000000005193.jpg,671,martini,martini,True,0,2,0.2260773628950119,238.858,61.4777,575.2082,412.594,0.0,False,True,9.98792270531401,test
lvis:5193:671:363,lvis,5193,val2017/000000005193.jpg,671,martini,martini,True,0,3,0.1853906661272049,367.6693,97.1496,389.9908,171.4943,0.0,False,True,0.0,test
lvis:5193:671:363,lvis,5193,val2017/000000005193.jpg,671,martini,martini,True,0,4,0.16717275977134705,458.535,73.8006,570.5479,338.9859,0.0,False,True,0.0,test
lvis:5193:671:363,lvis,5193,val2017/000000005193.jpg,671,martini,martini,True,0,5,0.15905004739761353,55.6074,170.3919,116.3401,205.7458,0.0,False,True,0.0,test
lvis:5193:671:363,lvis,5193,val2017/000000005193.jpg,671,martini,martini,True,0,6,0.1418331116437912,61.4076,162.8526,124.3516,212.7111,0.0,False,True,0.0,test
lvis:5193:671:363,lvis,5193,val2017/000000005193.jpg,671,martini,martini,True,0,7,0.13481111824512482,2.8484,3.9112,636.0618,421.3856,0.0,False,True,0.0,test
lvis:5193:671:363,lvis,5193,val2017/000000005193.jpg,671,martini,martini,True,0,8,0.12562763690948486,134.1962,0.0957,422.4429,36.1007,0.0,False,True,0.0,test
lvis:5193:671:363,lvis,5193,val2017/000000005193.jpg,671,martini,martini,True,0,9,0.1234385296702385,401.484,279.0904,410.2997,294.161,0.0,False,True,0.0,test
lvis:5193:671:363,lvis,5193,val2017/000000005193.jpg,671,martini,martini,True,0,10,0.11514820903539658,411.8277,76.5397,432.5898,112.803,0.0,False,True,0.0,test
lvis:5193:671:363,lvis,5193,val2017/000000005193.jpg,671,martini,martini,True,0,11,0.11127670854330063,0.1691,35.3174,23.4186,73.2641,0.0,False,True,0.0,test
lvis:5193:671:363,lvis,5193,val2017/000000005193.jpg,671,martini,martini,True,0,12,0.107685387134552,0.1946,34.8468,23.9875,95.8827,0.0,False,True,0.0,test
lvis:5193:671:363,lvis,5193,val2017/000000005193.jpg,671,martini,martini,True,0,13,0.10253293067216873,353.2325,72.4337,387.1433,145.1928,0.0,False,True,0.0,test
lvis:5193:671:363,lvis,5193,val2017/000000005193.jpg,671,martini,martini,True,0,14,0.10161639004945755,376.3812,285.1364,398.5204,307.4783,0.0,False,True,0.0,test
lvis:5193:671:363,lvis,5193,val2017/000000005193.jpg,671,martini,martini,True,0,15,0.09928550571203232,362.3341,280.5545,398.306,312.4959,0.0,False,True,0.0,test
lvis:5193:671:363,lvis,5193,val2017/000000005193.jpg,671,martini,martini,True,0,16,0.09417198598384857,361.4969,279.3711,409.8117,317.2993,0.0,False,True,0.0,test
lvis:5193:671:363,lvis,5193,val2017/000000005193.jpg,671,martini,martini,True,0,17,0.08804275840520859,353.4303,72.1584,401.0884,172.6655,0.0,False,True,0.0,test
lvis:5193:671:363,lvis,5193,val2017/000000005193.jpg,671,martini,martini,True,0,18,0.08797932416200638,331.0838,75.763,573.8846,339.3666,0.0,False,True,0.0,test
lvis:5193:671:363,lvis,5193,val2017/000000005193.jpg,671,martini,martini,True,0,19,0.08192390948534012,1.2292,85.8294,221.0548,422.8443,0.0,False,True,0.0,test
lvis:5193:671:363,lvis,5193,val2017/000000005193.jpg,671,martini,martini,True,0,20,0.08063183724880219,211.3573,293.3236,638.4608,423.5355,0.0,False,True,0.0,test
lvis:5193:671:363,lvis,5193,val2017/000000005193.jpg,671,martini,martini,True,0,21,0.08045994490385056,68.3445,58.2679,155.1808,135.5639,0.0,False,True,0.0,test
lvis:5193:671:363,lvis,5193,val2017/000000005193.jpg,671,martini,martini,True,0,22,0.07887391000986099,362.4097,280.9645,383.6412,311.1812,0.0,False,True,0.0,test
lvis:5193:671:363,lvis,5193,val2017/000000005193.jpg,671,martini,martini,True,0,23,0.07622721046209335,48.1542,156.0096,137.424,226.9744,0.0,False,True,0.0,test
lvis:5193:671:363,lvis,5193,val2017/000000005193.jpg,671,martini,martini,True,0,24,0.0758967474102974,275.9059,125.5936,332.5721,188.5702,0.0,False,True,0.0,test
lvis:5193:671:363,lvis,5193,val2017/000000005193.jpg,671,martini,martini,True,0,25,0.07323626428842545,352.4671,71.5335,432.9941,172.5237,0.0,False,True,0.0,test
lvis:5193:671:363,lvis,5193,val2017/000000005193.jpg,671,martini,martini,True,0,26,0.07248886674642563,558.1008,213.8754,574.0341,314.7828,0.0,False,True,0.0,test
lvis:5193:671:363,lvis,5193,val2017/000000005193.jpg,671,martini,martini,True,0,27,0.06969767063856125,525.5191,43.4644,575.584,314.284,0.0,False,True,0.0,test
lvis:5193:671:363,lvis,5193,val2017/000000005193.jpg,671,martini,martini,True,0,28,0.06590107083320618,398.6548,277.1806,412.7312,297.585,0.0,False,True,0.0,test
lvis:5193:671:363,lvis,5193,val2017/000000005193.jpg,671,martini,martini,True,0,29,0.0650729313492775,571.4504,37.6805,638.8555,239.8463,0.0,False,True,0.0,test
lvis:5193:671:363,lvis,5193,val2017/000000005193.jpg,671,martini,martini,True,0,30,0.06400790065526962,360.3864,220.8298,487.3759,370.946,0.0,False,True,0.0,test
lvis:5193:671:363,lvis,5193,val2017/000000005193.jpg,671,martini,martini,True,0,31,0.06060701236128807,361.5172,279.9089,404.9317,369.2231,0.0,False,True,0.0,test
lvis:5193:671:363,lvis,5193,val2017/000000005193.jpg,671,martini,martini,True,0,32,0.05949975177645683,139.4756,113.572,252.4361,422.0363,0.0,False,True,0.0,test
lvis:5193:671:363,lvis,5193,val2017/000000005193.jpg,671,martini,martini,True,0,33,0.05815168842673302,0.2959,33.9674,35.1015,111.3731,0.0,False,True,0.0,test
lvis:5193:671:363,lvis,5193,val2017/000000005193.jpg,671,martini,martini,True,0,34,0.05795619264245033,369.1113,97.9477,487.021,289.9954,0.0,False,True,0.0,test
lvis:5193:671:363,lvis,5193,val2017/000000005193.jpg,671,martini,martini,True,0,35,0.057805221527814865,525.9172,43.3951,575.5616,222.3817,0.0,False,True,0.0,test
lvis:5193:671:363,lvis,5193,val2017/000000005193.jpg,671,martini,martini,True,0,36,0.0562337264418602,289.4412,168.7847,407.6172,399.7696,0.0,False,True,0.0,test
lvis:5193:671:363,lvis,5193,val2017/000000005193.jpg,671,martini,martini,True,0,37,0.055298786610364914,386.4235,83.1456,403.2044,170.7,0.0,False,True,0.0,test
lvis:5193:671:363,lvis,5193,val2017/000000005193.jpg,671,martini,martini,True,0,38,0.05490739271044731,375.9847,279.1948,410.8493,307.7107,0.0,False,True,0.0,test
lvis:5193:671:363,lvis,5193,val2017/000000005193.jpg,671,martini,martini,True,0,39,0.052451469004154205,386.6551,82.8866,402.9951,140.7145,0.0,False,True,0.0,test
lvis:5193:671:363,lvis,5193,val2017/000000005193.jpg,671,martini,martini,True,0,40,0.05131584778428078,403.8981,98.2039,469.9561,147.5697,0.0,False,True,0.0,test
lvis:5193:333:364,lvis,5193,val2017/000000005193.jpg,333,crowbar,crowbar,True,0,0,0.2567366659641266,401.0692,278.7629,410.6495,294.3008,0.0,False,True,9.98792270531401,test
lvis:5193:333:364,lvis,5193,val2017/000000005193.jpg,333,crowbar,crowbar,True,0,1,0.2021041214466095,557.673,214.1265,574.9561,314.7462,0.0,False,True,9.98792270531401,test
lvis:5193:333:364,lvis,5193,val2017/000000005193.jpg,333,crowbar,crowbar,True,0,2,0.2003249078989029,238.6893,63.1353,343.9885,413.0753,0.0,False,True,9.98792270531401,test
lvis:5193:333:364,lvis,5193,val2017/000000005193.jpg,333,crowbar,crowbar,True,0,3,0.1749933660030365,398.5105,276.3822,413.8062,297.6234,0.0,False,True,0.0,test
lvis:5193:333:364,lvis,5193,val2017/000000005193.jpg,333,crowbar,crowbar,True,0,4,0.1715804934501648,386.4308,278.2104,410.9897,366.8229,0.0,False,True,0.0,test
lvis:5193:333:364,lvis,5193,val2017/000000005193.jpg,333,crowbar,crowbar,True,0,5,0.16644389927387238,353.0773,72.4311,382.8078,145.44,0.0,False,True,0.0,test
lvis:5193:333:364,lvis,5193,val2017/000000005193.jpg,333,crowbar,crowbar,True,0,6,0.1561615765094757,386.696,278.8272,411.4837,324.3108,0.0,False,True,0.0,test
lvis:5193:333:364,lvis,5193,val2017/000000005193.jpg,333,crowbar,crowbar,True,0,7,0.1560395359992981,458.6163,74.0548,573.9109,338.5589,0.0,False,True,0.0,test
lvis:5193:333:364,lvis,5193,val2017/000000005193.jpg,333,crowbar,crowbar,True,0,8,0.15080960094928741,239.4164,62.7474,575.9129,411.5573,0.0,False,True,0.0,test
lvis:5193:333:364,lvis,5193,val2017/000000005193.jpg,333,crowbar,crowbar,True,0,9,0.14131253957748413,348.7845,278.3334,410.8851,333.7732,0.0,False,True,0.0,test
lvis:5193:333:364,lvis,5193,val2017/000000005193.jpg,333,crowbar,crowbar,True,0,10,0.13168197870254517,72.5034,171.5393,114.7774,201.5258,0.0,False,True,0.0,test
lvis:5193:333:364,lvis,5193,val2017/000000005193.jpg,333,crowbar,crowbar,True,0,11,0.13142767548561096,264.0383,119.5687,305.4877,198.9425,0.0,False,True,0.0,test
lvis:5193:333:364,lvis,5193,val2017/000000005193.jpg,333,crowbar,crowbar,True,0,12,0.12793320417404175,359.6312,220.4465,487.5989,369.4801,0.0,False,True,0.0,test
lvis:5193:333:364,lvis,5193,val2017/000000005193.jpg,333,crowbar,crowbar,True,0,13,0.10906969755887985,412.0645,76.3085,432.4888,111.6841,0.0,False,True,0.0,test
lvis:5193:333:364,lvis,5193,val2017/000000005193.jpg,333,crowbar,crowbar,True,0,14,0.10830871760845184,562.6927,213.9212,574.4146,229.054,0.0,False,True,0.0,test
lvis:5193:333:364,lvis,5193,val2017/000000005193.jpg,333,crowbar,crowbar,True,0,15,0.101436547935009,559.1559,212.7623,576.0172,234.7622,0.0,False,True,0.0,test
lvis:5193:333:364,lvis,5193,val2017/000000005193.jpg,333,crowbar,crowbar,True,0,16,0.09748667478561401,376.4682,278.7966,411.0515,307.8273,0.0,False,True,0.0,test
lvis:5193:333:364,lvis,5193,val2017/000000005193.jpg,333,crowbar,crowbar,True,0,17,0.0970577746629715,490.0679,138.8987,528.3132,175.1556,0.0,False,True,0.0,test
lvis:5193:333:364,lvis,5193,val2017/000000005193.jpg,333,crowbar,crowbar,True,0,18,0.09658370167016983,386.2893,308.8846,401.4087,366.5719,0.0,False,True,0.0,test
lvis:5193:333:364,lvis,5193,val2017/000000005193.jpg,333,crowbar,crowbar,True,0,19,0.09149367362260818,362.7987,278.0844,410.9073,324.1904,0.0,False,True,0.0,test
lvis:5193:333:364,lvis,5193,val2017/000000005193.jpg,333,crowbar,crowbar,True,0,20,0.08702824264764786,332.1689,75.0379,575.5442,346.2467,0.0,False,True,0.0,test
lvis:5193:333:364,lvis,5193,val2017/000000005193.jpg,333,crowbar,crowbar,True,0,21,0.08686079829931259,376.3204,285.0878,397.8569,306.752,0.0,False,True,0.0,test
lvis:5193:333:364,lvis,5193,val2017/000000005193.jpg,333,crowbar,crowbar,True,0,22,0.08548463881015778,55.7665,171.2028,116.3068,203.9201,0.0,False,True,0.0,test
lvis:5193:333:364,lvis,5193,val2017/000000005193.jpg,333,crowbar,crowbar,True,0,23,0.08475406467914581,423.4064,314.999,443.1,333.4621,0.0,False,True,0.0,test
lvis:5193:333:364,lvis,5193,val2017/000000005193.jpg,333,crowbar,crowbar,True,0,24,0.08338805288076401,385.9419,82.7997,402.6706,171.0595,0.0,False,True,0.0,test
lvis:5193:333:364,lvis,5193,val2017/000000005193.jpg,333,crowbar,crowbar,True,0,25,0.08192402124404907,346.3546,277.812,411.2872,373.18,0.0,False,True,0.0,test
lvis:5193:333:364,lvis,5193,val2017/000000005193.jpg,333,crowbar,crowbar,True,0,26,0.08002625405788422,12.6223,44.0748,35.3869,112.6306,0.0,False,True,0.0,test
lvis:5193:333:364,lvis,5193,val2017/000000005193.jpg,333,crowbar,crowbar,True,0,27,0.07890893518924713,570.9408,36.9168,638.9744,239.5376,0.0,False,True,0.0,test
lvis:5193:333:364,lvis,5193,val2017/000000005193.jpg,333,crowbar,crowbar,True,0,28,0.07765934616327286,619.5423,35.9143,638.5874,64.1467,0.0,False,True,0.0,test
lvis:5193:333:364,lvis,5193,val2017/000000005193.jpg,333,crowbar,crowbar,True,0,29,0.07714281976222992,289.6587,169.2169,409.0842,400.9173,0.0,False,True,0.0,test
lvis:5193:333:364,lvis,5193,val2017/000000005193.jpg,333,crowbar,crowbar,True,0,30,0.07693441212177277,558.9071,213.9158,575.3,269.4828,0.0,False,True,0.0,test
lvis:5193:333:364,lvis,5193,val2017/000000005193.jpg,333,crowbar,crowbar,True,0,31,0.07496228814125061,263.5501,119.7078,306.9202,253.4005,0.0,False,True,0.0,test
lvis:5193:333:364,lvis,5193,val2017/000000005193.jpg,333,crowbar,crowbar,True,0,32,0.07462651282548904,139.8719,113.4659,252.5063,421.8344,0.0,False,True,0.0,test
lvis:5193:333:364,lvis,5193,val2017/000000005193.jpg,333,crowbar,crowbar,True,0,33,0.07425612956285477,1.2595,86.2345,221.0476,422.9223,0.0,False,True,0.0,test
lvis:5193:333:364,lvis,5193,val2017/000000005193.jpg,333,crowbar,crowbar,True,0,34,0.0696675032377243,444.8732,236.3963,472.7772,243.9544,0.0,False,True,0.0,test
lvis:5193:333:364,lvis,5193,val2017/000000005193.jpg,333,crowbar,crowbar,True,0,35,0.0689380094408989,489.9824,214.2008,575.4706,337.8843,0.0,False,True,0.0,test
lvis:5193:333:364,lvis,5193,val2017/000000005193.jpg,333,crowbar,crowbar,True,0,36,0.06379013508558273,300.8618,64.5065,315.1779,100.8589,0.0,False,True,0.0,test
lvis:5193:333:364,lvis,5193,val2017/000000005193.jpg,333,crowbar,crowbar,True,0,37,0.06363566219806671,386.6687,308.6886,405.8722,325.049,0.0,False,True,0.0,test
lvis:5193:333:364,lvis,5193,val2017/000000005193.jpg,333,crowbar,crowbar,True,0,38,0.06325007975101471,510.1793,146.75,532.0366,179.3606,0.0,False,True,0.0,test
lvis:5193:333:364,lvis,5193,val2017/000000005193.jpg,333,crowbar,crowbar,True,0,39,0.06196429952979088,0.2225,35.5215,23.4257,73.3399,0.0,False,True,0.0,test
lvis:5193:333:364,lvis,5193,val2017/000000005193.jpg,333,crowbar,crowbar,True,0,40,0.06071209907531738,349.0034,214.6777,575.9992,365.9451,0.0,False,True,0.0,test
lvis:5193:333:364,lvis,5193,val2017/000000005193.jpg,333,crowbar,crowbar,True,0,41,0.059834230691194534,398.6598,278.6139,411.0771,322.6938,0.0,False,True,0.0,test
lvis:5193:333:364,lvis,5193,val2017/000000005193.jpg,333,crowbar,crowbar,True,0,42,0.0596812404692173,375.8026,285.3882,402.7294,365.5505,0.0,False,True,0.0,test
lvis:5193:333:364,lvis,5193,val2017/000000005193.jpg,333,crowbar,crowbar,True,0,43,0.059602897614240646,286.95,171.7426,305.5586,199.1035,0.0,False,True,0.0,test
lvis:5193:333:364,lvis,5193,val2017/000000005193.jpg,333,crowbar,crowbar,True,0,44,0.059441789984703064,539.6257,206.3758,586.816,317.399,0.0,False,True,0.0,test
lvis:5193:333:364,lvis,5193,val2017/000000005193.jpg,333,crowbar,crowbar,True,0,45,0.058851901441812515,5.1073,60.8342,578.8699,417.9333,0.0,False,True,0.0,test
lvis:5193:333:364,lvis,5193,val2017/000000005193.jpg,333,crowbar,crowbar,True,0,46,0.05872039124369621,352.6505,72.7011,432.9437,146.5695,0.0,False,True,0.0,test
lvis:5193:333:364,lvis,5193,val2017/000000005193.jpg,333,crowbar,crowbar,True,0,47,0.05725250765681267,378.011,97.926,485.5131,289.6813,0.0,False,True,0.0,test
lvis:5193:333:364,lvis,5193,val2017/000000005193.jpg,333,crowbar,crowbar,True,0,48,0.05713951215147972,210.2743,252.4661,223.119,269.5634,0.0,False,True,0.0,test
lvis:5193:333:364,lvis,5193,val2017/000000005193.jpg,333,crowbar,crowbar,True,0,49,0.05636843666434288,386.5204,83.3215,402.6948,141.1874,0.0,False,True,0.0,test
lvis:5193:333:364,lvis,5193,val2017/000000005193.jpg,333,crowbar,crowbar,True,0,50,0.05603976175189018,563.8948,274.959,614.5347,302.8618,0.0,False,True,0.0,test
lvis:5193:333:364,lvis,5193,val2017/000000005193.jpg,333,crowbar,crowbar,True,0,51,0.055774617940187454,263.9799,119.9683,294.2994,175.1499,0.0,False,True,0.0,test
lvis:5193:333:364,lvis,5193,val2017/000000005193.jpg,333,crowbar,crowbar,True,0,52,0.05483010783791542,211.8967,246.5081,237.8055,272.8134,0.0,False,True,0.0,test
lvis:5193:333:364,lvis,5193,val2017/000000005193.jpg,333,crowbar,crowbar,True,0,53,0.05427699163556099,492.9129,139.1202,535.242,235.1558,0.0,False,True,0.0,test
lvis:5193:333:364,lvis,5193,val2017/000000005193.jpg,333,crowbar,crowbar,True,0,54,0.054203130304813385,527.1491,44.1218,574.2977,128.8804,0.0,False,True,0.0,test
lvis:5193:333:364,lvis,5193,val2017/000000005193.jpg,333,crowbar,crowbar,True,0,55,0.053288158029317856,490.313,110.8617,537.0273,176.7601,0.0,False,True,0.0,test
lvis:5193:333:364,lvis,5193,val2017/000000005193.jpg,333,crowbar,crowbar,True,0,56,0.05297788232564926,0.2383,35.1518,23.8368,96.3207,0.0,False,True,0.0,test
lvis:5193:333:364,lvis,5193,val2017/000000005193.jpg,333,crowbar,crowbar,True,0,57,0.05231628939509392,422.5714,313.9373,444.3347,340.3074,0.0,False,True,0.0,test
lvis:5193:333:364,lvis,5193,val2017/000000005193.jpg,333,crowbar,crowbar,True,0,58,0.052166927605867386,210.91,294.1723,638.28,423.2734,0.0,False,True,0.0,test
lvis:5193:333:364,lvis,5193,val2017/000000005193.jpg,333,crowbar,crowbar,True,0,59,0.05099127069115639,554.2006,207.7345,581.7379,241.6547,0.0,False,True,0.0,test
lvis:5193:333:364,lvis,5193,val2017/000000005193.jpg,333,crowbar,crowbar,True,0,60,0.050142642110586166,544.3895,213.933,575.6129,260.8241,0.0,False,True,0.0,test
lvis:5193:333:364,lvis,5193,val2017/000000005193.jpg,333,crowbar,crowbar,True,0,61,0.0500081442296505,276.0101,125.863,331.9613,187.6553,0.0,False,True,0.0,test
lvis:5253:210:366,lvis,5253,train2017/000000005253.jpg,210,car_battery,car_battery,True,0,0,0.3812229335308075,428.3868,319.1928,526.0294,414.6593,0.0,False,True,9.98792270531401,test
lvis:5253:210:366,lvis,5253,train2017/000000005253.jpg,210,car_battery,car_battery,True,0,1,0.2609115540981293,366.0811,87.06,483.2164,186.9707,0.0,False,True,9.98792270531401,test
lvis:5253:210:366,lvis,5253,train2017/000000005253.jpg,210,car_battery,car_battery,True,0,2,0.15953528881072998,488.5106,368.0946,511.9092,387.174,0.0,False,True,0.0,test
lvis:5253:210:366,lvis,5253,train2017/000000005253.jpg,210,car_battery,car_battery,True,0,3,0.13797146081924438,28.0423,83.0108,74.4165,169.5538,0.0,False,True,0.0,test
lvis:5253:210:366,lvis,5253,train2017/000000005253.jpg,210,car_battery,car_battery,True,0,4,0.10275602340698242,379.0396,109.7833,462.2408,164.5243,0.0,False,True,0.0,test
lvis:5253:210:366,lvis,5253,train2017/000000005253.jpg,210,car_battery,car_battery,True,0,5,0.08381897211074829,115.994,416.0995,284.824,424.6879,0.0,False,True,0.0,test
lvis:5253:210:366,lvis,5253,train2017/000000005253.jpg,210,car_battery,car_battery,True,0,6,0.08314105868339539,395.513,176.6727,504.6916,318.1805,0.0,False,True,0.0,test
lvis:5253:210:366,lvis,5253,train2017/000000005253.jpg,210,car_battery,car_battery,True,0,7,0.08085739612579346,450.9056,330.2322,513.1592,405.714,0.0,False,True,0.0,test
lvis:5253:210:366,lvis,5253,train2017/000000005253.jpg,210,car_battery,car_battery,True,0,8,0.07325141131877899,407.7473,304.8963,546.0456,421.3012,0.0,False,True,0.0,test
lvis:5253:210:366,lvis,5253,train2017/000000005253.jpg,210,car_battery,car_battery,True,0,9,0.06326199322938919,431.6689,264.6614,457.3919,290.78,0.0,False,True,0.0,test
lvis:5253:210:366,lvis,5253,train2017/000000005253.jpg,210,car_battery,car_battery,True,0,10,0.061968959867954254,440.2896,377.5352,458.9262,393.7972,0.0,False,True,0.0,test
lvis:5253:210:366,lvis,5253,train2017/000000005253.jpg,210,car_battery,car_battery,True,0,11,0.05739130079746246,270.9249,366.5585,280.7676,388.1628,0.0,False,True,0.0,test
lvis:5253:210:366,lvis,5253,train2017/000000005253.jpg,210,car_battery,car_battery,True,0,12,0.05727114528417587,548.9136,2.9166,638.8842,122.8242,0.0,False,True,0.0,test
lvis:5253:210:366,lvis,5253,train2017/000000005253.jpg,210,car_battery,car_battery,True,0,13,0.056942641735076904,347.8517,71.3112,499.848,205.568,0.0,False,True,0.0,test
lvis:5253:210:366,lvis,5253,train2017/000000005253.jpg,210,car_battery,car_battery,True,0,14,0.05676018074154854,395.8435,177.453,474.69,292.7987,0.0,False,True,0.0,test
lvis:5253:210:366,lvis,5253,train2017/000000005253.jpg,210,car_battery,car_battery,True,0,15,0.05641667917370796,488.1694,386.6149,504.7262,406.1822,0.0,False,True,0.0,test
lvis:5253:210:366,lvis,5253,train2017/000000005253.jpg,210,car_battery,car_battery,True,0,16,0.053352490067481995,411.1532,255.2788,458.2208,292.1931,0.0,False,True,0.0,test
lvis:5253:210:366,lvis,5253,train2017/000000005253.jpg,210,car_battery,car_battery,True,0,17,0.05288682505488396,365.3927,85.8347,526.6829,415.2048,0.0,False,True,0.0,test
lvis:5253:210:366,lvis,5253,train2017/000000005253.jpg,210,car_battery,car_battery,True,0,18,0.052140358835458755,523.8908,49.8037,638.791,422.0193,0.0,False,True,0.0,test
lvis:5253:210:366,lvis,5253,train2017/000000005253.jpg,210,car_battery,car_battery,True,0,19,0.05111835524439812,22.8414,34.3849,522.7759,421.7819,0.0,False,True,0.0,test
lvis:5263:664:368,lvis,5263,train2017/000000005263.jpg,664,mammoth,mammoth,True,0,0,0.6158153414726257,0.7649,45.9429,281.0076,628.1108,0.0,False,True,9.98792270531401,test
lvis:5277:693:369,lvis,5277,train2017/000000005277.jpg,693,mint_candy,mint_candy,True,0,0,0.2532443702220917,160.3625,196.3664,184.9519,243.8363,0.0,False,True,9.98792270531401,test
lvis:5277:693:369,lvis,5277,train2017/000000005277.jpg,693,mint_candy,mint_candy,True,0,1,0.25306692719459534,160.2938,171.3158,185.152,243.7682,0.0,False,True,9.98792270531401,test
lvis:5277:693:369,lvis,5277,train2017/000000005277.jpg,693,mint_candy,mint_candy,True,0,2,0.2508769631385803,80.5773,150.7988,206.4932,244.405,0.0,False,True,9.98792270531401,test
lvis:5277:693:369,lvis,5277,train2017/000000005277.jpg,693,mint_candy,mint_candy,True,0,3,0.18209941685199738,229.4094,0.9766,425.9999,601.3209,0.0,False,True,0.0,test
lvis:5277:693:369,lvis,5277,train2017/000000005277.jpg,693,mint_candy,mint_candy,True,0,4,0.15403074026107788,143.9962,164.3553,164.2309,241.1061,0.0,False,True,0.0,test
lvis:5277:693:369,lvis,5277,train2017/000000005277.jpg,693,mint_candy,mint_candy,True,0,5,0.1513230949640274,79.1654,64.5644,210.5016,247.8963,0.0,False,True,0.0,test
lvis:5277:693:369,lvis,5277,train2017/000000005277.jpg,693,mint_candy,mint_candy,True,0,6,0.14377468824386597,80.3401,198.0101,139.279,234.0574,0.0,False,True,0.0,test
lvis:5277:693:369,lvis,5277,train2017/000000005277.jpg,693,mint_candy,mint_candy,True,0,7,0.1427677422761917,132.3919,151.5707,201.5701,243.6498,0.0,False,True,0.0,test
lvis:5277:693:369,lvis,5277,train2017/000000005277.jpg,693,mint_candy,mint_candy,True,0,8,0.14014114439487457,177.5794,173.187,199.8391,240.8289,0.0,False,True,0.0,test
lvis:5277:693:369,lvis,5277,train2017/000000005277.jpg,693,mint_candy,mint_candy,True,0,9,0.13077938556671143,80.3717,182.1906,139.4892,234.7092,0.0,False,True,0.0,test
lvis:5277:693:369,lvis,5277,train2017/000000005277.jpg,693,mint_candy,mint_candy,True,0,10,0.12753260135650635,79.7905,153.3152,140.1884,258.1152,0.0,False,True,0.0,test
lvis:5277:693:369,lvis,5277,train2017/000000005277.jpg,693,mint_candy,mint_candy,True,0,11,0.12559054791927338,131.1799,162.9125,146.64,237.5374,0.0,False,True,0.0,test
lvis:5277:693:369,lvis,5277,train2017/000000005277.jpg,693,mint_candy,mint_candy,True,0,12,0.11686529964208603,79.7637,64.8147,106.529,144.4384,0.0,False,True,0.0,test
lvis:5277:693:369,lvis,5277,train2017/000000005277.jpg,693,mint_candy,mint_candy,True,0,13,0.10595350712537766,83.4687,368.3557,352.56,637.7123,0.0,False,True,0.0,test
lvis:5277:693:369,lvis,5277,train2017/000000005277.jpg,693,mint_candy,mint_candy,True,0,14,0.1033121645450592,9.5824,2.0848,232.9648,435.8629,0.0,False,True,0.0,test
lvis:5277:693:369,lvis,5277,train2017/000000005277.jpg,693,mint_candy,mint_candy,True,0,15,0.09348705410957336,153.5027,151.3001,174.7947,193.2383,0.0,False,True,0.0,test
lvis:5277:693:369,lvis,5277,train2017/000000005277.jpg,693,mint_candy,mint_candy,True,0,16,0.08851073682308197,81.6708,153.4687,100.7561,205.6082,0.0,False,True,0.0,test
lvis:5277:693:369,lvis,5277,train2017/000000005277.jpg,693,mint_candy,mint_candy,True,0,17,0.0849473774433136,91.8233,184.5033,100.7262,205.7678,0.0,False,True,0.0,test
lvis:5277:693:369,lvis,5277,train2017/000000005277.jpg,693,mint_candy,mint_candy,True,0,18,0.08471864461898804,195.3722,191.6712,208.1271,239.4021,0.0,False,True,0.0,test
lvis:5277:693:369,lvis,5277,train2017/000000005277.jpg,693,mint_candy,mint_candy,True,0,19,0.07982763648033142,133.9069,0.1413,199.8842,18.833,0.0,False,True,0.0,test
lvis:5277:693:369,lvis,5277,train2017/000000005277.jpg,693,mint_candy,mint_candy,True,0,20,0.07841461896896362,7.1355,1.297,423.7554,632.9009,0.0,False,True,0.0,test
lvis:5277:693:369,lvis,5277,train2017/000000005277.jpg,693,mint_candy,mint_candy,True,0,21,0.077590711414814,149.4171,106.3588,196.4551,133.7827,0.0,False,True,0.0,test
lvis:5277:693:369,lvis,5277,train2017/000000005277.jpg,693,mint_candy,mint_candy,True,0,22,0.07731328159570694,149.3593,80.1567,196.5723,134.1832,0.0,False,True,0.0,test
lvis:5277:693:369,lvis,5277,train2017/000000005277.jpg,693,mint_candy,mint_candy,True,0,23,0.07621053606271744,102.6124,96.0379,146.0095,137.1812,0.0,False,True,0.0,test
lvis:5277:693:369,lvis,5277,train2017/000000005277.jpg,693,mint_candy,mint_candy,True,0,24,0.07448326796293259,107.7517,181.5315,131.795,202.9408,0.0,False,True,0.0,test
lvis:5277:693:369,lvis,5277,train2017/000000005277.jpg,693,mint_candy,mint_candy,True,0,25,0.07259269803762436,152.437,80.3442,190.8746,108.4769,0.0,False,True,0.0,test
lvis:5277:693:369,lvis,5277,train2017/000000005277.jpg,693,mint_candy,mint_candy,True,0,26,0.07061915844678879,80.0343,197.9079,139.6741,259.3491,0.0,False,True,0.0,test
lvis:5277:693:369,lvis,5277,train2017/000000005277.jpg,693,mint_candy,mint_candy,True,0,27,0.07014527916908264,267.4648,96.2288,354.17,212.7375,0.0,False,True,0.0,test
lvis:5277:693:369,lvis,5277,train2017/000000005277.jpg,693,mint_candy,mint_candy,True,0,28,0.06969846040010452,293.8625,207.6144,354.1241,286.0917,0.0,False,True,0.0,test
lvis:5277:693:369,lvis,5277,train2017/000000005277.jpg,693,mint_candy,mint_candy,True,0,29,0.06698277592658997,242.6321,85.5349,425.2943,527.6315,0.0,False,True,0.0,test
lvis:5277:693:369,lvis,5277,train2017/000000005277.jpg,693,mint_candy,mint_candy,True,0,30,0.06588994711637497,84.0959,173.4576,101.3623,205.3797,0.0,False,True,0.0,test
lvis:5277:693:369,lvis,5277,train2017/000000005277.jpg,693,mint_candy,mint_candy,True,0,31,0.06565562635660172,80.9944,153.4029,108.028,206.2009,0.0,False,True,0.0,test
lvis:5277:693:369,lvis,5277,train2017/000000005277.jpg,693,mint_candy,mint_candy,True,0,32,0.06550730019807816,108.3813,162.8438,140.1345,244.1212,0.0,False,True,0.0,test
lvis:5277:693:369,lvis,5277,train2017/000000005277.jpg,693,mint_candy,mint_candy,True,0,33,0.06518028676509857,83.0497,173.7734,107.6371,206.2854,0.0,False,True,0.0,test
lvis:5277:693:369,lvis,5277,train2017/000000005277.jpg,693,mint_candy,mint_candy,True,0,34,0.0645105242729187,83.2631,181.3219,132.2527,205.6642,0.0,False,True,0.0,test
lvis:5277:693:369,lvis,5277,train2017/000000005277.jpg,693,mint_candy,mint_candy,True,0,35,0.06383779644966125,76.6633,41.5404,226.3407,384.4474,0.0,False,True,0.0,test
lvis:5277:693:369,lvis,5277,train2017/000000005277.jpg,693,mint_candy,mint_candy,True,0,36,0.06107519194483757,256.2099,318.4058,334.1235,426.7013,0.0,False,True,0.0,test
lvis:5277:693:369,lvis,5277,train2017/000000005277.jpg,693,mint_candy,mint_candy,True,0,37,0.06047441437840462,82.0043,153.5613,97.8666,190.4747,0.0,False,True,0.0,test
lvis:5277:693:369,lvis,5277,train2017/000000005277.jpg,693,mint_candy,mint_candy,True,0,38,0.06033819541335106,80.1624,225.8149,132.1248,259.2436,0.0,False,True,0.0,test
lvis:5277:693:369,lvis,5277,train2017/000000005277.jpg,693,mint_candy,mint_candy,True,0,39,0.059355247765779495,140.7081,126.988,164.7329,135.1221,0.0,False,True,0.0,test
lvis:5277:693:369,lvis,5277,train2017/000000005277.jpg,693,mint_candy,mint_candy,True,0,40,0.059205710887908936,132.8026,519.6127,188.7948,580.9704,0.0,False,True,0.0,test
lvis:5277:693:369,lvis,5277,train2017/000000005277.jpg,693,mint_candy,mint_candy,True,0,41,0.05335737764835358,153.5767,151.2384,173.5974,167.6132,0.0,False,True,0.0,test
lvis:5277:693:369,lvis,5277,train2017/000000005277.jpg,693,mint_candy,mint_candy,True,0,42,0.05309094116091728,79.754,238.8516,218.2073,386.6108,0.0,False,True,0.0,test
lvis:5277:693:369,lvis,5277,train2017/000000005277.jpg,693,mint_candy,mint_candy,True,0,43,0.053086258471012115,107.5629,163.6355,138.538,202.4297,0.0,False,True,0.0,test
lvis:5277:693:369,lvis,5277,train2017/000000005277.jpg,693,mint_candy,mint_candy,True,0,44,0.05205181986093521,160.3951,171.5805,200.1461,243.417,0.0,False,True,0.0,test
lvis:5277:693:369,lvis,5277,train2017/000000005277.jpg,693,mint_candy,mint_candy,True,0,45,0.05201936513185501,8.0621,2.3496,235.4215,634.7433,0.0,False,True,0.0,test
lvis:5277:693:369,lvis,5277,train2017/000000005277.jpg,693,mint_candy,mint_candy,True,0,46,0.05180731788277626,75.3542,22.3372,227.5438,272.1833,0.0,False,True,0.0,test
lvis:5277:693:369,lvis,5277,train2017/000000005277.jpg,693,mint_candy,mint_candy,True,0,47,0.05156059190630913,79.1596,64.4712,140.8274,258.1221,0.0,False,True,0.0,test
lvis:5277:693:369,lvis,5277,train2017/000000005277.jpg,693,mint_candy,mint_candy,True,0,48,0.05071837827563286,308.8739,0.3805,368.6015,57.7349,0.0,False,True,0.0,test
lvis:5277:597:370,lvis,5277,train2017/000000005277.jpg,597,jewel,jewel,True,0,0,0.3530540466308594,124.3384,523.7653,162.7807,571.4123,0.0,False,True,9.98792270531401,test
lvis:5277:597:370,lvis,5277,train2017/000000005277.jpg,597,jewel,jewel,True,0,1,0.2671785354614258,83.6071,368.6008,353.4628,638.1138,0.0,False,True,9.98792270531401,test
lvis:5277:597:370,lvis,5277,train2017/000000005277.jpg,597,jewel,jewel,True,0,2,0.24811947345733643,102.1378,96.1244,146.4197,137.2599,0.0,False,True,9.98792270531401,test
lvis:5277:597:370,lvis,5277,train2017/000000005277.jpg,597,jewel,jewel,True,0,3,0.1940550059080124,9.3717,1.5864,354.5702,637.3488,0.0,False,True,0.0,test
lvis:5277:597:370,lvis,5277,train2017/000000005277.jpg,597,jewel,jewel,True,0,4,0.178323894739151,124.869,520.1976,188.406,579.6731,0.0,False,True,0.0,test
lvis:5277:597:370,lvis,5277,train2017/000000005277.jpg,597,jewel,jewel,True,0,5,0.17372527718544006,9.3576,0.9938,233.9061,436.1525,0.0,False,True,0.0,test
lvis:5277:597:370,lvis,5277,train2017/000000005277.jpg,597,jewel,jewel,True,0,6,0.16274191439151764,134.2129,0.0511,197.7077,16.9032,0.0,False,True,0.0,test
lvis:5277:597:370,lvis,5277,train2017/000000005277.jpg,597,jewel,jewel,True,0,7,0.16246043145656586,124.5399,547.5394,162.8033,570.8113,0.0,False,True,0.0,test
lvis:5277:597:370,lvis,5277,train2017/000000005277.jpg,597,jewel,jewel,True,0,8,0.155192568898201,194.9448,191.8948,207.9903,239.5887,0.0,False,True,0.0,test
lvis:5277:597:370,lvis,5277,train2017/000000005277.jpg,597,jewel,jewel,True,0,9,0.12387971580028534,160.5516,170.4289,184.7782,243.4996,0.0,False,True,0.0,test
lvis:5277:597:370,lvis,5277,train2017/000000005277.jpg,597,jewel,jewel,True,0,10,0.11602059006690979,80.9948,152.5751,209.022,243.0666,0.0,False,True,0.0,test
lvis:5277:597:370,lvis,5277,train2017/000000005277.jpg,597,jewel,jewel,True,0,11,0.11426704376935959,142.8897,554.6447,162.7874,571.2191,0.0,False,True,0.0,test
lvis:5277:597:370,lvis,5277,train2017/000000005277.jpg,597,jewel,jewel,True,0,12,0.10918440669775009,79.8895,65.307,106.0588,144.559,0.0,False,True,0.0,test
lvis:5277:597:370,lvis,5277,train2017/000000005277.jpg,597,jewel,jewel,True,0,13,0.10387703031301498,223.3431,-3.1979,426.1403,623.769,0.0,False,True,0.0,test
lvis:5277:597:370,lvis,5277,train2017/000000005277.jpg,597,jewel,jewel,True,0,14,0.10197973996400833,80.2591,224.7715,132.1229,259.4832,0.0,False,True,0.0,test
lvis:5277:597:370,lvis,5277,train2017/000000005277.jpg,597,jewel,jewel,True,0,15,0.09799733012914658,79.6522,239.315,218.1615,385.9147,0.0,False,True,0.0,test
lvis:5277:597:370,lvis,5277,train2017/000000005277.jpg,597,jewel,jewel,True,0,16,0.09707963466644287,148.8601,301.8608,171.272,318.4623,0.0,False,True,0.0,test
lvis:5277:597:370,lvis,5277,train2017/000000005277.jpg,597,jewel,jewel,True,0,17,0.09511902928352356,79.2733,43.677,224.0107,259.5535,0.0,False,True,0.0,test
lvis:5277:597:370,lvis,5277,train2017/000000005277.jpg,597,jewel,jewel,True,0,18,0.09443967044353485,177.5753,173.4115,199.8768,240.2376,0.0,False,True,0.0,test
lvis:5277:597:370,lvis,5277,train2017/000000005277.jpg,597,jewel,jewel,True,0,19,0.09367601573467255,152.5142,80.518,190.7562,108.6715,0.0,False,True,0.0,test
lvis:5277:597:370,lvis,5277,train2017/000000005277.jpg,597,jewel,jewel,True,0,20,0.09344933182001114,125.4785,523.9497,153.4655,552.0074,0.0,False,True,0.0,test
lvis:5277:597:370,lvis,5277,train2017/000000005277.jpg,597,jewel,jewel,True,0,21,0.0928802564740181,293.7844,203.9331,354.2067,285.197,0.0,False,True,0.0,test
lvis:5277:597:370,lvis,5277,train2017/000000005277.jpg,597,jewel,jewel,True,0,22,0.09019267559051514,144.2805,164.642,164.421,240.91,0.0,False,True,0.0,test
lvis:5277:597:370,lvis,5277,train2017/000000005277.jpg,597,jewel,jewel,True,0,23,0.08995484560728073,79.8871,155.0287,139.9763,258.9097,0.0,False,True,0.0,test
lvis:5277:597:370,lvis,5277,train2017/000000005277.jpg,597,jewel,jewel,True,0,24,0.08989637345075607,80.5194,198.38,138.8841,232.7049,0.0,False,True,0.0,test
lvis:5277:597:370,lvis,5277,train2017/000000005277.jpg,597,jewel,jewel,True,0,25,0.08963136374950409,140.9405,126.795,164.6378,135.195,0.0,False,True,0.0,test
lvis:5277:597:370,lvis,5277,train2017/000000005277.jpg,597,jewel,jewel,True,0,26,0.08751837909221649,23.4903,622.1962,36.8118,638.9106,0.0,False,True,0.0,test
lvis:5277:597:370,lvis,5277,train2017/000000005277.jpg,597,jewel,jewel,True,0,27,0.08500932902097702,8.4746,1.5858,236.2824,634.0344,0.0,False,True,0.0,test
lvis:5277:597:370,lvis,5277,train2017/000000005277.jpg,597,jewel,jewel,True,0,28,0.08232114464044571,134.2431,502.1703,353.4387,637.7246,0.0,False,True,0.0,test
lvis:5277:597:370,lvis,5277,train2017/000000005277.jpg,597,jewel,jewel,True,0,29,0.08225857466459274,78.064,37.1612,227.2818,385.0694,0.0,False,True,0.0,test
lvis:5277:597:370,lvis,5277,train2017/000000005277.jpg,597,jewel,jewel,True,0,30,0.078561931848526,308.1231,0.2093,367.9698,57.4685,0.0,False,True,0.0,test
lvis:5277:597:370,lvis,5277,train2017/000000005277.jpg,597,jewel,jewel,True,0,31,0.07457724958658218,107.6598,181.7411,131.952,202.6056,0.0,False,True,0.0,test
lvis:5277:597:370,lvis,5277,train2017/000000005277.jpg,597,jewel,jewel,True,0,32,0.07199451327323914,80.0655,198.1946,139.1715,259.518,0.0,False,True,0.0,test
lvis:5277:597:370,lvis,5277,train2017/000000005277.jpg,597,jewel,jewel,True,0,33,0.06773250550031662,237.3286,255.9134,249.2926,269.9738,0.0,False,True,0.0,test
lvis:5277:597:370,lvis,5277,train2017/000000005277.jpg,597,jewel,jewel,True,0,34,0.06511831283569336,125.579,536.5504,139.5872,552.3237,0.0,False,True,0.0,test
lvis:5277:597:370,lvis,5277,train2017/000000005277.jpg,597,jewel,jewel,True,0,35,0.06486482918262482,130.6201,153.3842,208.2225,242.9606,0.0,False,True,0.0,test
lvis:5277:597:370,lvis,5277,train2017/000000005277.jpg,597,jewel,jewel,True,0,36,0.06442875415086746,131.319,163.4674,146.7496,236.9758,0.0,False,True,0.0,test
lvis:5277:597:370,lvis,5277,train2017/000000005277.jpg,597,jewel,jewel,True,0,37,0.05988907441496849,91.7663,184.7503,100.7007,206.0941,0.0,False,True,0.0,test
lvis:5277:597:370,lvis,5277,train2017/000000005277.jpg,597,jewel,jewel,True,0,38,0.05856499448418617,124.3388,503.7502,215.6076,578.119,0.0,False,True,0.0,test
lvis:5277:597:370,lvis,5277,train2017/000000005277.jpg,597,jewel,jewel,True,0,39,0.05823164060711861,340.9214,321.6701,409.744,410.5161,0.0,False,True,0.0,test
lvis:5277:597:370,lvis,5277,train2017/000000005277.jpg,597,jewel,jewel,True,0,40,0.057689499109983444,149.8931,106.7137,196.1149,133.6864,0.0,False,True,0.0,test
lvis:5277:597:370,lvis,5277,train2017/000000005277.jpg,597,jewel,jewel,True,0,41,0.05688251927495003,160.4127,196.3206,184.472,243.5167,0.0,False,True,0.0,test
lvis:5277:597:370,lvis,5277,train2017/000000005277.jpg,597,jewel,jewel,True,0,42,0.056330908089876175,0.8819,408.2909,137.307,638.3111,0.0,False,True,0.0,test
lvis:5277:597:370,lvis,5277,train2017/000000005277.jpg,597,jewel,jewel,True,0,43,0.053246431052684784,24.2335,622.3739,32.1096,638.0233,0.0,False,True,0.0,test
lvis:5277:597:370,lvis,5277,train2017/000000005277.jpg,597,jewel,jewel,True,0,44,0.0527321994304657,236.9608,28.6978,255.5612,65.708,0.0,False,True,0.0,test
lvis:5277:597:370,lvis,5277,train2017/000000005277.jpg,597,jewel,jewel,True,0,45,0.05209050700068474,17.5679,333.2816,223.8487,435.9217,0.0,False,True,0.0,test
lvis:5277:597:370,lvis,5277,train2017/000000005277.jpg,597,jewel,jewel,True,0,46,0.051998671144247055,160.3867,302.2574,171.1319,314.6197,0.0,False,True,0.0,test
lvis:5277:597:370,lvis,5277,train2017/000000005277.jpg,597,jewel,jewel,True,0,47,0.0517084002494812,0.5649,422.0388,48.7366,507.958,0.0,False,True,0.0,test
lvis:5277:597:370,lvis,5277,train2017/000000005277.jpg,597,jewel,jewel,True,0,48,0.05130436643958092,150.942,80.6091,196.2133,133.6351,0.0,False,True,0.0,test
lvis:5277:597:370,lvis,5277,train2017/000000005277.jpg,597,jewel,jewel,True,0,49,0.05130358785390854,210.8942,464.7006,236.8334,506.2707,0.0,False,True,0.0,test
lvis:5277:597:370,lvis,5277,train2017/000000005277.jpg,597,jewel,jewel,True,0,50,0.0509350523352623,108.3899,163.7208,139.8633,243.1216,0.0,False,True,0.0,test
lvis:5277:597:370,lvis,5277,train2017/000000005277.jpg,597,jewel,jewel,True,0,51,0.05089457333087921,81.8502,153.7547,100.9837,205.3408,0.0,False,True,0.0,test
lvis:5277:597:370,lvis,5277,train2017/000000005277.jpg,597,jewel,jewel,True,0,52,0.050377920269966125,356.4189,208.5194,370.8038,230.1817,0.0,False,True,0.0,test
lvis:5277:597:370,lvis,5277,train2017/000000005277.jpg,597,jewel,jewel,True,0,53,0.050014007836580276,80.5979,182.1858,138.8634,233.2019,0.0,False,True,0.0,test
lvis:5477:1129:375,lvis,5477,val2017/000000005477.jpg,1129,turnip,turnip,True,0,0,0.5524666905403137,7.5696,102.2536,631.3892,289.1904,0.0,False,True,9.98792270531401,test
lvis:5477:1129:375,lvis,5477,val2017/000000005477.jpg,1129,turnip,turnip,True,0,1,0.220460444688797,323.0,241.7062,397.5208,280.0111,0.0,False,True,9.98792270531401,test
lvis:5477:1129:375,lvis,5477,val2017/000000005477.jpg,1129,turnip,turnip,True,0,2,0.14073482155799866,40.766,248.3006,143.5093,275.0287,0.0,False,True,0.0,test
lvis:5477:1129:375,lvis,5477,val2017/000000005477.jpg,1129,turnip,turnip,True,0,3,0.10561049729585648,79.5352,145.7085,124.4586,195.2342,0.0,False,True,0.0,test
lvis:5477:1129:375,lvis,5477,val2017/000000005477.jpg,1129,turnip,turnip,True,0,4,0.10230283439159393,300.2784,269.7308,324.1757,288.5162,0.0,False,True,0.0,test
lvis:5477:1129:375,lvis,5477,val2017/000000005477.jpg,1129,turnip,turnip,True,0,5,0.09726982563734055,129.4859,247.336,167.4412,272.7593,0.0,False,True,0.0,test
lvis:5477:1129:375,lvis,5477,val2017/000000005477.jpg,1129,turnip,turnip,True,0,6,0.08985251933336258,427.397,206.3708,512.3852,260.2301,0.0,False,True,0.0,test
lvis:5477:1129:375,lvis,5477,val2017/000000005477.jpg,1129,turnip,turnip,True,0,7,0.0877496674656868,40.4589,247.7962,199.6821,276.7265,0.0,False,True,0.0,test
lvis:5477:1129:375,lvis,5477,val2017/000000005477.jpg,1129,turnip,turnip,True,0,8,0.08711551129817963,395.5191,265.5483,454.0553,279.2046,0.0,False,True,0.0,test
lvis:5477:1129:375,lvis,5477,val2017/000000005477.jpg,1129,turnip,turnip,True,0,9,0.07831728458404541,609.8513,225.835,639.0133,262.3438,0.0,False,True,0.0,test
lvis:5477:1129:375,lvis,5477,val2017/000000005477.jpg,1129,turnip,turnip,True,0,10,0.07679436355829239,310.3056,234.601,408.1682,292.2661,0.0,False,True,0.0,test
lvis:5477:1129:375,lvis,5477,val2017/000000005477.jpg,1129,turnip,turnip,True,0,11,0.07228497415781021,129.4584,247.5703,203.4049,276.4981,0.0,False,True,0.0,test
lvis:5477:1129:375,lvis,5477,val2017/000000005477.jpg,1129,turnip,turnip,True,0,12,0.07050124555826187,463.2933,225.0643,501.5344,242.9055,0.0,False,True,0.0,test
lvis:5477:1129:375,lvis,5477,val2017/000000005477.jpg,1129,turnip,turnip,True,0,13,0.06335396319627762,554.8837,274.6627,570.8174,288.9315,0.0,False,True,0.0,test
lvis:5477:1129:375,lvis,5477,val2017/000000005477.jpg,1129,turnip,turnip,True,0,14,0.060986973345279694,333.8819,275.8134,357.6119,288.5278,0.0,False,True,0.0,test
lvis:5477:1129:375,lvis,5477,val2017/000000005477.jpg,1129,turnip,turnip,True,0,15,0.05552971363067627,71.5391,151.2314,614.4062,287.2163,0.0,False,True,0.0,test
lvis:5477:1129:375,lvis,5477,val2017/000000005477.jpg,1129,turnip,turnip,True,0,16,0.054457057267427444,154.2466,253.2255,164.1605,269.3736,0.0,False,True,0.0,test
lvis:5477:1129:375,lvis,5477,val2017/000000005477.jpg,1129,turnip,turnip,True,0,17,0.053132057189941406,37.6018,237.1819,157.6484,284.4641,0.0,False,True,0.0,test
lvis:5477:1129:375,lvis,5477,val2017/000000005477.jpg,1129,turnip,turnip,True,0,18,0.05044207349419594,64.3544,78.973,577.9209,314.6954,0.0,False,True,0.0,test
lvis:5477:1129:375,lvis,5477,val2017/000000005477.jpg,1129,turnip,turnip,True,0,19,0.05036752298474312,5.3358,197.5579,117.0322,221.8684,0.0,False,True,0.0,test
lvis:5477:426:376,lvis,5477,val2017/000000005477.jpg,426,escargot,escargot,True,0,0,0.7188665866851807,7.2542,101.653,631.7215,289.6622,0.0,False,True,9.98792270531401,test
lvis:5477:426:376,lvis,5477,val2017/000000005477.jpg,426,escargot,escargot,True,0,1,0.15388426184654236,40.1472,247.8539,145.2327,275.5512,0.0,False,True,0.0,test
lvis:5477:426:376,lvis,5477,val2017/000000005477.jpg,426,escargot,escargot,True,0,2,0.11215708404779434,323.0072,241.4917,397.7942,280.6915,0.0,False,True,0.0,test
lvis:5477:426:376,lvis,5477,val2017/000000005477.jpg,426,escargot,escargot,True,0,3,0.08532948791980743,128.4769,247.6577,168.2349,273.6205,0.0,False,True,0.0,test
lvis:5477:426:376,lvis,5477,val2017/000000005477.jpg,426,escargot,escargot,True,0,4,0.07599126547574997,40.165,247.3185,205.0342,278.1979,0.0,False,True,0.0,test
lvis:5477:426:376,lvis,5477,val2017/000000005477.jpg,426,escargot,escargot,True,0,5,0.06319843977689743,427.13,206.1566,512.7007,260.4737,0.0,False,True,0.0,test
lvis:5477:426:376,lvis,5477,val2017/000000005477.jpg,426,escargot,escargot,True,0,6,0.05907421186566353,128.8135,247.5895,208.5752,277.8141,0.0,False,True,0.0,test
lvis:5477:426:376,lvis,5477,val2017/000000005477.jpg,426,escargot,escargot,True,0,7,0.0576741024851799,79.118,145.3612,125.2211,195.6823,0.0,False,True,0.0,test
lvis:5477:426:376,lvis,5477,val2017/000000005477.jpg,426,escargot,escargot,True,0,8,0.056106455624103546,609.3255,225.3091,638.8037,262.9379,0.0,False,True,0.0,test
lvis:5486:532:378,lvis,5486,train2017/000000005486.jpg,532,hamper,hamper,True,0,0,0.2185201197862625,506.1534,163.0867,526.7731,244.811,0.0,False,True,9.98792270531401,test
lvis:5486:532:378,lvis,5486,train2017/000000005486.jpg,532,hamper,hamper,True,0,1,0.21432730555534363,82.9718,168.6987,113.0613,286.0246,0.0,False,True,9.98792270531401,test
lvis:5486:532:378,lvis,5486,train2017/000000005486.jpg,532,hamper,hamper,True,0,2,0.20266348123550415,407.0038,362.8871,639.1965,425.0174,0.0,False,True,9.98792270531401,test
lvis:5486:532:378,lvis,5486,train2017/000000005486.jpg,532,hamper,hamper,True,0,3,0.17093011736869812,87.8073,-0.1051,517.8322,117.3561,0.0,False,True,0.0,test
lvis:5486:532:378,lvis,5486,train2017/000000005486.jpg,532,hamper,hamper,True,0,4,0.16080419719219208,199.9007,348.3353,311.9133,425.2114,0.0,False,True,0.0,test
lvis:5486:532:378,lvis,5486,train2017/000000005486.jpg,532,hamper,hamper,True,0,5,0.14285370707511902,314.719,318.0776,463.4674,376.5898,0.0,False,True,0.0,test
lvis:5486:532:378,lvis,5486,train2017/000000005486.jpg,532,hamper,hamper,True,0,6,0.13992103934288025,424.3353,261.9286,434.6979,275.5262,0.0,False,True,0.0,test
lvis:5486:532:378,lvis,5486,train2017/000000005486.jpg,532,hamper,hamper,True,0,7,0.12563739717006683,10.1453,211.0083,25.6759,245.7696,0.0,False,True,0.0,test
lvis:5486:532:378,lvis,5486,train2017/000000005486.jpg,532,hamper,hamper,True,0,8,0.12559181451797485,169.489,336.9775,184.4843,384.4225,0.0,False,True,0.0,test
lvis:5486:532:378,lvis,5486,train2017/000000005486.jpg,532,hamper,hamper,True,0,9,0.11317044496536255,299.522,208.6961,310.0133,230.4298,0.0,False,True,0.0,test
lvis:5486:532:378,lvis,5486,train2017/000000005486.jpg,532,hamper,hamper,True,0,10,0.11190273612737656,437.5533,257.4016,452.6273,275.2798,0.0,False,True,0.0,test
lvis:5486:532:378,lvis,5486,train2017/000000005486.jpg,532,hamper,hamper,True,0,11,0.10915090888738632,185.6057,214.0267,203.1675,233.3996,0.0,False,True,0.0,test
lvis:5486:532:378,lvis,5486,train2017/000000005486.jpg,532,hamper,hamper,True,0,12,0.10494671016931534,122.6421,211.0634,141.6327,248.8268,0.0,False,True,0.0,test
lvis:5486:532:378,lvis,5486,train2017/000000005486.jpg,532,hamper,hamper,True,0,13,0.10266951471567154,46.5896,344.8795,120.8371,425.1375,0.0,False,True,0.0,test
lvis:5486:532:378,lvis,5486,train2017/000000005486.jpg,532,hamper,hamper,True,0,14,0.1017233282327652,71.2556,293.3304,99.5041,330.4464,0.0,False,True,0.0,test
lvis:5486:532:378,lvis,5486,train2017/000000005486.jpg,532,hamper,hamper,True,0,15,0.1006588265299797,126.4567,251.6167,159.9209,311.5547,0.0,False,True,0.0,test
lvis:5486:532:378,lvis,5486,train2017/000000005486.jpg,532,hamper,hamper,True,0,16,0.0999419242143631,257.2521,228.4956,350.6857,360.555,0.0,False,True,0.0,test
lvis:5486:532:378,lvis,5486,train2017/000000005486.jpg,532,hamper,hamper,True,0,17,0.09551302343606949,153.8032,0.4566,188.6499,51.0225,0.0,False,True,0.0,test
lvis:5486:532:378,lvis,5486,train2017/000000005486.jpg,532,hamper,hamper,True,0,18,0.09531570971012115,52.5321,203.7688,82.6839,252.2235,0.0,False,True,0.0,test
lvis:5486:532:378,lvis,5486,train2017/000000005486.jpg,532,hamper,hamper,True,0,19,0.09503322839736938,225.4243,289.4709,262.8672,359.2533,0.0,False,True,0.0,test
lvis:5486:532:378,lvis,5486,train2017/000000005486.jpg,532,hamper,hamper,True,0,20,0.09449690580368042,71.2895,314.6832,96.3168,329.8322,0.0,False,True,0.0,test
lvis:5486:532:378,lvis,5486,train2017/000000005486.jpg,532,hamper,hamper,True,0,21,0.0935041680932045,185.7012,236.8513,200.6957,267.6319,0.0,False,True,0.0,test
lvis:5486:532:378,lvis,5486,train2017/000000005486.jpg,532,hamper,hamper,True,0,22,0.09301654249429703,96.7248,295.4659,109.5133,319.8719,0.0,False,True,0.0,test
lvis:5486:532:378,lvis,5486,train2017/000000005486.jpg,532,hamper,hamper,True,0,23,0.09249576926231384,164.8662,65.7289,198.8781,88.4555,0.0,False,True,0.0,test
lvis:5486:532:378,lvis,5486,train2017/000000005486.jpg,532,hamper,hamper,True,0,24,0.08996415883302689,399.9227,286.2968,425.0359,308.0749,0.0,False,True,0.0,test
lvis:5486:532:378,lvis,5486,train2017/000000005486.jpg,532,hamper,hamper,True,0,25,0.0830250009894371,71.2067,316.8806,81.458,329.5396,0.0,False,True,0.0,test
lvis:5486:532:378,lvis,5486,train2017/000000005486.jpg,532,hamper,hamper,True,0,26,0.08082184195518494,240.6995,231.4639,258.6764,251.3084,0.0,False,True,0.0,test
lvis:5486:532:378,lvis,5486,train2017/000000005486.jpg,532,hamper,hamper,True,0,27,0.0787864699959755,539.8552,393.626,599.8876,424.9956,0.0,False,True,0.0,test
lvis:5486:532:378,lvis,5486,train2017/000000005486.jpg,532,hamper,hamper,True,0,28,0.07759302854537964,64.5028,314.4108,170.9293,423.3786,0.0,False,True,0.0,test
lvis:5486:532:378,lvis,5486,train2017/000000005486.jpg,532,hamper,hamper,True,0,29,0.07599812746047974,71.3166,304.634,98.8109,330.1955,0.0,False,True,0.0,test
lvis:5486:532:378,lvis,5486,train2017/000000005486.jpg,532,hamper,hamper,True,0,30,0.07494877278804779,177.1867,66.4319,198.7551,86.0014,0.0,False,True,0.0,test
lvis:5486:532:378,lvis,5486,train2017/000000005486.jpg,532,hamper,hamper,True,0,31,0.07268590480089188,87.7848,4.0064,105.5005,33.1446,0.0,False,True,0.0,test
lvis:5486:532:378,lvis,5486,train2017/000000005486.jpg,532,hamper,hamper,True,0,32,0.07016142457723618,266.152,24.513,284.8909,43.266,0.0,False,True,0.0,test
lvis:5486:532:378,lvis,5486,train2017/000000005486.jpg,532,hamper,hamper,True,0,33,0.0684923306107521,104.9524,319.3896,122.6012,333.138,0.0,False,True,0.0,test
lvis:5486:532:378,lvis,5486,train2017/000000005486.jpg,532,hamper,hamper,True,0,34,0.06645517796278,314.834,317.9706,462.7377,413.7774,0.0,False,True,0.0,test
lvis:5486:532:378,lvis,5486,train2017/000000005486.jpg,532,hamper,hamper,True,0,35,0.06489218771457672,15.5978,211.2582,25.7073,243.7928,0.0,False,True,0.0,test
lvis:5486:532:378,lvis,5486,train2017/000000005486.jpg,532,hamper,hamper,True,0,36,0.06443102657794952,317.8688,220.3969,344.9798,230.6442,0.0,False,True,0.0,test
lvis:5486:532:378,lvis,5486,train2017/000000005486.jpg,532,hamper,hamper,True,0,37,0.06435088068246841,11.7247,339.7151,40.8858,399.5804,0.0,False,True,0.0,test
lvis:5486:532:378,lvis,5486,train2017/000000005486.jpg,532,hamper,hamper,True,0,38,0.06417561322450638,106.8605,294.6772,124.159,318.3799,0.0,False,True,0.0,test
lvis:5486:532:378,lvis,5486,train2017/000000005486.jpg,532,hamper,hamper,True,0,39,0.06309241056442261,54.0901,203.8715,74.6585,237.4971,0.0,False,True,0.0,test
lvis:5486:532:378,lvis,5486,train2017/000000005486.jpg,532,hamper,hamper,True,0,40,0.06257972866296768,446.9068,207.5133,484.6799,369.1484,0.0,False,True,0.0,test
lvis:5486:532:378,lvis,5486,train2017/000000005486.jpg,532,hamper,hamper,True,0,41,0.06250187009572983,322.9282,2.624,349.8456,28.4908,0.0,False,True,0.0,test
lvis:5486:532:378,lvis,5486,train2017/000000005486.jpg,532,hamper,hamper,True,0,42,0.062223441898822784,414.1208,37.8469,441.6024,67.6482,0.0,False,True,0.0,test
lvis:5486:532:378,lvis,5486,train2017/000000005486.jpg,532,hamper,hamper,True,0,43,0.061298925429582596,325.8207,6.5211,444.3973,85.8447,0.0,False,True,0.0,test
lvis:5486:532:378,lvis,5486,train2017/000000005486.jpg,532,hamper,hamper,True,0,44,0.06012439727783203,328.8117,197.9489,337.399,211.2704,0.0,False,True,0.0,test
lvis:5486:532:378,lvis,5486,train2017/000000005486.jpg,532,hamper,hamper,True,0,45,0.058183491230010986,128.5218,294.8303,142.6697,311.6505,0.0,False,True,0.0,test
lvis:5486:532:378,lvis,5486,train2017/000000005486.jpg,532,hamper,hamper,True,0,46,0.057075001299381256,430.8131,294.2289,443.4764,308.2312,0.0,False,True,0.0,test
lvis:5486:532:378,lvis,5486,train2017/000000005486.jpg,532,hamper,hamper,True,0,47,0.055760014802217484,407.0371,368.4449,489.5647,425.0844,0.0,False,True,0.0,test
lvis:5486:532:378,lvis,5486,train2017/000000005486.jpg,532,hamper,hamper,True,0,48,0.05497415363788605,336.4563,74.3899,372.1306,102.5546,0.0,False,True,0.0,test
lvis:5486:532:378,lvis,5486,train2017/000000005486.jpg,532,hamper,hamper,True,0,49,0.05416646972298622,564.5497,394.2025,599.985,425.0831,0.0,False,True,0.0,test
lvis:5486:532:378,lvis,5486,train2017/000000005486.jpg,532,hamper,hamper,True,0,50,0.05413547903299332,5.313,194.8193,26.8693,252.0444,0.0,False,True,0.0,test
lvis:5486:532:378,lvis,5486,train2017/000000005486.jpg,532,hamper,hamper,True,0,51,0.05392809957265854,152.3274,225.3388,162.2131,256.5323,0.0,False,True,0.0,test
lvis:5486:532:378,lvis,5486,train2017/000000005486.jpg,532,hamper,hamper,True,0,52,0.05391231179237366,540.0859,394.6161,577.7625,424.7835,0.0,False,True,0.0,test
lvis:5486:532:378,lvis,5486,train2017/000000005486.jpg,532,hamper,hamper,True,0,53,0.051544081419706345,395.9053,296.4538,406.924,308.4727,0.0,False,True,0.0,test
lvis:5486:532:378,lvis,5486,train2017/000000005486.jpg,532,hamper,hamper,True,0,54,0.05061805993318558,328.1353,198.2128,416.4725,318.6964,0.0,False,True,0.0,test
lvis:5486:532:378,lvis,5486,train2017/000000005486.jpg,532,hamper,hamper,True,0,55,0.05037008970975876,333.1054,337.7453,405.372,424.826,0.0,False,True,0.0,test
lvis:5486:532:378,lvis,5486,train2017/000000005486.jpg,532,hamper,hamper,True,0,56,0.05031401291489601,213.5585,23.827,254.9859,84.9624,0.0,False,True,0.0,test
lvis:5486:532:378,lvis,5486,train2017/000000005486.jpg,532,hamper,hamper,True,0,57,0.050229329615831375,300.2469,236.6527,307.8063,248.6944,0.0,False,True,0.0,test
lvis:5486:532:378,lvis,5486,train2017/000000005486.jpg,532,hamper,hamper,True,0,58,0.05005789175629616,54.6823,203.8952,74.0075,223.9814,0.0,False,True,0.0,test
lvis:5503:357:379,lvis,5503,val2017/000000005503.jpg,357,date_(fruit),date_(fruit),True,0,0,0.3076997697353363,0.4349,72.1623,50.796,133.7881,0.0,False,True,9.98792270531401,test
lvis:5503:357:379,lvis,5503,val2017/000000005503.jpg,357,date_(fruit),date_(fruit),True,0,1,0.2627767026424408,0.5041,87.1304,42.7702,128.8062,0.0,False,True,9.98792270531401,test
lvis:5503:357:379,lvis,5503,val2017/000000005503.jpg,357,date_(fruit),date_(fruit),True,0,2,0.222692608833313,37.9681,177.1686,270.0363,470.0664,0.0,False,True,9.98792270531401,test
lvis:5503:357:379,lvis,5503,val2017/000000005503.jpg,357,date_(fruit),date_(fruit),True,0,3,0.20786108076572418,53.6172,35.5842,111.2292,110.5958,0.0,False,True,9.98792270531401,test
lvis:5503:357:379,lvis,5503,val2017/000000005503.jpg,357,date_(fruit),date_(fruit),True,0,4,0.18607483804225922,60.4068,270.7659,226.9673,468.4064,0.0,False,True,0.0,test
lvis:5503:357:379,lvis,5503,val2017/000000005503.jpg,357,date_(fruit),date_(fruit),True,0,5,0.1445496678352356,73.4106,54.7797,107.8081,91.2387,0.0,False,True,0.0,test
lvis:5503:357:379,lvis,5503,val2017/000000005503.jpg,357,date_(fruit),date_(fruit),True,0,6,0.13090774416923523,112.8826,298.8346,178.9143,349.7184,0.0,False,True,0.0,test
lvis:5503:357:379,lvis,5503,val2017/000000005503.jpg,357,date_(fruit),date_(fruit),True,0,7,0.10841281712055206,45.9817,31.0123,125.8754,119.1448,0.0,False,True,0.0,test
lvis:5503:357:379,lvis,5503,val2017/000000005503.jpg,357,date_(fruit),date_(fruit),True,0,8,0.1040782630443573,0.7559,65.9617,64.2933,148.5209,0.0,False,True,0.0,test
lvis:5503:357:379,lvis,5503,val2017/000000005503.jpg,357,date_(fruit),date_(fruit),True,0,9,0.1030426099896431,16.0634,89.1781,41.8,114.5893,0.0,False,True,0.0,test
lvis:5503:357:379,lvis,5503,val2017/000000005503.jpg,357,date_(fruit),date_(fruit),True,0,10,0.10119789093732834,0.7202,34.7433,111.287,135.4259,0.0,False,True,0.0,test
lvis:5503:357:379,lvis,5503,val2017/000000005503.jpg,357,date_(fruit),date_(fruit),True,0,11,0.09714017063379288,66.5541,45.7743,110.9101,95.87,0.0,False,True,0.0,test
lvis:5503:357:379,lvis,5503,val2017/000000005503.jpg,357,date_(fruit),date_(fruit),True,0,12,0.08867444097995758,2.3788,2.4306,329.776,496.7121,0.0,False,True,0.0,test
lvis:5503:357:379,lvis,5503,val2017/000000005503.jpg,357,date_(fruit),date_(fruit),True,0,13,0.08428474515676498,5.9466,89.5607,41.7784,115.0212,0.0,False,True,0.0,test
lvis:5503:357:379,lvis,5503,val2017/000000005503.jpg,357,date_(fruit),date_(fruit),True,0,14,0.07651657611131668,0.9637,0.8639,187.5564,243.0647,0.0,False,True,0.0,test
lvis:5503:357:379,lvis,5503,val2017/000000005503.jpg,357,date_(fruit),date_(fruit),True,0,15,0.0710165873169899,72.0053,53.265,109.1515,109.9412,0.0,False,True,0.0,test
lvis:5503:357:379,lvis,5503,val2017/000000005503.jpg,357,date_(fruit),date_(fruit),True,0,16,0.07019160687923431,201.9621,0.5048,331.0663,180.7561,0.0,False,True,0.0,test
lvis:5503:357:379,lvis,5503,val2017/000000005503.jpg,357,date_(fruit),date_(fruit),True,0,17,0.06950493901968002,103.0973,291.3482,191.1929,360.3739,0.0,False,True,0.0,test
lvis:5503:357:379,lvis,5503,val2017/000000005503.jpg,357,date_(fruit),date_(fruit),True,0,18,0.06597001105546951,0.4678,109.5961,18.8112,127.9038,0.0,False,True,0.0,test
lvis:5503:357:379,lvis,5503,val2017/000000005503.jpg,357,date_(fruit),date_(fruit),True,0,19,0.06575600057840347,0.0546,99.5338,6.1373,110.2484,0.0,False,True,0.0,test
lvis:5503:357:379,lvis,5503,val2017/000000005503.jpg,357,date_(fruit),date_(fruit),True,0,20,0.06473013013601303,90.2237,292.2206,200.1648,448.4466,0.0,False,True,0.0,test
lvis:5503:357:379,lvis,5503,val2017/000000005503.jpg,357,date_(fruit),date_(fruit),True,0,21,0.06470030546188354,82.482,58.2753,103.664,72.9469,0.0,False,True,0.0,test
lvis:5503:357:379,lvis,5503,val2017/000000005503.jpg,357,date_(fruit),date_(fruit),True,0,22,0.0622570738196373,284.8239,45.181,301.597,64.1668,0.0,False,True,0.0,test
lvis:5503:357:379,lvis,5503,val2017/000000005503.jpg,357,date_(fruit),date_(fruit),True,0,23,0.061717864125967026,2.0724,27.4364,141.763,148.6283,0.0,False,True,0.0,test
lvis:5503:357:379,lvis,5503,val2017/000000005503.jpg,357,date_(fruit),date_(fruit),True,0,24,0.06130443140864372,0.2066,99.6458,19.8327,128.3785,0.0,False,True,0.0,test
lvis:5503:357:379,lvis,5503,val2017/000000005503.jpg,357,date_(fruit),date_(fruit),True,0,25,0.058979492634534836,25.8734,86.1669,39.0699,96.9576,0.0,False,True,0.0,test
lvis:5503:357:379,lvis,5503,val2017/000000005503.jpg,357,date_(fruit),date_(fruit),True,0,26,0.05874764919281006,288.2339,47.512,299.1483,61.6526,0.0,False,True,0.0,test
lvis:5503:357:379,lvis,5503,val2017/000000005503.jpg,357,date_(fruit),date_(fruit),True,0,27,0.05815000459551811,296.2367,70.6569,305.9642,83.2874,0.0,False,True,0.0,test
lvis:5503:357:379,lvis,5503,val2017/000000005503.jpg,357,date_(fruit),date_(fruit),True,0,28,0.05343491584062576,110.6335,297.9751,178.5571,446.5945,0.0,False,True,0.0,test
lvis:5503:357:379,lvis,5503,val2017/000000005503.jpg,357,date_(fruit),date_(fruit),True,0,29,0.05303213745355606,39.3847,28.797,143.0996,132.7591,0.0,False,True,0.0,test
lvis:5503:357:379,lvis,5503,val2017/000000005503.jpg,357,date_(fruit),date_(fruit),True,0,30,0.05300084501504898,283.6967,45.0327,308.8681,85.6143,0.0,False,True,0.0,test
lvis:5503:357:379,lvis,5503,val2017/000000005503.jpg,357,date_(fruit),date_(fruit),True,0,31,0.052955906838178635,293.0613,67.5814,309.3018,86.5278,0.0,False,True,0.0,test
lvis:5503:357:379,lvis,5503,val2017/000000005503.jpg,357,date_(fruit),date_(fruit),True,0,32,0.05144335702061653,28.7938,86.7673,37.8235,94.9415,0.0,False,True,0.0,test
lvis:5529:40:381,lvis,5529,val2017/000000005529.jpg,40,bait,bait,True,0,0,0.3593173325061798,95.7206,124.1919,253.9874,433.0548,0.0,False,True,9.98792270531401,test
lvis:5529:40:381,lvis,5529,val2017/000000005529.jpg,40,bait,bait,True,0,1,0.2817261219024658,229.6608,226.5901,306.6866,347.5253,0.0,False,True,9.98792270531401,test
lvis:5529:40:381,lvis,5529,val2017/000000005529.jpg,40,bait,bait,True,0,2,0.21481384336948395,103.155,412.2177,132.3128,440.1155,0.0,False,True,9.98792270531401,test
lvis:5529:40:381,lvis,5529,val2017/000000005529.jpg,40,bait,bait,True,0,3,0.21215936541557312,246.5288,250.1275,305.5952,346.8979,0.0,False,True,9.98792270531401,test
lvis:5529:40:381,lvis,5529,val2017/000000005529.jpg,40,bait,bait,True,0,4,0.18749713897705078,4.6438,123.6619,306.8021,451.3873,0.0,False,True,0.0,test
lvis:5529:40:381,lvis,5529,val2017/000000005529.jpg,40,bait,bait,True,0,5,0.18035732209682465,0.7099,246.0735,130.4605,356.7136,0.0,False,True,0.0,test
lvis:5529:40:381,lvis,5529,val2017/000000005529.jpg,40,bait,bait,True,0,6,0.14982154965400696,102.5199,411.5598,188.6148,440.9867,0.0,False,True,0.0,test
lvis:5529:40:381,lvis,5529,val2017/000000005529.jpg,40,bait,bait,True,0,7,0.14355458319187164,135.3066,413.6653,188.4841,437.1785,0.0,False,True,0.0,test
lvis:5529:40:381,lvis,5529,val2017/000000005529.jpg,40,bait,bait,True,0,8,0.14031964540481567,115.7299,228.092,149.0481,253.0659,0.0,False,True,0.0,test
lvis:5529:40:381,lvis,5529,val2017/000000005529.jpg,40,bait,bait,True,0,9,0.13216158747673035,230.0616,226.455,253.75,259.3715,0.0,False,True,0.0,test
lvis:5529:40:381,lvis,5529,val2017/000000005529.jpg,40,bait,bait,True,0,10,0.12315679341554642,157.5295,151.9913,172.4909,174.939,0.0,False,True,0.0,test
lvis:5529:40:381,lvis,5529,val2017/000000005529.jpg,40,bait,bait,True,0,11,0.12165451049804688,161.0719,415.0001,188.4308,432.4272,0.0,False,True,0.0,test
lvis:5529:40:381,lvis,5529,val2017/000000005529.jpg,40,bait,bait,True,0,12,0.110648512840271,157.4191,148.5129,194.8882,173.0002,0.0,False,True,0.0,test
lvis:5529:40:381,lvis,5529,val2017/000000005529.jpg,40,bait,bait,True,0,13,0.10674534738063812,101.523,411.9786,133.2711,456.6555,0.0,False,True,0.0,test
lvis:5529:40:381,lvis,5529,val2017/000000005529.jpg,40,bait,bait,True,0,14,0.10513544827699661,137.4654,233.9005,149.1861,246.937,0.0,False,True,0.0,test
lvis:5529:40:381,lvis,5529,val2017/000000005529.jpg,40,bait,bait,True,0,15,0.10455548763275146,100.4972,410.6082,188.9955,457.0099,0.0,False,True,0.0,test
lvis:5529:40:381,lvis,5529,val2017/000000005529.jpg,40,bait,bait,True,0,16,0.10053969919681549,219.4539,226.483,253.7653,259.7016,0.0,False,True,0.0,test
lvis:5529:40:381,lvis,5529,val2017/000000005529.jpg,40,bait,bait,True,0,17,0.09811180830001831,314.3141,119.07,397.6021,185.4349,0.0,False,True,0.0,test
lvis:5529:40:381,lvis,5529,val2017/000000005529.jpg,40,bait,bait,True,0,18,0.08838828653097153,101.8861,125.4169,213.6628,417.2336,0.0,False,True,0.0,test
lvis:5529:40:381,lvis,5529,val2017/000000005529.jpg,40,bait,bait,True,0,19,0.08498995751142502,67.015,358.6665,103.756,402.7383,0.0,False,True,0.0,test
lvis:5529:40:381,lvis,5529,val2017/000000005529.jpg,40,bait,bait,True,0,20,0.08270104974508286,68.7866,359.751,189.0358,441.1061,0.0,False,True,0.0,test
lvis:5529:40:381,lvis,5529,val2017/000000005529.jpg,40,bait,bait,True,0,21,0.08153580874204636,2.7679,225.9041,306.1048,358.5016,0.0,False,True,0.0,test
lvis:5529:40:381,lvis,5529,val2017/000000005529.jpg,40,bait,bait,True,0,22,0.07965777814388275,153.5079,125.284,196.8214,154.4707,0.0,False,True,0.0,test
lvis:5529:40:381,lvis,5529,val2017/000000005529.jpg,40,bait,bait,True,0,23,0.07497256994247437,230.9125,226.0636,241.0918,234.9808,0.0,False,True,0.0,test
lvis:5529:40:381,lvis,5529,val2017/000000005529.jpg,40,bait,bait,True,0,24,0.07486431300640106,100.4024,387.9842,189.3467,444.5742,0.0,False,True,0.0,test
lvis:5529:40:381,lvis,5529,val2017/000000005529.jpg,40,bait,bait,True,0,25,0.06766894459724426,1.7159,1.9495,442.1533,636.3867,0.0,False,True,0.0,test
lvis:5529:40:381,lvis,5529,val2017/000000005529.jpg,40,bait,bait,True,0,26,0.06765437871217728,101.7457,437.3979,132.1856,457.082,0.0,False,True,0.0,test
lvis:5529:40:381,lvis,5529,val2017/000000005529.jpg,40,bait,bait,True,0,27,0.06566078215837479,4.6412,223.5072,306.799,441.9464,0.0,False,True,0.0,test
lvis:5529:40:381,lvis,5529,val2017/000000005529.jpg,40,bait,bait,True,0,28,0.06373195350170135,401.1787,528.1793,433.4905,547.7899,0.0,False,True,0.0,test
lvis:5529:40:381,lvis,5529,val2017/000000005529.jpg,40,bait,bait,True,0,29,0.06254256516695023,188.5556,182.7826,307.1826,347.9451,0.0,False,True,0.0,test
lvis:5529:40:381,lvis,5529,val2017/000000005529.jpg,40,bait,bait,True,0,30,0.06119633838534355,4.5934,354.853,189.4279,447.2982,0.0,False,True,0.0,test
lvis:5529:40:381,lvis,5529,val2017/000000005529.jpg,40,bait,bait,True,0,31,0.05932972580194473,303.3778,0.7644,442.1759,188.177,0.0,False,True,0.0,test
lvis:5529:40:381,lvis,5529,val2017/000000005529.jpg,40,bait,bait,True,0,32,0.05828995257616043,30.4011,153.1306,49.0467,172.0809,0.0,False,True,0.0,test
lvis:5529:40:381,lvis,5529,val2017/000000005529.jpg,40,bait,bait,True,0,33,0.058038268238306046,152.29,125.5154,198.0844,176.3462,0.0,False,True,0.0,test
lvis:5529:40:381,lvis,5529,val2017/000000005529.jpg,40,bait,bait,True,0,34,0.05646561086177826,341.7449,148.1994,358.7213,179.7566,0.0,False,True,0.0,test
lvis:5529:40:381,lvis,5529,val2017/000000005529.jpg,40,bait,bait,True,0,35,0.05629744753241539,1.3589,222.8149,205.8063,356.8534,0.0,False,True,0.0,test
lvis:5529:40:381,lvis,5529,val2017/000000005529.jpg,40,bait,bait,True,0,36,0.05550915747880936,2.3932,0.2679,441.8228,216.0858,0.0,False,True,0.0,test
lvis:5529:40:381,lvis,5529,val2017/000000005529.jpg,40,bait,bait,True,0,37,0.05412721633911133,106.8459,131.9975,306.1967,350.8475,0.0,False,True,0.0,test
lvis:5529:40:381,lvis,5529,val2017/000000005529.jpg,40,bait,bait,True,0,38,0.05185877904295921,160.5422,144.4647,194.9837,154.244,0.0,False,True,0.0,test
lvis:5529:40:381,lvis,5529,val2017/000000005529.jpg,40,bait,bait,True,0,39,0.05147261545062065,1.8437,0.9312,229.6068,219.5995,0.0,False,True,0.0,test
lvis:5529:40:381,lvis,5529,val2017/000000005529.jpg,40,bait,bait,True,0,40,0.05134269595146179,1.0856,131.0537,157.4793,356.8676,0.0,False,True,0.0,test
lvis:5529:40:381,lvis,5529,val2017/000000005529.jpg,40,bait,bait,True,0,41,0.051016997545957565,202.5098,226.4059,253.2699,260.6477,0.0,False,True,0.0,test
lvis:5529:40:381,lvis,5529,val2017/000000005529.jpg,40,bait,bait,True,0,42,0.050915639847517014,318.8116,160.133,333.7023,181.1435,0.0,False,True,0.0,test
lvis:5529:40:381,lvis,5529,val2017/000000005529.jpg,40,bait,bait,True,0,43,0.05005136504769325,195.6492,133.3823,218.1727,164.2441,0.0,False,True,0.0,test
lvis:5529:516:382,lvis,5529,val2017/000000005529.jpg,516,griddle,griddle,True,0,0,0.33759739995002747,94.4149,124.536,253.892,440.611,0.0,False,True,9.98792270531401,test
lvis:5529:516:382,lvis,5529,val2017/000000005529.jpg,516,griddle,griddle,True,0,1,0.2808346152305603,5.4451,124.6205,307.2789,450.3128,0.0,False,True,9.98792270531401,test
lvis:5529:516:382,lvis,5529,val2017/000000005529.jpg,516,griddle,griddle,True,0,2,0.23567762970924377,1.6715,139.3133,442.7474,637.0281,0.0,False,True,9.98792270531401,test
lvis:5529:516:382,lvis,5529,val2017/000000005529.jpg,516,griddle,griddle,True,0,3,0.17069250345230103,102.1437,411.2799,188.6316,441.8292,0.0,False,True,0.0,test
lvis:5529:516:382,lvis,5529,val2017/000000005529.jpg,516,griddle,griddle,True,0,4,0.16997157037258148,102.811,412.1164,132.2536,440.1685,0.0,False,True,0.0,test
lvis:5529:516:382,lvis,5529,val2017/000000005529.jpg,516,griddle,griddle,True,0,5,0.11839858442544937,157.3125,148.6875,195.0718,172.6827,0.0,False,True,0.0,test
lvis:5529:516:382,lvis,5529,val2017/000000005529.jpg,516,griddle,griddle,True,0,6,0.10769308358430862,153.297,125.2857,197.0315,153.8701,0.0,False,True,0.0,test
lvis:5529:516:382,lvis,5529,val2017/000000005529.jpg,516,griddle,griddle,True,0,7,0.10717625170946121,229.3289,226.6516,307.671,347.7985,0.0,False,True,0.0,test
lvis:5529:516:382,lvis,5529,val2017/000000005529.jpg,516,griddle,griddle,True,0,8,0.10586625337600708,245.6268,248.9162,307.1627,347.6124,0.0,False,True,0.0,test
lvis:5529:516:382,lvis,5529,val2017/000000005529.jpg,516,griddle,griddle,True,0,9,0.1043853908777237,100.2952,125.1276,214.1627,417.9179,0.0,False,True,0.0,test
lvis:5529:516:382,lvis,5529,val2017/000000005529.jpg,516,griddle,griddle,True,0,10,0.09117092192173004,136.1961,413.7515,188.5409,437.2916,0.0,False,True,0.0,test
lvis:5529:516:382,lvis,5529,val2017/000000005529.jpg,516,griddle,griddle,True,0,11,0.08098264038562775,191.7283,184.0482,307.9797,349.0453,0.0,False,True,0.0,test
lvis:5529:516:382,lvis,5529,val2017/000000005529.jpg,516,griddle,griddle,True,0,12,0.07927647978067398,3.8307,226.1165,307.2099,357.5981,0.0,False,True,0.0,test
lvis:5529:516:382,lvis,5529,val2017/000000005529.jpg,516,griddle,griddle,True,0,13,0.07741998881101608,5.184,228.0731,307.2317,440.8335,0.0,False,True,0.0,test
lvis:5529:516:382,lvis,5529,val2017/000000005529.jpg,516,griddle,griddle,True,0,14,0.07307468354701996,311.93,119.1191,400.7831,186.8873,0.0,False,True,0.0,test
lvis:5529:516:382,lvis,5529,val2017/000000005529.jpg,516,griddle,griddle,True,0,15,0.07288583368062973,4.3205,352.2748,190.0538,443.2027,0.0,False,True,0.0,test
lvis:5529:516:382,lvis,5529,val2017/000000005529.jpg,516,griddle,griddle,True,0,16,0.07127454876899719,157.3707,151.8494,172.8666,174.8821,0.0,False,True,0.0,test
lvis:5529:516:382,lvis,5529,val2017/000000005529.jpg,516,griddle,griddle,True,0,17,0.06963536888360977,131.4397,176.3608,206.894,288.3371,0.0,False,True,0.0,test
lvis:5529:516:382,lvis,5529,val2017/000000005529.jpg,516,griddle,griddle,True,0,18,0.0688898041844368,2.7336,137.9137,440.1501,468.9146,0.0,False,True,0.0,test
lvis:5529:516:382,lvis,5529,val2017/000000005529.jpg,516,griddle,griddle,True,0,19,0.0682026669383049,1.2816,246.2547,129.9673,356.5029,0.0,False,True,0.0,test
lvis:5529:516:382,lvis,5529,val2017/000000005529.jpg,516,griddle,griddle,True,0,20,0.06773442775011063,99.2646,388.6671,189.6539,446.8971,0.0,False,True,0.0,test
lvis:5529:516:382,lvis,5529,val2017/000000005529.jpg,516,griddle,griddle,True,0,21,0.06732656061649323,101.3372,411.893,133.2085,456.6432,0.0,False,True,0.0,test
lvis:5529:516:382,lvis,5529,val2017/000000005529.jpg,516,griddle,griddle,True,0,22,0.06364090740680695,67.8314,358.4846,189.2592,441.2181,0.0,False,True,0.0,test
lvis:5529:516:382,lvis,5529,val2017/000000005529.jpg,516,griddle,griddle,True,0,23,0.06016916781663895,152.3498,125.3544,198.0228,175.5767,0.0,False,True,0.0,test
lvis:5529:516:382,lvis,5529,val2017/000000005529.jpg,516,griddle,griddle,True,0,24,0.05919386446475983,116.0276,227.8346,148.9959,252.3087,0.0,False,True,0.0,test
lvis:5529:516:382,lvis,5529,val2017/000000005529.jpg,516,griddle,griddle,True,0,25,0.05806490406394005,160.9702,414.9779,188.2975,432.709,0.0,False,True,0.0,test
lvis:5529:516:382,lvis,5529,val2017/000000005529.jpg,516,griddle,griddle,True,0,26,0.05666613578796387,67.0034,358.5541,104.953,402.7215,0.0,False,True,0.0,test
lvis:5529:516:382,lvis,5529,val2017/000000005529.jpg,516,griddle,griddle,True,0,27,0.05303985998034477,401.1014,528.1145,433.659,547.7968,0.0,False,True,0.0,test
lvis:5564:427:383,lvis,5564,train2017/000000005564.jpg,427,eyepatch,eyepatch,True,0,0,0.5118043422698975,56.3045,156.2769,272.1105,349.6632,0.0,False,True,9.98792270531401,test
lvis:5564:427:383,lvis,5564,train2017/000000005564.jpg,427,eyepatch,eyepatch,True,0,1,0.43116605281829834,267.1475,97.4492,532.8127,200.9663,0.0,False,True,9.98792270531401,test
lvis:5564:427:383,lvis,5564,train2017/000000005564.jpg,427,eyepatch,eyepatch,True,0,2,0.2224777191877365,208.157,158.6118,248.9782,176.8518,0.0,False,True,9.98792270531401,test
lvis:5564:427:383,lvis,5564,train2017/000000005564.jpg,427,eyepatch,eyepatch,True,0,3,0.19207260012626648,219.5771,250.1514,253.6211,283.1559,0.0,False,True,0.0,test
lvis:5564:427:383,lvis,5564,train2017/000000005564.jpg,427,eyepatch,eyepatch,True,0,4,0.15986701846122742,55.032,94.4384,533.473,349.45,0.0,False,True,0.0,test
lvis:5564:427:383,lvis,5564,train2017/000000005564.jpg,427,eyepatch,eyepatch,True,0,5,0.1398744136095047,207.2063,155.0884,264.0902,182.2242,0.0,False,True,0.0,test
lvis:5564:427:383,lvis,5564,train2017/000000005564.jpg,427,eyepatch,eyepatch,True,0,6,0.10451886802911758,220.3004,255.6049,240.9722,282.728,0.0,False,True,0.0,test
lvis:5564:427:383,lvis,5564,train2017/000000005564.jpg,427,eyepatch,eyepatch,True,0,7,0.0984450951218605,446.6683,151.4965,485.9751,171.7103,0.0,False,True,0.0,test
lvis:5564:427:383,lvis,5564,train2017/000000005564.jpg,427,eyepatch,eyepatch,True,0,8,0.09461704641580582,212.0661,154.2432,223.6622,166.0897,0.0,False,True,0.0,test
lvis:5564:427:383,lvis,5564,train2017/000000005564.jpg,427,eyepatch,eyepatch,True,0,9,0.07884357869625092,419.5523,192.7901,431.2589,209.851,0.0,False,True,0.0,test
lvis:5564:427:383,lvis,5564,train2017/000000005564.jpg,427,eyepatch,eyepatch,True,0,10,0.07100013643503189,443.0862,151.4283,499.6812,192.5302,0.0,False,True,0.0,test
lvis:5564:427:383,lvis,5564,train2017/000000005564.jpg,427,eyepatch,eyepatch,True,0,11,0.06897817552089691,447.6179,164.9603,497.152,191.7441,0.0,False,True,0.0,test
lvis:5564:427:383,lvis,5564,train2017/000000005564.jpg,427,eyepatch,eyepatch,True,0,12,0.06864605098962784,221.9188,267.8246,234.1349,282.5617,0.0,False,True,0.0,test
lvis:5564:427:383,lvis,5564,train2017/000000005564.jpg,427,eyepatch,eyepatch,True,0,13,0.06804631650447845,430.0375,149.2343,501.2453,199.3012,0.0,False,True,0.0,test
lvis:5564:427:383,lvis,5564,train2017/000000005564.jpg,427,eyepatch,eyepatch,True,0,14,0.06758344173431396,196.6202,249.6102,253.7936,285.1548,0.0,False,True,0.0,test
lvis:5564:427:383,lvis,5564,train2017/000000005564.jpg,427,eyepatch,eyepatch,True,0,15,0.06515435129404068,146.1762,250.3211,253.3023,320.4064,0.0,False,True,0.0,test
lvis:5564:427:383,lvis,5564,train2017/000000005564.jpg,427,eyepatch,eyepatch,True,0,16,0.06432131677865982,267.2017,152.8829,290.0234,171.1544,0.0,False,True,0.0,test
lvis:5564:427:383,lvis,5564,train2017/000000005564.jpg,427,eyepatch,eyepatch,True,0,17,0.057929303497076035,146.4458,263.828,210.4876,320.0226,0.0,False,True,0.0,test
lvis:5564:427:383,lvis,5564,train2017/000000005564.jpg,427,eyepatch,eyepatch,True,0,18,0.056752759963274,206.5343,155.5456,266.7217,198.6602,0.0,False,True,0.0,test
lvis:5564:427:383,lvis,5564,train2017/000000005564.jpg,427,eyepatch,eyepatch,True,0,19,0.05353003740310669,206.9501,154.4573,225.2972,176.8808,0.0,False,True,0.0,test
lvis:5564:427:383,lvis,5564,train2017/000000005564.jpg,427,eyepatch,eyepatch,True,0,20,0.05298415198922157,382.2782,125.533,399.4037,139.4752,0.0,False,True,0.0,test
lvis:5564:427:383,lvis,5564,train2017/000000005564.jpg,427,eyepatch,eyepatch,True,0,21,0.052186913788318634,206.5111,165.7713,219.3567,178.0707,0.0,False,True,0.0,test
lvis:5564:427:383,lvis,5564,train2017/000000005564.jpg,427,eyepatch,eyepatch,True,0,22,0.0519917868077755,266.7628,124.5223,297.8245,172.4876,0.0,False,True,0.0,test
lvis:5564:427:383,lvis,5564,train2017/000000005564.jpg,427,eyepatch,eyepatch,True,0,23,0.05172402784228325,3.3221,2.893,636.2816,424.312,0.0,False,True,0.0,test
lvis:5564:427:383,lvis,5564,train2017/000000005564.jpg,427,eyepatch,eyepatch,True,0,24,0.05023415386676788,266.6743,149.7056,297.7528,174.5775,0.0,False,True,0.0,test
lvis:5586:787:386,lvis,5586,val2017/000000005586.jpg,787,pennant,pennant,True,0,0,0.33811959624290466,47.1824,78.1858,100.9073,93.8433,0.0,False,True,9.98792270531401,test
lvis:5586:787:386,lvis,5586,val2017/000000005586.jpg,787,pennant,pennant,True,0,1,0.3308766782283783,-0.015,105.7075,119.1219,188.8466,0.0,False,True,9.98792270531401,test
lvis:5586:787:386,lvis,5586,val2017/000000005586.jpg,787,pennant,pennant,True,0,2,0.2764681577682495,206.1937,119.0464,262.3915,140.9186,0.0,False,True,9.98792270531401,test
lvis:5586:787:386,lvis,5586,val2017/000000005586.jpg,787,pennant,pennant,True,0,3,0.23912261426448822,19.9786,42.8263,68.5993,58.7997,0.0,False,True,9.98792270531401,test
lvis:5586:787:386,lvis,5586,val2017/000000005586.jpg,787,pennant,pennant,True,0,4,0.2114071398973465,91.5504,198.1273,319.8313,239.9919,0.0,False,True,9.98792270531401,test
lvis:5586:787:386,lvis,5586,val2017/000000005586.jpg,787,pennant,pennant,True,0,5,0.20894765853881836,0.0003,42.3453,20.2056,59.1024,0.0,False,True,9.98792270531401,test
lvis:5586:787:386,lvis,5586,val2017/000000005586.jpg,787,pennant,pennant,True,0,6,0.17932215332984924,0.0263,42.321,320.0255,63.9756,0.0,False,True,0.0,test
lvis:5586:787:386,lvis,5586,val2017/000000005586.jpg,787,pennant,pennant,True,0,7,0.17166857421398163,116.0836,80.4771,135.7261,89.2274,0.0,False,True,0.0,test
lvis:5586:787:386,lvis,5586,val2017/000000005586.jpg,787,pennant,pennant,True,0,8,0.1627768725156784,255.6479,67.5478,279.7777,82.9619,0.0,False,True,0.0,test
lvis:5586:787:386,lvis,5586,val2017/000000005586.jpg,787,pennant,pennant,True,0,9,0.15149204432964325,253.0283,67.3423,280.6462,94.8978,0.0,False,True,0.0,test
lvis:5586:787:386,lvis,5586,val2017/000000005586.jpg,787,pennant,pennant,True,0,10,0.14945052564144135,74.1225,46.0153,96.4004,56.3148,0.0,False,True,0.0,test
lvis:5586:787:386,lvis,5586,val2017/000000005586.jpg,787,pennant,pennant,True,0,11,0.14818012714385986,139.5625,67.6194,176.6737,157.9734,0.0,False,True,0.0,test
lvis:5586:787:386,lvis,5586,val2017/000000005586.jpg,787,pennant,pennant,True,0,12,0.14204132556915283,130.6608,92.5417,153.0718,103.4246,0.0,False,True,0.0,test
lvis:5586:787:386,lvis,5586,val2017/000000005586.jpg,787,pennant,pennant,True,0,13,0.1361234188079834,10.4081,81.5033,30.5893,90.5602,0.0,False,True,0.0,test
lvis:5586:787:386,lvis,5586,val2017/000000005586.jpg,787,pennant,pennant,True,0,14,0.13262934982776642,-0.0194,79.9773,47.0261,93.6896,0.0,False,True,0.0,test
lvis:5586:787:386,lvis,5586,val2017/000000005586.jpg,787,pennant,pennant,True,0,15,0.12251657247543335,0.0105,42.3589,320.0063,94.4571,0.0,False,True,0.0,test
lvis:5586:787:386,lvis,5586,val2017/000000005586.jpg,787,pennant,pennant,True,0,16,0.11202649027109146,0.0431,42.5787,320.0432,239.8735,0.0,False,True,0.0,test
lvis:5586:787:386,lvis,5586,val2017/000000005586.jpg,787,pennant,pennant,True,0,17,0.0993347093462944,69.014,43.9315,105.7185,58.6219,0.0,False,True,0.0,test
lvis:5586:787:386,lvis,5586,val2017/000000005586.jpg,787,pennant,pennant,True,0,18,0.09828656166791916,0.1444,78.0956,252.5708,94.4323,0.0,False,True,0.0,test
lvis:5586:787:386,lvis,5586,val2017/000000005586.jpg,787,pennant,pennant,True,0,19,0.09340138733386993,0.0027,-0.1243,319.9927,45.1253,0.0,False,True,0.0,test
lvis:5586:787:386,lvis,5586,val2017/000000005586.jpg,787,pennant,pennant,True,0,20,0.09183420240879059,255.4992,49.1965,297.0984,60.8763,0.0,False,True,0.0,test
lvis:5586:787:386,lvis,5586,val2017/000000005586.jpg,787,pennant,pennant,True,0,21,0.08591973781585693,93.1648,106.2662,119.1213,185.5144,0.0,False,True,0.0,test
lvis:5586:787:386,lvis,5586,val2017/000000005586.jpg,787,pennant,pennant,True,0,22,0.08517501503229141,0.0789,105.0427,119.6862,239.3969,0.0,False,True,0.0,test
lvis:5586:787:386,lvis,5586,val2017/000000005586.jpg,787,pennant,pennant,True,0,23,0.08290168642997742,132.3829,170.1806,200.1504,225.462,0.0,False,True,0.0,test
lvis:5586:787:386,lvis,5586,val2017/000000005586.jpg,787,pennant,pennant,True,0,24,0.08252318203449249,120.3736,46.9753,167.1613,57.6888,0.0,False,True,0.0,test
lvis:5586:787:386,lvis,5586,val2017/000000005586.jpg,787,pennant,pennant,True,0,25,0.08061207830905914,272.7817,75.1171,294.1147,95.686,0.0,False,True,0.0,test
lvis:5586:787:386,lvis,5586,val2017/000000005586.jpg,787,pennant,pennant,True,0,26,0.07312379032373428,304.6201,102.2678,319.9995,111.6505,0.0,False,True,0.0,test
lvis:5586:787:386,lvis,5586,val2017/000000005586.jpg,787,pennant,pennant,True,0,27,0.0722191259264946,187.5755,48.163,234.7482,58.8464,0.0,False,True,0.0,test
lvis:5586:787:386,lvis,5586,val2017/000000005586.jpg,787,pennant,pennant,True,0,28,0.07187529653310776,204.8227,81.1519,249.2056,88.2593,0.0,False,True,0.0,test
lvis:5586:787:386,lvis,5586,val2017/000000005586.jpg,787,pennant,pennant,True,0,29,0.07184535264968872,271.7797,69.5755,294.7877,111.4798,0.0,False,True,0.0,test
lvis:5586:787:386,lvis,5586,val2017/000000005586.jpg,787,pennant,pennant,True,0,30,0.07025536894798279,130.7115,92.2503,161.7744,103.7457,0.0,False,True,0.0,test
lvis:5586:787:386,lvis,5586,val2017/000000005586.jpg,787,pennant,pennant,True,0,31,0.06679747998714447,130.7346,92.2971,145.0556,102.9417,0.0,False,True,0.0,test
lvis:5586:787:386,lvis,5586,val2017/000000005586.jpg,787,pennant,pennant,True,0,32,0.06423574686050415,-0.0375,59.4804,319.9623,95.7876,0.0,False,True,0.0,test
lvis:5586:787:386,lvis,5586,val2017/000000005586.jpg,787,pennant,pennant,True,0,33,0.06392304599285126,-0.0965,74.7102,319.9034,95.6829,0.0,False,True,0.0,test
lvis:5586:787:386,lvis,5586,val2017/000000005586.jpg,787,pennant,pennant,True,0,34,0.06317325681447983,0.0114,78.1321,101.2119,94.4023,0.0,False,True,0.0,test
lvis:5586:787:386,lvis,5586,val2017/000000005586.jpg,787,pennant,pennant,True,0,35,0.059844326227903366,254.0654,81.9466,274.3064,92.5688,0.0,False,True,0.0,test
lvis:5586:787:386,lvis,5586,val2017/000000005586.jpg,787,pennant,pennant,True,0,36,0.05727708339691162,81.8668,79.902,89.8192,90.3772,0.0,False,True,0.0,test
lvis:5586:787:386,lvis,5586,val2017/000000005586.jpg,787,pennant,pennant,True,0,37,0.05602024123072624,201.4432,79.5667,252.2059,90.679,0.0,False,True,0.0,test
lvis:5586:787:386,lvis,5586,val2017/000000005586.jpg,787,pennant,pennant,True,0,38,0.05574973300099373,291.6317,61.6815,302.4417,103.2002,0.0,False,True,0.0,test
lvis:5586:787:386,lvis,5586,val2017/000000005586.jpg,787,pennant,pennant,True,0,39,0.055479761213064194,57.2188,80.744,66.2011,90.7833,0.0,False,True,0.0,test
lvis:5586:787:386,lvis,5586,val2017/000000005586.jpg,787,pennant,pennant,True,0,40,0.052167363464832306,168.1232,80.527,198.5493,88.5861,0.0,False,True,0.0,test
lvis:5586:787:386,lvis,5586,val2017/000000005586.jpg,787,pennant,pennant,True,0,41,0.05155389383435249,-0.0049,-0.208,319.9948,91.5281,0.0,False,True,0.0,test
lvis:5586:787:386,lvis,5586,val2017/000000005586.jpg,787,pennant,pennant,True,0,42,0.0514264777302742,128.9643,66.519,191.2273,159.0845,0.0,False,True,0.0,test
lvis:5586:787:386,lvis,5586,val2017/000000005586.jpg,787,pennant,pennant,True,0,43,0.051213789731264114,68.7148,43.7168,319.6315,62.7156,0.0,False,True,0.0,test
lvis:5586:787:386,lvis,5586,val2017/000000005586.jpg,787,pennant,pennant,True,0,44,0.05100477114319801,257.7382,82.234,271.0053,90.9191,0.0,False,True,0.0,test
lvis:5608:572:390,lvis,5608,train2017/000000005608.jpg,572,hotplate,hotplate,True,0,0,0.39447274804115295,186.8141,21.525,467.0172,418.8653,0.0,False,True,9.98792270531401,test
lvis:5608:572:390,lvis,5608,train2017/000000005608.jpg,572,hotplate,hotplate,True,0,1,0.2529596984386444,213.8928,21.9375,281.9908,71.5292,0.0,False,True,9.98792270531401,test
lvis:5608:572:390,lvis,5608,train2017/000000005608.jpg,572,hotplate,hotplate,True,0,2,0.23355256021022797,422.6408,68.0619,586.1215,105.5145,0.0,False,True,9.98792270531401,test
lvis:5608:572:390,lvis,5608,train2017/000000005608.jpg,572,hotplate,hotplate,True,0,3,0.2056269496679306,397.0682,67.4657,586.4971,116.477,0.0,False,True,9.98792270531401,test
lvis:5608:572:390,lvis,5608,train2017/000000005608.jpg,572,hotplate,hotplate,True,0,4,0.18909581005573273,184.4456,19.1497,585.7885,418.918,0.0,False,True,0.0,test
lvis:5608:572:390,lvis,5608,train2017/000000005608.jpg,572,hotplate,hotplate,True,0,5,0.18000319600105286,73.078,326.0807,166.3855,376.7725,0.0,False,True,0.0,test
lvis:5608:572:390,lvis,5608,train2017/000000005608.jpg,572,hotplate,hotplate,True,0,6,0.1726854145526886,0.0695,410.7515,639.7004,426.5747,0.0,False,True,0.0,test
lvis:5608:572:390,lvis,5608,train2017/000000005608.jpg,572,hotplate,hotplate,True,0,7,0.15907077491283417,0.8643,213.8424,58.9962,270.5455,0.0,False,True,0.0,test
lvis:5608:572:390,lvis,5608,train2017/000000005608.jpg,572,hotplate,hotplate,True,0,8,0.13153579831123352,66.3881,249.0839,155.2607,415.4402,0.0,False,True,0.0,test
lvis:5608:572:390,lvis,5608,train2017/000000005608.jpg,572,hotplate,hotplate,True,0,9,0.12201665341854095,73.2334,328.1449,141.1355,376.8404,0.0,False,True,0.0,test
lvis:5608:572:390,lvis,5608,train2017/000000005608.jpg,572,hotplate,hotplate,True,0,10,0.11753333359956741,2.7071,1.6815,637.1578,420.9721,0.0,False,True,0.0,test
lvis:5608:572:390,lvis,5608,train2017/000000005608.jpg,572,hotplate,hotplate,True,0,11,0.10458654165267944,355.7313,65.6278,586.1758,123.8163,0.0,False,True,0.0,test
lvis:5608:572:390,lvis,5608,train2017/000000005608.jpg,572,hotplate,hotplate,True,0,12,0.10051635652780533,0.5051,213.4266,62.7327,416.9625,0.0,False,True,0.0,test
lvis:5608:572:390,lvis,5608,train2017/000000005608.jpg,572,hotplate,hotplate,True,0,13,0.09528344124555588,266.0758,163.1883,349.3577,191.7804,0.0,False,True,0.0,test
lvis:5608:572:390,lvis,5608,train2017/000000005608.jpg,572,hotplate,hotplate,True,0,14,0.09504856914281845,426.6735,265.4319,515.9135,409.8675,0.0,False,True,0.0,test
lvis:5608:572:390,lvis,5608,train2017/000000005608.jpg,572,hotplate,hotplate,True,0,15,0.09026973694562912,394.1915,388.1973,463.584,419.1241,0.0,False,True,0.0,test
lvis:5608:572:390,lvis,5608,train2017/000000005608.jpg,572,hotplate,hotplate,True,0,16,0.08282437175512314,428.2712,56.5533,451.583,80.1826,0.0,False,True,0.0,test
lvis:5608:572:390,lvis,5608,train2017/000000005608.jpg,572,hotplate,hotplate,True,0,17,0.07845974713563919,187.305,362.5138,227.9508,420.1451,0.0,False,True,0.0,test
lvis:5608:572:390,lvis,5608,train2017/000000005608.jpg,572,hotplate,hotplate,True,0,18,0.07739407569169998,535.6703,317.7379,623.3236,408.6929,0.0,False,True,0.0,test
lvis:5608:572:390,lvis,5608,train2017/000000005608.jpg,572,hotplate,hotplate,True,0,19,0.07304471731185913,484.5504,343.1948,495.7698,354.5535,0.0,False,True,0.0,test
lvis:5608:572:390,lvis,5608,train2017/000000005608.jpg,572,hotplate,hotplate,True,0,20,0.06961660087108612,444.4956,317.8886,485.442,346.2621,0.0,False,True,0.0,test
lvis:5608:572:390,lvis,5608,train2017/000000005608.jpg,572,hotplate,hotplate,True,0,21,0.06902371346950531,392.9902,89.2383,434.74,117.5488,0.0,False,True,0.0,test
lvis:5608:572:390,lvis,5608,train2017/000000005608.jpg,572,hotplate,hotplate,True,0,22,0.066729836165905,558.2799,369.1162,606.1773,393.7435,0.0,False,True,0.0,test
lvis:5608:572:390,lvis,5608,train2017/000000005608.jpg,572,hotplate,hotplate,True,0,23,0.06500745564699173,86.7561,249.7136,115.073,270.455,0.0,False,True,0.0,test
lvis:5608:572:390,lvis,5608,train2017/000000005608.jpg,572,hotplate,hotplate,True,0,24,0.06351856887340546,131.8608,49.0375,181.9896,101.6695,0.0,False,True,0.0,test
lvis:5608:572:390,lvis,5608,train2017/000000005608.jpg,572,hotplate,hotplate,True,0,25,0.06032218784093857,72.3082,320.4724,166.3385,415.0534,0.0,False,True,0.0,test
lvis:5608:572:390,lvis,5608,train2017/000000005608.jpg,572,hotplate,hotplate,True,0,26,0.05996324121952057,166.2057,0.0219,281.0152,72.115,0.0,False,True,0.0,test
lvis:5608:572:390,lvis,5608,train2017/000000005608.jpg,572,hotplate,hotplate,True,0,27,0.05872460454702377,396.1102,114.5787,441.806,140.3295,0.0,False,True,0.0,test
lvis:5608:572:390,lvis,5608,train2017/000000005608.jpg,572,hotplate,hotplate,True,0,28,0.05814564600586891,164.2315,0.6644,506.1274,107.3095,0.0,False,True,0.0,test
lvis:5608:572:390,lvis,5608,train2017/000000005608.jpg,572,hotplate,hotplate,True,0,29,0.056505970656871796,550.3959,276.2338,616.3903,313.1131,0.0,False,True,0.0,test
lvis:5608:572:390,lvis,5608,train2017/000000005608.jpg,572,hotplate,hotplate,True,0,30,0.05606861785054207,495.3413,300.8918,533.5943,327.8791,0.0,False,True,0.0,test
lvis:5608:572:390,lvis,5608,train2017/000000005608.jpg,572,hotplate,hotplate,True,0,31,0.055997807532548904,167.2536,0.2473,238.5951,51.8079,0.0,False,True,0.0,test
lvis:5608:572:390,lvis,5608,train2017/000000005608.jpg,572,hotplate,hotplate,True,0,32,0.05588394030928612,380.9041,78.9322,434.3029,117.9548,0.0,False,True,0.0,test
lvis:5608:572:390,lvis,5608,train2017/000000005608.jpg,572,hotplate,hotplate,True,0,33,0.05571139231324196,150.6485,3.136,171.6276,19.7929,0.0,False,True,0.0,test
lvis:5608:572:390,lvis,5608,train2017/000000005608.jpg,572,hotplate,hotplate,True,0,34,0.055016789585351944,496.756,227.2003,638.6943,252.1831,0.0,False,True,0.0,test
lvis:5608:572:390,lvis,5608,train2017/000000005608.jpg,572,hotplate,hotplate,True,0,35,0.05316777527332306,20.5717,99.2206,109.8626,131.8983,0.0,False,True,0.0,test
lvis:5608:572:390,lvis,5608,train2017/000000005608.jpg,572,hotplate,hotplate,True,0,36,0.05250968039035797,221.4948,69.5423,346.8309,178.5335,0.0,False,True,0.0,test
lvis:5608:572:390,lvis,5608,train2017/000000005608.jpg,572,hotplate,hotplate,True,0,37,0.05125678330659866,200.616,14.0025,298.2749,88.6819,0.0,False,True,0.0,test
lvis:5608:572:390,lvis,5608,train2017/000000005608.jpg,572,hotplate,hotplate,True,0,38,0.0505828820168972,203.9302,21.8022,431.082,351.5501,0.0,False,True,0.0,test
lvis:5620:887:392,lvis,5620,train2017/000000005620.jpg,887,road_map,road_map,True,0,0,0.27844223380088806,99.9009,303.2233,179.0712,338.9215,0.0,False,True,9.98792270531401,test
lvis:5620:887:392,lvis,5620,train2017/000000005620.jpg,887,road_map,road_map,True,0,1,0.2685203552246094,74.4562,269.4225,241.1055,387.4964,0.0,False,True,9.98792270531401,test
lvis:5620:887:392,lvis,5620,train2017/000000005620.jpg,887,road_map,road_map,True,0,2,0.25469231605529785,435.6862,220.0208,555.8907,280.328,0.0,False,True,9.98792270531401,test
lvis:5620:887:392,lvis,5620,train2017/000000005620.jpg,887,road_map,road_map,True,0,3,0.2385558933019638,65.3771,432.1948,386.67,588.0504,0.0,False,True,9.98792270531401,test
lvis:5620:887:392,lvis,5620,train2017/000000005620.jpg,887,road_map,road_map,True,0,4,0.20137284696102142,445.662,235.3667,530.6029,258.6866,0.0,False,True,9.98792270531401,test
lvis:5620:887:392,lvis,5620,train2017/000000005620.jpg,887,road_map,road_map,True,0,5,0.19435235857963562,502.1593,540.8668,563.6685,581.5883,0.0,False,True,0.0,test
lvis:5620:887:392,lvis,5620,train2017/000000005620.jpg,887,road_map,road_map,True,0,6,0.17271429300308228,356.5789,146.0062,369.6788,168.8379,0.0,False,True,0.0,test
lvis:5620:887:392,lvis,5620,train2017/000000005620.jpg,887,road_map,road_map,True,0,7,0.15113389492034912,173.703,260.3608,586.7879,399.534,0.0,False,True,0.0,test
lvis:5620:887:392,lvis,5620,train2017/000000005620.jpg,887,road_map,road_map,True,0,8,0.12858104705810547,525.4729,324.4182,580.294,349.8509,0.0,False,True,0.0,test
lvis:5620:887:392,lvis,5620,train2017/000000005620.jpg,887,road_map,road_map,True,0,9,0.12406141310930252,100.7215,475.6534,131.3599,521.7075,0.0,False,True,0.0,test
lvis:5620:887:392,lvis,5620,train2017/000000005620.jpg,887,road_map,road_map,True,0,10,0.12215174734592438,412.9763,431.9241,452.1624,454.2905,0.0,False,True,0.0,test
lvis:5620:887:392,lvis,5620,train2017/000000005620.jpg,887,road_map,road_map,True,0,11,0.10891380161046982,23.1664,23.2783,591.827,590.2273,0.0,False,True,0.0,test
lvis:5620:887:392,lvis,5620,train2017/000000005620.jpg,887,road_map,road_map,True,0,12,0.10860678553581238,183.4674,264.2209,445.4188,371.8231,0.0,False,True,0.0,test
lvis:5620:887:392,lvis,5620,train2017/000000005620.jpg,887,road_map,road_map,True,0,13,0.10858330875635147,466.3378,150.9347,506.5861,191.6187,0.0,False,True,0.0,test
lvis:5620:887:392,lvis,5620,train2017/000000005620.jpg,887,road_map,road_map,True,0,14,0.10086800158023834,375.491,257.4372,413.1534,307.3661,0.0,False,True,0.0,test
lvis:5620:887:392,lvis,5620,train2017/000000005620.jpg,887,road_map,road_map,True,0,15,0.0992700457572937,411.339,430.1709,466.6311,461.075,0.0,False,True,0.0,test
lvis:5620:887:392,lvis,5620,train2017/000000005620.jpg,887,road_map,road_map,True,0,16,0.09872071444988251,501.7399,539.2723,585.9291,587.8344,0.0,False,True,0.0,test
lvis:5620:887:392,lvis,5620,train2017/000000005620.jpg,887,road_map,road_map,True,0,17,0.09394504129886627,525.3702,308.5175,580.7305,350.8186,0.0,False,True,0.0,test
lvis:5620:887:392,lvis,5620,train2017/000000005620.jpg,887,road_map,road_map,True,0,18,0.08817307651042938,217.0965,508.6855,505.7206,588.6682,0.0,False,True,0.0,test
lvis:5620:887:392,lvis,5620,train2017/000000005620.jpg,887,road_map,road_map,True,0,19,0.0866144597530365,546.3657,137.7541,558.1941,171.134,0.0,False,True,0.0,test
lvis:5620:887:392,lvis,5620,train2017/000000005620.jpg,887,road_map,road_map,True,0,20,0.08520777523517609,26.1859,365.0376,587.0978,588.9683,0.0,False,True,0.0,test
lvis:5620:887:392,lvis,5620,train2017/000000005620.jpg,887,road_map,road_map,True,0,21,0.08291472494602203,525.919,325.1405,550.6489,345.9519,0.0,False,True,0.0,test
lvis:5620:887:392,lvis,5620,train2017/000000005620.jpg,887,road_map,road_map,True,0,22,0.07593045383691788,26.3241,254.5396,587.6,588.3714,0.0,False,True,0.0,test
lvis:5620:887:392,lvis,5620,train2017/000000005620.jpg,887,road_map,road_map,True,0,23,0.075058713555336,201.616,490.0752,585.9066,589.1436,0.0,False,True,0.0,test
lvis:5620:887:392,lvis,5620,train2017/000000005620.jpg,887,road_map,road_map,True,0,24,0.07471681386232376,78.3154,232.013,111.3005,270.6078,0.0,False,True,0.0,test
lvis:5620:887:392,lvis,5620,train2017/000000005620.jpg,887,road_map,road_map,True,0,25,0.07391877472400665,27.1838,377.882,391.7815,587.6698,0.0,False,True,0.0,test
lvis:5620:887:392,lvis,5620,train2017/000000005620.jpg,887,road_map,road_map,True,0,26,0.07075510174036026,202.3241,392.2781,587.3307,588.8626,0.0,False,True,0.0,test
lvis:5620:887:392,lvis,5620,train2017/000000005620.jpg,887,road_map,road_map,True,0,27,0.07033710926771164,23.407,427.784,150.0021,587.4858,0.0,False,True,0.0,test
lvis:5620:887:392,lvis,5620,train2017/000000005620.jpg,887,road_map,road_map,True,0,28,0.0696178674697876,554.7799,326.517,580.3034,349.7756,0.0,False,True,0.0,test
lvis:5620:887:392,lvis,5620,train2017/000000005620.jpg,887,road_map,road_map,True,0,29,0.06672947853803635,363.2887,359.9375,463.8032,408.3565,0.0,False,True,0.0,test
lvis:5620:887:392,lvis,5620,train2017/000000005620.jpg,887,road_map,road_map,True,0,30,0.06547893583774567,411.5607,430.6177,520.5247,460.3999,0.0,False,True,0.0,test
lvis:5620:887:392,lvis,5620,train2017/000000005620.jpg,887,road_map,road_map,True,0,31,0.06483062356710434,351.5675,142.2426,374.5726,172.1808,0.0,False,True,0.0,test
lvis:5620:887:392,lvis,5620,train2017/000000005620.jpg,887,road_map,road_map,True,0,32,0.06226944550871849,66.0673,433.1398,271.2956,588.0486,0.0,False,True,0.0,test
lvis:5620:887:392,lvis,5620,train2017/000000005620.jpg,887,road_map,road_map,True,0,33,0.061829790472984314,263.8516,510.1844,329.6395,559.7128,0.0,False,True,0.0,test
lvis:5620:887:392,lvis,5620,train2017/000000005620.jpg,887,road_map,road_map,True,0,34,0.06152520328760147,498.7159,308.8951,581.0628,351.5052,0.0,False,True,0.0,test
lvis:5620:887:392,lvis,5620,train2017/000000005620.jpg,887,road_map,road_map,True,0,35,0.05899747088551521,501.9426,509.964,588.5455,587.2551,0.0,False,True,0.0,test
lvis:5620:887:392,lvis,5620,train2017/000000005620.jpg,887,road_map,road_map,True,0,36,0.058896031230688095,295.853,510.6924,329.7612,535.3188,0.0,False,True,0.0,test
lvis:5620:887:392,lvis,5620,train2017/000000005620.jpg,887,road_map,road_map,True,0,37,0.058662354946136475,234.9558,180.2881,254.6896,215.4948,0.0,False,True,0.0,test
lvis:5620:887:392,lvis,5620,train2017/000000005620.jpg,887,road_map,road_map,True,0,38,0.058358315378427505,319.3121,399.4585,371.0162,446.9893,0.0,False,True,0.0,test
lvis:5620:887:392,lvis,5620,train2017/000000005620.jpg,887,road_map,road_map,True,0,39,0.05704478919506073,226.2206,380.9357,372.6411,457.793,0.0,False,True,0.0,test
lvis:5620:887:392,lvis,5620,train2017/000000005620.jpg,887,road_map,road_map,True,0,40,0.05675720050930977,492.3156,239.327,511.5155,262.6817,0.0,False,True,0.0,test
lvis:5620:887:392,lvis,5620,train2017/000000005620.jpg,887,road_map,road_map,True,0,41,0.05636195093393326,71.2007,196.6845,585.5746,399.4233,0.0,False,True,0.0,test
lvis:5620:887:392,lvis,5620,train2017/000000005620.jpg,887,road_map,road_map,True,0,42,0.05496003478765488,70.6721,474.8507,132.0723,530.2426,0.0,False,True,0.0,test
lvis:5620:887:392,lvis,5620,train2017/000000005620.jpg,887,road_map,road_map,True,0,43,0.0547647699713707,416.3294,274.4502,587.4461,400.1357,0.0,False,True,0.0,test
lvis:5620:887:392,lvis,5620,train2017/000000005620.jpg,887,road_map,road_map,True,0,44,0.05280180647969246,185.172,266.8913,321.7228,368.5539,0.0,False,True,0.0,test
lvis:5620:887:392,lvis,5620,train2017/000000005620.jpg,887,road_map,road_map,True,0,45,0.05279744789004326,33.8581,388.9558,83.7147,587.7991,0.0,False,True,0.0,test
lvis:5620:887:392,lvis,5620,train2017/000000005620.jpg,887,road_map,road_map,True,0,46,0.05206101015210152,91.0605,290.1527,184.894,352.4268,0.0,False,True,0.0,test
lvis:5620:887:392,lvis,5620,train2017/000000005620.jpg,887,road_map,road_map,True,0,47,0.05182943493127823,64.9147,474.8929,132.7749,585.3088,0.0,False,True,0.0,test
lvis:5620:887:392,lvis,5620,train2017/000000005620.jpg,887,road_map,road_map,True,0,48,0.05066368728876114,364.1377,488.6473,585.5746,588.0332,0.0,False,True,0.0,test
lvis:5756:583:395,lvis,5756,train2017/000000005756.jpg,583,ice_skate,ice_skate,True,0,0,0.23618565499782562,0.6922,166.6251,172.0784,325.5916,0.0,False,True,9.98792270531401,test
lvis:5756:583:395,lvis,5756,train2017/000000005756.jpg,583,ice_skate,ice_skate,True,0,1,0.226955384016037,1.5514,2.3846,601.1748,255.1634,0.0,False,True,9.98792270531401,test
lvis:5756:583:395,lvis,5756,train2017/000000005756.jpg,583,ice_skate,ice_skate,True,0,2,0.19790132343769073,118.7419,269.1006,142.3035,290.8958,0.0,False,True,9.98792270531401,test
lvis:5756:583:395,lvis,5756,train2017/000000005756.jpg,583,ice_skate,ice_skate,True,0,3,0.14363528788089752,1.9385,1.2289,629.9832,357.6392,0.0,False,True,0.0,test
lvis:5756:583:395,lvis,5756,train2017/000000005756.jpg,583,ice_skate,ice_skate,True,0,4,0.1216360554099083,279.8646,114.3234,378.1122,159.8255,0.0,False,True,0.0,test
lvis:5756:583:395,lvis,5756,train2017/000000005756.jpg,583,ice_skate,ice_skate,True,0,5,0.10785037279129028,114.4097,265.2527,146.8512,295.2057,0.0,False,True,0.0,test
lvis:5756:583:395,lvis,5756,train2017/000000005756.jpg,583,ice_skate,ice_skate,True,0,6,0.1049484834074974,415.3955,114.1295,508.5418,148.1911,0.0,False,True,0.0,test
lvis:5756:583:395,lvis,5756,train2017/000000005756.jpg,583,ice_skate,ice_skate,True,0,7,0.09808836132287979,149.1193,94.5087,216.9352,134.1479,0.0,False,True,0.0,test
lvis:5756:583:395,lvis,5756,train2017/000000005756.jpg,583,ice_skate,ice_skate,True,0,8,0.0951574295759201,110.3704,60.3782,588.02,248.2089,0.0,False,True,0.0,test
lvis:5756:583:395,lvis,5756,train2017/000000005756.jpg,583,ice_skate,ice_skate,True,0,9,0.0928698182106018,247.7692,70.5702,327.4097,126.2935,0.0,False,True,0.0,test
lvis:5756:583:395,lvis,5756,train2017/000000005756.jpg,583,ice_skate,ice_skate,True,0,10,0.08623088896274567,111.7773,60.872,578.7289,124.9612,0.0,False,True,0.0,test
lvis:5756:583:395,lvis,5756,train2017/000000005756.jpg,583,ice_skate,ice_skate,True,0,11,0.0818629264831543,431.6964,142.5353,486.0291,294.5518,0.0,False,True,0.0,test
lvis:5756:583:395,lvis,5756,train2017/000000005756.jpg,583,ice_skate,ice_skate,True,0,12,0.07764972001314163,111.7127,60.2179,579.0698,151.9929,0.0,False,True,0.0,test
lvis:5756:583:395,lvis,5756,train2017/000000005756.jpg,583,ice_skate,ice_skate,True,0,13,0.0761360302567482,248.9963,110.2224,294.6701,259.6329,0.0,False,True,0.0,test
lvis:5756:583:395,lvis,5756,train2017/000000005756.jpg,583,ice_skate,ice_skate,True,0,14,0.07525473833084106,439.6588,65.6927,504.9633,118.7589,0.0,False,True,0.0,test
lvis:5756:583:395,lvis,5756,train2017/000000005756.jpg,583,ice_skate,ice_skate,True,0,15,0.0741787776350975,289.1978,142.0025,300.1397,152.5224,0.0,False,True,0.0,test
lvis:5756:583:395,lvis,5756,train2017/000000005756.jpg,583,ice_skate,ice_skate,True,0,16,0.07396919280290604,555.9433,148.7661,591.2359,213.6571,0.0,False,True,0.0,test
lvis:5756:583:395,lvis,5756,train2017/000000005756.jpg,583,ice_skate,ice_skate,True,0,17,0.07016581296920776,3.6953,58.8964,583.1286,173.0716,0.0,False,True,0.0,test
lvis:5756:583:395,lvis,5756,train2017/000000005756.jpg,583,ice_skate,ice_skate,True,0,18,0.06967390328645706,286.2667,146.4141,331.3473,289.5656,0.0,False,True,0.0,test
lvis:5756:583:395,lvis,5756,train2017/000000005756.jpg,583,ice_skate,ice_skate,True,0,19,0.06738206744194031,454.0922,92.5751,484.5782,116.0057,0.0,False,True,0.0,test
lvis:5756:583:395,lvis,5756,train2017/000000005756.jpg,583,ice_skate,ice_skate,True,0,20,0.06643013656139374,513.8145,111.9762,596.4309,144.6241,0.0,False,True,0.0,test
lvis:5756:583:395,lvis,5756,train2017/000000005756.jpg,583,ice_skate,ice_skate,True,0,21,0.06448279321193695,247.7115,71.3651,327.2195,109.1894,0.0,False,True,0.0,test
lvis:5756:583:395,lvis,5756,train2017/000000005756.jpg,583,ice_skate,ice_skate,True,0,22,0.06310407817363739,590.6845,141.3181,633.4954,278.8707,0.0,False,True,0.0,test
lvis:5756:583:395,lvis,5756,train2017/000000005756.jpg,583,ice_skate,ice_skate,True,0,23,0.06296169012784958,71.3544,12.0363,294.729,64.2714,0.0,False,True,0.0,test
lvis:5756:583:395,lvis,5756,train2017/000000005756.jpg,583,ice_skate,ice_skate,True,0,24,0.05591065436601639,288.3709,272.8351,307.1103,287.2267,0.0,False,True,0.0,test
lvis:5756:583:395,lvis,5756,train2017/000000005756.jpg,583,ice_skate,ice_skate,True,0,25,0.05555276572704315,113.5456,61.3778,222.3303,115.3111,0.0,False,True,0.0,test
lvis:5756:583:395,lvis,5756,train2017/000000005756.jpg,583,ice_skate,ice_skate,True,0,26,0.055470436811447144,292.4626,157.4179,323.8574,204.4675,0.0,False,True,0.0,test
lvis:5756:583:395,lvis,5756,train2017/000000005756.jpg,583,ice_skate,ice_skate,True,0,27,0.05279901996254921,145.3464,63.499,197.6987,100.6503,0.0,False,True,0.0,test
lvis:5756:583:395,lvis,5756,train2017/000000005756.jpg,583,ice_skate,ice_skate,True,0,28,0.052366990596055984,310.1407,273.7199,329.6984,289.2067,0.0,False,True,0.0,test
lvis:5756:583:395,lvis,5756,train2017/000000005756.jpg,583,ice_skate,ice_skate,True,0,29,0.05203761160373688,306.3469,67.9419,334.7717,117.2875,0.0,False,True,0.0,test
lvis:5756:583:395,lvis,5756,train2017/000000005756.jpg,583,ice_skate,ice_skate,True,0,30,0.05082456395030022,96.8839,133.4827,120.6951,197.7698,0.0,False,True,0.0,test
lvis:5756:583:395,lvis,5756,train2017/000000005756.jpg,583,ice_skate,ice_skate,True,0,31,0.05026467144489288,293.2112,169.3296,322.5812,203.9743,0.0,False,True,0.0,test
lvis:5804:618:397,lvis,5804,train2017/000000005804.jpg,618,knocker_(on_a_door),knocker_(on_a_door),True,0,0,0.3271341323852539,52.4326,116.6513,213.2733,216.888,0.0,False,True,9.98792270531401,test
lvis:5804:618:397,lvis,5804,train2017/000000005804.jpg,618,knocker_(on_a_door),knocker_(on_a_door),True,0,1,0.3094033896923065,181.929,72.131,431.3995,282.3608,0.0,False,True,9.98792270531401,test
lvis:5804:618:397,lvis,5804,train2017/000000005804.jpg,618,knocker_(on_a_door),knocker_(on_a_door),True,0,2,0.1497487872838974,235.6003,75.1848,428.0866,233.1959,0.0,False,True,0.0,test
lvis:5804:618:397,lvis,5804,train2017/000000005804.jpg,618,knocker_(on_a_door),knocker_(on_a_door),True,0,3,0.12485925108194351,326.6231,256.195,348.4359,267.4407,0.0,False,True,0.0,test
lvis:5804:618:397,lvis,5804,train2017/000000005804.jpg,618,knocker_(on_a_door),knocker_(on_a_door),True,0,4,0.12474209070205688,265.4491,505.6032,292.1275,539.0115,0.0,False,True,0.0,test
lvis:5804:618:397,lvis,5804,train2017/000000005804.jpg,618,knocker_(on_a_door),knocker_(on_a_door),True,0,5,0.11956894397735596,244.2304,186.6713,274.3657,208.6068,0.0,False,True,0.0,test
lvis:5804:618:397,lvis,5804,train2017/000000005804.jpg,618,knocker_(on_a_door),knocker_(on_a_door),True,0,6,0.11573809385299683,256.5289,91.851,389.0815,208.762,0.0,False,True,0.0,test
lvis:5804:618:397,lvis,5804,train2017/000000005804.jpg,618,knocker_(on_a_door),knocker_(on_a_door),True,0,7,0.1049821749329567,323.6894,253.1726,351.3065,270.9558,0.0,False,True,0.0,test
lvis:5804:618:397,lvis,5804,train2017/000000005804.jpg,618,knocker_(on_a_door),knocker_(on_a_door),True,0,8,0.09191204607486725,354.3193,211.3979,387.6049,234.0405,0.0,False,True,0.0,test
lvis:5804:618:397,lvis,5804,train2017/000000005804.jpg,618,knocker_(on_a_door),knocker_(on_a_door),True,0,9,0.08593183755874634,234.1365,333.79,256.9113,350.8211,0.0,False,True,0.0,test
lvis:5804:618:397,lvis,5804,train2017/000000005804.jpg,618,knocker_(on_a_door),knocker_(on_a_door),True,0,10,0.08226422220468521,248.9066,227.9689,295.4242,252.4781,0.0,False,True,0.0,test
lvis:5804:618:397,lvis,5804,train2017/000000005804.jpg,618,knocker_(on_a_door),knocker_(on_a_door),True,0,11,0.07528258860111237,254.9214,496.2898,298.9014,548.7862,0.0,False,True,0.0,test
lvis:5804:618:397,lvis,5804,train2017/000000005804.jpg,618,knocker_(on_a_door),knocker_(on_a_door),True,0,12,0.07488230615854263,233.3075,332.962,280.754,355.5305,0.0,False,True,0.0,test
lvis:5804:618:397,lvis,5804,train2017/000000005804.jpg,618,knocker_(on_a_door),knocker_(on_a_door),True,0,13,0.07159179449081421,374.579,312.6197,388.9366,330.5214,0.0,False,True,0.0,test
lvis:5804:618:397,lvis,5804,train2017/000000005804.jpg,618,knocker_(on_a_door),knocker_(on_a_door),True,0,14,0.07145674526691437,268.5729,510.7794,287.1725,534.5164,0.0,False,True,0.0,test
lvis:5804:618:397,lvis,5804,train2017/000000005804.jpg,618,knocker_(on_a_door),knocker_(on_a_door),True,0,15,0.07088478654623032,245.2408,187.1393,273.655,199.4189,0.0,False,True,0.0,test
lvis:5804:618:397,lvis,5804,train2017/000000005804.jpg,618,knocker_(on_a_door),knocker_(on_a_door),True,0,16,0.06921195983886719,160.3544,211.6598,421.2177,558.6257,0.0,False,True,0.0,test
lvis:5804:618:397,lvis,5804,train2017/000000005804.jpg,618,knocker_(on_a_door),knocker_(on_a_door),True,0,17,0.06754319369792938,230.3862,330.2689,261.3516,355.2868,0.0,False,True,0.0,test
lvis:5804:618:397,lvis,5804,train2017/000000005804.jpg,618,knocker_(on_a_door),knocker_(on_a_door),True,0,18,0.06678042560815811,239.5096,182.7348,278.3552,212.4975,0.0,False,True,0.0,test
lvis:5804:618:397,lvis,5804,train2017/000000005804.jpg,618,knocker_(on_a_door),knocker_(on_a_door),True,0,19,0.0613594613969326,304.6931,211.3338,321.4542,221.402,0.0,False,True,0.0,test
lvis:5804:618:397,lvis,5804,train2017/000000005804.jpg,618,knocker_(on_a_door),knocker_(on_a_door),True,0,20,0.05805240571498871,254.1469,495.0105,304.194,600.4296,0.0,False,True,0.0,test
lvis:5804:618:397,lvis,5804,train2017/000000005804.jpg,618,knocker_(on_a_door),knocker_(on_a_door),True,0,21,0.0575549378991127,370.4212,307.9643,394.8739,335.4216,0.0,False,True,0.0,test
lvis:5804:618:397,lvis,5804,train2017/000000005804.jpg,618,knocker_(on_a_door),knocker_(on_a_door),True,0,22,0.05705597624182701,1.7725,236.8134,327.7964,637.1206,0.0,False,True,0.0,test
lvis:5804:618:397,lvis,5804,train2017/000000005804.jpg,618,knocker_(on_a_door),knocker_(on_a_door),True,0,23,0.05645093321800232,207.5609,331.2539,283.0702,372.8384,0.0,False,True,0.0,test
lvis:5804:618:397,lvis,5804,train2017/000000005804.jpg,618,knocker_(on_a_door),knocker_(on_a_door),True,0,24,0.05539147928357124,369.8619,188.4829,402.2793,216.7695,0.0,False,True,0.0,test
lvis:5804:618:397,lvis,5804,train2017/000000005804.jpg,618,knocker_(on_a_door),knocker_(on_a_door),True,0,25,0.050611305981874466,99.1005,118.4806,185.303,206.8436,0.0,False,True,0.0,test
lvis:5804:752:398,lvis,5804,train2017/000000005804.jpg,752,pan_(metal_container),pan_(metal_container),True,0,0,0.407227098941803,180.7,71.8208,431.455,282.2278,0.0,False,True,9.98792270531401,test
lvis:5804:752:398,lvis,5804,train2017/000000005804.jpg,752,pan_(metal_container),pan_(metal_container),True,0,1,0.15887905657291412,158.1921,224.6964,421.6103,558.5408,0.0,False,True,0.0,test
lvis:5804:752:398,lvis,5804,train2017/000000005804.jpg,752,pan_(metal_container),pan_(metal_container),True,0,2,0.1081872209906578,255.6222,90.6029,389.8409,209.3764,0.0,False,True,0.0,test
lvis:5804:752:398,lvis,5804,train2017/000000005804.jpg,752,pan_(metal_container),pan_(metal_container),True,0,3,0.10578814148902893,248.3997,227.3184,295.8407,252.9112,0.0,False,True,0.0,test
lvis:5804:752:398,lvis,5804,train2017/000000005804.jpg,752,pan_(metal_container),pan_(metal_container),True,0,4,0.10502765327692032,239.4634,81.104,424.8969,227.6197,0.0,False,True,0.0,test
lvis:5804:752:398,lvis,5804,train2017/000000005804.jpg,752,pan_(metal_container),pan_(metal_container),True,0,5,0.09511328488588333,160.5119,51.1648,445.6005,320.7373,0.0,False,True,0.0,test
lvis:5804:752:398,lvis,5804,train2017/000000005804.jpg,752,pan_(metal_container),pan_(metal_container),True,0,6,0.09078744053840637,51.9536,115.6028,213.4065,216.1709,0.0,False,True,0.0,test
lvis:5804:752:398,lvis,5804,train2017/000000005804.jpg,752,pan_(metal_container),pan_(metal_container),True,0,7,0.08632539212703705,1.763,236.5587,361.5356,636.7411,0.0,False,True,0.0,test
lvis:5804:752:398,lvis,5804,train2017/000000005804.jpg,752,pan_(metal_container),pan_(metal_container),True,0,8,0.08440089970827103,433.7361,487.5407,455.6815,516.2532,0.0,False,True,0.0,test
lvis:5804:752:398,lvis,5804,train2017/000000005804.jpg,752,pan_(metal_container),pan_(metal_container),True,0,9,0.07628632336854935,325.7293,254.9139,349.1428,268.3733,0.0,False,True,0.0,test
lvis:5804:752:398,lvis,5804,train2017/000000005804.jpg,752,pan_(metal_container),pan_(metal_container),True,0,10,0.07399453967809677,159.626,73.2772,430.4348,557.5358,0.0,False,True,0.0,test
lvis:5804:752:398,lvis,5804,train2017/000000005804.jpg,752,pan_(metal_container),pan_(metal_container),True,0,11,0.07256460934877396,265.2167,503.824,293.2145,542.4614,0.0,False,True,0.0,test
lvis:5804:752:398,lvis,5804,train2017/000000005804.jpg,752,pan_(metal_container),pan_(metal_container),True,0,12,0.06657760590314865,170.1525,319.0251,329.4347,412.7327,0.0,False,True,0.0,test
lvis:5804:752:398,lvis,5804,train2017/000000005804.jpg,752,pan_(metal_container),pan_(metal_container),True,0,13,0.0597720593214035,321.1047,250.0332,353.5804,273.221,0.0,False,True,0.0,test
lvis:5804:752:398,lvis,5804,train2017/000000005804.jpg,752,pan_(metal_container),pan_(metal_container),True,0,14,0.05974457040429115,159.223,228.7986,419.8719,427.5581,0.0,False,True,0.0,test
lvis:5804:752:398,lvis,5804,train2017/000000005804.jpg,752,pan_(metal_container),pan_(metal_container),True,0,15,0.058168940246105194,254.5981,494.5679,302.8731,598.8653,0.0,False,True,0.0,test
lvis:5804:752:398,lvis,5804,train2017/000000005804.jpg,752,pan_(metal_container),pan_(metal_container),True,0,16,0.05734008178114891,0.5896,25.8731,109.4731,89.6623,0.0,False,True,0.0,test
lvis:5804:752:398,lvis,5804,train2017/000000005804.jpg,752,pan_(metal_container),pan_(metal_container),True,0,17,0.055662933737039566,2.5048,318.818,330.5398,578.176,0.0,False,True,0.0,test
lvis:5804:752:398,lvis,5804,train2017/000000005804.jpg,752,pan_(metal_container),pan_(metal_container),True,0,18,0.0551898367702961,227.8615,13.3706,313.2745,135.1375,0.0,False,True,0.0,test
lvis:5804:752:398,lvis,5804,train2017/000000005804.jpg,752,pan_(metal_container),pan_(metal_container),True,0,19,0.05486316606402397,353.9309,210.3,391.5242,234.924,0.0,False,True,0.0,test
lvis:5804:752:398,lvis,5804,train2017/000000005804.jpg,752,pan_(metal_container),pan_(metal_container),True,0,20,0.05442127212882042,225.9893,198.7574,369.8047,254.0064,0.0,False,True,0.0,test
lvis:5804:752:398,lvis,5804,train2017/000000005804.jpg,752,pan_(metal_container),pan_(metal_container),True,0,21,0.05201289802789688,258.4811,497.0928,298.0028,556.2929,0.0,False,True,0.0,test
lvis:5883:580:402,lvis,5883,train2017/000000005883.jpg,580,popsicle,popsicle,True,0,0,0.3053561747074127,1.1731,434.4212,273.7663,605.2118,0.0,False,True,9.98792270531401,test
lvis:5883:580:402,lvis,5883,train2017/000000005883.jpg,580,popsicle,popsicle,True,0,1,0.28675156831741333,270.4432,252.2009,321.822,302.7255,0.0,False,True,9.98792270531401,test
lvis:5883:580:402,lvis,5883,train2017/000000005883.jpg,580,popsicle,popsicle,True,0,2,0.2848828434944153,351.6766,435.5182,418.2168,466.7026,0.0,False,True,9.98792270531401,test
lvis:5883:580:402,lvis,5883,train2017/000000005883.jpg,580,popsicle,popsicle,True,0,3,0.2680090367794037,105.5295,160.1667,137.9588,410.5523,0.0,False,True,9.98792270531401,test
lvis:5883:580:402,lvis,5883,train2017/000000005883.jpg,580,popsicle,popsicle,True,0,4,0.1890793740749359,352.0254,436.3482,396.1823,466.3592,0.0,False,True,0.0,test
lvis:5883:580:402,lvis,5883,train2017/000000005883.jpg,580,popsicle,popsicle,True,0,5,0.1555289328098297,336.2547,463.9549,423.984,535.9335,0.0,False,True,0.0,test
lvis:5883:580:402,lvis,5883,train2017/000000005883.jpg,580,popsicle,popsicle,True,0,6,0.15519577264785767,40.0514,329.0759,71.5777,364.2577,0.0,False,True,0.0,test
lvis:5883:580:402,lvis,5883,train2017/000000005883.jpg,580,popsicle,popsicle,True,0,7,0.14567874372005463,26.569,328.8013,71.3074,449.3813,0.0,False,True,0.0,test
lvis:5883:580:402,lvis,5883,train2017/000000005883.jpg,580,popsicle,popsicle,True,0,8,0.1420939862728119,356.0238,213.9173,388.2011,274.5033,0.0,False,True,0.0,test
lvis:5883:580:402,lvis,5883,train2017/000000005883.jpg,580,popsicle,popsicle,True,0,9,0.13558410108089447,168.098,161.9276,206.5591,212.359,0.0,False,True,0.0,test
lvis:5883:580:402,lvis,5883,train2017/000000005883.jpg,580,popsicle,popsicle,True,0,10,0.13427503407001495,146.302,349.3306,198.9641,443.1028,0.0,False,True,0.0,test
lvis:5883:580:402,lvis,5883,train2017/000000005883.jpg,580,popsicle,popsicle,True,0,11,0.13164743781089783,69.7927,260.6373,105.216,351.8779,0.0,False,True,0.0,test
lvis:5883:580:402,lvis,5883,train2017/000000005883.jpg,580,popsicle,popsicle,True,0,12,0.1298607587814331,194.5892,233.4357,239.5163,279.3015,0.0,False,True,0.0,test
lvis:5883:580:402,lvis,5883,train2017/000000005883.jpg,580,popsicle,popsicle,True,0,13,0.10902033746242523,109.1254,100.9034,177.5374,150.2922,0.0,False,True,0.0,test
lvis:5883:580:402,lvis,5883,train2017/000000005883.jpg,580,popsicle,popsicle,True,0,14,0.10834010690450668,177.6352,166.6434,205.2243,201.6844,0.0,False,True,0.0,test
lvis:5883:580:402,lvis,5883,train2017/000000005883.jpg,580,popsicle,popsicle,True,0,15,0.09876539558172226,76.602,276.2768,97.8063,335.3193,0.0,False,True,0.0,test
lvis:5883:580:402,lvis,5883,train2017/000000005883.jpg,580,popsicle,popsicle,True,0,16,0.09040588140487671,244.0174,431.2089,260.7188,530.0048,0.0,False,True,0.0,test
lvis:5883:580:402,lvis,5883,train2017/000000005883.jpg,580,popsicle,popsicle,True,0,17,0.08798018842935562,55.0054,304.7183,68.9538,332.0722,0.0,False,True,0.0,test
lvis:5883:580:402,lvis,5883,train2017/000000005883.jpg,580,popsicle,popsicle,True,0,18,0.08781512081623077,320.9829,264.8021,354.6125,344.034,0.0,False,True,0.0,test
lvis:5883:580:402,lvis,5883,train2017/000000005883.jpg,580,popsicle,popsicle,True,0,19,0.08771732449531555,23.1104,104.2999,420.0311,447.0547,0.0,False,True,0.0,test
lvis:5883:580:402,lvis,5883,train2017/000000005883.jpg,580,popsicle,popsicle,True,0,20,0.08539951592683792,26.8428,102.1623,214.0271,447.525,0.0,False,True,0.0,test
lvis:5883:580:402,lvis,5883,train2017/000000005883.jpg,580,popsicle,popsicle,True,0,21,0.08017123490571976,26.6062,355.8605,46.826,449.7521,0.0,False,True,0.0,test
lvis:5883:580:402,lvis,5883,train2017/000000005883.jpg,580,popsicle,popsicle,True,0,22,0.07762294262647629,92.8621,153.1764,150.4026,422.2067,0.0,False,True,0.0,test
lvis:5883:580:402,lvis,5883,train2017/000000005883.jpg,580,popsicle,popsicle,True,0,23,0.07738348096609116,243.8096,430.9507,258.3539,485.0378,0.0,False,True,0.0,test
lvis:5883:580:402,lvis,5883,train2017/000000005883.jpg,580,popsicle,popsicle,True,0,24,0.07713468372821808,307.435,436.223,320.7699,483.6735,0.0,False,True,0.0,test
lvis:5883:580:402,lvis,5883,train2017/000000005883.jpg,580,popsicle,popsicle,True,0,25,0.07674229890108109,25.9007,263.2946,71.6043,449.3569,0.0,False,True,0.0,test
lvis:5883:580:402,lvis,5883,train2017/000000005883.jpg,580,popsicle,popsicle,True,0,26,0.07625929266214371,168.6215,169.3761,183.6632,201.7456,0.0,False,True,0.0,test
lvis:5883:580:402,lvis,5883,train2017/000000005883.jpg,580,popsicle,popsicle,True,0,27,0.0749567374587059,133.1933,220.1052,174.2553,244.1521,0.0,False,True,0.0,test
lvis:5883:580:402,lvis,5883,train2017/000000005883.jpg,580,popsicle,popsicle,True,0,28,0.07469689100980759,80.1425,101.0578,178.1478,172.2546,0.0,False,True,0.0,test
lvis:5883:580:402,lvis,5883,train2017/000000005883.jpg,580,popsicle,popsicle,True,0,29,0.07356486469507217,58.0634,101.0835,213.3615,257.3291,0.0,False,True,0.0,test
lvis:5883:580:402,lvis,5883,train2017/000000005883.jpg,580,popsicle,popsicle,True,0,30,0.07356228679418564,26.5924,259.9877,105.4431,448.9724,0.0,False,True,0.0,test
lvis:5883:580:402,lvis,5883,train2017/000000005883.jpg,580,popsicle,popsicle,True,0,31,0.07277090847492218,304.5769,517.3658,310.4172,537.4562,0.0,False,True,0.0,test
lvis:5883:580:402,lvis,5883,train2017/000000005883.jpg,580,popsicle,popsicle,True,0,32,0.07098186016082764,362.1979,194.5522,424.1337,232.3584,0.0,False,True,0.0,test
lvis:5883:580:402,lvis,5883,train2017/000000005883.jpg,580,popsicle,popsicle,True,0,33,0.06939531862735748,16.7143,319.0689,48.5803,349.5642,0.0,False,True,0.0,test
lvis:5883:580:402,lvis,5883,train2017/000000005883.jpg,580,popsicle,popsicle,True,0,34,0.06815040856599808,80.5198,139.6517,166.9266,172.111,0.0,False,True,0.0,test
lvis:5883:580:402,lvis,5883,train2017/000000005883.jpg,580,popsicle,popsicle,True,0,35,0.0676591619849205,86.7257,434.7479,99.8551,534.8578,0.0,False,True,0.0,test
lvis:5883:580:402,lvis,5883,train2017/000000005883.jpg,580,popsicle,popsicle,True,0,36,0.06740303337574005,270.2651,251.7591,355.05,343.5442,0.0,False,True,0.0,test
lvis:5883:580:402,lvis,5883,train2017/000000005883.jpg,580,popsicle,popsicle,True,0,37,0.06689513474702835,39.803,263.4359,67.8147,333.7121,0.0,False,True,0.0,test
lvis:5883:580:402,lvis,5883,train2017/000000005883.jpg,580,popsicle,popsicle,True,0,38,0.06603836268186569,26.5183,159.8829,139.6115,448.6657,0.0,False,True,0.0,test
lvis:5883:580:402,lvis,5883,train2017/000000005883.jpg,580,popsicle,popsicle,True,0,39,0.06474211066961288,266.0633,390.4008,338.188,430.4082,0.0,False,True,0.0,test
lvis:5883:580:402,lvis,5883,train2017/000000005883.jpg,580,popsicle,popsicle,True,0,40,0.0642862394452095,109.2333,222.4933,131.5745,386.6498,0.0,False,True,0.0,test
lvis:5883:580:402,lvis,5883,train2017/000000005883.jpg,580,popsicle,popsicle,True,0,41,0.0642540380358696,66.3047,0.1667,143.585,132.8256,0.0,False,True,0.0,test
lvis:5883:580:402,lvis,5883,train2017/000000005883.jpg,580,popsicle,popsicle,True,0,42,0.06347091495990753,367.5195,306.5807,424.3036,402.0289,0.0,False,True,0.0,test
lvis:5883:580:402,lvis,5883,train2017/000000005883.jpg,580,popsicle,popsicle,True,0,43,0.06265529990196228,38.46,452.0715,45.6485,477.827,0.0,False,True,0.0,test
lvis:5883:580:402,lvis,5883,train2017/000000005883.jpg,580,popsicle,popsicle,True,0,44,0.06254365295171738,107.5343,159.4102,137.5857,192.7435,0.0,False,True,0.0,test
lvis:5883:580:402,lvis,5883,train2017/000000005883.jpg,580,popsicle,popsicle,True,0,45,0.062129780650138855,168.1035,281.2338,248.7755,335.0212,0.0,False,True,0.0,test
lvis:5883:580:402,lvis,5883,train2017/000000005883.jpg,580,popsicle,popsicle,True,0,46,0.061563000082969666,294.8383,319.6767,309.2337,336.3486,0.0,False,True,0.0,test
lvis:5883:580:402,lvis,5883,train2017/000000005883.jpg,580,popsicle,popsicle,True,0,47,0.061068274080753326,341.2726,463.9248,379.0437,474.6205,0.0,False,True,0.0,test
lvis:5883:580:402,lvis,5883,train2017/000000005883.jpg,580,popsicle,popsicle,True,0,48,0.06097444146871567,175.0067,186.6425,205.605,213.6324,0.0,False,True,0.0,test
lvis:5883:580:402,lvis,5883,train2017/000000005883.jpg,580,popsicle,popsicle,True,0,49,0.0605521984398365,1.1202,438.2905,95.4611,520.2887,0.0,False,True,0.0,test
lvis:5883:580:402,lvis,5883,train2017/000000005883.jpg,580,popsicle,popsicle,True,0,50,0.05976703763008118,107.2067,159.3561,138.1687,207.2775,0.0,False,True,0.0,test
lvis:5883:580:402,lvis,5883,train2017/000000005883.jpg,580,popsicle,popsicle,True,0,51,0.05815809965133667,307.2049,435.921,322.5427,506.1475,0.0,False,True,0.0,test
lvis:5883:580:402,lvis,5883,train2017/000000005883.jpg,580,popsicle,popsicle,True,0,52,0.05778893083333969,59.2005,103.3683,420.4645,234.9501,0.0,False,True,0.0,test
lvis:5883:580:402,lvis,5883,train2017/000000005883.jpg,580,popsicle,popsicle,True,0,53,0.056396301835775375,46.4685,449.9417,56.4505,513.4973,0.0,False,True,0.0,test
lvis:5883:580:402,lvis,5883,train2017/000000005883.jpg,580,popsicle,popsicle,True,0,54,0.056177057325839996,325.0223,269.1038,344.0479,337.4913,0.0,False,True,0.0,test
lvis:5883:580:402,lvis,5883,train2017/000000005883.jpg,580,popsicle,popsicle,True,0,55,0.055879563093185425,2.6415,437.4701,254.8329,547.4818,0.0,False,True,0.0,test
lvis:5883:580:402,lvis,5883,train2017/000000005883.jpg,580,popsicle,popsicle,True,0,56,0.05479055643081665,3.7217,104.7819,421.6726,604.2921,0.0,False,True,0.0,test
lvis:5883:580:402,lvis,5883,train2017/000000005883.jpg,580,popsicle,popsicle,True,0,57,0.05440640076994896,252.0739,154.5014,423.3463,232.0493,0.0,False,True,0.0,test
lvis:5883:580:402,lvis,5883,train2017/000000005883.jpg,580,popsicle,popsicle,True,0,58,0.054307322949171066,4.795,104.6902,275.6001,604.758,0.0,False,True,0.0,test
lvis:5883:580:402,lvis,5883,train2017/000000005883.jpg,580,popsicle,popsicle,True,0,59,0.053619809448719025,245.4728,450.708,257.2208,483.8253,0.0,False,True,0.0,test
lvis:5883:580:402,lvis,5883,train2017/000000005883.jpg,580,popsicle,popsicle,True,0,60,0.05316951498389244,254.4236,237.5196,333.2733,312.4276,0.0,False,True,0.0,test
lvis:5883:580:402,lvis,5883,train2017/000000005883.jpg,580,popsicle,popsicle,True,0,61,0.05300966277718544,62.9298,238.0109,82.2766,259.5067,0.0,False,True,0.0,test
lvis:5883:580:402,lvis,5883,train2017/000000005883.jpg,580,popsicle,popsicle,True,0,62,0.05249980092048645,7.9638,459.5632,13.7958,481.6792,0.0,False,True,0.0,test
lvis:5883:580:402,lvis,5883,train2017/000000005883.jpg,580,popsicle,popsicle,True,0,63,0.052224051207304,245.9735,450.8093,254.0116,466.1609,0.0,False,True,0.0,test
lvis:5883:580:402,lvis,5883,train2017/000000005883.jpg,580,popsicle,popsicle,True,0,64,0.051658447831869125,22.5046,454.6531,28.8394,479.2337,0.0,False,True,0.0,test
lvis:5883:580:402,lvis,5883,train2017/000000005883.jpg,580,popsicle,popsicle,True,0,65,0.05113459378480911,392.9687,466.883,424.2932,528.7833,0.0,False,True,0.0,test
lvis:5883:580:402,lvis,5883,train2017/000000005883.jpg,580,popsicle,popsicle,True,0,66,0.05080757662653923,303.2576,503.5345,311.42,537.3526,0.0,False,True,0.0,test
lvis:5883:580:402,lvis,5883,train2017/000000005883.jpg,580,popsicle,popsicle,True,0,67,0.050702426582574844,347.8225,371.3338,370.7284,388.9176,0.0,False,True,0.0,test
lvis:5883:580:402,lvis,5883,train2017/000000005883.jpg,580,popsicle,popsicle,True,0,68,0.05029131844639778,35.979,356.7545,48.1981,447.9312,0.0,False,True,0.0,test
lvis:5883:580:402,lvis,5883,train2017/000000005883.jpg,580,popsicle,popsicle,True,0,69,0.05008240044116974,27.0068,356.4459,39.8361,449.4861,0.0,False,True,0.0,test
lvis:5883:580:402,lvis,5883,train2017/000000005883.jpg,580,popsicle,popsicle,True,0,70,0.05003955215215683,209.4116,121.4961,423.0635,233.9022,0.0,False,True,0.0,test
