seed,template,own_model,phi_max,num_fit_families,num_cal_families,num_fit_candidates,num_cal_candidates,template_count
0,a {category} object,True,12.551958433253397,136,38,2973,1555,7
0,a small {category} near the center,True,7.128054740957967,133,42,3734,1160,7
0,a visible {category} in the scene,True,6.040295056699328,126,45,3562,1129,7
0,a {category} in the scene,True,21.360525595401036,132,41,3011,888,7
0,a photo containing a {category},True,14.304807692307692,127,44,3306,1230,7
0,a photo of a {category},True,8.48936170212766,120,41,3398,1050,7
0,the {category} in this image,True,9.123015873015872,124,48,3722,1597,7
1,a {category} object,True,14.846573208722742,134,50,3520,1302,7
1,a small {category} near the center,True,5.8054448871181945,142,39,3838,1059,7
1,a visible {category} in the scene,True,10.151674982181042,124,45,3382,1227,7
1,a {category} in the scene,True,16.677662037037035,117,46,2634,1277,7
1,a photo containing a {category},True,9.60013440860215,120,42,2883,1396,7
1,a photo of a {category},True,8.383549295774648,122,43,3577,1262,7
1,the {category} in this image,True,9.147252747252747,139,34,4275,950,7
2,a {category} object,True,12.35081300813008,143,37,4049,988,7
2,a small {category} near the center,True,6.5999037072701014,128,45,3535,1237,7
2,a visible {category} in the scene,True,7.031716417910448,126,51,3944,1239,7
2,a {category} in the scene,True,14.310849056603773,134,48,3529,1057,7
2,a photo containing a {category},True,9.749999999999998,128,37,3671,1118,7
2,a photo of a {category},True,10.183279742765274,124,38,3318,1418,7
2,the {category} in this image,True,6.397209302325582,115,43,3229,1224,7
3,a {category} object,True,8.178972712680578,139,39,3504,859,7
3,a small {category} near the center,True,6.60987012987013,114,51,3296,1563,7
3,a visible {category} in the scene,True,5.376623376623376,146,34,3965,1382,7
3,a {category} in the scene,True,15.190476190476193,118,45,2720,1130,7
3,a photo containing a {category},True,12.595641646489106,123,48,3485,1756,7
3,a photo of a {category},True,10.303167420814479,118,45,3648,1165,7
3,the {category} in this image,True,12.608759553203997,140,37,3822,1543,7
4,a {category} object,True,9.220539647577095,127,50,3788,1041,7
4,a small {category} near the center,True,10.48015873015873,127,51,3011,1631,7
4,a visible {category} in the scene,True,9.391428571428571,121,45,2888,1659,7
4,a {category} in the scene,True,22.256661639014578,134,40,3199,997,7
4,a photo containing a {category},True,11.355761482675263,135,37,3744,1390,7
4,a photo of a {category},True,7.826270293063463,127,34,3858,810,7
4,the {category} in this image,True,8.310246679316888,127,42,3800,1114,7
5,a {category} object,True,12.617632070664175,134,45,3757,1133,7
5,a small {category} near the center,True,8.337053571428571,135,42,3827,1202,7
5,a visible {category} in the scene,True,8.156964656964655,124,39,3440,1225,7
5,a {category} in the scene,True,18.434163701067618,121,50,2711,1200,7
5,a photo containing a {category},True,9.0010101010101,124,44,3824,1288,7
5,a photo of a {category},True,7.172794117647059,122,39,4046,995,7
5,the {category} in this image,True,11.372222222222222,138,40,3848,1555,7
6,a {category} object,True,10.86302969636303,138,36,3489,983,7
6,a small {category} near the center,True,7.351076888740097,139,44,3616,1454,7
6,a visible {category} in the scene,True,6.8098055790363485,126,41,3570,1253,7
6,a {category} in the scene,True,13.632401315789474,132,45,3110,1087,7
6,a photo containing a {category},True,12.254325259515571,121,48,3945,1134,7
6,a photo of a {category},True,7.626167133520075,118,42,3585,1127,7
6,the {category} in this image,True,9.161279999999998,124,43,3271,1416,7
7,a {category} object,True,11.110313901345291,131,44,3323,1044,7
7,a small {category} near the center,True,11.044769874476986,138,43,3850,984,7
7,a visible {category} in the scene,True,7.309941520467835,121,49,3557,1487,7
7,a {category} in the scene,True,15.035670356703566,134,38,3167,789,7
7,a photo containing a {category},True,8.795938104448743,119,47,3666,1434,7
7,a photo of a {category},True,11.774237105049957,129,39,3650,1302,7
7,the {category} in this image,True,8.046278686446051,126,39,3812,1129,7
8,a {category} object,True,9.93818181818182,146,39,3759,1342,7
8,a small {category} near the center,True,6.337301587301587,125,53,3322,1313,7
8,a visible {category} in the scene,True,9.455563853622106,135,37,3602,1051,7
8,a {category} in the scene,True,17.479725700655933,112,52,2647,1060,7
8,a photo containing a {category},True,8.715017737485217,135,35,4439,747,7
8,a photo of a {category},True,11.466101694915254,123,37,3684,1089,7
8,the {category} in this image,True,6.916349809885932,122,46,4276,1091,7
9,a {category} object,True,9.809688581314878,127,49,3369,1198,7
9,a small {category} near the center,True,10.091122868900646,135,41,3525,1143,7
9,a visible {category} in the scene,True,8.645863570391873,124,47,3562,1539,7
9,a {category} in the scene,True,20.197080291970803,130,41,2881,1166,7
9,a photo containing a {category},True,8.483589385474861,125,43,3490,1446,7
9,a photo of a {category},True,9.734899328859061,114,46,3039,1673,7
9,the {category} in this image,True,8.132339235787512,143,32,4522,770,7
10,a {category} object,True,7.708723135271808,122,39,3877,685,7
10,a small {category} near the center,True,7.819648789748459,137,48,4260,1199,7
10,a visible {category} in the scene,True,5.634179634179635,128,48,3815,1143,7
10,a {category} in the scene,True,18.064516129032256,128,41,2888,1150,7
10,a photo containing a {category},True,6.704154191616767,126,40,3264,1599,7
10,a photo of a {category},True,7.836503099716297,126,41,3876,982,7
10,the {category} in this image,True,9.563119126238252,131,42,3859,1352,7
11,a {category} object,True,11.274896265560164,136,35,3704,859,7
11,a small {category} near the center,True,9.660971223021583,133,42,3699,1208,7
11,a visible {category} in the scene,True,7.256781193490054,135,38,4169,910,7
11,a {category} in the scene,True,18.357933579335793,128,48,2897,1019,7
11,a photo containing a {category},True,10.90492957746479,119,50,3150,1816,7
11,a photo of a {category},True,7.312499999999999,122,46,3638,1352,7
11,the {category} in this image,True,10.547119547119548,125,40,3405,1754,7
12,a {category} object,True,9.219362386662766,139,40,3421,1445,7
12,a small {category} near the center,True,7.106603887480382,127,48,3770,1355,7
12,a visible {category} in the scene,True,6.947347855817134,131,46,3749,917,7
12,a {category} in the scene,True,11.407714430722383,133,42,3308,819,7
12,a photo containing a {category},True,5.074090909090908,120,44,3726,1215,7
12,a photo of a {category},True,9.377616747181966,104,45,3175,1148,7
12,the {category} in this image,True,8.481545559400232,144,34,4331,988,7
13,a {category} object,True,8.382203162690967,136,46,3419,1333,7
13,a small {category} near the center,True,11.334716459197786,131,55,3359,1710,7
13,a visible {category} in the scene,True,5.664489795918366,126,47,4045,1071,7
13,a {category} in the scene,True,17.56917938931298,132,38,3048,945,7
13,a photo containing a {category},True,9.46045197740113,121,38,3366,1040,7
13,a photo of a {category},True,15.952752185211434,118,32,3025,998,7
13,the {category} in this image,True,9.20298656047785,134,43,4329,1240,7
14,a {category} object,True,9.047009698275861,132,42,3631,1163,7
14,a small {category} near the center,True,9.487252599798724,119,54,3088,1531,7
14,a visible {category} in the scene,True,9.080735411670663,132,39,3526,1135,7
14,a {category} in the scene,True,14.718520220588236,131,44,2897,1482,7
14,a photo containing a {category},True,10.152879581151835,116,43,3061,1394,7
14,a photo of a {category},True,10.181538461538462,129,42,3409,1556,7
14,the {category} in this image,True,8.030116238112011,139,35,4319,997,7
15,a {category} object,True,11.239271255060729,139,41,3746,1326,7
15,a small {category} near the center,True,8.63660777385159,130,49,3339,1690,7
15,a visible {category} in the scene,True,6.0379053461875545,127,48,3408,909,7
15,a {category} in the scene,True,15.10948905109489,128,39,3426,728,7
15,a photo containing a {category},True,9.582446808510637,125,44,3631,1407,7
15,a photo of a {category},True,13.249459459459459,121,34,3907,804,7
15,the {category} in this image,True,5.791941391941392,128,44,4038,1539,7
16,a {category} object,True,9.700956244566791,132,40,3602,772,7
16,a small {category} near the center,True,8.213166144200626,135,46,3303,1729,7
16,a visible {category} in the scene,True,8.975421972164643,133,43,3178,1395,7
16,a {category} in the scene,True,21.980380134886573,123,42,2941,1054,7
16,a photo containing a {category},True,10.54054054054054,130,37,3971,1122,7
16,a photo of a {category},True,9.525281803542674,125,40,3882,1183,7
16,the {category} in this image,True,10.887537993920972,120,51,3657,1890,7
17,a {category} object,True,10.512605042016807,130,51,3831,1124,7
17,a small {category} near the center,True,8.095404159920289,137,44,3710,1256,7
17,a visible {category} in the scene,True,5.660056657223796,133,37,4078,1077,7
17,a {category} in the scene,True,26.968393613554902,126,47,2973,1104,7
17,a photo containing a {category},True,8.658823529411764,128,38,3695,1091,7
17,a photo of a {category},True,9.504273504273504,120,39,3446,1549,7
17,the {category} in this image,True,13.915035725380553,124,43,3957,1162,7
18,a {category} object,True,11.744617380025941,136,43,4034,983,7
18,a small {category} near the center,True,7.825917546505782,134,46,3423,1446,7
18,a visible {category} in the scene,True,9.42762474012474,130,48,3591,1317,7
18,a {category} in the scene,True,26.312820512820515,132,43,3032,841,7
18,a photo containing a {category},True,9.092601508586103,127,35,3582,1012,7
18,a photo of a {category},True,7.24368842364532,116,39,3209,1156,7
18,the {category} in this image,True,9.451206225680934,123,45,3293,2152,7
19,a {category} object,True,9.943656716417912,140,40,3915,949,7
19,a small {category} near the center,True,8.075650812292032,152,34,4445,708,7
19,a visible {category} in the scene,True,7.623051830373323,131,40,4020,1062,7
19,a {category} in the scene,True,17.56661316211878,118,50,2843,1138,7
19,a photo containing a {category},True,9.130434782608695,121,48,3991,1305,7
19,a photo of a {category},True,9.21259842519685,108,42,3084,1493,7
19,the {category} in this image,True,9.808571428571428,128,45,3498,1728,7
0,a clear photo of a {category},True,5.538194444444445,19,8,309,211,50
0,a hanging {category},True,3.2489361702127657,17,7,443,109,50
0,a nearby {category},True,5.39,21,2,479,14,50
0,a side view of a {category},True,8.1651376146789,22,7,483,235,50
0,a small {category} near the center,True,3.056122448979592,23,6,537,120,50
0,a blurry {category},True,5.202380952380952,22,9,834,215,50
0,a scene featuring a {category},False,13.023583131882889,18,5,695,143,50
0,a natural image of a {category},True,5.096153846153847,20,3,474,44,50
0,a standing {category},True,3.7049180327868854,13,3,213,171,50
0,a natural {category},True,6.830808080808081,25,6,513,111,50
0,an actual {category},True,3.6907894736842106,13,6,326,218,50
0,a {category} next to a wall,True,3.9374999999999996,21,4,407,81,50
0,a cropped view of a {category},True,6.504424778761062,26,9,408,523,50
0,a surveillance-style view of a {category},True,5.711111111111111,12,7,444,234,50
0,a photo containing a {category},True,3.4827067669172935,19,2,707,39,50
0,a sitting {category},True,6.5963302752293576,20,6,668,152,50
0,a real {category},True,6.378378378378378,20,7,659,207,50
0,a photographic {category},True,3.5294117647058822,15,6,353,121,50
0,the {category} in this image,True,4.475247524752476,16,8,403,391,50
0,a sharp {category},True,2.9095890410958902,15,9,309,290,50
0,a bright {category},True,2.702380952380952,14,6,629,128,50
0,a front view of a {category},True,7.947368421052631,16,4,398,67,50
0,a moving {category},True,4.93559718969555,20,10,805,368,50
0,a high-resolution view of a {category},True,4.94927536231884,21,6,615,135,50
0,a stacked {category},True,5.423423423423424,16,3,275,45,50
0,a {category} object,True,4.478504672897196,20,5,546,114,50
0,a visible {category} in the scene,True,7.945205479452055,13,4,305,156,50
0,a partial view of a {category},True,3.073529411764706,20,3,569,23,50
0,a dark {category},True,3.2257425742574255,21,8,484,169,50
0,a {category} in the scene,True,9.226102941176471,23,6,693,325,50
0,a close-up of a {category},True,7.033333333333334,14,3,382,32,50
0,a lying {category},True,3.524271844660194,20,7,346,105,50
0,a parked {category},True,5.491913746630727,17,4,761,107,50
0,a tiny {category},True,5.269662921348314,13,4,402,178,50
0,a messy view of a {category},True,5.363636363636364,16,9,470,327,50
0,a clean view of a {category},True,3.875,8,11,241,398,50
0,a distant {category},True,4.785714285714286,17,7,411,104,50
0,a low-resolution view of a {category},True,4.165765765765765,22,3,529,104,50
0,a man-made {category},True,7.954545454545454,15,5,277,71,50
0,a wide-angle view with a {category},False,13.023583131882889,13,6,333,174,50
0,a {category} on a table,True,4.080357142857142,17,3,417,85,50
0,a photo of a {category},True,2.972727272727272,14,6,190,204,50
0,a full view of a {category},True,12.867768595041323,16,4,480,77,50
0,a {category} on the ground,True,3.5406593406593405,15,10,468,229,50
0,a large {category},True,4.142857142857143,14,12,238,318,50
0,a single {category},True,17.73728813559322,18,10,556,240,50
0,a real-world {category},True,3.1901408450704225,16,4,273,75,50
0,a zoomed view of a {category},True,9.465,17,3,571,68,50
0,an image showing a {category},True,4.836065573770491,29,6,788,163,50
0,a picture with a {category},True,4.383838383838384,26,7,590,391,50
1,a clear photo of a {category},True,4.206185567010309,17,6,369,107,50
1,a hanging {category},True,9.795918367346939,18,7,514,196,50
1,a nearby {category},True,2.1505376344086025,15,3,433,24,50
1,a side view of a {category},True,3.3000000000000003,18,8,335,145,50
1,a small {category} near the center,True,6.234567901234567,18,7,284,197,50
1,a blurry {category},True,3.348684210526316,19,9,463,306,50
1,a scene featuring a {category},True,3.0037453183520597,16,6,731,122,50
1,a natural image of a {category},True,4.8,17,8,554,181,50
1,a standing {category},True,4.0898876404494375,18,6,333,253,50
1,a natural {category},True,7.577205882352941,26,6,663,98,50
1,an actual {category},True,4.755102040816326,16,4,410,79,50
1,a {category} next to a wall,True,4.373626373626374,20,4,357,78,50
1,a cropped view of a {category},True,5.371951219512196,31,10,885,195,50
1,a surveillance-style view of a {category},True,5.578947368421052,17,2,465,27,50
1,a photo containing a {category},False,13.30422140120416,16,3,619,47,50
1,a sitting {category},True,6.8809523809523805,20,4,523,42,50
1,a real {category},True,4.6138613861386135,21,4,640,64,50
1,a photographic {category},True,3.528846153846154,14,3,323,92,50
1,the {category} in this image,True,7.5,19,6,467,321,50
1,a sharp {category},True,5.457446808510639,19,5,447,115,50
1,a bright {category},True,5.781710914454277,17,5,443,335,50
1,a front view of a {category},True,7.5625,16,4,323,261,50
1,a moving {category},True,4.147321428571429,26,9,909,403,50
1,a high-resolution view of a {category},True,7.758152173913043,22,2,503,51,50
1,a stacked {category},True,2.9651162790697674,12,6,200,90,50
1,a {category} object,True,3.8045977011494254,14,8,308,284,50
1,a visible {category} in the scene,True,7.544642857142858,16,4,459,122,50
1,a partial view of a {category},True,4.685714285714285,22,7,714,164,50
1,a dark {category},True,4.230769230769231,17,10,348,206,50
1,a {category} in the scene,True,9.023255813953488,17,6,551,203,50
1,a close-up of a {category},True,8.049645390070921,16,3,398,145,50
1,a lying {category},True,7.857142857142857,20,5,480,157,50
1,a parked {category},True,2.8896746817538896,14,5,622,249,50
1,a tiny {category},True,4.158333333333333,13,3,429,18,50
1,a messy view of a {category},True,6.972222222222222,19,11,683,255,50
1,a clean view of a {category},True,3.22,12,8,413,276,50
1,a distant {category},True,3.2043956043956046,15,7,417,151,50
1,a low-resolution view of a {category},True,4.864077669902913,16,8,444,246,50
1,a man-made {category},True,7.573099415204679,18,5,230,199,50
1,a wide-angle view with a {category},True,3.4847560975609753,18,7,337,164,50
1,a {category} on a table,True,3.8769230769230774,16,5,524,157,50
1,a photo of a {category},True,6.588235294117647,16,4,365,62,50
1,a full view of a {category},True,12.46551724137931,13,7,438,214,50
1,a {category} on the ground,True,5.085106382978724,24,1,651,5,50
1,a large {category},True,5.1938775510204085,18,9,447,144,50
1,a single {category},True,8.993788819875776,22,7,725,314,50
1,a real-world {category},True,2.9423076923076925,15,2,236,59,50
1,a zoomed view of a {category},True,12.631578947368421,14,6,535,310,50
1,an image showing a {category},True,4.2741433021806845,24,13,633,328,50
1,a picture with a {category},True,3.051546391752577,21,11,529,212,50
2,a clear photo of a {category},True,3.024590163934426,21,6,454,45,50
2,a hanging {category},True,3.8494382022471907,15,6,500,112,50
2,a nearby {category},True,3.2526315789473688,15,6,450,170,50
2,a side view of a {category},True,2.743119266055046,23,6,547,80,50
2,a small {category} near the center,True,4.053097345132744,18,7,419,107,50
2,a blurry {category},True,5.424418604651163,25,7,902,176,50
2,a scene featuring a {category},True,7.180851063829787,17,4,609,97,50
2,a natural image of a {category},True,4.851851851851852,20,4,472,242,50
2,a standing {category},True,3.551470588235294,16,7,425,156,50
2,a natural {category},True,5.009708737864077,19,11,459,324,50
2,an actual {category},True,3.984375,17,4,446,121,50
2,a {category} next to a wall,True,3.959349593495935,21,3,450,34,50
2,a cropped view of a {category},True,4.204260651629072,29,7,644,161,50
2,a surveillance-style view of a {category},True,4.637593984962406,20,4,706,27,50
2,a photo containing a {category},True,3.1237113402061856,17,3,442,190,50
2,a sitting {category},True,8.14368932038835,17,7,642,123,50
2,a real {category},True,7.4035714285714285,19,7,643,223,50
2,a photographic {category},True,3.816455696202532,13,4,347,58,50
2,the {category} in this image,True,6.036585365853658,15,13,281,458,50
2,a sharp {category},True,2.6666666666666665,21,4,321,99,50
2,a bright {category},True,4.909836065573771,16,6,561,126,50
2,a front view of a {category},True,7.8685897435897445,14,4,435,136,50
2,a moving {category},True,6.029850746268656,24,5,782,286,50
2,a high-resolution view of a {category},True,3.7582417582417587,15,9,501,184,50
2,a stacked {category},True,4.7565543071161045,15,6,259,92,50
2,a {category} object,True,4.700934579439252,16,9,450,315,50
2,a visible {category} in the scene,True,3.2857142857142856,11,9,294,341,50
2,a partial view of a {category},True,5.6934812760055475,18,9,764,318,50
2,a dark {category},True,3.2586206896551726,15,11,339,178,50
2,a {category} in the scene,True,11.610256410256412,22,6,806,378,50
2,a close-up of a {category},True,7.363945578231292,12,5,387,142,50
2,a lying {category},True,5.654296875,22,8,547,124,50
2,a parked {category},True,3.690265486725664,16,6,787,167,50
2,a tiny {category},True,7.075892857142858,16,3,586,94,50
2,a messy view of a {category},True,4.999999999999999,22,5,623,122,50
2,a clean view of a {category},True,3.666666666666667,13,6,480,201,50
2,a distant {category},True,3.5621052631578944,18,5,499,104,50
2,a low-resolution view of a {category},True,3.595454545454545,23,2,741,24,50
2,a man-made {category},True,14.357142857142856,15,5,236,101,50
2,a wide-angle view with a {category},True,3.193548387096774,15,6,282,64,50
2,a {category} on a table,True,4.1056603773584905,14,6,490,169,50
2,a photo of a {category},True,6.735159817351598,16,6,270,95,50
2,a full view of a {category},True,6.861111111111111,15,5,454,182,50
2,a {category} on the ground,True,4.486274509803922,15,8,514,136,50
2,a large {category},True,12.878787878787879,23,7,449,112,50
2,a single {category},True,17.161290322580644,18,5,465,426,50
2,a real-world {category},True,3.6379310344827585,13,3,199,75,50
2,a zoomed view of a {category},True,8.21111111111111,18,1,687,34,50
2,an image showing a {category},True,3.6585365853658542,24,7,638,144,50
2,a picture with a {category},True,8.74090909090909,26,6,591,408,50
3,a clear photo of a {category},True,5.459770114942529,20,6,433,70,50
3,a hanging {category},True,3.2855113636363633,19,5,699,128,50
3,a nearby {category},False,12.633155183205739,11,6,178,358,50
3,a side view of a {category},True,2.9362831858407077,20,7,506,72,50
3,a small {category} near the center,True,3.3193069306930694,21,6,400,188,50
3,a blurry {category},True,3.2661498708010335,23,9,601,405,50
3,a scene featuring a {category},True,8.108108108108109,14,6,314,508,50
3,a natural image of a {category},True,4.734042553191489,15,9,391,268,50
3,a standing {category},True,4.231578947368421,14,6,363,195,50
3,a natural {category},True,3.428571428571429,29,5,645,178,50
3,an actual {category},True,3.6374999999999997,16,3,340,94,50
3,a {category} next to a wall,True,4.524822695035461,18,8,307,230,50
3,a cropped view of a {category},True,10.368421052631579,25,10,564,439,50
3,a surveillance-style view of a {category},True,3.404819277108434,15,8,398,331,50
3,a photo containing a {category},True,3.891891891891892,15,4,330,283,50
3,a sitting {category},True,4.045000000000001,18,8,749,176,50
3,a real {category},True,7.832142857142856,20,5,683,140,50
3,a photographic {category},True,3.3875,16,2,478,27,50
3,the {category} in this image,True,10.052173913043479,20,7,533,316,50
3,a sharp {category},True,1.8754208754208754,21,5,496,107,50
3,a bright {category},True,4.808743169398907,18,3,666,85,50
3,a front view of a {category},True,4.7491408934707895,18,1,628,4,50
3,a moving {category},True,6.06359649122807,18,8,507,149,50
3,a high-resolution view of a {category},True,6.2105263157894735,23,5,761,72,50
3,a stacked {category},True,3.583333333333333,17,5,306,62,50
3,a {category} object,True,3.989610389610389,21,2,718,14,50
3,a visible {category} in the scene,True,3.2232558139534886,14,4,394,132,50
3,a partial view of a {category},True,3.3283018867924525,23,8,534,662,50
3,a dark {category},True,6.292735042735043,27,8,546,222,50
3,a {category} in the scene,True,8.583941605839415,25,7,1006,269,50
3,a close-up of a {category},True,2.475,10,7,211,246,50
3,a lying {category},True,5.696969696969697,15,10,362,175,50
3,a parked {category},True,11.589912280701753,15,4,709,240,50
3,a tiny {category},True,6.5625,12,5,407,146,50
3,a messy view of a {category},True,9.34862385321101,26,7,968,94,50
3,a clean view of a {category},True,3.4090909090909087,14,3,628,75,50
3,a distant {category},True,3.9166666666666665,17,5,364,80,50
3,a low-resolution view of a {category},True,6.622023809523809,20,9,409,325,50
3,a man-made {category},True,8.19277108433735,18,5,355,63,50
3,a wide-angle view with a {category},True,5.037735849056603,11,10,232,347,50
3,a {category} on a table,True,7.688888888888889,15,3,307,139,50
3,a photo of a {category},True,6.008230452674897,18,3,277,75,50
3,a full view of a {category},True,13.0,14,2,374,27,50
3,a {category} on the ground,True,5.327102803738318,17,9,517,200,50
3,a large {category},True,3.3749999999999996,21,5,434,125,50
3,a single {category},True,4.991830065359477,14,9,604,277,50
3,a real-world {category},True,4.647058823529412,13,7,227,98,50
3,a zoomed view of a {category},True,5.049808429118774,14,5,586,246,50
3,an image showing a {category},True,6.514830508474576,24,4,573,64,50
3,a picture with a {category},True,5.062499999999999,16,11,422,172,50
4,a clear photo of a {category},True,2.8664383561643834,15,6,260,127,50
4,a hanging {category},True,6.701388888888888,18,6,527,332,50
4,a nearby {category},True,4.76923076923077,12,10,381,243,50
4,a side view of a {category},True,6.469298245614035,26,6,544,169,50
4,a small {category} near the center,True,2.9707317073170727,18,6,354,173,50
4,a blurry {category},True,4.106809078771695,20,10,716,169,50
4,a scene featuring a {category},True,2.187878787878788,14,3,307,376,50
4,a natural image of a {category},True,4.47719298245614,17,6,573,91,50
4,a standing {category},True,6.831140350877193,22,1,577,22,50
4,a natural {category},True,6.260593220338983,21,5,549,77,50
4,an actual {category},True,3.191860465116279,7,12,166,302,50
4,a {category} next to a wall,True,3.676470588235294,18,8,442,154,50
4,a cropped view of a {category},True,5.3776223776223775,27,10,752,171,50
4,a surveillance-style view of a {category},True,6.915750915750916,18,4,407,240,50
4,a photo containing a {category},True,2.152941176470588,16,6,474,89,50
4,a sitting {category},True,10.053191489361703,20,6,346,139,50
4,a real {category},True,9.042056074766355,19,9,592,322,50
4,a photographic {category},True,3.2960000000000003,14,3,351,117,50
4,the {category} in this image,True,3.411627906976744,15,8,415,175,50
4,a sharp {category},True,2.7016806722689073,22,3,585,39,50
4,a bright {category},True,3.0673076923076925,17,3,582,58,50
4,a front view of a {category},True,6.522875816993464,12,5,441,165,50
4,a moving {category},True,5.644654088050315,21,9,664,320,50
4,a high-resolution view of a {category},True,4.1484375,16,4,467,73,50
4,a stacked {category},True,3.777777777777778,11,7,159,117,50
4,a {category} object,True,8.766025641025642,18,6,491,94,50
4,a visible {category} in the scene,True,7.569444444444444,17,2,602,12,50
4,a partial view of a {category},True,4.294117647058823,18,7,599,408,50
4,a dark {category},True,9.84375,20,8,407,159,50
4,a {category} in the scene,True,7.46969696969697,29,2,958,88,50
4,a close-up of a {category},True,7.185534591194969,14,3,411,78,50
4,a lying {category},True,5.0034364261168385,19,6,341,120,50
4,a parked {category},True,4.457142857142857,18,7,647,305,50
4,a tiny {category},True,13.256756756756758,11,8,293,317,50
4,a messy view of a {category},True,4.283185840707964,22,7,679,238,50
4,a clean view of a {category},True,3.8132530120481922,13,7,365,343,50
4,a distant {category},True,4.285714285714286,17,5,297,273,50
4,a low-resolution view of a {category},True,5.357303370786517,18,7,525,169,50
4,a man-made {category},True,3.65625,13,5,239,104,50
4,a wide-angle view with a {category},True,4.666666666666667,21,6,383,93,50
4,a {category} on a table,True,6.334745762711864,19,3,556,97,50
4,a photo of a {category},True,7.130434782608695,10,7,210,171,50
4,a full view of a {category},True,10.044117647058822,20,3,642,117,50
4,a {category} on the ground,True,4.163636363636364,23,0,637,0,50
4,a large {category},True,8.022875816993464,21,11,433,208,50
4,a single {category},True,8.827480916030535,23,8,797,334,50
4,a real-world {category},True,4.346153846153847,14,4,204,57,50
4,a zoomed view of a {category},True,7.2235576923076925,13,7,545,188,50
4,an image showing a {category},True,4.401709401709402,23,8,472,251,50
4,a picture with a {category},True,6.992857142857142,28,6,924,158,50
5,a clear photo of a {category},True,3.1785714285714284,18,7,322,86,50
5,a hanging {category},True,5.2,20,7,491,309,50
5,a nearby {category},True,5.419753086419753,18,5,374,217,50
5,a side view of a {category},True,6.9209039548022595,19,10,448,233,50
5,a small {category} near the center,True,2.2044444444444444,18,9,426,203,50
5,a blurry {category},True,6.320804195804196,29,6,1016,139,50
5,a scene featuring a {category},True,7.397003745318352,19,2,719,95,50
5,a natural image of a {category},True,3.244791666666667,16,8,559,165,50
5,a standing {category},True,7.357357357357357,18,4,441,106,50
5,a natural {category},True,8.90625,23,4,538,59,50
5,an actual {category},True,3.227272727272727,10,4,303,121,50
5,a {category} next to a wall,True,3.5978260869565215,17,9,290,216,50
5,a cropped view of a {category},True,7.934931506849314,30,9,648,427,50
5,a surveillance-style view of a {category},False,14.206956102144733,15,4,420,91,50
5,a photo containing a {category},True,4.2272727272727275,14,4,367,129,50
5,a sitting {category},True,8.404040404040403,22,3,771,111,50
5,a real {category},True,6.0,18,10,575,331,50
5,a photographic {category},True,3.5795454545454546,10,6,277,128,50
5,the {category} in this image,True,6.125,20,5,548,147,50
5,a sharp {category},True,3.0615384615384618,18,6,344,89,50
5,a bright {category},True,3.005660377358491,14,6,477,233,50
5,a front view of a {category},True,7.193627450980392,18,1,529,9,50
5,a moving {category},True,4.7043478260869565,25,8,1014,318,50
5,a high-resolution view of a {category},True,5.298823529411765,14,5,488,143,50
5,a stacked {category},True,5.818181818181818,22,1,388,12,50
5,a {category} object,True,3.336956521739131,17,4,546,143,50
5,a visible {category} in the scene,True,7.4764150943396235,16,7,580,105,50
5,a partial view of a {category},True,2.9910089910089908,20,6,929,132,50
5,a dark {category},True,4.2015503875969,21,7,511,124,50
5,a {category} in the scene,True,7.341269841269841,23,11,891,374,50
5,a close-up of a {category},True,2.868292682926829,7,8,173,271,50
5,a lying {category},True,5.035714285714286,23,7,516,139,50
5,a parked {category},True,4.2063492063492065,15,4,743,122,50
5,a tiny {category},True,4.7924528301886795,13,2,223,116,50
5,a messy view of a {category},True,5.435064935064935,23,8,787,185,50
5,a clean view of a {category},True,2.6164705882352943,13,5,481,161,50
5,a distant {category},True,3.8983050847457625,13,9,213,335,50
5,a low-resolution view of a {category},True,6.466666666666667,21,4,624,44,50
5,a man-made {category},True,5.288135593220339,15,7,267,96,50
5,a wide-angle view with a {category},True,8.35,21,4,441,45,50
5,a {category} on a table,True,4.289473684210526,15,5,443,216,50
5,a photo of a {category},True,6.46969696969697,15,7,373,125,50
5,a full view of a {category},True,3.4148936170212765,12,4,380,125,50
5,a {category} on the ground,True,3.653932584269663,16,5,471,121,50
5,a large {category},True,5.5049504950495045,21,4,497,46,50
5,a single {category},True,14.888059701492537,20,8,544,508,50
5,a real-world {category},True,3.322033898305085,12,3,191,58,50
5,a zoomed view of a {category},True,7.157894736842105,14,8,445,432,50
5,an image showing a {category},True,6.197033898305085,20,14,543,324,50
5,a picture with a {category},True,7.153246753246753,27,5,868,134,50
6,a clear photo of a {category},True,4.366666666666666,19,7,353,65,50
6,a hanging {category},True,5.358974358974359,15,7,358,245,50
6,a nearby {category},True,6.390804597701149,17,5,366,264,50
6,a side view of a {category},True,2.513317191283293,22,2,650,19,50
6,a small {category} near the center,True,5.294117647058823,22,6,373,162,50
6,a blurry {category},True,5.217917675544794,23,7,820,152,50
6,a scene featuring a {category},True,3.23013698630137,16,7,336,254,50
6,a natural image of a {category},True,4.85,18,7,425,307,50
6,a standing {category},True,4.666666666666666,15,7,322,122,50
6,a natural {category},True,5.086614173228346,25,4,613,38,50
6,an actual {category},True,3.5249999999999995,13,4,445,74,50
6,a {category} next to a wall,True,4.28125,17,9,371,206,50
6,a cropped view of a {category},True,6.969230769230769,25,15,574,528,50
6,a surveillance-style view of a {category},True,7.24822695035461,16,4,445,128,50
6,a photo containing a {category},False,12.47763936937928,16,5,631,140,50
6,a sitting {category},True,6.038461538461538,21,5,419,214,50
6,a real {category},True,7.915094339622642,22,6,785,90,50
6,a photographic {category},True,2.9095890410958902,13,3,309,83,50
6,the {category} in this image,True,11.60204081632653,16,8,351,309,50
6,a sharp {category},True,2.0486486486486486,17,4,327,71,50
6,a bright {category},True,5.073770491803279,17,7,581,221,50
6,a front view of a {category},True,4.761904761904762,14,8,352,246,50
6,a moving {category},True,6.46551724137931,22,8,610,336,50
6,a high-resolution view of a {category},True,3.363157894736842,17,2,574,46,50
6,a stacked {category},True,3.2187499999999996,17,3,303,43,50
6,a {category} object,True,6.419753086419752,11,11,341,327,50
6,a visible {category} in the scene,True,9.229559748427674,16,5,533,106,50
6,a partial view of a {category},True,3.900826446280992,25,5,1001,226,50
6,a dark {category},True,5.382231404958678,24,6,482,108,50
6,a {category} in the scene,True,6.7272727272727275,19,11,775,291,50
6,a close-up of a {category},True,3.5104166666666665,9,5,297,130,50
6,a lying {category},True,7.771739130434782,19,6,379,118,50
6,a parked {category},True,8.941002949852507,18,3,819,45,50
6,a tiny {category},True,4.873873873873874,14,3,492,123,50
6,a messy view of a {category},True,6.435786435786436,24,4,831,46,50
6,a clean view of a {category},True,3.195505617977528,13,4,405,134,50
6,a distant {category},True,6.340425531914893,18,6,393,247,50
6,a low-resolution view of a {category},True,4.828571428571429,17,11,452,285,50
6,a man-made {category},True,8.50210970464135,16,6,348,103,50
6,a wide-angle view with a {category},True,5.186046511627907,15,10,384,257,50
6,a {category} on a table,True,4.19496855345912,18,4,613,108,50
6,a photo of a {category},True,3.394329896907217,15,5,390,52,50
6,a full view of a {category},True,3.138888888888889,15,7,513,238,50
6,a {category} on the ground,True,4.029411764705882,15,4,235,200,50
6,a large {category},True,5.473118279569893,23,2,442,100,50
6,a single {category},True,7.076305220883535,20,6,887,115,50
6,a real-world {category},True,3.564102564102564,17,1,264,7,50
6,a zoomed view of a {category},True,5.865384615384615,19,3,676,138,50
6,an image showing a {category},True,4.03921568627451,21,13,378,436,50
6,a picture with a {category},True,4.153333333333333,22,8,563,151,50
7,a clear photo of a {category},True,4.541176470588235,16,6,343,62,50
7,a hanging {category},True,5.153846153846154,17,4,480,51,50
7,a nearby {category},True,3.818181818181818,18,6,488,139,50
7,a side view of a {category},True,5.265536723163842,17,8,430,114,50
7,a small {category} near the center,True,2.9375,25,7,610,104,50
7,a blurry {category},True,4.766414141414142,19,11,727,254,50
7,a scene featuring a {category},True,3.1813953488372095,15,6,390,429,50
7,a natural image of a {category},True,7.022058823529411,18,6,515,181,50
7,a standing {category},True,5.644012944983818,16,4,395,23,50
7,a natural {category},True,4.098113207547169,24,8,489,267,50
7,an actual {category},True,2.9042553191489358,20,2,662,26,50
7,a {category} next to a wall,True,4.44943820224719,18,5,353,105,50
7,a cropped view of a {category},True,5.101102941176471,33,8,901,81,50
7,a surveillance-style view of a {category},True,4.970212765957447,18,3,518,119,50
7,a photo containing a {category},True,4.063186813186813,15,7,424,197,50
7,a sitting {category},True,4.716510903426792,20,7,704,234,50
7,a real {category},True,5.677570093457943,18,8,676,152,50
7,a photographic {category},True,3.136842105263158,10,6,257,93,50
7,the {category} in this image,True,4.483018867924528,15,7,540,223,50
7,a sharp {category},False,13.830281476997579,17,6,311,249,50
7,a bright {category},True,6.028846153846155,17,4,571,73,50
7,a front view of a {category},True,3.33125,14,7,469,167,50
7,a moving {category},True,4.419047619047619,22,3,757,236,50
7,a high-resolution view of a {category},True,3.378260869565217,15,7,450,119,50
7,a stacked {category},True,5.0,20,1,354,11,50
7,a {category} object,True,7.3419540229885065,16,5,467,135,50
7,a visible {category} in the scene,True,5.288135593220339,12,9,267,331,50
7,a partial view of a {category},True,4.460606060606061,24,5,1034,55,50
7,a dark {category},True,6.452145214521452,18,10,362,351,50
7,a {category} in the scene,True,8.551937984496124,21,7,757,331,50
7,a close-up of a {category},True,7.02020202020202,14,1,495,31,50
7,a lying {category},True,3.8582089552238803,21,5,491,95,50
7,a parked {category},True,2.8044077134986227,20,5,957,115,50
7,a tiny {category},True,7.38031914893617,14,5,489,185,50
7,a messy view of a {category},True,5.416666666666667,22,3,665,68,50
7,a clean view of a {category},True,4.035211267605633,9,5,327,190,50
7,a distant {category},True,4.01923076923077,14,9,358,217,50
7,a low-resolution view of a {category},True,5.919003115264797,18,7,424,243,50
7,a man-made {category},True,5.0,19,5,334,105,50
7,a wide-angle view with a {category},True,4.734020618556701,18,7,511,130,50
7,a {category} on a table,True,3.887850467289719,16,5,385,287,50
7,a photo of a {category},True,4.285714285714286,16,8,297,134,50
7,a full view of a {category},True,3.225,10,6,294,128,50
7,a {category} on the ground,True,3.4223300970873787,21,2,417,59,50
7,a large {category},True,6.472491909385113,23,6,443,130,50
7,a single {category},True,6.559259259259259,21,10,761,434,50
7,a real-world {category},True,4.25,18,2,323,23,50
7,a zoomed view of a {category},True,8.148148148148149,13,5,308,257,50
7,an image showing a {category},True,4.921259842519685,24,9,592,169,50
7,a picture with a {category},True,5.130000000000001,19,11,453,257,50
8,a clear photo of a {category},True,8.253968253968253,16,8,271,179,50
8,a hanging {category},True,3.5459770114942524,17,9,544,169,50
8,a nearby {category},True,5.073684210526316,13,7,417,176,50
8,a side view of a {category},True,3.144230769230769,20,6,396,137,50
8,a small {category} near the center,True,2.4413793103448276,19,5,458,98,50
8,a blurry {category},True,7.553956834532373,22,7,879,181,50
8,a scene featuring a {category},False,12.41307863351526,13,5,352,95,50
8,a natural image of a {category},True,9.780219780219781,13,12,465,313,50
8,a standing {category},True,3.5978260869565215,13,11,313,317,50
8,a natural {category},True,6.655384615384615,24,6,691,88,50
8,an actual {category},True,8.35016835016835,15,6,435,173,50
8,a {category} next to a wall,True,4.223140495867769,22,8,472,127,50
8,a cropped view of a {category},True,4.571428571428572,30,5,885,152,50
8,a surveillance-style view of a {category},False,12.41307863351526,17,5,632,85,50
8,a photo containing a {category},True,3.741573033707865,15,5,484,66,50
8,a sitting {category},True,5.698969072164949,18,8,628,117,50
8,a real {category},True,7.010204081632653,19,4,625,103,50
8,a photographic {category},True,3.6399999999999997,12,4,319,142,50
8,the {category} in this image,True,9.174603174603174,21,7,544,316,50
8,a sharp {category},True,3.2435643564356433,21,3,487,36,50
8,a bright {category},True,5.813953488372093,15,5,426,105,50
8,a front view of a {category},True,5.109677419354839,16,1,527,14,50
8,a moving {category},True,5.632440476190476,20,6,709,229,50
8,a high-resolution view of a {category},True,5.459183673469387,19,7,473,261,50
8,a stacked {category},True,6.164383561643835,14,6,253,88,50
8,a {category} object,True,4.683673469387754,16,7,405,227,50
8,a visible {category} in the scene,True,6.63716814159292,17,3,553,92,50
8,a partial view of a {category},True,4.555555555555555,23,7,920,181,50
8,a dark {category},True,6.5947242206235,26,9,529,193,50
8,a {category} in the scene,True,5.798319327731092,25,5,896,219,50
8,a close-up of a {category},True,7.992831541218638,11,4,391,104,50
8,a lying {category},True,5.194202898550725,19,9,415,218,50
8,a parked {category},True,10.319327731092438,17,3,573,72,50
8,a tiny {category},True,6.741071428571429,13,5,556,112,50
8,a messy view of a {category},True,5.449852507374631,23,9,692,365,50
8,a clean view of a {category},True,3.4611111111111112,14,5,553,187,50
8,a distant {category},True,3.901685393258427,17,9,398,200,50
8,a low-resolution view of a {category},True,3.433497536945813,21,4,653,76,50
8,a man-made {category},True,5.0,16,3,308,41,50
8,a wide-angle view with a {category},True,4.791397849462366,19,5,490,41,50
8,a {category} on a table,True,6.447058823529412,13,5,473,94,50
8,a photo of a {category},True,3.7195945945945947,13,7,319,85,50
8,a full view of a {category},True,11.142857142857142,14,5,484,98,50
8,a {category} on the ground,True,5.731182795698925,18,5,466,217,50
8,a large {category},True,4.839285714285714,22,2,494,25,50
8,a single {category},True,18.422727272727272,19,6,529,177,50
8,a real-world {category},True,5.080168776371308,17,2,280,11,50
8,a zoomed view of a {category},True,3.297029702970297,10,7,496,254,50
8,an image showing a {category},True,5.356125356125356,25,9,709,162,50
8,a picture with a {category},True,3.2875,26,8,462,475,50
9,a clear photo of a {category},True,3.204819277108434,13,6,261,64,50
9,a hanging {category},True,6.138888888888888,17,5,392,136,50
9,a nearby {category},True,5.528089887640449,17,3,421,199,50
9,a side view of a {category},True,4.770491803278689,20,4,544,61,50
9,a small {category} near the center,True,3.834375,17,11,353,258,50
9,a blurry {category},True,5.8161764705882355,26,2,767,19,50
9,a scene featuring a {category},False,13.189560123566336,16,6,754,105,50
9,a natural image of a {category},True,3.7642105263157895,18,7,531,241,50
9,a standing {category},True,3.9925233644859808,20,4,481,141,50
9,a natural {category},True,5.625,24,8,555,121,50
9,an actual {category},True,4.8311688311688314,14,4,325,139,50
9,a {category} next to a wall,True,3.75,23,3,435,134,50
9,a cropped view of a {category},True,4.764862466725821,30,7,896,211,50
9,a surveillance-style view of a {category},True,5.71578947368421,15,9,478,264,50
9,a photo containing a {category},True,4.658536585365853,13,7,338,163,50
9,a sitting {category},True,9.462616822429906,15,11,622,130,50
9,a real {category},True,12.07377049180328,21,5,453,137,50
9,a photographic {category},True,3.6399999999999997,15,6,319,229,50
9,the {category} in this image,True,6.212121212121211,19,5,677,98,50
9,a sharp {category},False,13.189560123566336,17,7,467,127,50
9,a bright {category},True,7.386363636363636,16,8,524,280,50
9,a front view of a {category},True,4.398692810457517,21,1,615,4,50
9,a moving {category},True,6.842748091603053,22,8,718,388,50
9,a high-resolution view of a {category},True,8.284574468085106,20,3,557,47,50
9,a stacked {category},True,3.6553030303030303,11,6,195,91,50
9,a {category} object,True,5.825396825396826,18,4,679,29,50
9,a visible {category} in the scene,True,5.333333333333334,17,5,429,169,50
9,a partial view of a {category},True,2.8633663366336632,17,8,423,559,50
9,a dark {category},True,5.372983870967742,22,10,497,237,50
9,a {category} in the scene,True,5.4411764705882355,20,9,736,394,50
9,a close-up of a {category},True,8.402061855670102,14,2,426,17,50
9,a lying {category},True,5.407407407407407,15,9,286,255,50
9,a parked {category},True,7.413793103448277,14,4,472,413,50
9,a tiny {category},True,5.370967741935484,11,3,285,59,50
9,a messy view of a {category},True,12.404867256637168,21,11,754,264,50
9,a clean view of a {category},True,3.4826086956521736,15,3,466,166,50
9,a distant {category},True,4.051948051948052,15,5,285,77,50
9,a low-resolution view of a {category},True,6.975945017182131,15,10,369,334,50
9,a man-made {category},True,15.3375,20,4,353,79,50
9,a wide-angle view with a {category},True,3.186,19,4,471,94,50
9,a {category} on a table,True,3.8584070796460175,18,2,498,157,50
9,a photo of a {category},True,3.056603773584906,13,7,197,123,50
9,a full view of a {category},True,3.8076923076923075,13,9,368,379,50
9,a {category} on the ground,True,3.8863636363636367,20,4,316,161,50
9,a large {category},True,6.931818181818182,19,9,332,255,50
9,a single {category},True,8.44021164021164,22,6,972,164,50
9,a real-world {category},True,3.9322033898305087,14,5,215,117,50
9,a zoomed view of a {category},True,4.976744186046512,11,6,372,181,50
9,an image showing a {category},True,3.857142857142857,27,8,600,279,50
9,a picture with a {category},True,5.047169811320756,28,6,909,186,50
10,a clear photo of a {category},True,5.9393939393939394,20,2,372,14,50
10,a hanging {category},True,6.388349514563107,17,4,601,98,50
10,a nearby {category},True,8.862745098039216,15,5,387,196,50
10,a side view of a {category},True,6.2666666666666675,20,8,439,173,50
10,a small {category} near the center,True,4.144654088050314,24,4,605,69,50
10,a blurry {category},True,6.165254237288136,21,9,540,346,50
10,a scene featuring a {category},True,3.4800000000000004,16,7,452,380,50
10,a natural image of a {category},True,7.123809523809523,23,4,693,104,50
10,a standing {category},True,5.7254901960784315,15,6,394,126,50
10,a natural {category},True,5.542635658914729,22,8,541,230,50
10,an actual {category},True,5.684782608695652,15,7,455,193,50
10,a {category} next to a wall,True,9.825,17,8,363,204,50
10,a cropped view of a {category},True,4.715686274509803,32,7,955,84,50
10,a surveillance-style view of a {category},True,5.0638297872340425,17,5,529,176,50
10,a photo containing a {category},True,3.3680124223602483,18,5,655,75,50
10,a sitting {category},True,3.151648351648352,16,7,411,202,50
10,a real {category},True,5.183673469387755,18,7,573,328,50
10,a photographic {category},False,10.921887033727131,11,6,315,76,50
10,the {category} in this image,True,8.541666666666668,17,5,477,293,50
10,a sharp {category},True,3.4333333333333336,16,7,366,116,50
10,a bright {category},False,10.921887033727131,16,3,532,41,50
10,a front view of a {category},True,4.742268041237113,14,4,405,212,50
10,a moving {category},True,3.6134453781512605,22,8,819,366,50
10,a high-resolution view of a {category},True,3.4758620689655175,16,8,431,159,50
10,a stacked {category},True,3.5652173913043477,19,3,335,28,50
10,a {category} object,True,3.0978260869565215,16,6,502,201,50
10,a visible {category} in the scene,True,10.79646017699115,16,8,441,227,50
10,a partial view of a {category},True,2.9210526315789473,24,5,675,478,50
10,a dark {category},True,3.8467741935483866,20,11,412,193,50
10,a {category} in the scene,True,5.3370098039215685,20,9,813,212,50
10,a close-up of a {category},True,2.8093457943925233,13,4,448,66,50
10,a lying {category},True,3.7407407407407405,16,10,284,324,50
10,a parked {category},True,4.109090909090909,16,1,628,33,50
10,a tiny {category},True,5.970873786407767,13,4,350,159,50
10,a messy view of a {category},True,4.324324324324325,19,9,551,305,50
10,a clean view of a {category},True,5.028985507246376,16,2,626,60,50
10,a distant {category},True,4.650467289719626,23,2,569,25,50
10,a low-resolution view of a {category},True,5.321100917431193,18,8,529,137,50
10,a man-made {category},True,8.027777777777779,13,6,253,57,50
10,a wide-angle view with a {category},True,4.707070707070708,21,2,411,120,50
10,a {category} on a table,False,10.921887033727131,12,3,294,86,50
10,a photo of a {category},True,3.667808219178082,14,9,312,165,50
10,a full view of a {category},True,5.789473684210526,14,5,482,95,50
10,a {category} on the ground,True,5.904347826086957,17,8,611,113,50
10,a large {category},True,6.493333333333333,20,7,427,125,50
10,a single {category},True,6.325301204819278,24,8,1056,155,50
10,a real-world {category},True,3.968253968253968,13,4,231,68,50
10,a zoomed view of a {category},True,4.498316498316499,12,5,607,169,50
10,an image showing a {category},True,6.741935483870967,28,7,800,104,50
10,a picture with a {category},True,3.0317124735729384,23,9,882,144,50
11,a clear photo of a {category},True,6.25,22,5,308,156,50
11,a hanging {category},True,3.2518518518518515,17,6,374,313,50
11,a nearby {category},True,5.090109890109891,18,5,510,59,50
11,a side view of a {category},True,4.369747899159663,21,7,479,145,50
11,a small {category} near the center,True,3.0571428571428574,22,7,587,102,50
11,a blurry {category},True,4.595041322314049,19,12,517,438,50
11,a scene featuring a {category},True,5.2796934865900385,14,4,616,65,50
11,a natural image of a {category},True,6.920454545454546,23,1,559,14,50
11,a standing {category},True,6.485849056603774,16,5,496,36,50
11,a natural {category},True,8.94308943089431,21,6,513,148,50
11,an actual {category},True,3.9489795918367347,15,3,454,59,50
11,a {category} next to a wall,True,3.24438202247191,17,5,346,133,50
11,a cropped view of a {category},True,9.168478260869565,29,7,701,330,50
11,a surveillance-style view of a {category},False,14.14601796587689,19,6,541,206,50
11,a photo containing a {category},False,14.14601796587689,15,7,514,189,50
11,a sitting {category},True,7.777777777777778,24,5,469,421,50
11,a real {category},True,4.456043956043957,18,7,755,139,50
11,a photographic {category},True,4.382352941176471,14,6,268,200,50
11,the {category} in this image,True,9.586956521739129,15,6,410,247,50
11,a sharp {category},True,2.3595505617977524,20,4,454,98,50
11,a bright {category},True,3.32,10,8,428,140,50
11,a front view of a {category},True,4.021978021978022,11,6,419,97,50
11,a moving {category},True,3.0265151515151514,23,6,738,319,50
11,a high-resolution view of a {category},True,7.90909090909091,20,4,722,93,50
11,a stacked {category},True,5.0588235294117645,14,4,274,47,50
11,a {category} object,True,4.536082474226804,18,4,391,257,50
11,a visible {category} in the scene,True,8.44927536231884,19,1,538,9,50
11,a partial view of a {category},True,4.246666666666667,17,12,577,580,50
11,a dark {category},True,4.4186046511627906,28,4,653,94,50
11,a {category} in the scene,True,7.843589743589744,24,7,844,195,50
11,a close-up of a {category},True,7.822222222222223,12,3,311,35,50
11,a lying {category},True,4.3474576271186445,22,6,471,146,50
11,a parked {category},True,5.766233766233767,16,7,838,222,50
11,a tiny {category},True,9.908256880733946,14,8,397,322,50
11,a messy view of a {category},True,4.396039603960396,24,5,829,121,50
11,a clean view of a {category},True,3.8571428571428568,11,4,341,143,50
11,a distant {category},True,4.357142857142857,10,12,165,361,50
11,a low-resolution view of a {category},True,7.037037037037037,18,7,412,206,50
11,a man-made {category},True,8.736842105263158,21,4,433,19,50
11,a wide-angle view with a {category},True,4.816326530612245,18,6,528,80,50
11,a {category} on a table,True,9.45692883895131,15,6,434,221,50
11,a photo of a {category},True,4.152173913043478,14,10,325,151,50
11,a full view of a {category},True,7.803030303030303,14,6,364,180,50
11,a {category} on the ground,True,3.9705882352941178,13,7,308,264,50
11,a large {category},True,5.76051779935275,21,6,400,165,50
11,a single {category},True,10.86178861788618,19,5,672,241,50
11,a real-world {category},True,2.494117647058823,13,3,193,63,50
11,a zoomed view of a {category},True,4.989247311827958,10,9,403,284,50
11,an image showing a {category},True,5.2063492063492065,26,6,622,217,50
11,a picture with a {category},True,5.735294117647058,24,9,761,148,50
12,a clear photo of a {category},True,3.7475728155339803,19,8,361,165,50
12,a hanging {category},True,3.2184065934065935,18,7,712,76,50
12,a nearby {category},True,2.2193548387096778,14,6,449,50,50
12,a side view of a {category},True,6.5012722646310435,22,4,482,116,50
12,a small {category} near the center,True,2.0666666666666664,24,3,581,36,50
12,a blurry {category},True,3.5371900826446283,22,9,603,274,50
12,a scene featuring a {category},True,3.8837209302325584,16,6,594,204,50
12,a natural image of a {category},True,6.033333333333334,16,8,322,214,50
12,a standing {category},True,4.99090909090909,17,6,499,117,50
12,a natural {category},True,3.224025974025974,17,7,298,365,50
12,an actual {category},False,10.734327485380119,9,7,326,215,50
12,a {category} next to a wall,True,12.51063829787234,16,9,356,182,50
12,a cropped view of a {category},True,4.445859872611464,32,4,1044,61,50
12,a surveillance-style view of a {category},False,10.734327485380119,15,8,362,162,50
12,a photo containing a {category},True,4.81786941580756,18,5,638,143,50
12,a sitting {category},True,4.984615384615386,18,11,498,169,50
12,a real {category},True,8.284210526315789,21,6,722,114,50
12,a photographic {category},True,3.0689655172413794,13,4,384,60,50
12,the {category} in this image,True,5.55,23,2,626,106,50
12,a sharp {category},True,3.534782608695652,18,5,474,63,50
12,a bright {category},True,5.988505747126437,14,5,448,115,50
12,a front view of a {category},True,7.247596153846154,18,4,547,122,50
12,a moving {category},True,3.8655999999999997,19,10,569,422,50
12,a high-resolution view of a {category},True,2.9381868131868134,20,4,644,107,50
12,a stacked {category},True,3.092783505154639,16,5,257,75,50
12,a {category} object,True,4.967391304347826,17,5,397,163,50
12,a visible {category} in the scene,True,14.492957746478874,11,9,300,274,50
12,a partial view of a {category},True,3.783978397839784,20,7,992,143,50
12,a dark {category},True,6.310791366906475,29,4,710,45,50
12,a {category} in the scene,True,5.248655913978495,21,7,745,162,50
12,a close-up of a {category},True,4.444444444444445,13,4,358,108,50
12,a lying {category},True,4.382978723404255,22,10,370,333,50
12,a parked {category},True,8.568,18,4,679,243,50
12,a tiny {category},True,7.203389830508474,12,3,230,177,50
12,a messy view of a {category},True,9.115384615384617,21,6,734,238,50
12,a clean view of a {category},False,10.734327485380119,9,5,414,113,50
12,a distant {category},True,2.121739130434783,16,4,313,93,50
12,a low-resolution view of a {category},True,3.093577981651376,16,9,511,228,50
12,a man-made {category},True,8.088888888888889,18,4,319,47,50
12,a wide-angle view with a {category},True,3.631578947368421,15,6,322,183,50
12,a {category} on a table,True,2.953043478260869,14,7,521,178,50
12,a photo of a {category},True,3.8125,12,6,212,164,50
12,a full view of a {category},True,6.550925925925926,15,4,514,80,50
12,a {category} on the ground,True,2.81651376146789,22,4,563,165,50
12,a large {category},True,11.478494623655914,18,9,378,156,50
12,a single {category},True,11.474747474747476,22,6,715,128,50
12,a real-world {category},True,5.090909090909092,18,2,312,20,50
12,a zoomed view of a {category},True,8.227027027027027,16,2,712,55,50
12,an image showing a {category},True,3.971751412429378,26,10,661,255,50
12,a picture with a {category},True,3.0276315789473687,22,9,702,403,50
13,a clear photo of a {category},True,3.987951807228916,19,9,304,216,50
13,a hanging {category},True,8.486486486486486,22,6,579,172,50
13,a nearby {category},True,6.235294117647059,13,5,280,223,50
13,a side view of a {category},True,5.054945054945056,15,9,322,216,50
13,a small {category} near the center,True,3.6171875,20,4,405,122,50
13,a blurry {category},True,6.198412698412699,26,6,747,134,50
13,a scene featuring a {category},True,5.286821705426356,16,2,608,60,50
13,a natural image of a {category},True,10.786516853932584,16,5,345,197,50
13,a standing {category},True,3.7346938775510203,18,2,426,96,50
13,a natural {category},True,6.763392857142858,22,7,558,111,50
13,an actual {category},True,4.332446808510638,15,5,477,72,50
13,a {category} next to a wall,True,7.637362637362637,18,10,370,197,50
13,a cropped view of a {category},True,4.148936170212766,34,11,917,287,50
13,a surveillance-style view of a {category},True,8.23045267489712,16,4,349,252,50
13,a photo containing a {category},True,3.2121212121212124,21,3,681,114,50
13,a sitting {category},True,7.559139784946237,18,6,636,81,50
13,a real {category},True,7.169230769230769,23,4,656,249,50
13,a photographic {category},True,3.669230769230769,9,6,277,105,50
13,the {category} in this image,True,7.291525423728814,21,4,675,120,50
13,a sharp {category},True,3.150537634408602,20,6,519,98,50
13,a bright {category},True,5.327868852459016,18,3,612,59,50
13,a front view of a {category},True,5.043010752688173,15,5,406,276,50
13,a moving {category},True,4.20265780730897,21,9,728,476,50
13,a high-resolution view of a {category},True,5.912087912087912,16,7,469,144,50
13,a stacked {category},True,4.368932038834951,15,5,254,78,50
13,a {category} object,True,7.27803738317757,21,4,570,200,50
13,a visible {category} in the scene,False,13.66115618489473,9,10,243,309,50
13,a partial view of a {category},True,5.445,21,8,1029,201,50
13,a dark {category},True,7.669376693766937,21,11,529,208,50
13,a {category} in the scene,True,5.058333333333334,18,6,567,162,50
13,a close-up of a {category},True,4.5696202531645564,13,6,320,201,50
13,a lying {category},True,6.437308868501529,20,7,390,188,50
13,a parked {category},True,4.224242424242425,15,6,647,120,50
13,a tiny {category},True,8.754208754208754,13,4,459,57,50
13,a messy view of a {category},True,5.741935483870968,17,10,467,279,50
13,a clean view of a {category},True,3.344,10,5,355,141,50
13,a distant {category},True,4.871287128712871,21,5,556,91,50
13,a low-resolution view of a {category},True,5.155339805825243,20,1,474,17,50
13,a man-made {category},True,5.098591549295775,17,7,313,57,50
13,a wide-angle view with a {category},True,3.564705882352941,16,10,355,255,50
13,a {category} on a table,True,4.703703703703703,16,4,336,224,50
13,a photo of a {category},True,6.702127659574469,18,4,346,41,50
13,a full view of a {category},True,9.175438596491228,15,3,458,101,50
13,a {category} on the ground,True,2.9655172413793105,15,6,317,140,50
13,a large {category},True,10.616883116883116,14,9,296,184,50
13,a single {category},True,10.02672147995889,27,3,1063,54,50
13,a real-world {category},True,3.7183098591549295,15,5,247,65,50
13,a zoomed view of a {category},True,3.296907216494845,11,6,470,162,50
13,an image showing a {category},True,5.697916666666666,21,11,507,262,50
13,a picture with a {category},True,8.844,27,5,677,463,50
14,a clear photo of a {category},True,6.578947368421052,24,2,346,64,50
14,a hanging {category},True,4.554785020804438,22,4,764,32,50
14,a nearby {category},True,4.5920000000000005,21,2,514,145,50
14,a side view of a {category},True,5.651376146788991,15,10,417,171,50
14,a small {category} near the center,True,1.9730337078651683,19,5,382,170,50
14,a blurry {category},True,3.8449612403100777,19,14,465,523,50
14,a scene featuring a {category},True,5.934782608695652,19,3,478,65,50
14,a natural image of a {category},True,11.444954128440369,19,9,448,357,50
14,a standing {category},True,3.7680722891566267,15,7,362,168,50
14,a natural {category},True,7.460937499999999,22,7,541,199,50
14,an actual {category},True,5.12,17,3,580,32,50
14,a {category} next to a wall,True,5.333333333333333,18,5,426,71,50
14,a cropped view of a {category},True,8.03939393939394,27,13,763,376,50
14,a surveillance-style view of a {category},True,5.492537313432836,17,4,313,272,50
14,a photo containing a {category},True,3.795918367346939,14,9,434,354,50
14,a sitting {category},True,3.193820224719101,16,12,687,248,50
14,a real {category},True,8.873949579831933,19,6,487,78,50
14,a photographic {category},True,3.311392405063291,13,3,371,50,50
14,the {category} in this image,True,5.2926829268292686,19,3,614,82,50
14,a sharp {category},True,3.3428571428571425,16,4,298,95,50
14,a bright {category},True,5.220657276995305,13,3,257,175,50
14,a front view of a {category},True,7.253086419753086,11,7,211,461,50
14,a moving {category},True,5.685508735868448,21,7,901,228,50
14,a high-resolution view of a {category},True,4.26530612244898,25,5,774,105,50
14,a stacked {category},True,5.26595744680851,17,4,293,67,50
14,a {category} object,True,3.1384615384615384,21,3,488,206,50
14,a visible {category} in the scene,True,15.11111111111111,11,4,353,129,50
14,a partial view of a {category},True,2.3043478260869565,16,6,462,111,50
14,a dark {category},True,4.585585585585586,22,8,460,142,50
14,a {category} in the scene,True,7.624242424242425,29,4,1230,85,50
14,a close-up of a {category},True,7.764227642276423,12,3,338,97,50
14,a lying {category},True,6.171171171171171,18,10,386,240,50
14,a parked {category},True,11.18279569892473,15,6,371,468,50
14,a tiny {category},True,5.531914893617021,12,4,302,176,50
14,a messy view of a {category},True,7.612068965517241,25,4,839,120,50
14,a clean view of a {category},False,12.931678640851525,11,5,413,216,50
14,a distant {category},True,3.6689655172413795,12,8,459,109,50
14,a low-resolution view of a {category},True,8.002717391304348,22,6,521,224,50
14,a man-made {category},True,3.0553846153846154,19,6,286,165,50
14,a wide-angle view with a {category},True,5.423076923076923,23,2,508,53,50
14,a {category} on a table,True,5.097560975609756,12,6,362,208,50
14,a photo of a {category},True,4.4375,20,4,380,124,50
14,a full view of a {category},True,7.027027027027027,12,4,282,77,50
14,a {category} on the ground,True,4.451923076923077,14,6,413,213,50
14,a large {category},True,4.757009345794392,22,6,456,136,50
14,a single {category},True,26.61320754716981,17,12,375,655,50
14,a real-world {category},False,12.931678640851525,11,7,154,139,50
14,a zoomed view of a {category},True,6.5568181818181825,16,3,527,81,50
14,an image showing a {category},True,4.39626168224299,19,14,535,355,50
14,a picture with a {category},True,4.9740394600207685,29,7,905,141,50
15,a clear photo of a {category},True,3.932432432432433,15,8,269,197,50
15,a hanging {category},True,6.203703703703703,17,7,618,134,50
15,a nearby {category},True,4.8988764044943816,17,5,583,43,50
15,a side view of a {category},True,3.7642857142857142,17,11,472,163,50
15,a small {category} near the center,True,2.0449438202247188,19,4,475,80,50
15,a blurry {category},True,3.1555555555555554,23,6,614,511,50
15,a scene featuring a {category},False,11.492523817925193,17,4,376,124,50
15,a natural image of a {category},True,5.930000000000001,17,5,533,104,50
15,a standing {category},True,6.919831223628693,16,4,299,164,50
15,a natural {category},True,5.789915966386555,26,5,648,80,50
15,an actual {category},True,5.047058823529412,14,7,372,189,50
15,a {category} next to a wall,True,3.0854430379746836,17,7,296,196,50
15,a cropped view of a {category},True,3.80952380952381,28,6,737,300,50
15,a surveillance-style view of a {category},True,6.810035842293908,15,6,410,169,50
15,a photo containing a {category},True,4.523809523809523,17,4,603,62,50
15,a sitting {category},True,5.925655976676385,20,6,751,121,50
15,a real {category},True,8.601980198019803,18,7,665,141,50
15,a photographic {category},True,3.311111111111111,12,7,380,136,50
15,the {category} in this image,True,13.586776859504132,19,3,509,146,50
15,a sharp {category},True,3.7202970297029703,18,10,442,159,50
15,a bright {category},True,3.2325581395348837,15,3,482,56,50
15,a front view of a {category},True,4.766666666666666,15,3,508,135,50
15,a moving {category},True,4.5347786811201445,23,7,967,224,50
15,a high-resolution view of a {category},True,5.329113924050633,13,11,360,336,50
15,a stacked {category},True,2.6500000000000004,12,6,222,110,50
15,a {category} object,True,5.372727272727273,20,3,541,117,50
15,a visible {category} in the scene,True,8.042813455657493,15,7,475,190,50
15,a partial view of a {category},True,3.103448275862069,20,4,737,272,50
15,a dark {category},True,4.330645161290322,23,10,501,251,50
15,a {category} in the scene,True,9.764102564102565,24,9,773,449,50
15,a close-up of a {category},True,4.05607476635514,15,5,397,116,50
15,a lying {category},True,6.587301587301587,20,4,464,56,50
15,a parked {category},True,6.453125,17,4,794,71,50
15,a tiny {category},True,7.1198830409356715,9,7,441,100,50
15,a messy view of a {category},True,5.432692307692308,26,5,735,250,50
15,a clean view of a {category},True,3.897727272727273,12,2,295,58,50
15,a distant {category},True,3.5510204081632653,21,4,408,49,50
15,a low-resolution view of a {category},True,4.970588235294118,17,6,449,125,50
15,a man-made {category},True,13.695652173913043,17,5,280,61,50
15,a wide-angle view with a {category},True,7.790404040404041,21,5,556,61,50
15,a {category} on a table,True,3.0530973451327434,14,4,528,48,50
15,a photo of a {category},True,6.227450980392157,16,5,350,115,50
15,a full view of a {category},True,8.373913043478261,18,3,597,132,50
15,a {category} on the ground,True,6.000000000000001,16,7,416,292,50
15,a large {category},True,6.674528301886793,22,6,512,81,50
15,a single {category},True,13.16568047337278,25,7,899,192,50
15,a real-world {category},True,3.5416666666666665,10,5,162,73,50
15,a zoomed view of a {category},True,11.40952380952381,14,7,544,208,50
15,an image showing a {category},True,5.344,26,9,633,251,50
15,a picture with a {category},True,4.693069306930694,20,14,417,705,50
16,a clear photo of a {category},True,5.771428571428571,19,5,273,97,50
16,a hanging {category},True,6.8865740740740735,19,9,543,330,50
16,a nearby {category},True,7.920792079207921,16,6,421,206,50
16,a side view of a {category},True,4.236521739130435,25,5,564,85,50
16,a small {category} near the center,True,5.643410852713178,17,10,330,263,50
16,a blurry {category},True,6.3619047619047615,22,7,613,304,50
16,a scene featuring a {category},True,5.573170731707317,17,5,387,166,50
16,a natural image of a {category},True,7.844202898550724,16,8,381,230,50
16,a standing {category},True,3.333333333333333,14,4,290,136,50
16,a natural {category},True,7.534090909090909,24,10,635,175,50
16,an actual {category},True,4.922077922077922,16,4,330,165,50
16,a {category} next to a wall,True,6.43298969072165,20,7,409,83,50
16,a cropped view of a {category},True,4.338768115942029,30,10,936,247,50
16,a surveillance-style view of a {category},True,5.559139784946237,16,4,450,142,50
16,a photo containing a {category},True,3.195876288659794,19,5,557,170,50
16,a sitting {category},True,10.585106382978724,13,8,180,535,50
16,a real {category},True,6.523809523809524,23,6,630,279,50
16,a photographic {category},True,2.2082191780821914,10,6,342,141,50
16,the {category} in this image,True,3.604591836734694,17,6,413,298,50
16,a sharp {category},True,4.675728155339805,22,5,545,76,50
16,a bright {category},True,2.905263157894737,15,7,487,264,50
16,a front view of a {category},True,3.1625,14,6,442,180,50
16,a moving {category},True,4.517391304347826,24,8,994,258,50
16,a high-resolution view of a {category},True,7.791208791208791,20,4,640,92,50
16,a stacked {category},True,2.811320754716981,17,3,306,52,50
16,a {category} object,True,5.276190476190476,15,8,499,234,50
16,a visible {category} in the scene,True,4.437499999999999,15,2,449,52,50
16,a partial view of a {category},True,3.7295238095238097,22,5,924,226,50
16,a dark {category},True,3.8678678678678677,27,2,595,56,50
16,a {category} in the scene,True,5.91016548463357,22,9,934,273,50
16,a close-up of a {category},True,6.98581560283688,15,4,358,166,50
16,a lying {category},True,4.0,18,7,460,87,50
16,a parked {category},True,4.1455525606469,16,4,715,75,50
16,a tiny {category},True,4.976470588235294,13,6,368,261,50
16,a messy view of a {category},True,4.32156862745098,18,7,493,317,50
16,a clean view of a {category},True,5.516483516483517,12,5,433,178,50
16,a distant {category},True,3.6451612903225805,18,6,395,266,50
16,a low-resolution view of a {category},True,4.068376068376069,21,3,552,69,50
16,a man-made {category},True,7.921810699588477,18,5,338,89,50
16,a wide-angle view with a {category},True,3.203389830508475,12,9,227,252,50
16,a {category} on a table,True,4.120353982300885,14,5,535,103,50
16,a photo of a {category},True,7.191780821917807,16,6,284,124,50
16,a full view of a {category},True,3.302884615384616,16,6,631,119,50
16,a {category} on the ground,True,3.1548913043478257,16,5,351,107,50
16,a large {category},True,11.76237623762376,18,8,365,133,50
16,a single {category},True,9.797244094488189,18,8,678,148,50
16,a real-world {category},True,4.057971014492754,13,2,257,30,50
16,a zoomed view of a {category},True,9.31578947368421,14,6,466,359,50
16,an image showing a {category},True,7.2631578947368425,28,6,617,267,50
16,a picture with a {category},True,3.152173913043478,18,7,512,180,50
17,a clear photo of a {category},True,3.4803921568627447,19,6,339,176,50
17,a hanging {category},False,13.14812030075188,15,5,465,114,50
17,a nearby {category},True,5.046808510638298,17,5,527,36,50
17,a side view of a {category},True,5.476190476190475,19,11,315,345,50
17,a small {category} near the center,True,3.3979591836734695,17,7,394,124,50
17,a blurry {category},True,5.157563025210085,25,7,941,132,50
17,a scene featuring a {category},True,3.2401685393258424,19,3,698,28,50
17,a natural image of a {category},True,3.827319587628866,18,8,432,326,50
17,a standing {category},True,4.2745098039215685,17,2,394,71,50
17,a natural {category},True,5.393700787401575,22,7,515,213,50
17,an actual {category},True,5.305084745762712,11,5,268,183,50
17,a {category} next to a wall,True,5.729372937293729,20,7,391,136,50
17,a cropped view of a {category},True,5.507575757575759,31,7,677,405,50
17,a surveillance-style view of a {category},True,5.534117647058823,13,10,513,210,50
17,a photo containing a {category},True,2.2285714285714286,14,4,364,253,50
17,a sitting {category},True,5.9327217125382266,20,5,725,177,50
17,a real {category},True,13.83625730994152,23,6,630,257,50
17,a photographic {category},True,3.4411764705882355,14,3,276,75,50
17,the {category} in this image,True,4.890710382513661,19,3,678,38,50
17,a sharp {category},True,2.015584415584416,17,8,337,141,50
17,a bright {category},True,3.697478991596639,16,6,619,140,50
17,a front view of a {category},True,7.3840206185567006,17,1,510,13,50
17,a moving {category},True,4.649708090075063,26,4,1064,135,50
17,a high-resolution view of a {category},True,4.432653061224489,19,7,481,343,50
17,a stacked {category},True,5.866666666666666,15,8,266,122,50
17,a {category} object,True,3.2387755102040816,16,4,467,119,50
17,a visible {category} in the scene,True,8.928571428571427,12,10,384,246,50
17,a partial view of a {category},True,3.633333333333333,22,6,929,277,50
17,a dark {category},True,8.486394557823129,19,9,437,191,50
17,a {category} in the scene,True,5.529100529100528,23,8,784,390,50
17,a close-up of a {category},True,6.792114695340501,13,4,346,50,50
17,a lying {category},True,6.020408163265306,17,9,334,179,50
17,a parked {category},True,6.302752293577982,14,7,636,252,50
17,a tiny {category},True,5.92948717948718,15,5,512,110,50
17,a messy view of a {category},True,5.654205607476635,24,4,794,133,50
17,a clean view of a {category},True,2.0697674418604652,11,7,460,208,50
17,a distant {category},True,6.325581395348837,17,6,470,100,50
17,a low-resolution view of a {category},True,5.45,11,10,279,287,50
17,a man-made {category},True,3.0620689655172413,16,2,256,13,50
17,a wide-angle view with a {category},True,7.5,17,5,400,41,50
17,a {category} on a table,True,4.868085106382979,14,3,506,53,50
17,a photo of a {category},True,7.429718875502007,16,6,331,129,50
17,a full view of a {category},True,8.991869918699187,18,4,516,187,50
17,a {category} on the ground,True,4.635514018691588,19,1,443,19,50
17,a large {category},True,5.959183673469387,21,11,390,198,50
17,a single {category},True,4.811568799298861,20,10,918,220,50
17,a real-world {category},True,3.9736842105263155,15,6,278,75,50
17,a zoomed view of a {category},True,4.57037037037037,14,4,565,218,50
17,an image showing a {category},True,5.495495495495495,25,8,683,172,50
17,a picture with a {category},True,6.613162118780096,26,5,753,303,50
18,a clear photo of a {category},True,4.138888888888888,22,3,407,50,50
18,a hanging {category},True,5.3769841269841265,22,4,761,94,50
18,a nearby {category},True,7.680555555555555,15,6,483,66,50
18,a side view of a {category},True,11.206140350877194,24,5,465,241,50
18,a small {category} near the center,True,3.6,21,5,420,135,50
18,a blurry {category},True,5.666666666666666,22,11,458,551,50
18,a scene featuring a {category},True,5.101449275362318,14,6,305,243,50
18,a natural image of a {category},True,4.934579439252336,20,7,475,312,50
18,a standing {category},True,4.241379310344827,18,5,448,83,50
18,a natural {category},True,4.504347826086956,20,13,473,257,50
18,an actual {category},True,3.459770114942529,13,4,529,81,50
18,a {category} next to a wall,True,2.907407407407407,17,7,291,147,50
18,a cropped view of a {category},True,5.963815789473684,32,6,1028,86,50
18,a surveillance-style view of a {category},True,5.252631578947368,17,4,434,161,50
18,a photo containing a {category},True,3.2424242424242427,20,3,688,29,50
18,a sitting {category},True,5.246753246753247,17,10,347,404,50
18,a real {category},True,10.39655172413793,13,9,193,287,50
18,a photographic {category},True,2.2575342465753425,13,4,349,89,50
18,the {category} in this image,True,3.871186440677966,18,6,529,111,50
18,a sharp {category},True,3.642352941176471,18,8,441,168,50
18,a bright {category},True,3.704081632653061,14,6,422,192,50
18,a front view of a {category},True,5.405940594059406,16,5,487,82,50
18,a moving {category},True,4.563218390804598,17,11,721,341,50
18,a high-resolution view of a {category},True,5.294117647058823,20,5,600,182,50
18,a stacked {category},True,4.324324324324325,17,1,271,31,50
18,a {category} object,True,3.4277227722772277,18,5,518,127,50
18,a visible {category} in the scene,True,3.3614457831325297,10,7,394,122,50
18,a partial view of a {category},True,4.926666666666667,17,10,679,386,50
18,a dark {category},True,5.412541254125413,23,6,321,187,50
18,a {category} in the scene,True,5.11764705882353,25,4,904,191,50
18,a close-up of a {category},True,5.030303030303031,14,2,437,44,50
18,a lying {category},True,10.669565217391304,20,5,388,179,50
18,a parked {category},True,11.997747747747747,16,3,712,157,50
18,a tiny {category},True,14.590909090909092,14,2,374,99,50
18,a messy view of a {category},True,9.563106796116505,23,10,534,446,50
18,a clean view of a {category},True,3.42,14,4,443,235,50
18,a distant {category},True,3.5056179775280896,18,5,449,142,50
18,a low-resolution view of a {category},True,4.82,18,4,422,160,50
18,a man-made {category},True,7.421383647798742,11,10,211,206,50
18,a wide-angle view with a {category},True,7.222222222222221,18,7,456,135,50
18,a {category} on a table,True,3.7840909090909087,16,4,483,55,50
18,a photo of a {category},True,6.458333333333333,17,4,259,140,50
18,a full view of a {category},True,24.606060606060606,12,6,331,248,50
18,a {category} on the ground,False,13.558670943725001,17,9,534,160,50
18,a large {category},True,7.162162162162163,19,7,286,184,50
18,a single {category},True,9.631679389312977,18,7,692,211,50
18,a real-world {category},True,2.8786764705882355,16,4,243,92,50
18,a zoomed view of a {category},True,4.889795918367347,15,5,537,233,50
18,an image showing a {category},True,3.993993993993994,25,9,616,236,50
18,a picture with a {category},True,5.031152647975078,24,6,916,109,50
19,a clear photo of a {category},True,6.398809523809524,22,4,400,40,50
19,a hanging {category},True,4.160887656033286,22,4,693,166,50
19,a nearby {category},True,5.349206349206349,16,5,288,168,50
19,a side view of a {category},True,3.9238095238095245,21,7,381,214,50
19,a small {category} near the center,True,3.7413793103448274,21,6,377,197,50
19,a blurry {category},True,6.6490066225165565,29,4,995,144,50
19,a scene featuring a {category},True,4.970099667774087,15,5,674,129,50
19,a natural image of a {category},True,3.225,15,5,452,61,50
19,a standing {category},True,4.373913043478261,20,6,458,202,50
19,a natural {category},True,4.4491525423728815,23,8,483,266,50
19,an actual {category},True,7.925170068027211,17,1,410,116,50
19,a {category} next to a wall,True,2.1546666666666665,14,7,345,80,50
19,a cropped view of a {category},True,12.806722689075631,25,9,467,431,50
19,a surveillance-style view of a {category},True,4.95483870967742,16,7,509,118,50
19,a photo containing a {category},False,13.335491241431836,11,6,538,121,50
19,a sitting {category},True,3.0692307692307694,14,8,345,211,50
19,a real {category},True,7.669902912621359,21,4,733,140,50
19,a photographic {category},True,3.6585365853658534,13,2,350,108,50
19,the {category} in this image,True,3.009803921568628,19,3,556,236,50
19,a sharp {category},True,2.144927536231884,18,6,524,87,50
19,a bright {category},True,4.180327868852459,16,4,472,166,50
19,a front view of a {category},True,11.877551020408163,17,6,520,197,50
19,a moving {category},True,6.63063063063063,22,9,687,429,50
19,a high-resolution view of a {category},True,3.3111111111111113,15,8,526,159,50
19,a stacked {category},True,9.4875,16,6,249,98,50
19,a {category} object,True,3.265263157894737,16,7,452,281,50
19,a visible {category} in the scene,True,6.8348623853211015,14,5,545,81,50
19,a partial view of a {category},True,3.7389937106918234,23,5,1135,106,50
19,a dark {category},True,4.132231404958678,23,6,586,82,50
19,a {category} in the scene,True,6.61842105263158,25,9,979,339,50
19,a close-up of a {category},True,8.034591194968554,16,1,457,21,50
19,a lying {category},True,4.056451612903226,20,8,467,108,50
19,a parked {category},True,6.650980392156862,12,9,369,316,50
19,a tiny {category},True,8.03191489361702,12,4,397,118,50
19,a messy view of a {category},True,3.1599999999999997,17,7,572,173,50
19,a clean view of a {category},True,5.292134831460674,12,5,404,231,50
19,a distant {category},True,6.404040404040404,18,5,573,84,50
19,a low-resolution view of a {category},True,7.637362637362637,18,11,487,293,50
19,a man-made {category},True,3.0794117647058825,16,3,301,77,50
19,a wide-angle view with a {category},True,3.67741935483871,18,7,397,160,50
19,a {category} on a table,True,3.336448598130841,14,5,425,64,50
19,a photo of a {category},True,4.4230769230769225,15,7,309,133,50
19,a full view of a {category},True,8.831615120274913,13,7,451,177,50
19,a {category} on the ground,True,4.535779816513762,15,7,567,126,50
19,a large {category},True,9.444444444444443,18,9,285,210,50
19,a single {category},True,16.195804195804197,21,8,755,314,50
19,a real-world {category},True,4.208955223880597,14,4,255,63,50
19,a zoomed view of a {category},True,5.1231884057971016,15,6,639,242,50
19,an image showing a {category},True,4.607728337236534,30,5,749,131,50
19,a picture with a {category},True,5.425000000000001,25,9,808,169,50
0,a {category} near the edge of the image,False,13.023583131882889,6,5,111,122,100
0,a hanging {category},True,3.632142857142857,9,3,297,68,100
0,a {category} near water,True,5.073684210526316,15,1,417,11,100
0,a side view of a {category},True,3.3125,9,1,237,11,100
0,a {category} under daylight,True,3.689655172413793,13,2,373,74,100
0,a blurry {category},True,3.8585034013605446,13,7,654,157,100
0,a scene featuring a {category},False,13.023583131882889,9,1,217,32,100
0,a natural image of a {category},True,4.100806451612903,10,2,289,28,100
0,a standing {category},True,7.037037037037036,8,1,173,18,100
0,a {category} seen from below,True,5.266666666666667,11,3,156,36,100
0,a {category} seen from above,False,13.023583131882889,5,5,144,197,100
0,a {category} next to a wall,True,4.4363636363636365,9,4,137,81,100
0,a cropped view of a {category},True,6.239316239316239,18,3,274,134,100
0,a surveillance-style view of a {category},False,13.023583131882889,5,6,152,228,100
0,a clear photo of a {category},True,5.323943661971831,13,3,198,89,100
0,a {category} outdoors,True,7.499999999999999,8,2,240,39,100
0,a {category} without occlusion,True,2.869565217391304,10,3,97,41,100
0,a {category} far from the camera,True,5.296296296296296,11,6,246,146,100
0,a nearby {category},True,2.55,6,1,62,3,100
0,a {category} at the bottom of the image,True,2.611764705882353,8,6,134,389,100
0,a {category} with strong color,True,2.0727272727272728,7,3,148,60,100
0,a {category} inside a room,True,5.5,8,7,240,378,100
0,a {category} near the camera,False,13.023583131882889,6,5,129,232,100
0,a {category} near an animal,False,13.023583131882889,8,3,367,53,100
0,a front view of a {category},True,7.4074074074074066,10,2,251,52,100
0,a {category} turned away,True,4.918918918918919,10,6,497,112,100
0,a high-resolution view of a {category},True,3.2611764705882353,11,1,393,23,100
0,a {category} near text or signs,True,4.017857142857142,12,1,207,11,100
0,a {category} object,True,3.6923076923076925,9,1,334,6,100
0,a visible {category} in the scene,True,6.296296296296296,7,0,95,0,100
0,a {category} on a shelf,False,13.023583131882889,12,0,270,0,100
0,a {category} with occlusion,True,2.0,5,2,40,153,100
0,a {category} with visible outline,True,4.587301587301587,7,3,256,23,100
0,a dark {category},True,3.24,10,2,230,65,100
0,a natural {category},True,10.591397849462366,14,3,357,75,100
0,a {category} in the background,True,6.701754385964913,12,1,351,34,100
0,a close-up of a {category},True,3.1750000000000003,5,2,125,12,100
0,a {category} in clutter,True,3.2350746268656714,14,5,260,91,100
0,a {category} facing the camera,True,6.256410256410257,10,3,432,63,100
0,an actual {category},True,3.4166666666666665,8,1,182,21,100
0,a {category} near a building,True,5.153846153846154,6,2,174,143,100
0,a tiny {category},True,2.179591836734694,7,2,228,35,100
0,a {category} in low contrast,True,3.795,10,5,219,173,100
0,a clean view of a {category},False,13.023583131882889,3,8,100,301,100
0,a messy view of a {category},True,6.508474576271187,6,4,251,154,100
0,a {category} near vegetation,True,3.7045454545454546,11,2,284,55,100
0,a small {category} near the center,False,13.023583131882889,10,4,164,46,100
0,a {category} beside a person,True,6.102564102564103,11,4,212,108,100
0,a {category} with clear shape,False,13.023583131882889,6,2,147,15,100
0,a {category} cropped by the frame,True,3.455357142857143,12,2,228,77,100
0,a man-made {category},True,4.5555555555555545,7,4,110,65,100
0,a {category} at large scale,False,13.023583131882889,5,5,218,140,100
0,a real {category},True,6.151815181518152,9,1,413,61,100
0,a {category} in the foreground,True,4.916666666666667,9,1,257,20,100
0,a {category} separated from other objects,True,5.470790378006873,12,1,363,12,100
0,a photo of a {category},False,13.023583131882889,6,4,61,132,100
0,the {category} in this image,True,5.081081081081082,8,1,163,13,100
0,a distant {category},True,4.580645161290322,6,5,127,49,100
0,a bright {category},True,5.045045045045045,6,3,262,75,100
0,a lying {category},True,4.111111111111111,6,2,86,14,100
0,a {category} partly hidden,True,4.217391304347826,8,2,264,45,100
0,a full view of a {category},True,11.949152542372882,8,2,216,32,100
0,a {category} near equipment,True,6.875,9,2,180,58,100
0,a {category} overlapping another object,True,4.107692307692308,7,7,303,145,100
0,a sharp {category},True,2.6799999999999997,9,4,180,58,100
0,a {category} near shadows,True,4.909090909090909,5,3,141,97,100
0,a low-resolution view of a {category},True,4.581081081081082,10,1,301,27,100
0,a partial view of a {category},True,2.1588235294117646,13,0,313,0,100
0,a {category} on a table,True,2.3600000000000003,5,2,54,73,100
0,a {category} in open space,False,13.023583131882889,8,4,146,41,100
0,a large {category},True,4.478260869565218,9,7,184,115,100
0,a single {category},True,6.896024464831805,14,5,410,142,100
0,a {category} in the scene,True,7.2988505747126435,11,5,342,291,100
0,a {category} near furniture,True,3.5466101694915255,13,6,246,224,100
0,a {category} with neutral color,True,2.941176470588235,10,1,185,16,100
0,a {category} in high contrast,True,3.333333333333333,7,2,116,7,100
0,a moving {category},True,6.780952380952381,10,4,308,256,100
0,a {category} fully inside the frame,False,13.023583131882889,10,5,222,112,100
0,a {category} near food,True,3.392857142857143,11,6,254,104,100
0,a {category} near a vehicle,True,4.148148148148148,5,5,54,203,100
0,a parked {category},False,13.023583131882889,7,1,329,44,100
0,a {category} in profile,True,1.9692307692307691,8,1,167,6,100
0,a {category} near a road,True,1.9599999999999997,8,2,129,72,100
0,a {category} at medium scale,True,8.285714285714285,10,1,302,21,100
0,a {category} at the left side,True,3.320121951219512,12,3,325,42,100
0,a {category} at the right side,True,2.903225806451613,14,5,262,61,100
0,a photographic {category},True,4.403846153846154,8,3,205,61,100
0,a {category} at the top of the image,False,13.023583131882889,9,4,478,111,100
0,a {category} in front of a wall,True,3.208695652173913,6,4,210,156,100
0,a {category} at small scale,True,3.8409090909090913,7,1,292,6,100
0,a stacked {category},True,1.7647058823529411,4,2,68,34,100
0,a zoomed view of a {category},True,2.086666666666667,7,2,269,47,100
0,a real-world {category},True,2.08,9,2,157,68,100
0,an image showing a {category},True,5.23,17,3,463,121,100
0,a wide-angle view with a {category},False,13.023583131882889,8,1,115,34,100
0,a photo containing a {category},False,13.023583131882889,11,0,467,0,100
0,a picture with a {category},True,5.422535211267606,12,2,328,330,100
0,a {category} on the ground,True,3.1135135135135137,8,3,165,84,100
0,a {category} among other objects,False,13.023583131882889,4,5,146,98,100
0,a sitting {category},True,7.5360576923076925,10,3,571,111,100
1,a {category} near the edge of the image,False,13.30422140120416,8,2,200,13,100
1,a hanging {category},True,6.769230769230769,10,3,399,120,100
1,a {category} near water,True,3.5,11,1,235,4,100
1,a side view of a {category},True,2.6293103448275863,4,4,70,57,100
1,a {category} under daylight,True,4.12,8,1,188,27,100
1,a blurry {category},True,3.2703488372093026,13,6,337,257,100
1,a scene featuring a {category},False,13.30422140120416,7,3,148,82,100
1,a natural image of a {category},True,3.784090909090909,9,3,289,43,100
1,a standing {category},True,4.888888888888888,9,4,218,100,100
1,a {category} seen from below,True,7.083333333333333,13,2,353,15,100
1,a {category} seen from above,True,2.963636363636364,5,4,142,79,100
1,a {category} next to a wall,True,3.265306122448979,9,2,157,45,100
1,a cropped view of a {category},True,5.730158730158729,16,5,346,117,100
1,a surveillance-style view of a {category},False,13.30422140120416,13,1,391,20,100
1,a clear photo of a {category},True,4.056603773584906,9,4,169,94,100
1,a {category} outdoors,False,13.30422140120416,6,1,156,10,100
1,a {category} without occlusion,False,13.30422140120416,8,3,81,26,100
1,a {category} far from the camera,True,4.014204545454545,13,3,403,28,100
1,a nearby {category},False,13.30422140120416,4,2,198,20,100
1,a {category} at the bottom of the image,True,8.12324929971989,15,5,539,78,100
1,a {category} with strong color,False,4.400904150435243,4,2,83,66,100
1,a {category} inside a room,True,3.6883116883116887,9,4,267,288,100
1,a {category} near the camera,True,2.017391304347826,10,2,301,48,100
1,a {category} near an animal,True,2.8032786885245904,9,3,252,179,100
1,a front view of a {category},True,3.7105263157894735,8,2,133,158,100
1,a {category} turned away,True,4.114285714285714,13,4,528,118,100
1,a high-resolution view of a {category},True,5.134615384615385,8,1,231,40,100
1,a {category} near text or signs,True,2.625,5,5,88,84,100
1,a {category} object,True,3.722222222222222,5,5,126,239,100
1,a visible {category} in the scene,True,7.583333333333333,7,3,162,71,100
1,a {category} on a shelf,False,13.30422140120416,11,2,200,33,100
1,a {category} with occlusion,False,13.30422140120416,9,2,115,153,100
1,a {category} with visible outline,True,6.5777777777777775,10,4,258,126,100
1,a dark {category},False,13.30422140120416,7,3,164,53,100
1,a natural {category},True,11.894117647058822,13,4,310,83,100
1,a {category} in the background,True,5.295774647887324,7,4,259,90,100
1,a close-up of a {category},True,3.859090909090909,8,1,244,21,100
1,a {category} in clutter,True,7.3076923076923075,13,3,306,107,100
1,a {category} facing the camera,True,3.5060240963855422,9,4,343,205,100
1,an actual {category},True,3.496153846153846,11,0,268,0,100
1,a {category} near a building,False,13.30422140120416,5,1,177,3,100
1,a tiny {category},True,2.0999999999999996,8,2,252,15,100
1,a {category} in low contrast,True,2.250666666666667,11,9,357,169,100
1,a clean view of a {category},True,2.130612244897959,8,4,224,204,100
1,a messy view of a {category},True,4.184782608695652,8,2,326,86,100
1,a {category} near vegetation,True,2.176,9,4,347,96,100
1,a small {category} near the center,True,1.8774193548387097,10,6,96,170,100
1,a {category} beside a person,True,6.533333333333334,9,3,182,45,100
1,a {category} with clear shape,True,5.285714285714286,8,2,190,103,100
1,a {category} cropped by the frame,False,13.30422140120416,8,4,201,70,100
1,a man-made {category},True,2.8285714285714283,9,3,88,153,100
1,a {category} at large scale,True,3.737068965517241,9,3,251,94,100
1,a real {category},True,3.6294642857142856,8,1,237,36,100
1,a {category} in the foreground,True,4.384615384615385,8,2,154,124,100
1,a {category} separated from other objects,True,3.2330097087378644,9,4,399,151,100
1,a photo of a {category},False,13.30422140120416,8,2,176,17,100
1,the {category} in this image,False,13.30422140120416,10,2,200,33,100
1,a distant {category},False,13.30422140120416,6,3,70,55,100
1,a bright {category},True,5.182389937106918,8,2,191,156,100
1,a lying {category},True,2.7209302325581395,7,2,174,50,100
1,a {category} partly hidden,True,3.3214285714285716,6,3,278,109,100
1,a full view of a {category},True,11.4,7,4,160,105,100
1,a {category} near equipment,True,3.159090909090909,6,3,126,49,100
1,a {category} overlapping another object,True,3.4219780219780223,15,0,450,0,100
1,a sharp {category},False,13.30422140120416,9,3,146,67,100
1,a {category} near shadows,False,13.30422140120416,4,4,189,72,100
1,a low-resolution view of a {category},True,5.4564102564102575,8,4,243,176,100
1,a partial view of a {category},False,13.30422140120416,12,3,456,38,100
1,a {category} on a table,True,7.526881720430107,7,1,125,6,100
1,a {category} in open space,False,13.30422140120416,8,4,115,76,100
1,a large {category},True,3.9198113207547167,11,6,238,96,100
1,a single {category},True,12.105095541401273,16,6,540,289,100
1,a {category} in the scene,True,12.307692307692308,10,2,292,113,100
1,a {category} near furniture,False,13.30422140120416,14,4,265,88,100
1,a {category} with neutral color,True,2.9901639344262296,8,5,265,138,100
1,a {category} in high contrast,True,3.040540540540541,7,0,97,0,100
1,a moving {category},True,4.316326530612245,13,5,381,285,100
1,a {category} fully inside the frame,False,13.30422140120416,14,1,272,11,100
1,a {category} near food,True,3.509090909090909,10,7,184,153,100
1,a {category} near a vehicle,True,7.9,7,3,209,48,100
1,a parked {category},False,13.30422140120416,5,1,279,44,100
1,a {category} in profile,True,2.7257142857142855,9,2,142,46,100
1,a {category} near a road,True,3.382978723404255,8,2,189,45,100
1,a {category} at medium scale,True,8.148148148148149,8,4,193,133,100
1,a {category} at the left side,True,5.772893772893773,14,4,355,49,100
1,a {category} at the right side,False,13.30422140120416,11,6,138,119,100
1,a photographic {category},True,4.593220338983051,10,1,240,26,100
1,a {category} at the top of the image,True,3.8705882352941177,9,3,583,40,100
1,a {category} in front of a wall,True,3.2142857142857144,9,1,297,51,100
1,a {category} at small scale,True,4.076086956521738,4,1,74,7,100
1,a stacked {category},True,2.388888888888889,7,1,112,6,100
1,a zoomed view of a {category},True,4.140410958904109,6,2,342,177,100
1,a real-world {category},False,13.30422140120416,8,2,139,59,100
1,an image showing a {category},False,13.30422140120416,10,9,278,279,100
1,a wide-angle view with a {category},True,3.833333333333333,9,4,86,70,100
1,a photo containing a {category},False,13.30422140120416,10,2,463,37,100
1,a picture with a {category},True,4.945054945054945,10,5,391,93,100
1,a {category} on the ground,False,13.30422140120416,9,1,201,5,100
1,a {category} among other objects,False,13.30422140120416,6,1,185,25,100
1,a sitting {category},True,8.169934640522875,12,1,442,16,100
2,a {category} near the edge of the image,False,11.568975367140506,7,3,185,16,100
2,a hanging {category},False,11.568975367140506,8,3,361,87,100
2,a {category} near water,True,6.4222222222222225,9,5,253,159,100
2,a side view of a {category},True,3.1176470588235294,10,3,228,52,100
2,a {category} under daylight,True,4.385964912280701,10,2,225,73,100
2,a blurry {category},True,6.956140350877193,17,5,747,122,100
2,a scene featuring a {category},True,7.878787878787879,6,3,137,73,100
2,a natural image of a {category},True,5.913043478260869,10,1,182,122,100
2,a standing {category},True,4.095238095238095,9,3,235,74,100
2,a {category} seen from below,True,4.188679245283018,9,6,201,199,100
2,a {category} seen from above,True,5.132352941176471,9,2,301,21,100
2,a {category} next to a wall,True,2.7976190476190474,9,3,158,34,100
2,a cropped view of a {category},True,6.111111111111111,15,5,342,88,100
2,a surveillance-style view of a {category},False,11.568975367140506,13,1,393,7,100
2,a clear photo of a {category},True,3.2470588235294118,14,3,269,29,100
2,a {category} outdoors,True,3.324324324324324,8,2,120,157,100
2,a {category} without occlusion,True,2.55,6,5,62,36,100
2,a {category} far from the camera,True,4.976744186046512,10,5,187,195,100
2,a nearby {category},False,11.568975367140506,6,1,197,11,100
2,a {category} at the bottom of the image,True,6.47887323943662,14,2,302,73,100
2,a {category} with strong color,False,11.568975367140506,8,1,234,28,100
2,a {category} inside a room,True,3.360655737704918,9,6,198,296,100
2,a {category} near the camera,True,2.7,9,2,144,57,100
2,a {category} near an animal,True,3.606617647058824,9,2,287,49,100
2,a front view of a {category},True,11.644067796610171,7,2,212,55,100
2,a {category} turned away,True,4.108108108108108,14,3,521,84,100
2,a high-resolution view of a {category},True,3.872448979591837,6,2,218,112,100
2,a {category} near text or signs,True,6.842105263157894,9,5,142,86,100
2,a {category} object,True,3.7499999999999996,7,4,234,209,100
2,a visible {category} in the scene,False,11.568975367140506,5,5,131,130,100
2,a {category} on a shelf,False,11.568975367140506,12,0,292,0,100
2,a {category} with occlusion,False,11.568975367140506,7,4,190,82,100
2,a {category} with visible outline,True,7.252604166666667,8,5,493,168,100
2,a dark {category},False,11.568975367140506,8,4,181,64,100
2,a natural {category},True,3.1684210526315786,10,5,258,125,100
2,a {category} in the background,True,3.075,8,3,284,134,100
2,a close-up of a {category},True,4.526315789473684,5,2,154,86,100
2,a {category} in clutter,True,6.416666666666667,15,6,337,116,100
2,a {category} facing the camera,True,4.2090090090090095,12,3,535,146,100
2,an actual {category},True,3.7727272727272725,8,2,145,100,100
2,a {category} near a building,True,6.8604651162790695,6,1,322,9,100
2,a tiny {category},True,2.2142857142857144,10,2,264,85,100
2,a {category} in low contrast,True,4.82716049382716,13,2,342,23,100
2,a clean view of a {category},False,11.568975367140506,8,2,250,94,100
2,a messy view of a {category},True,3.715384615384616,9,3,281,99,100
2,a {category} near vegetation,True,3.168292682926829,9,4,371,98,100
2,a small {category} near the center,True,3.7636363636363637,8,5,194,34,100
2,a {category} beside a person,True,6.9298245614035086,9,5,216,106,100
2,a {category} with clear shape,False,11.568975367140506,7,2,223,81,100
2,a {category} cropped by the frame,True,3.666666666666666,11,1,269,12,100
2,a man-made {category},True,7.733333333333334,9,3,103,81,100
2,a {category} at large scale,False,11.568975367140506,5,3,154,28,100
2,a real {category},True,3.6923076923076925,9,2,456,28,100
2,a {category} in the foreground,True,4.406779661016949,7,3,233,56,100
2,a {category} separated from other objects,True,3.6617647058823533,10,4,440,111,100
2,a photo of a {category},True,3.1022727272727266,10,4,166,78,100
2,the {category} in this image,True,4.3809523809523805,6,7,83,162,100
2,a distant {category},True,2.0275862068965513,9,1,128,6,100
2,a bright {category},True,5.108225108225109,7,4,274,77,100
2,a lying {category},True,5.298507462686566,7,2,210,8,100
2,a {category} partly hidden,True,3.301948051948052,8,1,304,55,100
2,a full view of a {category},True,5.814814814814815,7,4,150,127,100
2,a {category} near equipment,True,9.767441860465116,8,2,155,54,100
2,a {category} overlapping another object,False,11.568975367140506,8,4,327,49,100
2,a sharp {category},True,2.64,12,2,177,42,100
2,a {category} near shadows,True,3.1411764705882352,5,4,230,107,100
2,a low-resolution view of a {category},True,5.448979591836734,12,1,472,12,100
2,a partial view of a {category},True,2.142372881355932,10,4,271,150,100
2,a {category} on a table,False,11.568975367140506,4,2,50,58,100
2,a {category} in open space,True,3.096774193548387,7,3,139,25,100
2,a large {category},True,3.87890625,16,3,285,37,100
2,a single {category},True,8.412698412698413,13,4,275,394,100
2,a {category} in the scene,True,6.717289719626168,14,3,522,244,100
2,a {category} near furniture,True,3.2962962962962963,13,3,319,28,100
2,a {category} with neutral color,True,3.5142857142857142,10,3,290,120,100
2,a {category} in high contrast,True,3.1282051282051277,8,0,121,0,100
2,a moving {category},True,10.178571428571427,10,2,261,202,100
2,a {category} fully inside the frame,False,11.568975367140506,9,7,283,72,100
2,a {category} near food,True,5.694444444444445,7,7,158,114,100
2,a {category} near a vehicle,True,4.6000000000000005,7,4,164,75,100
2,a parked {category},False,11.568975367140506,4,3,252,21,100
2,a {category} in profile,True,2.9419354838709677,6,2,133,20,100
2,a {category} near a road,True,4.0,6,2,104,17,100
2,a {category} at medium scale,True,8.14102564102564,13,0,333,0,100
2,a {category} at the left side,True,3.902439024390244,13,3,296,45,100
2,a {category} at the right side,True,1.9076923076923078,14,4,218,106,100
2,a photographic {category},True,2.6068965517241383,5,3,113,30,100
2,a {category} at the top of the image,True,3.758620689655172,11,1,472,24,100
2,a {category} in front of a wall,False,11.568975367140506,6,4,163,211,100
2,a {category} at small scale,True,3.823943661971831,7,3,313,20,100
2,a stacked {category},True,2.401960784313726,6,1,117,6,100
2,a zoomed view of a {category},True,2.019753086419753,5,1,354,34,100
2,a real-world {category},False,11.568975367140506,5,3,78,75,100
2,an image showing a {category},True,3.731012658227848,11,4,342,99,100
2,a wide-angle view with a {category},False,11.568975367140506,10,3,128,36,100
2,a photo containing a {category},False,11.568975367140506,9,1,322,33,100
2,a picture with a {category},True,14.292134831460674,12,2,373,302,100
2,a {category} on the ground,True,6.4423076923076925,7,4,187,87,100
2,a {category} among other objects,False,11.568975367140506,5,1,190,32,100
2,a sitting {category},True,4.36734693877551,11,2,580,87,100
3,a {category} near the edge of the image,False,12.633155183205739,8,1,192,25,100
3,a hanging {category},False,12.633155183205739,14,1,557,75,100
3,a {category} near water,False,12.633155183205739,7,5,150,192,100
3,a side view of a {category},True,2.1100000000000003,8,2,181,17,100
3,a {category} under daylight,True,3.558139534883721,8,4,179,164,100
3,a blurry {category},True,3.6066666666666665,17,3,501,261,100
3,a scene featuring a {category},True,7.361111111111112,6,3,96,148,100
3,a natural image of a {category},True,3.7499999999999996,6,6,118,216,100
3,a standing {category},True,4.470588235294118,8,3,203,99,100
3,a {category} seen from below,True,5.634408602150538,15,2,356,37,100
3,a {category} seen from above,False,12.633155183205739,7,2,202,14,100
3,a {category} next to a wall,True,4.622950819672131,10,3,156,76,100
3,a cropped view of a {category},True,6.485148514851486,13,6,364,154,100
3,a surveillance-style view of a {category},False,12.633155183205739,10,4,222,181,100
3,a clear photo of a {category},True,5.608108108108108,12,5,241,45,100
3,a {category} outdoors,True,3.697674418604651,8,1,185,25,100
3,a {category} without occlusion,False,12.633155183205739,6,5,50,60,100
3,a {category} far from the camera,True,15.321428571428571,12,4,248,131,100
3,a nearby {category},False,12.633155183205739,4,1,28,166,100
3,a {category} at the bottom of the image,True,4.132075471698113,12,4,200,285,100
3,a {category} with strong color,True,4.096153846153847,8,0,242,0,100
3,a {category} inside a room,True,4.045977011494252,10,6,323,311,100
3,a {category} near the camera,True,2.0625,9,2,284,35,100
3,a {category} near an animal,True,3.8089887640449436,10,1,391,13,100
3,a front view of a {category},True,3.2451612903225806,10,1,436,4,100
3,a {category} turned away,False,12.633155183205739,6,4,172,88,100
3,a high-resolution view of a {category},True,3.1333333333333333,9,2,324,54,100
3,a {category} near text or signs,True,4.8533333333333335,10,4,172,56,100
3,a {category} object,True,3.9782608695652173,9,0,420,0,100
3,a visible {category} in the scene,True,3.165,7,1,181,4,100
3,a {category} on a shelf,False,12.633155183205739,8,5,151,154,100
3,a {category} with occlusion,True,2.3727272727272726,6,3,160,96,100
3,a {category} with visible outline,True,6.10752688172043,11,4,252,432,100
3,a dark {category},True,7.888888888888888,9,6,188,160,100
3,a natural {category},True,2.146031746031746,14,3,289,141,100
3,a {category} in the background,True,6.730769230769232,11,4,384,129,100
3,a close-up of a {category},True,2.494117647058823,5,3,106,98,100
3,a {category} in clutter,True,4.068965517241379,10,6,216,103,100
3,a {category} facing the camera,True,6.049107142857143,12,3,494,149,100
3,an actual {category},True,5.0256410256410255,9,1,138,80,100
3,a {category} near a building,True,2.7556818181818183,4,1,109,64,100
3,a tiny {category},True,3.035294117647059,8,4,298,82,100
3,a {category} in low contrast,True,3.6516129032258062,14,5,499,72,100
3,a clean view of a {category},False,12.633155183205739,7,1,324,42,100
3,a messy view of a {category},True,5.552083333333333,12,2,469,22,100
3,a {category} near vegetation,True,2.176923076923077,9,4,241,76,100
3,a small {category} near the center,True,3.1422413793103443,13,2,221,24,100
3,a {category} beside a person,True,4.540540540540541,12,2,298,14,100
3,a {category} with clear shape,False,12.633155183205739,8,0,192,0,100
3,a {category} cropped by the frame,True,4.22,11,4,191,120,100
3,a man-made {category},True,5.326923076923077,11,3,237,39,100
3,a {category} at large scale,True,3.6642857142857146,5,6,150,264,100
3,a real {category},True,3.58252427184466,8,1,435,9,100
3,a {category} in the foreground,False,12.633155183205739,5,4,105,148,100
3,a {category} separated from other objects,True,3.737068965517241,9,2,251,99,100
3,a photo of a {category},True,3.222222222222222,9,3,114,75,100
3,the {category} in this image,True,3.182608695652174,10,1,210,5,100
3,a distant {category},True,2.896551724137931,8,1,123,4,100
3,a bright {category},True,9.610389610389609,8,2,275,72,100
3,a lying {category},True,4.487179487179487,5,4,146,72,100
3,a {category} partly hidden,True,2.890909090909091,7,0,197,0,100
3,a full view of a {category},True,4.975609756097561,7,2,177,27,100
3,a {category} near equipment,True,4.037037037037036,6,6,100,144,100
3,a {category} overlapping another object,True,3.276315789473684,9,5,353,75,100
3,a sharp {category},True,1.936,12,3,212,72,100
3,a {category} near shadows,True,3.2363636363636363,7,2,304,33,100
3,a low-resolution view of a {category},True,2.830645161290322,9,5,218,205,100
3,a partial view of a {category},True,2.0,12,4,282,230,100
3,a {category} on a table,True,5.370370370370371,6,1,56,40,100
3,a {category} in open space,False,12.633155183205739,5,4,142,53,100
3,a large {category},True,3.3181818181818183,15,2,262,22,100
3,a single {category},True,4.313725490196078,12,4,521,174,100
3,a {category} in the scene,True,6.592233009708738,14,3,622,140,100
3,a {category} near furniture,True,4.091954022988506,12,5,325,55,100
3,a {category} with neutral color,True,3.5113636363636362,9,3,273,52,100
3,a {category} in high contrast,True,2.578125,7,3,76,58,100
3,a moving {category},True,11.52127659574468,12,4,335,61,100
3,a {category} fully inside the frame,True,6.023529411764706,14,3,437,18,100
3,a {category} near food,True,3.2016129032258065,18,2,358,62,100
3,a {category} near a vehicle,True,2.7714285714285714,6,3,172,103,100
3,a parked {category},False,12.633155183205739,3,1,215,91,100
3,a {category} in profile,True,2.6,7,2,118,24,100
3,a {category} near a road,True,6.518518518518519,9,0,163,0,100
3,a {category} at medium scale,False,12.633155183205739,7,2,277,9,100
3,a {category} at the left side,True,6.036036036036037,14,0,254,0,100
3,a {category} at the right side,True,1.8901960784313725,9,7,212,83,100
3,a photographic {category},True,2.892857142857143,8,2,236,27,100
3,a {category} at the top of the image,True,3.872448979591837,8,3,218,360,100
3,a {category} in front of a wall,False,12.633155183205739,7,3,213,128,100
3,a {category} at small scale,False,12.633155183205739,5,4,176,150,100
3,a stacked {category},True,2.185185185185185,7,1,134,6,100
3,a zoomed view of a {category},False,12.633155183205739,7,3,309,237,100
3,a real-world {category},True,1.9,6,4,151,40,100
3,an image showing a {category},True,2.1314285714285712,10,4,319,64,100
3,a wide-angle view with a {category},False,12.633155183205739,6,4,82,83,100
3,a photo containing a {category},False,12.633155183205739,7,3,145,258,100
3,a picture with a {category},True,3.208695652173913,7,4,210,89,100
3,a {category} on the ground,True,3.583333333333333,8,4,164,125,100
3,a {category} among other objects,False,4.545821530358551,2,5,83,103,100
3,a sitting {category},True,6.47108843537415,12,3,699,116,100
4,a {category} near the edge of the image,False,13.410026079397277,6,2,124,80,100
4,a hanging {category},True,3.435810810810811,9,3,301,291,100
4,a {category} near water,True,3.328125,8,8,191,214,100
4,a side view of a {category},True,3.983606557377049,11,1,224,17,100
4,a {category} under daylight,True,2.0,7,2,166,107,100
4,a blurry {category},True,4.650467289719626,13,7,569,93,100
4,a scene featuring a {category},False,13.410026079397277,7,1,189,13,100
4,a natural image of a {category},True,5.472727272727273,7,4,256,53,100
4,a standing {category},True,4.870129870129871,12,1,328,22,100
4,a {category} seen from below,True,4.627450980392156,9,4,209,68,100
4,a {category} seen from above,False,13.410026079397277,4,7,64,206,100
4,a {category} next to a wall,True,3.686274509803922,7,6,177,83,100
4,a cropped view of a {category},True,6.719576719576719,13,5,233,107,100
4,a surveillance-style view of a {category},False,13.410026079397277,10,3,197,121,100
4,a clear photo of a {category},True,4.855072463768116,9,4,136,47,100
4,a {category} outdoors,True,4.0125,9,4,184,63,100
4,a {category} without occlusion,True,2.4818181818181815,10,2,83,41,100
4,a {category} far from the camera,True,8.867521367521366,12,5,355,39,100
4,a nearby {category},True,5.238095238095238,4,2,190,29,100
4,a {category} at the bottom of the image,True,5.706967213114753,14,5,519,64,100
4,a {category} with strong color,False,13.410026079397277,6,2,170,47,100
4,a {category} inside a room,False,13.410026079397277,5,6,186,167,100
4,a {category} near the camera,True,2.085,10,1,359,10,100
4,a {category} near an animal,True,2.376470588235294,10,2,430,27,100
4,a front view of a {category},True,7.717391304347825,9,1,376,7,100
4,a {category} turned away,False,13.410026079397277,11,6,375,243,100
4,a high-resolution view of a {category},True,5.5438596491228065,5,1,144,32,100
4,a {category} near text or signs,True,2.7642857142857142,7,5,115,94,100
4,a {category} object,True,6.199999999999999,7,2,247,21,100
4,a visible {category} in the scene,True,5.1923076923076925,8,2,232,12,100
4,a {category} on a shelf,False,13.410026079397277,11,2,265,71,100
4,a {category} with occlusion,True,4.246153846153846,10,0,249,0,100
4,a {category} with visible outline,True,4.8734177215189876,10,3,336,325,100
4,a dark {category},True,5.416666666666667,5,5,115,129,100
4,a natural {category},True,7.121212121212121,12,1,340,9,100
4,a {category} in the background,True,4.220338983050848,15,1,456,62,100
4,a close-up of a {category},True,3.625,5,2,164,58,100
4,a {category} in clutter,True,6.382978723404254,12,5,198,117,100
4,a {category} facing the camera,True,6.359999999999999,10,6,419,151,100
4,an actual {category},True,4.111111111111111,3,5,102,96,100
4,a {category} near a building,True,2.8909090909090907,4,4,94,153,100
4,a tiny {category},True,4.313725490196078,7,4,199,164,100
4,a {category} in low contrast,True,3.668316831683168,15,1,435,8,100
4,a clean view of a {category},True,2.1061224489795918,8,3,221,150,100
4,a messy view of a {category},True,3.5948275862068964,7,6,244,230,100
4,a {category} near vegetation,True,3.1755319148936167,9,4,180,237,100
4,a small {category} near the center,True,3.6818181818181817,11,4,188,66,100
4,a {category} beside a person,True,3.75,11,4,244,73,100
4,a {category} with clear shape,False,13.410026079397277,3,4,65,158,100
4,a {category} cropped by the frame,True,3.208695652173913,10,3,210,66,100
4,a man-made {category},True,4.5,8,2,137,84,100
4,a {category} at large scale,True,8.045977011494253,10,3,246,33,100
4,a real {category},True,3.221311475409836,7,4,237,283,100
4,a {category} in the foreground,True,4.879310344827586,9,1,247,20,100
4,a {category} separated from other objects,True,5.79816513761468,11,2,425,93,100
4,a photo of a {category},False,13.410026079397277,5,4,99,88,100
4,the {category} in this image,True,2.1877551020408164,10,2,229,8,100
4,a distant {category},True,4.482758620689655,8,1,117,36,100
4,a bright {category},True,3.533333333333333,7,1,152,31,100
4,a lying {category},True,4.633333333333334,7,1,143,3,100
4,a {category} partly hidden,True,3.4921875,10,2,395,79,100
4,a full view of a {category},True,7.301587301587301,10,1,247,38,100
4,a {category} near equipment,False,13.410026079397277,7,3,147,76,100
4,a {category} overlapping another object,True,5.840909090909091,13,0,442,0,100
4,a sharp {category},True,1.911111111111111,12,2,226,29,100
4,a {category} near shadows,True,2.894117647058824,5,4,144,193,100
4,a low-resolution view of a {category},False,13.410026079397277,8,4,315,103,100
4,a partial view of a {category},True,2.117241379310345,8,4,263,83,100
4,a {category} on a table,True,7.656250000000001,8,1,131,4,100
4,a {category} in open space,True,4.886792452830188,9,3,226,41,100
4,a large {category},True,3.6111111111111107,13,8,228,121,100
4,a single {category},True,5.324999999999999,16,6,599,288,100
4,a {category} in the scene,True,4.834042553191489,14,1,502,26,100
4,a {category} near furniture,True,2.983783783783784,15,5,320,152,100
4,a {category} with neutral color,True,3.1098591549295773,10,2,317,38,100
4,a {category} in high contrast,True,2.52,7,1,81,16,100
4,a moving {category},True,4.103896103896104,10,3,289,77,100
4,a {category} fully inside the frame,False,13.410026079397277,11,3,323,41,100
4,a {category} near food,True,4.2631578947368425,15,3,292,30,100
4,a {category} near a vehicle,True,2.840816326530612,8,3,205,87,100
4,a parked {category},False,13.410026079397277,8,1,228,154,100
4,a {category} in profile,False,13.410026079397277,5,3,102,20,100
4,a {category} near a road,False,13.410026079397277,5,3,111,83,100
4,a {category} at medium scale,True,6.457516339869281,8,4,216,96,100
4,a {category} at the left side,True,3.181818181818182,9,4,138,114,100
4,a {category} at the right side,True,3.796875,17,3,280,55,100
4,a photographic {category},False,13.410026079397277,8,1,181,70,100
4,a {category} at the top of the image,True,2.0,7,2,118,363,100
4,a {category} in front of a wall,True,11.61111111111111,9,0,370,0,100
4,a {category} at small scale,True,6.196078431372549,8,1,210,119,100
4,a stacked {category},True,2.2,4,2,44,23,100
4,a zoomed view of a {category},True,3.681818181818182,5,3,329,92,100
4,a real-world {category},False,13.410026079397277,7,3,123,41,100
4,an image showing a {category},True,4.822784810126582,14,4,334,137,100
4,a wide-angle view with a {category},True,3.375,11,3,137,60,100
4,a photo containing a {category},False,13.410026079397277,7,2,290,26,100
4,a picture with a {category},True,6.219298245614034,11,3,644,103,100
4,a {category} on the ground,True,3.6964285714285716,10,0,195,0,100
4,a {category} among other objects,True,7.777777777777779,7,2,198,46,100
4,a sitting {category},True,4.028169014084507,10,4,263,98,100
5,a {category} near the edge of the image,False,14.206956102144733,7,3,139,40,100
5,a hanging {category},True,6.457142857142857,11,4,297,242,100
5,a {category} near water,True,3.3352941176470594,12,3,320,40,100
5,a side view of a {category},True,4.119402985074626,11,2,251,29,100
5,a {category} under daylight,True,2.1891891891891895,11,4,345,86,100
5,a blurry {category},True,4.216346153846154,21,2,847,67,100
5,a scene featuring a {category},True,8.600000000000001,9,1,222,32,100
5,a natural image of a {category},False,14.206956102144733,8,2,264,32,100
5,a standing {category},True,4.527272727272727,10,3,222,102,100
5,a {category} seen from below,True,2.958904109589041,13,2,265,42,100
5,a {category} seen from above,False,14.206956102144733,6,3,238,41,100
5,a {category} next to a wall,True,2.1272727272727274,8,5,112,109,100
5,a cropped view of a {category},True,9.925233644859812,18,3,343,135,100
5,a surveillance-style view of a {category},False,14.206956102144733,11,2,287,34,100
5,a clear photo of a {category},True,3.4909090909090907,11,4,183,46,100
5,a {category} outdoors,False,4.8022660652177205,7,2,189,17,100
5,a {category} without occlusion,True,4.551724137931035,12,1,117,8,100
5,a {category} far from the camera,True,4.7142857142857135,11,8,232,210,100
5,a nearby {category},False,14.206956102144733,6,2,54,177,100
5,a {category} at the bottom of the image,True,6.115555555555556,12,6,305,292,100
5,a {category} with strong color,False,14.206956102144733,6,1,148,22,100
5,a {category} inside a room,True,5.484276729559748,10,5,398,147,100
5,a {category} near the camera,False,14.206956102144733,6,4,138,51,100
5,a {category} near an animal,False,14.206956102144733,7,4,264,162,100
5,a front view of a {category},True,4.454545454545455,9,1,262,9,100
5,a {category} turned away,False,14.206956102144733,15,3,562,144,100
5,a high-resolution view of a {category},False,4.8022660652177205,3,3,139,103,100
5,a {category} near text or signs,True,10.656716417910447,13,1,227,12,100
5,a {category} object,True,4.003246753246753,10,1,352,82,100
5,a visible {category} in the scene,False,14.206956102144733,8,4,221,53,100
5,a {category} on a shelf,False,14.206956102144733,9,4,178,107,100
5,a {category} with occlusion,True,3.1842105263157894,8,1,219,4,100
5,a {category} with visible outline,True,3.9034482758620688,9,2,493,15,100
5,a dark {category},True,5.546666666666667,11,3,283,69,100
5,a natural {category},True,12.328767123287669,10,2,273,17,100
5,a {category} in the background,True,9.0,9,5,238,173,100
5,a close-up of a {category},True,3.3970588235294117,5,4,138,85,100
5,a {category} in clutter,True,4.84375,17,4,407,43,100
5,a {category} facing the camera,True,4.314814814814815,13,1,647,17,100
5,an actual {category},True,2.541176470588235,4,1,65,80,100
5,a {category} near a building,True,4.608695652173913,6,1,95,64,100
5,a tiny {category},True,2.0275862068965513,7,1,128,52,100
5,a {category} in low contrast,True,6.568396226415095,16,4,503,61,100
5,a clean view of a {category},False,14.206956102144733,7,2,280,25,100
5,a messy view of a {category},False,14.206956102144733,7,4,284,124,100
5,a {category} near vegetation,True,2.090909090909091,7,5,110,296,100
5,a small {category} near the center,False,14.206956102144733,7,5,81,117,100
5,a {category} beside a person,False,14.206956102144733,7,3,194,61,100
5,a {category} with clear shape,True,5.508771929824561,9,0,267,0,100
5,a {category} cropped by the frame,True,3.2266666666666666,9,3,207,32,100
5,a man-made {category},True,5.108695652173913,11,3,203,52,100
5,a {category} at large scale,True,8.163841807909604,7,4,252,45,100
5,a real {category},True,3.7594936708860756,7,2,343,121,100
5,a {category} in the foreground,False,14.206956102144733,2,4,35,186,100
5,a {category} separated from other objects,True,4.202020202020202,10,3,377,171,100
5,a photo of a {category},True,2.155102040816326,9,4,225,56,100
5,the {category} in this image,True,3.035294117647059,10,0,150,0,100
5,a distant {category},True,4.423076923076923,6,4,103,39,100
5,a bright {category},True,4.7407407407407405,7,2,213,71,100
5,a lying {category},True,3.59375,6,3,109,96,100
5,a {category} partly hidden,True,3.184615384615385,7,2,249,73,100
5,a full view of a {category},False,14.206956102144733,5,2,131,52,100
5,a {category} near equipment,True,4.25,8,4,169,72,100
5,a {category} overlapping another object,True,3.253521126760563,10,2,328,41,100
5,a sharp {category},True,2.784,12,2,206,38,100
5,a {category} near shadows,False,14.206956102144733,6,3,201,136,100
5,a low-resolution view of a {category},True,6.410774410774411,12,1,417,12,100
5,a partial view of a {category},False,14.206956102144733,11,4,436,117,100
5,a {category} on a table,False,14.206956102144733,5,2,66,45,100
5,a {category} in open space,True,7.765957446808511,9,3,194,67,100
5,a large {category},False,14.206956102144733,11,4,230,46,100
5,a single {category},True,11.224137931034482,15,6,406,485,100
5,a {category} in the scene,True,8.755102040816327,14,6,653,201,100
5,a {category} near furniture,True,3.056603773584906,8,8,197,204,100
5,a {category} with neutral color,True,3.6107142857142858,8,6,295,133,100
5,a {category} in high contrast,True,3.625,6,0,70,0,100
5,a moving {category},True,14.313186813186814,10,5,452,174,100
5,a {category} fully inside the frame,True,5.6438356164383565,11,2,349,40,100
5,a {category} near food,True,3.6666666666666665,10,4,228,55,100
5,a {category} near a vehicle,True,7.412935323383085,10,0,267,0,100
5,a parked {category},False,4.437139806620829,2,3,96,105,100
5,a {category} in profile,False,14.206956102144733,4,4,64,44,100
5,a {category} near a road,True,6.965811965811965,6,3,148,69,100
5,a {category} at medium scale,True,6.755555555555556,7,5,197,132,100
5,a {category} at the left side,True,3.8125,10,5,228,86,100
5,a {category} at the right side,True,2.0507042253521126,14,3,315,47,100
5,a photographic {category},True,3.1102941176470593,4,5,129,106,100
5,a {category} at the top of the image,False,14.206956102144733,10,1,497,63,100
5,a {category} in front of a wall,True,10.989010989010989,8,3,359,52,100
5,a {category} at small scale,False,14.206956102144733,4,2,133,57,100
5,a stacked {category},True,2.83203125,9,0,161,0,100
5,a zoomed view of a {category},True,3.857142857142857,7,3,248,300,100
5,a real-world {category},True,1.9857142857142858,6,3,121,58,100
5,an image showing a {category},True,3.6587837837837838,10,9,315,238,100
5,a wide-angle view with a {category},True,3.6,14,0,189,0,100
5,a photo containing a {category},False,14.206956102144733,7,2,178,112,100
5,a picture with a {category},True,12.404040404040405,13,2,553,87,100
5,a {category} on the ground,False,14.206956102144733,6,3,143,80,100
5,a {category} among other objects,True,4.371428571428571,5,2,138,23,100
5,a sitting {category},True,7.8478260869565215,10,2,654,103,100
6,a {category} near the edge of the image,True,3.942857142857143,9,2,159,13,100
6,a hanging {category},False,12.47763936937928,5,4,197,210,100
6,a {category} near water,True,6.630630630630631,13,3,320,92,100
6,a side view of a {category},True,3.308035714285714,8,0,221,0,100
6,a {category} under daylight,True,4.2075471698113205,10,2,202,80,100
6,a blurry {category},True,5.275297619047619,15,5,661,115,100
6,a scene featuring a {category},False,12.47763936937928,6,3,152,84,100
6,a natural image of a {category},True,11.911764705882353,10,2,284,57,100
6,a standing {category},True,3.0558139534883724,6,4,190,57,100
6,a {category} seen from below,True,4.35632183908046,13,2,340,26,100
6,a {category} seen from above,True,5.397435897435897,9,1,359,37,100
6,a {category} next to a wall,True,4.574468085106383,7,5,134,91,100
6,a cropped view of a {category},True,4.747747747747748,17,7,478,88,100
6,a surveillance-style view of a {category},False,12.47763936937928,11,3,258,125,100
6,a clear photo of a {category},True,6.419753086419752,10,5,194,52,100
6,a {category} outdoors,False,12.47763936937928,8,2,202,78,100
6,a {category} without occlusion,False,12.47763936937928,10,3,88,50,100
6,a {category} far from the camera,True,14.8875,14,4,345,48,100
6,a nearby {category},True,2.5500000000000003,4,2,46,172,100
6,a {category} at the bottom of the image,True,3.382352941176471,8,8,96,440,100
6,a {category} with strong color,False,12.47763936937928,7,1,134,59,100
6,a {category} inside a room,True,4.863387978142076,7,4,181,234,100
6,a {category} near the camera,False,12.47763936937928,8,2,156,17,100
6,a {category} near an animal,True,3.6716417910447756,8,6,287,195,100
6,a front view of a {category},True,3.5757575757575757,6,6,113,190,100
6,a {category} turned away,True,6.6300366300366305,11,5,333,266,100
6,a high-resolution view of a {category},True,3.759259259259259,9,1,353,32,100
6,a {category} near text or signs,True,3.052325581395349,9,3,160,43,100
6,a {category} object,True,3.091304347826087,5,5,205,212,100
6,a visible {category} in the scene,False,12.47763936937928,7,3,204,45,100
6,a {category} on a shelf,False,12.47763936937928,10,4,237,115,100
6,a {category} with occlusion,True,3.107142857142857,9,3,132,65,100
6,a {category} with visible outline,True,5.445454545454546,10,3,527,124,100
6,a dark {category},True,4.25287356321839,14,1,335,14,100
6,a natural {category},True,6.8493150684931505,12,2,273,12,100
6,a {category} in the background,True,5.207207207207208,6,6,267,131,100
6,a close-up of a {category},True,3.661764705882353,4,4,146,110,100
6,a {category} in clutter,True,6.666666666666667,13,5,230,77,100
6,a {category} facing the camera,True,6.7775229357798175,12,2,540,40,100
6,an actual {category},False,12.47763936937928,4,3,86,37,100
6,a {category} near a building,True,4.8125,5,2,219,95,100
6,a tiny {category},True,2.2137931034482756,9,1,273,28,100
6,a {category} in low contrast,True,5.585106382978723,16,2,459,17,100
6,a clean view of a {category},False,12.47763936937928,7,3,202,131,100
6,a messy view of a {category},True,4.230769230769231,8,2,372,29,100
6,a {category} near vegetation,True,2.8677966101694916,9,4,247,234,100
6,a small {category} near the center,True,3.7142857142857135,12,4,171,82,100
6,a {category} beside a person,True,2.682352941176471,6,6,136,115,100
6,a {category} with clear shape,False,12.47763936937928,8,2,239,56,100
6,a {category} cropped by the frame,True,3.403846153846154,7,8,106,205,100
6,a man-made {category},False,12.47763936937928,9,4,231,43,100
6,a {category} at large scale,True,4.984375,9,3,277,163,100
6,a real {category},True,2.208695652173913,8,2,440,42,100
6,a {category} in the foreground,True,2.756756756756757,5,1,151,20,100
6,a {category} separated from other objects,True,2.871287128712871,12,2,521,69,100
6,a photo of a {category},True,2.6526315789473682,10,1,225,10,100
6,the {category} in this image,False,12.47763936937928,9,4,170,75,100
6,a distant {category},True,4.714285714285714,9,2,146,13,100
6,a bright {category},True,3.8780487804878048,9,1,294,26,100
6,a lying {category},True,2.5230769230769234,6,1,149,41,100
6,a {category} partly hidden,True,3.2884615384615388,6,5,256,215,100
6,a full view of a {category},True,3.010169491525424,9,2,257,23,100
6,a {category} near equipment,True,3.8125,8,2,159,37,100
6,a {category} overlapping another object,False,12.47763936937928,6,3,90,171,100
6,a sharp {category},True,1.786046511627907,9,2,171,54,100
6,a {category} near shadows,True,4.9361702127659575,6,1,203,3,100
6,a low-resolution view of a {category},True,4.734939759036145,10,3,346,80,100
6,a partial view of a {category},True,2.3868131868131868,15,2,474,102,100
6,a {category} on a table,True,4.7272727272727275,6,2,92,39,100
6,a {category} in open space,True,7.777777777777777,10,3,161,35,100
6,a large {category},False,12.47763936937928,14,2,219,100,100
6,a single {category},True,5.372903225806452,13,5,689,94,100
6,a {category} in the scene,True,4.825263157894737,13,5,508,160,100
6,a {category} near furniture,True,3.5388349514563107,14,2,429,19,100
6,a {category} with neutral color,True,2.9454545454545458,8,5,141,250,100
6,a {category} in high contrast,True,2.8289473684210527,8,0,96,0,100
6,a moving {category},True,10.646341463414634,11,3,277,70,100
6,a {category} fully inside the frame,False,12.47763936937928,8,1,221,14,100
6,a {category} near food,True,2.8902439024390243,10,5,147,94,100
6,a {category} near a vehicle,True,4.685185185185185,9,0,223,0,100
6,a parked {category},False,12.47763936937928,6,1,279,5,100
6,a {category} in profile,True,2.58,7,2,117,60,100
6,a {category} near a road,True,4.675000000000001,5,4,165,42,100
6,a {category} at medium scale,True,7.8431372549019605,10,1,211,21,100
6,a {category} at the left side,True,3.625,13,2,247,25,100
6,a {category} at the right side,True,1.76,12,4,139,126,100
6,a photographic {category},True,3.4534883720930227,6,2,175,24,100
6,a {category} at the top of the image,True,3.7857142857142856,10,4,184,170,100
6,a {category} in front of a wall,True,11.084337349397591,9,2,329,61,100
6,a {category} at small scale,True,4.58695652173913,5,1,187,3,100
6,a stacked {category},True,4.213836477987422,8,0,143,0,100
6,a zoomed view of a {category},True,2.288172043010753,9,2,465,117,100
6,a real-world {category},True,1.92,9,1,168,7,100
6,an image showing a {category},True,2.013333333333333,8,11,131,411,100
6,a wide-angle view with a {category},False,12.47763936937928,6,7,107,94,100
6,a photo containing a {category},False,12.47763936937928,8,3,429,62,100
6,a picture with a {category},True,3.2933333333333334,10,4,424,25,100
6,a {category} on the ground,False,12.47763936937928,9,1,145,29,100
6,a {category} among other objects,True,7.777777777777779,7,1,198,21,100
6,a sitting {category},True,4.457831325301205,11,2,331,164,100
7,a {category} near the edge of the image,False,13.830281476997579,7,2,153,28,100
7,a hanging {category},True,3.342857142857143,8,1,278,19,100
7,a {category} near water,False,13.830281476997579,12,4,269,127,100
7,a side view of a {category},True,1.8333333333333333,6,2,110,30,100
7,a {category} under daylight,True,3.063529411764706,12,3,375,67,100
7,a blurry {category},True,3.811965811965812,12,7,626,126,100
7,a scene featuring a {category},False,13.830281476997579,8,2,231,13,100
7,a natural image of a {category},True,6.714285714285714,8,2,244,38,100
7,a standing {category},True,3.06,8,2,186,18,100
7,a {category} seen from below,True,2.5384615384615383,10,4,200,191,100
7,a {category} seen from above,True,3.259090909090909,10,1,408,19,100
7,a {category} next to a wall,True,3.4615384615384612,8,3,111,75,100
7,a cropped view of a {category},True,5.420081967213115,19,4,491,57,100
7,a surveillance-style view of a {category},False,13.830281476997579,9,2,189,115,100
7,a clear photo of a {category},True,2.376923076923077,9,4,190,34,100
7,a {category} outdoors,True,3.3392857142857144,7,5,167,63,100
7,a {category} without occlusion,True,2.7473684210526317,8,3,78,43,100
7,a {category} far from the camera,True,8.231292517006803,9,5,211,97,100
7,a nearby {category},False,13.830281476997579,6,2,219,12,100
7,a {category} at the bottom of the image,True,6.810035842293908,14,4,410,24,100
7,a {category} with strong color,True,3.9795918367346936,7,3,223,61,100
7,a {category} inside a room,True,4.9523809523809526,10,3,465,120,100
7,a {category} near the camera,False,13.830281476997579,7,4,145,206,100
7,a {category} near an animal,True,3.0305084745762714,8,3,259,50,100
7,a front view of a {category},True,7.9437229437229435,8,4,322,87,100
7,a {category} turned away,False,4.434709821428572,10,1,384,34,100
7,a high-resolution view of a {category},True,3.6887755102040813,6,3,210,63,100
7,a {category} near text or signs,True,6.092896174863387,12,0,210,0,100
7,a {category} object,True,4.518518518518518,5,4,218,109,100
7,a visible {category} in the scene,True,4.891891891891892,8,1,158,20,100
7,a {category} on a shelf,False,13.830281476997579,10,2,242,30,100
7,a {category} with occlusion,True,10.943396226415095,8,2,209,5,100
7,a {category} with visible outline,True,3.8000000000000003,9,3,500,29,100
7,a dark {category},True,2.976923076923077,6,8,113,286,100
7,a natural {category},True,3.853846153846154,14,4,289,76,100
7,a {category} in the background,True,3.8088235294117645,8,4,241,151,100
7,a close-up of a {category},True,4.983050847457627,8,0,255,0,100
7,a {category} in clutter,True,3.3035714285714284,15,3,332,88,100
7,a {category} facing the camera,True,3.025974025974026,14,2,638,52,100
7,an actual {category},True,2.2074074074074073,10,1,254,7,100
7,a {category} near a building,False,13.830281476997579,7,1,244,90,100
7,a tiny {category},True,3.7105263157894735,7,4,245,95,100
7,a {category} in low contrast,True,3.65,16,1,456,43,100
7,a clean view of a {category},False,13.830281476997579,5,4,166,168,100
7,a messy view of a {category},True,4.066666666666666,6,2,209,25,100
7,a {category} near vegetation,False,13.830281476997579,9,5,301,159,100
7,a small {category} near the center,True,3.133064516129032,13,4,235,37,100
7,a {category} beside a person,True,6.766169154228855,11,1,249,26,100
7,a {category} with clear shape,False,13.830281476997579,6,3,147,80,100
7,a {category} cropped by the frame,True,3.581632653061224,11,2,205,79,100
7,a man-made {category},True,7.837837837837839,9,4,153,98,100
7,a {category} at large scale,True,5.425531914893617,12,1,444,6,100
7,a real {category},True,3.2265306122448982,9,3,465,55,100
7,a {category} in the foreground,True,3.777272727272727,6,1,240,31,100
7,a {category} separated from other objects,True,2.4134831460674158,10,3,329,248,100
7,a photo of a {category},True,3.7874999999999996,8,6,176,69,100
7,the {category} in this image,False,13.830281476997579,5,4,75,103,100
7,a distant {category},True,3.8125,5,4,57,58,100
7,a bright {category},True,2.9342465753424656,9,1,312,23,100
7,a lying {category},True,8.196428571428571,6,2,159,7,100
7,a {category} partly hidden,False,4.434709821428572,4,5,142,115,100
7,a full view of a {category},True,2.9,6,1,152,13,100
7,a {category} near equipment,True,3.2187500000000004,7,4,101,128,100
7,a {category} overlapping another object,False,13.830281476997579,12,1,267,38,100
7,a sharp {category},False,13.830281476997579,10,2,166,43,100
7,a {category} near shadows,True,5.027027027027027,4,1,161,22,100
7,a low-resolution view of a {category},True,2.4931034482758623,7,5,219,164,100
7,a partial view of a {category},False,13.830281476997579,15,2,534,26,100
7,a {category} on a table,True,5.370370370370371,6,2,56,39,100
7,a {category} in open space,True,5.222222222222222,9,3,202,32,100
7,a large {category},True,2.22,14,5,283,73,100
7,a single {category},True,9.333333333333334,12,10,471,434,100
7,a {category} in the scene,True,11.0,13,3,516,180,100
7,a {category} near furniture,True,4.341463414634147,11,6,320,84,100
7,a {category} with neutral color,True,8.046875,10,4,271,143,100
7,a {category} in high contrast,True,6.1875,7,1,99,10,100
7,a moving {category},True,7.491039426523297,12,2,373,202,100
7,a {category} fully inside the frame,False,13.830281476997579,9,4,240,56,100
7,a {category} near food,True,5.878378378378379,12,2,249,65,100
7,a {category} near a vehicle,True,3.6956521739130435,9,1,160,57,100
7,a parked {category},False,13.830281476997579,6,3,319,63,100
7,a {category} in profile,True,2.1100000000000003,10,1,181,7,100
7,a {category} near a road,True,5.87962962962963,8,2,121,65,100
7,a {category} at medium scale,True,8.02469135802469,7,3,115,96,100
7,a {category} at the left side,True,3.40625,10,4,210,79,100
7,a {category} at the right side,True,3.472222222222222,12,6,222,84,100
7,a photographic {category},False,13.830281476997579,3,3,34,32,100
7,a {category} at the top of the image,True,3.689189189189189,7,4,159,416,100
7,a {category} in front of a wall,False,4.434709821428572,4,8,109,311,100
7,a {category} at small scale,True,6.7555555555555555,9,1,329,4,100
7,a stacked {category},True,2.901785714285714,8,1,144,11,100
7,a zoomed view of a {category},True,3.7,6,2,193,161,100
7,a real-world {category},True,1.9846153846153847,11,1,224,13,100
7,an image showing a {category},True,3.5851648351648353,14,5,382,90,100
7,a wide-angle view with a {category},False,13.830281476997579,6,6,67,124,100
7,a photo containing a {category},False,13.830281476997579,8,2,257,134,100
7,a picture with a {category},True,5.254901960784314,7,5,231,173,100
7,a {category} on the ground,True,3.25531914893617,9,1,150,21,100
7,a {category} among other objects,True,3.16875,9,0,290,0,100
7,a sitting {category},True,8.382352941176471,12,4,626,191,100
8,a {category} near the edge of the image,True,2.9647058823529417,8,3,146,85,100
8,a hanging {category},False,12.41307863351526,9,4,333,122,100
8,a {category} near water,True,4.627118644067797,11,3,242,154,100
8,a side view of a {category},False,12.41307863351526,6,4,109,86,100
8,a {category} under daylight,True,2.1975903614457835,12,1,387,21,100
8,a blurry {category},True,5.505494505494506,17,2,805,33,100
8,a scene featuring a {category},False,12.41307863351526,7,2,195,22,100
8,a natural image of a {category},True,5.968253968253968,7,6,168,201,100
8,a standing {category},True,6.532258064516129,8,5,225,148,100
8,a {category} seen from below,True,3.5234375,15,1,397,8,100
8,a {category} seen from above,True,5.1764705882352935,9,2,304,111,100
8,a {category} next to a wall,True,9.0,11,4,220,44,100
8,a cropped view of a {category},True,5.320512820512821,15,3,326,70,100
8,a surveillance-style view of a {category},False,12.41307863351526,11,4,372,57,100
8,a clear photo of a {category},True,4.9655172413793105,8,5,125,94,100
8,a {category} outdoors,True,3.3,7,3,99,41,100
8,a {category} without occlusion,False,12.41307863351526,8,4,78,31,100
8,a {category} far from the camera,True,7.816091954022989,12,3,240,42,100
8,a nearby {category},False,5.387496770084068,2,4,175,22,100
8,a {category} at the bottom of the image,True,6.497844827586207,15,2,559,82,100
8,a {category} with strong color,False,12.41307863351526,6,1,170,59,100
8,a {category} inside a room,True,6.033333333333334,11,4,342,273,100
8,a {category} near the camera,True,2.048,11,2,331,20,100
8,a {category} near an animal,False,12.41307863351526,8,3,285,51,100
8,a front view of a {category},True,7.989417989417989,9,1,265,14,100
8,a {category} turned away,False,12.41307863351526,9,5,315,162,100
8,a high-resolution view of a {category},True,6.666666666666667,6,4,162,132,100
8,a {category} near text or signs,True,4.097560975609756,8,4,153,56,100
8,a {category} object,True,3.75,7,3,218,119,100
8,a visible {category} in the scene,True,8.575757575757576,10,0,244,0,100
8,a {category} on a shelf,False,12.41307863351526,11,4,252,83,100
8,a {category} with occlusion,True,3.7500000000000004,5,6,88,169,100
8,a {category} with visible outline,True,3.3322632423756016,10,4,621,46,100
8,a dark {category},True,9.798387096774192,10,5,225,125,100
8,a natural {category},True,9.69512195121951,9,5,294,80,100
8,a {category} in the background,True,4.2298850574712645,9,2,333,12,100
8,a close-up of a {category},True,2.535,4,2,153,71,100
8,a {category} in clutter,True,3.782608695652174,11,7,202,204,100
8,a {category} facing the camera,True,10.427350427350428,11,2,445,63,100
8,an actual {category},True,2.6545454545454548,6,4,131,62,100
8,a {category} near a building,True,9.425675675675675,6,2,261,73,100
8,a tiny {category},False,12.41307863351526,7,3,295,39,100
8,a {category} in low contrast,True,4.612903225806452,16,5,380,226,100
8,a clean view of a {category},True,2.1527272727272724,7,3,253,150,100
8,a messy view of a {category},True,3.813380281690141,7,4,312,139,100
8,a {category} near vegetation,False,12.41307863351526,7,8,263,194,100
8,a small {category} near the center,False,12.41307863351526,7,4,71,77,100
8,a {category} beside a person,True,4.425531914893616,9,4,187,108,100
8,a {category} with clear shape,False,12.41307863351526,7,0,262,0,100
8,a {category} cropped by the frame,True,6.214285714285714,9,2,231,48,100
8,a man-made {category},True,5.255813953488372,8,3,195,41,100
8,a {category} at large scale,True,5.2025316455696204,11,1,354,4,100
8,a real {category},True,2.251851851851852,7,1,385,61,100
8,a {category} in the foreground,True,3.1358490566037736,7,2,238,33,100
8,a {category} separated from other objects,False,12.41307863351526,10,3,422,70,100
8,a photo of a {category},False,12.41307863351526,6,5,167,61,100
8,the {category} in this image,True,3.1333333333333333,10,3,202,43,100
8,a distant {category},True,4.4411764705882355,10,1,135,6,100
8,a bright {category},True,3.05625,7,2,141,54,100
8,a lying {category},True,5.217391304347826,8,2,213,14,100
8,a {category} partly hidden,True,3.3394736842105264,9,2,359,61,100
8,a full view of a {category},True,6.617647058823529,5,3,125,37,100
8,a {category} near equipment,True,3.545454545454546,5,5,74,148,100
8,a {category} overlapping another object,True,3.669642857142857,11,3,240,208,100
8,a sharp {category},True,1.794871794871795,10,1,156,16,100
8,a {category} near shadows,False,12.41307863351526,7,2,300,37,100
8,a low-resolution view of a {category},True,3.5147058823529416,12,2,422,28,100
8,a partial view of a {category},True,2.153846153846154,13,3,299,135,100
8,a {category} on a table,False,12.41307863351526,3,2,51,24,100
8,a {category} in open space,True,3.1148936170212767,8,5,211,47,100
8,a large {category},True,5.93607305936073,14,1,290,3,100
8,a single {category},True,14.234042553191488,14,4,392,154,100
8,a {category} in the scene,True,8.359090909090908,16,3,563,207,100
8,a {category} near furniture,True,2.8079268292682924,14,2,287,51,100
8,a {category} with neutral color,False,12.41307863351526,6,6,297,112,100
8,a {category} in high contrast,True,4.526315789473684,7,1,96,4,100
8,a moving {category},True,10.432692307692308,11,1,394,67,100
8,a {category} fully inside the frame,False,12.41307863351526,13,3,311,129,100
8,a {category} near food,True,3.5555555555555554,16,4,304,68,100
8,a {category} near a vehicle,True,7.483660130718954,8,1,204,22,100
8,a parked {category},False,12.41307863351526,6,1,128,9,100
8,a {category} in profile,True,1.8962962962962961,8,0,113,0,100
8,a {category} near a road,True,3.3552631578947367,7,2,152,24,100
8,a {category} at medium scale,True,4.046511627906977,5,4,199,82,100
8,a {category} at the left side,True,3.9148936170212765,8,7,171,140,100
8,a {category} at the right side,False,12.41307863351526,15,4,233,147,100
8,a photographic {category},True,4.205128205128204,6,3,149,83,100
8,a {category} at the top of the image,False,12.41307863351526,6,3,157,73,100
8,a {category} in front of a wall,True,4.197530864197531,7,3,309,92,100
8,a {category} at small scale,False,12.41307863351526,6,1,260,28,100
8,a stacked {category},True,3.1875,6,2,100,32,100
8,a zoomed view of a {category},True,3.5104166666666665,5,3,297,172,100
8,a real-world {category},True,2.14,10,1,184,7,100
8,an image showing a {category},True,2.9899999999999998,17,2,538,22,100
8,a wide-angle view with a {category},False,12.41307863351526,8,4,136,37,100
8,a photo containing a {category},False,12.41307863351526,8,2,385,25,100
8,a picture with a {category},True,4.526315789473684,11,4,229,328,100
8,a {category} on the ground,False,12.41307863351526,7,2,226,9,100
8,a {category} among other objects,True,4.3428571428571425,5,2,137,23,100
8,a sitting {category},True,8.191489361702127,10,4,550,86,100
9,a {category} near the edge of the image,False,13.189560123566336,6,2,104,16,100
9,a hanging {category},True,6.524444444444446,10,3,320,105,100
9,a {category} near water,False,13.189560123566336,12,1,362,30,100
9,a side view of a {category},True,3.6086956521739126,7,1,158,22,100
9,a {category} under daylight,True,3.786290322580645,11,4,271,153,100
9,a blurry {category},True,4.143589743589744,16,1,563,7,100
9,a scene featuring a {category},False,13.189560123566336,6,4,169,80,100
9,a natural image of a {category},True,2.1777777777777776,8,4,292,72,100
9,a standing {category},True,3.313953488372093,12,1,340,27,100
9,a {category} seen from below,True,3.024590163934426,10,5,225,66,100
9,a {category} seen from above,True,3.13953488372093,8,1,194,37,100
9,a {category} next to a wall,True,5.037037037037036,14,0,272,0,100
9,a cropped view of a {category},True,5.77683615819209,17,4,391,90,100
9,a surveillance-style view of a {category},False,13.189560123566336,9,5,182,227,100
9,a clear photo of a {category},True,4.548387096774194,7,4,157,48,100
9,a {category} outdoors,True,3.1714285714285713,7,5,110,65,100
9,a {category} without occlusion,False,13.189560123566336,6,7,49,77,100
9,a {category} far from the camera,True,7.433333333333334,12,4,199,101,100
9,a nearby {category},True,2.56,5,2,59,169,100
9,a {category} at the bottom of the image,True,4.990990990990991,13,3,505,121,100
9,a {category} with strong color,False,13.189560123566336,7,4,126,186,100
9,a {category} inside a room,True,3.2968421052631585,9,3,457,77,100
9,a {category} near the camera,False,13.189560123566336,9,4,304,69,100
9,a {category} near an animal,True,2.985185185185185,8,5,350,103,100
9,a front view of a {category},True,6.185185185185185,10,1,296,4,100
9,a {category} turned away,True,4.151515151515151,9,6,374,194,100
9,a high-resolution view of a {category},True,3.036,6,2,219,37,100
9,a {category} near text or signs,True,3.8095238095238093,5,4,75,62,100
9,a {category} object,True,3.5576470588235294,8,3,429,19,100
9,a visible {category} in the scene,True,4.977777777777778,9,2,195,71,100
9,a {category} on a shelf,False,13.189560123566336,9,3,163,134,100
9,a {category} with occlusion,False,13.189560123566336,8,3,141,114,100
9,a {category} with visible outline,True,3.0295081967213116,10,3,267,318,100
9,a dark {category},True,3.5757575757575757,11,5,224,134,100
9,a natural {category},True,9.999999999999998,14,3,330,55,100
9,a {category} in the background,True,7.027491408934708,11,1,370,54,100
9,a close-up of a {category},True,3.064285714285714,7,1,248,14,100
9,a {category} in clutter,True,6.944444444444444,10,7,159,224,100
9,a {category} facing the camera,True,11.903225806451612,8,3,340,259,100
9,an actual {category},True,2.6545454545454548,6,3,131,102,100
9,a {category} near a building,False,13.189560123566336,5,0,88,0,100
9,a tiny {category},False,13.189560123566336,6,3,197,59,100
9,a {category} in low contrast,True,3.662234042553191,14,6,401,160,100
9,a clean view of a {category},False,13.189560123566336,8,2,285,109,100
9,a messy view of a {category},True,6.585365853658536,7,5,353,104,100
9,a {category} near vegetation,True,3.849056603773585,10,0,189,0,100
9,a small {category} near the center,False,13.189560123566336,6,7,82,105,100
9,a {category} beside a person,True,6.96969696969697,10,1,250,10,100
9,a {category} with clear shape,True,5.611940298507463,11,0,319,0,100
9,a {category} cropped by the frame,True,3.6,8,5,210,54,100
9,a man-made {category},False,13.189560123566336,13,2,248,36,100
9,a {category} at large scale,True,5.025974025974026,9,4,336,94,100
9,a real {category},True,9.121621621621621,9,1,254,36,100
9,a {category} in the foreground,True,4.857142857142857,7,1,178,3,100
9,a {category} separated from other objects,True,3.270833333333333,12,2,423,157,100
9,a photo of a {category},True,3.020689655172414,7,3,127,24,100
9,the {category} in this image,False,13.189560123566336,10,2,220,21,100
9,a distant {category},True,3.375,5,5,96,77,100
9,a bright {category},True,3.189473684210526,8,3,174,177,100
9,a lying {category},True,7.312499999999999,5,2,127,31,100
9,a {category} partly hidden,True,3.421232876712329,7,4,296,165,100
9,a full view of a {category},True,4.822222222222223,6,5,72,214,100
9,a {category} near equipment,True,6.607142857142857,10,1,204,12,100
9,a {category} overlapping another object,True,3.4261363636363633,11,1,179,44,100
9,a sharp {category},False,13.189560123566336,8,3,163,58,100
9,a {category} near shadows,True,4.790697674418605,7,1,181,57,100
9,a low-resolution view of a {category},True,5.886524822695036,7,5,159,280,100
9,a partial view of a {category},True,1.7400000000000002,7,5,156,241,100
9,a {category} on a table,False,13.189560123566336,6,0,75,0,100
9,a {category} in open space,True,3.571428571428571,7,2,72,31,100
9,a large {category},True,2.4,12,6,184,117,100
9,a single {category},True,5.706766917293233,15,4,732,116,100
9,a {category} in the scene,True,2.108641975308642,9,8,366,340,100
9,a {category} near furniture,True,6.105263157894737,13,3,386,39,100
9,a {category} with neutral color,True,3.0109090909090908,10,3,239,169,100
9,a {category} in high contrast,True,4.2857142857142865,6,2,76,26,100
9,a moving {category},True,11.547619047619047,13,2,344,194,100
9,a {category} fully inside the frame,True,5.527777777777778,14,1,338,10,100
9,a {category} near food,True,3.386029411764706,11,5,273,103,100
9,a {category} near a vehicle,True,2.675675675675676,7,3,148,138,100
9,a parked {category},False,13.189560123566336,6,1,132,154,100
9,a {category} in profile,True,3.222222222222222,7,2,105,43,100
9,a {category} near a road,True,2.4,6,4,70,99,100
9,a {category} at medium scale,True,5.093023255813954,6,4,190,115,100
9,a {category} at the left side,True,3.1473214285714284,12,3,213,86,100
9,a {category} at the right side,True,2.944615384615385,16,4,278,53,100
9,a photographic {category},True,4.638297872340425,8,2,193,43,100
9,a {category} at the top of the image,False,13.189560123566336,10,2,585,25,100
9,a {category} in front of a wall,True,3.2880000000000003,8,3,234,98,100
9,a {category} at small scale,True,8.333333333333334,6,4,296,37,100
9,a stacked {category},True,3.181818181818182,6,2,120,29,100
9,a zoomed view of a {category},True,2.971428571428571,5,2,182,66,100
9,a real-world {category},True,2.064516129032258,8,3,139,91,100
9,an image showing a {category},True,3.006741573033708,15,5,387,193,100
9,a wide-angle view with a {category},True,2.86875,10,0,135,0,100
9,a photo containing a {category},False,13.189560123566336,6,2,228,98,100
9,a picture with a {category},True,4.943262411347518,12,2,631,133,100
9,a {category} on the ground,True,3.255813953488372,9,3,137,117,100
9,a {category} among other objects,False,13.189560123566336,7,2,240,48,100
9,a sitting {category},True,7.560096153846154,9,4,573,53,100
10,a {category} near the edge of the image,True,2.0823529411764707,8,0,153,0,100
10,a hanging {category},True,5.617021276595745,7,2,462,43,100
10,a {category} near water,False,10.921887033727131,10,3,195,167,100
10,a side view of a {category},True,3.181818181818182,8,4,138,78,100
10,a {category} under daylight,True,4.0227272727272725,13,2,404,38,100
10,a blurry {category},True,4.163636363636364,15,5,416,298,100
10,a scene featuring a {category},False,10.921887033727131,7,2,176,26,100
10,a natural image of a {category},True,4.9186046511627906,13,1,369,14,100
10,a standing {category},True,4.061538461538461,8,3,241,107,100
10,a {category} seen from below,True,3.9382716049382713,12,2,294,45,100
10,a {category} seen from above,True,3.2399999999999998,8,2,254,113,100
10,a {category} next to a wall,True,4.615384615384615,8,4,132,109,100
10,a cropped view of a {category},True,4.263736263736265,17,3,351,48,100
10,a surveillance-style view of a {category},False,10.921887033727131,12,2,373,31,100
10,a clear photo of a {category},True,5.706666666666667,12,2,219,14,100
10,a {category} outdoors,True,3.516666666666666,8,3,186,44,100
10,a {category} without occlusion,False,10.921887033727131,7,2,72,30,100
10,a {category} far from the camera,True,3.925925925925926,12,2,365,48,100
10,a nearby {category},True,5.045454545454546,5,2,192,29,100
10,a {category} at the bottom of the image,True,7.595238095238095,15,4,604,36,100
10,a {category} with strong color,False,10.921887033727131,5,4,141,61,100
10,a {category} inside a room,True,10.5,8,5,286,293,100
10,a {category} near the camera,True,3.035820895522388,10,2,294,10,100
10,a {category} near an animal,False,10.921887033727131,11,1,422,14,100
10,a front view of a {category},True,6.512345679012346,7,3,195,210,100
10,a {category} turned away,True,4.45,14,1,575,36,100
10,a high-resolution view of a {category},True,4.169491525423729,7,4,279,97,100
10,a {category} near text or signs,True,5.706214689265536,12,1,195,11,100
10,a {category} object,True,3.7608695652173916,7,2,301,113,100
10,a visible {category} in the scene,True,3.124528301886792,8,4,237,37,100
10,a {category} on a shelf,False,10.921887033727131,9,4,231,95,100
10,a {category} with occlusion,True,1.8810810810810812,7,3,153,19,100
10,a {category} with visible outline,True,3.090566037735849,9,2,236,315,100
10,a dark {category},False,10.921887033727131,8,5,233,46,100
10,a natural {category},True,12.318181818181818,10,6,247,185,100
10,a {category} in the background,False,10.921887033727131,6,7,232,136,100
10,a close-up of a {category},True,2.6533333333333333,6,3,178,45,100
10,a {category} in clutter,True,3.676470588235294,13,6,219,182,100
10,a {category} facing the camera,True,4.32967032967033,9,1,355,33,100
10,an actual {category},True,2.08,7,5,201,80,100
10,a {category} near a building,True,4.968553459119497,4,1,159,20,100
10,a tiny {category},True,4.22,9,3,191,139,100
10,a {category} in low contrast,True,4.2727272727272725,11,6,212,183,100
10,a clean view of a {category},True,2.2029850746268655,9,1,314,57,100
10,a messy view of a {category},True,12.27848101265823,8,3,339,122,100
10,a {category} near vegetation,True,6.637037037037038,12,2,390,25,100
10,a small {category} near the center,True,3.1415094339622645,11,2,201,31,100
10,a {category} beside a person,False,10.921887033727131,9,4,201,88,100
10,a {category} with clear shape,False,10.921887033727131,7,1,210,2,100
10,a {category} cropped by the frame,True,4.369565217391305,8,5,181,74,100
10,a man-made {category},True,8.209876543209877,10,3,232,16,100
10,a {category} at large scale,True,7.71186440677966,10,1,242,86,100
10,a real {category},True,2.051063829787234,6,5,208,280,100
10,a {category} in the foreground,True,3.477272727272727,7,1,270,21,100
10,a {category} separated from other objects,False,10.921887033727131,8,2,242,65,100
10,a photo of a {category},False,10.921887033727131,7,5,155,82,100
10,the {category} in this image,False,10.921887033727131,9,0,191,0,100
10,a distant {category},True,7.613636363636363,11,0,179,0,100
10,a bright {category},False,10.921887033727131,5,2,110,27,100
10,a lying {category},True,5.225806451612903,3,4,65,142,100
10,a {category} partly hidden,True,4.0307692307692315,7,2,241,66,100
10,a full view of a {category},True,4.807017543859649,7,3,241,29,100
10,a {category} near equipment,False,10.921887033727131,6,4,124,48,100
10,a {category} overlapping another object,True,3.4137931034482754,11,4,422,31,100
10,a sharp {category},True,1.9043478260869566,6,5,72,106,100
10,a {category} near shadows,True,3.2865671641791043,7,1,312,3,100
10,a low-resolution view of a {category},True,6.471544715447155,10,3,348,63,100
10,a partial view of a {category},True,2.354022988505747,15,3,439,163,100
10,a {category} on a table,False,10.921887033727131,4,1,52,21,100
10,a {category} in open space,True,7.428571428571428,10,2,139,55,100
10,a large {category},True,4.004716981132075,13,3,242,32,100
10,a single {category},True,6.242038216560509,18,4,837,68,100
10,a {category} in the scene,True,2.811953352769679,14,2,581,76,100
10,a {category} near furniture,True,3.0555555555555554,12,4,301,95,100
10,a {category} with neutral color,True,8.75,10,3,324,90,100
10,a {category} in high contrast,True,3.3448275862068964,7,2,94,20,100
10,a moving {category},True,3.944444444444444,8,7,244,330,100
10,a {category} fully inside the frame,False,10.921887033727131,9,4,152,62,100
10,a {category} near food,True,3.244565217391304,12,6,179,147,100
10,a {category} near a vehicle,True,7.118055555555555,7,4,185,93,100
10,a parked {category},False,10.921887033727131,7,0,273,0,100
10,a {category} in profile,False,10.921887033727131,3,3,21,41,100
10,a {category} near a road,True,3.3846153846153846,7,4,157,83,100
10,a {category} at medium scale,True,7.244444444444444,7,1,278,3,100
10,a {category} at the left side,True,3.976470588235294,13,2,311,20,100
10,a {category} at the right side,False,10.921887033727131,12,6,240,110,100
10,a photographic {category},False,10.921887033727131,6,2,174,15,100
10,a {category} at the top of the image,True,4.025,9,5,276,354,100
10,a {category} in front of a wall,True,3.4918032786885247,8,4,204,190,100
10,a {category} at small scale,True,4.487179487179487,5,3,156,145,100
10,a stacked {category},True,2.8125,7,2,140,17,100
10,a zoomed view of a {category},True,3.740131578947368,5,4,329,166,100
10,a real-world {category},True,2.7,6,2,137,48,100
10,an image showing a {category},True,3.4989473684210526,15,5,489,84,100
10,a wide-angle view with a {category},True,3.61875,11,1,169,34,100
10,a photo containing a {category},False,10.921887033727131,10,2,469,31,100
10,a picture with a {category},True,3.163235294117647,11,3,642,34,100
10,a {category} on the ground,True,3.219512195121951,6,4,189,82,100
10,a {category} among other objects,True,2.9647058823529413,6,4,219,87,100
10,a sitting {category},True,3.152,9,5,339,172,100
11,a {category} near the edge of the image,True,3.7279411764705888,9,1,147,17,100
11,a hanging {category},False,14.14601796587689,7,5,161,299,100
11,a {category} near water,True,3.3344262295081966,11,4,288,50,100
11,a side view of a {category},True,2.461224489795918,9,2,184,25,100
11,a {category} under daylight,True,2.216666666666667,9,5,339,92,100
11,a blurry {category},True,5.478547854785479,13,8,378,379,100
11,a scene featuring a {category},True,8.333333333333332,6,1,166,10,100
11,a natural image of a {category},True,3.566666666666667,10,1,189,14,100
11,a standing {category},True,6.442786069651741,8,3,240,25,100
11,a {category} seen from below,True,7.328042328042328,11,1,248,21,100
11,a {category} seen from above,True,5.432098765432099,10,1,375,10,100
11,a {category} next to a wall,True,3.125,6,4,96,78,100
11,a cropped view of a {category},True,8.40625,20,2,506,31,100
11,a surveillance-style view of a {category},False,14.14601796587689,13,2,387,27,100
11,a clear photo of a {category},True,3.7735849056603774,13,4,161,139,100
11,a {category} outdoors,False,14.14601796587689,8,5,231,71,100
11,a {category} without occlusion,True,3.0413793103448272,12,2,128,17,100
11,a {category} far from the camera,True,5.357142857142857,8,4,256,73,100
11,a nearby {category},True,3.1714285714285713,7,1,222,9,100
11,a {category} at the bottom of the image,True,3.5425531914893615,9,5,195,299,100
11,a {category} with strong color,True,3.1538461538461537,7,2,176,26,100
11,a {category} inside a room,True,5.396825396825396,8,4,266,239,100
11,a {category} near the camera,True,2.1,11,1,324,38,100
11,a {category} near an animal,True,3.137837837837838,6,4,333,61,100
11,a front view of a {category},True,3.762295081967213,8,2,265,26,100
11,a {category} turned away,False,14.14601796587689,13,2,492,38,100
11,a high-resolution view of a {category},True,3.8103448275862064,9,1,383,2,100
11,a {category} near text or signs,True,3.5,8,2,148,24,100
11,a {category} object,True,3.5384615384615388,7,2,163,179,100
11,a visible {category} in the scene,True,4.717948717948718,8,1,163,9,100
11,a {category} on a shelf,False,14.14601796587689,11,1,250,55,100
11,a {category} with occlusion,False,14.14601796587689,8,2,256,11,100
11,a {category} with visible outline,True,4.716666666666667,10,4,249,417,100
11,a dark {category},True,3.320121951219512,12,3,325,84,100
11,a natural {category},True,9.794520547945204,10,5,265,127,100
11,a {category} in the background,True,6.875,10,4,331,120,100
11,a close-up of a {category},True,3.0736842105263156,7,1,253,2,100
11,a {category} in clutter,True,6.873015873015873,15,3,373,17,100
11,a {category} facing the camera,True,4.135802469135802,12,3,618,67,100
11,an actual {category},True,2.6739130434782608,5,2,79,49,100
11,a {category} near a building,True,4.123595505617978,8,1,334,3,100
11,a tiny {category},True,2.0210526315789474,6,7,63,319,100
11,a {category} in low contrast,True,4.411881188118811,17,3,498,83,100
11,a clean view of a {category},False,14.14601796587689,5,4,197,143,100
11,a messy view of a {category},False,14.14601796587689,7,2,331,38,100
11,a {category} near vegetation,True,1.8222222222222222,5,8,110,316,100
11,a small {category} near the center,True,3.2109375,13,2,248,10,100
11,a {category} beside a person,True,3.3552631578947367,11,2,228,78,100
11,a {category} with clear shape,False,14.14601796587689,3,4,154,71,100
11,a {category} cropped by the frame,True,4.3809523809523805,10,2,166,105,100
11,a man-made {category},True,8.389830508474574,12,3,258,13,100
11,a {category} at large scale,True,5.261363636363636,9,4,397,51,100
11,a real {category},True,3.43469387755102,10,3,499,66,100
11,a {category} in the foreground,True,3.333333333333333,5,2,58,33,100
11,a {category} separated from other objects,False,14.14601796587689,7,6,303,221,100
11,a photo of a {category},False,14.14601796587689,7,5,147,80,100
11,the {category} in this image,False,14.14601796587689,7,2,144,8,100
11,a distant {category},True,2.4000000000000004,5,4,55,45,100
11,a bright {category},False,14.14601796587689,4,4,95,79,100
11,a lying {category},True,2.6875,7,3,98,129,100
11,a {category} partly hidden,False,14.14601796587689,8,3,311,68,100
11,a full view of a {category},True,11.25,6,3,53,112,100
11,a {category} near equipment,True,11.142857142857142,6,4,139,59,100
11,a {category} overlapping another object,True,3.527027027027027,8,4,153,201,100
11,a sharp {category},False,14.14601796587689,9,3,130,60,100
11,a {category} near shadows,True,4.5,6,0,144,0,100
11,a low-resolution view of a {category},True,5.55897435897436,8,5,246,101,100
11,a partial view of a {category},True,2.169014084507042,7,8,328,163,100
11,a {category} on a table,True,7.656250000000001,8,0,131,0,100
11,a {category} in open space,False,14.14601796587689,10,1,213,14,100
11,a large {category},True,3.46875,15,3,262,76,100
11,a single {category},True,11.556603773584905,14,3,524,202,100
11,a {category} in the scene,True,6.997549019607843,14,3,513,75,100
11,a {category} near furniture,True,3.175324675324675,12,5,295,120,100
11,a {category} with neutral color,True,4.666666666666666,13,0,370,0,100
11,a {category} in high contrast,True,3.5555555555555554,5,1,57,10,100
11,a moving {category},True,7.222222222222221,10,4,246,281,100
11,a {category} fully inside the frame,True,5.633802816901408,11,3,339,91,100
11,a {category} near food,True,3.1120689655172415,16,1,328,10,100
11,a {category} near a vehicle,True,3.894736842105263,6,3,138,89,100
11,a parked {category},False,14.14601796587689,4,4,220,155,100
11,a {category} in profile,True,2.0923076923076924,9,1,175,6,100
11,a {category} near a road,False,14.14601796587689,7,5,178,71,100
11,a {category} at medium scale,True,9.333333333333334,4,7,30,226,100
11,a {category} at the left side,True,5.913978494623656,13,2,210,82,100
11,a {category} at the right side,True,2.9181818181818184,15,4,281,29,100
11,a photographic {category},True,2.56551724137931,7,4,92,174,100
11,a {category} at the top of the image,False,14.14601796587689,8,3,450,55,100
11,a {category} in front of a wall,True,4.4,11,0,375,0,100
11,a {category} at small scale,False,14.14601796587689,6,4,154,179,100
11,a stacked {category},True,2.710526315789474,6,2,126,23,100
11,a zoomed view of a {category},True,2.091566265060241,6,2,373,58,100
11,a real-world {category},True,2.0258064516129033,8,2,136,53,100
11,an image showing a {category},True,2.877551020408163,13,4,412,135,100
11,a wide-angle view with a {category},True,3.580645161290322,9,2,131,29,100
11,a photo containing a {category},False,14.14601796587689,7,2,283,118,100
11,a picture with a {category},True,6.191011235955056,9,5,480,119,100
11,a {category} on the ground,False,5.322023576493106,5,3,155,63,100
11,a {category} among other objects,True,5.1818181818181825,5,2,148,39,100
11,a sitting {category},True,10.617977528089888,12,3,341,404,100
12,a {category} near the edge of the image,False,10.734327485380119,9,2,180,50,100
12,a hanging {category},False,10.734327485380119,12,3,541,31,100
12,a {category} near water,True,3.5758928571428568,9,5,235,47,100
12,a side view of a {category},True,2.728723404255319,8,2,162,96,100
12,a {category} under daylight,True,2.2333333333333334,12,1,397,10,100
12,a blurry {category},True,4.389380530973451,15,7,449,248,100
12,a scene featuring a {category},False,10.734327485380119,5,3,94,62,100
12,a natural image of a {category},True,6.064516129032258,10,3,250,74,100
12,a standing {category},True,6.7892156862745106,9,2,253,84,100
12,a {category} seen from below,True,2.0742857142857143,7,4,116,239,100
12,a {category} seen from above,False,10.734327485380119,5,2,259,51,100
12,a {category} next to a wall,True,6.723684210526316,6,6,87,142,100
12,a cropped view of a {category},True,6.810344827586207,17,2,432,33,100
12,a surveillance-style view of a {category},False,10.734327485380119,9,5,211,99,100
12,a clear photo of a {category},True,3.3461538461538463,10,6,181,115,100
12,a {category} outdoors,True,6.254901960784314,11,3,281,51,100
12,a {category} without occlusion,False,10.734327485380119,7,7,75,71,100
12,a {category} far from the camera,True,8.524590163934425,12,4,269,53,100
12,a nearby {category},False,10.734327485380119,5,1,214,3,100
12,a {category} at the bottom of the image,True,8.15,15,2,612,28,100
12,a {category} with strong color,True,4.071428571428571,8,1,227,7,100
12,a {category} inside a room,True,4.582608695652174,13,2,482,106,100
12,a {category} near the camera,False,10.734327485380119,8,2,273,22,100
12,a {category} near an animal,True,2.265,9,3,383,74,100
12,a front view of a {category},True,7.71062271062271,11,2,372,80,100
12,a {category} turned away,True,4.837606837606837,8,7,267,352,100
12,a high-resolution view of a {category},True,2.9678571428571425,8,3,241,103,100
12,a {category} near text or signs,True,5.875,8,4,135,64,100
12,a {category} object,True,4.266666666666667,5,3,116,127,100
12,a visible {category} in the scene,True,12.428571428571429,5,4,106,97,100
12,a {category} on a shelf,False,10.734327485380119,10,3,269,40,100
12,a {category} with occlusion,True,2.0727272727272728,8,4,246,33,100
12,a {category} with visible outline,True,5.395555555555556,9,5,537,125,100
12,a dark {category},True,4.511627906976744,11,4,346,45,100
12,a natural {category},True,2.0,10,3,182,126,100
12,a {category} in the background,True,5.54074074074074,10,5,340,145,100
12,a close-up of a {category},True,2.582608695652174,4,3,90,99,100
12,a {category} in clutter,True,6.99530516431925,15,7,271,205,100
12,a {category} facing the camera,True,9.54954954954955,11,3,395,152,100
12,an actual {category},False,10.734327485380119,4,5,67,164,100
12,a {category} near a building,True,4.933333333333333,5,2,130,99,100
12,a tiny {category},True,2.2714285714285714,7,1,100,78,100
12,a {category} in low contrast,True,4.068965517241379,12,3,403,119,100
12,a clean view of a {category},False,10.734327485380119,3,3,110,83,100
12,a messy view of a {category},True,6.478632478632478,9,3,331,119,100
12,a {category} near vegetation,False,10.734327485380119,8,2,192,82,100
12,a small {category} near the center,False,10.734327485380119,12,2,184,26,100
12,a {category} beside a person,True,4.032786885245901,12,2,281,36,100
12,a {category} with clear shape,False,10.734327485380119,7,2,175,42,100
12,a {category} cropped by the frame,True,3.5113636363636362,7,6,182,90,100
12,a man-made {category},True,4.938775510204081,10,4,211,47,100
12,a {category} at large scale,True,3.6136363636363633,8,5,186,162,100
12,a real {category},True,2.4511627906976745,9,2,453,61,100
12,a {category} in the foreground,True,7.487562189054726,9,1,268,9,100
12,a {category} separated from other objects,True,3.336448598130841,8,5,425,141,100
12,a photo of a {category},False,10.734327485380119,8,2,123,54,100
12,the {category} in this image,True,2.075,10,0,144,0,100
12,a distant {category},True,1.9857142857142858,8,2,121,11,100
12,a bright {category},False,10.734327485380119,5,2,65,41,100
12,a lying {category},False,10.734327485380119,7,3,99,128,100
12,a {category} partly hidden,True,3.4931506849315066,7,0,301,0,100
12,a full view of a {category},True,4.745098039215686,8,4,213,80,100
12,a {category} near equipment,True,2.837837837837838,7,2,154,26,100
12,a {category} overlapping another object,True,3.083076923076923,12,3,289,161,100
12,a sharp {category},True,2.76734693877551,10,3,201,41,100
12,a {category} near shadows,False,10.734327485380119,6,2,304,30,100
12,a low-resolution view of a {category},True,3.444444444444444,9,3,329,138,100
12,a partial view of a {category},True,2.3032967032967036,11,2,455,18,100
12,a {category} on a table,True,4.416666666666667,6,2,96,37,100
12,a {category} in open space,True,3.0153846153846153,6,4,171,45,100
12,a large {category},True,4.666666666666667,14,3,259,61,100
12,a single {category},True,6.558441558441558,14,5,499,103,100
12,a {category} in the scene,True,3.758064516129032,11,2,405,17,100
12,a {category} near furniture,True,5.168539325842697,14,2,320,20,100
12,a {category} with neutral color,True,2.6666666666666665,6,5,72,140,100
12,a {category} in high contrast,True,2.869565217391304,10,0,134,0,100
12,a moving {category},True,4.859154929577465,11,3,302,70,100
12,a {category} fully inside the frame,False,10.734327485380119,12,1,403,4,100
12,a {category} near food,True,6.405228758169935,18,0,364,0,100
12,a {category} near a vehicle,True,2.66,4,6,119,95,100
12,a parked {category},False,10.734327485380119,7,1,284,91,100
12,a {category} in profile,True,2.8153846153846156,8,0,108,0,100
12,a {category} near a road,True,4.260869565217392,4,4,89,110,100
12,a {category} at medium scale,True,7.660818713450292,9,1,233,21,100
12,a {category} at the left side,True,6.349206349206349,12,6,223,181,100
12,a {category} at the right side,False,10.734327485380119,13,6,276,84,100
12,a photographic {category},True,2.8864864864864868,5,3,157,53,100
12,a {category} at the top of the image,True,2.2549019607843137,11,3,500,142,100
12,a {category} in front of a wall,True,3.2285714285714286,6,5,194,177,100
12,a {category} at small scale,False,10.734327485380119,6,3,151,63,100
12,a stacked {category},True,2.625,8,1,122,11,100
12,a zoomed view of a {category},True,3.352577319587629,7,1,479,34,100
12,a real-world {category},True,1.9428571428571428,8,2,178,20,100
12,an image showing a {category},True,3.971052631578948,14,4,438,74,100
12,a wide-angle view with a {category},True,2.9250000000000003,7,1,136,21,100
12,a photo containing a {category},False,4.698657051059797,7,2,357,92,100
12,a picture with a {category},True,5.234042553191489,9,3,426,319,100
12,a {category} on the ground,True,4.371428571428571,10,1,274,4,100
12,a {category} among other objects,True,4.730769230769231,8,1,216,25,100
12,a sitting {category},True,3.3749999999999996,11,4,423,98,100
13,a {category} near the edge of the image,False,13.66115618489473,7,5,103,136,100
13,a hanging {category},True,6.305882352941176,10,4,353,121,100
13,a {category} near water,True,4.8,9,3,252,54,100
13,a side view of a {category},False,13.66115618489473,5,4,53,132,100
13,a {category} under daylight,False,13.66115618489473,10,3,247,112,100
13,a blurry {category},True,4.358878504672897,16,4,530,106,100
13,a scene featuring a {category},False,13.66115618489473,7,1,136,39,100
13,a natural image of a {category},True,3.375,8,4,185,190,100
13,a standing {category},True,5.131147540983607,11,0,270,0,100
13,a {category} seen from below,True,4.4222222222222225,14,3,356,50,100
13,a {category} seen from above,True,3.2240963855421687,9,2,381,17,100
13,a {category} next to a wall,True,9.830508474576272,10,4,215,57,100
13,a cropped view of a {category},True,4.293333333333334,17,6,291,216,100
13,a surveillance-style view of a {category},False,13.66115618489473,9,2,152,129,100
13,a clear photo of a {category},True,3.516666666666666,12,4,201,80,100
13,a {category} outdoors,True,6.666666666666667,9,3,181,114,100
13,a {category} without occlusion,True,2.869565217391304,9,3,97,36,100
13,a {category} far from the camera,True,8.414634146341463,14,1,358,27,100
13,a nearby {category},False,13.66115618489473,4,2,28,169,100
13,a {category} at the bottom of the image,True,8.407563025210084,17,5,626,71,100
13,a {category} with strong color,False,5.457355220647282,4,4,136,45,100
13,a {category} inside a room,True,5.904017857142857,11,2,481,82,100
13,a {category} near the camera,True,3.035820895522388,9,3,294,69,100
13,a {category} near an animal,True,3.556818181818182,9,2,275,49,100
13,a front view of a {category},True,4.984615384615386,8,2,281,136,100
13,a {category} turned away,True,3.9714285714285715,12,3,508,107,100
13,a high-resolution view of a {category},True,3.06,6,4,221,121,100
13,a {category} near text or signs,True,4.615384615384615,8,3,111,66,100
13,a {category} object,True,3.9305555555555554,7,4,243,200,100
13,a visible {category} in the scene,False,13.66115618489473,5,4,111,133,100
13,a {category} on a shelf,False,13.66115618489473,8,6,155,140,100
13,a {category} with occlusion,True,2.7789473684210524,7,2,156,96,100
13,a {category} with visible outline,True,6.89247311827957,10,3,574,95,100
13,a dark {category},True,3.3846153846153846,11,4,314,89,100
13,a natural {category},True,3.782608695652174,8,4,202,61,100
13,a {category} in the background,True,4.172043010752689,11,2,353,23,100
13,a close-up of a {category},True,3.3970588235294117,5,3,138,85,100
13,a {category} in clutter,True,3.7397260273972597,14,5,317,108,100
13,a {category} facing the camera,True,5.634408602150538,11,3,356,54,100
13,an actual {category},True,1.8956521739130434,6,3,96,55,100
13,a {category} near a building,False,13.66115618489473,5,2,215,12,100
13,a tiny {category},True,4.566666666666666,8,2,244,45,100
13,a {category} in low contrast,True,3.504807692307692,10,6,215,137,100
13,a clean view of a {category},False,13.66115618489473,6,3,213,52,100
13,a messy view of a {category},False,13.66115618489473,7,4,252,142,100
13,a {category} near vegetation,True,3.9893617021276593,12,2,434,32,100
13,a small {category} near the center,True,6.0144927536231885,10,1,158,10,100
13,a {category} beside a person,True,4.54320987654321,14,0,327,0,100
13,a {category} with clear shape,False,13.66115618489473,7,3,125,140,100
13,a {category} cropped by the frame,False,13.66115618489473,10,1,195,17,100
13,a man-made {category},True,4.733333333333333,12,3,188,20,100
13,a {category} at large scale,True,4.789473684210526,9,4,240,158,100
13,a real {category},True,4.205128205128204,9,3,298,222,100
13,a {category} in the foreground,True,3.5113636363636362,8,3,182,116,100
13,a {category} separated from other objects,True,3.0305084745762714,9,4,259,224,100
13,a photo of a {category},True,3.0,9,2,165,21,100
13,the {category} in this image,True,3.13953488372093,10,2,194,38,100
13,a distant {category},True,4.6,9,3,122,59,100
13,a bright {category},True,4.157303370786517,9,1,337,10,100
13,a lying {category},True,3.1666666666666665,6,2,73,80,100
13,a {category} partly hidden,True,3.3483870967741933,8,2,294,73,100
13,a full view of a {category},True,4.6000000000000005,7,1,164,28,100
13,a {category} near equipment,True,5.448275862068965,10,2,217,28,100
13,a {category} overlapping another object,True,2.745,10,2,163,101,100
13,a sharp {category},False,13.66115618489473,11,3,225,29,100
13,a {category} near shadows,False,13.66115618489473,4,2,142,89,100
13,a low-resolution view of a {category},True,3.295774647887324,10,0,279,0,100
13,a partial view of a {category},True,2.4275862068965517,11,5,455,106,100
13,a {category} on a table,True,6.507936507936508,7,0,77,0,100
13,a {category} in open space,True,13.909090909090908,12,2,226,51,100
13,a large {category},True,3.5192307692307696,11,6,175,86,100
13,a single {category},True,7.756510416666666,18,3,819,54,100
13,a {category} in the scene,True,4.764705882352941,7,4,214,139,100
13,a {category} near furniture,True,8.987341772151899,10,5,269,84,100
13,a {category} with neutral color,True,3.142857142857143,8,1,160,7,100
13,a {category} in high contrast,True,3.230769230769231,9,1,123,11,100
13,a moving {category},True,7.105263157894737,9,6,220,369,100
13,a {category} fully inside the frame,False,13.66115618489473,10,3,248,23,100
13,a {category} near food,True,3.7704918032786887,10,7,215,119,100
13,a {category} near a vehicle,False,13.66115618489473,3,3,121,98,100
13,a parked {category},False,13.66115618489473,4,3,291,66,100
13,a {category} in profile,False,13.66115618489473,5,4,125,37,100
13,a {category} near a road,True,5.387755102040816,9,2,181,20,100
13,a {category} at medium scale,False,13.66115618489473,4,5,52,128,100
13,a {category} at the left side,True,5.783549783549784,12,4,301,53,100
13,a {category} at the right side,True,3.0558139534883724,18,1,378,7,100
13,a photographic {category},True,4.361111111111111,5,2,141,60,100
13,a {category} at the top of the image,False,13.66115618489473,9,1,472,21,100
13,a {category} in front of a wall,False,13.66115618489473,4,6,132,176,100
13,a {category} at small scale,True,6.040816326530612,7,2,197,123,100
13,a stacked {category},True,2.7421874999999996,7,2,143,12,100
13,a zoomed view of a {category},True,3.911290322580645,7,1,418,34,100
13,a real-world {category},True,2.5875,6,4,124,54,100
13,an image showing a {category},True,4.090909090909091,9,7,206,209,100
13,a wide-angle view with a {category},True,3.6111111111111107,7,6,115,97,100
13,a photo containing a {category},False,13.66115618489473,12,0,500,0,100
13,a picture with a {category},True,5.384615384615385,9,4,299,456,100
13,a {category} on the ground,True,5.797101449275362,5,4,154,39,100
13,a {category} among other objects,True,4.894736842105263,9,0,244,0,100
13,a sitting {category},True,3.4715909090909087,9,3,539,45,100
14,a {category} near the edge of the image,True,2.8153846153846156,9,2,108,64,100
14,a hanging {category},True,5.395918367346939,12,1,599,7,100
14,a {category} near water,True,2.826086956521739,14,2,286,145,100
14,a side view of a {category},True,3.1534883720930234,8,3,195,39,100
14,a {category} under daylight,False,12.931678640851525,7,4,184,140,100
14,a blurry {category},True,3.9272727272727272,13,9,398,384,100
14,a scene featuring a {category},True,8.527131782945737,9,1,191,32,100
14,a natural image of a {category},True,4.549019607843137,10,4,207,170,100
14,a standing {category},True,2.8340425531914892,8,5,195,155,100
14,a {category} seen from below,True,3.0869565217391304,10,4,259,111,100
14,a {category} seen from above,True,5.308641975308642,9,2,369,17,100
14,a {category} next to a wall,True,4.721311475409836,9,2,157,43,100
14,a cropped view of a {category},True,4.737827715355805,12,8,258,201,100
14,a surveillance-style view of a {category},False,12.931678640851525,11,1,252,13,100
14,a clear photo of a {category},True,3.666666666666667,15,0,238,0,100
14,a {category} outdoors,True,6.395348837209302,7,5,154,144,100
14,a {category} without occlusion,True,2.904,9,5,106,42,100
14,a {category} far from the camera,True,15.313432835820896,11,5,295,68,100
14,a nearby {category},True,4.086734693877551,7,0,228,0,100
14,a {category} at the bottom of the image,True,7.7259887005649714,15,5,505,175,100
14,a {category} with strong color,True,3.920454545454545,8,1,198,28,100
14,a {category} inside a room,True,5.502824858757062,11,1,445,45,100
14,a {category} near the camera,False,4.8870982833474725,4,3,96,68,100
14,a {category} near an animal,True,3.0,7,1,110,117,100
14,a front view of a {category},True,3.724137931034483,6,3,101,307,100
14,a {category} turned away,True,5.589743589743589,9,4,396,113,100
14,a high-resolution view of a {category},True,3.7884615384615388,10,2,342,74,100
14,a {category} near text or signs,True,5.649717514124294,12,1,193,18,100
14,a {category} object,False,12.931678640851525,7,2,174,184,100
14,a visible {category} in the scene,True,12.428571428571429,5,1,106,4,100
14,a {category} on a shelf,False,12.931678640851525,9,3,269,28,100
14,a {category} with occlusion,False,12.931678640851525,7,2,167,13,100
14,a {category} with visible outline,True,2.6357142857142857,6,4,111,74,100
14,a dark {category},True,5.162790697674419,8,5,191,99,100
14,a natural {category},True,5.316017316017317,12,3,282,88,100
14,a {category} in the background,True,4.741071428571429,13,1,483,14,100
14,a close-up of a {category},True,2.6857142857142855,6,2,168,36,100
14,a {category} in clutter,True,11.982758620689655,12,8,244,179,100
14,a {category} facing the camera,True,6.495098039215687,10,3,245,303,100
14,an actual {category},True,3.6149999999999998,8,1,211,15,100
14,a {category} near a building,True,2.7556818181818183,4,2,109,141,100
14,a tiny {category},True,4.36734693877551,8,2,193,35,100
14,a {category} in low contrast,True,4.742268041237113,14,4,405,120,100
14,a clean view of a {category},False,12.931678640851525,9,1,305,42,100
14,a messy view of a {category},True,13.131578947368421,11,0,434,0,100
14,a {category} near vegetation,False,12.931678640851525,8,4,394,73,100
14,a small {category} near the center,True,3.144230769230769,12,1,198,30,100
14,a {category} beside a person,True,5.658536585365854,14,1,314,22,100
14,a {category} with clear shape,False,12.931678640851525,5,4,110,154,100
14,a {category} cropped by the frame,True,5.423076923076923,12,2,240,30,100
14,a man-made {category},True,3.1542857142857144,11,4,159,111,100
14,a {category} at large scale,True,7.984496124031008,13,1,362,9,100
14,a real {category},True,5.327868852459016,8,1,192,10,100
14,a {category} in the foreground,True,4.8500000000000005,6,1,170,61,100
14,a {category} separated from other objects,True,2.0689655172413794,6,5,258,204,100
14,a photo of a {category},True,3.109375,11,3,181,110,100
14,the {category} in this image,True,3.1783783783783783,8,2,169,37,100
14,a distant {category},False,12.931678640851525,4,4,65,36,100
14,a bright {category},True,2.3121951219512193,6,2,147,58,100
14,a lying {category},True,5.018867924528302,6,2,142,61,100
14,a {category} partly hidden,True,3.0545454545454547,6,2,145,55,100
14,a full view of a {category},True,5.853658536585366,6,2,137,22,100
14,a {category} near equipment,True,3.8068181818181817,6,5,67,139,100
14,a {category} overlapping another object,True,7.132275132275131,6,3,288,100,100
14,a sharp {category},False,12.931678640851525,12,1,202,27,100
14,a {category} near shadows,False,4.8870982833474725,2,4,108,174,100
14,a low-resolution view of a {category},True,2.150819672131148,10,4,281,194,100
14,a partial view of a {category},False,12.931678640851525,10,2,351,37,100
14,a {category} on a table,True,4.916666666666666,6,1,104,4,100
14,a {category} in open space,True,3.1135135135135137,10,3,165,25,100
14,a large {category},True,3.609375,12,5,203,111,100
14,a single {category},True,10.317073170731707,13,8,270,521,100
14,a {category} in the scene,True,5.764285714285714,16,3,747,71,100
14,a {category} near furniture,True,3.6153846153846154,7,7,222,132,100
14,a {category} with neutral color,True,4.426229508196721,9,5,241,187,100
14,a {category} in high contrast,False,12.931678640851525,5,2,54,29,100
14,a moving {category},True,8.691588785046727,12,3,505,115,100
14,a {category} fully inside the frame,True,3.5788235294117645,15,3,432,31,100
14,a {category} near food,True,4.0,14,3,269,43,100
14,a {category} near a vehicle,True,4.421875,10,1,253,25,100
14,a parked {category},False,12.931678640851525,5,3,126,165,100
14,a {category} in profile,True,2.013793103448276,8,2,127,54,100
14,a {category} near a road,True,3.606382978723404,9,1,199,14,100
14,a {category} at medium scale,True,5.486111111111112,7,2,77,74,100
14,a {category} at the left side,True,3.0428571428571427,9,6,185,161,100
14,a {category} at the right side,True,2.8241379310344827,16,5,241,129,100
14,a photographic {category},False,12.931678640851525,5,2,173,22,100
14,a {category} at the top of the image,True,4.155737704918033,10,2,287,33,100
14,a {category} in front of a wall,False,12.931678640851525,6,3,247,125,100
14,a {category} at small scale,False,12.931678640851525,6,3,61,259,100
14,a stacked {category},True,2.7714285714285714,5,3,100,49,100
14,a zoomed view of a {category},True,3.096969696969697,9,1,450,7,100
14,a real-world {category},False,12.931678640851525,6,5,100,110,100
14,an image showing a {category},True,3.4534883720930227,10,8,350,194,100
14,a wide-angle view with a {category},True,2.9647058823529417,10,1,146,44,100
14,a photo containing a {category},False,12.931678640851525,7,4,280,210,100
14,a picture with a {category},True,4.437689969604863,13,2,664,12,100
14,a {category} on the ground,True,5.121951219512195,8,3,125,113,100
14,a {category} among other objects,False,12.931678640851525,4,4,105,134,100
14,a sitting {category},False,12.931678640851525,7,7,581,206,100
15,a {category} near the edge of the image,False,11.492523817925193,5,2,83,84,100
15,a hanging {category},True,3.671875,8,5,410,113,100
15,a {category} near water,False,11.492523817925193,12,3,368,30,100
15,a side view of a {category},False,11.492523817925193,7,5,188,79,100
15,a {category} under daylight,True,2.1910447761194027,10,2,312,44,100
15,a blurry {category},True,3.4833333333333334,14,6,400,511,100
15,a scene featuring a {category},False,11.492523817925193,8,1,178,56,100
15,a natural image of a {category},True,3.5384615384615388,8,3,163,78,100
15,a standing {category},True,5.7142857142857135,8,2,115,96,100
15,a {category} seen from below,True,3.7094594594594597,13,2,318,45,100
15,a {category} seen from above,False,11.492523817925193,6,3,197,83,100
15,a {category} next to a wall,True,2.683823529411765,7,5,83,129,100
15,a cropped view of a {category},True,3.1125,16,1,434,9,100
15,a surveillance-style view of a {category},False,11.492523817925193,8,4,213,152,100
15,a clear photo of a {category},True,3.5454545454545454,10,6,186,113,100
15,a {category} outdoors,True,3.35,8,3,240,46,100
15,a {category} without occlusion,False,11.492523817925193,9,5,108,37,100
15,a {category} far from the camera,True,15.737704918032787,10,4,275,72,100
15,a nearby {category},True,3.2170212765957444,5,2,215,13,100
15,a {category} at the bottom of the image,True,5.852813852813853,12,5,303,291,100
15,a {category} with strong color,True,4.03125,9,2,257,55,100
15,a {category} inside a room,True,6.4604810996563575,9,1,349,74,100
15,a {category} near the camera,True,2.0655737704918034,8,5,272,70,100
15,a {category} near an animal,True,2.2729411764705882,10,1,408,29,100
15,a front view of a {category},True,4.77922077922078,11,1,323,121,100
15,a {category} turned away,True,5.427609427609428,10,6,368,203,100
15,a high-resolution view of a {category},True,3.701612903225806,5,5,134,245,100
15,a {category} near text or signs,True,2.611764705882353,4,6,67,110,100
15,a {category} object,True,3.063157894736842,7,2,252,93,100
15,a visible {category} in the scene,False,11.492523817925193,6,5,131,137,100
15,a {category} on a shelf,False,11.492523817925193,10,2,213,67,100
15,a {category} with occlusion,True,2.836363636363636,8,2,184,68,100
15,a {category} with visible outline,True,5.666666666666667,7,3,420,121,100
15,a dark {category},True,2.9776119402985075,10,5,245,158,100
15,a natural {category},True,5.643410852713178,13,3,330,35,100
15,a {category} in the background,True,4.583333333333333,11,2,292,154,100
15,a close-up of a {category},True,2.857142857142857,6,3,103,112,100
15,a {category} in clutter,True,11.984126984126984,15,1,265,37,100
15,a {category} facing the camera,True,12.739247311827956,12,3,641,53,100
15,an actual {category},True,3.418604651162791,8,4,175,106,100
15,a {category} near a building,True,5.679012345679012,2,4,178,68,100
15,a tiny {category},True,3.7875,7,3,263,32,100
15,a {category} in low contrast,True,5.038834951456311,17,4,462,144,100
15,a clean view of a {category},False,11.492523817925193,6,2,155,58,100
15,a messy view of a {category},False,11.492523817925193,9,1,273,106,100
15,a {category} near vegetation,True,3.6562499999999996,12,2,307,28,100
15,a small {category} near the center,False,11.492523817925193,9,2,163,36,100
15,a {category} beside a person,True,3.2533783783783785,13,1,289,24,100
15,a {category} with clear shape,False,11.492523817925193,4,2,185,14,100
15,a {category} cropped by the frame,False,11.492523817925193,8,4,186,46,100
15,a man-made {category},True,7.984496124031008,11,3,181,21,100
15,a {category} at large scale,True,14.846938775510203,12,1,423,9,100
15,a real {category},True,3.0818181818181816,8,3,390,69,100
15,a {category} in the foreground,True,4.690140845070423,9,2,294,4,100
15,a {category} separated from other objects,True,4.7889908256880735,10,2,471,9,100
15,a photo of a {category},True,4.25,10,1,231,11,100
15,the {category} in this image,True,3.0666666666666664,10,2,160,72,100
15,a distant {category},True,2.6879999999999997,9,2,101,21,100
15,a bright {category},False,11.492523817925193,5,2,74,27,100
15,a lying {category},True,5.025252525252526,5,3,199,19,100
15,a {category} partly hidden,True,4.426829268292683,9,2,325,125,100
15,a full view of a {category},True,4.84375,9,1,272,7,100
15,a {category} near equipment,False,11.492523817925193,9,0,214,0,100
15,a {category} overlapping another object,True,4.098591549295775,10,3,331,113,100
15,a sharp {category},True,2.6372093023255814,10,5,170,89,100
15,a {category} near shadows,True,3.0,6,0,140,0,100
15,a low-resolution view of a {category},True,4.358208955223881,9,2,263,79,100
15,a partial view of a {category},False,11.492523817925193,13,1,317,151,100
15,a {category} on a table,False,11.492523817925193,4,2,57,39,100
15,a {category} in open space,True,8.061224489795919,9,2,208,21,100
15,a large {category},True,11.01449275362319,14,6,273,81,100
15,a single {category},True,22.746913580246915,19,4,739,109,100
15,a {category} in the scene,True,6.7625,13,7,481,295,100
15,a {category} near furniture,True,5.438596491228069,10,6,284,84,100
15,a {category} with neutral color,True,3.9329268292682924,9,2,370,26,100
15,a {category} in high contrast,True,3.5897435897435903,5,2,62,34,100
15,a moving {category},True,7.34065934065934,13,1,599,21,100
15,a {category} fully inside the frame,False,11.492523817925193,8,6,226,91,100
15,a {category} near food,True,3.1102941176470593,13,5,256,93,100
15,a {category} near a vehicle,True,5.245283018867924,8,0,239,0,100
15,a parked {category},False,11.492523817925193,5,1,153,18,100
15,a {category} in profile,True,3.144230769230769,6,2,99,40,100
15,a {category} near a road,False,11.492523817925193,6,4,119,104,100
15,a {category} at medium scale,True,8.181818181818182,7,4,141,154,100
15,a {category} at the left side,True,3.758620689655172,10,5,204,124,100
15,a {category} at the right side,True,3.6409090909090907,13,7,234,138,100
15,a photographic {category},False,11.492523817925193,3,5,123,81,100
15,a {category} at the top of the image,False,11.492523817925193,9,3,198,68,100
15,a {category} in front of a wall,True,10.852272727272727,9,2,344,53,100
15,a {category} at small scale,True,6.040816326530612,7,2,197,17,100
15,a stacked {category},True,2.7380952380952377,8,0,155,0,100
15,a zoomed view of a {category},True,3.6315789473684212,7,3,403,54,100
15,a real-world {category},False,11.492523817925193,5,3,100,39,100
15,an image showing a {category},True,3.5388349514563107,16,4,429,127,100
15,a wide-angle view with a {category},False,11.492523817925193,9,4,133,52,100
15,a photo containing a {category},False,11.492523817925193,9,1,363,16,100
15,a picture with a {category},True,4.577777777777778,7,7,183,567,100
15,a {category} on the ground,True,2.46875,6,4,85,179,100
15,a {category} among other objects,True,2.967567567567568,6,3,160,83,100
15,a sitting {category},True,4.909722222222222,11,1,643,84,100
16,a {category} near the edge of the image,True,3.958333333333333,9,1,164,6,100
16,a hanging {category},True,3.826530612244898,11,4,438,198,100
16,a {category} near water,True,2.6490566037735848,11,5,209,196,100
16,a side view of a {category},False,12.895618330194603,7,3,103,74,100
16,a {category} under daylight,True,3.6323529411764706,9,5,216,192,100
16,a blurry {category},True,3.9609375,14,4,443,274,100
16,a scene featuring a {category},False,12.895618330194603,7,2,170,73,100
16,a natural image of a {category},True,5.985185185185186,8,5,181,56,100
16,a standing {category},True,5.944444444444444,9,2,204,68,100
16,a {category} seen from below,True,4.179487179487179,11,5,296,78,100
16,a {category} seen from above,True,3.2232558139534886,8,1,198,51,100
16,a {category} next to a wall,True,9.945652173913043,9,5,169,60,100
16,a cropped view of a {category},True,5.107142857142857,15,8,371,175,100
16,a surveillance-style view of a {category},False,12.895618330194603,10,2,169,107,100
16,a clear photo of a {category},True,3.393939393939394,10,4,109,91,100
16,a {category} outdoors,True,5.655172413793103,11,2,222,38,100
16,a {category} without occlusion,False,12.895618330194603,9,2,87,24,100
16,a {category} far from the camera,True,8.376623376623376,15,2,336,31,100
16,a nearby {category},True,5.124999999999999,5,1,212,10,100
16,a {category} at the bottom of the image,True,6.0,15,2,565,72,100
16,a {category} with strong color,False,12.895618330194603,7,1,251,7,100
16,a {category} inside a room,True,2.908333333333333,9,5,305,293,100
16,a {category} near the camera,True,2.064864864864865,10,2,330,10,100
16,a {category} near an animal,False,12.895618330194603,8,6,258,224,100
16,a front view of a {category},True,3.6956521739130435,8,4,297,151,100
16,a {category} turned away,False,12.895618330194603,11,6,462,161,100
16,a high-resolution view of a {category},True,3.2776119402985073,8,3,311,82,100
16,a {category} near text or signs,True,3.733333333333334,9,3,157,52,100
16,a {category} object,True,3.801369863013698,7,3,321,118,100
16,a visible {category} in the scene,True,2.88,6,2,126,52,100
16,a {category} on a shelf,False,12.895618330194603,11,2,240,23,100
16,a {category} with occlusion,True,2.3448275862068964,5,2,86,68,100
16,a {category} with visible outline,True,6.914893617021276,8,2,584,17,100
16,a dark {category},True,5.435483870967742,10,0,287,0,100
16,a natural {category},True,10.36111111111111,13,5,339,97,100
16,a {category} in the background,True,3.3044776119402983,9,5,314,133,100
16,a close-up of a {category},True,3.7391304347826084,7,1,162,64,100
16,a {category} in clutter,True,3.789473684210526,12,5,249,79,100
16,a {category} facing the camera,True,4.658823529411765,10,3,536,70,100
16,an actual {category},True,3.3409090909090913,8,3,132,114,100
16,a {category} near a building,False,12.895618330194603,4,4,118,216,100
16,a tiny {category},True,2.9586206896551723,9,2,250,45,100
16,a {category} in low contrast,True,4.5,11,4,272,168,100
16,a clean view of a {category},True,2.1543859649122807,7,3,262,103,100
16,a messy view of a {category},True,4.046875,7,3,221,149,100
16,a {category} near vegetation,True,6.0,11,5,256,260,100
16,a small {category} near the center,True,2.005714285714286,8,5,114,71,100
16,a {category} beside a person,True,4.304347826086956,8,5,178,116,100
16,a {category} with clear shape,False,12.895618330194603,6,2,145,29,100
16,a {category} cropped by the frame,True,4.1020408163265305,10,2,184,66,100
16,a man-made {category},True,4.815789473684211,9,4,161,83,100
16,a {category} at large scale,True,4.74468085106383,8,4,196,167,100
16,a real {category},True,3.7279411764705888,8,4,294,248,100
16,a {category} in the foreground,True,4.625,8,3,196,102,100
16,a {category} separated from other objects,True,2.7981818181818183,11,3,463,58,100
16,a photo of a {category},True,4.361111111111111,9,3,141,83,100
16,the {category} in this image,True,2.8153846153846156,8,1,108,5,100
16,a distant {category},False,12.895618330194603,7,1,139,6,100
16,a bright {category},True,2.9,7,1,229,40,100
16,a lying {category},True,3.7678571428571423,6,2,211,8,100
16,a {category} partly hidden,True,3.6581632653061225,10,1,418,43,100
16,a full view of a {category},True,2.1652173913043478,6,5,213,76,100
16,a {category} near equipment,True,6.276422764227642,8,3,170,30,100
16,a {category} overlapping another object,True,2.7348837209302324,10,2,175,49,100
16,a sharp {category},True,2.803846153846154,12,3,215,66,100
16,a {category} near shadows,True,3.1421052631578945,5,2,171,75,100
16,a low-resolution view of a {category},True,4.622222222222222,11,1,368,3,100
16,a partial view of a {category},True,2.0736842105263156,14,3,340,209,100
16,a {category} on a table,False,4.879028738281851,3,2,72,45,100
16,a {category} in open space,True,6.551724137931036,8,5,105,132,100
16,a large {category},True,4.826666666666667,10,5,171,88,100
16,a single {category},True,7.37891737891738,12,6,475,125,100
16,a {category} in the scene,True,5.242424242424243,13,4,620,140,100
16,a {category} near furniture,True,4.544642857142858,18,2,461,11,100
16,a {category} with neutral color,True,5.0,8,3,200,174,100
16,a {category} in high contrast,True,3.678571428571429,7,1,104,9,100
16,a moving {category},True,15.210526315789473,13,2,532,97,100
16,a {category} fully inside the frame,True,5.6231884057971016,12,1,329,10,100
16,a {category} near food,True,3.138888888888889,17,2,308,56,100
16,a {category} near a vehicle,True,4.28,8,3,194,45,100
16,a parked {category},False,12.895618330194603,6,1,179,5,100
16,a {category} in profile,True,2.871428571428571,9,1,177,6,100
16,a {category} near a road,True,5.693693693693694,7,3,143,41,100
16,a {category} at medium scale,True,6.545454545454545,9,3,235,91,100
16,a {category} at the left side,True,3.9186046511627906,15,2,311,69,100
16,a {category} at the right side,True,3.4666666666666663,12,5,185,132,100
16,a photographic {category},False,12.895618330194603,3,5,91,134,100
16,a {category} at the top of the image,False,12.895618330194603,10,3,217,93,100
16,a {category} in front of a wall,True,5.584313725490196,9,0,323,0,100
16,a {category} at small scale,True,5.078125,6,2,281,35,100
16,a stacked {category},True,1.7049180327868851,8,0,149,0,100
16,a zoomed view of a {category},True,2.168,5,3,231,268,100
16,a real-world {category},True,3.9044117647058827,6,1,153,21,100
16,an image showing a {category},True,3.218354430379747,13,4,306,198,100
16,a wide-angle view with a {category},True,3.0000000000000004,4,5,31,85,100
16,a photo containing a {category},False,12.895618330194603,8,3,335,132,100
16,a picture with a {category},False,12.895618330194603,6,2,327,48,100
16,a {category} on the ground,True,5.277777777777778,6,3,176,58,100
16,a {category} among other objects,True,4.8125,6,2,203,23,100
16,a sitting {category},True,11.423076923076923,4,6,93,511,100
17,a {category} near the edge of the image,True,2.9379310344827583,7,3,125,95,100
17,a hanging {category},False,13.14812030075188,7,4,272,104,100
17,a {category} near water,True,6.592592592592593,11,3,310,22,100
17,a side view of a {category},True,3.458333333333333,10,2,160,56,100
17,a {category} under daylight,True,2.1311475409836067,8,4,278,85,100
17,a blurry {category},True,2.7211538461538463,16,3,793,23,100
17,a scene featuring a {category},False,13.14812030075188,8,1,179,13,100
17,a natural image of a {category},True,6.666666666666666,11,2,304,49,100
17,a standing {category},True,4.072727272727273,8,1,205,7,100
17,a {category} seen from below,True,5.1692307692307695,12,4,233,145,100
17,a {category} seen from above,True,4.518518518518518,6,3,109,147,100
17,a {category} next to a wall,True,6.084656084656085,11,3,217,43,100
17,a cropped view of a {category},True,3.0927835051546393,18,3,437,50,100
17,a surveillance-style view of a {category},False,13.14812030075188,9,5,267,130,100
17,a clear photo of a {category},True,3.680555555555556,12,3,214,81,100
17,a {category} outdoors,True,2.3647058823529417,6,2,62,157,100
17,a {category} without occlusion,False,13.14812030075188,7,2,76,17,100
17,a {category} far from the camera,True,15.28125,11,5,141,181,100
17,a nearby {category},False,13.14812030075188,6,2,217,14,100
17,a {category} at the bottom of the image,True,4.689655172413793,13,4,240,355,100
17,a {category} with strong color,False,13.14812030075188,6,1,133,22,100
17,a {category} inside a room,True,4.504201680672269,10,2,495,22,100
17,a {category} near the camera,False,13.14812030075188,8,4,167,45,100
17,a {category} near an animal,True,3.8249999999999997,11,2,397,69,100
17,a front view of a {category},True,7.923497267759562,9,0,255,0,100
17,a {category} turned away,False,13.14812030075188,12,2,444,116,100
17,a high-resolution view of a {category},True,3.4795081967213113,7,4,250,137,100
17,a {category} near text or signs,True,6.37037037037037,10,5,161,73,100
17,a {category} object,True,3.951923076923077,6,3,236,96,100
17,a visible {category} in the scene,False,13.14812030075188,5,7,167,107,100
17,a {category} on a shelf,False,13.14812030075188,9,4,174,93,100
17,a {category} with occlusion,True,4.51063829787234,9,1,189,64,100
17,a {category} with visible outline,True,5.055670103092784,10,3,550,103,100
17,a dark {category},True,5.359375,10,4,293,62,100
17,a natural {category},True,24.72,10,3,282,68,100
17,a {category} in the background,True,3.2025974025974024,11,2,352,123,100
17,a close-up of a {category},True,3.9459459459459465,6,2,135,26,100
17,a {category} in clutter,True,6.218905472636815,13,4,235,92,100
17,a {category} facing the camera,True,10.319767441860465,9,5,323,245,100
17,an actual {category},False,13.14812030075188,5,2,159,36,100
17,a {category} near a building,True,4.840182648401827,6,2,250,23,100
17,a tiny {category},True,3.1448275862068966,9,3,262,87,100
17,a {category} in low contrast,True,3.257142857142857,13,3,425,65,100
17,a clean view of a {category},True,2.1527272727272724,8,4,253,175,100
17,a messy view of a {category},True,8.19767441860465,11,1,369,68,100
17,a {category} near vegetation,False,13.14812030075188,8,4,337,70,100
17,a small {category} near the center,True,1.9666666666666666,9,3,116,39,100
17,a {category} beside a person,True,4.8,10,1,231,23,100
17,a {category} with clear shape,False,13.14812030075188,8,1,255,13,100
17,a {category} cropped by the frame,False,13.14812030075188,8,3,186,53,100
17,a man-made {category},False,13.14812030075188,9,2,105,13,100
17,a {category} at large scale,True,7.3544973544973535,8,1,249,8,100
17,a real {category},True,4.954128440366973,12,1,489,76,100
17,a {category} in the foreground,True,7.03030303030303,7,2,211,24,100
17,a {category} separated from other objects,True,4.3,10,1,446,30,100
17,a photo of a {category},True,2.61,8,5,156,81,100
17,the {category} in this image,False,13.14812030075188,9,1,183,16,100
17,a distant {category},True,4.903225806451613,9,2,133,30,100
17,a bright {category},True,6.145833333333333,5,4,222,71,100
17,a lying {category},True,3.4333333333333336,4,5,99,87,100
17,a {category} partly hidden,True,3.522727272727273,10,0,410,0,100
17,a full view of a {category},True,5.368421052631579,8,4,106,187,100
17,a {category} near equipment,True,9.69512195121951,9,4,148,109,100
17,a {category} overlapping another object,True,3.24375,11,0,296,0,100
17,a sharp {category},True,1.8095238095238095,9,4,170,96,100
17,a {category} near shadows,False,5.252551020408164,3,3,207,33,100
17,a low-resolution view of a {category},False,13.14812030075188,3,7,93,234,100
17,a partial view of a {category},True,2.1,12,3,379,174,100
17,a {category} on a table,False,13.14812030075188,4,2,60,23,100
17,a {category} in open space,False,13.14812030075188,8,1,193,10,100
17,a large {category},True,5.916666666666667,14,7,254,95,100
17,a single {category},True,5.069230769230769,13,8,655,202,100
17,a {category} in the scene,True,4.97979797979798,12,6,432,267,100
17,a {category} near furniture,True,2.0342857142857143,9,9,155,289,100
17,a {category} with neutral color,True,5.068965517241379,7,6,128,277,100
17,a {category} in high contrast,True,3.3445945945945943,8,2,104,30,100
17,a moving {category},True,4.977777777777778,14,2,620,19,100
17,a {category} fully inside the frame,False,13.14812030075188,12,3,231,206,100
17,a {category} near food,True,4.297297297297297,9,5,144,129,100
17,a {category} near a vehicle,True,4.636363636363637,7,4,136,103,100
17,a parked {category},False,13.14812030075188,5,2,313,7,100
17,a {category} in profile,True,2.058823529411765,7,0,151,0,100
17,a {category} near a road,True,11.395348837209303,8,1,175,48,100
17,a {category} at medium scale,True,4.657894736842105,6,3,157,93,100
17,a {category} at the left side,True,3.463235294117647,10,4,278,68,100
17,a {category} at the right side,False,13.14812030075188,16,2,273,47,100
17,a photographic {category},True,3.0000000000000004,8,2,143,53,100
17,a {category} at the top of the image,True,2.329411764705882,11,2,519,15,100
17,a {category} in front of a wall,True,3.2425531914893613,7,3,217,139,100
17,a {category} at small scale,False,13.14812030075188,4,5,246,80,100
17,a stacked {category},True,2.5852272727272725,5,3,105,49,100
17,a zoomed view of a {category},True,4.854166666666666,8,1,408,125,100
17,a real-world {category},True,2.126315789473684,7,4,174,45,100
17,an image showing a {category},True,3.774193548387096,15,4,405,104,100
17,a wide-angle view with a {category},True,2.85,9,4,151,33,100
17,a photo containing a {category},False,13.14812030075188,8,2,302,96,100
17,a picture with a {category},True,6.35632183908046,10,3,480,256,100
17,a {category} on the ground,True,3.377777777777778,8,1,147,19,100
17,a {category} among other objects,True,3.1758620689655173,7,2,263,18,100
17,a sitting {category},True,6.632075471698114,13,3,649,160,100
18,a {category} near the edge of the image,False,13.558670943725001,11,0,234,0,100
18,a hanging {category},True,5.846938775510203,10,3,511,88,100
18,a {category} near water,False,13.558670943725001,9,5,268,60,100
18,a side view of a {category},True,3.4042553191489358,10,2,155,103,100
18,a {category} under daylight,True,3.556451612903226,10,3,258,100,100
18,a blurry {category},True,3.375,13,9,312,498,100
18,a scene featuring a {category},False,13.558670943725001,6,3,105,134,100
18,a natural image of a {category},True,6.687500000000001,10,3,279,90,100
18,a standing {category},True,4.225806451612903,9,1,238,7,100
18,a {category} seen from below,True,3.7499999999999996,10,6,204,98,100
18,a {category} seen from above,True,3.344,8,1,355,37,100
18,a {category} next to a wall,True,2.8989361702127656,9,2,120,28,100
18,a cropped view of a {category},True,4.313559322033899,18,2,467,29,100
18,a surveillance-style view of a {category},False,13.558670943725001,11,2,350,29,100
18,a clear photo of a {category},True,2.9482758620689657,11,3,173,50,100
18,a {category} outdoors,True,4.684210526315789,12,1,314,6,100
18,a {category} without occlusion,False,13.558670943725001,7,7,90,59,100
18,a {category} far from the camera,True,7.676767676767677,9,6,135,185,100
18,a nearby {category},True,5.1875,6,1,215,6,100
18,a {category} at the bottom of the image,True,4.2596491228070175,14,4,561,57,100
18,a {category} with strong color,False,13.558670943725001,8,1,241,4,100
18,a {category} inside a room,True,5.281045751633987,11,1,372,36,100
18,a {category} near the camera,False,13.558670943725001,8,4,296,46,100
18,a {category} near an animal,True,2.064516129032258,7,4,139,165,100
18,a front view of a {category},True,4.3999999999999995,10,2,276,27,100
18,a {category} turned away,False,5.566885857297085,10,4,381,211,100
18,a high-resolution view of a {category},False,13.558670943725001,7,3,229,133,100
18,a {category} near text or signs,True,5.111111111111112,9,1,122,31,100
18,a {category} object,True,2.1802816901408453,8,1,330,5,100
18,a visible {category} in the scene,False,13.558670943725001,3,5,110,83,100
18,a {category} on a shelf,False,13.558670943725001,8,5,171,119,100
18,a {category} with occlusion,True,3.15,9,4,210,76,100
18,a {category} with visible outline,True,3.098901098901099,8,3,405,107,100
18,a dark {category},True,2.833333333333333,11,3,140,115,100
18,a natural {category},True,5.155555555555556,10,7,269,159,100
18,a {category} in the background,True,11.553191489361701,10,1,336,14,100
18,a close-up of a {category},True,3.96078431372549,7,0,187,0,100
18,a {category} in clutter,True,10.5625,15,1,306,37,100
18,a {category} facing the camera,True,13.238532110091743,9,2,430,66,100
18,an actual {category},False,13.558670943725001,5,3,174,44,100
18,a {category} near a building,False,13.558670943725001,4,2,79,99,100
18,a tiny {category},True,4.814285714285714,10,0,295,0,100
18,a {category} in low contrast,True,4.578947368421052,15,5,308,249,100
18,a clean view of a {category},True,2.1272727272727274,8,3,200,159,100
18,a messy view of a {category},True,4.0561224489795915,8,5,226,197,100
18,a {category} near vegetation,False,13.558670943725001,11,3,337,96,100
18,a small {category} near the center,True,3.671052631578947,11,2,162,35,100
18,a {category} beside a person,True,4.333333333333333,10,4,188,122,100
18,a {category} with clear shape,False,13.558670943725001,6,3,211,55,100
18,a {category} cropped by the frame,True,2.7111111111111112,11,1,218,62,100
18,a man-made {category},True,4.742857142857143,7,6,147,126,100
18,a {category} at large scale,True,3.8619402985074625,8,5,298,109,100
18,a real {category},True,3.148148148148148,4,3,58,102,100
18,a {category} in the foreground,False,13.558670943725001,7,2,250,44,100
18,a {category} separated from other objects,False,13.558670943725001,10,1,373,30,100
18,a photo of a {category},True,4.538461538461538,10,1,158,54,100
18,the {category} in this image,False,13.558670943725001,7,5,157,75,100
18,a distant {category},True,4.703703703703703,7,2,112,46,100
18,a bright {category},True,1.9343283582089552,7,2,283,27,100
18,a lying {category},True,4.11764705882353,5,4,82,142,100
18,a {category} partly hidden,True,3.6734693877551017,4,4,169,194,100
18,a full view of a {category},True,10.08,8,2,162,54,100
18,a {category} near equipment,True,5.757575757575758,9,2,146,53,100
18,a {category} overlapping another object,False,13.558670943725001,9,5,310,110,100
18,a sharp {category},False,13.558670943725001,10,4,145,122,100
18,a {category} near shadows,True,3.2884615384615388,6,1,243,76,100
18,a low-resolution view of a {category},True,3.16,7,3,204,98,100
18,a partial view of a {category},True,2.1333333333333333,9,7,274,279,100
18,a {category} on a table,True,3.634615384615385,6,3,110,25,100
18,a {category} in open space,True,8.275862068965518,12,1,250,6,100
18,a large {category},True,6.69281045751634,13,5,223,103,100
18,a single {category},True,5.532945736434108,13,6,540,195,100
18,a {category} in the scene,True,4.091503267973856,15,3,568,177,100
18,a {category} near furniture,True,3.708333333333333,14,3,310,138,100
18,a {category} with neutral color,True,4.153846153846154,10,4,196,222,100
18,a {category} in high contrast,True,2.5696969696969694,8,1,105,20,100
18,a moving {category},True,3.333333333333333,7,7,340,130,100
18,a {category} fully inside the frame,False,13.558670943725001,13,2,371,49,100
18,a {category} near food,True,3.6226415094339623,12,3,181,72,100
18,a {category} near a vehicle,True,3.465909090909091,6,2,63,81,100
18,a parked {category},False,13.558670943725001,7,1,282,91,100
18,a {category} in profile,True,2.435294117647059,4,4,64,80,100
18,a {category} near a road,True,3.090909090909091,7,3,101,86,100
18,a {category} at medium scale,True,6.566037735849056,7,4,228,92,100
18,a {category} at the left side,True,3.8644067796610173,11,6,211,164,100
18,a {category} at the right side,True,3.4245283018867925,12,5,215,93,100
18,a photographic {category},False,13.558670943725001,5,3,108,85,100
18,a {category} at the top of the image,True,2.0533333333333337,8,3,200,109,100
18,a {category} in front of a wall,False,5.566885857297085,7,2,284,39,100
18,a {category} at small scale,True,3.307692307692308,6,2,84,132,100
18,a stacked {category},True,1.9076923076923078,8,0,149,0,100
18,a zoomed view of a {category},True,3.981617647058824,8,1,309,141,100
18,a real-world {category},True,2.71764705882353,8,3,138,72,100
18,an image showing a {category},True,3.9943820224719104,14,3,405,72,100
18,a wide-angle view with a {category},True,3.791666666666666,10,2,158,26,100
18,a photo containing a {category},False,13.558670943725001,8,2,374,23,100
18,a picture with a {category},True,4.662613981762918,12,1,701,16,100
18,a {category} on the ground,False,13.558670943725001,8,4,224,50,100
18,a {category} among other objects,False,13.558670943725001,5,1,152,16,100
18,a sitting {category},True,5.016949152542373,10,3,257,345,100
19,a {category} near the edge of the image,False,13.335491241431836,8,1,133,9,100
19,a hanging {category},True,3.0459183673469385,12,1,535,62,100
19,a {category} near water,False,13.335491241431836,11,4,237,157,100
19,a side view of a {category},True,4.1230769230769235,10,2,245,18,100
19,a {category} under daylight,True,3.558139534883721,9,4,179,190,100
19,a blurry {category},True,5.0063131313131315,18,4,765,144,100
19,a scene featuring a {category},False,13.335491241431836,6,3,159,86,100
19,a natural image of a {category},False,13.335491241431836,7,4,248,42,100
19,a standing {category},True,3.492857142857143,10,3,288,86,100
19,a {category} seen from below,True,3.129310344827586,13,4,220,193,100
19,a {category} seen from above,True,5.0,11,1,308,116,100
19,a {category} next to a wall,True,2.0387096774193547,6,3,137,32,100
19,a cropped view of a {category},True,5.9459459459459465,15,2,222,56,100
19,a surveillance-style view of a {category},False,13.335491241431836,9,5,297,108,100
19,a clear photo of a {category},True,9.6,14,3,267,31,100
19,a {category} outdoors,False,13.335491241431836,5,4,156,52,100
19,a {category} without occlusion,False,13.335491241431836,6,2,66,23,100
19,a {category} far from the camera,True,16.656716417910445,12,2,315,48,100
19,a nearby {category},False,13.335491241431836,5,1,51,11,100
19,a {category} at the bottom of the image,False,13.335491241431836,10,7,245,375,100
19,a {category} with strong color,False,13.335491241431836,5,2,134,108,100
19,a {category} inside a room,True,5.936507936507936,9,3,334,236,100
19,a {category} near the camera,False,13.335491241431836,8,3,323,38,100
19,a {category} near an animal,True,3.228260869565217,7,4,178,166,100
19,a front view of a {category},True,8.39662447257384,8,5,345,107,100
19,a {category} turned away,False,13.335491241431836,11,5,388,190,100
19,a high-resolution view of a {category},True,2.026666666666667,5,4,197,108,100
19,a {category} near text or signs,True,5.818181818181818,11,3,183,41,100
19,a {category} object,False,13.335491241431836,6,4,218,220,100
19,a visible {category} in the scene,True,5.022222222222222,6,4,197,57,100
19,a {category} on a shelf,False,13.335491241431836,8,4,208,48,100
19,a {category} with occlusion,True,3.693877551020408,10,3,170,116,100
19,a {category} with visible outline,True,4.324812030075188,11,0,654,0,100
19,a dark {category},True,4.557894736842106,12,1,384,10,100
19,a natural {category},True,7.132352941176471,10,4,263,73,100
19,a {category} in the background,True,7.106060606060606,11,4,423,79,100
19,a close-up of a {category},True,4.0,7,1,192,21,100
19,a {category} in clutter,True,3.75,12,6,274,74,100
19,a {category} facing the camera,True,6.6118721461187215,10,5,315,277,100
19,an actual {category},True,2.466666666666667,6,0,102,0,100
19,a {category} near a building,False,13.335491241431836,4,1,151,64,100
19,a tiny {category},True,4.540983606557377,8,3,246,54,100
19,a {category} in low contrast,True,5.974683544303797,10,5,315,137,100
19,a clean view of a {category},False,13.335491241431836,7,3,216,117,100
19,a messy view of a {category},False,13.335491241431836,7,2,257,36,100
19,a {category} near vegetation,True,3.502173913043478,11,2,469,22,100
19,a small {category} near the center,True,2.090909090909091,12,2,198,7,100
19,a {category} beside a person,True,4.649122807017544,10,3,234,61,100
19,a {category} with clear shape,True,5.230769230769231,9,1,175,90,100
19,a {category} cropped by the frame,False,13.335491241431836,7,8,129,162,100
19,a man-made {category},True,3.225,10,2,220,36,100
19,a {category} at large scale,True,4.72,8,4,208,144,100
19,a real {category},True,3.673469387755102,9,2,418,92,100
19,a {category} in the foreground,True,5.220338983050847,9,0,265,0,100
19,a {category} separated from other objects,True,2.7,8,4,336,60,100
19,a photo of a {category},True,2.0685714285714285,8,4,156,52,100
19,the {category} in this image,False,13.335491241431836,10,0,222,0,100
19,a distant {category},True,4.461538461538462,7,3,104,62,100
19,a bright {category},True,3.8780487804878048,9,0,294,0,100
19,a lying {category},True,4.923076923076923,8,2,193,34,100
19,a {category} partly hidden,False,13.335491241431836,8,3,357,65,100
19,a full view of a {category},True,3.3448275862068964,5,4,94,112,100
19,a {category} near equipment,True,5.530054644808744,11,0,230,0,100
19,a {category} overlapping another object,True,4.10625,8,5,372,71,100
19,a sharp {category},True,1.9083333333333334,10,3,201,49,100
19,a {category} near shadows,True,3.0279069767441857,5,2,188,114,100
19,a low-resolution view of a {category},True,2.187012987012987,11,3,358,131,100
19,a partial view of a {category},True,2.417582417582418,12,5,481,106,100
19,a {category} on a table,True,4.260869565217392,6,1,89,4,100
19,a {category} in open space,True,3.1371428571428575,10,3,158,104,100
19,a large {category},True,3.717391304347826,10,7,161,128,100
19,a single {category},True,14.68421052631579,14,8,531,314,100
19,a {category} in the scene,True,7.611386138613862,14,5,556,260,100
19,a {category} near furniture,True,2.7,11,5,136,196,100
19,a {category} with neutral color,True,3.3676470588235294,8,1,204,19,100
19,a {category} in high contrast,True,4.130434782608695,6,1,75,24,100
19,a moving {category},True,9.698795180722891,11,4,299,239,100
19,a {category} fully inside the frame,False,13.335491241431836,10,4,329,51,100
19,a {category} near food,True,3.0555555555555554,11,5,202,72,100
19,a {category} near a vehicle,True,3.9411764705882355,8,2,124,82,100
19,a parked {category},False,13.335491241431836,2,4,54,39,100
19,a {category} in profile,True,1.82,6,1,81,41,100
19,a {category} near a road,True,3.8139534883720927,7,3,153,81,100
19,a {category} at medium scale,True,7.133333333333334,7,3,275,24,100
19,a {category} at the left side,True,5.448559670781893,14,3,302,82,100
19,a {category} at the right side,False,13.335491241431836,10,8,166,155,100
19,a photographic {category},True,3.438679245283019,8,0,216,0,100
19,a {category} at the top of the image,False,13.335491241431836,9,2,515,43,100
19,a {category} in front of a wall,True,11.395348837209303,8,1,348,24,100
19,a {category} at small scale,True,4.615384615384616,7,2,212,10,100
19,a stacked {category},True,4.066666666666667,5,3,66,57,100
19,a zoomed view of a {category},True,4.243421052631579,8,3,364,218,100
19,a real-world {category},True,1.9069767441860463,8,3,180,39,100
19,an image showing a {category},True,3.19375,16,2,447,49,100
19,a wide-angle view with a {category},True,3.9107142857142856,10,3,189,16,100
19,a photo containing a {category},False,4.985374619192688,6,2,382,69,100
19,a picture with a {category},True,8.521212121212121,15,1,642,14,100
19,a {category} on the ground,True,6.160714285714286,7,2,195,55,100
19,a {category} among other objects,True,4.923076923076923,7,0,224,0,100
19,a sitting {category},True,3.8333333333333335,8,6,279,188,100
0,what looks like a {category},False,13.023583131882889,4,3,55,84,200
0,a hanging {category},False,13.023583131882889,7,2,215,55,200
0,a {category} that is hard to see,False,13.023583131882889,8,0,211,0,200
0,a {category} in a busy background,True,4.1395348837209305,5,0,163,0,200
0,a {category} under daylight,True,3.75,8,0,252,0,200
0,a {category} near a fence,False,5.568395061728395,2,3,69,70,200
0,a scene featuring a {category},False,13.023583131882889,5,1,146,32,200
0,a natural image of a {category},False,13.023583131882889,5,1,205,5,200
0,a {category} near a train,True,4.2631578947368425,7,0,146,0,200
0,a {category} seen from below,False,13.023583131882889,2,1,36,17,200
0,a {category} target,False,0.0,0,3,0,151,200
0,a kitchen scene with a {category},True,4.288288288288288,5,1,83,21,200
0,a cropped view of a {category},True,2.533333333333333,7,3,103,134,200
0,a surveillance-style view of a {category},False,5.568395061728395,3,2,139,106,200
0,a {category} held by someone,True,8.590909090909092,6,3,116,89,200
0,a {category} outdoors,False,13.023583131882889,4,1,110,9,200
0,a {category} without occlusion,True,3.3157894736842106,9,0,75,0,200
0,a {category} region,False,13.023583131882889,4,3,139,74,200
0,a nearby {category},False,13.023583131882889,3,0,38,0,200
0,a suspected {category},True,3.0749999999999997,6,2,113,45,200
0,no obvious {category},True,2.0727272727272728,7,0,148,0,200
0,a market scene with a {category},True,6.666666666666667,1,5,46,272,200
0,a {category} cluster,False,13.023583131882889,3,2,28,47,200
0,a {category} near an animal,False,13.023583131882889,8,1,367,14,200
0,a front view of a {category},False,13.023583131882889,5,1,174,9,200
0,identify any {category},False,5.568395061728395,5,2,276,13,200
0,a high-resolution view of a {category},False,13.023583131882889,5,1,161,23,200
0,the nearest {category},True,2.04,5,0,82,0,200
0,a {category} on grass,True,3.5500000000000003,5,0,126,0,200
0,a {category} on a seat,False,0.0,0,0,0,0,200
0,background regions not containing a {category},False,13.023583131882889,8,0,172,0,200
0,look for a {category},False,4.326771804612256,1,1,22,89,200
0,a {category} with visible outline,True,4.157894736842105,5,3,144,23,200
0,a dark {category},True,4.133333333333334,5,1,57,45,200
0,a natural {category},True,6.209677419354838,7,0,217,0,200
0,a household scene with a {category},False,13.023583131882889,7,1,221,34,200
0,a close-up of a {category},True,2.2875,4,1,114,2,200
0,a {category} far from the camera,True,4.653846153846154,7,3,107,72,200
0,where is the {category},True,2.914285714285714,9,2,120,49,200
0,a {category} seen from above,False,13.023583131882889,5,2,144,46,200
0,a {category} facing the camera,False,5.568395061728395,4,2,153,51,200
0,an actual {category},True,3.375,7,0,169,0,200
0,a {category} near a building,True,5.153846153846154,6,1,174,53,200
0,a {category} near a curb,False,5.568395061728395,2,1,89,2,200
0,a {category} on a shelf,False,13.023583131882889,4,0,98,0,200
0,a {category} in low contrast,False,13.023583131882889,5,1,102,46,200
0,a clean view of a {category},False,0.0,0,5,0,189,200
0,a {category} in front of another object,True,6.333333333333334,4,1,217,19,200
0,a {category} near vegetation,True,2.71875,6,1,129,36,200
0,a {category} in a container,False,5.568395061728395,5,0,78,0,200
0,a {category} beside a person,True,2.627586206896552,6,3,114,84,200
0,a {category} with clear shape,False,13.023583131882889,3,1,55,13,200
0,a {category} in the background,True,7.625,5,0,130,0,200
0,I do not see a {category},False,13.023583131882889,5,1,118,43,200
0,a man-made {category},True,4.5555555555555545,7,2,110,37,200
0,a {category} at large scale,False,0.0,0,4,0,136,200
0,a {category} near a counter,True,4.894736842105263,4,0,244,0,200
0,perhaps a {category},True,2.9423076923076925,7,0,223,0,200
0,an image without any {category},True,2.360655737704918,6,1,221,12,200
0,a park scene with a {category},True,6.261261261261262,4,1,130,30,200
0,a photo of a {category},False,13.023583131882889,3,3,37,88,200
0,the {category} in this image,False,13.023583131882889,2,1,67,13,200
0,a blurry {category},True,4.063492063492064,11,4,585,87,200
0,a {category} in a plain background,True,2.61,4,2,79,19,200
0,a {category} near a sign,True,4.388888888888888,2,2,142,44,200
0,a {category} near a bicycle,False,0.0,0,2,0,28,200
0,a {category} under artificial light,False,13.023583131882889,5,2,45,14,200
0,something shaped like a {category},False,13.023583131882889,4,0,120,0,200
0,a {category} in the upper right area,True,2.5,3,1,45,4,200
0,a {category} in a photo frame,True,9.0,2,1,82,13,200
0,a {category} near equipment,True,3.238095238095238,4,1,52,47,200
0,a {category} overlapping another object,False,4.326771804612256,2,2,98,30,200
0,a sharp {category},True,3.909090909090909,6,1,120,2,200
0,a {category} candidate box,True,4.482758620689655,5,4,117,127,200
0,a {category} near the camera,False,13.023583131882889,3,3,101,185,200
0,a {category} near shadows,False,13.023583131882889,4,1,126,57,200
0,a sparse scene with a {category},True,6.303030303030303,8,1,274,27,200
0,a {category} in the lower left area,False,13.023583131882889,7,0,181,0,200
0,an outdoor scene containing a {category},True,2.6500000000000004,4,1,48,33,200
0,the main {category},False,13.023583131882889,5,1,83,10,200
0,a large {category},True,3.7857142857142856,6,4,100,79,200
0,a single {category},False,13.023583131882889,6,4,279,97,200
0,a {category} in the scene,False,5.568395061728395,3,2,46,34,200
0,a {category} near furniture,True,3.6071428571428568,7,3,178,180,200
0,a real {category},True,4.25,5,1,169,61,200
0,a vehicle scene with a {category},True,1.9034482758620688,5,2,121,74,200
0,a group of {category} objects,False,13.023583131882889,5,1,128,11,200
0,a {category} with neutral color,True,2.9482758620689657,6,1,105,16,200
0,no clear {category},True,2.3454545454545452,4,0,80,0,200
0,a {category} in a vehicle,True,4.413333333333334,8,3,296,257,200
0,a candidate {category},False,13.023583131882889,6,3,68,44,200
0,a {category} away from the image center,True,3.4901960784313726,11,0,171,0,200
0,a {category} turned away,True,3.3043478260869565,5,4,221,99,200
0,a {category} cropped by the frame,True,3.774193548387096,7,1,110,34,200
0,a distant {category},False,13.023583131882889,2,3,48,30,200
0,a {category} in high contrast,True,2.290909090909091,4,2,78,7,200
0,a {category} behind another object,False,13.023583131882889,3,3,100,112,200
0,a small {category} near the center,False,13.023583131882889,5,4,86,46,200
0,a moving {category},False,13.023583131882889,5,1,168,43,200
0,a {category} fully inside the frame,False,13.023583131882889,2,3,22,31,200
0,a {category} near food,True,4.25,6,5,154,66,200
0,a street scene containing a {category},True,3.115384615384616,6,0,232,0,200
0,a {category} near a vehicle,True,3.0,2,2,28,115,200
0,a {category} near a car,False,13.023583131882889,5,1,157,44,200
0,a tiny {category},False,13.023583131882889,5,1,139,33,200
0,multiple {category} instances,False,13.023583131882889,5,1,100,38,200
0,a {category} mostly visible,False,13.023583131882889,2,4,13,122,200
0,something similar to a {category},False,5.568395061728395,2,0,112,0,200
0,find the {category},False,13.023583131882889,3,1,53,6,200
0,a sports scene with a {category},True,1.8545454545454547,4,2,90,72,200
0,a low-resolution view of a {category},False,13.023583131882889,2,0,27,0,200
0,without a {category},False,13.023583131882889,8,2,200,81,200
0,there is no {category} here,False,13.023583131882889,5,0,179,0,200
0,locate the {category},True,5.722222222222222,6,1,279,12,200
0,a {category} in open space,False,5.568395061728395,3,3,63,31,200
0,a partial view of a {category},True,1.875,6,0,132,0,200
0,a scene lacking a {category},False,13.023583131882889,5,5,205,115,200
0,a {category} near a bus,True,7.12962962962963,5,3,140,213,200
0,this scene does not contain a {category},False,13.023583131882889,5,1,218,4,200
0,a {category} near the edge of the image,False,13.023583131882889,2,2,56,38,200
0,maybe a {category},True,2.85,8,2,200,28,200
0,a {category} at the right side,True,3.634615384615385,11,2,220,30,200
0,a photographic {category},True,2.7069767441860466,5,2,173,51,200
0,a {category} near water,True,3.5099999999999993,7,1,206,11,200
0,a {category} in the upper left area,True,8.23529411764706,8,1,131,45,200
0,a likely {category},False,13.023583131882889,6,1,437,12,200
0,a {category} at the left side,True,2.9779411764705883,4,1,125,14,200
0,a {category} at medium scale,True,4.387096774193548,5,1,123,21,200
0,a {category} in front of a wall,False,13.023583131882889,2,1,105,20,200
0,a {category} partly outside the image,False,13.023583131882889,5,1,84,23,200
0,a {category} near the image center,False,13.023583131882889,4,0,71,0,200
0,a {category} in clutter,True,6.666666666666667,5,3,140,42,200
0,a {category} inside a room,True,2.7249999999999996,7,2,194,106,200
0,no visible {category},True,7.666666666666667,4,0,164,0,200
0,a {category} in a mirror-like surface,True,2.55,3,2,62,34,200
0,a {category} barely visible,False,4.326771804612256,3,0,144,0,200
0,a {category} on pavement,True,2.843478260869565,6,0,96,0,200
0,a {category} near a window,False,13.023583131882889,3,3,84,36,200
0,a {category} near a bed,False,13.023583131882889,1,1,13,21,200
0,a lying {category},True,5.806451612903226,1,0,41,0,200
0,a zoomed view of a {category},True,1.986206896551724,4,2,125,47,200
0,a {category} near a tree,False,13.023583131882889,3,3,60,56,200
0,a {category} with unusual appearance,False,13.023583131882889,3,1,32,10,200
0,a {category} at the bottom of the image,False,5.568395061728395,2,4,21,344,200
0,a {category} object,True,3.8457446808510634,4,1,208,6,200
0,a {category} at an unusual angle,False,13.023583131882889,7,2,132,68,200
0,a {category} worn by someone,True,2.9684210526315784,8,0,245,0,200
0,a crowded scene with a {category},False,13.023583131882889,4,1,84,34,200
0,a bright {category},True,3.2105263157894735,4,1,120,31,200
0,possibly a {category},False,5.568395061728395,3,3,42,31,200
0,a visible {category} in the scene,True,6.296296296296296,7,0,95,0,200
0,a {category} at the top of the image,False,13.023583131882889,3,3,41,99,200
0,a messy view of a {category},False,3.543748729040726,2,3,34,135,200
0,show me a {category},False,3.4463577292426937,1,3,22,41,200
0,a {category} near text or signs,True,3.3870967741935485,7,1,125,11,200
0,a {category} on a plate,False,13.023583131882889,6,0,249,0,200
0,a side view of a {category},False,13.023583131882889,4,1,74,11,200
0,a {category} partly hidden,True,5.852713178294573,4,2,144,45,200
0,a picture with a {category},False,13.023583131882889,7,1,252,30,200
0,a {category} on a floor,False,13.023583131882889,3,1,24,44,200
0,an indoor scene containing a {category},False,13.023583131882889,5,3,142,84,200
0,an image showing a {category},True,2.929411764705882,9,3,218,121,200
0,a real-world {category},False,13.023583131882889,2,0,25,0,200
0,a clear photo of a {category},True,3.0,7,0,82,0,200
0,a {category} among other objects,False,13.023583131882889,4,2,146,53,200
0,a {category} near a road,False,13.023583131882889,4,0,39,0,200
0,a {category} under shade,False,13.023583131882889,5,3,176,111,200
0,a wide-angle view with a {category},False,13.023583131882889,4,0,31,0,200
0,a {category} with occlusion,False,13.023583131882889,4,1,18,64,200
0,a {category} near a chair,False,13.023583131882889,7,3,140,75,200
0,a possible instance of {category},False,13.023583131882889,5,1,155,19,200
0,a {category} at small scale,False,13.023583131882889,3,1,128,6,200
0,a stacked {category},False,13.023583131882889,1,0,6,0,200
0,a standing {category},False,5.568395061728395,1,1,27,18,200
0,a {category} detection target,True,3.6875,9,2,120,19,200
0,a {category} next to a wall,True,2.1710526315789473,4,3,54,60,200
0,a sitting {category},True,11.842105263157894,5,0,395,0,200
0,a {category} on a table,False,13.023583131882889,1,1,6,40,200
0,a {category} on the ground,False,13.023583131882889,3,0,23,0,200
0,a {category} near a pole,False,13.023583131882889,5,1,173,20,200
0,a {category} with strong color,False,0.0,0,3,0,60,200
0,an item that could be a {category},False,13.023583131882889,3,1,92,2,200
0,one visible {category},False,0.0,0,2,0,39,200
0,a {category} used by someone,True,2.52,5,1,76,300,200
0,a living area with a {category},False,13.023583131882889,4,3,105,136,200
0,the most visible {category},False,13.023583131882889,1,2,15,40,200
0,a {category} in the lower right area,True,3.4259259259259256,5,1,77,43,200
0,a {category} that may be absent,False,13.023583131882889,3,3,26,88,200
0,a parked {category},False,3.543748729040726,2,0,172,0,200
0,a {category} separated from other objects,True,2.633333333333333,6,0,142,0,200
0,a {category} attached to something,False,13.023583131882889,1,1,11,10,200
0,a traffic scene with a {category},True,2.8956521739130436,5,1,98,24,200
0,a {category} proposal,True,3.333333333333333,3,0,38,0,200
0,a full view of a {category},True,6.775362318840579,5,1,171,28,200
0,a {category} in profile,False,5.568395061728395,5,0,114,0,200
0,a visible instance of {category},False,0.0,0,1,0,90,200
0,a photo containing a {category},False,13.023583131882889,5,0,218,0,200
0,a {category} near a doorway,False,13.023583131882889,3,1,24,3,200
0,an object resembling a {category},False,0.0,0,3,0,45,200
0,a {category} in the foreground,False,13.023583131882889,2,1,34,20,200
1,what looks like a {category},False,13.30422140120416,4,1,105,8,200
1,a hanging {category},False,13.30422140120416,8,2,166,113,200
1,a {category} that is hard to see,False,13.30422140120416,5,1,69,4,200
1,a {category} in a busy background,True,2.6293103448275863,4,1,70,22,200
1,a {category} under daylight,True,3.5217391304347827,4,1,78,27,200
1,a {category} near a fence,True,2.869565217391304,4,3,97,109,200
1,a scene featuring a {category},False,13.30422140120416,4,2,86,73,200
1,a natural image of a {category},False,13.30422140120416,4,3,187,43,200
1,a {category} near a train,True,2.67,7,2,160,17,200
1,a {category} seen from below,True,3.9677419354838706,7,0,282,0,200
1,a {category} target,False,0.0,0,1,0,17,200
1,a kitchen scene with a {category},True,4.125,4,1,76,29,200
1,a cropped view of a {category},True,3.907407407407407,7,3,195,80,200
1,a surveillance-style view of a {category},False,13.30422140120416,6,0,261,0,200
1,a {category} held by someone,True,3.7037037037037033,4,3,95,84,200
1,a {category} outdoors,False,4.400904150435243,3,1,87,10,200
1,a {category} without occlusion,False,13.30422140120416,6,1,52,6,200
1,a {category} region,False,4.400904150435243,4,1,207,2,200
1,a nearby {category},False,13.30422140120416,2,1,29,9,200
1,a suspected {category},True,3.625,7,3,152,63,200
1,no obvious {category},False,4.400904150435243,2,2,27,66,200
1,a market scene with a {category},True,3.2812499999999996,4,2,111,177,200
1,a {category} cluster,False,13.30422140120416,4,0,46,0,200
1,a {category} near an animal,True,1.9555555555555555,5,2,193,137,200
1,a front view of a {category},False,13.30422140120416,4,2,53,158,200
1,identify any {category},False,13.30422140120416,6,2,282,44,200
1,a high-resolution view of a {category},False,13.30422140120416,3,0,39,0,200
1,the nearest {category},False,13.30422140120416,2,3,28,59,200
1,a {category} on grass,False,13.30422140120416,2,3,15,131,200
1,a {category} on a seat,False,13.30422140120416,2,0,19,0,200
1,background regions not containing a {category},False,13.30422140120416,6,2,88,33,200
1,look for a {category},False,13.30422140120416,5,1,61,89,200
1,a {category} with visible outline,True,2.64,6,4,118,126,200
1,a dark {category},False,13.30422140120416,4,1,129,2,200
1,a natural {category},True,10.78125,8,1,218,17,200
1,a household scene with a {category},False,4.400904150435243,4,4,165,90,200
1,a close-up of a {category},False,13.30422140120416,6,1,223,21,200
1,a {category} far from the camera,True,3.558510638297872,9,2,196,26,200
1,where is the {category},True,3.849056603773585,10,0,235,0,200
1,a {category} seen from above,True,2.963636363636364,5,3,142,62,200
1,a {category} facing the camera,True,1.962962962962963,5,1,231,17,200
1,an actual {category},True,3.5357142857142856,8,0,204,0,200
1,a {category} near a building,False,13.30422140120416,4,1,157,3,200
1,a {category} near a curb,False,4.400904150435243,2,2,102,15,200
1,a {category} on a shelf,False,13.30422140120416,5,0,112,0,200
1,a {category} in low contrast,False,13.30422140120416,5,4,190,73,200
1,a clean view of a {category},False,4.400904150435243,2,3,37,152,200
1,a {category} in front of another object,False,13.30422140120416,4,2,153,86,200
1,a {category} near vegetation,False,13.30422140120416,3,2,86,20,200
1,a {category} in a container,False,3.4702597655355594,2,4,23,93,200
1,a {category} beside a person,True,1.92,4,2,64,41,200
1,a {category} with clear shape,False,13.30422140120416,5,1,122,13,200
1,a {category} in the background,True,4.421052631578948,3,0,94,0,200
1,I do not see a {category},False,13.30422140120416,7,0,178,0,200
1,a man-made {category},False,13.30422140120416,6,2,41,73,200
1,a {category} at large scale,True,3.964285714285714,6,1,103,73,200
1,a {category} near a counter,True,1.7142857142857142,4,0,61,0,200
1,perhaps a {category},True,4.235294117647059,6,1,130,93,200
1,an image without any {category},True,3.370253164556962,5,2,316,33,200
1,a park scene with a {category},False,13.30422140120416,3,0,69,0,200
1,a photo of a {category},False,4.400904150435243,4,2,103,17,200
1,the {category} in this image,False,13.30422140120416,5,0,132,0,200
1,a blurry {category},True,3.1547619047619047,9,3,240,148,200
1,a {category} in a plain background,False,13.30422140120416,5,0,64,0,200
1,a {category} near a sign,False,13.30422140120416,2,2,30,156,200
1,a {category} near a bicycle,False,13.30422140120416,3,1,47,80,200
1,a {category} under artificial light,True,2.5125,6,1,122,9,200
1,something shaped like a {category},False,13.30422140120416,4,1,172,43,200
1,a {category} in the upper right area,True,4.0,4,1,71,16,200
1,a {category} in a photo frame,True,11.491228070175438,2,1,233,7,200
1,a {category} near equipment,True,2.109375,3,1,41,11,200
1,a {category} overlapping another object,False,13.30422140120416,4,0,110,0,200
1,a sharp {category},False,13.30422140120416,4,1,62,29,200
1,a {category} candidate box,False,13.30422140120416,6,5,167,96,200
1,a {category} near the camera,True,1.9796610169491526,6,2,255,48,200
1,a {category} near shadows,False,13.30422140120416,2,2,72,35,200
1,a sparse scene with a {category},True,3.036585365853658,4,4,153,176,200
1,a {category} in the lower left area,False,13.30422140120416,8,0,367,0,200
1,an outdoor scene containing a {category},True,4.136363636363636,5,0,83,0,200
1,the main {category},False,13.30422140120416,5,2,78,30,200
1,a large {category},False,4.400904150435243,3,5,92,84,200
1,a single {category},False,13.30422140120416,6,4,101,200,200
1,a {category} in the scene,True,6.666666666666667,4,1,132,18,200
1,a {category} near furniture,False,13.30422140120416,6,2,175,64,200
1,a real {category},False,13.30422140120416,4,1,176,36,200
1,a vehicle scene with a {category},True,3.576923076923077,4,0,110,0,200
1,a group of {category} objects,False,13.30422140120416,3,2,85,38,200
1,a {category} with neutral color,False,13.30422140120416,4,3,78,22,200
1,no clear {category},True,4.976744186046512,4,2,187,116,200
1,a {category} in a vehicle,True,4.19047619047619,6,1,160,95,200
1,a candidate {category},False,13.30422140120416,8,2,90,24,200
1,a {category} away from the image center,True,2.941176470588235,9,2,151,37,200
1,a {category} turned away,True,3.4594594594594597,7,2,246,74,200
1,a {category} cropped by the frame,False,4.400904150435243,1,4,23,70,200
1,a distant {category},False,13.30422140120416,1,3,6,55,200
1,a {category} in high contrast,True,2.2916666666666665,4,0,59,0,200
1,a {category} behind another object,False,13.30422140120416,6,1,187,52,200
1,a small {category} near the center,True,2.123076923076923,8,2,73,77,200
1,a moving {category},False,13.30422140120416,6,2,207,79,200
1,a {category} fully inside the frame,False,13.30422140120416,7,0,65,0,200
1,a {category} near food,True,2.761904761904762,5,5,59,131,200
1,a street scene containing a {category},True,3.0272727272727273,5,1,192,40,200
1,a {category} near a vehicle,True,4.96969696969697,4,0,143,0,200
1,a {category} near a car,False,13.30422140120416,2,1,98,44,200
1,a tiny {category},True,1.9542857142857144,6,0,150,0,200
1,multiple {category} instances,True,3.9705882352941173,5,2,125,22,200
1,a {category} mostly visible,False,13.30422140120416,7,1,130,20,200
1,something similar to a {category},False,13.30422140120416,4,0,140,0,200
1,find the {category},True,3.0,4,2,28,46,200
1,a sports scene with a {category},True,4.487804878048781,6,1,165,9,200
1,a low-resolution view of a {category},True,2.582608695652174,4,0,90,0,200
1,without a {category},False,13.30422140120416,7,1,207,11,200
1,there is no {category} here,False,13.30422140120416,4,2,94,91,200
1,locate the {category},True,2.5448275862068965,4,3,112,188,200
1,a {category} in open space,False,13.30422140120416,3,2,37,46,200
1,a partial view of a {category},False,13.30422140120416,4,3,89,38,200
1,a scene lacking a {category},True,4.0993150684931505,11,0,340,0,200
1,a {category} near a bus,True,3.070175438596491,7,3,174,206,200
1,this scene does not contain a {category},False,13.30422140120416,3,2,148,21,200
1,a {category} near the edge of the image,False,13.30422140120416,4,1,95,5,200
1,maybe a {category},True,2.7666666666666666,9,3,221,30,200
1,a {category} at the right side,False,13.30422140120416,6,5,86,113,200
1,a photographic {category},True,3.608490566037736,7,0,224,0,200
1,a {category} near water,True,1.7714285714285714,6,0,166,0,200
1,a {category} in the upper left area,True,10.523972602739725,10,2,439,89,200
1,a likely {category},True,3.9105882352941177,5,2,479,18,200
1,a {category} at the left side,True,3.9189189189189193,5,1,134,19,200
1,a {category} at medium scale,True,4.4,4,2,99,42,200
1,a {category} in front of a wall,False,13.30422140120416,2,0,105,0,200
1,a {category} partly outside the image,True,3.2307692307692313,5,0,102,0,200
1,a {category} near the image center,False,13.30422140120416,3,1,62,9,200
1,a {category} in clutter,True,3.59375,3,3,71,107,200
1,a {category} inside a room,True,2.966666666666667,5,2,156,111,200
1,no visible {category},True,6.315789473684211,1,1,29,7,200
1,a {category} in a mirror-like surface,True,1.6444444444444442,6,0,86,0,200
1,a {category} barely visible,False,4.142612448940819,2,1,108,36,200
1,a {category} on pavement,False,13.30422140120416,5,2,68,33,200
1,a {category} near a window,True,3.8409090909090913,8,1,146,12,200
1,a {category} near a bed,False,13.30422140120416,3,0,64,0,200
1,a lying {category},False,3.4702597655355594,1,1,52,41,200
1,a zoomed view of a {category},False,13.30422140120416,4,1,234,141,200
1,a {category} near a tree,False,13.30422140120416,5,2,84,38,200
1,a {category} with unusual appearance,False,13.30422140120416,3,1,16,26,200
1,a {category} at the bottom of the image,True,4.135922330097087,8,2,387,15,200
1,a {category} object,True,2.7555555555555555,3,2,111,108,200
1,a {category} at an unusual angle,False,13.30422140120416,6,2,114,59,200
1,a {category} worn by someone,False,13.30422140120416,4,5,131,123,200
1,a crowded scene with a {category},False,13.30422140120416,3,3,25,66,200
1,a bright {category},True,4.956521739130435,6,0,161,0,200
1,possibly a {category},False,13.30422140120416,5,1,52,6,200
1,a visible {category} in the scene,True,4.571428571428571,5,3,143,71,200
1,a {category} at the top of the image,False,13.30422140120416,4,1,104,22,200
1,a messy view of a {category},False,4.400904150435243,4,0,173,0,200
1,show me a {category},False,13.30422140120416,2,2,29,20,200
1,a {category} near text or signs,False,4.400904150435243,3,2,60,25,200
1,a {category} on a plate,False,13.30422140120416,6,1,255,27,200
1,a side view of a {category},False,0.0,0,3,0,35,200
1,a {category} partly hidden,True,3.1764705882352944,2,2,106,66,200
1,a picture with a {category},True,3.5318181818181817,6,3,228,81,200
1,a {category} on a floor,False,13.30422140120416,4,0,73,0,200
1,an indoor scene containing a {category},False,13.30422140120416,6,0,178,0,200
1,an image showing a {category},False,13.30422140120416,6,4,147,156,200
1,a real-world {category},False,13.30422140120416,2,0,25,0,200
1,a clear photo of a {category},True,2.7692307692307696,5,1,74,10,200
1,a {category} among other objects,False,13.30422140120416,5,0,167,0,200
1,a {category} near a road,False,13.30422140120416,2,1,24,36,200
1,a {category} under shade,True,5.5625,10,0,377,0,200
1,a wide-angle view with a {category},True,2.823529411764706,6,1,61,4,200
1,a {category} with occlusion,False,13.30422140120416,4,1,54,64,200
1,a {category} near a chair,False,13.30422140120416,5,3,92,66,200
1,a possible instance of {category},True,2.1333333333333333,6,2,261,76,200
1,a {category} at small scale,False,13.30422140120416,3,0,45,0,200
1,a stacked {category},False,4.142612448940819,1,1,26,6,200
1,a standing {category},True,1.6875,2,2,58,83,200
1,a {category} detection target,True,3.206896551724138,6,2,71,15,200
1,a {category} next to a wall,False,13.30422140120416,5,1,81,16,200
1,a sitting {category},True,6.807692307692308,2,1,65,16,200
1,a {category} on a table,False,13.30422140120416,2,1,42,6,200
1,a {category} on the ground,False,13.30422140120416,3,1,23,5,200
1,a {category} near a pole,False,13.30422140120416,3,2,35,51,200
1,a {category} with strong color,False,4.400904150435243,2,0,56,0,200
1,an item that could be a {category},False,13.30422140120416,3,1,68,90,200
1,one visible {category},True,2.56,4,1,59,42,200
1,a {category} used by someone,False,13.30422140120416,4,2,163,12,200
1,a living area with a {category},True,6.212121212121212,7,1,192,51,200
1,the most visible {category},False,13.30422140120416,2,2,117,37,200
1,a {category} in the lower right area,True,3.076923076923077,4,0,80,0,200
1,a {category} that may be absent,True,2.5764705882352943,3,3,66,48,200
1,a parked {category},False,13.30422140120416,3,0,181,0,200
1,a {category} separated from other objects,True,2.2956521739130435,4,2,83,118,200
1,a {category} attached to something,False,13.30422140120416,2,0,21,0,200
1,a traffic scene with a {category},True,4.3999999999999995,5,1,118,4,200
1,a {category} proposal,True,3.333333333333333,3,0,38,0,200
1,a full view of a {category},True,3.7600000000000002,3,3,89,89,200
1,a {category} in profile,False,4.400904150435243,5,0,114,0,200
1,a visible instance of {category},False,4.400904150435243,1,0,20,0,200
1,a photo containing a {category},False,4.142612448940819,4,1,208,10,200
1,a {category} near a doorway,False,13.30422140120416,2,1,169,11,200
1,an object resembling a {category},False,13.30422140120416,1,1,18,25,200
1,a {category} in the foreground,False,13.30422140120416,2,1,24,31,200
2,what looks like a {category},False,11.568975367140506,4,2,103,11,200
2,a hanging {category},False,11.568975367140506,4,3,75,87,200
2,a {category} that is hard to see,False,11.568975367140506,3,3,151,43,200
2,a {category} in a busy background,True,1.71875,5,2,143,45,200
2,a {category} under daylight,True,2.53125,6,1,123,27,200
2,a {category} near a fence,True,3.193548387096774,5,2,119,69,200
2,a scene featuring a {category},True,7.741935483870968,5,2,127,64,200
2,a natural image of a {category},True,2.836363636363636,5,1,92,122,200
2,a {category} near a train,True,2.033333333333333,6,3,159,74,200
2,a {category} seen from below,True,3.527027027027027,4,3,153,129,200
2,a {category} target,False,5.889369998684257,2,1,134,17,200
2,a kitchen scene with a {category},True,4.182926829268293,4,0,70,0,200
2,a cropped view of a {category},True,5.333333333333333,6,3,209,34,200
2,a surveillance-style view of a {category},False,11.568975367140506,6,0,261,0,200
2,a {category} held by someone,True,5.847457627118644,8,2,198,19,200
2,a {category} outdoors,False,11.568975367140506,4,1,48,72,200
2,a {category} without occlusion,False,11.568975367140506,2,4,8,29,200
2,a {category} region,False,11.568975367140506,3,4,20,193,200
2,a nearby {category},False,11.568975367140506,2,0,15,0,200
2,a suspected {category},True,3.4390243902439024,8,1,167,69,200
2,no obvious {category},False,11.568975367140506,7,0,230,0,200
2,a market scene with a {category},True,4.0,3,3,96,98,200
2,a {category} cluster,False,11.568975367140506,6,0,86,0,200
2,a {category} near an animal,True,1.9404255319148938,5,2,199,49,200
2,a front view of a {category},True,3.085714285714286,4,1,186,18,200
2,identify any {category},False,11.568975367140506,7,1,246,23,200
2,a high-resolution view of a {category},False,5.889369998684257,3,0,130,0,200
2,the nearest {category},False,11.568975367140506,3,2,41,46,200
2,a {category} on grass,True,3.066666666666667,4,1,199,19,200
2,a {category} on a seat,False,11.568975367140506,1,0,10,0,200
2,background regions not containing a {category},False,11.568975367140506,6,0,123,0,200
2,look for a {category},False,11.568975367140506,4,1,138,7,200
2,a {category} with visible outline,True,8.434959349593495,5,4,359,162,200
2,a dark {category},False,11.568975367140506,4,4,66,64,200
2,a natural {category},False,11.568975367140506,5,3,124,103,200
2,a household scene with a {category},True,2.097777777777778,5,1,203,85,200
2,a close-up of a {category},False,11.568975367140506,4,2,143,86,200
2,a {category} far from the camera,True,4.923076923076923,7,1,167,2,200
2,where is the {category},True,6.75,9,4,211,60,200
2,a {category} seen from above,True,4.585365853658537,7,1,167,4,200
2,a {category} facing the camera,True,2.006779661016949,6,1,257,101,200
2,an actual {category},True,2.808,6,2,104,100,200
2,a {category} near a building,False,11.568975367140506,4,1,212,9,200
2,a {category} near a curb,False,11.568975367140506,4,2,119,85,200
2,a {category} on a shelf,False,11.568975367140506,6,0,169,0,200
2,a {category} in low contrast,True,1.956756756756757,6,1,158,13,200
2,a clean view of a {category},False,11.568975367140506,4,0,132,0,200
2,a {category} in front of another object,True,6.362573099415204,6,1,239,49,200
2,a {category} near vegetation,False,11.568975367140506,5,2,134,25,200
2,a {category} in a container,False,11.568975367140506,3,2,85,12,200
2,a {category} beside a person,True,2.558823529411765,5,3,131,50,200
2,a {category} with clear shape,False,11.568975367140506,4,1,95,27,200
2,a {category} in the background,False,11.568975367140506,3,2,81,49,200
2,I do not see a {category},False,11.568975367140506,4,1,140,12,200
2,a man-made {category},True,4.066666666666666,6,3,56,81,200
2,a {category} at large scale,False,11.568975367140506,3,1,92,8,200
2,a {category} near a counter,True,3.583333333333333,3,2,226,28,200
2,perhaps a {category},True,4.6818181818181825,5,1,182,32,200
2,an image without any {category},True,2.7036144578313253,6,2,333,42,200
2,a park scene with a {category},True,3.1018518518518516,4,1,72,85,200
2,a photo of a {category},True,3.6296296296296298,6,3,93,73,200
2,the {category} in this image,False,11.568975367140506,1,4,3,129,200
2,a blurry {category},True,4.336507936507937,12,3,628,53,200
2,a {category} in a plain background,False,11.568975367140506,6,0,97,0,200
2,a {category} near a sign,True,3.3749999999999996,3,2,160,30,200
2,a {category} near a bicycle,False,11.568975367140506,3,0,47,0,200
2,a {category} under artificial light,True,3.096774193548387,5,2,117,8,200
2,something shaped like a {category},False,11.568975367140506,4,1,160,55,200
2,a {category} in the upper right area,False,3.941835847105743,1,3,14,57,200
2,a {category} in a photo frame,False,11.568975367140506,4,0,286,0,200
2,a {category} near equipment,True,3.44,4,1,83,16,200
2,a {category} overlapping another object,False,5.889369998684257,3,2,106,30,200
2,a sharp {category},True,2.3181818181818183,5,1,53,29,200
2,a {category} candidate box,True,3.579545454545454,7,1,184,10,200
2,a {category} near the camera,True,3.1052631578947367,3,2,58,57,200
2,a {category} near shadows,False,5.889369998684257,2,3,91,92,200
2,a sparse scene with a {category},True,3.7255434782608696,10,0,397,0,200
2,a {category} in the lower left area,False,5.889369998684257,6,2,230,53,200
2,an outdoor scene containing a {category},False,11.568975367140506,3,1,44,18,200
2,the main {category},False,11.568975367140506,4,2,112,11,200
2,a large {category},True,2.070588235294118,9,2,152,24,200
2,a single {category},False,11.568975367140506,7,3,163,188,200
2,a {category} in the scene,True,4.921875,8,1,275,14,200
2,a {category} near furniture,True,3.25,5,2,222,26,200
2,a real {category},True,3.4821428571428568,6,0,230,0,200
2,a vehicle scene with a {category},True,2.76,4,1,102,46,200
2,a group of {category} objects,False,11.568975367140506,4,1,72,38,200
2,a {category} with neutral color,True,2.52,5,1,96,4,200
2,no clear {category},True,2.9733333333333336,5,2,194,116,200
2,a {category} in a vehicle,True,4.557377049180328,6,2,247,230,200
2,a candidate {category},True,1.8166666666666664,8,1,97,2,200
2,a {category} away from the image center,True,3.214285714285714,9,2,133,54,200
2,a {category} turned away,True,4.928270042194093,7,2,275,61,200
2,a {category} cropped by the frame,True,3.0,7,0,129,0,200
2,a distant {category},False,11.568975367140506,3,1,31,6,200
2,a {category} in high contrast,True,3.669354838709677,6,0,92,0,200
2,a {category} behind another object,False,11.568975367140506,4,2,118,94,200
2,a small {category} near the center,True,3.5810810810810816,5,3,109,22,200
2,a moving {category},False,11.568975367140506,4,0,115,0,200
2,a {category} fully inside the frame,False,11.568975367140506,4,3,36,29,200
2,a {category} near food,True,2.1052631578947367,3,4,39,64,200
2,a street scene containing a {category},True,4.217391304347826,3,2,88,112,200
2,a {category} near a vehicle,True,4.374999999999999,4,0,95,0,200
2,a {category} near a car,False,11.568975367140506,3,2,98,12,200
2,a tiny {category},False,11.568975367140506,6,0,145,0,200
2,multiple {category} instances,True,3.878787878787879,4,3,119,50,200
2,a {category} mostly visible,False,11.568975367140506,7,1,132,7,200
2,something similar to a {category},False,11.568975367140506,3,1,134,6,200
2,find the {category},True,2.325,3,1,58,5,200
2,a sports scene with a {category},True,2.53125,3,1,50,11,200
2,a low-resolution view of a {category},False,11.568975367140506,2,1,75,12,200
2,without a {category},False,5.889369998684257,5,4,247,43,200
2,there is no {category} here,False,11.568975367140506,6,0,185,0,200
2,locate the {category},True,5.703703703703703,6,2,278,45,200
2,a {category} in open space,False,11.568975367140506,3,1,27,14,200
2,a partial view of a {category},True,1.9411764705882353,4,2,41,97,200
2,a scene lacking a {category},False,11.568975367140506,5,2,221,19,200
2,a {category} near a bus,True,5.212765957446809,6,2,146,202,200
2,this scene does not contain a {category},False,11.568975367140506,2,2,62,20,200
2,a {category} near the edge of the image,False,11.568975367140506,3,1,82,5,200
2,maybe a {category},True,3.3124999999999996,7,3,143,45,200
2,a {category} at the right side,True,1.7777777777777777,8,3,144,85,200
2,a photographic {category},True,2.4521739130434783,4,1,87,17,200
2,a {category} near water,True,2.818965517241379,6,2,102,116,200
2,a {category} in the upper left area,True,7.8395061728395055,6,1,112,206,200
2,a likely {category},True,4.125,6,0,356,0,200
2,a {category} at the left side,True,3.5555555555555554,6,0,153,0,200
2,a {category} at medium scale,True,5.572649572649572,7,0,148,0,200
2,a {category} in front of a wall,False,0.0,0,2,0,119,200
2,a {category} partly outside the image,True,3.228260869565217,5,0,90,0,200
2,a {category} near the image center,False,11.568975367140506,1,1,10,9,200
2,a {category} in clutter,True,3.411290322580645,6,2,126,56,200
2,a {category} inside a room,True,3.6764705882352944,6,3,102,198,200
2,no visible {category},True,4.75,4,1,168,3,200
2,a {category} in a mirror-like surface,True,1.9749999999999999,4,1,85,6,200
2,a {category} barely visible,False,0.0,0,1,0,34,200
2,a {category} on pavement,True,2.7,5,3,80,33,200
2,a {category} near a window,False,11.568975367140506,7,1,133,13,200
2,a {category} near a bed,False,11.568975367140506,2,0,41,0,200
2,a lying {category},True,2.951388888888889,2,0,93,0,200
2,a zoomed view of a {category},True,2.019753086419753,5,0,354,0,200
2,a {category} near a tree,False,11.568975367140506,7,1,124,13,200
2,a {category} with unusual appearance,False,11.568975367140506,1,2,26,13,200
2,a {category} at the bottom of the image,False,11.568975367140506,6,1,135,4,200
2,a {category} object,False,11.568975367140506,3,3,35,190,200
2,a {category} at an unusual angle,False,11.568975367140506,4,3,66,75,200
2,a {category} worn by someone,True,3.75,3,3,130,93,200
2,a crowded scene with a {category},False,11.568975367140506,5,2,80,34,200
2,a bright {category},True,5.180180180180181,4,2,114,47,200
2,possibly a {category},False,11.568975367140506,6,1,74,21,200
2,a visible {category} in the scene,False,11.568975367140506,4,5,121,130,200
2,a {category} at the top of the image,False,11.568975367140506,5,1,116,24,200
2,a messy view of a {category},False,11.568975367140506,3,2,42,50,200
2,show me a {category},False,11.568975367140506,4,1,54,7,200
2,a {category} near text or signs,True,2.5615384615384618,6,3,101,40,200
2,a {category} on a plate,False,11.568975367140506,5,1,180,33,200
2,a side view of a {category},False,11.568975367140506,5,1,85,7,200
2,a {category} partly hidden,True,5.852713178294573,4,0,144,0,200
2,a picture with a {category},True,4.957746478873239,8,1,307,2,200
2,a {category} on a floor,False,11.568975367140506,4,1,73,5,200
2,an indoor scene containing a {category},True,3.7142857142857135,5,2,171,40,200
2,an image showing a {category},True,3.7193877551020402,8,1,212,6,200
2,a real-world {category},False,3.7811302318006623,1,0,12,0,200
2,a clear photo of a {category},True,2.72,6,1,71,10,200
2,a {category} among other objects,False,11.568975367140506,4,1,165,32,200
2,a {category} near a road,False,11.568975367140506,3,1,54,6,200
2,a {category} under shade,True,5.304347826086956,7,1,210,62,200
2,a wide-angle view with a {category},False,11.568975367140506,5,1,48,2,200
2,a {category} with occlusion,False,11.568975367140506,3,3,52,75,200
2,a {category} near a chair,False,11.568975367140506,5,2,134,22,200
2,a possible instance of {category},True,2.0830188679245283,4,2,237,73,200
2,a {category} at small scale,False,11.568975367140506,3,2,145,17,200
2,a stacked {category},False,11.568975367140506,2,0,32,0,200
2,a standing {category},True,1.7076923076923076,3,0,76,0,200
2,a {category} detection target,True,2.7777777777777777,5,3,48,70,200
2,a {category} next to a wall,True,2.35,5,3,88,34,200
2,a sitting {category},True,12.921686746987952,4,1,370,25,200
2,a {category} on a table,False,11.568975367140506,1,1,6,40,200
2,a {category} on the ground,False,11.568975367140506,2,2,16,47,200
2,a {category} near a pole,False,11.568975367140506,4,0,115,0,200
2,a {category} with strong color,False,11.568975367140506,1,1,4,28,200
2,an item that could be a {category},False,11.568975367140506,3,1,128,54,200
2,one visible {category},True,2.8285714285714283,4,0,88,0,200
2,a {category} used by someone,True,2.4,4,1,66,300,200
2,a living area with a {category},False,11.568975367140506,6,2,163,92,200
2,the most visible {category},False,11.568975367140506,3,1,139,15,200
2,a {category} in the lower right area,False,11.568975367140506,3,1,26,37,200
2,a {category} that may be absent,False,11.568975367140506,3,4,69,75,200
2,a parked {category},False,3.7017010196383815,1,1,154,9,200
2,a {category} separated from other objects,False,11.568975367140506,4,2,107,69,200
2,a {category} attached to something,False,11.568975367140506,1,0,11,0,200
2,a traffic scene with a {category},True,4.0,4,2,85,56,200
2,a {category} proposal,False,5.889369998684257,2,0,29,0,200
2,a full view of a {category},True,6.196581196581196,6,1,136,70,200
2,a {category} in profile,False,5.889369998684257,3,1,75,15,200
2,a visible instance of {category},True,7.536585365853659,2,0,110,0,200
2,a photo containing a {category},False,11.568975367140506,4,0,142,0,200
2,a {category} near a doorway,False,11.568975367140506,4,1,182,11,200
2,an object resembling a {category},False,5.889369998684257,1,0,25,0,200
2,a {category} in the foreground,True,3.4375,2,2,51,24,200
3,what looks like a {category},False,12.633155183205739,5,1,103,25,200
3,a hanging {category},False,12.633155183205739,9,0,264,0,200
3,a {category} that is hard to see,False,12.633155183205739,2,3,34,151,200
3,a {category} in a busy background,True,1.71875,5,1,143,13,200
3,a {category} under daylight,False,12.633155183205739,3,4,58,164,200
3,a {category} near a fence,True,2.896551724137931,7,0,208,0,200
3,a scene featuring a {category},True,11.176470588235295,3,3,35,148,200
3,a natural image of a {category},False,12.633155183205739,2,3,30,145,200
3,a {category} near a train,True,3.403846153846154,6,1,158,3,200
3,a {category} seen from below,True,2.0461538461538464,5,1,230,24,200
3,a {category} target,False,4.545821530358551,2,0,35,0,200
3,a kitchen scene with a {category},True,4.038461538461538,5,2,64,60,200
3,a cropped view of a {category},True,5.466666666666667,6,4,224,114,200
3,a surveillance-style view of a {category},False,12.633155183205739,5,1,170,92,200
3,a {category} held by someone,True,6.2745098039215685,8,1,179,15,200
3,a {category} outdoors,False,12.633155183205739,4,0,111,0,200
3,a {category} without occlusion,False,12.633155183205739,4,2,31,11,200
3,a {category} region,False,12.633155183205739,4,2,139,58,200
3,a nearby {category},False,12.633155183205739,2,0,15,0,200
3,a suspected {category},False,4.545821530358551,5,1,126,25,200
3,no obvious {category},True,2.1170731707317074,6,0,186,0,200
3,a market scene with a {category},True,5.9433962264150955,5,2,180,154,200
3,a {category} cluster,False,12.633155183205739,4,2,51,35,200
3,a {category} near an animal,True,2.121052631578947,7,0,345,0,200
3,a front view of a {category},False,12.633155183205739,5,1,319,4,200
3,identify any {category},False,12.633155183205739,2,3,54,65,200
3,a high-resolution view of a {category},True,2.8285714285714287,5,0,146,0,200
3,the nearest {category},True,2.317241379310345,5,1,85,10,200
3,a {category} on grass,True,3.0893617021276594,5,0,209,0,200
3,a {category} on a seat,False,12.633155183205739,1,0,10,0,200
3,background regions not containing a {category},False,12.633155183205739,4,3,53,83,200
3,look for a {category},True,1.9852941176470589,3,1,42,89,200
3,a {category} with visible outline,True,4.0,9,2,159,385,200
3,a dark {category},True,6.666666666666666,7,1,110,14,200
3,a natural {category},True,3.6250000000000004,6,2,127,91,200
3,a household scene with a {category},True,2.19375,7,3,299,84,200
3,a close-up of a {category},True,2.16,3,3,85,98,200
3,a {category} far from the camera,True,6.0246913580246915,8,2,109,73,200
3,where is the {category},True,3.875,5,4,58,80,200
3,a {category} seen from above,False,12.633155183205739,5,2,167,14,200
3,a {category} facing the camera,True,1.9714285714285713,6,1,240,101,200
3,an actual {category},True,2.146153846153846,6,1,89,80,200
3,a {category} near a building,False,12.633155183205739,3,1,19,64,200
3,a {category} near a curb,False,12.633155183205739,4,1,189,13,200
3,a {category} on a shelf,False,12.633155183205739,4,2,98,71,200
3,a {category} in low contrast,True,4.118644067796611,7,2,275,28,200
3,a clean view of a {category},False,4.545821530358551,2,0,132,0,200
3,a {category} in front of another object,True,3.7052238805970146,7,0,288,0,200
3,a {category} near vegetation,True,1.82,4,3,81,62,200
3,a {category} in a container,False,12.633155183205739,4,1,95,4,200
3,a {category} beside a person,True,2.877551020408163,8,1,206,10,200
3,a {category} with clear shape,False,12.633155183205739,4,0,98,0,200
3,a {category} in the background,True,4.068376068376068,4,1,85,45,200
3,I do not see a {category},False,12.633155183205739,6,2,102,79,200
3,a man-made {category},True,2.907692307692308,7,3,110,39,200
3,a {category} at large scale,False,3.7216027671763663,1,3,21,116,200
3,a {category} near a counter,True,4.730769230769231,2,1,216,9,200
3,perhaps a {category},False,12.633155183205739,4,2,74,125,200
3,an image without any {category},False,12.633155183205739,5,1,137,84,200
3,a park scene with a {category},True,4.0,4,1,74,25,200
3,a photo of a {category},True,3.0,6,2,90,65,200
3,the {category} in this image,False,12.633155183205739,4,0,114,0,200
3,a blurry {category},True,3.36986301369863,10,3,293,261,200
3,a {category} in a plain background,False,12.633155183205739,5,1,93,4,200
3,a {category} near a sign,True,2.8133333333333335,4,0,186,0,200
3,a {category} near a bicycle,False,12.633155183205739,4,0,127,0,200
3,a {category} under artificial light,True,3.222222222222222,4,3,105,20,200
3,something shaped like a {category},False,12.633155183205739,2,0,22,0,200
3,a {category} in the upper right area,False,12.633155183205739,4,1,73,14,200
3,a {category} in a photo frame,False,12.633155183205739,5,1,293,75,200
3,a {category} near equipment,True,7.450980392156864,3,3,69,41,200
3,a {category} overlapping another object,False,3.7216027671763663,2,2,101,31,200
3,a sharp {category},True,2.7272727272727275,4,2,73,47,200
3,a {category} candidate box,True,3.8088235294117645,7,3,224,44,200
3,a {category} near the camera,True,2.0226415094339623,5,0,233,0,200
3,a {category} near shadows,False,12.633155183205739,5,0,183,0,200
3,a sparse scene with a {category},True,2.6447368421052633,5,5,128,205,200
3,a {category} in the lower left area,False,12.633155183205739,7,3,165,224,200
3,an outdoor scene containing a {category},True,3.3529411764705883,5,0,54,0,200
3,the main {category},False,12.633155183205739,4,2,136,18,200
3,a large {category},True,2.6943396226415093,11,1,213,10,200
3,a single {category},False,12.633155183205739,5,4,142,174,200
3,a {category} in the scene,True,4.85,8,0,255,0,200
3,a {category} near furniture,True,6.119791666666667,5,3,221,47,200
3,a real {category},True,3.509433962264151,6,0,219,0,200
3,a vehicle scene with a {category},True,1.9034482758620688,5,0,121,0,200
3,a group of {category} objects,False,12.633155183205739,3,3,31,103,200
3,a {category} with neutral color,True,2.5,4,2,36,47,200
3,no clear {category},False,12.633155183205739,5,1,237,5,200
3,a {category} in a vehicle,True,3.1243902439024387,6,3,367,140,200
3,a candidate {category},False,12.633155183205739,7,2,104,8,200
3,a {category} away from the image center,True,3.5853658536585367,7,2,140,40,200
3,a {category} turned away,False,4.545821530358551,4,1,118,23,200
3,a {category} cropped by the frame,True,5.679012345679012,5,2,89,41,200
3,a distant {category},False,12.633155183205739,3,0,30,0,200
3,a {category} in high contrast,True,3.3333333333333335,5,2,58,38,200
3,a {category} behind another object,False,12.633155183205739,5,1,192,42,200
3,a small {category} near the center,True,3.421052631578947,9,1,126,20,200
3,a moving {category},False,4.545821530358551,4,3,164,38,200
3,a {category} fully inside the frame,False,12.633155183205739,5,1,53,4,200
3,a {category} near food,True,6.494252873563219,11,1,210,17,200
3,a street scene containing a {category},False,4.545821530358551,4,2,178,54,200
3,a {category} near a vehicle,False,3.1084096639840166,1,2,59,78,200
3,a {category} near a car,False,3.550494593972855,1,1,52,91,200
3,a tiny {category},True,3.3888888888888884,4,3,109,69,200
3,multiple {category} instances,True,3.7500000000000004,7,1,148,45,200
3,a {category} mostly visible,False,12.633155183205739,5,3,52,89,200
3,something similar to a {category},False,12.633155183205739,2,2,93,47,200
3,find the {category},False,12.633155183205739,3,1,23,5,200
3,a sports scene with a {category},True,3.666666666666666,5,0,94,0,200
3,a low-resolution view of a {category},True,2.582608695652174,4,0,90,0,200
3,without a {category},False,12.633155183205739,9,2,384,14,200
3,there is no {category} here,False,12.633155183205739,3,2,174,9,200
3,locate the {category},True,28.617647058823525,6,2,254,48,200
3,a {category} in open space,False,12.633155183205739,1,2,6,35,200
3,a partial view of a {category},True,2.38125,5,1,117,6,200
3,a scene lacking a {category},True,3.1499999999999995,7,3,252,44,200
3,a {category} near a bus,True,8.065573770491802,8,1,171,23,200
3,this scene does not contain a {category},False,12.633155183205739,4,3,129,148,200
3,a {category} near the edge of the image,False,12.633155183205739,3,0,89,0,200
3,maybe a {category},True,3.056603773584906,11,0,197,0,200
3,a {category} at the right side,True,2.859574468085106,8,3,197,30,200
3,a photographic {category},True,3.53125,6,1,200,24,200
3,a {category} near water,False,12.633155183205739,5,2,116,41,200
3,a {category} in the upper left area,True,5.648854961832061,7,0,379,0,200
3,a likely {category},True,4.571428571428571,4,2,114,338,200
3,a {category} at the left side,True,2.347826086956522,3,0,57,0,200
3,a {category} at medium scale,False,12.633155183205739,4,0,103,0,200
3,a {category} in front of a wall,False,0.0,0,2,0,105,200
3,a {category} partly outside the image,False,12.633155183205739,4,3,88,71,200
3,a {category} near the image center,False,4.545821530358551,3,0,61,0,200
3,a {category} in clutter,True,4.142857142857142,5,2,158,23,200
3,a {category} inside a room,True,2.876470588235294,5,4,143,157,200
3,no visible {category},False,12.633155183205739,3,1,135,29,200
3,a {category} in a mirror-like surface,True,2.8285714285714283,5,1,102,6,200
3,a {category} barely visible,False,3.7216027671763663,1,1,34,74,200
3,a {category} on pavement,True,2.843478260869565,6,1,96,5,200
3,a {category} near a window,False,12.633155183205739,4,1,49,12,200
3,a {category} near a bed,False,12.633155183205739,3,0,49,0,200
3,a lying {category},True,5.806451612903226,1,1,41,52,200
3,a zoomed view of a {category},False,12.633155183205739,6,2,275,163,200
3,a {category} near a tree,False,12.633155183205739,8,1,139,25,200
3,a {category} with unusual appearance,False,12.633155183205739,2,1,36,3,200
3,a {category} at the bottom of the image,True,8.307692307692308,7,3,74,260,200
3,a {category} object,True,2.1478260869565218,4,0,211,0,200
3,a {category} at an unusual angle,False,4.545821530358551,4,3,121,33,200
3,a {category} worn by someone,False,3.7216027671763663,3,3,164,62,200
3,a crowded scene with a {category},False,12.633155183205739,3,2,58,60,200
3,a bright {category},True,4.427083333333333,4,2,89,72,200
3,possibly a {category},False,12.633155183205739,1,4,15,53,200
3,a visible {category} in the scene,True,3.1421052631578945,6,1,171,4,200
3,a {category} at the top of the image,False,12.633155183205739,4,1,104,22,200
3,a messy view of a {category},False,12.633155183205739,5,2,181,22,200
3,show me a {category},False,12.633155183205739,2,3,19,49,200
3,a {category} near text or signs,True,3.5,5,3,87,46,200
3,a {category} on a plate,False,12.633155183205739,4,2,110,151,200
3,a side view of a {category},False,12.633155183205739,3,1,38,4,200
3,a {category} partly hidden,True,2.953125,5,0,175,0,200
3,a picture with a {category},False,12.633155183205739,3,2,90,41,200
3,a {category} on a floor,False,12.633155183205739,3,1,24,10,200
3,an indoor scene containing a {category},True,3.787878787878788,4,4,101,125,200
3,an image showing a {category},True,2.854054054054054,7,1,155,2,200
3,a real-world {category},False,2.8771249295986925,2,1,30,7,200
3,a clear photo of a {category},True,2.4166666666666665,4,4,62,30,200
3,a {category} among other objects,False,4.545821530358551,1,3,21,83,200
3,a {category} near a road,True,4.470588235294118,4,0,69,0,200
3,a {category} under shade,False,12.633155183205739,8,1,297,86,200
3,a wide-angle view with a {category},False,12.633155183205739,3,2,24,23,200
3,a {category} with occlusion,True,1.76,3,2,118,7,200
3,a {category} near a chair,False,12.633155183205739,8,1,162,50,200
3,a possible instance of {category},False,12.633155183205739,5,1,160,14,200
3,a {category} at small scale,False,12.633155183205739,2,3,41,121,200
3,a stacked {category},False,12.633155183205739,2,0,32,0,200
3,a standing {category},False,4.545821530358551,2,2,45,96,200
3,a {category} detection target,True,3.097560975609756,10,1,126,13,200
3,a {category} next to a wall,True,2.376,5,1,92,16,200
3,a sitting {category},True,12.446236559139784,4,2,402,30,200
3,a {category} on a table,False,12.633155183205739,1,1,2,40,200
3,a {category} on the ground,False,12.633155183205739,4,0,63,0,200
3,a {category} near a pole,False,4.545821530358551,2,5,78,146,200
3,a {category} with strong color,False,4.545821530358551,2,0,56,0,200
3,an item that could be a {category},False,12.633155183205739,4,0,94,0,200
3,one visible {category},True,2.5500000000000003,3,1,46,13,200
3,a {category} used by someone,False,12.633155183205739,4,2,120,48,200
3,a living area with a {category},False,12.633155183205739,7,1,213,23,200
3,the most visible {category},False,12.633155183205739,2,2,121,33,200
3,a {category} in the lower right area,True,3.757575757575758,5,0,117,0,200
3,a {category} that may be absent,True,2.4600000000000004,5,1,113,25,200
3,a parked {category},False,12.633155183205739,2,0,163,0,200
3,a {category} separated from other objects,True,2.5200000000000005,4,1,114,15,200
3,a {category} attached to something,False,12.633155183205739,2,0,21,0,200
3,a traffic scene with a {category},True,4.166666666666666,4,1,92,4,200
3,a {category} proposal,False,12.633155183205739,2,1,18,20,200
3,a full view of a {category},False,12.633155183205739,3,1,104,13,200
3,a {category} in profile,False,4.545821530358551,4,1,95,19,200
3,a visible instance of {category},True,4.27027027027027,1,0,90,0,200
3,a photo containing a {category},False,12.633155183205739,3,1,35,107,200
3,a {category} near a doorway,False,12.633155183205739,2,1,13,166,200
3,an object resembling a {category},False,3.550494593972855,1,2,62,20,200
3,a {category} in the foreground,False,4.545821530358551,1,2,31,23,200
4,what looks like a {category},False,13.410026079397277,3,1,42,67,200
4,a hanging {category},False,13.410026079397277,7,1,213,25,200
4,a {category} that is hard to see,False,13.410026079397277,2,6,17,194,200
4,a {category} in a busy background,True,3.8846153846153846,7,0,188,0,200
4,a {category} under daylight,True,2.305263157894737,3,1,68,97,200
4,a {category} near a fence,True,2.844827586206897,7,1,206,23,200
4,a scene featuring a {category},False,13.410026079397277,4,1,128,13,200
4,a natural image of a {category},False,13.410026079397277,3,1,143,18,200
4,a {category} near a train,True,4.660377358490566,9,1,218,22,200
4,a {category} seen from below,True,2.857894736842105,4,0,159,0,200
4,a {category} target,False,5.050529302630143,2,0,35,0,200
4,a kitchen scene with a {category},True,6.300000000000001,3,4,64,60,200
4,a cropped view of a {category},False,13.410026079397277,5,3,119,84,200
4,a surveillance-style view of a {category},False,13.410026079397277,4,2,64,119,200
4,a {category} held by someone,True,3.125,5,3,108,33,200
4,a {category} outdoors,False,13.410026079397277,5,2,107,29,200
4,a {category} without occlusion,True,2.8666666666666667,6,1,38,19,200
4,a {category} region,False,13.410026079397277,4,2,190,4,200
4,a nearby {category},False,0.0,0,2,0,29,200
4,a suspected {category},True,1.8100000000000003,8,1,161,29,200
4,no obvious {category},False,13.410026079397277,5,1,166,19,200
4,a market scene with a {category},False,4.419213139801376,1,2,45,82,200
4,a {category} cluster,False,13.410026079397277,4,0,74,0,200
4,a {category} near an animal,False,13.410026079397277,7,1,351,14,200
4,a front view of a {category},True,3.281818181818182,5,1,307,7,200
4,identify any {category},False,13.410026079397277,5,3,223,114,200
4,a high-resolution view of a {category},True,4.304347826086956,3,0,90,0,200
4,the nearest {category},False,13.410026079397277,3,2,41,46,200
4,a {category} on grass,True,2.8875,4,1,136,10,200
4,a {category} on a seat,False,13.410026079397277,1,0,9,0,200
4,background regions not containing a {category},False,13.410026079397277,7,1,160,14,200
4,look for a {category},True,4.375,5,0,126,0,200
4,a {category} with visible outline,True,4.660377358490566,7,2,218,303,200
4,a dark {category},False,13.410026079397277,2,3,18,35,200
4,a natural {category},True,10.16949152542373,6,0,193,0,200
4,a household scene with a {category},True,3.1150684931506847,10,1,326,62,200
4,a close-up of a {category},True,2.535,4,2,153,58,200
4,a {category} far from the camera,True,4.82051282051282,8,3,165,35,200
4,where is the {category},True,6.541666666666667,8,3,137,28,200
4,a {category} seen from above,False,13.410026079397277,2,7,29,206,200
4,a {category} facing the camera,False,5.050529302630143,4,3,162,60,200
4,an actual {category},True,2.8,2,4,87,68,200
4,a {category} near a building,True,2.7333333333333334,3,4,74,153,200
4,a {category} near a curb,True,2.6903225806451614,4,1,124,78,200
4,a {category} on a shelf,False,13.410026079397277,4,1,105,57,200
4,a {category} in low contrast,True,4.241379310344827,7,0,222,0,200
4,a clean view of a {category},False,13.410026079397277,2,2,34,98,200
4,a {category} in front of another object,True,4.640000000000001,5,2,206,82,200
4,a {category} near vegetation,False,13.410026079397277,5,1,72,20,200
4,a {category} in a container,False,5.050529302630143,4,1,78,30,200
4,a {category} beside a person,False,13.410026079397277,4,4,99,73,200
4,a {category} with clear shape,False,13.410026079397277,2,2,53,42,200
4,a {category} in the background,True,7.625,5,0,130,0,200
4,I do not see a {category},False,13.410026079397277,5,1,149,17,200
4,a man-made {category},True,3.2410714285714284,6,1,109,4,200
4,a {category} at large scale,True,3.95,4,2,73,30,200
4,a {category} near a counter,False,5.050529302630143,2,2,29,216,200
4,perhaps a {category},True,2.9423076923076925,7,0,223,0,200
4,an image without any {category},True,2.633766233766234,7,0,303,0,200
4,a park scene with a {category},True,3.394736842105263,4,2,77,34,200
4,a photo of a {category},False,13.410026079397277,3,2,80,34,200
4,the {category} in this image,False,5.050529302630143,4,1,129,3,200
4,a blurry {category},True,4.233552631578947,6,6,363,70,200
4,a {category} in a plain background,True,2.3647058823529417,5,1,62,36,200
4,a {category} near a sign,False,13.410026079397277,2,0,22,0,200
4,a {category} near a bicycle,False,13.410026079397277,2,1,28,80,200
4,a {category} under artificial light,True,2.7500000000000004,5,1,50,3,200
4,something shaped like a {category},False,13.410026079397277,5,1,230,55,200
4,a {category} in the upper right area,True,4.078431372549019,4,1,49,38,200
4,a {category} in a photo frame,True,7.875,2,2,88,266,200
4,a {category} near equipment,False,13.410026079397277,4,0,89,0,200
4,a {category} overlapping another object,False,13.410026079397277,4,0,128,0,200
4,a sharp {category},True,2.1333333333333333,5,0,91,0,200
4,a {category} candidate box,False,13.410026079397277,8,1,213,8,200
4,a {category} near the camera,True,2.0184615384615388,6,1,285,10,200
4,a {category} near shadows,False,13.410026079397277,3,2,104,79,200
4,a sparse scene with a {category},False,5.050529302630143,6,2,288,40,200
4,a {category} in the lower left area,False,5.050529302630143,4,2,137,76,200
4,an outdoor scene containing a {category},True,4.136363636363636,5,1,83,4,200
4,the main {category},False,13.410026079397277,5,2,163,20,200
4,a large {category},True,3.439655172413793,7,5,118,73,200
4,a single {category},False,13.410026079397277,8,3,338,62,200
4,a {category} in the scene,False,13.410026079397277,8,0,281,0,200
4,a {category} near furniture,True,3.735294117647059,8,2,221,137,200
4,a real {category},True,5.428571428571429,5,2,208,67,200
4,a vehicle scene with a {category},False,13.410026079397277,4,1,98,10,200
4,a group of {category} objects,False,13.410026079397277,3,3,58,76,200
4,a {category} with neutral color,False,13.410026079397277,5,2,62,38,200
4,no clear {category},True,3.11578947368421,5,0,255,0,200
4,a {category} in a vehicle,True,4.865384615384616,6,1,221,26,200
4,a candidate {category},False,13.410026079397277,7,3,99,15,200
4,a {category} away from the image center,True,3.5576923076923075,8,2,114,23,200
4,a {category} turned away,False,5.050529302630143,6,3,152,129,200
4,a {category} cropped by the frame,False,13.410026079397277,5,2,61,49,200
4,a distant {category},False,13.410026079397277,3,0,55,0,200
4,a {category} in high contrast,True,3.0,5,1,52,16,200
4,a {category} behind another object,False,13.410026079397277,6,1,187,52,200
4,a small {category} near the center,True,3.416666666666666,7,3,110,36,200
4,a moving {category},False,4.419213139801376,5,2,212,31,200
4,a {category} fully inside the frame,False,13.410026079397277,5,0,47,0,200
4,a {category} near food,True,1.9625,8,2,137,24,200
4,a street scene containing a {category},True,3.933333333333333,2,1,54,32,200
4,a {category} near a vehicle,False,13.410026079397277,2,3,64,87,200
4,a {category} near a car,False,13.410026079397277,6,0,201,0,200
4,a tiny {category},True,2.43,3,3,75,86,200
4,multiple {category} instances,True,3.8604651162790695,7,1,155,6,200
4,a {category} mostly visible,False,13.410026079397277,6,1,133,2,200
4,something similar to a {category},False,13.410026079397277,3,1,118,22,200
4,find the {category},False,13.410026079397277,2,3,47,20,200
4,a sports scene with a {category},False,4.419213139801376,2,2,57,68,200
4,a low-resolution view of a {category},False,13.410026079397277,2,2,27,63,200
4,without a {category},False,5.050529302630143,6,3,276,41,200
4,there is no {category} here,False,13.410026079397277,3,3,107,78,200
4,locate the {category},True,4.161764705882353,6,3,257,91,200
4,a {category} in open space,True,3.722222222222222,4,1,63,21,200
4,a partial view of a {category},True,1.8933333333333333,4,2,126,7,200
4,a scene lacking a {category},False,13.410026079397277,9,0,314,0,200
4,a {category} near a bus,True,3.542857142857143,5,1,77,46,200
4,this scene does not contain a {category},True,5.2894736842105265,6,1,173,3,200
4,a {category} near the edge of the image,False,13.410026079397277,3,1,82,13,200
4,maybe a {category},True,2.1545454545454543,6,3,75,100,200
4,a {category} at the right side,True,1.9428571428571426,11,1,209,19,200
4,a photographic {category},False,13.410026079397277,5,1,142,70,200
4,a {category} near water,True,3.3068181818181817,6,2,174,20,200
4,a {category} in the upper left area,True,5.555555555555555,8,3,261,226,200
4,a likely {category},True,2.7789473684210524,4,1,79,300,200
4,a {category} at the left side,True,2.7727272727272725,3,1,63,14,200
4,a {category} at medium scale,True,4.321428571428571,5,1,109,18,200
4,a {category} in front of a wall,False,5.050529302630143,2,0,119,0,200
4,a {category} partly outside the image,False,13.410026079397277,4,3,113,35,200
4,a {category} near the image center,False,5.050529302630143,3,0,61,0,200
4,a {category} in clutter,False,13.410026079397277,4,2,61,89,200
4,a {category} inside a room,False,13.410026079397277,4,4,141,85,200
4,no visible {category},True,4.333333333333333,4,1,52,119,200
4,a {category} in a mirror-like surface,False,13.410026079397277,2,2,23,23,200
4,a {category} barely visible,False,0.0,0,1,0,36,200
4,a {category} on pavement,True,2.85,6,1,100,5,200
4,a {category} near a window,False,13.410026079397277,6,3,110,48,200
4,a {category} near a bed,False,13.410026079397277,1,1,15,28,200
4,a lying {category},True,2.951388888888889,2,0,93,0,200
4,a zoomed view of a {category},True,3.681818181818182,5,2,329,56,200
4,a {category} near a tree,False,13.410026079397277,7,2,135,29,200
4,a {category} with unusual appearance,False,13.410026079397277,3,0,39,0,200
4,a {category} at the bottom of the image,True,5.374570446735395,6,4,358,35,200
4,a {category} object,True,2.7555555555555555,3,1,111,11,200
4,a {category} at an unusual angle,False,13.410026079397277,5,2,93,34,200
4,a {category} worn by someone,True,2.836363636363636,8,2,184,98,200
4,a crowded scene with a {category},False,13.410026079397277,5,2,87,45,200
4,a bright {category},True,3.35,5,1,130,31,200
4,possibly a {category},False,13.410026079397277,6,2,71,36,200
4,a visible {category} in the scene,True,3.1836734693877546,7,2,223,12,200
4,a {category} at the top of the image,False,13.410026079397277,3,1,39,63,200
4,a messy view of a {category},False,4.419213139801376,2,4,38,148,200
4,show me a {category},False,13.410026079397277,4,1,45,22,200
4,a {category} near text or signs,False,13.410026079397277,4,3,74,48,200
4,a {category} on a plate,False,13.410026079397277,4,0,98,0,200
4,a side view of a {category},False,13.410026079397277,4,1,36,17,200
4,a {category} partly hidden,True,3.645833333333333,5,1,165,24,200
4,a picture with a {category},True,4.785714285714286,4,3,177,103,200
4,a {category} on a floor,False,13.410026079397277,2,2,19,54,200
4,an indoor scene containing a {category},True,5.736434108527131,7,0,143,0,200
4,an image showing a {category},True,3.035294117647059,6,2,150,39,200
4,a real-world {category},False,4.419213139801376,2,1,30,7,200
4,a clear photo of a {category},False,13.410026079397277,4,1,28,14,200
4,a {category} among other objects,True,4.674418604651163,5,1,178,21,200
4,a {category} near a road,False,13.410026079397277,3,1,54,15,200
4,a {category} under shade,False,13.410026079397277,6,3,145,84,200
4,a wide-angle view with a {category},True,2.338235294117647,6,1,50,15,200
4,a {category} with occlusion,True,2.53125,5,0,123,0,200
4,a {category} near a chair,False,13.410026079397277,6,1,147,9,200
4,a possible instance of {category},True,2.9000000000000004,4,3,108,217,200
4,a {category} at small scale,False,13.410026079397277,4,0,158,0,200
4,a stacked {category},False,13.410026079397277,2,0,21,0,200
4,a standing {category},False,13.410026079397277,3,0,110,0,200
4,a {category} detection target,False,13.410026079397277,5,4,50,68,200
4,a {category} next to a wall,False,13.410026079397277,4,2,113,23,200
4,a sitting {category},True,9.0,4,1,118,14,200
4,a {category} on a table,False,13.410026079397277,3,0,48,0,200
4,a {category} on the ground,False,13.410026079397277,3,0,52,0,200
4,a {category} near a pole,True,3.6363636363636367,3,2,97,94,200
4,a {category} with strong color,False,13.410026079397277,1,1,4,28,200
4,an item that could be a {category},False,5.050529302630143,1,2,12,116,200
4,one visible {category},True,2.7789473684210524,3,1,79,13,200
4,a {category} used by someone,True,3.7744186046511623,7,0,467,0,200
4,a living area with a {category},True,10.298507462686565,7,0,251,0,200
4,the most visible {category},False,13.410026079397277,2,2,40,114,200
4,a {category} in the lower right area,True,5.12,4,0,69,0,200
4,a {category} that may be absent,True,2.6166666666666667,6,0,141,0,200
4,a parked {category},False,13.410026079397277,2,1,27,154,200
4,a {category} separated from other objects,True,2.6129032258064515,4,2,122,93,200
4,a {category} attached to something,False,13.410026079397277,1,0,11,0,200
4,a traffic scene with a {category},True,3.5142857142857142,7,0,145,0,200
4,a {category} proposal,False,5.050529302630143,2,0,29,0,200
4,a full view of a {category},True,4.787234042553191,6,0,198,0,200
4,a {category} in profile,False,5.050529302630143,3,0,55,0,200
4,a visible instance of {category},False,5.050529302630143,1,0,20,0,200
4,a photo containing a {category},False,4.419213139801376,3,2,192,26,200
4,a {category} near a doorway,True,5.238095238095238,4,0,190,0,200
4,an object resembling a {category},False,13.410026079397277,2,1,20,25,200
4,a {category} in the foreground,False,13.410026079397277,2,1,24,20,200
5,what looks like a {category},False,14.206956102144733,5,1,128,2,200
5,a hanging {category},False,14.206956102144733,8,2,208,71,200
5,a {category} that is hard to see,False,14.206956102144733,6,1,184,4,200
5,a {category} in a busy background,True,3.6666666666666665,6,1,166,22,200
5,a {category} under daylight,True,2.042553191489362,7,1,207,29,200
5,a {category} near a fence,True,3.630769230769231,7,0,223,0,200
5,a scene featuring a {category},True,8.19047619047619,5,1,151,32,200
5,a natural image of a {category},False,14.206956102144733,4,2,178,32,200
5,a {category} near a train,True,3.9032258064516125,7,2,112,71,200
5,a {category} seen from below,True,3.9671052631578947,4,1,173,8,200
5,a {category} target,False,4.258773530869473,1,2,116,35,200
5,a kitchen scene with a {category},True,1.5733333333333335,3,2,54,45,200
5,a cropped view of a {category},True,5.603448275862069,8,2,189,99,200
5,a surveillance-style view of a {category},False,14.206956102144733,5,1,160,14,200
5,a {category} held by someone,True,2.4363636363636365,6,2,134,9,200
5,a {category} outdoors,False,4.8022660652177205,3,1,38,5,200
5,a {category} without occlusion,True,2.8666666666666667,6,1,38,8,200
5,a {category} region,False,14.206956102144733,4,3,79,134,200
5,a nearby {category},False,14.206956102144733,3,0,38,0,200
5,a suspected {category},True,3.505813953488372,8,2,178,37,200
5,no obvious {category},False,14.206956102144733,5,1,120,22,200
5,a market scene with a {category},True,6.666666666666667,4,3,239,95,200
5,a {category} cluster,False,14.206956102144733,2,4,35,51,200
5,a {category} near an animal,False,14.206956102144733,5,2,213,123,200
5,a front view of a {category},False,14.206956102144733,4,1,156,9,200
5,identify any {category},False,14.206956102144733,8,1,307,53,200
5,a high-resolution view of a {category},False,4.8022660652177205,1,2,84,31,200
5,the nearest {category},True,2.317241379310345,5,0,85,0,200
5,a {category} on grass,True,3.0893617021276594,5,0,209,0,200
5,a {category} on a seat,False,14.206956102144733,1,1,10,9,200
5,background regions not containing a {category},False,14.206956102144733,6,3,89,91,200
5,look for a {category},True,3.5955882352941178,5,0,143,0,200
5,a {category} with visible outline,False,14.206956102144733,6,1,359,9,200
5,a dark {category},True,2.526315789473684,5,3,73,69,200
5,a natural {category},True,5.465116279069767,4,1,138,8,200
5,a household scene with a {category},False,14.206956102144733,6,4,160,166,200
5,a close-up of a {category},False,14.206956102144733,3,4,117,85,200
5,a {category} far from the camera,True,4.5,7,5,153,76,200
5,where is the {category},True,6.505747126436781,11,2,247,21,200
5,a {category} seen from above,False,14.206956102144733,5,1,122,6,200
5,a {category} facing the camera,True,2.1666666666666665,5,1,332,17,200
5,an actual {category},True,2.2800000000000002,3,1,52,80,200
5,a {category} near a building,True,4.31578947368421,5,1,75,64,200
5,a {category} near a curb,False,14.206956102144733,3,0,41,0,200
5,a {category} on a shelf,False,14.206956102144733,3,1,89,16,200
5,a {category} in low contrast,True,4.476923076923077,7,2,260,44,200
5,a clean view of a {category},False,4.8022660652177205,2,1,98,20,200
5,a {category} in front of another object,False,4.8022660652177205,3,3,120,119,200
5,a {category} near vegetation,False,14.206956102144733,5,2,72,87,200
5,a {category} in a container,False,4.8022660652177205,2,2,46,34,200
5,a {category} beside a person,False,14.206956102144733,4,2,114,38,200
5,a {category} with clear shape,False,14.206956102144733,5,0,95,0,200
5,a {category} in the background,True,4.3921568627450975,3,1,78,7,200
5,I do not see a {category},False,14.206956102144733,4,1,126,3,200
5,a man-made {category},True,2.8666666666666667,9,2,114,33,200
5,a {category} at large scale,False,4.8022660652177205,1,3,33,39,200
5,a {category} near a counter,False,4.8022660652177205,3,0,222,0,200
5,perhaps a {category},False,14.206956102144733,2,3,35,155,200
5,an image without any {category},True,2.9464285714285716,5,3,204,171,200
5,a park scene with a {category},False,4.8022660652177205,4,1,151,12,200
5,a photo of a {category},False,14.206956102144733,6,3,166,47,200
5,the {category} in this image,False,14.206956102144733,3,0,50,0,200
5,a blurry {category},True,4.3589743589743595,14,2,624,67,200
5,a {category} in a plain background,False,14.206956102144733,3,1,42,15,200
5,a {category} near a sign,True,4.463414634146342,4,0,164,0,200
5,a {category} near a bicycle,False,14.206956102144733,2,1,89,19,200
5,a {category} under artificial light,True,3.59375,6,1,109,3,200
5,something shaped like a {category},False,14.206956102144733,3,1,77,70,200
5,a {category} in the upper right area,False,14.206956102144733,1,2,16,52,200
5,a {category} in a photo frame,True,21.724137931034484,3,2,89,171,200
5,a {category} near equipment,True,7.500000000000001,3,2,73,21,200
5,a {category} overlapping another object,False,14.206956102144733,4,1,110,26,200
5,a sharp {category},True,3.8823529411764706,7,0,122,0,200
5,a {category} candidate box,True,3.818181818181818,9,2,243,17,200
5,a {category} near the camera,False,14.206956102144733,4,0,103,0,200
5,a {category} near shadows,False,14.206956102144733,4,1,168,15,200
5,a sparse scene with a {category},True,3.628125,9,0,339,0,200
5,a {category} in the lower left area,False,14.206956102144733,6,3,294,113,200
5,an outdoor scene containing a {category},False,14.206956102144733,3,1,58,5,200
5,the main {category},False,14.206956102144733,4,3,111,67,200
5,a large {category},False,14.206956102144733,5,4,126,46,200
5,a single {category},True,7.666666666666668,6,4,102,272,200
5,a {category} in the scene,False,4.8022660652177205,5,4,218,83,200
5,a {category} near furniture,True,5.217391304347826,3,6,166,149,200
5,a real {category},True,3.7941176470588234,4,2,121,121,200
5,a vehicle scene with a {category},False,4.8022660652177205,4,3,138,57,200
5,a group of {category} objects,True,2.52,5,2,96,51,200
5,a {category} with neutral color,True,3.5333333333333337,4,4,53,70,200
5,no clear {category},False,14.206956102144733,4,2,242,63,200
5,a {category} in a vehicle,True,5.329787234042554,9,2,435,118,200
5,a candidate {category},False,14.206956102144733,5,2,31,55,200
5,a {category} away from the image center,True,5.486111111111112,10,1,154,36,200
5,a {category} turned away,False,4.8022660652177205,7,2,255,91,200
5,a {category} cropped by the frame,False,14.206956102144733,5,2,81,29,200
5,a distant {category},False,14.206956102144733,3,3,61,24,200
5,a {category} in high contrast,True,2.0555555555555554,4,0,41,0,200
5,a {category} behind another object,False,14.206956102144733,5,1,182,5,200
5,a small {category} near the center,False,14.206956102144733,5,3,35,83,200
5,a moving {category},False,14.206956102144733,5,3,149,137,200
5,a {category} fully inside the frame,False,14.206956102144733,5,0,47,0,200
5,a {category} near food,True,2.8500000000000005,4,3,57,39,200
5,a street scene containing a {category},False,4.8022660652177205,2,1,55,72,200
5,a {category} near a vehicle,True,2.94,4,0,129,0,200
5,a {category} near a car,False,4.437139806620829,2,2,96,96,200
5,a tiny {category},False,14.206956102144733,4,1,87,52,200
5,multiple {category} instances,True,6.595744680851064,6,1,171,16,200
5,a {category} mostly visible,False,14.206956102144733,6,1,127,20,200
5,something similar to a {category},False,14.206956102144733,3,1,134,6,200
5,find the {category},False,14.206956102144733,2,3,10,23,200
5,a sports scene with a {category},True,4.088235294117647,4,1,127,24,200
5,a low-resolution view of a {category},False,14.206956102144733,3,1,78,12,200
5,without a {category},False,14.206956102144733,6,2,302,40,200
5,there is no {category} here,False,14.206956102144733,3,3,93,92,200
5,locate the {category},True,5.940928270042194,8,0,315,0,200
5,a {category} in open space,True,3.1022727272727266,5,0,83,0,200
5,a partial view of a {category},False,14.206956102144733,5,1,142,4,200
5,a scene lacking a {category},False,14.206956102144733,6,1,218,15,200
5,a {category} near a bus,True,30.434782608695652,5,2,303,37,200
5,this scene does not contain a {category},True,5.0600000000000005,6,1,219,6,200
5,a {category} near the edge of the image,False,14.206956102144733,2,2,11,38,200
5,maybe a {category},True,4.142857142857142,7,4,132,62,200
5,a {category} at the right side,True,2.0203389830508476,10,1,259,12,200
5,a photographic {category},True,3.1102941176470593,4,2,129,74,200
5,a {category} near water,False,14.206956102144733,6,2,136,36,200
5,a {category} in the upper left area,True,10.516483516483516,9,2,304,213,200
5,a likely {category},False,14.206956102144733,6,0,444,0,200
5,a {category} at the left side,True,5.689655172413794,3,1,96,24,200
5,a {category} at medium scale,True,4.916666666666666,4,2,104,40,200
5,a {category} in front of a wall,False,4.437139806620829,1,1,99,6,200
5,a {category} partly outside the image,False,14.206956102144733,4,0,86,0,200
5,a {category} near the image center,False,14.206956102144733,4,0,71,0,200
5,a {category} in clutter,True,3.5921052631578942,6,2,160,22,200
5,a {category} inside a room,True,2.575609756097561,6,2,159,52,200
5,no visible {category},False,14.206956102144733,1,1,3,29,200
5,a {category} in a mirror-like surface,True,3.0,6,0,114,0,200
5,a {category} barely visible,False,4.437139806620829,2,1,110,34,200
5,a {category} on pavement,True,2.85,7,0,100,0,200
5,a {category} near a window,False,14.206956102144733,6,0,104,0,200
5,a {category} near a bed,False,14.206956102144733,1,0,13,0,200
5,a lying {category},False,0.0,0,2,0,93,200
5,a zoomed view of a {category},True,2.0516129032258066,5,2,138,266,200
5,a {category} near a tree,False,14.206956102144733,5,2,84,38,200
5,a {category} with unusual appearance,False,0.0,0,3,0,32,200
5,a {category} at the bottom of the image,True,7.634408602150538,4,4,127,255,200
5,a {category} object,False,14.206956102144733,5,1,143,82,200
5,a {category} at an unusual angle,False,4.8022660652177205,5,2,114,46,200
5,a {category} worn by someone,True,2.438709677419355,4,5,115,162,200
5,a crowded scene with a {category},False,14.206956102144733,7,0,124,0,200
5,a bright {category},True,2.3466666666666667,3,2,49,71,200
5,possibly a {category},False,14.206956102144733,4,2,56,35,200
5,a visible {category} in the scene,False,14.206956102144733,7,3,211,44,200
5,a {category} at the top of the image,False,14.206956102144733,4,1,53,63,200
5,a messy view of a {category},False,14.206956102144733,4,1,164,5,200
5,show me a {category},False,14.206956102144733,6,0,79,0,200
5,a {category} near text or signs,True,4.052631578947368,8,1,142,12,200
5,a {category} on a plate,False,14.206956102144733,4,1,143,36,200
5,a side view of a {category},False,14.206956102144733,5,1,85,7,200
5,a {category} partly hidden,True,9.946808510638299,4,1,172,3,200
5,a picture with a {category},True,3.75,5,2,76,87,200
5,a {category} on a floor,False,14.206956102144733,3,1,59,9,200
5,an indoor scene containing a {category},False,14.206956102144733,4,3,127,80,200
5,an image showing a {category},False,14.206956102144733,6,4,200,76,200
5,a real-world {category},False,14.206956102144733,1,1,7,12,200
5,a clear photo of a {category},False,4.8022660652177205,5,2,49,37,200
5,a {category} among other objects,True,4.206896551724138,3,2,111,23,200
5,a {category} near a road,False,4.8022660652177205,2,2,21,45,200
5,a {category} under shade,False,14.206956102144733,7,1,277,78,200
5,a wide-angle view with a {category},True,3.833333333333333,7,0,65,0,200
5,a {category} with occlusion,True,3.4347826086956523,3,1,76,4,200
5,a {category} near a chair,False,14.206956102144733,6,1,135,9,200
5,a possible instance of {category},True,3.5238095238095233,2,3,38,209,200
5,a {category} at small scale,False,14.206956102144733,3,1,130,28,200
5,a stacked {category},True,2.903225806451613,3,0,47,0,200
5,a standing {category},False,14.206956102144733,3,1,110,31,200
5,a {category} detection target,True,2.5294117647058822,9,1,92,34,200
5,a {category} next to a wall,True,3.1052631578947367,5,3,58,64,200
5,a sitting {category},True,7.275720164609053,3,1,377,25,200
5,a {category} on a table,False,14.206956102144733,2,1,8,40,200
5,a {category} on the ground,False,14.206956102144733,2,0,16,0,200
5,a {category} near a pole,True,5.6,6,0,210,0,200
5,a {category} with strong color,False,4.8022660652177205,1,0,28,0,200
5,an item that could be a {category},False,14.206956102144733,4,0,172,0,200
5,one visible {category},False,14.206956102144733,2,2,51,39,200
5,a {category} used by someone,True,3.8441860465116275,8,0,477,0,200
5,a living area with a {category},True,6.527777777777779,7,2,260,46,200
5,the most visible {category},False,14.206956102144733,2,2,33,121,200
5,a {category} in the lower right area,True,5.505050505050505,5,0,106,0,200
5,a {category} that may be absent,True,4.081081081081082,6,0,138,0,200
5,a parked {category},False,0.0,0,1,0,9,200
5,a {category} separated from other objects,True,2.7857142857142856,5,0,173,0,200
5,a {category} attached to something,False,14.206956102144733,2,0,21,0,200
5,a traffic scene with a {category},False,4.8022660652177205,3,1,80,23,200
5,a {category} proposal,True,2.5833333333333335,2,0,29,0,200
5,a full view of a {category},False,14.206956102144733,4,0,115,0,200
5,a {category} in profile,False,4.8022660652177205,2,1,54,21,200
5,a visible instance of {category},False,4.8022660652177205,1,0,20,0,200
5,a photo containing a {category},False,14.206956102144733,3,1,35,76,200
5,a {category} near a doorway,False,14.206956102144733,3,2,16,177,200
5,an object resembling a {category},False,14.206956102144733,2,0,27,0,200
5,a {category} in the foreground,False,0.0,0,1,0,31,200
6,what looks like a {category},False,12.47763936937928,4,2,59,13,200
6,a hanging {category},False,12.47763936937928,4,1,89,32,200
6,a {category} that is hard to see,False,12.47763936937928,4,2,164,13,200
6,a {category} in a busy background,True,4.1,4,0,150,0,200
6,a {category} under daylight,True,3.0483870967741935,6,0,115,0,200
6,a {category} near a fence,True,2.1710526315789473,4,2,54,72,200
6,a scene featuring a {category},False,12.47763936937928,3,2,120,45,200
6,a natural image of a {category},True,2.1739130434782608,6,1,214,16,200
6,a {category} near a train,False,12.47763936937928,5,3,163,39,200
6,a {category} seen from below,True,3.9107142857142856,6,0,252,0,200
6,a {category} target,False,3.529799758388038,2,0,133,0,200
6,a kitchen scene with a {category},True,3.3333333333333335,3,1,55,14,200
6,a cropped view of a {category},True,3.4722222222222223,9,3,332,35,200
6,a surveillance-style view of a {category},False,12.47763936937928,6,1,174,101,200
6,a {category} held by someone,True,6.180555555555556,7,2,168,26,200
6,a {category} outdoors,False,12.47763936937928,4,2,48,78,200
6,a {category} without occlusion,False,12.47763936937928,7,1,60,10,200
6,a {category} region,False,12.47763936937928,5,2,209,4,200
6,a nearby {category},False,3.529799758388038,2,1,32,6,200
6,a suspected {category},True,5.1764705882352935,3,3,41,86,200
6,no obvious {category},False,12.47763936937928,4,1,74,59,200
6,a market scene with a {category},False,12.47763936937928,1,3,16,199,200
6,a {category} cluster,False,12.47763936937928,4,1,54,9,200
6,a {category} near an animal,True,1.9764705882352942,6,3,219,162,200
6,a front view of a {category},True,2.2125,4,2,55,128,200
6,identify any {category},False,12.47763936937928,6,1,169,92,200
6,a high-resolution view of a {category},True,3.645833333333333,4,0,153,0,200
6,the nearest {category},True,1.8,3,2,64,18,200
6,a {category} on grass,True,3.066666666666667,4,1,199,19,200
6,a {category} on a seat,False,12.47763936937928,1,0,10,0,200
6,background regions not containing a {category},False,12.47763936937928,6,3,97,93,200
6,look for a {category},True,1.894736842105263,5,1,59,11,200
6,a {category} with visible outline,True,3.416470588235294,7,2,409,102,200
6,a dark {category},True,4.34375,8,0,125,0,200
6,a natural {category},True,9.979591836734693,6,0,158,0,200
6,a household scene with a {category},False,12.47763936937928,4,4,218,95,200
6,a close-up of a {category},False,3.9241140171118287,3,3,135,100,200
6,a {category} far from the camera,True,6.621621621621623,9,2,136,44,200
6,where is the {category},False,12.47763936937928,9,3,108,73,200
6,a {category} seen from above,True,5.11764705882353,7,1,226,37,200
6,a {category} facing the camera,True,2.0999999999999996,6,0,252,0,200
6,an actual {category},False,12.47763936937928,2,3,45,37,200
6,a {category} near a building,False,12.47763936937928,4,2,129,95,200
6,a {category} near a curb,False,12.47763936937928,5,0,191,0,200
6,a {category} on a shelf,False,12.47763936937928,4,1,140,22,200
6,a {category} in low contrast,True,4.118644067796611,7,1,275,6,200
6,a clean view of a {category},False,12.47763936937928,2,2,43,89,200
6,a {category} in front of another object,False,12.47763936937928,5,0,220,0,200
6,a {category} near vegetation,True,2.8615384615384616,6,0,163,0,200
6,a {category} in a container,False,12.47763936937928,5,0,97,0,200
6,a {category} beside a person,False,3.9241140171118287,4,3,98,61,200
6,a {category} with clear shape,False,12.47763936937928,3,2,55,56,200
6,a {category} in the background,True,2.573529411764706,2,2,49,36,200
6,I do not see a {category},False,12.47763936937928,4,3,75,92,200
6,a man-made {category},False,12.47763936937928,6,3,123,24,200
6,a {category} at large scale,True,5.037037037037037,5,1,95,73,200
6,a {category} near a counter,False,12.47763936937928,3,2,212,42,200
6,perhaps a {category},True,2.574193548387097,4,0,120,0,200
6,an image without any {category},True,3.516666666666666,7,0,372,0,200
6,a park scene with a {category},False,12.47763936937928,4,0,154,0,200
6,a photo of a {category},True,4.044444444444444,7,0,167,0,200
6,the {category} in this image,False,12.47763936937928,3,2,85,47,200
6,a blurry {category},True,3.2233009708737868,11,3,607,43,200
6,a {category} in a plain background,True,2.6454545454545455,6,0,87,0,200
6,a {category} near a sign,True,4.463414634146342,4,1,164,26,200
6,a {category} near a bicycle,False,12.47763936937928,3,1,108,19,200
6,a {category} under artificial light,True,2.7589285714285716,5,0,97,0,200
6,something shaped like a {category},False,12.47763936937928,1,5,70,215,200
6,a {category} in the upper right area,True,2.494736842105263,4,1,72,15,200
6,a {category} in a photo frame,False,3.6105032822757113,1,3,108,178,200
6,a {category} near equipment,True,2.6727272727272724,4,0,88,0,200
6,a {category} overlapping another object,False,3.9241140171118287,2,1,49,4,200
6,a sharp {category},True,1.9500000000000002,4,1,76,40,200
6,a {category} candidate box,True,6.363636363636364,9,1,184,11,200
6,a {category} near the camera,False,12.47763936937928,4,1,102,8,200
6,a {category} near shadows,False,12.47763936937928,3,1,148,3,200
6,a sparse scene with a {category},True,6.4526748971193415,9,1,343,17,200
6,a {category} in the lower left area,False,12.47763936937928,10,1,389,66,200
6,an outdoor scene containing a {category},False,12.47763936937928,3,2,44,39,200
6,the main {category},True,4.478260869565218,6,1,92,10,200
6,a large {category},False,12.47763936937928,7,1,128,51,200
6,a single {category},False,12.47763936937928,6,3,277,38,200
6,a {category} in the scene,True,2.9560975609756093,6,2,177,98,200
6,a {category} near furniture,True,6.095238095238095,8,0,340,0,200
6,a real {category},True,3.5318181818181817,5,0,228,0,200
6,a vehicle scene with a {category},True,2.6454545454545455,4,2,87,80,200
6,a group of {category} objects,False,12.47763936937928,4,2,71,37,200
6,a {category} with neutral color,False,12.47763936937928,5,1,74,7,200
6,no clear {category},False,12.47763936937928,3,4,67,243,200
6,a {category} in a vehicle,True,5.464788732394366,7,3,331,62,200
6,a candidate {category},False,12.47763936937928,6,2,89,19,200
6,a {category} away from the image center,True,2.526315789473684,8,4,146,53,200
6,a {category} turned away,True,4.649122807017544,5,4,164,174,200
6,a {category} cropped by the frame,False,12.47763936937928,3,5,31,113,200
6,a distant {category},False,12.47763936937928,3,2,59,13,200
6,a {category} in high contrast,True,3.3333333333333335,5,0,58,0,200
6,a {category} behind another object,False,12.47763936937928,5,1,159,42,200
6,a small {category} near the center,True,4.620689655172414,7,4,74,82,200
6,a moving {category},False,3.9241140171118287,4,1,145,8,200
6,a {category} fully inside the frame,False,12.47763936937928,4,1,37,14,200
6,a {category} near food,True,3.5428571428571427,7,2,119,29,200
6,a street scene containing a {category},True,3.08,5,1,200,32,200
6,a {category} near a vehicle,True,4.914285714285715,5,0,151,0,200
6,a {category} near a car,False,12.47763936937928,3,1,98,5,200
6,a tiny {category},False,12.47763936937928,4,1,82,28,200
6,multiple {category} instances,False,12.47763936937928,3,3,28,65,200
6,a {category} mostly visible,False,12.47763936937928,5,2,84,24,200
6,something similar to a {category},False,12.47763936937928,3,1,118,22,200
6,find the {category},False,12.47763936937928,3,1,22,41,200
6,a sports scene with a {category},True,2.0413793103448272,4,2,129,21,200
6,a low-resolution view of a {category},False,12.47763936937928,1,2,3,63,200
6,without a {category},False,12.47763936937928,4,0,184,0,200
6,there is no {category} here,False,12.47763936937928,5,0,102,0,200
6,locate the {category},True,25.520000000000003,6,2,288,40,200
6,a {category} in open space,False,12.47763936937928,4,2,69,25,200
6,a partial view of a {category},True,2.112,5,1,85,36,200
6,a scene lacking a {category},False,12.47763936937928,4,2,41,167,200
6,a {category} near a bus,True,4.415094339622642,7,2,132,62,200
6,this scene does not contain a {category},False,12.47763936937928,4,2,182,90,200
6,a {category} near the edge of the image,True,3.5625,5,0,100,0,200
6,maybe a {category},True,3.8461538461538463,7,2,94,25,200
6,a {category} at the right side,True,2.256,8,3,89,105,200
6,a photographic {category},True,2.9052631578947365,4,1,162,21,200
6,a {category} near water,True,4.300000000000001,9,1,156,79,200
6,a {category} in the upper left area,True,10.15,7,2,412,56,200
6,a likely {category},True,3.532258064516129,6,2,129,85,200
6,a {category} at the left side,True,3.5555555555555554,6,0,153,0,200
6,a {category} at medium scale,True,4.321428571428571,5,1,109,21,200
6,a {category} in front of a wall,False,12.47763936937928,3,0,125,0,200
6,a {category} partly outside the image,True,3.4761904761904763,4,1,70,41,200
6,a {category} near the image center,False,12.47763936937928,3,1,32,39,200
6,a {category} in clutter,True,3.5948275862068964,4,2,122,4,200
6,a {category} inside a room,True,3.7446808510638294,6,1,165,35,200
6,no visible {category},True,3.017543859649123,2,1,42,3,200
6,a {category} in a mirror-like surface,True,2.3571428571428568,6,0,102,0,200
6,a {category} barely visible,False,3.9241140171118287,2,1,70,74,200
6,a {category} on pavement,False,12.47763936937928,6,2,85,28,200
6,a {category} near a window,False,12.47763936937928,7,1,91,49,200
6,a {category} near a bed,False,12.47763936937928,2,0,41,0,200
6,a lying {category},False,3.6105032822757113,1,1,52,41,200
6,a zoomed view of a {category},True,2.058426966292135,7,1,395,43,200
6,a {category} near a tree,False,12.47763936937928,5,1,95,14,200
6,a {category} with unusual appearance,False,12.47763936937928,2,1,13,3,200
6,a {category} at the bottom of the image,True,3.212121212121212,5,5,55,354,200
6,a {category} object,False,12.47763936937928,1,4,6,193,200
6,a {category} at an unusual angle,False,12.47763936937928,7,0,138,0,200
6,a {category} worn by someone,False,12.47763936937928,4,5,66,196,200
6,a crowded scene with a {category},False,12.47763936937928,3,4,78,73,200
6,a bright {category},True,3.35,5,0,130,0,200
6,possibly a {category},False,12.47763936937928,4,1,50,21,200
6,a visible {category} in the scene,False,12.47763936937928,6,3,194,45,200
6,a {category} at the top of the image,False,12.47763936937928,4,2,55,85,200
6,a messy view of a {category},False,3.9241140171118287,3,2,152,29,200
6,show me a {category},False,12.47763936937928,3,2,28,40,200
6,a {category} near text or signs,False,12.47763936937928,6,1,96,25,200
6,a {category} on a plate,False,3.6105032822757113,4,3,220,62,200
6,a side view of a {category},False,12.47763936937928,4,0,71,0,200
6,a {category} partly hidden,True,5.254901960784314,5,0,186,0,200
6,a picture with a {category},True,3.9000000000000004,6,2,268,14,200
6,a {category} on a floor,False,12.47763936937928,3,1,58,10,200
6,an indoor scene containing a {category},False,12.47763936937928,4,1,76,29,200
6,an image showing a {category},True,1.6941176470588235,4,6,65,215,200
6,a real-world {category},False,3.6105032822757113,2,1,30,7,200
6,a clear photo of a {category},False,3.9241140171118287,3,3,26,26,200
6,a {category} among other objects,True,4.674418604651163,5,1,178,21,200
6,a {category} near a road,False,3.9241140171118287,1,2,36,21,200
6,a {category} under shade,False,12.47763936937928,6,2,199,164,200
6,a wide-angle view with a {category},False,12.47763936937928,3,3,29,21,200
6,a {category} with occlusion,False,12.47763936937928,4,2,73,54,200
6,a {category} near a chair,False,12.47763936937928,6,2,115,12,200
6,a possible instance of {category},False,12.47763936937928,3,4,84,234,200
6,a {category} at small scale,False,12.47763936937928,3,0,145,0,200
6,a stacked {category},True,2.4193548387096775,2,0,41,0,200
6,a standing {category},False,3.6105032822757113,1,1,27,18,200
6,a {category} detection target,True,2.2933333333333334,7,2,88,26,200
6,a {category} next to a wall,True,2.025,4,4,79,77,200
6,a sitting {category},True,5.317460317460317,5,0,132,0,200
6,a {category} on a table,False,12.47763936937928,3,0,48,0,200
6,a {category} on the ground,False,12.47763936937928,5,0,69,0,200
6,a {category} near a pole,True,5.6,6,1,210,14,200
6,a {category} with strong color,False,12.47763936937928,3,0,60,0,200
6,an item that could be a {category},False,12.47763936937928,5,0,184,0,200
6,one visible {category},False,3.9241140171118287,2,3,68,33,200
6,a {category} used by someone,False,12.47763936937928,4,2,156,11,200
6,a living area with a {category},True,3.8421052631578947,6,2,204,61,200
6,the most visible {category},True,2.4000000000000004,3,0,55,0,200
6,a {category} in the lower right area,True,5.555555555555555,2,4,58,62,200
6,a {category} that may be absent,True,2.6666666666666665,4,0,72,0,200
6,a parked {category},False,12.47763936937928,3,0,181,0,200
6,a {category} separated from other objects,False,12.47763936937928,5,2,149,69,200
6,a {category} attached to something,False,12.47763936937928,1,1,11,10,200
6,a traffic scene with a {category},True,2.8666666666666667,2,3,38,54,200
6,a {category} proposal,True,3.333333333333333,3,0,38,0,200
6,a full view of a {category},False,12.47763936937928,5,1,185,8,200
6,a {category} in profile,False,3.9241140171118287,4,1,95,19,200
6,a visible instance of {category},True,4.27027027027027,1,0,90,0,200
6,a photo containing a {category},False,12.47763936937928,4,0,209,0,200
6,a {category} near a doorway,False,12.47763936937928,2,1,14,166,200
6,an object resembling a {category},False,12.47763936937928,2,0,20,0,200
6,a {category} in the foreground,False,3.21319362621332,1,1,31,20,200
7,what looks like a {category},False,13.830281476997579,3,2,78,28,200
7,a hanging {category},False,13.830281476997579,4,1,75,19,200
7,a {category} that is hard to see,False,13.830281476997579,6,2,189,22,200
7,a {category} in a busy background,True,2.125,4,1,89,13,200
7,a {category} under daylight,True,2.0444444444444447,6,2,199,48,200
7,a {category} near a fence,True,1.9166666666666665,4,1,113,21,200
7,a scene featuring a {category},False,13.830281476997579,5,1,169,4,200
7,a natural image of a {category},True,3.0486486486486486,4,1,163,35,200
7,a {category} near a train,True,2.0387096774193547,6,2,137,18,200
7,a {category} seen from below,False,4.434709821428572,4,3,99,183,200
7,a {category} target,False,4.434709821428572,3,0,151,0,200
7,a kitchen scene with a {category},True,2.931034482758621,4,0,43,0,200
7,a cropped view of a {category},True,3.4367088607594938,9,2,321,33,200
7,a surveillance-style view of a {category},False,13.830281476997579,4,2,142,115,200
7,a {category} held by someone,True,3.697674418604651,5,2,150,25,200
7,a {category} outdoors,False,13.830281476997579,3,3,21,43,200
7,a {category} without occlusion,True,2.6500000000000004,5,1,48,3,200
7,a {category} region,False,13.830281476997579,3,2,120,18,200
7,a nearby {category},False,13.830281476997579,2,1,29,9,200
7,a suspected {category},False,4.434709821428572,7,2,244,15,200
7,no obvious {category},True,2.178723404255319,6,2,219,33,200
7,a market scene with a {category},True,3.973880597014925,5,0,304,0,200
7,a {category} cluster,False,13.830281476997579,4,2,53,33,200
7,a {category} near an animal,True,1.9565217391304346,5,1,197,11,200
7,a front view of a {category},True,3.290322580645161,5,2,290,42,200
7,identify any {category},False,4.434709821428572,3,1,181,34,200
7,a high-resolution view of a {category},True,3.6176470588235294,4,2,144,40,200
7,the nearest {category},True,1.9565217391304348,4,0,74,0,200
7,a {category} on grass,False,13.830281476997579,1,2,10,92,200
7,a {category} on a seat,False,13.830281476997579,2,0,19,0,200
7,background regions not containing a {category},False,13.830281476997579,8,1,173,14,200
7,look for a {category},True,2.8125,5,0,132,0,200
7,a {category} with visible outline,True,3.296103896103896,5,3,360,29,200
7,a dark {category},True,4.5,4,4,80,103,200
7,a natural {category},True,3.6250000000000004,6,2,127,23,200
7,a household scene with a {category},False,13.830281476997579,5,2,167,95,200
7,a close-up of a {category},False,13.830281476997579,7,0,244,0,200
7,a {category} far from the camera,True,6.875,6,3,91,79,200
7,where is the {category},True,3.84,9,2,222,20,200
7,a {category} seen from above,True,3.0724137931034483,7,1,257,19,200
7,a {category} facing the camera,True,2.1842105263157894,7,1,353,22,200
7,an actual {category},False,13.830281476997579,6,1,177,7,200
7,a {category} near a building,False,13.830281476997579,6,0,224,0,200
7,a {category} near a curb,False,4.434709821428572,3,3,115,89,200
7,a {category} on a shelf,False,4.434709821428572,2,1,69,16,200
7,a {category} in low contrast,True,4.366666666666667,8,0,236,0,200
7,a clean view of a {category},False,4.434709821428572,2,1,80,20,200
7,a {category} in front of another object,False,13.830281476997579,2,0,36,0,200
7,a {category} near vegetation,False,13.830281476997579,4,2,61,62,200
7,a {category} in a container,False,13.830281476997579,4,2,93,23,200
7,a {category} beside a person,True,3.104651162790698,6,0,163,0,200
7,a {category} with clear shape,False,13.830281476997579,4,2,109,26,200
7,a {category} in the background,True,4.313131313131313,3,2,74,56,200
7,I do not see a {category},False,13.830281476997579,5,2,99,79,200
7,a man-made {category},True,4.7,7,3,125,18,200
7,a {category} at large scale,True,4.627906976744186,7,0,176,0,200
7,a {category} near a counter,True,3.6991525423728815,5,0,254,0,200
7,perhaps a {category},True,3.7058823529411766,5,0,219,0,200
7,an image without any {category},True,2.3142857142857145,5,2,200,172,200
7,a park scene with a {category},True,4.2631578947368425,4,2,146,20,200
7,a photo of a {category},True,3.475,6,3,123,44,200
7,the {category} in this image,False,13.830281476997579,3,1,34,64,200
7,a blurry {category},True,3.4379999999999997,8,6,513,105,200
7,a {category} in a plain background,False,13.830281476997579,2,3,38,45,200
7,a {category} near a sign,True,3.489130434782609,5,0,190,0,200
7,a {category} near a bicycle,False,13.830281476997579,2,1,28,80,200
7,a {category} under artificial light,True,2.496774193548387,5,2,118,7,200
7,something shaped like a {category},False,4.434709821428572,2,2,64,56,200
7,a {category} in the upper right area,True,4.0,4,0,71,0,200
7,a {category} in a photo frame,True,5.381818181818181,4,0,203,0,200
7,a {category} near equipment,True,5.904761904761904,3,2,32,63,200
7,a {category} overlapping another object,False,4.434709821428572,4,0,132,0,200
7,a sharp {category},False,13.830281476997579,6,0,95,0,200
7,a {category} candidate box,True,6.773333333333333,8,1,220,43,200
7,a {category} near the camera,False,13.830281476997579,3,2,92,173,200
7,a {category} near shadows,False,4.434709821428572,2,0,47,0,200
7,a sparse scene with a {category},True,5.594771241830065,6,4,195,113,200
7,a {category} in the lower left area,False,13.830281476997579,10,1,433,22,200
7,an outdoor scene containing a {category},True,3.3529411764705883,5,1,54,33,200
7,the main {category},False,13.830281476997579,7,1,164,8,200
7,a large {category},False,4.434709821428572,6,5,140,73,200
7,a single {category},False,13.830281476997579,6,6,172,233,200
7,a {category} in the scene,True,4.985074626865671,8,1,291,18,200
7,a {category} near furniture,True,3.325,4,4,238,56,200
7,a real {category},True,2.076595744680851,4,3,211,55,200
7,a vehicle scene with a {category},True,3.8249999999999997,6,1,176,19,200
7,a group of {category} objects,False,13.830281476997579,4,2,69,65,200
7,a {category} with neutral color,True,4.526315789473684,5,2,77,27,200
7,no clear {category},True,2.9733333333333336,5,2,194,116,200
7,a {category} in a vehicle,True,7.87037037037037,5,2,225,162,200
7,a candidate {category},True,4.090909090909091,7,2,82,28,200
7,a {category} away from the image center,True,3.3846153846153846,10,2,170,24,200
7,a {category} turned away,False,4.434709821428572,7,0,203,0,200
7,a {category} cropped by the frame,True,5.523809523809524,6,0,106,0,200
7,a distant {category},False,13.830281476997579,3,1,19,13,200
7,a {category} in high contrast,True,3.7,5,1,70,10,200
7,a {category} behind another object,False,13.830281476997579,3,3,86,148,200
7,a small {category} near the center,True,2.114285714285714,9,2,142,14,200
7,a moving {category},False,13.830281476997579,8,0,286,0,200
7,a {category} fully inside the frame,False,13.830281476997579,4,2,38,19,200
7,a {category} near food,True,2.625,7,2,120,65,200
7,a street scene containing a {category},False,4.434709821428572,2,1,66,23,200
7,a {category} near a vehicle,True,4.2105263157894735,3,0,73,0,200
7,a {category} near a car,False,13.830281476997579,4,2,147,54,200
7,a tiny {category},True,1.9733333333333332,4,1,130,6,200
7,multiple {category} instances,True,5.921052631578947,5,0,129,0,200
7,a {category} mostly visible,False,13.830281476997579,5,0,47,0,200
7,something similar to a {category},False,13.830281476997579,4,0,140,0,200
7,find the {category},False,13.830281476997579,5,1,67,7,200
7,a sports scene with a {category},True,2.545454545454546,5,1,70,56,200
7,a low-resolution view of a {category},False,4.434709821428572,1,1,24,51,200
7,without a {category},False,13.830281476997579,5,2,202,37,200
7,there is no {category} here,False,13.830281476997579,3,2,26,76,200
7,locate the {category},True,3.715909090909091,7,1,285,30,200
7,a {category} in open space,False,13.830281476997579,2,2,38,24,200
7,a partial view of a {category},False,13.830281476997579,5,1,101,4,200
7,a scene lacking a {category},False,13.830281476997579,8,1,135,38,200
7,a {category} near a bus,True,4.166666666666666,4,2,87,202,200
7,this scene does not contain a {category},False,13.830281476997579,5,1,268,6,200
7,a {category} near the edge of the image,False,13.830281476997579,4,0,75,0,200
7,maybe a {category},True,2.9680851063829783,8,3,171,55,200
7,a {category} at the right side,True,1.82,7,5,162,72,200
7,a photographic {category},False,4.434709821428572,1,2,21,29,200
7,a {category} near water,False,13.830281476997579,6,2,80,105,200
7,a {category} in the upper left area,True,18.5982905982906,6,4,299,201,200
7,a likely {category},True,2.7800000000000002,5,3,123,353,200
7,a {category} at the left side,True,3.3636363636363638,2,1,39,24,200
7,a {category} at medium scale,False,13.830281476997579,4,1,89,20,200
7,a {category} in front of a wall,False,4.434709821428572,1,2,20,105,200
7,a {category} partly outside the image,False,13.830281476997579,4,1,81,3,200
7,a {category} near the image center,False,13.830281476997579,3,1,62,9,200
7,a {category} in clutter,True,3.3529411764705883,6,1,110,68,200
7,a {category} inside a room,True,3.8222222222222224,5,3,161,120,200
7,no visible {category},True,7.658730158730158,5,0,171,0,200
7,a {category} in a mirror-like surface,True,1.9800000000000002,5,1,97,11,200
7,a {category} barely visible,False,4.088248116629464,2,1,108,36,200
7,a {category} on pavement,False,13.830281476997579,2,3,41,39,200
7,a {category} near a window,True,3.8671875,8,0,143,0,200
7,a {category} near a bed,False,13.830281476997579,4,0,77,0,200
7,a lying {category},True,5.806451612903226,1,0,41,0,200
7,a zoomed view of a {category},True,1.8285714285714283,4,1,85,125,200
7,a {category} near a tree,False,13.830281476997579,4,2,71,43,200
7,a {category} with unusual appearance,False,13.830281476997579,2,1,13,3,200
7,a {category} at the bottom of the image,True,5.904761904761904,7,2,166,9,200
7,a {category} object,True,3.8457446808510634,4,2,208,17,200
7,a {category} at an unusual angle,False,4.434709821428572,8,1,187,13,200
7,a {category} worn by someone,True,3.457317073170732,6,2,168,24,200
7,a crowded scene with a {category},False,13.830281476997579,4,4,59,99,200
7,a bright {category},False,4.434709821428572,4,1,122,23,200
7,possibly a {category},False,13.830281476997579,5,1,60,12,200
7,a visible {category} in the scene,True,2.98125,6,1,139,20,200
7,a {category} at the top of the image,False,13.830281476997579,2,1,36,63,200
7,a messy view of a {category},False,4.434709821428572,4,2,173,25,200
7,show me a {category},False,13.830281476997579,3,2,30,40,200
7,a {category} near text or signs,True,3.9729729729729732,8,0,136,0,200
7,a {category} on a plate,False,13.830281476997579,5,1,222,27,200
7,a side view of a {category},False,13.830281476997579,2,1,21,17,200
7,a {category} partly hidden,False,4.088248116629464,2,3,78,59,200
7,a picture with a {category},False,13.830281476997579,3,2,209,18,200
7,a {category} on a floor,False,13.830281476997579,2,3,53,25,200
7,an indoor scene containing a {category},True,3.125,5,1,86,21,200
7,an image showing a {category},True,2.952,8,3,214,66,200
7,a real-world {category},True,2.8000000000000003,3,0,37,0,200
7,a clear photo of a {category},False,4.434709821428572,4,2,40,9,200
7,a {category} among other objects,True,3.0142857142857142,5,0,183,0,200
7,a {category} near a road,False,4.434709821428572,3,1,51,9,200
7,a {category} under shade,False,13.830281476997579,7,3,231,154,200
7,a wide-angle view with a {category},False,13.830281476997579,2,2,8,25,200
7,a {category} with occlusion,True,2.342857142857143,3,2,77,5,200
7,a {category} near a chair,False,13.830281476997579,8,2,162,53,200
7,a possible instance of {category},False,13.830281476997579,5,3,240,97,200
7,a {category} at small scale,False,13.830281476997579,4,1,158,4,200
7,a stacked {category},True,2.903225806451613,3,0,47,0,200
7,a standing {category},True,3.0476190476190474,2,0,49,0,200
7,a {category} detection target,True,3.090909090909091,6,1,101,8,200
7,a {category} next to a wall,False,13.830281476997579,4,3,68,75,200
7,a sitting {category},True,11.842105263157894,5,1,395,37,200
7,a {category} on a table,False,13.830281476997579,1,1,2,6,200
7,a {category} on the ground,False,13.830281476997579,4,0,64,0,200
7,a {category} near a pole,False,4.434709821428572,2,4,33,183,200
7,a {category} with strong color,False,13.830281476997579,1,1,4,28,200
7,an item that could be a {category},False,13.830281476997579,2,1,38,54,200
7,one visible {category},False,13.830281476997579,3,2,62,39,200
7,a {category} used by someone,False,13.830281476997579,4,3,22,155,200
7,a living area with a {category},False,4.434709821428572,3,6,89,206,200
7,the most visible {category},False,13.830281476997579,2,1,114,22,200
7,a {category} in the lower right area,True,2.4,3,2,32,45,200
7,a {category} that may be absent,True,3.333333333333333,6,1,87,57,200
7,a parked {category},False,4.088248116629464,2,1,172,9,200
7,a {category} separated from other objects,True,2.5818181818181816,5,1,129,76,200
7,a {category} attached to something,False,13.830281476997579,1,0,11,0,200
7,a traffic scene with a {category},True,4.0434782608695645,5,1,86,26,200
7,a {category} proposal,True,2.5833333333333335,2,0,29,0,200
7,a full view of a {category},False,4.088248116629464,2,1,81,13,200
7,a {category} in profile,False,4.434709821428572,5,0,114,0,200
7,a visible instance of {category},False,4.434709821428572,1,1,20,90,200
7,a photo containing a {category},False,13.830281476997579,3,1,35,107,200
7,a {category} near a doorway,False,13.830281476997579,4,1,190,3,200
7,an object resembling a {category},False,13.830281476997579,4,0,107,0,200
7,a {category} in the foreground,False,4.088248116629464,1,1,21,31,200
8,what looks like a {category},False,12.41307863351526,4,2,97,34,200
8,a hanging {category},False,5.387496770084068,6,2,211,34,200
8,a {category} that is hard to see,False,12.41307863351526,5,2,53,147,200
8,a {category} in a busy background,False,12.41307863351526,4,2,85,71,200
8,a {category} under daylight,True,2.042553191489362,7,1,207,21,200
8,a {category} near a fence,True,4.75,6,0,216,0,200
8,a scene featuring a {category},False,5.387496770084068,3,2,124,22,200
8,a natural image of a {category},False,12.41307863351526,2,5,32,198,200
8,a {category} near a train,True,3.870967741935484,5,4,111,121,200
8,a {category} seen from below,True,2.220689655172414,6,1,274,8,200
8,a {category} target,False,5.387496770084068,2,0,133,0,200
8,a kitchen scene with a {category},True,4.162162162162162,5,1,81,14,200
8,a cropped view of a {category},True,5.1257861635220126,6,1,162,51,200
8,a surveillance-style view of a {category},False,12.41307863351526,5,2,241,34,200
8,a {category} held by someone,False,12.41307863351526,3,4,81,60,200
8,a {category} outdoors,False,12.41307863351526,3,2,25,29,200
8,a {category} without occlusion,False,12.41307863351526,6,3,53,22,200
8,a {category} region,False,12.41307863351526,4,0,76,0,200
8,a nearby {category},False,5.387496770084068,1,1,9,6,200
8,a suspected {category},False,5.387496770084068,7,2,171,82,200
8,no obvious {category},False,12.41307863351526,5,1,166,59,200
8,a market scene with a {category},True,3.0681818181818183,4,3,135,199,200
8,a {category} cluster,False,12.41307863351526,4,2,66,20,200
8,a {category} near an animal,False,12.41307863351526,5,2,223,25,200
8,a front view of a {category},True,3.1404255319148935,6,0,211,0,200
8,identify any {category},False,12.41307863351526,5,2,221,39,200
8,a high-resolution view of a {category},False,12.41307863351526,2,2,25,37,200
8,the nearest {category},False,4.124240871965623,1,4,31,56,200
8,a {category} on grass,True,3.0893617021276594,5,0,209,0,200
8,a {category} on a seat,False,12.41307863351526,1,0,9,0,200
8,background regions not containing a {category},False,12.41307863351526,7,2,121,45,200
8,look for a {category},False,4.124240871965623,1,4,9,121,200
8,a {category} with visible outline,True,3.3546511627906974,7,3,503,24,200
8,a dark {category},True,3.157894736842105,7,3,172,25,200
8,a natural {category},True,9.789473684210526,5,2,181,40,200
8,a household scene with a {category},False,5.387496770084068,5,1,210,5,200
8,a close-up of a {category},True,2.535,4,2,153,71,200
8,a {category} far from the camera,True,7.222222222222221,8,3,164,42,200
8,where is the {category},False,12.41307863351526,7,5,99,165,200
8,a {category} seen from above,True,4.595238095238095,7,2,171,111,200
8,a {category} facing the camera,False,5.387496770084068,4,1,167,17,200
8,an actual {category},True,3.5217391304347827,4,2,95,21,200
8,a {category} near a building,False,12.41307863351526,5,1,171,53,200
8,a {category} near a curb,False,12.41307863351526,3,1,163,26,200
8,a {category} on a shelf,False,12.41307863351526,4,2,131,38,200
8,a {category} in low contrast,True,3.6153846153846154,6,3,134,169,200
8,a clean view of a {category},False,5.387496770084068,2,2,71,98,200
8,a {category} in front of another object,True,5.968253968253968,4,2,168,117,200
8,a {category} near vegetation,False,12.41307863351526,5,3,112,67,200
8,a {category} in a container,False,5.387496770084068,3,0,40,0,200
8,a {category} beside a person,True,2.0869565217391304,4,4,77,108,200
8,a {category} with clear shape,False,12.41307863351526,3,0,80,0,200
8,a {category} in the background,True,4.573643410852712,4,1,123,7,200
8,I do not see a {category},False,12.41307863351526,5,1,152,14,200
8,a man-made {category},True,2.904,6,1,106,3,200
8,a {category} at large scale,True,3.5390625,5,0,133,0,200
8,a {category} near a counter,False,5.387496770084068,3,0,222,0,200
8,perhaps a {category},False,12.41307863351526,3,2,163,33,200
8,an image without any {category},False,12.41307863351526,7,0,291,0,200
8,a park scene with a {category},True,4.0,4,1,74,12,200
8,a photo of a {category},False,12.41307863351526,6,3,167,42,200
8,the {category} in this image,False,12.41307863351526,4,1,114,18,200
8,a blurry {category},True,6.2019230769230775,11,2,589,33,200
8,a {category} in a plain background,True,2.75,6,0,98,0,200
8,a {category} near a sign,False,12.41307863351526,3,0,34,0,200
8,a {category} near a bicycle,False,12.41307863351526,2,2,89,38,200
8,a {category} under artificial light,True,2.4375,6,2,120,14,200
8,something shaped like a {category},False,12.41307863351526,5,1,276,9,200
8,a {category} in the upper right area,False,12.41307863351526,1,2,4,30,200
8,a {category} in a photo frame,False,12.41307863351526,3,2,122,88,200
8,a {category} near equipment,True,2.8000000000000003,3,2,37,63,200
8,a {category} overlapping another object,False,12.41307863351526,5,0,136,0,200
8,a sharp {category},True,2.0347826086956524,5,0,75,0,200
8,a {category} candidate box,True,3.1999999999999997,10,2,246,57,200
8,a {category} near the camera,True,2.9901639344262296,7,0,265,0,200
8,a {category} near shadows,False,12.41307863351526,5,0,183,0,200
8,a sparse scene with a {category},True,6.396624472573839,8,2,332,28,200
8,a {category} in the lower left area,False,12.41307863351526,7,2,199,99,200
8,an outdoor scene containing a {category},False,12.41307863351526,2,1,11,18,200
8,the main {category},False,5.387496770084068,2,5,117,47,200
8,a large {category},True,6.57051282051282,9,0,189,0,200
8,a single {category},False,12.41307863351526,7,2,265,104,200
8,a {category} in the scene,True,3.568965517241379,9,0,242,0,200
8,a {category} near furniture,True,2.53125,6,1,183,43,200
8,a real {category},True,2.1,4,1,163,61,200
8,a vehicle scene with a {category},False,12.41307863351526,5,0,180,0,200
8,a group of {category} objects,False,12.41307863351526,2,3,37,85,200
8,a {category} with neutral color,False,5.387496770084068,2,5,52,64,200
8,no clear {category},False,12.41307863351526,4,1,245,48,200
8,a {category} in a vehicle,True,4.653846153846153,7,3,321,207,200
8,a candidate {category},True,1.872,8,1,104,8,200
8,a {category} away from the image center,True,3.3137254901960786,9,2,164,19,200
8,a {category} turned away,False,5.387496770084068,4,3,94,123,200
8,a {category} cropped by the frame,True,4.21875,4,1,79,34,200
8,a distant {category},False,12.41307863351526,4,1,37,6,200
8,a {category} in high contrast,True,3.3333333333333335,4,1,58,4,200
8,a {category} behind another object,False,12.41307863351526,5,1,182,52,200
8,a small {category} near the center,False,12.41307863351526,4,4,31,77,200
8,a moving {category},False,5.387496770084068,2,1,25,67,200
8,a {category} fully inside the frame,False,12.41307863351526,6,1,57,8,200
8,a {category} near food,True,3.7678571428571423,9,3,197,30,200
8,a street scene containing a {category},True,3.545454545454546,4,2,137,95,200
8,a {category} near a vehicle,False,12.41307863351526,3,1,123,22,200
8,a {category} near a car,False,12.41307863351526,5,0,110,0,200
8,a tiny {category},False,5.387496770084068,4,2,132,13,200
8,multiple {category} instances,True,3.205882352941176,7,1,107,38,200
8,a {category} mostly visible,False,12.41307863351526,6,2,131,23,200
8,something similar to a {category},False,12.41307863351526,3,1,118,22,200
8,find the {category},False,12.41307863351526,4,0,23,0,200
8,a sports scene with a {category},True,2.6869565217391305,3,1,92,9,200
8,a low-resolution view of a {category},True,2.582608695652174,4,0,90,0,200
8,without a {category},False,12.41307863351526,7,2,254,121,200
8,there is no {category} here,False,12.41307863351526,3,2,174,5,200
8,locate the {category},True,21.365853658536587,7,1,278,46,200
8,a {category} in open space,True,3.25,6,0,94,0,200
8,a partial view of a {category},True,1.776,6,1,100,36,200
8,a scene lacking a {category},True,3.3461538461538463,6,3,104,208,200
8,a {category} near a bus,True,12.242424242424242,9,0,369,0,200
8,this scene does not contain a {category},False,12.41307863351526,6,1,221,4,200
8,a {category} near the edge of the image,True,4.8,4,1,49,51,200
8,maybe a {category},True,3.2500000000000004,7,4,152,82,200
8,a {category} at the right side,False,12.41307863351526,10,3,162,132,200
8,a photographic {category},True,2.4375,4,2,120,80,200
8,a {category} near water,True,2.8533333333333335,6,1,189,7,200
8,a {category} in the upper left area,True,10.5,7,2,127,50,200
8,a likely {category},False,12.41307863351526,5,2,143,59,200
8,a {category} at the left side,False,5.387496770084068,1,3,19,58,200
8,a {category} at medium scale,False,12.41307863351526,2,2,25,77,200
8,a {category} in front of a wall,False,3.7874620823450913,1,1,99,20,200
8,a {category} partly outside the image,True,10.785714285714285,5,1,136,3,200
8,a {category} near the image center,False,12.41307863351526,4,0,71,0,200
8,a {category} in clutter,True,2.784,4,2,103,39,200
8,a {category} inside a room,True,4.109090909090909,7,1,207,74,200
8,no visible {category},False,12.41307863351526,2,0,126,0,200
8,a {category} in a mirror-like surface,True,2.8521739130434782,4,1,79,6,200
8,a {category} barely visible,False,4.124240871965623,1,0,74,0,200
8,a {category} on pavement,True,2.8285714285714283,6,2,88,25,200
8,a {category} near a window,False,12.41307863351526,5,1,101,3,200
8,a {category} near a bed,False,12.41307863351526,2,2,36,41,200
8,a lying {category},True,2.951388888888889,2,0,93,0,200
8,a zoomed view of a {category},True,3.4363636363636365,4,3,223,172,200
8,a {category} near a tree,False,12.41307863351526,5,1,81,16,200
8,a {category} with unusual appearance,False,12.41307863351526,2,1,29,3,200
8,a {category} at the bottom of the image,True,6.8269230769230775,8,0,388,0,200
8,a {category} object,False,12.41307863351526,2,3,9,119,200
8,a {category} at an unusual angle,False,12.41307863351526,7,1,147,7,200
8,a {category} worn by someone,True,3.0203389830508476,7,1,258,9,200
8,a crowded scene with a {category},False,12.41307863351526,7,0,132,0,200
8,a bright {category},False,5.387496770084068,4,2,107,54,200
8,possibly a {category},False,12.41307863351526,5,1,71,15,200
8,a visible {category} in the scene,True,5.25,9,0,235,0,200
8,a {category} at the top of the image,False,5.387496770084068,1,1,14,14,200
8,a messy view of a {category},False,5.387496770084068,3,2,144,22,200
8,show me a {category},False,12.41307863351526,2,1,25,9,200
8,a {category} near text or signs,True,3.8235294117647056,7,0,122,0,200
8,a {category} on a plate,False,5.387496770084068,6,0,268,0,200
8,a side view of a {category},False,12.41307863351526,2,2,24,15,200
8,a {category} partly hidden,False,12.41307863351526,4,1,83,52,200
8,a picture with a {category},True,3.2378048780487805,6,2,160,19,200
8,a {category} on a floor,False,0.0,0,2,0,19,200
8,an indoor scene containing a {category},False,12.41307863351526,5,1,174,4,200
8,an image showing a {category},True,3.796875,10,1,280,13,200
8,a real-world {category},True,2.8000000000000003,3,0,37,0,200
8,a clear photo of a {category},False,12.41307863351526,5,1,44,34,200
8,a {category} among other objects,True,3.43859649122807,2,2,48,23,200
8,a {category} near a road,False,12.41307863351526,4,1,60,15,200
8,a {category} under shade,False,12.41307863351526,5,4,143,86,200
8,a wide-angle view with a {category},False,12.41307863351526,1,4,4,37,200
8,a {category} with occlusion,True,2.318181818181818,4,2,79,48,200
8,a {category} near a chair,False,12.41307863351526,4,3,113,40,200
8,a possible instance of {category},False,12.41307863351526,2,5,151,127,200
8,a {category} at small scale,False,12.41307863351526,4,1,134,28,200
8,a stacked {category},False,12.41307863351526,2,1,21,26,200
8,a standing {category},True,2.975806451612903,3,1,114,27,200
8,a {category} detection target,True,3.4594594594594597,9,0,123,0,200
8,a {category} next to a wall,True,2.55,6,3,139,30,200
8,a sitting {category},True,13.021978021978024,5,0,407,0,200
8,a {category} on a table,False,5.387496770084068,1,1,40,6,200
8,a {category} on the ground,False,5.387496770084068,2,1,52,5,200
8,a {category} near a pole,True,2.839506172839506,3,2,53,100,200
8,a {category} with strong color,False,12.41307863351526,1,0,4,0,200
8,an item that could be a {category},False,12.41307863351526,4,0,182,0,200
8,one visible {category},False,12.41307863351526,3,1,62,26,200
8,a {category} used by someone,False,12.41307863351526,5,2,69,309,200
8,a living area with a {category},True,3.5806451612903225,6,2,210,72,200
8,the most visible {category},False,12.41307863351526,2,2,117,37,200
8,a {category} in the lower right area,True,5.588235294117648,3,1,54,14,200
8,a {category} that may be absent,True,2.624,5,0,81,0,200
8,a parked {category},False,5.387496770084068,1,1,18,9,200
8,a {category} separated from other objects,False,12.41307863351526,3,3,131,70,200
8,a {category} attached to something,False,0.0,0,0,0,0,200
8,a traffic scene with a {category},False,12.41307863351526,5,0,110,0,200
8,a {category} proposal,True,3.333333333333333,3,0,38,0,200
8,a full view of a {category},True,4.15625,4,1,121,7,200
8,a {category} in profile,False,5.387496770084068,4,0,90,0,200
8,a visible instance of {category},True,4.27027027027027,1,1,90,20,200
8,a photo containing a {category},False,12.41307863351526,2,2,117,25,200
8,a {category} near a doorway,False,5.387496770084068,1,3,166,16,200
8,an object resembling a {category},False,12.41307863351526,3,0,89,0,200
8,a {category} in the foreground,True,2.43,4,0,75,0,200
9,what looks like a {category},False,13.189560123566336,3,1,34,11,200
9,a hanging {category},False,13.189560123566336,7,2,130,98,200
9,a {category} that is hard to see,False,13.189560123566336,7,0,207,0,200
9,a {category} in a busy background,True,3.2857142857142856,5,1,134,22,200
9,a {category} under daylight,True,2.5941176470588236,7,2,133,124,200
9,a {category} near a fence,True,2.4930232558139536,4,1,133,7,200
9,a scene featuring a {category},False,13.189560123566336,5,2,160,31,200
9,a natural image of a {category},False,4.281764568325833,3,2,177,34,200
9,a {category} near a train,True,4.7407407407407405,9,0,226,0,200
9,a {category} seen from below,False,13.189560123566336,5,1,161,17,200
9,a {category} target,False,4.281764568325833,2,0,35,0,200
9,a kitchen scene with a {category},True,6.933962264150943,7,0,124,0,200
9,a cropped view of a {category},True,4.012820512820513,9,1,287,9,200
9,a surveillance-style view of a {category},False,13.189560123566336,2,4,37,220,200
9,a {category} held by someone,True,2.884615384615384,4,2,99,28,200
9,a {category} outdoors,False,13.189560123566336,3,3,38,26,200
9,a {category} without occlusion,False,13.189560123566336,5,3,37,19,200
9,a {category} region,False,13.189560123566336,3,1,20,56,200
9,a nearby {category},False,13.189560123566336,3,0,38,0,200
9,a suspected {category},False,4.281764568325833,7,2,214,42,200
9,no obvious {category},False,13.189560123566336,5,3,70,182,200
9,a market scene with a {category},True,3.394736842105263,4,2,229,60,200
9,a {category} cluster,False,13.189560123566336,4,1,67,3,200
9,a {category} near an animal,True,2.083582089552239,5,3,300,52,200
9,a front view of a {category},False,13.189560123566336,5,1,179,4,200
9,identify any {category},False,13.189560123566336,4,5,189,171,200
9,a high-resolution view of a {category},True,3.557142857142857,4,2,147,37,200
9,the nearest {category},False,13.189560123566336,2,1,26,13,200
9,a {category} on grass,False,13.189560123566336,4,1,213,10,200
9,a {category} on a seat,False,13.189560123566336,2,0,19,0,200
9,background regions not containing a {category},False,13.189560123566336,8,0,151,0,200
9,look for a {category},False,13.189560123566336,3,2,23,105,200
9,a {category} with visible outline,True,3.1,7,3,214,318,200
9,a dark {category},True,4.456521739130435,7,2,79,55,200
9,a natural {category},True,22.029850746268654,8,1,231,4,200
9,a household scene with a {category},True,5.345454545454546,7,1,251,54,200
9,a close-up of a {category},False,13.189560123566336,5,1,227,14,200
9,a {category} far from the camera,True,4.568181818181818,9,3,179,45,200
9,where is the {category},True,3.96,7,4,92,149,200
9,a {category} seen from above,True,3.05,6,1,159,37,200
9,a {category} facing the camera,True,3.0103448275862066,5,1,253,101,200
9,an actual {category},True,3.5217391304347827,4,3,95,102,200
9,a {category} near a building,False,13.189560123566336,4,0,68,0,200
9,a {category} near a curb,False,13.189560123566336,4,0,117,0,200
9,a {category} on a shelf,False,4.281764568325833,1,3,12,134,200
9,a {category} in low contrast,True,3.609375,6,4,203,106,200
9,a clean view of a {category},False,4.281764568325833,2,1,98,57,200
9,a {category} in front of another object,True,3.576923076923077,5,2,218,70,200
9,a {category} near vegetation,True,2.6800000000000006,6,0,120,0,200
9,a {category} in a container,False,13.189560123566336,3,2,66,42,200
9,a {category} beside a person,True,2.5714285714285716,6,1,162,10,200
9,a {category} with clear shape,False,13.189560123566336,6,0,135,0,200
9,a {category} in the background,True,4.563492063492063,4,0,119,0,200
9,I do not see a {category},False,13.189560123566336,5,1,140,3,200
9,a man-made {category},False,13.189560123566336,9,2,121,36,200
9,a {category} at large scale,True,3.15,3,3,76,90,200
9,a {category} near a counter,True,1.7142857142857142,4,0,61,0,200
9,perhaps a {category},False,13.189560123566336,3,1,103,3,200
9,an image without any {category},True,3.0238095238095237,7,1,233,142,200
9,a park scene with a {category},True,3.1018518518518516,4,2,72,39,200
9,a photo of a {category},False,13.189560123566336,5,2,73,15,200
9,the {category} in this image,False,13.189560123566336,5,0,132,0,200
9,a blurry {category},True,3.859375,12,0,430,0,200
9,a {category} in a plain background,True,2.9375000000000004,3,2,43,51,200
9,a {category} near a sign,False,13.189560123566336,4,1,52,138,200
9,a {category} near a bicycle,False,13.189560123566336,4,0,127,0,200
9,a {category} under artificial light,True,2.426086956521739,4,2,86,31,200
9,something shaped like a {category},False,13.189560123566336,3,2,134,138,200
9,a {category} in the upper right area,True,2.5,3,2,45,42,200
9,a {category} in a photo frame,True,5.741496598639456,3,1,190,7,200
9,a {category} near equipment,True,6.172839506172839,5,0,95,0,200
9,a {category} overlapping another object,False,13.189560123566336,4,0,61,0,200
9,a sharp {category},False,3.7924959371312807,1,2,29,42,200
9,a {category} candidate box,True,3.717391304347826,8,2,198,54,200
9,a {category} near the camera,False,13.189560123566336,5,3,237,66,200
9,a {category} near shadows,False,13.189560123566336,4,1,126,57,200
9,a sparse scene with a {category},True,3.564102564102564,5,4,132,229,200
9,a {category} in the lower left area,False,13.189560123566336,2,4,39,188,200
9,an outdoor scene containing a {category},False,13.189560123566336,3,0,27,0,200
9,the main {category},False,13.189560123566336,4,1,42,10,200
9,a large {category},True,3.486486486486487,8,4,124,99,200
9,a single {category},False,13.189560123566336,5,3,292,70,200
9,a {category} in the scene,False,13.189560123566336,6,2,200,43,200
9,a {category} near furniture,True,6.033333333333334,8,0,322,0,200
9,a real {category},True,6.603773584905661,5,1,193,36,200
9,a vehicle scene with a {category},False,4.281764568325833,4,2,138,29,200
9,a group of {category} objects,True,2.5928571428571425,5,1,109,12,200
9,a {category} with neutral color,False,13.189560123566336,5,1,91,7,200
9,no clear {category},True,2.8,5,2,148,162,200
9,a {category} in a vehicle,True,2.021052631578947,3,6,166,297,200
9,a candidate {category},False,13.189560123566336,5,3,64,39,200
9,a {category} away from the image center,True,3.0,8,3,104,81,200
9,a {category} turned away,True,3.016393442622951,5,1,185,23,200
9,a {category} cropped by the frame,True,3.4761904761904763,3,4,70,51,200
9,a distant {category},False,13.189560123566336,2,3,53,26,200
9,a {category} in high contrast,True,4.444444444444444,3,2,38,26,200
9,a {category} behind another object,False,13.189560123566336,6,1,187,52,200
9,a small {category} near the center,False,13.189560123566336,3,5,16,63,200
9,a moving {category},False,13.189560123566336,6,1,194,8,200
9,a {category} fully inside the frame,False,13.189560123566336,5,1,44,10,200
9,a {category} near food,True,3.75,8,2,174,29,200
9,a street scene containing a {category},False,3.7924959371312807,2,0,72,0,200
9,a {category} near a vehicle,False,13.189560123566336,3,1,89,56,200
9,a {category} near a car,False,13.189560123566336,4,0,105,0,200
9,a tiny {category},False,3.7924959371312807,2,3,80,59,200
9,multiple {category} instances,True,2.355555555555555,3,3,99,74,200
9,a {category} mostly visible,False,13.189560123566336,7,1,145,7,200
9,something similar to a {category},False,4.281764568325833,3,0,53,0,200
9,find the {category},True,2.5,5,0,69,0,200
9,a sports scene with a {category},True,2.857142857142857,4,1,46,48,200
9,a low-resolution view of a {category},False,13.189560123566336,2,1,27,51,200
9,without a {category},False,13.189560123566336,9,0,294,0,200
9,there is no {category} here,False,13.189560123566336,3,2,93,89,200
9,locate the {category},True,17.82857142857143,3,2,87,158,200
9,a {category} in open space,True,2.9117647058823533,3,1,30,21,200
9,a partial view of a {category},True,2.38125,5,1,117,53,200
9,a scene lacking a {category},True,3.439655172413793,7,1,118,44,200
9,a {category} near a bus,True,5.652173913043478,7,1,150,186,200
9,this scene does not contain a {category},True,5.31578947368421,6,1,260,4,200
9,a {category} near the edge of the image,False,13.189560123566336,3,1,70,5,200
9,maybe a {category},True,4.410256410256411,9,2,155,67,200
9,a {category} at the right side,True,2.929411764705882,11,2,218,21,200
9,a photographic {category},True,2.9560975609756093,5,1,177,17,200
9,a {category} near water,False,4.281764568325833,5,1,155,30,200
9,a {category} in the upper left area,True,10.813953488372093,10,1,440,46,200
9,a likely {category},False,13.189560123566336,7,0,484,0,200
9,a {category} at the left side,True,2.325,3,1,58,19,200
9,a {category} at medium scale,True,4.782608695652174,3,2,97,26,200
9,a {category} in front of a wall,False,13.189560123566336,2,0,26,0,200
9,a {category} partly outside the image,False,13.189560123566336,5,2,115,38,200
9,a {category} near the image center,False,3.7924959371312807,1,2,9,49,200
9,a {category} in clutter,False,13.189560123566336,3,3,67,75,200
9,a {category} inside a room,False,13.189560123566336,5,1,228,17,200
9,no visible {category},True,7.412280701754385,3,2,151,20,200
9,a {category} in a mirror-like surface,True,1.8526315789473684,4,1,79,23,200
9,a {category} barely visible,False,3.7924959371312807,2,0,110,0,200
9,a {category} on pavement,False,13.189560123566336,5,2,88,21,200
9,a {category} near a window,False,13.189560123566336,4,2,60,18,200
9,a {category} near a bed,False,13.189560123566336,2,0,36,0,200
9,a lying {category},True,5.806451612903226,1,0,41,0,200
9,a zoomed view of a {category},True,2.6666666666666665,3,2,72,66,200
9,a {category} near a tree,False,13.189560123566336,7,1,134,16,200
9,a {category} with unusual appearance,False,13.189560123566336,3,1,16,26,200
9,a {category} at the bottom of the image,True,6.562499999999999,6,1,291,79,200
9,a {category} object,True,4.037234042553192,4,2,216,9,200
9,a {category} at an unusual angle,False,13.189560123566336,6,2,120,73,200
9,a {category} worn by someone,True,1.7249999999999999,5,4,63,191,200
9,a crowded scene with a {category},False,13.189560123566336,4,0,85,0,200
9,a bright {category},False,4.281764568325833,4,2,122,39,200
9,possibly a {category},False,13.189560123566336,5,2,60,32,200
9,a visible {category} in the scene,True,3.03,7,2,176,71,200
9,a {category} at the top of the image,False,13.189560123566336,3,2,101,25,200
9,a messy view of a {category},False,4.281764568325833,2,3,135,34,200
9,show me a {category},False,4.281764568325833,1,4,12,58,200
9,a {category} near text or signs,True,3.7777777777777777,3,3,49,49,200
9,a {category} on a plate,False,13.189560123566336,4,1,143,82,200
9,a side view of a {category},False,13.189560123566336,2,0,24,0,200
9,a {category} partly hidden,True,4.9855072463768115,4,2,162,27,200
9,a picture with a {category},True,2.6142857142857143,6,2,165,133,200
9,a {category} on a floor,False,4.281764568325833,2,1,54,9,200
9,an indoor scene containing a {category},True,1.8857142857142857,5,3,109,117,200
9,an image showing a {category},True,3.1333333333333333,10,1,324,2,200
9,a real-world {category},False,13.189560123566336,2,1,19,18,200
9,a clear photo of a {category},True,2.12,3,2,58,20,200
9,a {category} among other objects,False,13.189560123566336,4,2,151,48,200
9,a {category} near a road,False,13.189560123566336,2,3,24,51,200
9,a {category} under shade,False,13.189560123566336,5,3,192,39,200
9,a wide-angle view with a {category},True,2.338235294117647,6,0,50,0,200
9,a {category} with occlusion,False,13.189560123566336,5,1,118,9,200
9,a {category} near a chair,False,13.189560123566336,6,2,99,51,200
9,a possible instance of {category},True,1.8818181818181816,4,0,69,0,200
9,a {category} at small scale,False,13.189560123566336,3,2,145,17,200
9,a stacked {category},True,2.4193548387096775,2,1,41,6,200
9,a standing {category},True,2.975806451612903,3,1,114,27,200
9,a {category} detection target,True,2.638888888888889,5,4,64,49,200
9,a {category} next to a wall,True,3.458333333333333,7,0,148,0,200
9,a sitting {category},True,28.23913043478261,4,1,381,14,200
9,a {category} on a table,False,13.189560123566336,3,0,48,0,200
9,a {category} on the ground,False,13.189560123566336,4,0,28,0,200
9,a {category} near a pole,True,3.6428571428571423,4,3,145,79,200
9,a {category} with strong color,False,4.281764568325833,2,1,56,4,200
9,an item that could be a {category},False,13.189560123566336,5,0,184,0,200
9,one visible {category},True,2.7500000000000004,3,2,50,51,200
9,a {category} used by someone,False,13.189560123566336,6,0,466,0,200
9,a living area with a {category},False,4.281764568325833,6,3,208,98,200
9,the most visible {category},True,2.4000000000000004,3,0,55,0,200
9,a {category} in the lower right area,True,3.757575757575758,5,0,117,0,200
9,a {category} that may be absent,True,2.033333333333333,4,2,59,82,200
9,a parked {category},False,13.189560123566336,2,1,27,154,200
9,a {category} separated from other objects,True,3.6166666666666667,5,1,190,15,200
9,a {category} attached to something,False,13.189560123566336,2,0,21,0,200
9,a traffic scene with a {category},True,4.0,4,0,88,0,200
9,a {category} proposal,True,3.333333333333333,3,0,38,0,200
9,a full view of a {category},False,13.189560123566336,3,3,27,172,200
9,a {category} in profile,False,3.7924959371312807,2,2,36,43,200
9,a visible instance of {category},False,4.281764568325833,1,0,20,0,200
9,a photo containing a {category},False,3.7924959371312807,2,1,85,16,200
9,a {category} near a doorway,False,13.189560123566336,2,2,21,169,200
9,an object resembling a {category},False,13.189560123566336,3,0,89,0,200
9,a {category} in the foreground,True,2.43,4,0,75,0,200
10,what looks like a {category},False,10.921887033727131,4,0,59,0,200
10,a hanging {category},False,10.921887033727131,4,1,121,36,200
10,a {category} that is hard to see,False,10.921887033727131,4,1,34,134,200
10,a {category} in a busy background,True,2.7499999999999996,4,2,74,50,200
10,a {category} under daylight,True,3.7368421052631575,8,0,247,0,200
10,a {category} near a fence,True,3.1750000000000003,4,3,115,52,200
10,a scene featuring a {category},False,10.921887033727131,4,1,118,13,200
10,a natural image of a {category},True,3.1500000000000004,6,1,216,14,200
10,a {category} near a train,True,3.181818181818182,5,2,127,80,200
10,a {category} seen from below,True,3.662790697674418,3,2,183,45,200
10,a {category} target,False,4.456289062941489,3,0,151,0,200
10,a kitchen scene with a {category},True,5.405405405405406,5,2,105,19,200
10,a cropped view of a {category},True,2.986046511627907,8,1,187,9,200
10,a surveillance-style view of a {category},False,10.921887033727131,4,2,224,31,200
10,a {category} held by someone,True,5.0,8,0,150,0,200
10,a {category} outdoors,False,10.921887033727131,5,1,122,5,200
10,a {category} without occlusion,False,10.921887033727131,4,1,31,19,200
10,a {category} region,False,10.921887033727131,4,1,176,19,200
10,a nearby {category},False,4.456289062941489,1,2,9,29,200
10,a suspected {category},True,6.54320987654321,8,1,231,16,200
10,no obvious {category},False,10.921887033727131,3,3,85,57,200
10,a market scene with a {category},True,5.2898550724637685,4,2,144,176,200
10,a {category} cluster,False,10.921887033727131,5,1,83,3,200
10,a {category} near an animal,False,10.921887033727131,7,1,347,14,200
10,a front view of a {category},True,3.033333333333333,4,2,158,167,200
10,identify any {category},False,10.921887033727131,6,1,263,36,200
10,a high-resolution view of a {category},False,4.456289062941489,3,3,121,63,200
10,the nearest {category},True,4.96,3,0,36,0,200
10,a {category} on grass,True,3.4821428571428568,4,1,116,102,200
10,a {category} on a seat,False,10.921887033727131,1,1,10,9,200
10,background regions not containing a {category},False,10.921887033727131,6,1,147,10,200
10,look for a {category},False,10.921887033727131,4,2,138,16,200
10,a {category} with visible outline,True,3.0,7,2,208,315,200
10,a dark {category},False,10.921887033727131,5,3,153,13,200
10,a natural {category},True,5.465116279069767,4,2,138,79,200
10,a household scene with a {category},False,10.921887033727131,5,3,187,51,200
10,a close-up of a {category},True,2.609302325581395,5,2,168,34,200
10,a {category} far from the camera,True,3.566666666666667,8,1,189,29,200
10,where is the {category},True,3.7708333333333335,8,4,157,83,200
10,a {category} seen from above,True,2.784,5,2,103,113,200
10,a {category} facing the camera,True,2.0923076923076924,5,0,234,0,200
10,an actual {category},True,2.0,5,3,152,52,200
10,a {category} near a building,False,10.921887033727131,3,0,69,0,200
10,a {category} near a curb,True,2.5384615384615383,4,2,100,104,200
10,a {category} on a shelf,False,10.921887033727131,3,3,84,85,200
10,a {category} in low contrast,True,2.016,5,3,81,89,200
10,a clean view of a {category},False,10.921887033727131,4,1,132,57,200
10,a {category} in front of another object,True,5.983739837398375,3,2,165,101,200
10,a {category} near vegetation,True,2.013333333333333,6,1,131,6,200
10,a {category} in a container,False,10.921887033727131,5,1,97,19,200
10,a {category} beside a person,False,10.921887033727131,4,3,85,64,200
10,a {category} with clear shape,False,10.921887033727131,3,1,80,2,200
10,a {category} in the background,False,4.369916570965345,1,4,45,85,200
10,I do not see a {category},False,10.921887033727131,4,3,102,58,200
10,a man-made {category},True,4.107142857142857,6,3,105,16,200
10,a {category} at large scale,True,2.022222222222222,5,0,158,0,200
10,a {category} near a counter,False,4.369916570965345,1,4,19,235,200
10,perhaps a {category},True,3.7058823529411766,5,0,219,0,200
10,an image without any {category},False,10.921887033727131,5,0,146,0,200
10,a park scene with a {category},True,3.3000000000000003,3,2,64,39,200
10,a photo of a {category},False,10.921887033727131,6,3,150,63,200
10,the {category} in this image,False,10.921887033727131,5,0,132,0,200
10,a blurry {category},True,3.103125,11,2,301,246,200
10,a {category} in a plain background,True,2.739130434782609,5,0,94,0,200
10,a {category} near a sign,False,10.921887033727131,2,1,22,4,200
10,a {category} near a bicycle,False,10.921887033727131,4,0,127,0,200
10,a {category} under artificial light,False,10.921887033727131,2,3,24,90,200
10,something shaped like a {category},False,10.921887033727131,4,0,172,0,200
10,a {category} in the upper right area,True,2.8125,3,1,56,15,200
10,a {category} in a photo frame,True,6.616033755274262,3,1,341,7,200
10,a {category} near equipment,False,4.456289062941489,2,4,62,48,200
10,a {category} overlapping another object,False,4.456289062941489,2,2,101,12,200
10,a sharp {category},True,1.7857142857142856,4,1,51,29,200
10,a {category} candidate box,True,2.013333333333333,6,3,131,94,200
10,a {category} near the camera,True,3.5294117647058822,5,1,211,7,200
10,a {category} near shadows,False,10.921887033727131,4,1,180,3,200
10,a sparse scene with a {category},True,4.8,8,1,294,27,200
10,a {category} in the lower left area,False,10.921887033727131,9,1,356,66,200
10,an outdoor scene containing a {category},False,10.921887033727131,1,1,4,21,200
10,the main {category},True,4.166666666666666,6,1,69,41,200
10,a large {category},False,10.921887033727131,7,2,157,20,200
10,a single {category},False,10.921887033727131,8,4,337,68,200
10,a {category} in the scene,False,10.921887033727131,7,1,199,73,200
10,a {category} near furniture,True,4.96969696969697,7,1,230,58,200
10,a real {category},True,2.0279069767441857,5,1,189,45,200
10,a vehicle scene with a {category},False,10.921887033727131,5,2,157,38,200
10,a group of {category} objects,False,10.921887033727131,4,0,62,0,200
10,a {category} with neutral color,True,4.55,6,2,81,42,200
10,no clear {category},False,10.921887033727131,4,1,243,48,200
10,a {category} in a vehicle,True,3.8017241379310343,7,1,382,3,200
10,a candidate {category},False,10.921887033727131,5,3,71,37,200
10,a {category} away from the image center,True,2.71875,9,2,164,39,200
10,a {category} turned away,True,5.090909090909092,8,0,312,0,200
10,a {category} cropped by the frame,True,4.21875,4,2,79,16,200
10,a distant {category},True,4.571428571428571,6,0,85,0,200
10,a {category} in high contrast,True,3.857142857142857,5,2,76,20,200
10,a {category} behind another object,False,10.921887033727131,5,0,182,0,200
10,a small {category} near the center,True,1.9874999999999998,6,1,104,12,200
10,a moving {category},False,10.921887033727131,5,0,194,0,200
10,a {category} fully inside the frame,False,10.921887033727131,4,2,36,25,200
10,a {category} near food,True,3.475,7,3,123,49,200
10,a street scene containing a {category},True,3.9214285714285713,4,1,158,34,200
10,a {category} near a vehicle,True,4.374999999999999,4,1,95,56,200
10,a {category} near a car,False,10.921887033727131,5,0,110,0,200
10,a tiny {category},True,2.6086956521739126,5,1,91,35,200
10,multiple {category} instances,True,2.25,5,3,56,98,200
10,a {category} mostly visible,False,10.921887033727131,8,0,149,0,200
10,something similar to a {category},False,4.456289062941489,2,0,28,0,200
10,find the {category},False,10.921887033727131,3,1,21,5,200
10,a sports scene with a {category},True,2.809090909090909,3,4,91,83,200
10,a low-resolution view of a {category},False,10.921887033727131,2,2,54,36,200
10,without a {category},False,10.921887033727131,5,2,116,37,200
10,there is no {category} here,False,10.921887033727131,4,1,180,3,200
10,locate the {category},True,3.1282051282051277,4,1,121,33,200
10,a {category} in open space,False,10.921887033727131,4,1,70,14,200
10,a partial view of a {category},True,2.4818181818181815,6,2,83,97,200
10,a scene lacking a {category},True,4.086956521739131,9,2,321,19,200
10,a {category} near a bus,True,4.156862745098039,3,7,50,330,200
10,this scene does not contain a {category},True,6.594202898550725,5,1,84,86,200
10,a {category} near the edge of the image,True,6.424242424242424,4,0,94,0,200
10,maybe a {category},True,4.117647058823529,9,1,191,6,200
10,a {category} at the right side,False,10.921887033727131,8,3,184,71,200
10,a photographic {category},False,10.921887033727131,4,1,138,12,200
10,a {category} near water,False,10.921887033727131,6,2,161,33,200
10,a {category} in the upper left area,True,11.598039215686272,10,0,500,0,200
10,a likely {category},True,3.852272727272727,6,3,196,318,200
10,a {category} at the left side,True,3.764705882352941,4,1,120,14,200
10,a {category} at medium scale,True,4.826086956521739,3,0,98,0,200
10,a {category} in front of a wall,False,10.921887033727131,1,2,6,119,200
10,a {category} partly outside the image,True,4.5,7,0,153,0,200
10,a {category} near the image center,False,10.921887033727131,3,1,58,13,200
10,a {category} in clutter,False,10.921887033727131,5,2,62,99,200
10,a {category} inside a room,False,10.921887033727131,4,3,142,117,200
10,no visible {category},True,3.9000000000000004,3,2,39,132,200
10,a {category} in a mirror-like surface,True,3.0,6,1,114,11,200
10,a {category} barely visible,False,4.369916570965345,1,2,34,110,200
10,a {category} on pavement,False,10.921887033727131,4,0,59,0,200
10,a {category} near a window,False,10.921887033727131,6,1,85,12,200
10,a {category} near a bed,False,4.456289062941489,2,2,49,28,200
10,a lying {category},True,5.806451612903226,1,1,41,52,200
10,a zoomed view of a {category},True,3.6739130434782608,4,2,295,56,200
10,a {category} near a tree,False,10.921887033727131,2,4,21,77,200
10,a {category} with unusual appearance,False,10.921887033727131,2,1,36,3,200
10,a {category} at the bottom of the image,True,9.805825242718447,7,3,373,20,200
10,a {category} object,True,2.107317073170732,3,1,185,11,200
10,a {category} at an unusual angle,False,4.456289062941489,3,2,100,48,200
10,a {category} worn by someone,True,2.176,6,4,232,50,200
10,a crowded scene with a {category},False,10.921887033727131,7,1,124,34,200
10,a bright {category},False,4.456289062941489,3,1,88,23,200
10,possibly a {category},False,10.921887033727131,4,3,56,39,200
10,a visible {category} in the scene,True,3.1058823529411765,7,3,227,28,200
10,a {category} at the top of the image,False,10.921887033727131,3,2,80,36,200
10,a messy view of a {category},False,10.921887033727131,5,1,174,21,200
10,show me a {category},False,10.921887033727131,3,1,41,11,200
10,a {category} near text or signs,True,4.425,9,1,159,11,200
10,a {category} on a plate,False,10.921887033727131,6,1,261,21,200
10,a side view of a {category},False,10.921887033727131,4,2,64,28,200
10,a {category} partly hidden,True,2.586206896551724,3,2,69,66,200
10,a picture with a {category},True,3.3152542372881357,7,2,277,32,200
10,a {category} on a floor,False,10.921887033727131,1,2,5,19,200
10,an indoor scene containing a {category},False,10.921887033727131,4,2,142,65,200
10,an image showing a {category},True,3.010169491525424,9,1,257,34,200
10,a real-world {category},True,2.8000000000000003,3,0,37,0,200
10,a clear photo of a {category},True,2.56,4,2,69,14,200
10,a {category} among other objects,True,4.454545454545455,4,2,132,67,200
10,a {category} near a road,True,4.294117647058823,4,0,66,0,200
10,a {category} under shade,False,10.921887033727131,7,2,277,102,200
10,a wide-angle view with a {category},True,2.296875,4,0,45,0,200
10,a {category} with occlusion,False,10.921887033727131,3,1,15,3,200
10,a {category} near a chair,False,10.921887033727131,6,4,109,106,200
10,a possible instance of {category},True,3.7125000000000004,6,1,259,19,200
10,a {category} at small scale,False,4.369916570965345,2,1,117,13,200
10,a stacked {category},False,4.456289062941489,1,1,26,6,200
10,a standing {category},True,2.975806451612903,3,1,114,27,200
10,a {category} detection target,True,2.8684210526315788,9,0,111,0,200
10,a {category} next to a wall,False,10.921887033727131,3,2,27,90,200
10,a sitting {category},True,2.844444444444444,2,3,62,70,200
10,a {category} on a table,False,10.921887033727131,3,0,48,0,200
10,a {category} on the ground,False,10.921887033727131,2,2,47,17,200
10,a {category} near a pole,False,10.921887033727131,3,2,80,33,200
10,a {category} with strong color,False,4.369916570965345,2,1,56,4,200
10,an item that could be a {category},False,10.921887033727131,4,0,130,0,200
10,one visible {category},False,10.921887033727131,4,0,75,0,200
10,a {category} used by someone,False,4.456289062941489,4,1,365,2,200
10,a living area with a {category},True,5.847457627118644,7,2,198,71,200
10,the most visible {category},False,10.921887033727131,3,0,132,0,200
10,a {category} in the lower right area,True,2.9565217391304346,3,1,37,43,200
10,a {category} that may be absent,True,3.228260869565217,3,3,90,37,200
10,a parked {category},False,10.921887033727131,2,0,163,0,200
10,a {category} separated from other objects,False,10.921887033727131,3,2,96,65,200
10,a {category} attached to something,False,4.369916570965345,1,1,10,11,200
10,a traffic scene with a {category},False,10.921887033727131,5,1,116,24,200
10,a {category} proposal,False,10.921887033727131,2,0,18,0,200
10,a full view of a {category},True,3.9146341463414633,4,2,185,14,200
10,a {category} in profile,False,0.0,0,2,0,36,200
10,a visible instance of {category},True,4.27027027027027,1,1,90,20,200
10,a photo containing a {category},False,4.456289062941489,4,1,208,10,200
10,a {category} near a doorway,True,5.170731707317073,4,0,183,0,200
10,an object resembling a {category},False,4.456289062941489,2,2,87,20,200
10,a {category} in the foreground,True,3.4375,2,1,51,21,200
11,what looks like a {category},False,14.14601796587689,4,1,47,17,200
11,a hanging {category},False,14.14601796587689,5,2,141,26,200
11,a {category} that is hard to see,False,14.14601796587689,5,2,171,17,200
11,a {category} in a busy background,True,5.045045045045045,4,2,131,25,200
11,a {category} under daylight,False,14.14601796587689,5,2,196,40,200
11,a {category} near a fence,True,2.6,3,1,34,4,200
11,a scene featuring a {category},True,7.741935483870968,5,0,127,0,200
11,a natural image of a {category},True,2.9625,5,0,73,0,200
11,a {category} near a train,True,3.45,5,3,164,25,200
11,a {category} seen from below,True,3.6081081081081083,4,0,157,0,200
11,a {category} target,False,5.322023576493106,2,0,134,0,200
11,a kitchen scene with a {category},True,3.3333333333333335,2,2,50,19,200
11,a cropped view of a {category},True,4.25,10,0,338,0,200
11,a surveillance-style view of a {category},False,14.14601796587689,6,1,255,20,200
11,a {category} held by someone,True,5.862068965517242,8,2,97,120,200
11,a {category} outdoors,False,14.14601796587689,5,2,107,29,200
11,a {category} without occlusion,True,2.5200000000000005,7,2,58,17,200
11,a {category} region,False,14.14601796587689,3,1,174,2,200
11,a nearby {category},False,14.14601796587689,2,1,29,9,200
11,a suspected {category},True,2.721951219512195,7,2,165,34,200
11,no obvious {category},False,3.794461289670507,4,2,116,26,200
11,a market scene with a {category},True,5.46875,2,2,62,154,200
11,a {category} cluster,False,14.14601796587689,5,0,75,0,200
11,a {category} near an animal,True,3.095238095238095,4,3,280,52,200
11,a front view of a {category},False,14.14601796587689,4,1,156,18,200
11,identify any {category},False,14.14601796587689,7,1,284,23,200
11,a high-resolution view of a {category},True,3.75,4,1,174,2,200
11,the nearest {category},True,2.142857142857143,2,1,46,13,200
11,a {category} on grass,True,4.551724137931035,3,1,117,82,200
11,a {category} on a seat,False,14.14601796587689,1,1,10,9,200
11,background regions not containing a {category},False,14.14601796587689,7,0,148,0,200
11,look for a {category},False,14.14601796587689,5,1,143,9,200
11,a {category} with visible outline,True,4.74468085106383,7,3,196,330,200
11,a dark {category},True,2.875,5,3,101,84,200
11,a natural {category},True,9.466666666666667,5,3,141,77,200
11,a household scene with a {category},False,14.14601796587689,7,2,253,68,200
11,a close-up of a {category},False,14.14601796587689,6,1,242,2,200
11,a {category} far from the camera,True,7.222222222222221,5,3,82,71,200
11,where is the {category},True,3.857142857142857,11,1,248,12,200
11,a {category} seen from above,True,5.166666666666666,8,1,241,10,200
11,a {category} facing the camera,True,2.1705882352941175,5,1,315,22,200
11,an actual {category},True,2.25,3,2,30,49,200
11,a {category} near a building,False,14.14601796587689,6,1,224,3,200
11,a {category} near a curb,True,2.1666666666666665,4,2,50,154,200
11,a {category} on a shelf,False,14.14601796587689,4,1,102,55,200
11,a {category} in low contrast,True,2.772,6,2,205,73,200
11,a clean view of a {category},False,3.4023006806511957,1,3,75,91,200
11,a {category} in front of another object,False,5.322023576493106,4,0,203,0,200
11,a {category} near vegetation,False,14.14601796587689,2,6,16,163,200
11,a {category} in a container,False,14.14601796587689,5,1,112,4,200
11,a {category} beside a person,True,3.9393939393939394,6,1,121,45,200
11,a {category} with clear shape,False,14.14601796587689,2,2,64,15,200
11,a {category} in the background,True,4.3921568627450975,3,2,78,52,200
11,I do not see a {category},False,14.14601796587689,5,2,59,105,200
11,a man-made {category},True,4.5675675675675675,9,3,150,13,200
11,a {category} at large scale,True,3.304054054054054,5,2,146,30,200
11,a {category} near a counter,False,14.14601796587689,3,2,221,33,200
11,perhaps a {category},False,14.14601796587689,2,2,4,33,200
11,an image without any {category},False,14.14601796587689,6,2,261,114,200
11,a park scene with a {category},False,14.14601796587689,3,3,124,42,200
11,a photo of a {category},False,14.14601796587689,3,5,79,80,200
11,the {category} in this image,False,5.322023576493106,3,1,95,3,200
11,a blurry {category},True,3.1666666666666665,10,7,344,375,200
11,a {category} in a plain background,False,14.14601796587689,4,1,49,15,200
11,a {category} near a sign,False,14.14601796587689,2,2,44,8,200
11,a {category} near a bicycle,False,14.14601796587689,3,0,108,0,200
11,a {category} under artificial light,True,2.4800000000000004,6,2,57,77,200
11,something shaped like a {category},False,14.14601796587689,4,1,177,13,200
11,a {category} in the upper right area,False,14.14601796587689,2,1,19,14,200
11,a {category} in a photo frame,False,5.322023576493106,2,3,20,273,200
11,a {category} near equipment,True,3.5625,5,0,100,0,200
11,a {category} overlapping another object,False,14.14601796587689,2,1,27,26,200
11,a sharp {category},False,14.14601796587689,3,3,35,60,200
11,a {category} candidate box,True,6.9743589743589745,11,1,293,10,200
11,a {category} near the camera,True,2.021052631578947,6,1,249,38,200
11,a {category} near shadows,False,14.14601796587689,4,0,107,0,200
11,a sparse scene with a {category},True,3.254464285714285,6,4,219,89,200
11,a {category} in the lower left area,False,14.14601796587689,4,5,257,110,200
11,an outdoor scene containing a {category},True,4.136363636363636,5,0,83,0,200
11,the main {category},False,14.14601796587689,6,0,154,0,200
11,a large {category},True,2.9817073170731705,9,2,150,61,200
11,a single {category},False,5.322023576493106,5,2,146,158,200
11,a {category} in the scene,True,3.0352941176470587,6,2,223,64,200
11,a {category} near furniture,True,3.071428571428571,6,3,235,114,200
11,a real {category},True,5.942857142857142,7,1,278,33,200
11,a vehicle scene with a {category},True,3.727272727272727,4,3,143,52,200
11,a group of {category} objects,False,5.322023576493106,1,4,39,59,200
11,a {category} with neutral color,True,3.9117647058823533,8,0,123,0,200
11,no clear {category},True,3.1199999999999997,5,0,247,0,200
11,a {category} in a vehicle,True,4.797101449275362,8,1,290,11,200
11,a candidate {category},False,14.14601796587689,6,2,60,6,200
11,a {category} away from the image center,True,5.718954248366012,10,2,168,31,200
11,a {category} turned away,False,5.322023576493106,6,1,208,15,200
11,a {category} cropped by the frame,True,3.1339285714285707,5,0,107,0,200
11,a distant {category},False,14.14601796587689,1,3,6,30,200
11,a {category} in high contrast,True,2.6875,3,1,39,10,200
11,a {category} behind another object,False,14.14601796587689,4,1,122,52,200
11,a small {category} near the center,True,3.439024390243903,8,1,136,6,200
11,a moving {category},False,14.14601796587689,5,2,158,44,200
11,a {category} fully inside the frame,False,14.14601796587689,2,1,22,10,200
11,a {category} near food,True,3.6792452830188678,9,0,184,0,200
11,a street scene containing a {category},True,3.0893617021276594,5,0,209,0,200
11,a {category} near a vehicle,False,5.322023576493106,1,3,6,89,200
11,a {category} near a car,False,14.14601796587689,2,3,57,137,200
11,a tiny {category},False,14.14601796587689,2,5,13,165,200
11,multiple {category} instances,True,3.75,7,1,144,10,200
11,a {category} mostly visible,False,14.14601796587689,7,1,132,7,200
11,something similar to a {category},False,5.322023576493106,3,1,53,87,200
11,find the {category},False,14.14601796587689,4,1,61,6,200
11,a sports scene with a {category},False,14.14601796587689,4,3,127,47,200
11,a low-resolution view of a {category},False,14.14601796587689,2,1,27,12,200
11,without a {category},False,14.14601796587689,9,2,317,81,200
11,there is no {category} here,False,14.14601796587689,2,3,5,110,200
11,locate the {category},True,5.852813852813853,7,2,303,45,200
11,a {category} in open space,False,14.14601796587689,4,1,59,14,200
11,a partial view of a {category},True,1.6,3,3,71,53,200
11,a scene lacking a {category},False,14.14601796587689,6,3,126,175,200
11,a {category} near a bus,True,7.875,5,2,88,237,200
11,this scene does not contain a {category},False,14.14601796587689,4,2,251,21,200
11,a {category} near the edge of the image,True,3.5625,5,0,100,0,200
11,maybe a {category},True,3.073170731707317,10,0,153,0,200
11,a {category} at the right side,True,1.9063829787234041,10,2,197,13,200
11,a photographic {category},True,3.111111111111111,3,4,50,174,200
11,a {category} near water,False,14.14601796587689,6,2,117,33,200
11,a {category} in the upper left area,True,9.411111111111111,9,1,378,44,200
11,a likely {category},False,14.14601796587689,4,2,356,33,200
11,a {category} at the left side,True,2.347826086956522,3,2,57,82,200
11,a {category} at medium scale,False,14.14601796587689,2,4,25,116,200
11,a {category} in front of a wall,False,14.14601796587689,3,0,125,0,200
11,a {category} partly outside the image,False,14.14601796587689,5,1,116,14,200
11,a {category} near the image center,False,5.322023576493106,1,1,39,10,200
11,a {category} in clutter,False,14.14601796587689,4,2,125,5,200
11,a {category} inside a room,True,3.111111111111111,6,2,204,85,200
11,no visible {category},False,14.14601796587689,2,3,20,151,200
11,a {category} in a mirror-like surface,True,1.9749999999999999,4,2,85,23,200
11,a {category} barely visible,False,0.0,0,1,0,36,200
11,a {category} on pavement,False,14.14601796587689,4,1,49,5,200
11,a {category} near a window,False,14.14601796587689,6,1,112,15,200
11,a {category} near a bed,False,5.322023576493106,2,0,49,0,200
11,a lying {category},True,5.806451612903226,1,1,41,52,200
11,a zoomed view of a {category},True,2.091566265060241,6,1,373,22,200
11,a {category} near a tree,False,14.14601796587689,6,0,95,0,200
11,a {category} with unusual appearance,False,14.14601796587689,4,0,42,0,200
11,a {category} at the bottom of the image,False,5.322023576493106,2,3,30,265,200
11,a {category} object,False,14.14601796587689,4,1,46,97,200
11,a {category} at an unusual angle,False,14.14601796587689,5,2,99,53,200
11,a {category} worn by someone,True,3.8809523809523805,5,2,151,85,200
11,a crowded scene with a {category},False,5.322023576493106,3,2,71,29,200
11,a bright {category},False,5.322023576493106,2,2,51,71,200
11,possibly a {category},False,14.14601796587689,5,2,84,16,200
11,a visible {category} in the scene,True,4.648648648648649,7,0,153,0,200
11,a {category} at the top of the image,False,14.14601796587689,4,1,94,22,200
11,a messy view of a {category},False,14.14601796587689,3,2,128,38,200
11,show me a {category},False,14.14601796587689,5,0,70,0,200
11,a {category} near text or signs,True,3.2307692307692313,6,1,102,11,200
11,a {category} on a plate,False,14.14601796587689,3,2,74,118,200
11,a side view of a {category},False,14.14601796587689,5,0,53,0,200
11,a {category} partly hidden,False,14.14601796587689,4,2,134,55,200
11,a picture with a {category},True,2.55,5,2,62,106,200
11,a {category} on a floor,False,14.14601796587689,4,0,68,0,200
11,an indoor scene containing a {category},False,3.794461289670507,3,3,138,63,200
11,an image showing a {category},True,4.111607142857142,8,2,261,50,200
11,a real-world {category},True,2.8000000000000003,3,0,37,0,200
11,a clear photo of a {category},True,2.36,5,2,64,19,200
11,a {category} among other objects,False,14.14601796587689,4,1,146,21,200
11,a {category} near a road,False,5.322023576493106,3,2,51,24,200
11,a {category} under shade,True,5.282608695652173,7,2,209,104,200
11,a wide-angle view with a {category},True,3.7058823529411766,6,0,60,0,200
11,a {category} with occlusion,False,14.14601796587689,3,1,113,2,200
11,a {category} near a chair,False,14.14601796587689,5,2,124,50,200
11,a possible instance of {category},True,1.7333333333333332,3,2,94,153,200
11,a {category} at small scale,False,14.14601796587689,4,1,134,28,200
11,a stacked {category},True,2.4193548387096775,2,0,41,0,200
11,a standing {category},True,1.7076923076923076,3,0,76,0,200
11,a {category} detection target,True,3.9200000000000004,7,1,91,21,200
11,a {category} next to a wall,True,2.142857142857143,4,2,46,59,200
11,a sitting {category},True,5.317460317460317,5,1,132,300,200
11,a {category} on a table,False,14.14601796587689,3,0,48,0,200
11,a {category} on the ground,False,5.322023576493106,2,0,17,0,200
11,a {category} near a pole,True,3.206896551724138,7,0,224,0,200
11,a {category} with strong color,False,14.14601796587689,3,0,60,0,200
11,an item that could be a {category},False,3.794461289670507,1,2,90,56,200
11,one visible {category},False,5.322023576493106,2,1,53,9,200
11,a {category} used by someone,False,14.14601796587689,4,3,418,13,200
11,a living area with a {category},True,6.428571428571428,8,0,250,0,200
11,the most visible {category},True,2.8000000000000003,2,0,37,0,200
11,a {category} in the lower right area,True,3.2410714285714284,4,1,109,8,200
11,a {category} that may be absent,True,3.3409090909090913,5,0,132,0,200
11,a parked {category},False,14.14601796587689,2,1,163,18,200
11,a {category} separated from other objects,False,3.794461289670507,1,4,42,107,200
11,a {category} attached to something,False,14.14601796587689,1,0,11,0,200
11,a traffic scene with a {category},False,14.14601796587689,5,1,107,33,200
11,a {category} proposal,False,14.14601796587689,2,0,18,0,200
11,a full view of a {category},False,14.14601796587689,4,2,34,98,200
11,a {category} in profile,False,5.322023576493106,5,0,114,0,200
11,a visible instance of {category},True,7.536585365853659,2,0,110,0,200
11,a photo containing a {category},False,14.14601796587689,4,0,209,0,200
11,a {category} near a doorway,True,5.209302325581396,5,0,193,0,200
11,an object resembling a {category},False,14.14601796587689,1,1,2,18,200
11,a {category} in the foreground,True,2.0117647058823533,3,0,54,0,200
12,what looks like a {category},False,10.734327485380119,5,1,105,25,200
12,a hanging {category},False,10.734327485380119,8,2,255,24,200
12,a {category} that is hard to see,False,10.734327485380119,2,4,24,40,200
12,a {category} in a busy background,True,3.2954545454545454,5,2,92,96,200
12,a {category} under daylight,False,10.734327485380119,6,1,207,10,200
12,a {category} near a fence,True,5.0943396226415105,6,1,161,62,200
12,a scene featuring a {category},False,10.734327485380119,3,1,72,13,200
12,a natural image of a {category},True,3.068181818181818,6,0,195,0,200
12,a {category} near a train,True,4.25,6,1,139,57,200
12,a {category} seen from below,False,4.698657051059797,3,3,69,205,200
12,a {category} target,False,4.698657051059797,2,1,133,18,200
12,a kitchen scene with a {category},True,4.288288288288288,5,0,83,0,200
12,a cropped view of a {category},True,3.4367088607594938,9,2,321,33,200
12,a surveillance-style view of a {category},False,10.734327485380119,4,1,136,18,200
12,a {category} held by someone,True,2.4181818181818184,6,3,133,80,200
12,a {category} outdoors,False,10.734327485380119,7,0,136,0,200
12,a {category} without occlusion,False,10.734327485380119,5,3,50,17,200
12,a {category} region,False,10.734327485380119,3,2,77,18,200
12,a nearby {category},False,10.734327485380119,3,0,38,0,200
12,a suspected {category},False,4.698657051059797,6,1,212,25,200
12,no obvious {category},False,10.734327485380119,5,1,167,7,200
12,a market scene with a {category},True,3.1381578947368416,6,0,288,0,200
12,a {category} cluster,False,10.734327485380119,5,0,62,0,200
12,a {category} near an animal,False,10.734327485380119,4,3,282,74,200
12,a front view of a {category},True,3.304225352112676,7,0,332,0,200
12,identify any {category},False,10.734327485380119,2,6,23,329,200
12,a high-resolution view of a {category},True,2.944186046511628,6,0,184,0,200
12,the nearest {category},False,10.734327485380119,3,2,54,23,200
12,a {category} on grass,True,4.384615384615385,3,1,102,19,200
12,a {category} on a seat,False,10.734327485380119,1,0,9,0,200
12,background regions not containing a {category},False,10.734327485380119,5,3,116,40,200
12,look for a {category},False,10.734327485380119,3,3,122,30,200
12,a {category} with visible outline,True,5.777777777777778,8,3,450,94,200
12,a dark {category},True,5.25,7,2,163,17,200
12,a natural {category},False,10.734327485380119,4,1,111,85,200
12,a household scene with a {category},False,10.734327485380119,6,4,217,138,200
12,a close-up of a {category},False,4.698657051059797,2,3,69,99,200
12,a {category} far from the camera,True,5.0,9,2,192,35,200
12,where is the {category},True,6.103703703703704,11,4,183,114,200
12,a {category} seen from above,False,10.734327485380119,3,1,126,33,200
12,a {category} facing the camera,True,2.062222222222222,4,3,201,152,200
12,an actual {category},False,10.734327485380119,3,4,54,143,200
12,a {category} near a building,True,4.933333333333333,5,1,130,9,200
12,a {category} near a curb,False,10.734327485380119,3,1,37,78,200
12,a {category} on a shelf,False,10.734327485380119,5,0,153,0,200
12,a {category} in low contrast,False,3.995491272711039,4,2,225,51,200
12,a clean view of a {category},False,10.734327485380119,1,1,20,14,200
12,a {category} in front of another object,True,5.555555555555555,3,3,136,119,200
12,a {category} near vegetation,False,10.734327485380119,6,1,114,20,200
12,a {category} in a container,False,10.734327485380119,5,0,78,0,200
12,a {category} beside a person,False,10.734327485380119,6,1,141,31,200
12,a {category} with clear shape,False,10.734327485380119,4,2,93,42,200
12,a {category} in the background,True,4.573643410852712,4,1,123,7,200
12,I do not see a {category},False,10.734327485380119,4,4,100,81,200
12,a man-made {category},True,4.241379310344827,8,3,112,38,200
12,a {category} at large scale,True,3.789473684210526,6,1,166,10,200
12,a {category} near a counter,False,10.734327485380119,4,1,231,23,200
12,perhaps a {category},True,4.88,6,1,214,9,200
12,an image without any {category},True,3.477272727272727,6,1,360,3,200
12,a park scene with a {category},True,5.233333333333333,4,3,145,51,200
12,a photo of a {category},False,10.734327485380119,5,0,99,0,200
12,the {category} in this image,False,4.698657051059797,2,0,31,0,200
12,a blurry {category},True,4.011904761904762,9,6,288,186,200
12,a {category} in a plain background,False,10.734327485380119,6,1,97,5,200
12,a {category} near a sign,False,10.734327485380119,2,1,8,18,200
12,a {category} near a bicycle,False,4.698657051059797,2,1,99,9,200
12,a {category} under artificial light,False,10.734327485380119,6,2,47,87,200
12,something shaped like a {category},False,10.734327485380119,3,0,168,0,200
12,a {category} in the upper right area,False,10.734327485380119,2,3,20,67,200
12,a {category} in a photo frame,False,10.734327485380119,4,1,286,7,200
12,a {category} near equipment,False,4.698657051059797,1,2,15,26,200
12,a {category} overlapping another object,False,4.698657051059797,3,1,106,4,200
12,a sharp {category},True,2.785185185185185,5,0,91,0,200
12,a {category} candidate box,True,6.476190476190476,8,1,178,68,200
12,a {category} near the camera,False,10.734327485380119,3,2,211,22,200
12,a {category} near shadows,False,10.734327485380119,3,1,165,15,200
12,a sparse scene with a {category},True,6.169491525423728,6,3,242,138,200
12,a {category} in the lower left area,False,10.734327485380119,6,1,287,15,200
12,an outdoor scene containing a {category},True,4.156862745098039,4,2,50,37,200
12,the main {category},False,10.734327485380119,5,1,157,8,200
12,a large {category},True,4.542857142857143,9,1,142,46,200
12,a single {category},False,10.734327485380119,8,1,192,20,200
12,a {category} in the scene,False,4.698657051059797,5,1,188,14,200
12,a {category} near furniture,True,4.895833333333334,5,2,221,20,200
12,a real {category},True,3.964285714285714,5,1,222,38,200
12,a vehicle scene with a {category},True,3.9285714285714284,6,0,190,0,200
12,a group of {category} objects,True,2.770588235294118,6,0,139,0,200
12,a {category} with neutral color,False,10.734327485380119,4,2,60,9,200
12,no clear {category},False,10.734327485380119,2,3,12,131,200
12,a {category} in a vehicle,True,3.481132075471698,6,1,217,3,200
12,a candidate {category},True,2.6399999999999997,9,0,99,0,200
12,a {category} away from the image center,True,3.083333333333333,8,0,111,0,200
12,a {category} turned away,True,3.4931506849315066,6,1,244,23,200
12,a {category} cropped by the frame,True,4.0,3,2,82,9,200
12,a distant {category},False,10.734327485380119,2,1,24,6,200
12,a {category} in high contrast,True,3.0,7,0,96,0,200
12,a {category} behind another object,False,4.698657051059797,2,2,90,69,200
12,a small {category} near the center,False,10.734327485380119,7,2,106,26,200
12,a moving {category},False,10.734327485380119,5,2,189,61,200
12,a {category} fully inside the frame,False,10.734327485380119,5,0,51,0,200
12,a {category} near food,True,6.037735849056604,11,0,181,0,200
12,a street scene containing a {category},False,4.698657051059797,2,3,57,103,200
12,a {category} near a vehicle,False,10.734327485380119,2,1,64,6,200
12,a {category} near a car,False,10.734327485380119,4,1,103,91,200
12,a tiny {category},True,2.2333333333333334,4,0,63,0,200
12,multiple {category} instances,True,5.442176870748299,7,0,183,0,200
12,a {category} mostly visible,False,10.734327485380119,5,4,75,81,200
12,something similar to a {category},False,10.734327485380119,1,2,87,31,200
12,find the {category},True,3.46875,5,0,33,0,200
12,a sports scene with a {category},True,2.557894736842105,3,1,74,56,200
12,a low-resolution view of a {category},True,1.8666666666666665,3,0,87,0,200
12,without a {category},False,4.698657051059797,7,1,352,4,200
12,there is no {category} here,False,10.734327485380119,4,0,113,0,200
12,locate the {category},True,20.363636363636367,7,0,194,0,200
12,a {category} in open space,False,10.734327485380119,1,3,14,37,200
12,a partial view of a {category},True,1.7904761904761903,5,1,168,3,200
12,a scene lacking a {category},True,3.7678571428571423,9,2,183,157,200
12,a {category} near a bus,True,3.5757575757575757,6,1,113,9,200
12,this scene does not contain a {category},False,10.734327485380119,2,4,20,152,200
12,a {category} near the edge of the image,False,10.734327485380119,4,1,75,25,200
12,maybe a {category},True,4.447368421052632,8,4,151,100,200
12,a {category} at the right side,False,10.734327485380119,7,4,196,57,200
12,a photographic {category},True,2.8864864864864868,5,1,157,17,200
12,a {category} near water,True,2.8,7,1,211,7,200
12,a {category} in the upper left area,True,19.1864406779661,6,4,307,83,200
12,a likely {category},True,4.2375,6,2,382,120,200
12,a {category} at the left side,True,2.9166666666666665,4,2,72,81,200
12,a {category} at medium scale,True,6.515151515151516,5,1,120,21,200
12,a {category} in front of a wall,False,10.734327485380119,3,0,125,0,200
12,a {category} partly outside the image,True,3.1666666666666665,4,3,55,74,200
12,a {category} near the image center,False,3.995491272711039,2,2,22,49,200
12,a {category} in clutter,True,3.5384615384615388,4,3,88,91,200
12,a {category} inside a room,True,2.7249999999999996,7,2,194,106,200
12,no visible {category},False,10.734327485380119,3,1,23,29,200
12,a {category} in a mirror-like surface,True,2.7916666666666665,5,1,75,11,200
12,a {category} barely visible,False,3.995491272711039,2,0,110,0,200
12,a {category} on pavement,True,2.976923076923077,8,0,113,0,200
12,a {category} near a window,True,3.722222222222222,5,2,117,15,200
12,a {category} near a bed,False,10.734327485380119,1,1,13,21,200
12,a lying {category},False,3.995491272711039,1,1,52,41,200
12,a zoomed view of a {category},True,6.68235294117647,5,1,369,34,200
12,a {category} near a tree,False,10.734327485380119,5,3,110,41,200
12,a {category} with unusual appearance,False,0.0,0,2,0,36,200
12,a {category} at the bottom of the image,True,6.651376146788992,9,1,400,3,200
12,a {category} object,False,10.734327485380119,2,2,14,108,200
12,a {category} at an unusual angle,False,4.698657051059797,7,1,166,13,200
12,a {category} worn by someone,True,3.650943396226415,7,1,225,32,200
12,a crowded scene with a {category},False,10.734327485380119,4,0,104,0,200
12,a bright {category},False,4.698657051059797,3,1,57,23,200
12,possibly a {category},False,10.734327485380119,6,2,80,27,200
12,a visible {category} in the scene,True,7.066666666666667,4,4,97,97,200
12,a {category} at the top of the image,False,10.734327485380119,5,1,118,22,200
12,a messy view of a {category},False,10.734327485380119,6,0,195,0,200
12,show me a {category},False,10.734327485380119,2,4,25,54,200
12,a {category} near text or signs,True,3.115384615384616,5,2,81,41,200
12,a {category} on a plate,False,4.698657051059797,4,1,165,82,200
12,a side view of a {category},False,4.698657051059797,3,0,70,0,200
12,a {category} partly hidden,True,3.475,4,0,133,0,200
12,a picture with a {category},True,3.669230769230769,5,0,277,0,200
12,a {category} on a floor,False,10.734327485380119,3,2,24,54,200
12,an indoor scene containing a {category},True,6.864406779661017,7,1,222,4,200
12,an image showing a {category},True,2.1652173913043478,7,3,213,42,200
12,a real-world {category},False,3.995491272711039,1,1,12,7,200
12,a clear photo of a {category},True,3.6666666666666665,4,3,48,35,200
12,a {category} among other objects,True,4.352941176470588,5,0,134,0,200
12,a {category} near a road,False,3.995491272711039,1,3,15,54,200
12,a {category} under shade,False,10.734327485380119,8,2,356,33,200
12,a wide-angle view with a {category},True,3.375,3,1,32,21,200
12,a {category} with occlusion,True,1.7935483870967743,5,1,124,3,200
12,a {category} near a chair,False,10.734327485380119,6,2,71,41,200
12,a possible instance of {category},False,10.734327485380119,2,1,78,62,200
12,a {category} at small scale,False,10.734327485380119,3,2,128,34,200
12,a stacked {category},True,2.903225806451613,3,0,47,0,200
12,a standing {category},True,2.975806451612903,3,1,114,27,200
12,a {category} detection target,True,2.24,4,1,47,34,200
12,a {category} next to a wall,False,4.698657051059797,1,6,4,142,200
12,a sitting {category},False,10.734327485380119,3,2,67,65,200
12,a {category} on a table,False,10.734327485380119,2,0,46,0,200
12,a {category} on the ground,False,10.734327485380119,3,0,52,0,200
12,a {category} near a pole,True,3.98,4,2,183,28,200
12,a {category} with strong color,False,10.734327485380119,3,0,60,0,200
12,an item that could be a {category},False,10.734327485380119,3,0,82,0,200
12,one visible {category},True,2.875,5,0,101,0,200
12,a {category} used by someone,False,10.734327485380119,4,3,149,319,200
12,a living area with a {category},False,10.734327485380119,3,5,69,177,200
12,the most visible {category},False,10.734327485380119,3,1,139,15,200
12,a {category} in the lower right area,True,2.8000000000000003,4,2,40,80,200
12,a {category} that may be absent,True,2.0470588235294116,2,5,55,89,200
12,a parked {category},False,10.734327485380119,3,0,181,0,200
12,a {category} separated from other objects,True,2.1473684210526316,2,4,65,138,200
12,a {category} attached to something,False,10.734327485380119,2,0,21,0,200
12,a traffic scene with a {category},False,10.734327485380119,6,1,140,5,200
12,a {category} proposal,True,3.333333333333333,3,0,38,0,200
12,a full view of a {category},True,2.933333333333333,6,1,193,13,200
12,a {category} in profile,False,4.698657051059797,3,0,75,0,200
12,a visible instance of {category},False,0.0,0,1,0,90,200
12,a photo containing a {category},False,3.995491272711039,3,1,192,10,200
12,a {category} near a doorway,False,10.734327485380119,2,1,176,3,200
12,an object resembling a {category},False,10.734327485380119,3,1,82,25,200
12,a {category} in the foreground,True,2.0117647058823533,3,0,54,0,200
13,what looks like a {category},False,13.66115618489473,5,2,47,92,200
13,a hanging {category},False,13.66115618489473,5,4,143,121,200
13,a {category} that is hard to see,False,13.66115618489473,5,1,176,13,200
13,a {category} in a busy background,False,0.0,0,3,0,93,200
13,a {category} under daylight,False,13.66115618489473,5,2,115,102,200
13,a {category} near a fence,False,13.66115618489473,4,1,101,62,200
13,a scene featuring a {category},False,13.66115618489473,5,0,113,0,200
13,a natural image of a {category},False,13.66115618489473,4,2,83,142,200
13,a {category} near a train,True,3.2081632653061223,9,0,225,0,200
13,a {category} seen from below,True,2.220689655172414,6,1,274,8,200
13,a {category} target,False,5.457355220647282,3,0,151,0,200
13,a kitchen scene with a {category},True,4.2592592592592595,5,2,98,26,200
13,a cropped view of a {category},True,2.9720930232558143,9,2,186,102,200
13,a surveillance-style view of a {category},False,5.457355220647282,2,1,31,101,200
13,a {category} held by someone,True,3.1,5,3,114,75,200
13,a {category} outdoors,False,13.66115618489473,5,1,54,72,200
13,a {category} without occlusion,True,3.2,4,3,27,36,200
13,a {category} region,False,13.66115618489473,6,0,194,0,200
13,a nearby {category},False,13.66115618489473,2,0,15,0,200
13,a suspected {category},True,3.0387096774193547,10,1,272,12,200
13,no obvious {category},False,3.8361108792091407,3,2,108,13,200
13,a market scene with a {category},True,3.4655172413793105,4,2,238,82,200
13,a {category} cluster,False,13.66115618489473,3,1,36,24,200
13,a {category} near an animal,True,1.9348837209302325,5,2,183,49,200
13,a front view of a {category},True,3.125581395348837,5,1,193,121,200
13,identify any {category},False,13.66115618489473,6,2,282,44,200
13,a high-resolution view of a {category},True,4.482758620689655,4,2,117,67,200
13,the nearest {category},True,3.28,4,1,46,31,200
13,a {category} on grass,False,13.66115618489473,2,3,24,194,200
13,a {category} on a seat,False,13.66115618489473,1,1,10,9,200
13,background regions not containing a {category},False,13.66115618489473,5,4,105,78,200
13,look for a {category},True,1.9852941176470589,3,2,42,96,200
13,a {category} with visible outline,True,9.42652329749104,7,2,459,70,200
13,a dark {category},False,13.66115618489473,4,4,90,89,200
13,a natural {category},False,13.66115618489473,2,2,71,40,200
13,a household scene with a {category},True,4.946428571428571,8,1,241,16,200
13,a close-up of a {category},False,13.66115618489473,3,3,117,85,200
13,a {category} far from the camera,True,5.951219512195122,8,1,164,27,200
13,where is the {category},True,4.086734693877551,9,4,228,40,200
13,a {category} seen from above,True,3.0,6,2,230,17,200
13,a {category} facing the camera,False,5.457355220647282,6,1,204,18,200
13,an actual {category},True,3.0,4,2,55,34,200
13,a {category} near a building,False,13.66115618489473,5,2,215,12,200
13,a {category} near a curb,True,3.0,6,0,204,0,200
13,a {category} on a shelf,False,13.66115618489473,3,2,50,62,200
13,a {category} in low contrast,False,13.66115618489473,4,2,94,31,200
13,a clean view of a {category},False,5.457355220647282,4,1,169,20,200
13,a {category} in front of another object,False,13.66115618489473,3,2,103,117,200
13,a {category} near vegetation,False,13.66115618489473,5,1,109,20,200
13,a {category} in a container,False,13.66115618489473,4,0,91,0,200
13,a {category} beside a person,True,4.521739130434782,8,0,186,0,200
13,a {category} with clear shape,False,13.66115618489473,5,1,111,24,200
13,a {category} in the background,True,3.7500000000000004,3,1,112,7,200
13,I do not see a {category},False,13.66115618489473,6,1,121,17,200
13,a man-made {category},True,7.368421052631579,10,2,150,11,200
13,a {category} at large scale,True,4.689655172413793,5,2,121,55,200
13,a {category} near a counter,True,2.952380952380952,2,3,32,222,200
13,perhaps a {category},True,4.235294117647059,6,1,130,93,200
13,an image without any {category},False,13.66115618489473,4,2,120,145,200
13,a park scene with a {category},True,5.833333333333333,4,2,127,42,200
13,a photo of a {category},True,5.240310077519379,8,1,156,11,200
13,the {category} in this image,False,13.66115618489473,4,0,119,0,200
13,a blurry {category},True,3.5388349514563107,12,3,429,44,200
13,a {category} in a plain background,True,2.75,6,1,98,4,200
13,a {category} near a sign,True,3.516666666666666,4,0,186,0,200
13,a {category} near a bicycle,False,5.457355220647282,2,1,38,9,200
13,a {category} under artificial light,True,1.6444444444444444,5,2,32,80,200
13,something shaped like a {category},False,13.66115618489473,4,1,160,70,200
13,a {category} in the upper right area,False,13.66115618489473,3,0,69,0,200
13,a {category} in a photo frame,True,10.267857142857142,5,0,210,0,200
13,a {category} near equipment,True,6.172839506172839,5,1,95,15,200
13,a {category} overlapping another object,False,5.457355220647282,2,2,31,101,200
13,a sharp {category},False,13.66115618489473,5,1,93,2,200
13,a {category} candidate box,True,3.375,6,4,121,106,200
13,a {category} near the camera,True,1.9733333333333332,6,2,258,45,200
13,a {category} near shadows,False,13.66115618489473,1,2,3,89,200
13,a sparse scene with a {category},True,3.214285714285714,8,0,216,0,200
13,a {category} in the lower left area,False,13.66115618489473,9,1,420,20,200
13,an outdoor scene containing a {category},True,3.894736842105263,5,0,69,0,200
13,the main {category},True,4.96969696969697,7,2,143,51,200
13,a large {category},True,5.512820512820513,7,2,126,26,200
13,a single {category},True,2.2493506493506494,9,2,366,34,200
13,a {category} in the scene,False,13.66115618489473,4,1,91,18,200
13,a {category} near furniture,True,3.8571428571428568,6,1,250,11,200
13,a real {category},True,3.6071428571428568,7,0,266,0,200
13,a vehicle scene with a {category},False,13.66115618489473,5,1,132,10,200
13,a group of {category} objects,True,2.72,5,1,122,13,200
13,a {category} with neutral color,True,4.0,5,1,93,7,200
13,no clear {category},False,13.66115618489473,3,0,67,0,200
13,a {category} in a vehicle,True,2.7800000000000002,3,3,123,121,200
13,a candidate {category},False,13.66115618489473,4,4,19,73,200
13,a {category} away from the image center,True,5.677083333333333,8,4,105,114,200
13,a {category} turned away,True,3.314285714285714,6,1,226,63,200
13,a {category} cropped by the frame,False,13.66115618489473,4,0,74,0,200
13,a distant {category},False,13.66115618489473,3,2,24,55,200
13,a {category} in high contrast,True,2.6999999999999997,6,1,85,11,200
13,a {category} behind another object,False,13.66115618489473,2,2,44,32,200
13,a small {category} near the center,True,3.511904761904762,6,1,67,10,200
13,a moving {category},False,3.8361108792091407,3,3,144,111,200
13,a {category} fully inside the frame,False,13.66115618489473,4,1,36,8,200
13,a {category} near food,True,2.5448275862068965,6,3,112,33,200
13,a street scene containing a {category},False,3.8361108792091407,2,2,104,54,200
13,a {category} near a vehicle,False,13.66115618489473,2,2,64,81,200
13,a {category} near a car,False,13.66115618489473,3,2,137,57,200
13,a tiny {category},True,2.5294117647058827,2,2,40,45,200
13,multiple {category} instances,True,4.274193548387097,4,4,103,86,200
13,a {category} mostly visible,False,13.66115618489473,7,1,121,28,200
13,something similar to a {category},False,13.66115618489473,3,1,115,25,200
13,find the {category},False,13.66115618489473,2,3,47,22,200
13,a sports scene with a {category},True,3.9032258064516125,5,1,112,14,200
13,a low-resolution view of a {category},False,13.66115618489473,2,0,63,0,200
13,without a {category},False,13.66115618489473,6,2,212,15,200
13,there is no {category} here,False,13.66115618489473,2,3,27,88,200
13,locate the {category},True,21.280000000000005,5,2,152,36,200
13,a {category} in open space,True,3.1022727272727266,5,0,83,0,200
13,a partial view of a {category},True,2.235294117647059,2,4,35,86,200
13,a scene lacking a {category},True,1.875,8,0,132,0,200
13,a {category} near a bus,True,3.125,6,3,76,258,200
13,this scene does not contain a {category},True,5.037037037037037,4,2,119,103,200
13,a {category} near the edge of the image,False,13.66115618489473,2,3,56,44,200
13,maybe a {category},True,7.916666666666668,9,3,200,39,200
13,a {category} at the right side,True,3.8203125,12,0,282,0,200
13,a photographic {category},True,4.428571428571429,3,1,112,50,200
13,a {category} near water,True,2.5760869565217392,4,2,76,41,200
13,a {category} in the upper left area,True,11.951219512195122,9,1,453,20,200
13,a likely {category},False,13.66115618489473,7,1,455,21,200
13,a {category} at the left side,True,3.6551724137931036,3,1,101,14,200
13,a {category} at medium scale,False,13.66115618489473,2,2,25,40,200
13,a {category} in front of a wall,False,5.457355220647282,1,0,20,0,200
13,a {category} partly outside the image,True,4.111111111111111,4,2,102,48,200
13,a {category} near the image center,False,13.66115618489473,2,1,23,39,200
13,a {category} in clutter,True,2.4250000000000003,5,1,89,68,200
13,a {category} inside a room,True,4.285714285714286,7,0,243,0,200
13,no visible {category},True,4.333333333333333,4,1,52,119,200
13,a {category} in a mirror-like surface,True,2.384615384615384,5,1,102,6,200
13,a {category} barely visible,False,3.8361108792091407,1,1,36,34,200
13,a {category} on pavement,True,2.6526315789473682,6,2,75,38,200
13,a {category} near a window,False,13.66115618489473,4,4,49,60,200
13,a {category} near a bed,False,13.66115618489473,2,1,41,21,200
13,a lying {category},True,5.806451612903226,1,0,41,0,200
13,a zoomed view of a {category},True,3.8546511627906974,6,0,382,0,200
13,a {category} near a tree,False,13.66115618489473,6,2,132,27,200
13,a {category} with unusual appearance,False,13.66115618489473,2,1,29,10,200
13,a {category} at the bottom of the image,True,6.914893617021276,7,4,354,59,200
13,a {category} object,True,3.110204081632653,5,1,219,6,200
13,a {category} at an unusual angle,False,5.457355220647282,4,4,105,54,200
13,a {category} worn by someone,True,2.4800000000000004,5,1,114,14,200
13,a crowded scene with a {category},False,5.457355220647282,2,5,57,94,200
13,a bright {category},True,2.7102272727272725,5,1,151,10,200
13,possibly a {category},False,13.66115618489473,6,1,96,7,200
13,a visible {category} in the scene,False,13.66115618489473,4,3,101,124,200
13,a {category} at the top of the image,False,13.66115618489473,2,0,17,0,200
13,a messy view of a {category},False,13.66115618489473,4,2,149,25,200
13,show me a {category},False,13.66115618489473,5,0,70,0,200
13,a {category} near text or signs,True,2.4705882352941178,4,2,65,35,200
13,a {category} on a plate,False,13.66115618489473,7,0,282,0,200
13,a side view of a {category},False,13.66115618489473,5,1,53,39,200
13,a {category} partly hidden,False,13.66115618489473,4,1,134,3,200
13,a picture with a {category},False,13.66115618489473,4,2,223,57,200
13,a {category} on a floor,False,13.66115618489473,1,1,9,10,200
13,an indoor scene containing a {category},True,3.6511627906976742,4,2,148,23,200
13,an image showing a {category},True,2.5,4,6,92,195,200
13,a real-world {category},False,13.66115618489473,2,0,19,0,200
13,a clear photo of a {category},True,2.372413793103448,7,1,87,5,200
13,a {category} among other objects,True,4.808510638297872,6,0,199,0,200
13,a {category} near a road,True,4.470588235294118,4,1,69,6,200
13,a {category} under shade,False,13.66115618489473,7,1,223,6,200
13,a wide-angle view with a {category},True,2.325,5,1,58,3,200
13,a {category} with occlusion,False,13.66115618489473,4,0,114,0,200
13,a {category} near a chair,False,13.66115618489473,6,2,131,21,200
13,a possible instance of {category},True,3.863013698630137,7,1,325,12,200
13,a {category} at small scale,False,13.66115618489473,3,1,145,4,200
13,a stacked {category},True,2.4193548387096775,2,1,41,6,200
13,a standing {category},False,5.457355220647282,2,0,45,0,200
13,a {category} detection target,True,8.46774193548387,8,2,82,42,200
13,a {category} next to a wall,False,13.66115618489473,5,2,117,31,200
13,a sitting {category},False,13.66115618489473,2,2,316,39,200
13,a {category} on a table,False,13.66115618489473,2,0,8,0,200
13,a {category} on the ground,False,13.66115618489473,1,2,6,16,200
13,a {category} near a pole,True,3.206896551724138,7,0,224,0,200
13,a {category} with strong color,False,5.457355220647282,1,2,28,32,200
13,an item that could be a {category},False,13.66115618489473,2,2,14,116,200
13,one visible {category},True,2.836363636363636,4,0,92,0,200
13,a {category} used by someone,True,2.52,5,2,76,399,200
13,a living area with a {category},False,13.66115618489473,3,6,112,176,200
13,the most visible {category},False,13.66115618489473,3,0,139,0,200
13,a {category} in the lower right area,True,2.8285714285714283,3,1,88,15,200
13,a {category} that may be absent,False,3.525110387836853,1,1,57,17,200
13,a parked {category},False,3.525110387836853,1,1,154,9,200
13,a {category} separated from other objects,True,2.64,5,2,139,79,200
13,a {category} attached to something,False,13.66115618489473,2,0,21,0,200
13,a traffic scene with a {category},True,4.6764705882352935,6,0,141,0,200
13,a {category} proposal,True,3.333333333333333,3,0,38,0,200
13,a full view of a {category},True,2.376923076923077,4,1,95,28,200
13,a {category} in profile,False,5.457355220647282,3,1,78,15,200
13,a visible instance of {category},False,0.0,0,0,0,0,200
13,a photo containing a {category},False,13.66115618489473,5,0,218,0,200
13,a {category} near a doorway,False,13.66115618489473,2,2,13,169,200
13,an object resembling a {category},False,13.66115618489473,3,0,45,0,200
13,a {category} in the foreground,False,5.457355220647282,2,2,52,23,200
14,what looks like a {category},False,12.931678640851525,6,0,72,0,200
14,a hanging {category},False,12.931678640851525,8,0,245,0,200
14,a {category} that is hard to see,False,12.931678640851525,5,1,62,134,200
14,a {category} in a busy background,True,2.9625,5,1,138,18,200
14,a {category} under daylight,False,12.931678640851525,4,2,99,102,200
14,a {category} near a fence,True,5.0,5,3,154,75,200
14,a scene featuring a {category},True,8.198198198198199,6,1,159,32,200
14,a natural image of a {category},False,12.931678640851525,3,4,60,170,200
14,a {category} near a train,True,1.9542857142857144,6,4,150,90,200
14,a {category} seen from below,True,3.8181818181818183,3,3,145,107,200
14,a {category} target,False,4.8870982833474725,2,0,133,0,200
14,a kitchen scene with a {category},True,4.162162162162162,5,2,81,43,200
14,a cropped view of a {category},True,4.861111111111112,6,4,142,149,200
14,a surveillance-style view of a {category},False,4.8870982833474725,4,1,144,13,200
14,a {category} held by someone,True,7.195121951219512,9,0,160,0,200
14,a {category} outdoors,False,4.8870982833474725,2,3,15,87,200
14,a {category} without occlusion,False,12.931678640851525,3,5,27,42,200
14,a {category} region,False,12.931678640851525,5,2,195,18,200
14,a nearby {category},False,12.931678640851525,3,0,38,0,200
14,a suspected {category},False,4.8870982833474725,5,5,103,175,200
14,no obvious {category},True,3.9121621621621623,6,0,166,0,200
14,a market scene with a {category},True,5.888888888888889,5,1,252,45,200
14,a {category} cluster,False,4.8870982833474725,2,1,33,23,200
14,a {category} near an animal,True,2.3000000000000003,5,1,86,117,200
14,a front view of a {category},False,4.8870982833474725,2,2,33,270,200
14,identify any {category},False,12.931678640851525,4,1,199,23,200
14,a high-resolution view of a {category},True,2.944186046511628,6,0,184,0,200
14,the nearest {category},True,2.7407407407407405,5,1,77,18,200
14,a {category} on grass,False,12.931678640851525,3,2,34,184,200
14,a {category} on a seat,False,12.931678640851525,1,0,9,0,200
14,background regions not containing a {category},False,12.931678640851525,6,2,135,21,200
14,look for a {category},False,12.931678640851525,4,0,117,0,200
14,a {category} with visible outline,True,2.5777777777777775,5,2,105,27,200
14,a dark {category},True,4.903225806451613,7,2,133,47,200
14,a natural {category},True,9.333333333333334,5,2,139,73,200
14,a household scene with a {category},True,3.2461538461538466,9,1,360,14,200
14,a close-up of a {category},True,2.64,5,2,158,36,200
14,a {category} far from the camera,True,7.051282051282052,6,3,100,50,200
14,where is the {category},True,3.5142857142857142,10,4,145,118,200
14,a {category} seen from above,True,4.927272727272727,7,2,236,17,200
14,a {category} facing the camera,False,4.8870982833474725,3,1,47,153,200
14,an actual {category},True,3.5217391304347827,7,0,190,0,200
14,a {category} near a building,False,12.931678640851525,3,2,19,141,200
14,a {category} near a curb,True,2.5846153846153848,4,0,102,0,200
14,a {category} on a shelf,False,12.931678640851525,3,1,134,7,200
14,a {category} in low contrast,True,3.3979591836734695,6,1,197,35,200
14,a clean view of a {category},False,12.931678640851525,4,0,114,0,200
14,a {category} in front of another object,True,3.6160714285714284,5,0,236,0,200
14,a {category} near vegetation,False,12.931678640851525,3,2,101,41,200
14,a {category} in a container,False,4.8870982833474725,4,1,69,30,200
14,a {category} beside a person,True,4.196078431372549,8,1,195,22,200
14,a {category} with clear shape,False,12.931678640851525,2,3,42,64,200
14,a {category} in the background,True,4.573643410852712,4,0,123,0,200
14,I do not see a {category},False,12.931678640851525,7,0,160,0,200
14,a man-made {category},True,3.1542857142857144,11,1,159,3,200
14,a {category} at large scale,True,3.4390243902439024,6,1,167,9,200
14,a {category} near a counter,True,2.380952380952381,3,1,51,10,200
14,perhaps a {category},False,12.931678640851525,3,1,126,61,200
14,an image without any {category},False,12.931678640851525,2,2,148,96,200
14,a park scene with a {category},True,3.6750000000000003,5,2,139,57,200
14,a photo of a {category},True,3.115384615384616,7,2,147,66,200
14,the {category} in this image,False,4.8870982833474725,2,2,77,37,200
14,a blurry {category},True,3.5948275862068964,8,6,244,309,200
14,a {category} in a plain background,False,0.0,0,3,0,23,200
14,a {category} near a sign,False,4.176462252773758,1,1,26,18,200
14,a {category} near a bicycle,False,0.0,0,3,0,108,200
14,a {category} under artificial light,True,2.3357142857142854,5,1,101,9,200
14,something shaped like a {category},False,12.931678640851525,3,0,65,0,200
14,a {category} in the upper right area,False,12.931678640851525,2,1,18,16,200
14,a {category} in a photo frame,True,6.32156862745098,4,1,354,7,200
14,a {category} near equipment,True,5.476190476190476,4,2,47,63,200
14,a {category} overlapping another object,False,4.8870982833474725,3,1,57,75,200
14,a sharp {category},False,12.931678640851525,6,1,95,27,200
14,a {category} candidate box,True,3.71875,8,3,208,85,200
14,a {category} near the camera,False,4.8870982833474725,2,2,63,45,200
14,a {category} near shadows,False,4.8870982833474725,2,3,108,75,200
14,a sparse scene with a {category},False,4.8870982833474725,6,4,191,194,200
14,a {category} in the lower left area,False,12.931678640851525,6,0,215,0,200
14,an outdoor scene containing a {category},False,12.931678640851525,4,1,62,4,200
14,the main {category},False,12.931678640851525,5,2,85,11,200
14,a large {category},True,3.111111111111111,7,2,103,68,200
14,a single {category},True,5.0,7,2,140,153,200
14,a {category} in the scene,True,3.1941176470588237,9,0,310,0,200
14,a {category} near furniture,True,5.135802469135802,4,2,194,70,200
14,a real {category},True,3.5,5,0,141,0,200
14,a vehicle scene with a {category},False,4.8870982833474725,3,2,85,38,200
14,a group of {category} objects,False,12.931678640851525,2,3,20,76,200
14,a {category} with neutral color,True,2.272727272727273,5,3,52,71,200
14,no clear {category},False,12.931678640851525,4,2,189,116,200
14,a {category} in a vehicle,True,5.489130434782608,7,3,437,71,200
14,a candidate {category},True,3.0,3,5,28,62,200
14,a {category} away from the image center,True,2.8000000000000003,6,4,116,52,200
14,a {category} turned away,True,5.076923076923077,5,3,197,90,200
14,a {category} cropped by the frame,False,12.931678640851525,5,2,80,30,200
14,a distant {category},False,12.931678640851525,4,1,65,13,200
14,a {category} in high contrast,False,12.931678640851525,4,0,45,0,200
14,a {category} behind another object,False,12.931678640851525,5,1,191,42,200
14,a small {category} near the center,True,2.756756756756757,8,0,129,0,200
14,a moving {category},False,12.931678640851525,6,1,251,18,200
14,a {category} fully inside the frame,False,12.931678640851525,6,1,61,4,200
14,a {category} near food,True,3.2682926829268295,8,2,131,33,200
14,a street scene containing a {category},True,3.9214285714285713,4,2,158,74,200
14,a {category} near a vehicle,True,4.914285714285715,5,0,151,0,200
14,a {category} near a car,False,12.931678640851525,4,1,108,2,200
14,a tiny {category},True,1.7739130434782608,4,2,91,35,200
14,multiple {category} instances,True,3.703125,6,1,138,10,200
14,a {category} mostly visible,False,12.931678640851525,7,0,108,0,200
14,something similar to a {category},False,3.673817255538691,1,2,6,47,200
14,find the {category},False,12.931678640851525,5,0,67,0,200
14,a sports scene with a {category},True,2.0285714285714285,4,1,124,14,200
14,a low-resolution view of a {category},True,2.582608695652174,4,0,90,0,200
14,without a {category},False,12.931678640851525,9,2,371,27,200
14,there is no {category} here,False,12.931678640851525,3,1,11,70,200
14,locate the {category},True,8.96551724137931,7,2,198,150,200
14,a {category} in open space,False,12.931678640851525,5,1,80,14,200
14,a partial view of a {category},False,12.931678640851525,4,2,136,37,200
14,a scene lacking a {category},False,3.755881744883192,3,2,231,25,200
14,a {category} near a bus,True,26.444444444444446,6,2,254,97,200
14,this scene does not contain a {category},True,4.977777777777778,7,0,195,0,200
14,a {category} near the edge of the image,True,5.466666666666667,3,2,36,64,200
14,maybe a {category},True,4.8,7,3,147,60,200
14,a {category} at the right side,True,2.611764705882353,8,5,134,129,200
14,a photographic {category},False,3.673817255538691,3,1,144,12,200
14,a {category} near water,True,3.5277777777777777,9,1,224,11,200
14,a {category} in the upper left area,True,19.755102040816325,6,6,130,368,200
14,a likely {category},True,4.017857142857142,6,1,193,9,200
14,a {category} at the left side,False,4.8870982833474725,2,3,38,101,200
14,a {category} at medium scale,True,5.666666666666666,4,1,66,4,200
14,a {category} in front of a wall,False,3.755881744883192,1,0,99,0,200
14,a {category} partly outside the image,True,3.4375,7,0,147,0,200
14,a {category} near the image center,False,12.931678640851525,3,0,32,0,200
14,a {category} in clutter,False,3.673817255538691,2,4,99,61,200
14,a {category} inside a room,True,3.040909090909091,6,0,193,0,200
14,no visible {category},False,12.931678640851525,2,2,10,148,200
14,a {category} in a mirror-like surface,True,1.8214285714285714,4,2,85,23,200
14,a {category} barely visible,False,4.176462252773758,3,0,144,0,200
14,a {category} on pavement,True,2.836363636363636,6,0,92,0,200
14,a {category} near a window,False,12.931678640851525,5,3,100,43,200
14,a {category} near a bed,False,4.176462252773758,1,1,21,15,200
14,a lying {category},True,5.806451612903226,1,1,41,52,200
14,a zoomed view of a {category},True,3.527027027027027,6,1,306,7,200
14,a {category} near a tree,False,12.931678640851525,6,0,107,0,200
14,a {category} with unusual appearance,False,12.931678640851525,2,1,29,10,200
14,a {category} at the bottom of the image,True,6.6060606060606055,10,0,402,0,200
14,a {category} object,False,12.931678640851525,4,0,140,0,200
14,a {category} at an unusual angle,False,12.931678640851525,5,3,93,80,200
14,a {category} worn by someone,True,3.7435897435897436,4,5,137,136,200
14,a crowded scene with a {category},False,12.931678640851525,6,1,107,44,200
14,a bright {category},True,3.5277777777777777,5,1,121,40,200
14,possibly a {category},False,12.931678640851525,8,0,107,0,200
14,a visible {category} in the scene,True,7.066666666666667,4,1,97,4,200
14,a {category} at the top of the image,False,12.931678640851525,4,1,94,24,200
14,a messy view of a {category},False,12.931678640851525,6,0,198,0,200
14,show me a {category},False,12.931678640851525,6,0,79,0,200
14,a {category} near text or signs,True,3.9375,7,0,116,0,200
14,a {category} on a plate,False,12.931678640851525,5,2,164,118,200
14,a side view of a {category},False,12.931678640851525,3,2,57,21,200
14,a {category} partly hidden,False,12.931678640851525,3,2,80,55,200
14,a picture with a {category},True,2.9911764705882353,7,1,295,3,200
14,a {category} on a floor,False,12.931678640851525,4,1,34,44,200
14,an indoor scene containing a {category},True,2.2222222222222223,4,2,67,102,200
14,an image showing a {category},True,4.059782608695652,6,3,213,58,200
14,a real-world {category},False,12.931678640851525,1,2,7,30,200
14,a clear photo of a {category},True,1.6666666666666665,6,0,78,0,200
14,a {category} among other objects,False,12.931678640851525,2,3,18,116,200
14,a {category} near a road,True,4.421052631578948,5,0,75,0,200
14,a {category} under shade,False,12.931678640851525,5,4,265,104,200
14,a wide-angle view with a {category},True,5.375,4,0,39,0,200
14,a {category} with occlusion,False,12.931678640851525,3,2,50,13,200
14,a {category} near a chair,False,12.931678640851525,7,1,143,15,200
14,a possible instance of {category},False,4.8870982833474725,5,2,293,32,200
14,a {category} at small scale,False,12.931678640851525,4,1,51,111,200
14,a stacked {category},False,4.8870982833474725,1,1,15,26,200
14,a standing {category},False,4.8870982833474725,2,1,45,65,200
14,a {category} detection target,True,3.222222222222222,7,1,114,4,200
14,a {category} next to a wall,True,2.4375,4,0,76,0,200
14,a sitting {category},False,12.931678640851525,2,3,316,102,200
14,a {category} on a table,False,12.931678640851525,2,0,42,0,200
14,a {category} on the ground,False,12.931678640851525,4,1,58,11,200
14,a {category} near a pole,False,3.673817255538691,1,3,58,52,200
14,a {category} with strong color,False,12.931678640851525,2,1,32,28,200
14,an item that could be a {category},False,12.931678640851525,3,1,68,90,200
14,one visible {category},False,4.8870982833474725,2,0,24,0,200
14,a {category} used by someone,False,12.931678640851525,6,1,369,9,200
14,a living area with a {category},False,12.931678640851525,5,3,148,125,200
14,the most visible {category},False,0.0,0,1,0,99,200
14,a {category} in the lower right area,True,3.8421052631578947,4,1,68,37,200
14,a {category} that may be absent,True,2.3571428571428568,5,1,102,25,200
14,a parked {category},False,3.352124457308249,1,2,18,163,200
14,a {category} separated from other objects,True,1.7428571428571429,4,3,110,108,200
14,a {category} attached to something,False,4.8870982833474725,1,0,10,0,200
14,a traffic scene with a {category},True,5.911111111111111,6,0,119,0,200
14,a {category} proposal,False,4.8870982833474725,1,2,9,29,200
14,a full view of a {category},True,4.03125,4,1,119,6,200
14,a {category} in profile,False,4.8870982833474725,3,2,60,54,200
14,a visible instance of {category},True,4.27027027027027,1,0,90,0,200
14,a photo containing a {category},False,3.673817255538691,2,2,116,92,200
14,a {category} near a doorway,False,12.931678640851525,4,0,190,0,200
14,an object resembling a {category},False,4.8870982833474725,2,1,87,18,200
14,a {category} in the foreground,True,2.7647058823529416,3,0,44,0,200
15,what looks like a {category},False,11.492523817925193,3,2,45,84,200
15,a hanging {category},False,11.492523817925193,4,5,157,113,200
15,a {category} that is hard to see,False,11.492523817925193,5,2,183,17,200
15,a {category} in a busy background,False,5.490542530297882,3,3,114,61,200
15,a {category} under daylight,False,11.492523817925193,5,1,191,16,200
15,a {category} near a fence,True,3.6250000000000004,4,1,147,65,200
15,a scene featuring a {category},False,11.492523817925193,5,1,117,56,200
15,a natural image of a {category},True,2.653846153846154,5,0,103,0,200
15,a {category} near a train,True,2.4,6,0,70,0,200
15,a {category} seen from below,True,3.103448275862069,6,0,258,0,200
15,a {category} target,False,5.490542530297882,2,0,133,0,200
15,a kitchen scene with a {category},False,11.492523817925193,2,2,35,51,200
15,a cropped view of a {category},True,3.169811320754717,7,1,241,9,200
15,a surveillance-style view of a {category},False,11.492523817925193,2,4,109,152,200
15,a {category} held by someone,True,2.6357142857142857,4,5,111,102,200
15,a {category} outdoors,False,11.492523817925193,3,2,86,16,200
15,a {category} without occlusion,False,11.492523817925193,5,4,50,25,200
15,a {category} region,False,11.492523817925193,4,0,193,0,200
15,a nearby {category},False,11.492523817925193,3,0,38,0,200
15,a suspected {category},True,1.978181818181818,8,2,237,41,200
15,no obvious {category},True,4.040816326530612,7,1,225,27,200
15,a market scene with a {category},True,7.338709677419354,4,0,245,0,200
15,a {category} cluster,False,11.492523817925193,4,2,47,39,200
15,a {category} near an animal,False,11.492523817925193,5,1,307,29,200
15,a front view of a {category},True,3.1404255319148935,6,1,211,121,200
15,identify any {category},False,11.492523817925193,4,3,168,105,200
15,a high-resolution view of a {category},False,11.492523817925193,2,2,40,107,200
15,the nearest {category},False,4.259648679596562,1,1,18,15,200
15,a {category} on grass,True,3.885,5,0,223,0,200
15,a {category} on a seat,False,11.492523817925193,2,0,19,0,200
15,background regions not containing a {category},False,11.492523817925193,5,1,101,10,200
15,look for a {category},False,11.492523817925193,5,0,128,0,200
15,a {category} with visible outline,False,11.492523817925193,5,1,389,12,200
15,a dark {category},True,3.8125,5,3,159,20,200
15,a natural {category},True,9.702127659574467,6,1,149,13,200
15,a household scene with a {category},True,3.057692307692308,8,2,229,154,200
15,a close-up of a {category},True,3.2307692307692313,4,3,82,112,200
15,a {category} far from the camera,True,6.818181818181818,6,4,82,72,200
15,where is the {category},True,3.818181818181818,13,1,243,37,200
15,a {category} seen from above,False,11.492523817925193,4,3,64,83,200
15,a {category} facing the camera,True,2.112820512820513,6,1,354,4,200
15,an actual {category},True,3.9354838709677415,5,3,113,91,200
15,a {category} near a building,False,5.490542530297882,1,4,88,68,200
15,a {category} near a curb,False,5.490542530297882,3,1,115,9,200
15,a {category} on a shelf,False,11.492523817925193,5,1,112,57,200
15,a {category} in low contrast,True,4.635135135135135,9,0,303,0,200
15,a clean view of a {category},False,5.490542530297882,1,1,23,20,200
15,a {category} in front of another object,False,11.492523817925193,6,0,239,0,200
15,a {category} near vegetation,False,11.492523817925193,6,1,117,20,200
15,a {category} in a container,False,5.490542530297882,3,1,65,30,200
15,a {category} beside a person,True,3.9787234042553195,8,0,172,0,200
15,a {category} with clear shape,False,5.490542530297882,2,0,69,0,200
15,a {category} in the background,True,3.3684210526315788,3,0,63,0,200
15,I do not see a {category},False,11.492523817925193,6,0,129,0,200
15,a man-made {category},True,6.304347826086956,9,2,82,12,200
15,a {category} at large scale,True,3.4230769230769234,5,1,159,9,200
15,a {category} near a counter,False,11.492523817925193,3,2,221,33,200
15,perhaps a {category},True,3.7058823529411766,5,2,219,4,200
15,an image without any {category},True,3.2282608695652173,4,2,268,9,200
15,a park scene with a {category},True,3.8372093023255816,5,1,154,30,200
15,a photo of a {category},True,5.333333333333334,6,1,162,11,200
15,the {category} in this image,False,11.492523817925193,4,1,68,64,200
15,a blurry {category},True,2.925,10,5,253,446,200
15,a {category} in a plain background,False,11.492523817925193,5,1,64,15,200
15,a {category} near a sign,False,11.492523817925193,3,1,48,4,200
15,a {category} near a bicycle,False,4.276287932251235,2,1,99,9,200
15,a {category} under artificial light,True,2.2800000000000002,3,3,106,19,200
15,something shaped like a {category},False,11.492523817925193,4,2,160,125,200
15,a {category} in the upper right area,True,4.173913043478261,5,0,87,0,200
15,a {category} in a photo frame,True,10.846153846153847,4,0,253,0,200
15,a {category} near equipment,False,11.492523817925193,3,0,78,0,200
15,a {category} overlapping another object,False,5.490542530297882,2,2,34,98,200
15,a sharp {category},True,2.592,5,2,80,42,200
15,a {category} candidate box,True,3.05,8,4,159,144,200
15,a {category} near the camera,True,1.9923076923076926,4,3,225,31,200
15,a {category} near shadows,False,11.492523817925193,4,0,107,0,200
15,a sparse scene with a {category},True,4.38,6,2,197,79,200
15,a {category} in the lower left area,False,11.492523817925193,9,1,271,151,200
15,an outdoor scene containing a {category},False,11.492523817925193,2,2,11,39,200
15,the main {category},False,11.492523817925193,5,1,146,10,200
15,a large {category},True,3.9,9,4,181,56,200
15,a single {category},True,5.389830508474576,9,1,271,34,200
15,a {category} in the scene,True,4.2,6,4,152,163,200
15,a {category} near furniture,True,3.869565217391304,6,3,248,63,200
15,a real {category},True,4.25,5,1,169,36,200
15,a vehicle scene with a {category},True,1.9034482758620688,5,1,121,28,200
15,a group of {category} objects,False,11.492523817925193,6,0,136,0,200
15,a {category} with neutral color,True,5.486111111111112,4,1,77,21,200
15,no clear {category},False,11.492523817925193,5,1,293,5,200
15,a {category} in a vehicle,True,5.347222222222222,7,3,329,132,200
15,a candidate {category},False,11.492523817925193,4,3,36,21,200
15,a {category} away from the image center,True,2.933333333333333,9,0,193,0,200
15,a {category} turned away,True,3.0923076923076924,6,3,200,98,200
15,a {category} cropped by the frame,False,5.490542530297882,2,4,57,46,200
15,a distant {category},False,11.492523817925193,4,1,37,6,200
15,a {category} in high contrast,True,3.5897435897435903,5,2,62,34,200
15,a {category} behind another object,False,11.492523817925193,5,1,132,38,200
15,a small {category} near the center,False,11.492523817925193,6,1,98,6,200
15,a moving {category},False,11.492523817925193,7,0,273,0,200
15,a {category} fully inside the frame,False,11.492523817925193,3,2,26,21,200
15,a {category} near food,True,2.9842105263157896,8,3,165,45,200
15,a street scene containing a {category},True,3.6136363636363633,3,3,94,138,200
15,a {category} near a vehicle,False,11.492523817925193,4,0,145,0,200
15,a {category} near a car,False,11.492523817925193,4,0,144,0,200
15,a tiny {category},True,2.0,4,2,148,23,200
15,multiple {category} instances,True,2.537931034482759,5,2,91,48,200
15,a {category} mostly visible,False,11.492523817925193,6,0,104,0,200
15,something similar to a {category},False,4.276287932251235,2,2,31,109,200
15,find the {category},True,2.4,4,1,63,5,200
15,a sports scene with a {category},False,5.490542530297882,2,3,80,68,200
15,a low-resolution view of a {category},True,1.7176470588235295,3,0,66,0,200
15,without a {category},False,11.492523817925193,5,4,200,70,200
15,there is no {category} here,False,11.492523817925193,4,2,109,76,200
15,locate the {category},True,9.017857142857142,6,2,287,49,200
15,a {category} in open space,True,3.6666666666666665,4,1,62,11,200
15,a partial view of a {category},False,11.492523817925193,4,0,46,0,200
15,a scene lacking a {category},True,4.015384615384615,8,1,297,15,200
15,a {category} near a bus,True,6.810810810810811,6,1,326,21,200
15,this scene does not contain a {category},True,5.203389830508474,7,0,264,0,200
15,a {category} near the edge of the image,False,4.276287932251235,2,0,38,0,200
15,maybe a {category},True,2.9680851063829783,8,2,171,18,200
15,a {category} at the right side,True,3.5,8,6,174,126,200
15,a photographic {category},False,4.276287932251235,2,2,120,42,200
15,a {category} near water,False,11.492523817925193,7,1,185,13,200
15,a {category} in the upper left area,True,21.363636363636363,10,3,468,75,200
15,a likely {category},False,11.492523817925193,4,2,61,65,200
15,a {category} at the left side,True,3.46875,2,3,33,106,200
15,a {category} at medium scale,False,11.492523817925193,3,2,32,78,200
15,a {category} in front of a wall,False,5.490542530297882,2,1,119,6,200
15,a {category} partly outside the image,False,11.492523817925193,3,3,60,78,200
15,a {category} near the image center,False,5.490542530297882,3,0,61,0,200
15,a {category} in clutter,False,11.492523817925193,2,0,22,0,200
15,a {category} inside a room,True,3.678571428571429,5,1,104,74,200
15,no visible {category},True,4.333333333333333,4,0,52,0,200
15,a {category} in a mirror-like surface,True,2.944444444444444,5,0,108,0,200
15,a {category} barely visible,False,4.276287932251235,2,1,110,34,200
15,a {category} on pavement,True,2.836363636363636,6,1,92,8,200
15,a {category} near a window,False,11.492523817925193,5,2,92,25,200
15,a {category} near a bed,False,11.492523817925193,3,1,62,15,200
15,a lying {category},True,2.951388888888889,2,0,93,0,200
15,a zoomed view of a {category},True,6.234741784037559,5,2,293,20,200
15,a {category} near a tree,False,11.492523817925193,5,3,90,47,200
15,a {category} with unusual appearance,False,11.492523817925193,1,3,3,39,200
15,a {category} at the bottom of the image,True,3.0,4,3,66,250,200
15,a {category} object,False,11.492523817925193,2,2,29,93,200
15,a {category} at an unusual angle,False,11.492523817925193,4,2,88,32,200
15,a {category} worn by someone,True,4.681818181818182,9,1,273,9,200
15,a crowded scene with a {category},False,11.492523817925193,5,2,102,33,200
15,a bright {category},False,5.490542530297882,2,1,26,23,200
15,possibly a {category},False,11.492523817925193,5,1,60,12,200
15,a visible {category} in the scene,False,11.492523817925193,4,5,112,137,200
15,a {category} at the top of the image,False,11.492523817925193,5,1,137,3,200
15,a messy view of a {category},False,11.492523817925193,3,1,34,106,200
15,show me a {category},False,11.492523817925193,4,1,58,12,200
15,a {category} near text or signs,True,2.7,3,5,49,95,200
15,a {category} on a plate,False,5.490542530297882,6,0,268,0,200
15,a side view of a {category},False,11.492523817925193,4,2,74,18,200
15,a {category} partly hidden,True,3.645833333333333,5,0,165,0,200
15,a picture with a {category},True,4.744186046511628,5,2,179,103,200
15,a {category} on a floor,False,11.492523817925193,4,0,69,0,200
15,an indoor scene containing a {category},True,6.517241379310345,3,3,63,138,200
15,an image showing a {category},True,1.9135135135135137,7,3,156,118,200
15,a real-world {category},False,4.259648679596562,1,1,12,7,200
15,a clear photo of a {category},True,2.6666666666666665,6,1,75,11,200
15,a {category} among other objects,True,2.1375,2,3,53,83,200
15,a {category} near a road,False,11.492523817925193,4,1,39,36,200
15,a {category} under shade,False,11.492523817925193,8,1,287,84,200
15,a wide-angle view with a {category},False,11.492523817925193,4,2,31,19,200
15,a {category} with occlusion,True,1.9333333333333331,3,2,56,68,200
15,a {category} near a chair,False,11.492523817925193,7,2,181,22,200
15,a possible instance of {category},True,2.791304347826087,6,1,190,8,200
15,a {category} at small scale,False,11.492523817925193,3,2,145,17,200
15,a stacked {category},True,2.903225806451613,3,0,47,0,200
15,a standing {category},False,5.490542530297882,2,2,45,96,200
15,a {category} detection target,True,1.65,7,2,60,45,200
15,a {category} next to a wall,False,11.492523817925193,5,3,48,78,200
15,a sitting {category},True,12.875000000000002,3,0,356,0,200
15,a {category} on a table,False,11.492523817925193,2,0,46,0,200
15,a {category} on the ground,False,11.492523817925193,3,1,22,41,200
15,a {category} near a pole,True,2.1866666666666665,5,2,86,138,200
15,a {category} with strong color,False,11.492523817925193,2,1,32,28,200
15,an item that could be a {category},False,11.492523817925193,2,2,116,14,200
15,one visible {category},True,2.875,5,0,101,0,200
15,a {category} used by someone,False,11.492523817925193,2,5,4,464,200
15,a living area with a {category},True,6.153846153846154,7,1,225,47,200
15,the most visible {category},False,11.492523817925193,2,0,33,0,200
15,a {category} in the lower right area,True,3.05,5,0,112,0,200
15,a {category} that may be absent,True,2.8909090909090907,4,0,94,0,200
15,a parked {category},False,11.492523817925193,1,1,9,18,200
15,a {category} separated from other objects,True,3.702127659574468,6,0,203,0,200
15,a {category} attached to something,False,11.492523817925193,2,0,21,0,200
15,a traffic scene with a {category},True,2.977777777777778,5,1,117,24,200
15,a {category} proposal,False,0.0,0,0,0,0,200
15,a full view of a {category},True,3.9146341463414633,4,1,185,7,200
15,a {category} in profile,False,4.276287932251235,2,1,36,35,200
15,a visible instance of {category},True,4.27027027027027,1,0,90,0,200
15,a photo containing a {category},False,11.492523817925193,3,1,95,16,200
15,a {category} near a doorway,False,11.492523817925193,2,2,177,13,200
15,an object resembling a {category},False,11.492523817925193,4,0,107,0,200
15,a {category} in the foreground,True,2.43,4,0,75,0,200
16,what looks like a {category},False,12.895618330194603,5,0,70,0,200
16,a hanging {category},False,12.895618330194603,6,3,178,90,200
16,a {category} that is hard to see,False,12.895618330194603,5,2,62,138,200
16,a {category} in a busy background,False,12.895618330194603,3,1,67,18,200
16,a {category} under daylight,True,2.3333333333333335,6,3,98,159,200
16,a {category} near a fence,True,2.289473684210526,4,1,57,65,200
16,a scene featuring a {category},False,12.895618330194603,5,2,118,73,200
16,a natural image of a {category},False,4.879028738281851,3,3,69,39,200
16,a {category} near a train,True,3.1973684210526314,7,1,146,3,200
16,a {category} seen from below,True,3.7968749999999996,4,1,211,24,200
16,a {category} target,False,4.879028738281851,2,0,35,0,200
16,a kitchen scene with a {category},True,3.625,5,1,89,14,200
16,a cropped view of a {category},False,12.895618330194603,6,5,224,130,200
16,a surveillance-style view of a {category},False,12.895618330194603,4,1,64,101,200
16,a {category} held by someone,False,12.895618330194603,4,3,41,77,200
16,a {category} outdoors,False,12.895618330194603,5,1,53,11,200
16,a {category} without occlusion,False,12.895618330194603,4,2,30,24,200
16,a {category} region,False,12.895618330194603,6,0,157,0,200
16,a nearby {category},False,4.879028738281851,2,0,32,0,200
16,a suspected {category},True,2.7804878048780486,7,1,169,69,200
16,no obvious {category},False,12.895618330194603,4,1,191,7,200
16,a market scene with a {category},True,3.4354838709677415,3,3,127,193,200
16,a {category} cluster,False,12.895618330194603,4,1,72,3,200
16,a {category} near an animal,False,12.895618330194603,5,4,210,171,200
16,a front view of a {category},False,12.895618330194603,3,3,180,148,200
16,identify any {category},False,12.895618330194603,5,3,248,94,200
16,a high-resolution view of a {category},False,12.895618330194603,4,1,153,8,200
16,the nearest {category},True,2.2857142857142856,2,3,33,52,200
16,a {category} on grass,True,3.4821428571428568,4,2,116,112,200
16,a {category} on a seat,False,12.895618330194603,1,0,10,0,200
16,background regions not containing a {category},False,12.895618330194603,6,2,126,23,200
16,look for a {category},True,2.058823529411765,3,0,32,0,200
16,a {category} with visible outline,True,7.486702127659575,7,1,497,11,200
16,a dark {category},True,5.111111111111111,6,0,160,0,200
16,a natural {category},True,6.120218579234972,6,2,211,10,200
16,a household scene with a {category},False,12.895618330194603,7,2,278,39,200
16,a close-up of a {category},True,3.1621621621621623,5,1,141,64,200
16,a {category} far from the camera,True,4.568181818181818,9,2,179,31,200
16,where is the {category},False,12.895618330194603,7,4,142,60,200
16,a {category} seen from above,True,3.15,6,1,163,51,200
16,a {category} facing the camera,True,2.1113924050632913,7,0,358,0,200
16,an actual {category},True,3.0,4,3,55,114,200
16,a {category} near a building,False,12.895618330194603,3,3,98,126,200
16,a {category} near a curb,False,12.895618330194603,4,0,117,0,200
16,a {category} on a shelf,False,12.895618330194603,5,0,114,0,200
16,a {category} in low contrast,True,3.486486486486487,6,2,124,132,200
16,a clean view of a {category},False,12.895618330194603,2,2,34,98,200
16,a {category} in front of another object,False,12.895618330194603,2,3,52,149,200
16,a {category} near vegetation,True,2.0275862068965513,6,2,128,51,200
16,a {category} in a container,False,4.879028738281851,5,1,86,30,200
16,a {category} beside a person,True,2.56,3,3,64,85,200
16,a {category} with clear shape,False,12.895618330194603,4,1,79,27,200
16,a {category} in the background,False,12.895618330194603,2,3,36,94,200
16,I do not see a {category},False,12.895618330194603,6,1,126,43,200
16,a man-made {category},True,2.925,7,4,72,83,200
16,a {category} at large scale,True,3.068181818181818,5,1,82,73,200
16,a {category} near a counter,False,12.895618330194603,3,1,38,193,200
16,perhaps a {category},True,2.73,6,1,162,61,200
16,an image without any {category},True,3.3157894736842106,6,1,300,3,200
16,a park scene with a {category},True,5.304347826086956,6,1,169,27,200
16,a photo of a {category},True,2.7857142857142856,6,2,116,39,200
16,the {category} in this image,False,12.895618330194603,3,0,34,0,200
16,a blurry {category},True,4.152439024390243,10,3,386,209,200
16,a {category} in a plain background,False,4.879028738281851,3,0,66,0,200
16,a {category} near a sign,True,4.488372093023256,4,0,172,0,200
16,a {category} near a bicycle,False,12.895618330194603,2,0,89,0,200
16,a {category} under artificial light,True,3.7058823529411766,4,2,118,8,200
16,something shaped like a {category},False,12.895618330194603,4,1,229,43,200
16,a {category} in the upper right area,False,12.895618330194603,2,2,54,29,200
16,a {category} in a photo frame,True,13.181818181818182,5,1,260,108,200
16,a {category} near equipment,True,4.177777777777778,3,1,42,11,200
16,a {category} overlapping another object,False,12.895618330194603,4,0,61,0,200
16,a sharp {category},True,3.8823529411764706,7,0,122,0,200
16,a {category} candidate box,False,12.895618330194603,5,2,148,36,200
16,a {category} near the camera,True,1.9733333333333332,6,1,258,7,200
16,a {category} near shadows,False,12.895618330194603,2,1,35,57,200
16,a sparse scene with a {category},True,4.608695652173913,8,0,281,0,200
16,a {category} in the lower left area,False,12.895618330194603,7,2,196,173,200
16,an outdoor scene containing a {category},False,4.879028738281851,3,1,72,5,200
16,the main {category},False,12.895618330194603,3,4,21,122,200
16,a large {category},True,3.3611111111111107,7,3,117,73,200
16,a single {category},False,4.879028738281851,4,3,180,98,200
16,a {category} in the scene,False,12.895618330194603,6,3,241,48,200
16,a {category} near furniture,True,5.812734082397004,9,1,349,9,200
16,a real {category},True,3.6500000000000004,5,3,256,55,200
16,a vehicle scene with a {category},False,12.895618330194603,3,2,118,33,200
16,a group of {category} objects,False,12.895618330194603,5,2,128,19,200
16,a {category} with neutral color,False,12.895618330194603,5,0,79,0,200
16,no clear {category},False,12.895618330194603,3,3,121,174,200
16,a {category} in a vehicle,True,5.426829268292683,7,1,379,92,200
16,a candidate {category},True,2.7,9,1,112,2,200
16,a {category} away from the image center,True,2.492307692307693,9,3,147,45,200
16,a {category} turned away,False,4.879028738281851,6,3,214,67,200
16,a {category} cropped by the frame,True,4.242424242424242,4,1,58,23,200
16,a distant {category},False,12.895618330194603,4,1,73,6,200
16,a {category} in high contrast,True,3.391304347826087,5,0,75,0,200
16,a {category} behind another object,False,4.879028738281851,5,1,228,5,200
16,a small {category} near the center,False,12.895618330194603,3,4,28,41,200
16,a moving {category},False,3.9957267227386746,4,2,163,97,200
16,a {category} fully inside the frame,False,12.895618330194603,4,1,37,10,200
16,a {category} near food,True,5.816326530612245,10,1,164,46,200
16,a street scene containing a {category},True,3.9214285714285713,4,2,158,74,200
16,a {category} near a vehicle,True,4.374999999999999,4,0,95,0,200
16,a {category} near a car,False,12.895618330194603,4,1,152,5,200
16,a tiny {category},True,3.5390625,5,2,133,45,200
16,multiple {category} instances,False,12.895618330194603,7,1,144,10,200
16,a {category} mostly visible,False,12.895618330194603,6,1,105,6,200
16,something similar to a {category},False,12.895618330194603,1,1,87,6,200
16,find the {category},True,2.4,4,1,63,6,200
16,a sports scene with a {category},True,2.6285714285714286,4,2,83,35,200
16,a low-resolution view of a {category},True,1.8666666666666665,3,1,87,3,200
16,without a {category},False,12.895618330194603,8,0,292,0,200
16,there is no {category} here,False,12.895618330194603,4,2,112,73,200
16,locate the {category},True,7.37037037037037,3,3,178,70,200
16,a {category} in open space,True,2.509090909090909,5,1,84,10,200
16,a partial view of a {category},True,2.5783783783783787,7,1,144,36,200
16,a scene lacking a {category},True,2.742857142857143,6,2,114,49,200
16,a {category} near a bus,True,27.861386138613863,9,0,369,0,200
16,this scene does not contain a {category},False,12.895618330194603,3,3,114,94,200
16,a {category} near the edge of the image,True,6.424242424242424,4,1,94,6,200
16,maybe a {category},True,4.25,12,1,216,45,200
16,a {category} at the right side,True,2.9732142857142856,6,4,103,111,200
16,a photographic {category},False,12.895618330194603,3,3,91,121,200
16,a {category} near water,True,2.5736842105263156,6,3,147,58,200
16,a {category} in the upper left area,True,10.758620689655173,8,3,295,27,200
16,a likely {category},False,12.895618330194603,5,2,140,30,200
16,a {category} at the left side,True,3.3793103448275863,3,1,95,24,200
16,a {category} at medium scale,True,4.451612903225806,5,1,123,18,200
16,a {category} in front of a wall,False,12.895618330194603,3,0,125,0,200
16,a {category} partly outside the image,True,4.066666666666666,5,2,112,17,200
16,a {category} near the image center,False,4.879028738281851,2,0,52,0,200
16,a {category} in clutter,True,3.4903846153846154,5,1,107,19,200
16,a {category} inside a room,True,2.06,6,2,178,100,200
16,no visible {category},True,7.412280701754385,3,1,151,7,200
16,a {category} in a mirror-like surface,True,2.8285714285714283,5,0,102,0,200
16,a {category} barely visible,False,0.0,0,1,0,74,200
16,a {category} on pavement,True,2.7333333333333334,5,1,74,5,200
16,a {category} near a window,False,12.895618330194603,3,2,54,15,200
16,a {category} near a bed,False,12.895618330194603,4,0,77,0,200
16,a lying {category},True,2.951388888888889,2,0,93,0,200
16,a zoomed view of a {category},True,2.168,5,2,231,194,200
16,a {category} near a tree,False,12.895618330194603,5,3,93,66,200
16,a {category} with unusual appearance,False,0.0,0,2,0,13,200
16,a {category} at the bottom of the image,True,6.744548286604361,8,1,396,3,200
16,a {category} object,True,2.1333333333333337,3,1,205,6,200
16,a {category} at an unusual angle,False,4.879028738281851,5,1,146,21,200
16,a {category} worn by someone,True,3.9772727272727275,6,3,161,116,200
16,a crowded scene with a {category},False,12.895618330194603,2,3,13,60,200
16,a bright {category},False,4.879028738281851,3,1,57,40,200
16,possibly a {category},False,12.895618330194603,6,1,82,21,200
16,a visible {category} in the scene,True,2.8285714285714283,5,2,116,52,200
16,a {category} at the top of the image,False,12.895618330194603,5,1,77,63,200
16,a messy view of a {category},False,12.895618330194603,5,0,169,0,200
16,show me a {category},False,12.895618330194603,5,0,57,0,200
16,a {category} near text or signs,True,3.646551724137931,7,0,124,0,200
16,a {category} on a plate,False,4.879028738281851,3,3,117,132,200
16,a side view of a {category},False,12.895618330194603,4,2,36,56,200
16,a {category} partly hidden,True,3.849056603773585,6,0,189,0,200
16,a picture with a {category},False,12.895618330194603,3,1,209,2,200
16,a {category} on a floor,False,12.895618330194603,3,1,25,44,200
16,an indoor scene containing a {category},True,2.348936170212766,5,0,171,0,200
16,an image showing a {category},True,1.8742857142857143,7,1,145,82,200
16,a real-world {category},False,12.895618330194603,1,0,7,0,200
16,a clear photo of a {category},True,1.6,6,1,68,14,200
16,a {category} among other objects,True,4.674418604651163,5,1,178,21,200
16,a {category} near a road,True,4.125,3,1,60,6,200
16,a {category} under shade,False,12.895618330194603,2,4,16,197,200
16,a wide-angle view with a {category},False,12.895618330194603,2,2,18,25,200
16,a {category} with occlusion,True,2.3333333333333335,2,2,54,68,200
16,a {category} near a chair,False,12.895618330194603,7,3,128,87,200
16,a possible instance of {category},True,3.088235294117647,5,3,128,209,200
16,a {category} at small scale,False,12.895618330194603,3,1,130,28,200
16,a stacked {category},True,2.903225806451613,3,0,47,0,200
16,a standing {category},True,1.6875,2,1,58,65,200
16,a {category} detection target,True,2.2620689655172415,7,4,85,54,200
16,a {category} next to a wall,False,12.895618330194603,4,4,80,46,200
16,a sitting {category},True,11.714285714285714,2,2,77,314,200
16,a {category} on a table,False,0.0,0,1,0,40,200
16,a {category} on the ground,False,12.895618330194603,1,3,5,58,200
16,a {category} near a pole,False,4.879028738281851,4,0,127,0,200
16,a {category} with strong color,False,12.895618330194603,3,0,60,0,200
16,an item that could be a {category},False,4.879028738281851,2,1,66,2,200
16,one visible {category},False,12.895618330194603,3,2,48,53,200
16,a {category} used by someone,False,4.879028738281851,3,1,118,46,200
16,a living area with a {category},True,5.847457627118644,6,0,198,0,200
16,the most visible {category},True,3.0387096774193547,3,1,136,18,200
16,a {category} in the lower right area,True,3.757575757575758,5,1,117,3,200
16,a {category} that may be absent,True,1.676923076923077,4,3,99,45,200
16,a parked {category},False,12.895618330194603,2,0,27,0,200
16,a {category} separated from other objects,True,2.745,5,2,163,55,200
16,a {category} attached to something,False,12.895618330194603,2,0,21,0,200
16,a traffic scene with a {category},False,12.895618330194603,5,2,114,31,200
16,a {category} proposal,True,2.5833333333333335,2,1,29,9,200
16,a full view of a {category},True,2.1028571428571428,4,3,159,47,200
16,a {category} in profile,False,4.879028738281851,5,0,114,0,200
16,a visible instance of {category},False,4.879028738281851,1,1,20,90,200
16,a photo containing a {category},False,12.895618330194603,5,0,218,0,200
16,a {category} near a doorway,True,5.2,3,1,180,10,200
16,an object resembling a {category},False,4.879028738281851,1,1,25,2,200
16,a {category} in the foreground,False,12.895618330194603,2,2,34,41,200
17,what looks like a {category},False,13.14812030075188,4,3,44,95,200
17,a hanging {category},False,13.14812030075188,6,1,164,15,200
17,a {category} that is hard to see,False,13.14812030075188,5,1,185,4,200
17,a {category} in a busy background,True,3.1500000000000004,6,0,124,0,200
17,a {category} under daylight,True,2.0181818181818185,5,1,192,10,200
17,a {category} near a fence,False,13.14812030075188,6,0,167,0,200
17,a scene featuring a {category},False,13.14812030075188,5,1,118,13,200
17,a natural image of a {category},True,2.1739130434782608,6,1,214,16,200
17,a {category} near a train,True,2.6086956521739126,5,1,91,7,200
17,a {category} seen from below,False,13.14812030075188,4,2,120,134,200
17,a {category} target,False,5.252551020408164,1,1,17,18,200
17,a kitchen scene with a {category},True,4.846153846153847,4,2,69,35,200
17,a cropped view of a {category},True,3.1636363636363636,9,1,298,9,200
17,a surveillance-style view of a {category},False,5.252551020408164,4,2,220,38,200
17,a {category} held by someone,True,2.4186046511627906,6,3,131,81,200
17,a {category} outdoors,False,13.14812030075188,5,1,54,72,200
17,a {category} without occlusion,False,13.14812030075188,5,1,51,8,200
17,a {category} region,False,13.14812030075188,4,3,76,137,200
17,a nearby {category},False,13.14812030075188,3,0,38,0,200
17,a suspected {category},True,2.7906976744186043,6,1,177,16,200
17,no obvious {category},False,13.14812030075188,4,1,101,22,200
17,a market scene with a {category},True,6.666666666666667,4,0,239,0,200
17,a {category} cluster,False,5.252551020408164,3,3,49,37,200
17,a {category} near an animal,True,2.084848484848485,6,2,296,69,200
17,a front view of a {category},True,3.0999999999999996,5,0,187,0,200
17,identify any {category},False,5.252551020408164,4,1,201,36,200
17,a high-resolution view of a {category},True,3.645833333333333,4,1,153,2,200
17,the nearest {category},False,13.14812030075188,3,2,41,23,200
17,a {category} on grass,True,3.0782608695652174,4,0,204,0,200
17,a {category} on a seat,False,13.14812030075188,1,1,9,10,200
17,background regions not containing a {category},False,13.14812030075188,7,1,146,7,200
17,look for a {category},False,13.14812030075188,5,0,128,0,200
17,a {category} with visible outline,True,5.361702127659575,8,2,438,97,200
17,a dark {category},True,4.689655172413793,6,1,121,10,200
17,a natural {category},True,10.339285714285714,6,0,185,0,200
17,a household scene with a {category},False,13.14812030075188,8,1,267,85,200
17,a close-up of a {category},True,3.8285714285714287,5,1,125,15,200
17,a {category} far from the camera,False,13.14812030075188,7,2,65,44,200
17,where is the {category},True,5.833333333333333,8,3,157,24,200
17,a {category} seen from above,True,4.25,5,2,92,129,200
17,a {category} facing the camera,False,5.252551020408164,3,3,65,175,200
17,an actual {category},False,13.14812030075188,3,0,118,0,200
17,a {category} near a building,True,3.0999999999999996,5,1,160,3,200
17,a {category} near a curb,True,2.6903225806451614,4,2,124,80,200
17,a {category} on a shelf,False,13.14812030075188,2,3,28,86,200
17,a {category} in low contrast,True,2.050909090909091,7,1,243,46,200
17,a clean view of a {category},False,13.14812030075188,3,2,57,132,200
17,a {category} in front of another object,True,5.891472868217054,5,1,171,68,200
17,a {category} near vegetation,False,13.14812030075188,5,1,117,36,200
17,a {category} in a container,False,5.252551020408164,2,1,12,17,200
17,a {category} beside a person,True,3.0486486486486486,6,0,163,0,200
17,a {category} with clear shape,False,13.14812030075188,3,1,71,13,200
17,a {category} in the background,True,1.8285714285714283,3,1,85,38,200
17,I do not see a {category},False,13.14812030075188,5,1,146,12,200
17,a man-made {category},False,13.14812030075188,7,1,67,4,200
17,a {category} at large scale,True,5.333333333333333,3,1,64,8,200
17,a {category} near a counter,True,3.6991525423728815,5,0,254,0,200
17,perhaps a {category},True,4.733333333333333,5,1,188,3,200
17,an image without any {category},False,13.14812030075188,4,1,243,30,200
17,a park scene with a {category},False,5.252551020408164,1,1,8,85,200
17,a photo of a {category},True,1.8545454545454545,6,2,136,23,200
17,the {category} in this image,False,13.14812030075188,5,0,132,0,200
17,a blurry {category},True,3.4299999999999997,10,3,626,23,200
17,a {category} in a plain background,False,13.14812030075188,6,1,79,23,200
17,a {category} near a sign,True,2.765853658536585,3,1,168,4,200
17,a {category} near a bicycle,False,5.252551020408164,2,1,38,9,200
17,a {category} under artificial light,True,3.4333333333333336,4,4,99,35,200
17,something shaped like a {category},False,13.14812030075188,4,0,221,0,200
17,a {category} in the upper right area,True,2.494736842105263,4,1,72,15,200
17,a {category} in a photo frame,False,5.252551020408164,1,3,108,89,200
17,a {category} near equipment,True,5.595238095238095,4,2,48,62,200
17,a {category} overlapping another object,False,13.14812030075188,3,0,53,0,200
17,a sharp {category},True,1.7142857142857142,3,3,49,71,200
17,a {category} candidate box,False,13.14812030075188,6,2,182,19,200
17,a {category} near the camera,False,13.14812030075188,5,1,118,8,200
17,a {category} near shadows,False,5.252551020408164,2,2,108,18,200
17,a sparse scene with a {category},False,5.252551020408164,1,6,39,222,200
17,a {category} in the lower left area,False,5.252551020408164,7,2,212,171,200
17,an outdoor scene containing a {category},False,13.14812030075188,3,2,58,23,200
17,the main {category},False,13.14812030075188,5,1,130,10,200
17,a large {category},True,3.764705882352941,7,5,120,71,200
17,a single {category},False,13.14812030075188,5,4,287,71,200
17,a {category} in the scene,True,3.1753846153846155,8,1,295,14,200
17,a {category} near furniture,False,13.14812030075188,4,4,121,209,200
17,a real {category},True,3.1967213114754096,7,1,235,76,200
17,a vehicle scene with a {category},False,5.252551020408164,3,3,86,75,200
17,a group of {category} objects,False,13.14812030075188,5,2,100,47,200
17,a {category} with neutral color,True,4.235294117647059,5,2,65,35,200
17,no clear {category},False,3.9948979591836733,2,4,63,242,200
17,a {category} in a vehicle,True,4.194444444444445,4,5,137,253,200
17,a candidate {category},True,2.375,5,5,34,80,200
17,a {category} away from the image center,True,1.782857142857143,9,2,139,41,200
17,a {category} turned away,False,13.14812030075188,8,1,243,80,200
17,a {category} cropped by the frame,False,13.14812030075188,3,2,40,41,200
17,a distant {category},False,13.14812030075188,3,1,54,7,200
17,a {category} in high contrast,True,3.5,6,1,86,10,200
17,a {category} behind another object,False,13.14812030075188,5,2,196,43,200
17,a small {category} near the center,True,2.4470588235294115,7,2,104,22,200
17,a moving {category},False,13.14812030075188,6,1,260,8,200
17,a {category} fully inside the frame,False,13.14812030075188,4,1,33,10,200
17,a {category} near food,True,2.466666666666667,5,3,102,78,200
17,a street scene containing a {category},True,4.32,3,3,97,135,200
17,a {category} near a vehicle,False,4.166396103896104,1,3,22,73,200
17,a {category} near a car,False,13.14812030075188,3,2,150,7,200
17,a tiny {category},False,13.14812030075188,5,1,138,7,200
17,multiple {category} instances,False,13.14812030075188,4,2,42,51,200
17,a {category} mostly visible,False,13.14812030075188,5,3,47,92,200
17,something similar to a {category},False,13.14812030075188,2,1,112,6,200
17,find the {category},False,13.14812030075188,3,0,56,0,200
17,a sports scene with a {category},True,2.7692307692307696,4,1,106,48,200
17,a low-resolution view of a {category},False,13.14812030075188,2,1,54,12,200
17,without a {category},False,13.14812030075188,8,2,198,196,200
17,there is no {category} here,False,13.14812030075188,2,2,104,72,200
17,locate the {category},True,6.666666666666666,6,2,258,70,200
17,a {category} in open space,False,13.14812030075188,3,0,63,0,200
17,a partial view of a {category},True,3.3392857142857144,5,1,167,3,200
17,a scene lacking a {category},False,13.14812030075188,8,0,243,0,200
17,a {category} near a bus,True,7.056737588652482,8,1,360,11,200
17,this scene does not contain a {category},True,5.071428571428571,5,0,185,0,200
17,a {category} near the edge of the image,True,3.4124999999999996,3,0,81,0,200
17,maybe a {category},True,3.574468085106383,8,3,197,54,200
17,a {category} at the right side,False,13.14812030075188,12,1,220,19,200
17,a photographic {category},True,2.8706896551724137,5,1,104,50,200
17,a {category} near water,True,5.294117647058823,6,2,125,18,200
17,a {category} in the upper left area,True,9.386363636363637,8,4,368,131,200
17,a likely {category},True,4.2375,6,1,382,12,200
17,a {category} at the left side,True,2.5714285714285716,2,1,81,14,200
17,a {category} at medium scale,True,5.0925925925925934,4,1,53,21,200
17,a {category} in front of a wall,False,13.14812030075188,3,0,125,0,200
17,a {category} partly outside the image,True,3.228260869565217,5,1,90,33,200
17,a {category} near the image center,False,5.252551020408164,3,0,61,0,200
17,a {category} in clutter,True,3.472222222222222,5,1,78,68,200
17,a {category} inside a room,True,3.3515625,6,2,256,22,200
17,no visible {category},False,13.14812030075188,2,2,122,42,200
17,a {category} in a mirror-like surface,True,2.6689189189189193,4,1,90,17,200
17,a {category} barely visible,False,5.252551020408164,2,0,108,0,200
17,a {category} on pavement,False,13.14812030075188,4,1,51,16,200
17,a {category} near a window,False,13.14812030075188,7,2,134,24,200
17,a {category} near a bed,False,13.14812030075188,2,2,41,36,200
17,a lying {category},False,0.0,0,1,0,52,200
17,a zoomed view of a {category},True,4.722222222222222,6,1,300,125,200
17,a {category} near a tree,False,13.14812030075188,6,1,121,25,200
17,a {category} with unusual appearance,False,13.14812030075188,3,1,39,3,200
17,a {category} at the bottom of the image,False,13.14812030075188,7,3,63,339,200
17,a {category} object,False,13.14812030075188,2,3,32,96,200
17,a {category} at an unusual angle,False,13.14812030075188,6,3,167,33,200
17,a {category} worn by someone,True,3.774193548387097,5,2,135,35,200
17,a crowded scene with a {category},False,13.14812030075188,6,1,113,11,200
17,a bright {category},True,1.47,2,3,54,67,200
17,possibly a {category},False,13.14812030075188,4,1,53,28,200
17,a visible {category} in the scene,False,13.14812030075188,4,6,158,97,200
17,a {category} at the top of the image,False,13.14812030075188,5,1,137,3,200
17,a messy view of a {category},False,13.14812030075188,6,0,198,0,200
17,show me a {category},False,13.14812030075188,2,1,25,9,200
17,a {category} near text or signs,True,3.764705882352941,7,3,120,50,200
17,a {category} on a plate,False,5.252551020408164,3,2,84,96,200
17,a side view of a {category},False,13.14812030075188,4,2,36,56,200
17,a {category} partly hidden,True,3.849056603773585,6,0,189,0,200
17,a picture with a {category},False,13.14812030075188,4,2,104,157,200
17,a {category} on a floor,False,13.14812030075188,2,3,20,58,200
17,an indoor scene containing a {category},True,2.1333333333333333,4,1,84,19,200
17,an image showing a {category},True,3.0193548387096776,10,2,270,69,200
17,a real-world {category},False,13.14812030075188,1,1,7,12,200
17,a clear photo of a {category},True,2.892857142857143,6,0,83,0,200
17,a {category} among other objects,True,3.0142857142857142,5,1,183,16,200
17,a {category} near a road,True,4.470588235294118,4,0,69,0,200
17,a {category} under shade,True,5.270833333333333,7,3,217,160,200
17,a wide-angle view with a {category},True,2.625,3,3,38,22,200
17,a {category} with occlusion,True,1.83,4,1,61,64,200
17,a {category} near a chair,False,13.14812030075188,4,3,97,68,200
17,a possible instance of {category},False,13.14812030075188,3,3,220,34,200
17,a {category} at small scale,False,13.14812030075188,2,3,124,38,200
17,a stacked {category},False,5.252551020408164,1,2,15,32,200
17,a standing {category},True,2.975806451612903,3,0,114,0,200
17,a {category} detection target,True,2.336842105263158,8,2,113,11,200
17,a {category} next to a wall,True,3.458333333333333,7,1,148,8,200
17,a sitting {category},True,14.759999999999998,6,0,432,0,200
17,a {category} on a table,False,13.14812030075188,1,0,2,0,200
17,a {category} on the ground,False,13.14812030075188,4,0,63,0,200
17,a {category} near a pole,False,5.252551020408164,4,3,172,52,200
17,a {category} with strong color,False,13.14812030075188,2,0,32,0,200
17,an item that could be a {category},False,13.14812030075188,5,0,184,0,200
17,one visible {category},True,2.875,5,0,101,0,200
17,a {category} used by someone,True,3.33,6,1,376,99,200
17,a living area with a {category},False,5.252551020408164,4,3,92,139,200
17,the most visible {category},False,4.166396103896104,1,1,99,15,200
17,a {category} in the lower right area,True,3.8421052631578947,4,0,68,0,200
17,a {category} that may be absent,True,4.571428571428571,6,1,114,30,200
17,a parked {category},False,13.14812030075188,2,0,163,0,200
17,a {category} separated from other objects,True,3.702127659574468,6,0,203,0,200
17,a {category} attached to something,False,5.252551020408164,1,1,10,11,200
17,a traffic scene with a {category},True,2.647058823529412,4,1,68,23,200
17,a {category} proposal,False,13.14812030075188,2,1,18,20,200
17,a full view of a {category},False,13.14812030075188,4,3,34,172,200
17,a {category} in profile,False,5.252551020408164,4,0,95,0,200
17,a visible instance of {category},True,4.27027027027027,1,1,90,20,200
17,a photo containing a {category},False,13.14812030075188,5,0,218,0,200
17,a {category} near a doorway,False,13.14812030075188,3,2,179,14,200
17,an object resembling a {category},False,13.14812030075188,2,1,80,2,200
17,a {category} in the foreground,False,13.14812030075188,2,1,23,21,200
18,what looks like a {category},False,13.558670943725001,7,0,139,0,200
18,a hanging {category},False,13.558670943725001,6,2,157,81,200
18,a {category} that is hard to see,False,13.558670943725001,6,2,194,17,200
18,a {category} in a busy background,True,3.535714285714285,5,1,102,64,200
18,a {category} under daylight,True,2.0595744680851062,7,0,209,0,200
18,a {category} near a fence,True,3.630769230769231,7,1,223,6,200
18,a scene featuring a {category},False,13.558670943725001,4,3,57,134,200
18,a natural image of a {category},False,13.558670943725001,5,1,194,16,200
18,a {category} near a train,True,2.823529411764706,7,1,142,7,200
18,a {category} seen from below,False,5.566885857297085,3,3,112,66,200
18,a {category} target,False,5.566885857297085,2,0,133,0,200
18,a kitchen scene with a {category},True,4.325203252032521,6,0,93,0,200
18,a cropped view of a {category},True,3.375,9,1,304,9,200
18,a surveillance-style view of a {category},False,13.558670943725001,6,1,261,14,200
18,a {category} held by someone,True,2.9655172413793105,4,3,87,50,200
18,a {category} outdoors,False,13.558670943725001,6,1,130,6,200
18,a {category} without occlusion,False,13.558670943725001,4,4,38,32,200
18,a {category} region,False,0.0,0,3,0,91,200
18,a nearby {category},False,5.566885857297085,2,1,32,6,200
18,a suspected {category},False,5.566885857297085,6,2,189,41,200
18,no obvious {category},False,13.558670943725001,6,0,185,0,200
18,a market scene with a {category},True,4.029411764705882,5,1,252,36,200
18,a {category} cluster,False,13.558670943725001,3,2,50,27,200
18,a {category} near an animal,False,5.566885857297085,3,3,47,156,200
18,a front view of a {category},True,3.05,5,1,159,24,200
18,identify any {category},False,5.566885857297085,4,3,203,131,200
18,a high-resolution view of a {category},False,13.558670943725001,4,2,123,61,200
18,the nearest {category},True,3.4000000000000004,4,1,56,31,200
18,a {category} on grass,False,13.558670943725001,3,1,131,5,200
18,a {category} on a seat,False,0.0,0,1,0,10,200
18,background regions not containing a {category},False,13.558670943725001,3,4,57,64,200
18,look for a {category},True,3.4662162162162167,6,1,152,7,200
18,a {category} with visible outline,True,5.129411764705882,6,2,377,20,200
18,a dark {category},True,2.8947368421052633,6,2,54,35,200
18,a natural {category},True,5.737704918032787,6,3,201,34,200
18,a household scene with a {category},True,2.1381818181818177,6,1,251,14,200
18,a close-up of a {category},True,2.657142857142857,5,0,166,0,200
18,a {category} far from the camera,True,7.676767676767677,9,3,135,94,200
18,where is the {category},True,11.794871794871794,9,1,163,37,200
18,a {category} seen from above,True,3.1714285714285713,6,1,222,37,200
18,a {category} facing the camera,True,2.16969696969697,4,0,306,0,200
18,an actual {category},False,13.558670943725001,5,2,174,23,200
18,a {category} near a building,False,13.558670943725001,3,1,59,9,200
18,a {category} near a curb,True,2.6903225806451614,4,0,124,0,200
18,a {category} on a shelf,False,13.558670943725001,5,1,114,55,200
18,a {category} in low contrast,True,2.8125,6,3,84,210,200
18,a clean view of a {category},False,13.558670943725001,3,2,57,132,200
18,a {category} in front of another object,False,13.558670943725001,5,1,171,49,200
18,a {category} near vegetation,False,13.558670943725001,7,1,159,20,200
18,a {category} in a container,False,13.558670943725001,3,1,42,17,200
18,a {category} beside a person,True,2.76,5,3,102,89,200
18,a {category} with clear shape,False,13.558670943725001,2,2,53,29,200
18,a {category} in the background,True,4.068376068376068,4,0,85,0,200
18,I do not see a {category},False,13.558670943725001,4,1,81,62,200
18,a man-made {category},True,3.6842105263157894,6,4,67,88,200
18,a {category} at large scale,True,2.25,4,2,48,95,200
18,a {category} near a counter,True,3.904761904761904,3,1,42,19,200
18,perhaps a {category},False,13.558670943725001,4,1,195,24,200
18,an image without any {category},False,13.558670943725001,5,1,249,30,200
18,a park scene with a {category},True,4.1020408163265305,6,0,184,0,200
18,a photo of a {category},True,3.5390625,7,1,133,54,200
18,the {category} in this image,False,4.432867563382646,2,2,82,37,200
18,a blurry {category},True,4.833333333333333,6,8,89,492,200
18,a {category} in a plain background,False,5.566885857297085,4,1,89,4,200
18,a {category} near a sign,True,2.8133333333333335,4,1,186,4,200
18,a {category} near a bicycle,False,3.5703536493604213,1,2,80,38,200
18,a {category} under artificial light,False,13.558670943725001,4,3,41,90,200
18,something shaped like a {category},False,13.558670943725001,3,2,117,98,200
18,a {category} in the upper right area,True,4.235294117647059,3,2,33,54,200
18,a {category} in a photo frame,True,6.32156862745098,4,1,354,7,200
18,a {category} near equipment,True,8.571428571428571,3,1,37,15,200
18,a {category} overlapping another object,False,5.566885857297085,3,2,109,27,200
18,a sharp {category},False,13.558670943725001,5,2,55,67,200
18,a {category} candidate box,True,3.7211538461538463,9,2,224,39,200
18,a {category} near the camera,False,5.566885857297085,5,2,246,19,200
18,a {category} near shadows,False,13.558670943725001,2,1,89,76,200
18,a sparse scene with a {category},False,5.566885857297085,5,2,177,86,200
18,a {category} in the lower left area,False,13.558670943725001,4,5,177,240,200
18,an outdoor scene containing a {category},True,2.625,4,2,64,23,200
18,the main {category},True,5.232558139534883,9,0,194,0,200
18,a large {category},False,13.558670943725001,7,3,142,39,200
18,a single {category},False,13.558670943725001,4,4,79,174,200
18,a {category} in the scene,False,13.558670943725001,7,1,270,14,200
18,a {category} near furniture,True,3.7916666666666665,8,1,237,110,200
18,a real {category},False,13.558670943725001,1,2,16,83,200
18,a vehicle scene with a {category},True,2.484375,3,3,49,100,200
18,a group of {category} objects,True,2.5928571428571425,6,1,109,38,200
18,a {category} with neutral color,True,3.9117647058823533,8,0,123,0,200
18,no clear {category},False,13.558670943725001,2,4,73,222,200
18,a {category} in a vehicle,True,4.540540540540541,8,2,298,163,200
18,a candidate {category},False,13.558670943725001,6,2,73,28,200
18,a {category} away from the image center,True,4.879432624113475,9,1,163,20,200
18,a {category} turned away,False,5.566885857297085,6,1,178,80,200
18,a {category} cropped by the frame,True,3.0405405405405403,7,0,137,0,200
18,a distant {category},False,13.558670943725001,3,1,23,42,200
18,a {category} in high contrast,True,3.0,7,0,96,0,200
18,a {category} behind another object,False,13.558670943725001,5,1,143,27,200
18,a small {category} near the center,True,3.4913793103448274,8,1,120,18,200
18,a moving {category},False,4.432867563382646,2,3,103,38,200
18,a {category} fully inside the frame,False,13.558670943725001,6,0,51,0,200
18,a {category} near food,True,3.326086956521739,9,1,149,48,200
18,a street scene containing a {category},False,5.566885857297085,3,1,106,72,200
18,a {category} near a vehicle,False,5.566885857297085,1,2,6,81,200
18,a {category} near a car,False,13.558670943725001,5,1,110,91,200
18,a tiny {category},True,2.0307692307692307,6,0,171,0,200
18,multiple {category} instances,False,13.558670943725001,3,2,32,24,200
18,a {category} mostly visible,False,13.558670943725001,5,1,89,15,200
18,something similar to a {category},False,5.566885857297085,2,1,28,87,200
18,find the {category},True,2.435294117647059,4,1,64,5,200
18,a sports scene with a {category},True,2.952380952380952,3,3,32,86,200
18,a low-resolution view of a {category},False,13.558670943725001,2,1,27,12,200
18,without a {category},False,13.558670943725001,7,2,320,49,200
18,there is no {category} here,False,13.558670943725001,2,3,91,88,200
18,locate the {category},True,8.714285714285714,5,2,124,66,200
18,a {category} in open space,False,13.558670943725001,3,1,56,6,200
18,a partial view of a {category},True,1.7280000000000002,5,2,97,39,200
18,a scene lacking a {category},False,13.558670943725001,6,3,201,83,200
18,a {category} near a bus,True,3.1961538461538463,5,4,237,92,200
18,this scene does not contain a {category},False,13.558670943725001,4,3,250,14,200
18,a {category} near the edge of the image,False,13.558670943725001,4,0,95,0,200
18,maybe a {category},True,3.515151515151515,8,3,111,111,200
18,a {category} at the right side,True,2.721951219512195,9,2,165,68,200
18,a photographic {category},False,5.566885857297085,3,2,95,82,200
18,a {category} near water,False,13.558670943725001,3,3,74,43,200
18,a {category} in the upper left area,True,6.3565891472868215,9,2,461,21,200
18,a likely {category},True,3.4913793103448274,5,2,120,85,200
18,a {category} at the left side,True,2.664,3,3,100,53,200
18,a {category} at medium scale,True,6.0,5,1,137,4,200
18,a {category} in front of a wall,False,5.566885857297085,2,0,119,0,200
18,a {category} partly outside the image,True,6.0,5,2,85,74,200
18,a {category} near the image center,False,5.566885857297085,2,0,48,0,200
18,a {category} in clutter,True,3.825,6,0,143,0,200
18,a {category} inside a room,True,2.3454545454545457,6,0,120,0,200
18,no visible {category},True,3.9000000000000004,3,2,39,132,200
18,a {category} in a mirror-like surface,True,2.384615384615384,5,0,102,0,200
18,a {category} barely visible,False,4.432867563382646,3,0,144,0,200
18,a {category} on pavement,False,13.558670943725001,5,3,75,38,200
18,a {category} near a window,True,2.73,6,2,81,64,200
18,a {category} near a bed,False,0.0,0,1,0,21,200
18,a lying {category},True,5.806451612903226,1,1,41,52,200
18,a zoomed view of a {category},True,2.075675675675676,5,1,165,141,200
18,a {category} near a tree,False,13.558670943725001,5,2,90,55,200
18,a {category} with unusual appearance,False,13.558670943725001,2,1,13,3,200
18,a {category} at the bottom of the image,True,5.508417508417509,8,2,372,16,200
18,a {category} object,True,3.066666666666667,5,0,199,0,200
18,a {category} at an unusual angle,False,13.558670943725001,6,2,119,54,200
18,a {category} worn by someone,True,2.111111111111111,6,1,164,9,200
18,a crowded scene with a {category},False,13.558670943725001,5,1,117,23,200
18,a bright {category},False,4.432867563382646,3,1,97,23,200
18,possibly a {category},False,13.558670943725001,3,3,50,25,200
18,a visible {category} in the scene,False,13.558670943725001,3,4,110,73,200
18,a {category} at the top of the image,False,13.558670943725001,3,1,80,24,200
18,a messy view of a {category},False,13.558670943725001,3,4,55,148,200
18,show me a {category},False,13.558670943725001,3,3,52,27,200
18,a {category} near text or signs,True,3.0,5,0,66,0,200
18,a {category} on a plate,False,5.566885857297085,4,1,165,14,200
18,a side view of a {category},False,13.558670943725001,5,1,53,39,200
18,a {category} partly hidden,True,2.358974358974359,1,2,52,96,200
18,a picture with a {category},True,3.6923076923076925,6,1,279,16,200
18,a {category} on a floor,False,13.558670943725001,3,0,25,0,200
18,an indoor scene containing a {category},False,5.566885857297085,5,2,172,33,200
18,an image showing a {category},True,2.176923076923077,8,2,241,63,200
18,a real-world {category},False,13.558670943725001,2,1,19,18,200
18,a clear photo of a {category},True,2.9310344827586206,7,0,86,0,200
18,a {category} among other objects,False,13.558670943725001,3,1,88,16,200
18,a {category} near a road,True,4.470588235294118,4,0,69,0,200
18,a {category} under shade,True,5.238095238095238,7,1,190,20,200
18,a wide-angle view with a {category},True,2.8125,5,1,41,3,200
18,a {category} with occlusion,True,2.0,3,3,58,69,200
18,a {category} near a chair,False,13.558670943725001,4,4,68,125,200
18,a possible instance of {category},False,13.558670943725001,4,2,178,76,200
18,a {category} at small scale,False,13.558670943725001,3,0,45,0,200
18,a stacked {category},True,2.903225806451613,3,0,47,0,200
18,a standing {category},True,2.1857142857142855,2,0,96,0,200
18,a {category} detection target,True,2.5,7,3,92,32,200
18,a {category} next to a wall,False,13.558670943725001,3,2,27,28,200
18,a sitting {category},False,13.558670943725001,3,2,67,325,200
18,a {category} on a table,False,13.558670943725001,2,1,46,2,200
18,a {category} on the ground,False,13.558670943725001,3,2,52,17,200
18,a {category} near a pole,True,2.1866666666666665,5,1,86,80,200
18,a {category} with strong color,False,5.566885857297085,2,1,56,4,200
18,an item that could be a {category},False,13.558670943725001,4,1,158,26,200
18,one visible {category},True,2.836363636363636,4,1,92,9,200
18,a {category} used by someone,False,13.558670943725001,6,0,422,0,200
18,a living area with a {category},False,5.566885857297085,5,2,165,39,200
18,the most visible {category},True,3.1411764705882357,4,0,154,0,200
18,a {category} in the lower right area,True,3.757575757575758,5,1,117,3,200
18,a {category} that may be absent,True,3.5294117647058822,5,0,57,0,200
18,a parked {category},False,4.432867563382646,2,0,172,0,200
18,a {category} separated from other objects,False,13.558670943725001,5,0,124,0,200
18,a {category} attached to something,False,13.558670943725001,2,0,21,0,200
18,a traffic scene with a {category},True,4.0434782608695645,5,1,86,33,200
18,a {category} proposal,False,5.566885857297085,1,1,9,20,200
18,a full view of a {category},True,6.126126126126126,5,0,129,0,200
18,a {category} in profile,False,0.0,0,3,0,75,200
18,a visible instance of {category},False,5.566885857297085,1,1,20,90,200
18,a photo containing a {category},False,13.558670943725001,4,1,209,9,200
18,a {category} near a doorway,True,5.170731707317073,4,0,183,0,200
18,an object resembling a {category},False,13.558670943725001,2,0,64,0,200
18,a {category} in the foreground,False,13.558670943725001,3,1,55,20,200
19,what looks like a {category},False,13.335491241431836,5,1,63,9,200
19,a hanging {category},False,13.335491241431836,8,1,181,62,200
19,a {category} that is hard to see,False,13.335491241431836,4,3,49,151,200
19,a {category} in a busy background,True,3.8846153846153846,7,0,188,0,200
19,a {category} under daylight,False,13.335491241431836,5,2,92,116,200
19,a {category} near a fence,True,3.6991869918699187,6,2,102,127,200
19,a scene featuring a {category},False,13.335491241431836,4,2,110,73,200
19,a natural image of a {category},False,4.985374619192688,4,3,191,39,200
19,a {category} near a train,False,13.335491241431836,6,3,147,86,200
19,a {category} seen from below,False,4.985374619192688,4,2,99,175,200
19,a {category} target,False,4.985374619192688,2,1,35,116,200
19,a kitchen scene with a {category},False,13.335491241431836,1,1,5,20,200
19,a cropped view of a {category},True,4.24,6,1,97,41,200
19,a surveillance-style view of a {category},False,13.335491241431836,5,1,241,14,200
19,a {category} held by someone,True,5.56547619047619,7,2,181,25,200
19,a {category} outdoors,False,4.178640302346635,2,3,29,25,200
19,a {category} without occlusion,False,13.335491241431836,2,1,16,5,200
19,a {category} region,False,13.335491241431836,4,1,190,2,200
19,a nearby {category},False,13.335491241431836,3,0,38,0,200
19,a suspected {category},False,4.985374619192688,5,4,128,118,200
19,no obvious {category},False,13.335491241431836,4,1,106,104,200
19,a market scene with a {category},True,5.9433962264150955,5,1,180,140,200
19,a {category} cluster,False,4.985374619192688,2,2,40,26,200
19,a {category} near an animal,True,1.6689655172413793,5,2,110,146,200
19,a front view of a {category},True,3.265573770491803,4,3,283,49,200
19,identify any {category},False,13.335491241431836,6,2,198,144,200
19,a high-resolution view of a {category},True,3.75,4,1,174,2,200
19,the nearest {category},True,1.8580645161290321,6,0,95,0,200
19,a {category} on grass,False,13.335491241431836,2,2,101,112,200
19,a {category} on a seat,False,13.335491241431836,1,1,9,10,200
19,background regions not containing a {category},False,13.335491241431836,7,1,151,13,200
19,look for a {category},True,3.4662162162162167,6,1,152,7,200
19,a {category} with visible outline,True,5.113043478260869,8,0,520,0,200
19,a dark {category},True,3.076923076923077,6,1,173,10,200
19,a natural {category},True,9.906976744186046,5,1,139,14,200
19,a household scene with a {category},False,13.335491241431836,7,3,322,50,200
19,a close-up of a {category},True,2.72,6,1,181,21,200
19,a {category} far from the camera,False,13.335491241431836,8,1,125,46,200
19,where is the {category},False,13.335491241431836,6,4,126,40,200
19,a {category} seen from above,True,8.151041666666668,9,0,273,0,200
19,a {category} facing the camera,False,4.985374619192688,5,2,104,170,200
19,an actual {category},True,2.5764705882352943,4,0,66,0,200
19,a {category} near a building,False,13.335491241431836,4,1,151,64,200
19,a {category} near a curb,True,2.7290322580645157,4,1,126,2,200
19,a {category} on a shelf,False,4.1629311282776635,1,3,57,35,200
19,a {category} in low contrast,True,4.5,5,1,192,35,200
19,a clean view of a {category},False,4.985374619192688,3,0,94,0,200
19,a {category} in front of another object,False,4.985374619192688,2,1,100,19,200
19,a {category} near vegetation,True,2.0941176470588236,5,1,154,14,200
19,a {category} in a container,False,4.985374619192688,4,0,67,0,200
19,a {category} beside a person,True,2.558823529411765,6,2,131,57,200
19,a {category} with clear shape,False,13.335491241431836,6,0,135,0,200
19,a {category} in the background,True,4.833333333333333,4,1,101,29,200
19,I do not see a {category},False,13.335491241431836,4,4,86,95,200
19,a man-made {category},True,2.9,7,2,102,36,200
19,a {category} at large scale,False,13.335491241431836,2,2,30,41,200
19,a {category} near a counter,True,4.894736842105263,4,0,244,0,200
19,perhaps a {category},False,13.335491241431836,5,0,190,0,200
19,an image without any {category},True,2.9045454545454543,4,2,198,32,200
19,a park scene with a {category},False,13.335491241431836,3,1,127,27,200
19,a photo of a {category},False,13.335491241431836,4,3,88,42,200
19,the {category} in this image,False,4.985374619192688,4,0,129,0,200
19,a blurry {category},True,3.8652291105121295,12,2,663,17,200
19,a {category} in a plain background,False,13.335491241431836,4,2,78,20,200
19,a {category} near a sign,True,3.489130434782609,5,0,190,0,200
19,a {category} near a bicycle,False,4.985374619192688,3,0,118,0,200
19,a {category} under artificial light,True,3.7857142857142856,6,2,100,34,200
19,something shaped like a {category},False,13.335491241431836,5,1,276,9,200
19,a {category} in the upper right area,False,4.985374619192688,2,2,52,31,200
19,a {category} in a photo frame,True,6.32156862745098,4,0,354,0,200
19,a {category} near equipment,True,3.44,4,0,83,0,200
19,a {category} overlapping another object,False,4.985374619192688,3,2,106,30,200
19,a sharp {category},True,2.3333333333333335,4,1,98,2,200
19,a {category} candidate box,True,5.935483870967742,5,4,123,102,200
19,a {category} near the camera,False,13.335491241431836,6,1,283,12,200
19,a {category} near shadows,False,13.335491241431836,3,0,148,0,200
19,a sparse scene with a {category},False,13.335491241431836,7,3,268,131,200
19,a {category} in the lower left area,False,13.335491241431836,8,1,349,58,200
19,an outdoor scene containing a {category},True,4.136363636363636,5,1,83,4,200
19,the main {category},False,13.335491241431836,5,2,70,98,200
19,a large {category},True,3.185483870967742,7,4,84,75,200
19,a single {category},False,13.335491241431836,5,6,190,202,200
19,a {category} in the scene,True,3.0375,7,2,211,78,200
19,a {category} near furniture,True,2.4,4,4,96,188,200
19,a real {category},True,2.0,5,2,174,92,200
19,a vehicle scene with a {category},True,2.6454545454545455,4,2,87,74,200
19,a group of {category} objects,True,2.8457142857142856,7,0,147,0,200
19,a {category} with neutral color,True,3.6363636363636362,5,1,76,19,200
19,no clear {category},False,4.985374619192688,3,0,128,0,200
19,a {category} in a vehicle,True,5.037974683544304,7,3,345,182,200
19,a candidate {category},True,2.5294117647058827,7,1,40,8,200
19,a {category} away from the image center,True,2.9081632653061225,9,1,125,15,200
19,a {category} turned away,False,13.335491241431836,5,3,190,46,200
19,a {category} cropped by the frame,False,13.335491241431836,3,4,43,67,200
19,a distant {category},False,13.335491241431836,3,1,26,42,200
19,a {category} in high contrast,True,3.5555555555555554,4,1,46,24,200
19,a {category} behind another object,False,13.335491241431836,4,3,122,117,200
19,a small {category} near the center,True,2.013333333333333,8,2,131,7,200
19,a moving {category},False,13.335491241431836,4,1,122,36,200
19,a {category} fully inside the frame,False,13.335491241431836,4,2,37,14,200
19,a {category} near food,True,3.4324324324324325,7,3,122,50,200
19,a street scene containing a {category},False,4.985374619192688,1,3,23,106,200
19,a {category} near a vehicle,True,4.25,4,0,92,0,200
19,a {category} near a car,False,13.335491241431836,2,2,54,12,200
19,a tiny {category},True,3.4913793103448274,4,2,120,52,200
19,multiple {category} instances,False,13.335491241431836,4,2,80,22,200
19,a {category} mostly visible,False,13.335491241431836,4,4,56,94,200
19,something similar to a {category},False,13.335491241431836,3,0,134,0,200
19,find the {category},False,13.335491241431836,3,1,17,41,200
19,a sports scene with a {category},True,3.6296296296296298,4,3,93,81,200
19,a low-resolution view of a {category},True,2.582608695652174,4,0,90,0,200
19,without a {category},False,13.335491241431836,6,2,292,37,200
19,there is no {category} here,False,13.335491241431836,4,1,177,2,200
19,locate the {category},True,3.6149999999999998,5,3,211,107,200
19,a {category} in open space,False,13.335491241431836,5,1,88,6,200
19,a partial view of a {category},True,2.4857142857142858,4,4,132,48,200
19,a scene lacking a {category},False,13.335491241431836,5,3,266,41,200
19,a {category} near a bus,True,8.949152542372882,7,3,177,203,200
19,this scene does not contain a {category},True,4.857142857142857,6,2,178,103,200
19,a {category} near the edge of the image,False,13.335491241431836,3,0,70,0,200
19,maybe a {category},True,3.1875,9,3,169,82,200
19,a {category} at the right side,False,13.335491241431836,7,4,125,117,200
19,a photographic {category},True,3.520408163265306,6,0,203,0,200
19,a {category} near water,False,13.335491241431836,7,1,188,6,200
19,a {category} in the upper left area,True,9.694444444444445,9,2,341,112,200
19,a likely {category},False,13.335491241431836,4,1,397,21,200
19,a {category} at the left side,True,2.9189189189189193,5,0,133,0,200
19,a {category} at medium scale,True,4.826086956521739,3,2,98,22,200
19,a {category} in front of a wall,False,4.985374619192688,2,0,119,0,200
19,a {category} partly outside the image,False,13.335491241431836,3,1,57,3,200
19,a {category} near the image center,False,13.335491241431836,2,1,49,13,200
19,a {category} in clutter,True,6.148148148148148,6,2,148,34,200
19,a {category} inside a room,False,13.335491241431836,4,2,154,96,200
19,no visible {category},True,7.658730158730158,5,0,171,0,200
19,a {category} in a mirror-like surface,True,3.4000000000000004,4,2,51,51,200
19,a {category} barely visible,False,4.985374619192688,3,0,144,0,200
19,a {category} on pavement,False,13.335491241431836,6,0,93,0,200
19,a {category} near a window,False,13.335491241431836,3,3,77,53,200
19,a {category} near a bed,False,13.335491241431836,2,0,36,0,200
19,a lying {category},True,2.951388888888889,2,0,93,0,200
19,a zoomed view of a {category},False,13.335491241431836,5,3,220,218,200
19,a {category} near a tree,False,13.335491241431836,6,2,103,47,200
19,a {category} with unusual appearance,False,13.335491241431836,2,0,13,0,200
19,a {category} at the bottom of the image,False,13.335491241431836,5,3,117,257,200
19,a {category} object,False,13.335491241431836,4,2,117,108,200
19,a {category} at an unusual angle,False,4.985374619192688,6,3,161,39,200
19,a {category} worn by someone,True,2.76,6,1,164,15,200
19,a crowded scene with a {category},False,4.985374619192688,4,2,127,13,200
19,a bright {category},True,4.904761904761904,4,0,104,0,200
19,possibly a {category},False,13.335491241431836,3,4,41,38,200
19,a visible {category} in the scene,True,5.046511627906977,5,3,188,47,200
19,a {category} at the top of the image,False,13.335491241431836,5,1,118,22,200
19,a messy view of a {category},False,13.335491241431836,5,1,157,17,200
19,show me a {category},False,13.335491241431836,4,1,50,18,200
19,a {category} near text or signs,True,3.0,5,3,88,41,200
19,a {category} on a plate,False,4.985374619192688,4,2,199,69,200
19,a side view of a {category},False,13.335491241431836,3,2,57,18,200
19,a {category} partly hidden,False,13.335491241431836,3,2,81,56,200
19,a picture with a {category},True,4.232558139534883,7,1,165,14,200
19,a {category} on a floor,False,13.335491241431836,4,1,68,10,200
19,an indoor scene containing a {category},True,9.804878048780488,3,2,131,55,200
19,an image showing a {category},True,2.177049180327869,10,1,283,34,200
19,a real-world {category},False,13.335491241431836,2,0,19,0,200
19,a clear photo of a {category},True,2.9310344827586206,7,1,86,6,200
19,a {category} among other objects,True,2.934782608695652,5,0,197,0,200
19,a {category} near a road,True,4.125,3,0,60,0,200
19,a {category} under shade,False,13.335491241431836,5,6,203,188,200
19,a wide-angle view with a {category},True,3.9411764705882355,6,1,62,3,200
19,a {category} with occlusion,False,13.335491241431836,4,2,18,109,200
19,a {category} near a chair,False,13.335491241431836,5,3,124,59,200
19,a possible instance of {category},True,2.1705882352941175,6,1,315,8,200
19,a {category} at small scale,False,13.335491241431836,2,2,41,10,200
19,a stacked {category},False,4.985374619192688,1,1,15,6,200
19,a standing {category},True,2.9230769230769234,4,0,141,0,200
19,a {category} detection target,True,2.5894736842105264,9,2,121,18,200
19,a {category} next to a wall,False,13.335491241431836,5,2,132,12,200
19,a sitting {category},True,2.3142857142857145,3,0,76,0,200
19,a {category} on a table,False,13.335491241431836,1,0,6,0,200
19,a {category} on the ground,False,13.335491241431836,4,0,64,0,200
19,a {category} near a pole,True,5.624242424242424,6,0,211,0,200
19,a {category} with strong color,False,4.985374619192688,1,1,28,4,200
19,an item that could be a {category},False,13.335491241431836,3,1,40,90,200
19,one visible {category},False,4.178640302346635,2,2,68,20,200
19,a {category} used by someone,True,3.8441860465116275,8,0,477,0,200
19,a living area with a {category},True,6.693548387096774,6,1,229,24,200
19,the most visible {category},False,13.335491241431836,2,2,40,114,200
19,a {category} in the lower right area,True,3.6666666666666665,4,2,62,58,200
19,a {category} that may be absent,True,2.466666666666667,4,2,32,82,200
19,a parked {category},False,0.0,0,2,0,27,200
19,a {category} separated from other objects,False,13.335491241431836,4,2,138,28,200
19,a {category} attached to something,False,13.335491241431836,1,0,11,0,200
19,a traffic scene with a {category},False,4.985374619192688,4,1,103,4,200
19,a {category} proposal,False,4.985374619192688,2,0,29,0,200
19,a full view of a {category},True,2.263157894736842,3,2,42,81,200
19,a {category} in profile,False,4.985374619192688,3,0,64,0,200
19,a visible instance of {category},False,0.0,0,0,0,0,200
19,a photo containing a {category},False,4.1629311282776635,2,0,183,0,200
19,a {category} near a doorway,False,13.335491241431836,2,1,13,11,200
19,an object resembling a {category},False,13.335491241431836,2,0,27,0,200
19,a {category} in the foreground,True,2.43,4,0,75,0,200
