family_id,dataset,image_id,file_name,category_id,category_name,prompt,is_prompt_absent,gt_count,candidate_idx,score,x1,y1,x2,y2,max_iou,is_tp,is_null,evalue,split
coco:139:84:0,coco,139,000000000139.jpg,84,book,a photo of a book,False,2,0,0.47324466705322266,5.1668,35.1095,176.0427,131.0895,0.0,False,True,9.88888888888889,test
coco:139:84:0,coco,139,000000000139.jpg,84,book,a photo of a book,False,2,1,0.24344120919704437,5.4956,5.4767,633.8395,418.8902,0.00252334913238883,False,True,9.88888888888889,test
coco:139:84:0,coco,139,000000000139.jpg,84,book,a photo of a book,False,2,2,0.19816787540912628,139.4035,276.5117,198.5714,292.7116,0.0,False,True,9.88888888888889,test
coco:139:84:0,coco,139,000000000139.jpg,84,book,a photo of a book,False,2,3,0.16101853549480438,3.7931,21.3532,207.2082,154.7274,0.0,False,True,9.88888888888889,test
coco:139:84:0,coco,139,000000000139.jpg,84,book,a photo of a book,False,2,4,0.1503257155418396,64.4718,60.5318,75.8835,101.5266,0.0,False,True,9.88888888888889,test
coco:139:84:0,coco,139,000000000139.jpg,84,book,a photo of a book,False,2,5,0.14473436772823334,5.5329,162.2255,157.2331,263.8076,0.0,False,True,9.88888888888889,test
coco:139:84:0,coco,139,000000000139.jpg,84,book,a photo of a book,False,2,6,0.13704410195350647,119.0228,67.1986,130.0843,109.5871,0.0,False,True,0.0,test
coco:139:84:0,coco,139,000000000139.jpg,84,book,a photo of a book,False,2,7,0.1320154368877411,380.5655,212.3597,426.5546,221.6302,0.0,False,True,0.0,test
coco:139:84:0,coco,139,000000000139.jpg,84,book,a photo of a book,False,2,8,0.11206582933664322,379.6251,166.1239,411.0793,217.8818,0.0,False,True,0.0,test
coco:139:84:0,coco,139,000000000139.jpg,84,book,a photo of a book,False,2,9,0.1016019955277443,382.946,169.853,404.6339,207.7765,0.0,False,True,0.0,test
coco:139:84:0,coco,139,000000000139.jpg,84,book,a photo of a book,False,2,10,0.10153253376483917,62.9348,58.2965,130.5387,111.3898,0.0,False,True,0.0,test
coco:139:84:0,coco,139,000000000139.jpg,84,book,a photo of a book,False,2,11,0.09837900847196579,380.345,209.3327,427.9916,226.0874,0.0,False,True,0.0,test
coco:139:84:0,coco,139,000000000139.jpg,84,book,a photo of a book,False,2,12,0.09809134900569916,135.9872,269.7536,206.1778,297.7735,0.0,False,True,0.0,test
coco:139:84:0,coco,139,000000000139.jpg,84,book,a photo of a book,False,2,13,0.09595607221126556,380.8963,142.5956,413.102,217.4187,0.0,False,True,0.0,test
coco:139:84:0,coco,139,000000000139.jpg,84,book,a photo of a book,False,2,14,0.092577263712883,556.1083,205.0663,637.8641,288.4801,0.0,False,True,0.0,test
coco:139:84:0,coco,139,000000000139.jpg,84,book,a photo of a book,False,2,15,0.09256091713905334,58.7236,55.6738,81.6809,105.4163,0.0,False,True,0.0,test
coco:139:84:0,coco,139,000000000139.jpg,84,book,a photo of a book,False,2,16,0.09186771512031555,0.4966,279.7507,20.3512,291.4957,0.0,False,True,0.0,test
coco:139:84:0,coco,139,000000000139.jpg,84,book,a photo of a book,False,2,17,0.08829452842473984,113.4643,62.9126,136.3561,113.4099,0.0,False,True,0.0,test
coco:139:84:0,coco,139,000000000139.jpg,84,book,a photo of a book,False,2,18,0.08765998482704163,88.2614,321.0519,143.1011,335.767,0.0,False,True,0.0,test
coco:139:84:0,coco,139,000000000139.jpg,84,book,a photo of a book,False,2,19,0.08025076985359192,293.4642,215.9823,307.4099,236.6084,0.0,False,True,0.0,test
coco:139:84:0,coco,139,000000000139.jpg,84,book,a photo of a book,False,2,20,0.0779520720243454,119.8667,321.5093,142.2786,331.5836,0.0,False,True,0.0,test
coco:139:84:0,coco,139,000000000139.jpg,84,book,a photo of a book,False,2,21,0.07448512315750122,88.7881,324.4783,114.8031,335.5949,0.0,False,True,0.0,test
coco:139:84:0,coco,139,000000000139.jpg,84,book,a photo of a book,False,2,22,0.0729702040553093,319.4438,227.8214,360.3415,236.2579,0.0,False,True,0.0,test
coco:139:84:0,coco,139,000000000139.jpg,84,book,a photo of a book,False,2,23,0.07085345685482025,11.4145,27.3996,559.8445,333.7747,0.0,False,True,0.0,test
coco:139:84:0,coco,139,000000000139.jpg,84,book,a photo of a book,False,2,24,0.06965038180351257,473.797,133.7093,527.7832,176.4912,0.0,False,True,0.0,test
coco:139:84:0,coco,139,000000000139.jpg,84,book,a photo of a book,False,2,25,0.06946979463100433,382.4415,203.8035,404.8875,216.8265,0.0,False,True,0.0,test
coco:139:84:0,coco,139,000000000139.jpg,84,book,a photo of a book,False,2,26,0.06794702261686325,318.449,225.0809,381.1891,239.4453,0.0,False,True,0.0,test
coco:139:84:0,coco,139,000000000139.jpg,84,book,a photo of a book,False,2,27,0.06636828184127808,15.0353,51.9197,129.8225,111.1946,0.0,False,True,0.0,test
coco:139:84:0,coco,139,000000000139.jpg,84,book,a photo of a book,False,2,28,0.06611363589763641,289.9857,208.987,448.7544,317.2964,0.0,False,True,0.0,test
coco:139:84:0,coco,139,000000000139.jpg,84,book,a photo of a book,False,2,29,0.06416120380163193,4.2661,18.75,242.5021,192.3648,0.0,False,True,0.0,test
coco:139:84:0,coco,139,000000000139.jpg,84,book,a photo of a book,False,2,30,0.06386446952819824,372.1972,158.9898,421.322,224.7327,0.0,False,True,0.0,test
coco:139:84:0,coco,139,000000000139.jpg,84,book,a photo of a book,False,2,31,0.06112031638622284,379.4946,200.4907,429.2056,230.9412,0.0,False,True,0.0,test
coco:139:84:0,coco,139,000000000139.jpg,84,book,a photo of a book,False,2,32,0.057215381413698196,83.6828,316.2513,148.16,340.1564,0.0,False,True,0.0,test
coco:139:84:0,coco,139,000000000139.jpg,84,book,a photo of a book,False,2,33,0.05669175833463669,544.3867,137.6714,637.8398,354.2366,0.03238747641444206,False,True,0.0,test
coco:139:84:0,coco,139,000000000139.jpg,84,book,a photo of a book,False,2,34,0.05582251399755478,366.485,137.1992,426.4903,225.2023,0.0,False,True,0.0,test
coco:139:84:0,coco,139,000000000139.jpg,84,book,a photo of a book,False,2,35,0.055709321051836014,445.2023,117.5129,463.8047,143.2788,0.0,False,True,0.0,test
coco:139:84:0,coco,139,000000000139.jpg,84,book,a photo of a book,False,2,36,0.05540118366479874,444.6308,163.962,492.4973,174.9869,0.0,False,True,0.0,test
coco:139:84:0,coco,139,000000000139.jpg,84,book,a photo of a book,False,2,37,0.054553017020225525,4.3505,150.7895,203.0585,292.3062,0.0,False,True,0.0,test
coco:139:84:0,coco,139,000000000139.jpg,84,book,a photo of a book,False,2,38,0.05441651493310928,4.4913,28.9879,225.9622,342.3902,0.0,False,True,0.0,test
coco:139:84:0,coco,139,000000000139.jpg,84,book,a photo of a book,False,2,39,0.05403343215584755,439.7692,113.0975,469.1947,148.0768,0.0,False,True,0.0,test
coco:139:84:0,coco,139,000000000139.jpg,84,book,a photo of a book,False,2,40,0.052974868565797806,202.4551,53.7154,287.9744,215.5998,0.0,False,True,0.0,test
coco:139:84:0,coco,139,000000000139.jpg,84,book,a photo of a book,False,2,41,0.05248260498046875,4.5094,33.04,179.4033,270.8632,0.0,False,True,0.0,test
coco:139:84:0,coco,139,000000000139.jpg,84,book,a photo of a book,False,2,42,0.05139574408531189,144.2964,275.2127,196.3037,289.4365,0.0,False,True,0.0,test
coco:139:84:0,coco,139,000000000139.jpg,84,book,a photo of a book,False,2,43,0.050620704889297485,12.1699,43.811,77.3083,106.1846,0.0,False,True,0.0,test
coco:139:84:0,coco,139,000000000139.jpg,84,book,a photo of a book,False,2,44,0.05027833208441734,117.0422,318.1422,145.3511,335.1113,0.0,False,True,0.0,test
coco:139:37:1,coco,139,000000000139.jpg,37,sports ball,a photo of a sports ball,True,0,0,0.5132574439048767,5.4696,5.0154,634.1662,419.5701,0.0,False,True,9.88888888888889,test
coco:139:37:1,coco,139,000000000139.jpg,37,sports ball,a photo of a sports ball,True,0,1,0.13288497924804688,4.7222,34.8038,175.5952,131.3329,0.0,False,True,0.0,test
coco:139:37:1,coco,139,000000000139.jpg,37,sports ball,a photo of a sports ball,True,0,2,0.11593740433454514,442.5818,114.6626,466.8376,146.2509,0.0,False,True,0.0,test
coco:139:37:1,coco,139,000000000139.jpg,37,sports ball,a photo of a sports ball,True,0,3,0.11466596275568008,446.3685,118.2028,463.0294,142.733,0.0,False,True,0.0,test
coco:139:37:1,coco,139,000000000139.jpg,37,sports ball,a photo of a sports ball,True,0,4,0.085556261241436,62.6115,44.8744,563.7592,380.8255,0.0,False,True,0.0,test
coco:139:37:1,coco,139,000000000139.jpg,37,sports ball,a photo of a sports ball,True,0,5,0.07376720011234283,356.858,208.9759,377.8543,233.6315,0.0,False,True,0.0,test
coco:139:37:1,coco,139,000000000139.jpg,37,sports ball,a photo of a sports ball,True,0,6,0.06959789246320724,5.5455,161.6192,157.3691,264.3261,0.0,False,True,0.0,test
coco:139:37:1,coco,139,000000000139.jpg,37,sports ball,a photo of a sports ball,True,0,7,0.06556081026792526,555.8102,205.2928,637.7281,286.9763,0.0,False,True,0.0,test
coco:139:37:1,coco,139,000000000139.jpg,37,sports ball,a photo of a sports ball,True,0,8,0.06497389823198318,433.2539,106.6051,477.3558,156.7558,0.0,False,True,0.0,test
coco:139:37:1,coco,139,000000000139.jpg,37,sports ball,a photo of a sports ball,True,0,9,0.06329849362373352,360.0394,212.448,374.8811,230.1671,0.0,False,True,0.0,test
coco:139:37:1,coco,139,000000000139.jpg,37,sports ball,a photo of a sports ball,True,0,10,0.06250827014446259,3.6623,23.789,195.8071,155.0499,0.0,False,True,0.0,test
coco:139:37:1,coco,139,000000000139.jpg,37,sports ball,a photo of a sports ball,True,0,11,0.05870742350816727,18.2391,31.5861,614.8131,310.2675,0.0,False,True,0.0,test
coco:139:37:1,coco,139,000000000139.jpg,37,sports ball,a photo of a sports ball,True,0,12,0.05579758435487747,193.158,42.5948,551.1985,322.5594,0.0,False,True,0.0,test
coco:139:37:1,coco,139,000000000139.jpg,37,sports ball,a photo of a sports ball,True,0,13,0.05511093512177467,211.8446,295.925,258.6328,329.4497,0.0,False,True,0.0,test
coco:139:37:1,coco,139,000000000139.jpg,37,sports ball,a photo of a sports ball,True,0,14,0.0527292937040329,214.3183,2.873,331.3244,65.47,0.0,False,True,0.0,test
coco:139:37:1,coco,139,000000000139.jpg,37,sports ball,a photo of a sports ball,True,0,15,0.05148220807313919,379.1526,66.429,551.1974,303.6815,0.0,False,True,0.0,test
coco:139:37:1,coco,139,000000000139.jpg,37,sports ball,a photo of a sports ball,True,0,16,0.050771910697221756,570.0737,241.0186,611.2877,275.601,0.0,False,True,0.0,test
coco:139:37:1,coco,139,000000000139.jpg,37,sports ball,a photo of a sports ball,True,0,17,0.0506710521876812,546.8925,298.3259,590.1798,401.5786,0.0,False,True,0.0,test
coco:285:18:4,coco,285,000000000285.jpg,18,dog,a photo of a dog,True,0,0,0.3903309404850006,5.9848,17.5197,579.3963,630.4034,0.0,False,True,9.88888888888889,test
coco:285:18:4,coco,285,000000000285.jpg,18,dog,a photo of a dog,True,0,1,0.1531381607055664,39.5532,67.3067,539.6262,555.1258,0.0,False,True,9.88888888888889,test
coco:285:18:4,coco,285,000000000285.jpg,18,dog,a photo of a dog,True,0,2,0.08084752410650253,82.6764,99.931,467.4117,509.615,0.0,False,True,0.0,test
coco:285:18:4,coco,285,000000000285.jpg,18,dog,a photo of a dog,True,0,3,0.07225304841995239,27.7479,30.6049,560.299,422.9745,0.0,False,True,0.0,test
coco:285:18:4,coco,285,000000000285.jpg,18,dog,a photo of a dog,True,0,4,0.06019214168190956,18.4349,182.9174,565.8625,625.0273,0.0,False,True,0.0,test
coco:632:64:6,coco,632,000000000632.jpg,64,potted plant,a photo of a potted plant,False,2,0,0.3840004503726959,342.5702,213.3829,431.4989,352.2268,0.9027494788169861,True,False,9.88888888888889,test
coco:632:64:6,coco,632,000000000632.jpg,64,potted plant,a photo of a potted plant,False,2,1,0.30280372500419617,4.1569,3.0239,633.7762,478.1256,0.039443716406822205,False,True,9.88888888888889,test
coco:632:64:6,coco,632,000000000632.jpg,64,potted plant,a photo of a potted plant,False,2,2,0.23385004699230194,185.569,131.9901,240.6537,229.8412,0.8602139353752136,True,False,9.88888888888889,test
coco:632:64:6,coco,632,000000000632.jpg,64,potted plant,a photo of a potted plant,False,2,3,0.21273061633110046,167.6307,87.1997,205.5856,136.2757,0.0,False,True,9.88888888888889,test
coco:632:64:6,coco,632,000000000632.jpg,64,potted plant,a photo of a potted plant,False,2,4,0.12904667854309082,320.0203,193.2908,458.266,374.2587,0.47161707282066345,False,True,0.0,test
coco:632:64:6,coco,632,000000000632.jpg,64,potted plant,a photo of a potted plant,False,2,5,0.11913441866636276,158.723,78.439,215.0979,145.3461,0.030614620074629784,False,True,0.0,test
coco:632:64:6,coco,632,000000000632.jpg,64,potted plant,a photo of a potted plant,False,2,6,0.08546961098909378,169.8775,118.4521,259.3546,246.088,0.49170032143592834,False,True,0.0,test
coco:632:64:6,coco,632,000000000632.jpg,64,potted plant,a photo of a potted plant,False,2,7,0.08520093560218811,68.526,83.3175,245.8306,308.8029,0.14045825600624084,False,True,0.0,test
coco:632:64:6,coco,632,000000000632.jpg,64,potted plant,a photo of a potted plant,False,2,8,0.08236274868249893,161.6768,82.9291,248.5582,234.4756,0.42649415135383606,False,True,0.0,test
coco:632:64:6,coco,632,000000000632.jpg,64,potted plant,a photo of a potted plant,False,2,9,0.0786866694688797,251.9215,223.6778,271.9365,247.0225,0.0,False,True,0.0,test
coco:632:64:6,coco,632,000000000632.jpg,64,potted plant,a photo of a potted plant,False,2,10,0.07692046463489532,17.5352,12.1602,574.5816,386.5194,0.05657995119690895,False,True,0.0,test
coco:632:64:6,coco,632,000000000632.jpg,64,potted plant,a photo of a potted plant,False,2,11,0.06742818653583527,420.0043,35.665,563.4951,357.183,0.02493361197412014,False,True,0.0,test
coco:632:64:6,coco,632,000000000632.jpg,64,potted plant,a photo of a potted plant,False,2,12,0.06712988764047623,73.1902,85.136,242.0704,234.7633,0.21304763853549957,False,True,0.0,test
coco:632:64:6,coco,632,000000000632.jpg,64,potted plant,a photo of a potted plant,False,2,13,0.06378799676895142,82.4789,94.02,197.6029,192.9205,0.04955598711967468,False,True,0.0,test
coco:632:64:6,coco,632,000000000632.jpg,64,potted plant,a photo of a potted plant,False,2,14,0.06341353803873062,245.8402,228.0923,350.2961,318.7429,0.012716664932668209,False,True,0.0,test
coco:632:64:6,coco,632,000000000632.jpg,64,potted plant,a photo of a potted plant,False,2,15,0.061979904770851135,245.6319,210.0092,433.3017,352.7123,0.4288700819015503,False,True,0.0,test
coco:632:64:6,coco,632,000000000632.jpg,64,potted plant,a photo of a potted plant,False,2,16,0.05927596241235733,307.301,165.3925,480.4855,397.349,0.29371553659439087,False,True,0.0,test
coco:632:64:6,coco,632,000000000632.jpg,64,potted plant,a photo of a potted plant,False,2,17,0.05778568238019943,160.9647,85.4792,206.5756,182.9348,0.11983891576528549,False,True,0.0,test
coco:632:64:6,coco,632,000000000632.jpg,64,potted plant,a photo of a potted plant,False,2,18,0.05735602229833603,348.8885,243.8479,421.7697,318.8899,0.46352913975715637,False,True,0.0,test
coco:632:64:6,coco,632,000000000632.jpg,64,potted plant,a photo of a potted plant,False,2,19,0.05482245981693268,5.7058,6.2473,423.2431,478.9125,0.05472831800580025,False,True,0.0,test
coco:632:64:6,coco,632,000000000632.jpg,64,potted plant,a photo of a potted plant,False,2,20,0.05397096648812294,19.5109,115.6103,606.9109,471.9405,0.056371018290519714,False,True,0.0,test
coco:632:64:6,coco,632,000000000632.jpg,64,potted plant,a photo of a potted plant,False,2,21,0.0512361042201519,6.725,7.328,249.1707,308.5571,0.07689076662063599,False,True,0.0,test
coco:724:8:9,coco,724,000000000724.jpg,8,truck,a photo of a truck,False,1,0,0.3958994746208191,17.2419,256.5073,146.7484,316.0639,0.08503801375627518,False,True,9.88888888888889,test
coco:724:8:9,coco,724,000000000724.jpg,8,truck,a photo of a truck,False,1,1,0.24921686947345734,3.1135,4.6228,372.1253,496.0493,0.003616894595324993,False,True,9.88888888888889,test
coco:724:8:9,coco,724,000000000724.jpg,8,truck,a photo of a truck,False,1,2,0.24276164174079895,65.9577,257.4794,145.7836,311.7496,0.15140126645565033,False,True,9.88888888888889,test
coco:724:8:9,coco,724,000000000724.jpg,8,truck,a photo of a truck,False,1,3,0.1861114799976349,11.7179,243.2252,164.949,335.2867,0.04649539291858673,False,True,9.88888888888889,test
coco:724:8:9,coco,724,000000000724.jpg,8,truck,a photo of a truck,False,1,4,0.14247232675552368,100.342,270.7743,145.7014,310.4883,0.3641033172607422,False,True,0.0,test
coco:724:8:9,coco,724,000000000724.jpg,8,truck,a photo of a truck,False,1,5,0.1083417758345604,55.8235,246.8655,162.4746,323.2345,0.0805288776755333,False,True,0.0,test
coco:724:8:9,coco,724,000000000724.jpg,8,truck,a photo of a truck,False,1,6,0.1003270298242569,65.7692,257.8714,120.7222,309.6072,0.0,False,True,0.0,test
coco:724:8:9,coco,724,000000000724.jpg,8,truck,a photo of a truck,False,1,7,0.09967127442359924,18.143,259.0053,111.1682,314.944,0.0,False,True,0.0,test
coco:724:8:9,coco,724,000000000724.jpg,8,truck,a photo of a truck,False,1,8,0.09352821856737137,67.0259,254.712,167.0947,333.2549,0.0834505632519722,False,True,0.0,test
coco:724:8:9,coco,724,000000000724.jpg,8,truck,a photo of a truck,False,1,9,0.09009076654911041,9.4389,217.899,181.8197,355.7271,0.027606302872300148,False,True,0.0,test
coco:724:8:9,coco,724,000000000724.jpg,8,truck,a photo of a truck,False,1,10,0.06889955699443817,120.896,278.1556,145.6905,309.5711,0.8400490880012512,True,False,0.0,test
coco:724:8:9,coco,724,000000000724.jpg,8,truck,a photo of a truck,False,1,11,0.0681542232632637,7.6703,141.4765,367.386,488.918,0.005247997120022774,False,True,0.0,test
coco:724:8:9,coco,724,000000000724.jpg,8,truck,a photo of a truck,False,1,12,0.06407956779003143,69.4979,257.627,108.2475,281.1675,0.0,False,True,0.0,test
coco:724:8:9,coco,724,000000000724.jpg,8,truck,a photo of a truck,False,1,13,0.06144163757562637,65.9262,257.0867,109.8331,291.5351,0.0,False,True,0.0,test
coco:724:8:9,coco,724,000000000724.jpg,8,truck,a photo of a truck,False,1,14,0.06019330397248268,95.7462,259.0311,146.195,310.7756,0.2512579560279846,False,True,0.0,test
coco:724:8:9,coco,724,000000000724.jpg,8,truck,a photo of a truck,False,1,15,0.05546310916543007,12.2533,224.9003,240.9572,385.8524,0.017818232998251915,False,True,0.0,test
coco:724:8:9,coco,724,000000000724.jpg,8,truck,a photo of a truck,False,1,16,0.05533378943800926,14.9014,264.8179,36.5513,289.9956,0.0,False,True,0.0,test
coco:724:8:9,coco,724,000000000724.jpg,8,truck,a photo of a truck,False,1,17,0.052378155291080475,56.48,245.0622,193.3036,360.6645,0.04146740585565567,False,True,0.0,test
coco:724:8:9,coco,724,000000000724.jpg,8,truck,a photo of a truck,False,1,18,0.05114103853702545,116.3563,67.6041,257.9643,228.1195,0.0,False,True,0.0,test
coco:724:8:9,coco,724,000000000724.jpg,8,truck,a photo of a truck,False,1,19,0.05002349615097046,100.5616,270.9041,124.705,308.2294,0.024919290095567703,False,True,0.0,test
coco:724:28:11,coco,724,000000000724.jpg,28,umbrella,a photo of a umbrella,True,0,0,0.3699760138988495,3.4093,3.8362,371.924,496.4116,0.0,False,True,9.88888888888889,test
coco:724:28:11,coco,724,000000000724.jpg,28,umbrella,a photo of a umbrella,True,0,1,0.2657743990421295,116.0705,67.2181,258.4853,228.867,0.0,False,True,9.88888888888889,test
coco:724:28:11,coco,724,000000000724.jpg,28,umbrella,a photo of a umbrella,True,0,2,0.19924695789813995,335.2538,255.8679,362.5419,269.7665,0.0,False,True,9.88888888888889,test
coco:724:28:11,coco,724,000000000724.jpg,28,umbrella,a photo of a umbrella,True,0,3,0.19422422349452972,114.8091,66.6822,260.3084,496.8558,0.0,False,True,9.88888888888889,test
coco:724:28:11,coco,724,000000000724.jpg,28,umbrella,a photo of a umbrella,True,0,4,0.1447022706270218,89.322,56.5265,297.6737,495.4017,0.0,False,True,9.88888888888889,test
coco:724:28:11,coco,724,000000000724.jpg,28,umbrella,a photo of a umbrella,True,0,5,0.1381291002035141,90.4705,54.5363,290.7573,247.4353,0.0,False,True,0.0,test
coco:724:28:11,coco,724,000000000724.jpg,28,umbrella,a photo of a umbrella,True,0,6,0.12722179293632507,320.1307,252.3974,363.1494,270.933,0.0,False,True,0.0,test
coco:724:28:11,coco,724,000000000724.jpg,28,umbrella,a photo of a umbrella,True,0,7,0.1035086065530777,73.0739,39.9808,314.7655,289.8436,0.0,False,True,0.0,test
coco:724:28:11,coco,724,000000000724.jpg,28,umbrella,a photo of a umbrella,True,0,8,0.09396594017744064,45.7572,33.8102,341.5648,442.3083,0.0,False,True,0.0,test
coco:724:28:11,coco,724,000000000724.jpg,28,umbrella,a photo of a umbrella,True,0,9,0.09332247078418732,331.1105,250.7905,364.4487,274.1305,0.0,False,True,0.0,test
coco:724:28:11,coco,724,000000000724.jpg,28,umbrella,a photo of a umbrella,True,0,10,0.08300580084323883,64.3302,257.0463,108.344,275.6751,0.0,False,True,0.0,test
coco:724:28:11,coco,724,000000000724.jpg,28,umbrella,a photo of a umbrella,True,0,11,0.07767365872859955,18.6756,255.9826,145.6158,315.8901,0.0,False,True,0.0,test
coco:724:28:11,coco,724,000000000724.jpg,28,umbrella,a photo of a umbrella,True,0,12,0.07684307545423508,6.8617,8.5666,369.5709,344.4293,0.0,False,True,0.0,test
coco:724:28:11,coco,724,000000000724.jpg,28,umbrella,a photo of a umbrella,True,0,13,0.0655561238527298,102.6562,56.693,276.9292,363.0651,0.0,False,True,0.0,test
coco:724:28:11,coco,724,000000000724.jpg,28,umbrella,a photo of a umbrella,True,0,14,0.06527914106845856,336.5296,266.4601,355.4419,284.6824,0.0,False,True,0.0,test
coco:724:28:11,coco,724,000000000724.jpg,28,umbrella,a photo of a umbrella,True,0,15,0.06416358798742294,39.3652,257.1112,108.4887,286.263,0.0,False,True,0.0,test
coco:724:28:11,coco,724,000000000724.jpg,28,umbrella,a photo of a umbrella,True,0,16,0.06337643414735794,56.0596,52.0107,358.4083,319.7671,0.0,False,True,0.0,test
coco:724:28:11,coco,724,000000000724.jpg,28,umbrella,a photo of a umbrella,True,0,17,0.0628252923488617,334.3558,253.7505,362.8299,288.7699,0.0,False,True,0.0,test
coco:724:28:11,coco,724,000000000724.jpg,28,umbrella,a photo of a umbrella,True,0,18,0.06202840805053711,104.8008,63.1527,365.7388,493.9244,0.0,False,True,0.0,test
coco:724:28:11,coco,724,000000000724.jpg,28,umbrella,a photo of a umbrella,True,0,19,0.05546567961573601,317.1034,247.4469,364.0119,287.0862,0.0,False,True,0.0,test
coco:724:28:11,coco,724,000000000724.jpg,28,umbrella,a photo of a umbrella,True,0,20,0.05544469878077507,304.8869,253.4055,363.026,274.624,0.0,False,True,0.0,test
coco:724:28:11,coco,724,000000000724.jpg,28,umbrella,a photo of a umbrella,True,0,21,0.05502162128686905,235.849,382.8096,294.5707,408.6003,0.0,False,True,0.0,test
coco:724:28:11,coco,724,000000000724.jpg,28,umbrella,a photo of a umbrella,True,0,22,0.05292379483580589,182.403,223.7262,204.1641,497.7725,0.0,False,True,0.0,test
coco:724:28:11,coco,724,000000000724.jpg,28,umbrella,a photo of a umbrella,True,0,23,0.05223804712295532,62.6046,255.9769,110.1156,306.8389,0.0,False,True,0.0,test
coco:724:28:11,coco,724,000000000724.jpg,28,umbrella,a photo of a umbrella,True,0,24,0.05204751715064049,303.9369,244.1624,364.9408,274.6202,0.0,False,True,0.0,test
coco:724:28:11,coco,724,000000000724.jpg,28,umbrella,a photo of a umbrella,True,0,25,0.051813866943120956,23.467,147.2011,358.0016,479.6851,0.0,False,True,0.0,test
coco:724:28:11,coco,724,000000000724.jpg,28,umbrella,a photo of a umbrella,True,0,26,0.05085498094558716,127.4233,101.3933,251.9989,204.6688,0.0,False,True,0.0,test
coco:776:89:13,coco,776,000000000776.jpg,89,hair drier,a photo of a hair drier,True,0,0,0.35402631759643555,5.2607,4.3637,422.5446,631.2218,0.0,False,True,9.88888888888889,test
coco:776:89:13,coco,776,000000000776.jpg,89,hair drier,a photo of a hair drier,True,0,1,0.1676117330789566,2.357,267.1992,322.0638,636.3403,0.0,False,True,9.88888888888889,test
coco:776:89:13,coco,776,000000000776.jpg,89,hair drier,a photo of a hair drier,True,0,2,0.1619870960712433,99.5416,2.4705,424.5469,399.3599,0.0,False,True,9.88888888888889,test
coco:776:89:13,coco,776,000000000776.jpg,89,hair drier,a photo of a hair drier,True,0,3,0.1560906022787094,17.0086,14.9015,415.1356,470.9808,0.0,False,True,9.88888888888889,test
coco:776:89:13,coco,776,000000000776.jpg,89,hair drier,a photo of a hair drier,True,0,4,0.13529647886753082,2.7065,50.3893,349.0326,529.9979,0.0,False,True,0.0,test
coco:776:89:13,coco,776,000000000776.jpg,89,hair drier,a photo of a hair drier,True,0,5,0.10289414972066879,2.296,51.925,202.1946,287.0486,0.0,False,True,0.0,test
coco:776:89:13,coco,776,000000000776.jpg,89,hair drier,a photo of a hair drier,True,0,6,0.1013803482055664,101.4339,2.4987,418.1801,243.4579,0.0,False,True,0.0,test
coco:776:89:13,coco,776,000000000776.jpg,89,hair drier,a photo of a hair drier,True,0,7,0.09316656738519669,162.5636,14.1132,417.9739,302.7603,0.0,False,True,0.0,test
coco:776:89:13,coco,776,000000000776.jpg,89,hair drier,a photo of a hair drier,True,0,8,0.09237632900476456,11.177,9.6478,420.2804,323.236,0.0,False,True,0.0,test
coco:776:89:13,coco,776,000000000776.jpg,89,hair drier,a photo of a hair drier,True,0,9,0.07389509677886963,159.637,9.6237,422.0215,481.614,0.0,False,True,0.0,test
coco:776:89:13,coco,776,000000000776.jpg,89,hair drier,a photo of a hair drier,True,0,10,0.06724131107330322,179.5378,19.261,388.0314,234.6765,0.0,False,True,0.0,test
coco:776:89:13,coco,776,000000000776.jpg,89,hair drier,a photo of a hair drier,True,0,11,0.06297803670167923,4.4264,268.6821,239.5213,556.728,0.0,False,True,0.0,test
coco:776:89:13,coco,776,000000000776.jpg,89,hair drier,a photo of a hair drier,True,0,12,0.05576907843351364,8.0493,139.5698,335.7027,628.2643,0.0,False,True,0.0,test
coco:785:61:16,coco,785,000000000785.jpg,61,cake,a photo of a cake,True,0,0,0.3974689543247223,9.4632,8.0047,630.6924,416.6962,0.0,False,True,9.88888888888889,test
coco:785:61:16,coco,785,000000000785.jpg,61,cake,a photo of a cake,True,0,1,0.278765469789505,199.2888,37.2025,612.3355,408.6868,0.0,False,True,9.88888888888889,test
coco:785:61:16,coco,785,000000000785.jpg,61,cake,a photo of a cake,True,0,2,0.16990205645561218,268.8689,38.9296,519.06,394.8578,0.0,False,True,9.88888888888889,test
coco:785:61:16,coco,785,000000000785.jpg,61,cake,a photo of a cake,True,0,3,0.09455560892820358,117.6591,33.8316,576.1158,374.3824,0.0,False,True,0.0,test
coco:785:61:16,coco,785,000000000785.jpg,61,cake,a photo of a cake,True,0,4,0.08199864625930786,352.8996,86.5157,384.4584,116.2547,0.0,False,True,0.0,test
coco:785:61:16,coco,785,000000000785.jpg,61,cake,a photo of a cake,True,0,5,0.06411781907081604,350.9822,42.2167,392.7827,78.8999,0.0,False,True,0.0,test
coco:785:61:16,coco,785,000000000785.jpg,61,cake,a photo of a cake,True,0,6,0.06139440834522247,238.2017,35.3765,555.4193,347.1997,0.0,False,True,0.0,test
coco:802:82:18,coco,802,000000000802.jpg,82,refrigerator,a photo of a refrigerator,False,1,0,0.5128968358039856,239.2013,182.9482,410.6504,534.3275,0.9407987594604492,True,False,9.88888888888889,test
coco:802:82:18,coco,802,000000000802.jpg,82,refrigerator,a photo of a refrigerator,False,1,1,0.371338427066803,5.2392,4.8667,417.2047,634.3423,0.2275760918855667,False,True,9.88888888888889,test
coco:802:82:18,coco,802,000000000802.jpg,82,refrigerator,a photo of a refrigerator,False,1,2,0.12859506905078888,25.1053,159.2812,410.8851,621.6373,0.33086463809013367,False,True,0.0,test
coco:802:82:18,coco,802,000000000802.jpg,82,refrigerator,a photo of a refrigerator,False,1,3,0.11878124624490738,192.5217,151.0134,416.5036,574.4122,0.6223056316375732,True,False,0.0,test
coco:802:82:18,coco,802,000000000802.jpg,82,refrigerator,a photo of a refrigerator,False,1,4,0.07937878370285034,146.449,93.457,414.042,606.1929,0.43012818694114685,False,True,0.0,test
coco:802:82:18,coco,802,000000000802.jpg,82,refrigerator,a photo of a refrigerator,False,1,5,0.07502751797437668,31.0742,67.4825,398.6051,478.7813,0.27301716804504395,False,True,0.0,test
coco:802:82:18,coco,802,000000000802.jpg,82,refrigerator,a photo of a refrigerator,False,1,6,0.060778938233852386,97.2197,167.4491,409.7187,544.6702,0.49570581316947937,False,True,0.0,test
coco:802:82:18,coco,802,000000000802.jpg,82,refrigerator,a photo of a refrigerator,False,1,7,0.05556323751807213,238.0842,183.5948,407.1014,393.9453,0.5567893385887146,True,False,0.0,test
coco:802:82:18,coco,802,000000000802.jpg,82,refrigerator,a photo of a refrigerator,False,1,8,0.053344059735536575,31.4598,282.3912,163.5405,520.4099,0.0,False,True,0.0,test
coco:802:82:18,coco,802,000000000802.jpg,82,refrigerator,a photo of a refrigerator,False,1,9,0.05323147028684616,256.1844,291.2646,314.4436,373.1595,0.08084534108638763,False,True,0.0,test
coco:802:67:19,coco,802,000000000802.jpg,67,dining table,a photo of a dining table,True,0,0,0.5504273176193237,10.0586,7.8349,414.2901,633.6617,0.0,False,True,9.88888888888889,test
coco:802:67:19,coco,802,000000000802.jpg,67,dining table,a photo of a dining table,True,0,1,0.12907034158706665,26.8885,89.4042,404.8743,531.5048,0.0,False,True,0.0,test
coco:802:67:19,coco,802,000000000802.jpg,67,dining table,a photo of a dining table,True,0,2,0.08225923776626587,29.9377,189.1562,397.508,616.3305,0.0,False,True,0.0,test
coco:802:67:19,coco,802,000000000802.jpg,67,dining table,a photo of a dining table,True,0,3,0.06790805608034134,31.8979,283.0262,163.4201,519.4871,0.0,False,True,0.0,test
coco:802:67:19,coco,802,000000000802.jpg,67,dining table,a photo of a dining table,True,0,4,0.05270318686962128,24.2283,38.7181,405.5252,417.4771,0.0,False,True,0.0,test
coco:802:67:19,coco,802,000000000802.jpg,67,dining table,a photo of a dining table,True,0,5,0.051077697426080704,30.753,278.6528,247.4651,521.1858,0.0,False,True,0.0,test
coco:872:64:22,coco,872,000000000872.jpg,64,potted plant,a photo of a potted plant,True,0,0,0.510016679763794,4.0178,4.0504,616.7656,633.7205,0.0,False,True,9.88888888888889,test
coco:872:64:22,coco,872,000000000872.jpg,64,potted plant,a photo of a potted plant,True,0,1,0.17915017902851105,145.9556,94.2623,441.8192,610.1138,0.0,False,True,9.88888888888889,test
coco:872:64:22,coco,872,000000000872.jpg,64,potted plant,a photo of a potted plant,True,0,2,0.1432560384273529,53.3301,85.7326,571.0059,607.1208,0.0,False,True,9.88888888888889,test
coco:872:64:22,coco,872,000000000872.jpg,64,potted plant,a photo of a potted plant,True,0,3,0.1244044229388237,4.1505,3.0807,617.1046,382.0698,0.0,False,True,0.0,test
coco:872:64:22,coco,872,000000000872.jpg,64,potted plant,a photo of a potted plant,True,0,4,0.08730839937925339,54.2397,30.959,581.0353,484.054,0.0,False,True,0.0,test
coco:872:64:22,coco,872,000000000872.jpg,64,potted plant,a photo of a potted plant,True,0,5,0.061022840440273285,328.5512,1.7932,618.5686,380.2512,0.0,False,True,0.0,test
coco:872:64:22,coco,872,000000000872.jpg,64,potted plant,a photo of a potted plant,True,0,6,0.059897784143686295,109.7821,90.215,515.4319,534.2994,0.0,False,True,0.0,test
coco:872:64:22,coco,872,000000000872.jpg,64,potted plant,a photo of a potted plant,True,0,7,0.05781036242842674,3.3075,1.3559,344.9949,370.3699,0.0,False,True,0.0,test
coco:885:1:24,coco,885,000000000885.jpg,1,person,a photo of a person,False,8,0,0.4085163176059723,276.1849,186.438,416.2599,397.9555,0.9664134383201599,True,False,9.88888888888889,test
coco:885:1:24,coco,885,000000000885.jpg,1,person,a photo of a person,False,8,1,0.23515117168426514,292.0762,87.1179,407.4139,252.6877,0.7583748698234558,True,False,9.88888888888889,test
coco:885:1:24,coco,885,000000000885.jpg,1,person,a photo of a person,False,8,2,0.2269674688577652,7.9126,10.4927,634.298,418.5056,0.11413372308015823,False,True,9.88888888888889,test
coco:885:1:24,coco,885,000000000885.jpg,1,person,a photo of a person,False,8,3,0.2199927717447281,233.2074,79.3369,484.4714,401.3548,0.3605116009712219,False,True,9.88888888888889,test
coco:885:1:24,coco,885,000000000885.jpg,1,person,a photo of a person,False,8,4,0.1554349660873413,265.3482,180.7901,484.1397,399.7971,0.6087530255317688,True,False,9.88888888888889,test
coco:885:1:24,coco,885,000000000885.jpg,1,person,a photo of a person,False,8,5,0.15187139809131622,190.4224,54.0807,519.7047,410.716,0.24839161336421967,False,True,9.88888888888889,test
coco:885:1:24,coco,885,000000000885.jpg,1,person,a photo of a person,False,8,6,0.14945495128631592,261.7405,82.825,428.7867,398.9721,0.5523366332054138,True,False,9.88888888888889,test
coco:885:1:24,coco,885,000000000885.jpg,1,person,a photo of a person,False,8,7,0.1324922740459442,591.9918,24.678,638.2881,251.2489,0.893789529800415,True,False,0.0,test
coco:885:1:24,coco,885,000000000885.jpg,1,person,a photo of a person,False,8,8,0.12043783813714981,242.5286,157.5887,443.2811,400.4236,0.5983531475067139,True,False,0.0,test
coco:885:1:24,coco,885,000000000885.jpg,1,person,a photo of a person,False,8,9,0.09715989232063293,269.8935,70.3989,439.361,273.5892,0.5506384968757629,True,False,0.0,test
coco:885:1:24,coco,885,000000000885.jpg,1,person,a photo of a person,False,8,10,0.0846659392118454,567.1807,20.7658,637.8668,254.7916,0.5708374977111816,True,False,0.0,test
coco:885:1:24,coco,885,000000000885.jpg,1,person,a photo of a person,False,8,11,0.08422859013080597,303.4781,85.8596,401.1217,192.9123,0.45617595314979553,False,True,0.0,test
coco:885:1:24,coco,885,000000000885.jpg,1,person,a photo of a person,False,8,12,0.07574603706598282,276.0161,185.4225,419.9144,328.4114,0.6388445496559143,True,False,0.0,test
coco:885:1:24,coco,885,000000000885.jpg,1,person,a photo of a person,False,8,13,0.07566093653440475,108.9601,17.0345,556.478,412.6673,0.16475053131580353,False,True,0.0,test
coco:885:1:24,coco,885,000000000885.jpg,1,person,a photo of a person,False,8,14,0.07544178515672684,241.9653,66.8624,462.6003,306.498,0.3586166799068451,False,True,0.0,test
coco:885:1:24,coco,885,000000000885.jpg,1,person,a photo of a person,False,8,15,0.0652046874165535,207.1869,102.7856,581.5549,414.1481,0.25024449825286865,False,True,0.0,test
coco:885:1:24,coco,885,000000000885.jpg,1,person,a photo of a person,False,8,16,0.05883415788412094,412.6327,205.5375,438.8752,246.5041,0.006499330513179302,False,True,0.0,test
coco:885:1:24,coco,885,000000000885.jpg,1,person,a photo of a person,False,8,17,0.05556822568178177,139.2208,153.7579,560.3851,412.7295,0.26743966341018677,False,True,0.0,test
coco:885:59:25,coco,885,000000000885.jpg,59,pizza,a photo of a pizza,True,0,0,0.2866508662700653,272.8608,185.0685,417.4597,398.2787,0.0,False,True,9.88888888888889,test
coco:885:59:25,coco,885,000000000885.jpg,59,pizza,a photo of a pizza,True,0,1,0.27219200134277344,10.0904,15.3801,631.4385,417.8419,0.0,False,True,9.88888888888889,test
coco:885:59:25,coco,885,000000000885.jpg,59,pizza,a photo of a pizza,True,0,2,0.2364199161529541,242.9252,179.768,483.6785,399.907,0.0,False,True,9.88888888888889,test
coco:885:59:25,coco,885,000000000885.jpg,59,pizza,a photo of a pizza,True,0,3,0.2204214632511139,216.269,76.3058,498.3776,405.262,0.0,False,True,9.88888888888889,test
coco:885:59:25,coco,885,000000000885.jpg,59,pizza,a photo of a pizza,True,0,4,0.15230998396873474,252.0713,86.0397,430.3594,398.9909,0.0,False,True,9.88888888888889,test
coco:885:59:25,coco,885,000000000885.jpg,59,pizza,a photo of a pizza,True,0,5,0.15220364928245544,104.3859,39.6561,559.4479,414.609,0.0,False,True,9.88888888888889,test
coco:885:59:25,coco,885,000000000885.jpg,59,pizza,a photo of a pizza,True,0,6,0.09929987788200378,42.5059,103.6952,603.0598,412.5084,0.0,False,True,0.0,test
coco:885:59:25,coco,885,000000000885.jpg,59,pizza,a photo of a pizza,True,0,7,0.0914410725235939,75.008,57.9342,455.4819,127.7616,0.0,False,True,0.0,test
coco:885:59:25,coco,885,000000000885.jpg,59,pizza,a photo of a pizza,True,0,8,0.08211760222911835,389.9077,266.3753,482.1135,311.7194,0.0,False,True,0.0,test
coco:885:59:25,coco,885,000000000885.jpg,59,pizza,a photo of a pizza,True,0,9,0.07494240254163742,243.1374,200.5293,286.0129,242.3644,0.0,False,True,0.0,test
coco:885:59:25,coco,885,000000000885.jpg,59,pizza,a photo of a pizza,True,0,10,0.06390416622161865,431.5521,267.2325,481.2784,310.3439,0.0,False,True,0.0,test
coco:885:59:25,coco,885,000000000885.jpg,59,pizza,a photo of a pizza,True,0,11,0.06165139377117157,199.8617,168.7341,572.648,410.9718,0.0,False,True,0.0,test
coco:885:59:25,coco,885,000000000885.jpg,59,pizza,a photo of a pizza,True,0,12,0.057783905416727066,287.3645,85.735,412.731,253.6819,0.0,False,True,0.0,test
coco:885:59:25,coco,885,000000000885.jpg,59,pizza,a photo of a pizza,True,0,13,0.05508170649409294,63.296,41.9396,469.5534,146.9656,0.0,False,True,0.0,test
coco:885:59:25,coco,885,000000000885.jpg,59,pizza,a photo of a pizza,True,0,14,0.0529734268784523,440.3882,210.2758,520.2479,242.7889,0.0,False,True,0.0,test
coco:885:59:25,coco,885,000000000885.jpg,59,pizza,a photo of a pizza,True,0,15,0.05279948562383652,269.4918,182.7989,422.5431,321.7003,0.0,False,True,0.0,test
coco:885:59:25,coco,885,000000000885.jpg,59,pizza,a photo of a pizza,True,0,16,0.05266425758600235,2.0462,380.3999,637.4796,424.2204,0.0,False,True,0.0,test
coco:1000:50:29,coco,1000,000000001000.jpg,50,spoon,a photo of a spoon,True,0,0,0.3122889995574951,7.6889,8.0515,633.2296,474.1249,0.0,False,True,9.88888888888889,test
coco:1000:50:29,coco,1000,000000001000.jpg,50,spoon,a photo of a spoon,True,0,1,0.17501315474510193,284.163,160.1765,325.9805,224.2005,0.0,False,True,9.88888888888889,test
coco:1000:50:29,coco,1000,000000001000.jpg,50,spoon,a photo of a spoon,True,0,2,0.14734245836734772,204.2044,227.8148,228.0331,287.9691,0.0,False,True,9.88888888888889,test
coco:1000:50:29,coco,1000,000000001000.jpg,50,spoon,a photo of a spoon,True,0,3,0.14402185380458832,45.9321,299.5856,97.8697,396.5433,0.0,False,True,9.88888888888889,test
coco:1000:50:29,coco,1000,000000001000.jpg,50,spoon,a photo of a spoon,True,0,4,0.14371433854103088,36.6643,181.1196,115.0062,398.3648,0.0,False,True,9.88888888888889,test
coco:1000:50:29,coco,1000,000000001000.jpg,50,spoon,a photo of a spoon,True,0,5,0.1397552490234375,512.0983,187.4829,637.4067,476.4547,0.0,False,True,0.0,test
coco:1000:50:29,coco,1000,000000001000.jpg,50,spoon,a photo of a spoon,True,0,6,0.13839386403560638,410.1886,208.0163,526.092,476.903,0.0,False,True,0.0,test
coco:1000:50:29,coco,1000,000000001000.jpg,50,spoon,a photo of a spoon,True,0,7,0.128932923078537,196.5591,171.063,300.6043,420.3998,0.0,False,True,0.0,test
coco:1000:50:29,coco,1000,000000001000.jpg,50,spoon,a photo of a spoon,True,0,8,0.12747374176979065,209.225,249.5377,231.3937,270.9793,0.0,False,True,0.0,test
coco:1000:50:29,coco,1000,000000001000.jpg,50,spoon,a photo of a spoon,True,0,9,0.12227053940296173,213.7381,216.4887,276.7281,316.7518,0.0,False,True,0.0,test
coco:1000:50:29,coco,1000,000000001000.jpg,50,spoon,a photo of a spoon,True,0,10,0.12094081938266754,115.4144,146.0897,199.7126,382.4259,0.0,False,True,0.0,test
coco:1000:50:29,coco,1000,000000001000.jpg,50,spoon,a photo of a spoon,True,0,11,0.11930177360773087,411.1205,402.075,466.0711,460.2909,0.0,False,True,0.0,test
coco:1000:50:29,coco,1000,000000001000.jpg,50,spoon,a photo of a spoon,True,0,12,0.11734675616025925,279.1253,140.2638,334.625,232.153,0.0,False,True,0.0,test
coco:1000:50:29,coco,1000,000000001000.jpg,50,spoon,a photo of a spoon,True,0,13,0.11124353855848312,201.3439,172.8553,282.519,335.3279,0.0,False,True,0.0,test
coco:1000:50:29,coco,1000,000000001000.jpg,50,spoon,a photo of a spoon,True,0,14,0.11104260385036469,34.7936,89.7557,543.0844,453.4645,0.0,False,True,0.0,test
coco:1000:50:29,coco,1000,000000001000.jpg,50,spoon,a photo of a spoon,True,0,15,0.10906589776277542,203.3225,227.9314,233.434,278.4703,0.0,False,True,0.0,test
coco:1000:50:29,coco,1000,000000001000.jpg,50,spoon,a photo of a spoon,True,0,16,0.10638785362243652,197.118,208.0333,322.7092,341.3055,0.0,False,True,0.0,test
coco:1000:50:29,coco,1000,000000001000.jpg,50,spoon,a photo of a spoon,True,0,17,0.10593026876449585,261.2318,94.1938,356.1595,414.0259,0.0,False,True,0.0,test
coco:1000:50:29,coco,1000,000000001000.jpg,50,spoon,a photo of a spoon,True,0,18,0.09955676645040512,127.0301,411.1077,162.7236,438.7946,0.0,False,True,0.0,test
coco:1000:50:29,coco,1000,000000001000.jpg,50,spoon,a photo of a spoon,True,0,19,0.09754884988069534,329.4544,150.8052,416.3284,469.8521,0.0,False,True,0.0,test
coco:1000:50:29,coco,1000,000000001000.jpg,50,spoon,a photo of a spoon,True,0,20,0.09344740957021713,193.9656,94.2423,354.6022,421.6994,0.0,False,True,0.0,test
coco:1000:50:29,coco,1000,000000001000.jpg,50,spoon,a photo of a spoon,True,0,21,0.0934470146894455,39.5682,292.147,113.561,400.9506,0.0,False,True,0.0,test
coco:1000:50:29,coco,1000,000000001000.jpg,50,spoon,a photo of a spoon,True,0,22,0.09276869148015976,192.7285,223.6243,240.4418,302.5804,0.0,False,True,0.0,test
coco:1000:50:29,coco,1000,000000001000.jpg,50,spoon,a photo of a spoon,True,0,23,0.09184306859970093,285.3802,208.2965,322.7269,219.6601,0.0,False,True,0.0,test
coco:1000:50:29,coco,1000,000000001000.jpg,50,spoon,a photo of a spoon,True,0,24,0.09184295684099197,278.4506,193.4091,332.0308,232.3276,0.0,False,True,0.0,test
coco:1000:50:29,coco,1000,000000001000.jpg,50,spoon,a photo of a spoon,True,0,25,0.09180565178394318,283.1364,195.5978,324.4801,221.1291,0.0,False,True,0.0,test
coco:1000:50:29,coco,1000,000000001000.jpg,50,spoon,a photo of a spoon,True,0,26,0.09009277820587158,132.8572,416.2789,157.1474,432.9843,0.0,False,True,0.0,test
coco:1000:50:29,coco,1000,000000001000.jpg,50,spoon,a photo of a spoon,True,0,27,0.08666709065437317,551.3021,342.2183,593.6193,378.9678,0.0,False,True,0.0,test
coco:1000:50:29,coco,1000,000000001000.jpg,50,spoon,a photo of a spoon,True,0,28,0.08245499432086945,203.3528,251.3963,228.9988,287.8343,0.0,False,True,0.0,test
coco:1000:50:29,coco,1000,000000001000.jpg,50,spoon,a photo of a spoon,True,0,29,0.08218066394329071,206.9066,244.943,242.8346,281.3474,0.0,False,True,0.0,test
coco:1000:50:29,coco,1000,000000001000.jpg,50,spoon,a photo of a spoon,True,0,30,0.08028402179479599,405.3958,388.7593,476.5404,464.1252,0.0,False,True,0.0,test
coco:1000:50:29,coco,1000,000000001000.jpg,50,spoon,a photo of a spoon,True,0,31,0.0770273357629776,265.9332,94.9522,352.8716,239.0559,0.0,False,True,0.0,test
coco:1000:50:29,coco,1000,000000001000.jpg,50,spoon,a photo of a spoon,True,0,32,0.07670024037361145,433.6424,399.7475,464.4803,426.3925,0.0,False,True,0.0,test
coco:1000:50:29,coco,1000,000000001000.jpg,50,spoon,a photo of a spoon,True,0,33,0.07229255139827728,203.4615,166.2877,325.6159,310.4682,0.0,False,True,0.0,test
coco:1000:50:29,coco,1000,000000001000.jpg,50,spoon,a photo of a spoon,True,0,34,0.0718950480222702,34.6677,35.4609,604.2057,383.4223,0.0,False,True,0.0,test
coco:1000:50:29,coco,1000,000000001000.jpg,50,spoon,a photo of a spoon,True,0,35,0.07061735540628433,58.6218,302.9528,97.3334,388.7084,0.0,False,True,0.0,test
coco:1000:50:29,coco,1000,000000001000.jpg,50,spoon,a photo of a spoon,True,0,36,0.0698932632803917,286.5739,211.0383,325.6542,224.1451,0.0,False,True,0.0,test
coco:1000:50:29,coco,1000,000000001000.jpg,50,spoon,a photo of a spoon,True,0,37,0.06942290812730789,0.9813,386.9814,62.7503,476.7597,0.0,False,True,0.0,test
coco:1000:50:29,coco,1000,000000001000.jpg,50,spoon,a photo of a spoon,True,0,38,0.06920018792152405,194.78,263.1458,227.7088,337.9539,0.0,False,True,0.0,test
coco:1000:50:29,coco,1000,000000001000.jpg,50,spoon,a photo of a spoon,True,0,39,0.06836112588644028,542.1451,326.8947,603.2059,389.4855,0.0,False,True,0.0,test
coco:1000:50:29,coco,1000,000000001000.jpg,50,spoon,a photo of a spoon,True,0,40,0.06788308173418045,206.3068,227.9318,227.8465,269.0974,0.0,False,True,0.0,test
coco:1000:50:29,coco,1000,000000001000.jpg,50,spoon,a photo of a spoon,True,0,41,0.0675751119852066,210.3943,253.5215,226.5433,268.9263,0.0,False,True,0.0,test
coco:1000:50:29,coco,1000,000000001000.jpg,50,spoon,a photo of a spoon,True,0,42,0.067301444709301,203.9072,265.2642,219.5457,288.5,0.0,False,True,0.0,test
coco:1000:50:29,coco,1000,000000001000.jpg,50,spoon,a photo of a spoon,True,0,43,0.06655770540237427,283.5624,207.4894,328.1513,227.1844,0.0,False,True,0.0,test
coco:1000:50:29,coco,1000,000000001000.jpg,50,spoon,a photo of a spoon,True,0,44,0.06580768525600433,195.3123,227.5918,231.3146,337.2786,0.0,False,True,0.0,test
coco:1000:50:29,coco,1000,000000001000.jpg,50,spoon,a photo of a spoon,True,0,45,0.06554993242025375,205.3151,208.6413,325.2579,285.3072,0.0,False,True,0.0,test
coco:1000:50:29,coco,1000,000000001000.jpg,50,spoon,a photo of a spoon,True,0,46,0.06442216038703918,296.5525,162.4213,317.7433,213.45,0.0,False,True,0.0,test
coco:1000:50:29,coco,1000,000000001000.jpg,50,spoon,a photo of a spoon,True,0,47,0.06319037079811096,251.4926,413.4427,269.9091,424.4312,0.0,False,True,0.0,test
coco:1000:50:29,coco,1000,000000001000.jpg,50,spoon,a photo of a spoon,True,0,48,0.06173143908381462,15.6463,158.3651,138.2803,414.6219,0.0,False,True,0.0,test
coco:1000:50:29,coco,1000,000000001000.jpg,50,spoon,a photo of a spoon,True,0,49,0.06124219670891762,246.7056,408.5023,274.5963,429.816,0.0,False,True,0.0,test
coco:1000:50:29,coco,1000,000000001000.jpg,50,spoon,a photo of a spoon,True,0,50,0.06038788706064224,146.4057,375.252,163.6226,388.9513,0.0,False,True,0.0,test
coco:1000:50:29,coco,1000,000000001000.jpg,50,spoon,a photo of a spoon,True,0,51,0.060232773423194885,129.2412,411.2062,185.6869,448.0365,0.0,False,True,0.0,test
coco:1000:50:29,coco,1000,000000001000.jpg,50,spoon,a photo of a spoon,True,0,52,0.059398893266916275,422.216,387.411,467.7762,429.0657,0.0,False,True,0.0,test
coco:1000:50:29,coco,1000,000000001000.jpg,50,spoon,a photo of a spoon,True,0,53,0.059387143701314926,5.1057,186.5782,45.1946,288.4475,0.0,False,True,0.0,test
coco:1000:50:29,coco,1000,000000001000.jpg,50,spoon,a photo of a spoon,True,0,54,0.05909480154514313,197.7495,242.9176,241.5955,294.705,0.0,False,True,0.0,test
coco:1000:50:29,coco,1000,000000001000.jpg,50,spoon,a photo of a spoon,True,0,55,0.058328915387392044,278.6841,96.4925,337.0258,234.5523,0.0,False,True,0.0,test
coco:1000:50:29,coco,1000,000000001000.jpg,50,spoon,a photo of a spoon,True,0,56,0.058246172964572906,426.2702,391.4384,451.954,416.4731,0.0,False,True,0.0,test
coco:1000:50:29,coco,1000,000000001000.jpg,50,spoon,a photo of a spoon,True,0,57,0.05690142884850502,433.2184,398.4388,448.9742,413.3789,0.0,False,True,0.0,test
coco:1000:50:29,coco,1000,000000001000.jpg,50,spoon,a photo of a spoon,True,0,58,0.05659009516239166,183.6964,98.2468,626.671,468.0852,0.0,False,True,0.0,test
coco:1000:50:29,coco,1000,000000001000.jpg,50,spoon,a photo of a spoon,True,0,59,0.056316714733839035,190.4912,98.819,418.1596,419.3316,0.0,False,True,0.0,test
coco:1000:50:29,coco,1000,000000001000.jpg,50,spoon,a photo of a spoon,True,0,60,0.055918119847774506,501.9528,100.7827,592.6537,188.6521,0.0,False,True,0.0,test
coco:1000:50:29,coco,1000,000000001000.jpg,50,spoon,a photo of a spoon,True,0,61,0.05564618483185768,114.7369,94.4762,354.7965,424.6936,0.0,False,True,0.0,test
coco:1000:50:29,coco,1000,000000001000.jpg,50,spoon,a photo of a spoon,True,0,62,0.05483545735478401,203.2042,214.1399,280.1822,294.3708,0.0,False,True,0.0,test
coco:1000:50:29,coco,1000,000000001000.jpg,50,spoon,a photo of a spoon,True,0,63,0.054598595947027206,210.0829,255.7157,220.3553,268.7967,0.0,False,True,0.0,test
coco:1000:50:29,coco,1000,000000001000.jpg,50,spoon,a photo of a spoon,True,0,64,0.05458858236670494,551.2634,345.7157,577.8658,374.4499,0.0,False,True,0.0,test
coco:1000:50:29,coco,1000,000000001000.jpg,50,spoon,a photo of a spoon,True,0,65,0.054124511778354645,524.0255,186.9809,633.7349,390.832,0.0,False,True,0.0,test
coco:1000:50:29,coco,1000,000000001000.jpg,50,spoon,a photo of a spoon,True,0,66,0.05367942154407501,114.3442,143.8624,204.1937,291.219,0.0,False,True,0.0,test
coco:1000:50:29,coco,1000,000000001000.jpg,50,spoon,a photo of a spoon,True,0,67,0.05328969657421112,207.6469,171.9443,280.563,279.4047,0.0,False,True,0.0,test
coco:1000:50:29,coco,1000,000000001000.jpg,50,spoon,a photo of a spoon,True,0,68,0.05299092084169388,23.3112,94.4473,355.9524,444.1418,0.0,False,True,0.0,test
coco:1000:50:29,coco,1000,000000001000.jpg,50,spoon,a photo of a spoon,True,0,69,0.052878238260746,405.0557,186.9488,635.5645,475.5398,0.0,False,True,0.0,test
coco:1000:50:29,coco,1000,000000001000.jpg,50,spoon,a photo of a spoon,True,0,70,0.052475471049547195,190.3273,218.2095,270.8835,310.7018,0.0,False,True,0.0,test
coco:1000:50:29,coco,1000,000000001000.jpg,50,spoon,a photo of a spoon,True,0,71,0.052241481840610504,550.7806,347.0229,574.2291,369.757,0.0,False,True,0.0,test
coco:1000:50:29,coco,1000,000000001000.jpg,50,spoon,a photo of a spoon,True,0,72,0.05205189064145088,107.9259,394.5367,198.4008,456.5573,0.0,False,True,0.0,test
coco:1000:50:29,coco,1000,000000001000.jpg,50,spoon,a photo of a spoon,True,0,73,0.05203540250658989,174.2135,156.6054,356.017,438.9344,0.0,False,True,0.0,test
coco:1000:50:29,coco,1000,000000001000.jpg,50,spoon,a photo of a spoon,True,0,74,0.051962029188871384,229.0194,219.8973,271.6793,286.6303,0.0,False,True,0.0,test
coco:1000:50:29,coco,1000,000000001000.jpg,50,spoon,a photo of a spoon,True,0,75,0.051624707877635956,197.2078,268.2762,211.7369,284.061,0.0,False,True,0.0,test
coco:1000:50:29,coco,1000,000000001000.jpg,50,spoon,a photo of a spoon,True,0,76,0.051567837595939636,331.1936,325.0538,355.6564,350.7804,0.0,False,True,0.0,test
coco:1000:50:29,coco,1000,000000001000.jpg,50,spoon,a photo of a spoon,True,0,77,0.05007278174161911,124.4458,212.5247,155.941,260.6964,0.0,False,True,0.0,test
coco:1000:50:29,coco,1000,000000001000.jpg,50,spoon,a photo of a spoon,True,0,78,0.05005655437707901,401.1153,104.0333,498.6012,229.8095,0.0,False,True,0.0,test
coco:1268:27:30,coco,1268,000000001268.jpg,27,backpack,a photo of a backpack,False,1,0,0.3675273656845093,21.6621,229.9511,55.2657,282.4848,0.6507930755615234,True,False,9.88888888888889,test
coco:1268:27:30,coco,1268,000000001268.jpg,27,backpack,a photo of a backpack,False,1,1,0.3020870089530945,18.3025,208.722,81.3962,287.5289,0.23378947377204895,False,True,9.88888888888889,test
coco:1268:27:30,coco,1268,000000001268.jpg,27,backpack,a photo of a backpack,False,1,2,0.2947153151035309,489.011,76.821,636.9978,421.6486,0.0,False,True,9.88888888888889,test
coco:1268:27:30,coco,1268,000000001268.jpg,27,backpack,a photo of a backpack,False,1,3,0.28337129950523376,6.2488,9.5209,633.7742,419.0588,0.004523242823779583,False,True,9.88888888888889,test
coco:1268:27:30,coco,1268,000000001268.jpg,27,backpack,a photo of a backpack,False,1,4,0.17212128639221191,9.5022,199.0526,96.294,301.9027,0.1302243322134018,False,True,9.88888888888889,test
coco:1268:27:30,coco,1268,000000001268.jpg,27,backpack,a photo of a backpack,False,1,5,0.12823152542114258,434.7929,67.1706,635.1866,419.32,0.0,False,True,0.0,test
coco:1268:27:30,coco,1268,000000001268.jpg,27,backpack,a photo of a backpack,False,1,6,0.12586088478565216,18.272,225.1669,71.8215,287.7525,0.346853107213974,False,True,0.0,test
coco:1268:27:30,coco,1268,000000001268.jpg,27,backpack,a photo of a backpack,False,1,7,0.10268955677747726,492.9323,197.4992,598.4053,397.2477,0.0,False,True,0.0,test
coco:1268:27:30,coco,1268,000000001268.jpg,27,backpack,a photo of a backpack,False,1,8,0.09744322299957275,6.3533,185.4536,112.4787,321.1484,0.0807221308350563,False,True,0.0,test
coco:1268:27:30,coco,1268,000000001268.jpg,27,backpack,a photo of a backpack,False,1,9,0.08769937604665756,397.4412,199.0163,472.0073,296.1646,0.0,False,True,0.0,test
coco:1268:27:30,coco,1268,000000001268.jpg,27,backpack,a photo of a backpack,False,1,10,0.08097624778747559,485.8575,139.7127,606.8613,400.6524,0.0,False,True,0.0,test
coco:1268:27:30,coco,1268,000000001268.jpg,27,backpack,a photo of a backpack,False,1,11,0.07732073217630386,511.4222,171.013,562.0995,209.1815,0.0,False,True,0.0,test
coco:1268:27:30,coco,1268,000000001268.jpg,27,backpack,a photo of a backpack,False,1,12,0.07715240120887756,183.5779,208.5375,279.3049,271.198,0.0,False,True,0.0,test
coco:1268:27:30,coco,1268,000000001268.jpg,27,backpack,a photo of a backpack,False,1,13,0.07630938291549683,492.7943,77.542,635.7776,300.2646,0.0,False,True,0.0,test
coco:1268:27:30,coco,1268,000000001268.jpg,27,backpack,a photo of a backpack,False,1,14,0.07573218643665314,499.4393,160.3761,576.1943,224.4569,0.0,False,True,0.0,test
coco:1268:27:30,coco,1268,000000001268.jpg,27,backpack,a photo of a backpack,False,1,15,0.07259035110473633,190.5952,220.6508,269.1418,263.041,0.0,False,True,0.0,test
coco:1268:27:30,coco,1268,000000001268.jpg,27,backpack,a photo of a backpack,False,1,16,0.06837643682956696,355.2371,34.81,634.8273,418.8178,0.0,False,True,0.0,test
coco:1268:27:30,coco,1268,000000001268.jpg,27,backpack,a photo of a backpack,False,1,17,0.06398621946573257,490.6647,192.7417,636.2322,423.0044,0.0,False,True,0.0,test
coco:1268:27:30,coco,1268,000000001268.jpg,27,backpack,a photo of a backpack,False,1,18,0.06314389407634735,19.2359,48.0637,623.8723,329.7276,0.00682574138045311,False,True,0.0,test
coco:1268:27:30,coco,1268,000000001268.jpg,27,backpack,a photo of a backpack,False,1,19,0.05973212793469429,173.1316,196.34,293.0222,285.9355,0.0,False,True,0.0,test
coco:1268:27:30,coco,1268,000000001268.jpg,27,backpack,a photo of a backpack,False,1,20,0.05775190889835358,482.381,142.1548,600.3513,261.3714,0.0,False,True,0.0,test
coco:1268:27:30,coco,1268,000000001268.jpg,27,backpack,a photo of a backpack,False,1,21,0.05754832923412323,484.9969,128.2268,626.9533,321.049,0.0,False,True,0.0,test
coco:1268:27:30,coco,1268,000000001268.jpg,27,backpack,a photo of a backpack,False,1,22,0.05646901577711105,5.4561,171.0539,145.2023,340.4517,0.04910522326827049,False,True,0.0,test
coco:1268:27:30,coco,1268,000000001268.jpg,27,backpack,a photo of a backpack,False,1,23,0.05585360899567604,222.4331,27.1325,633.7896,416.4597,0.0,False,True,0.0,test
coco:1268:27:30,coco,1268,000000001268.jpg,27,backpack,a photo of a backpack,False,1,24,0.05505339428782463,15.9807,123.6667,625.9559,416.7065,0.0065033407881855965,False,True,0.0,test
coco:1268:27:30,coco,1268,000000001268.jpg,27,backpack,a photo of a backpack,False,1,25,0.05181167647242546,0.6851,207.9756,25.6419,279.949,0.06724375486373901,False,True,0.0,test
coco:1268:42:32,coco,1268,000000001268.jpg,42,surfboard,a photo of a surfboard,True,0,0,0.2932470738887787,4.0066,6.8838,635.4357,420.6813,0.0,False,True,9.88888888888889,test
coco:1268:42:32,coco,1268,000000001268.jpg,42,surfboard,a photo of a surfboard,True,0,1,0.2712149918079376,65.7524,217.9366,82.601,238.349,0.0,False,True,9.88888888888889,test
coco:1268:42:32,coco,1268,000000001268.jpg,42,surfboard,a photo of a surfboard,True,0,2,0.24732129275798798,56.5294,217.0393,83.4288,247.6198,0.0,False,True,9.88888888888889,test
coco:1268:42:32,coco,1268,000000001268.jpg,42,surfboard,a photo of a surfboard,True,0,3,0.22258150577545166,53.5106,213.3011,86.3899,250.6065,0.0,False,True,9.88888888888889,test
coco:1268:42:32,coco,1268,000000001268.jpg,42,surfboard,a photo of a surfboard,True,0,4,0.16179654002189636,190.5703,221.2746,268.53,262.5561,0.0,False,True,9.88888888888889,test
coco:1268:42:32,coco,1268,000000001268.jpg,42,surfboard,a photo of a surfboard,True,0,5,0.161285400390625,21.1923,209.1991,84.8063,283.7545,0.0,False,True,9.88888888888889,test
coco:1268:42:32,coco,1268,000000001268.jpg,42,surfboard,a photo of a surfboard,True,0,6,0.1572829931974411,493.3203,77.1382,637.7467,423.0022,0.0,False,True,9.88888888888889,test
coco:1268:42:32,coco,1268,000000001268.jpg,42,surfboard,a photo of a surfboard,True,0,7,0.15235835313796997,182.5178,209.1593,278.9423,273.658,0.0,False,True,9.88888888888889,test
coco:1268:42:32,coco,1268,000000001268.jpg,42,surfboard,a photo of a surfboard,True,0,8,0.14166347682476044,46.4268,205.1352,98.3568,262.0045,0.0,False,True,0.0,test
coco:1268:42:32,coco,1268,000000001268.jpg,42,surfboard,a photo of a surfboard,True,0,9,0.12832753360271454,23.1169,212.1961,84.6629,252.077,0.0,False,True,0.0,test
coco:1268:42:32,coco,1268,000000001268.jpg,42,surfboard,a photo of a surfboard,True,0,10,0.12253673374652863,20.7031,200.7381,97.033,263.1284,0.0,False,True,0.0,test
coco:1268:42:32,coco,1268,000000001268.jpg,42,surfboard,a photo of a surfboard,True,0,11,0.11511160433292389,13.2013,191.5762,106.5953,295.5146,0.0,False,True,0.0,test
coco:1268:42:32,coco,1268,000000001268.jpg,42,surfboard,a photo of a surfboard,True,0,12,0.1021253913640976,6.8605,29.4273,632.5518,306.1333,0.0,False,True,0.0,test
coco:1268:42:32,coco,1268,000000001268.jpg,42,surfboard,a photo of a surfboard,True,0,13,0.09580963850021362,167.4603,194.4575,298.3456,290.7672,0.0,False,True,0.0,test
coco:1268:42:32,coco,1268,000000001268.jpg,42,surfboard,a photo of a surfboard,True,0,14,0.08968143165111542,397.6207,199.3231,470.7956,295.6106,0.0,False,True,0.0,test
coco:1268:42:32,coco,1268,000000001268.jpg,42,surfboard,a photo of a surfboard,True,0,15,0.08202292025089264,511.8242,170.525,566.7256,211.2043,0.0,False,True,0.0,test
coco:1268:42:32,coco,1268,000000001268.jpg,42,surfboard,a photo of a surfboard,True,0,16,0.07965704053640366,526.3304,178.481,557.9067,200.7289,0.0,False,True,0.0,test
coco:1268:42:32,coco,1268,000000001268.jpg,42,surfboard,a photo of a surfboard,True,0,17,0.07945713400840759,41.8432,199.0041,118.1739,275.1393,0.0,False,True,0.0,test
coco:1268:42:32,coco,1268,000000001268.jpg,42,surfboard,a photo of a surfboard,True,0,18,0.07592032849788666,13.7877,183.347,143.2494,315.1515,0.0,False,True,0.0,test
coco:1268:42:32,coco,1268,000000001268.jpg,42,surfboard,a photo of a surfboard,True,0,19,0.07590371370315552,19.3131,197.3232,135.3407,293.1973,0.0,False,True,0.0,test
coco:1268:42:32,coco,1268,000000001268.jpg,42,surfboard,a photo of a surfboard,True,0,20,0.07190656661987305,15.85,102.5951,625.8959,362.2987,0.0,False,True,0.0,test
coco:1268:42:32,coco,1268,000000001268.jpg,42,surfboard,a photo of a surfboard,True,0,21,0.06733444333076477,44.8305,206.8675,91.2518,288.8347,0.0,False,True,0.0,test
coco:1268:42:32,coco,1268,000000001268.jpg,42,surfboard,a photo of a surfboard,True,0,22,0.06498023122549057,6.6835,33.9931,422.3341,263.4461,0.0,False,True,0.0,test
coco:1268:42:32,coco,1268,000000001268.jpg,42,surfboard,a photo of a surfboard,True,0,23,0.0646936371922493,42.151,198.6589,100.3942,296.4989,0.0,False,True,0.0,test
coco:1268:42:32,coco,1268,000000001268.jpg,42,surfboard,a photo of a surfboard,True,0,24,0.06329318135976791,12.7124,33.5628,428.1046,403.2084,0.0,False,True,0.0,test
coco:1268:42:32,coco,1268,000000001268.jpg,42,surfboard,a photo of a surfboard,True,0,25,0.0612003467977047,495.7263,78.6317,637.0815,320.1215,0.0,False,True,0.0,test
coco:1268:42:32,coco,1268,000000001268.jpg,42,surfboard,a photo of a surfboard,True,0,26,0.060650862753391266,400.4976,71.8949,636.7798,420.3543,0.0,False,True,0.0,test
coco:1268:42:32,coco,1268,000000001268.jpg,42,surfboard,a photo of a surfboard,True,0,27,0.058172572404146194,0.5061,207.9254,27.6416,281.9318,0.0,False,True,0.0,test
coco:1268:42:32,coco,1268,000000001268.jpg,42,surfboard,a photo of a surfboard,True,0,28,0.05296168848872185,36.0599,135.3365,53.5524,145.9013,0.0,False,True,0.0,test
coco:1268:42:32,coco,1268,000000001268.jpg,42,surfboard,a photo of a surfboard,True,0,29,0.05223331227898598,18.3442,196.3015,283.7377,279.0249,0.0,False,True,0.0,test
coco:1268:42:32,coco,1268,000000001268.jpg,42,surfboard,a photo of a surfboard,True,0,30,0.05217345803976059,105.0881,50.9577,624.4333,401.867,0.0,False,True,0.0,test
coco:1268:42:32,coco,1268,000000001268.jpg,42,surfboard,a photo of a surfboard,True,0,31,0.05121710151433945,31.1451,207.4708,274.9648,266.1543,0.0,False,True,0.0,test
coco:1268:42:32,coco,1268,000000001268.jpg,42,surfboard,a photo of a surfboard,True,0,32,0.051010265946388245,8.1108,136.0657,138.4182,306.1307,0.0,False,True,0.0,test
coco:1296:77:33,coco,1296,000000001296.jpg,77,cell phone,a photo of a cell phone,False,1,0,0.44840800762176514,296.6503,140.5042,373.5172,279.4213,0.9087468981742859,True,False,9.88888888888889,test
coco:1296:77:33,coco,1296,000000001296.jpg,77,cell phone,a photo of a cell phone,False,1,1,0.2127588838338852,247.1178,138.7749,374.7668,393.0268,0.298989862203598,False,True,9.88888888888889,test
coco:1296:77:33,coco,1296,000000001296.jpg,77,cell phone,a photo of a cell phone,False,1,2,0.1940344274044037,4.0562,5.3276,423.9154,634.8259,0.03671468794345856,False,True,9.88888888888889,test
coco:1296:77:33,coco,1296,000000001296.jpg,77,cell phone,a photo of a cell phone,False,1,3,0.11696306616067886,275.7288,129.5562,390.0302,328.7471,0.4262033998966217,False,True,0.0,test
coco:1296:77:33,coco,1296,000000001296.jpg,77,cell phone,a photo of a cell phone,False,1,4,0.09638728946447372,247.3129,316.1849,298.8262,393.2896,0.0,False,True,0.0,test
coco:1296:77:33,coco,1296,000000001296.jpg,77,cell phone,a photo of a cell phone,False,1,5,0.08661482483148575,226.8784,118.3839,405.4725,402.369,0.1913265585899353,False,True,0.0,test
coco:1296:77:33,coco,1296,000000001296.jpg,77,cell phone,a photo of a cell phone,False,1,6,0.07860928773880005,46.9426,23.6503,410.0162,492.7417,0.05697521194815636,False,True,0.0,test
coco:1296:77:33,coco,1296,000000001296.jpg,77,cell phone,a photo of a cell phone,False,1,7,0.07359571754932404,260.1982,128.6405,398.154,292.7813,0.4285300076007843,False,True,0.0,test
coco:1296:77:33,coco,1296,000000001296.jpg,77,cell phone,a photo of a cell phone,False,1,8,0.0729917660355568,58.3965,84.0002,415.2762,587.0269,0.05405367910861969,False,True,0.0,test
coco:1296:77:33,coco,1296,000000001296.jpg,77,cell phone,a photo of a cell phone,False,1,9,0.05562552809715271,242.9234,115.489,416.4457,343.8825,0.24484941363334656,False,True,0.0,test
coco:1296:55:34,coco,1296,000000001296.jpg,55,orange,a photo of a orange,True,0,0,0.5272414684295654,3.7525,4.0112,423.662,635.2175,0.0,False,True,9.88888888888889,test
coco:1296:55:34,coco,1296,000000001296.jpg,55,orange,a photo of a orange,True,0,1,0.19592443108558655,50.3304,100.3671,100.5664,150.555,0.0,False,True,9.88888888888889,test
coco:1296:55:34,coco,1296,000000001296.jpg,55,orange,a photo of a orange,True,0,2,0.16794830560684204,296.5386,140.3376,374.6764,279.1982,0.0,False,True,9.88888888888889,test
coco:1296:55:34,coco,1296,000000001296.jpg,55,orange,a photo of a orange,True,0,3,0.13724471628665924,44.822,49.2546,394.0379,543.036,0.0,False,True,0.0,test
coco:1296:55:34,coco,1296,000000001296.jpg,55,orange,a photo of a orange,True,0,4,0.12945091724395752,38.6104,87.2431,109.0584,160.2254,0.0,False,True,0.0,test
coco:1296:55:34,coco,1296,000000001296.jpg,55,orange,a photo of a orange,True,0,5,0.12183818966150284,59.2541,107.604,94.9444,141.7903,0.0,False,True,0.0,test
coco:1296:55:34,coco,1296,000000001296.jpg,55,orange,a photo of a orange,True,0,6,0.09813492745161057,45.0788,32.5019,103.1065,152.6809,0.0,False,True,0.0,test
coco:1296:55:34,coco,1296,000000001296.jpg,55,orange,a photo of a orange,True,0,7,0.08541946113109589,7.2985,7.0326,421.395,415.5405,0.0,False,True,0.0,test
coco:1296:55:34,coco,1296,000000001296.jpg,55,orange,a photo of a orange,True,0,8,0.06125631183385849,277.0839,126.6988,392.5274,312.4567,0.0,False,True,0.0,test
coco:1296:55:34,coco,1296,000000001296.jpg,55,orange,a photo of a orange,True,0,9,0.061088040471076965,308.812,191.2704,368.852,268.3096,0.0,False,True,0.0,test
coco:1296:55:34,coco,1296,000000001296.jpg,55,orange,a photo of a orange,True,0,10,0.06079358235001564,4.8644,6.0445,102.5827,154.7933,0.0,False,True,0.0,test
coco:1296:55:34,coco,1296,000000001296.jpg,55,orange,a photo of a orange,True,0,11,0.05969981476664543,36.6129,85.9283,133.4517,179.1026,0.0,False,True,0.0,test
coco:1296:55:34,coco,1296,000000001296.jpg,55,orange,a photo of a orange,True,0,12,0.05929075554013252,83.0501,35.4591,352.3621,624.3828,0.0,False,True,0.0,test
coco:1296:55:34,coco,1296,000000001296.jpg,55,orange,a photo of a orange,True,0,13,0.055509310215711594,33.6804,18.1078,405.3175,328.2153,0.0,False,True,0.0,test
coco:1296:55:34,coco,1296,000000001296.jpg,55,orange,a photo of a orange,True,0,14,0.055376362055540085,322.9259,157.2104,369.4872,191.3326,0.0,False,True,0.0,test
coco:1296:55:34,coco,1296,000000001296.jpg,55,orange,a photo of a orange,True,0,15,0.052297402173280716,73.9738,140.8273,406.6106,624.983,0.0,False,True,0.0,test
coco:1296:55:34,coco,1296,000000001296.jpg,55,orange,a photo of a orange,True,0,16,0.05147317051887512,61.377,110.8826,83.3347,133.1986,0.0,False,True,0.0,test
coco:1296:13:35,coco,1296,000000001296.jpg,13,stop sign,a photo of a stop sign,True,0,0,0.4101659953594208,296.5063,140.2335,374.3899,279.6187,0.0,False,True,9.88888888888889,test
coco:1296:13:35,coco,1296,000000001296.jpg,13,stop sign,a photo of a stop sign,True,0,1,0.3113934397697449,4.5203,4.987,423.5091,635.2487,0.0,False,True,9.88888888888889,test
coco:1296:13:35,coco,1296,000000001296.jpg,13,stop sign,a photo of a stop sign,True,0,2,0.18043921887874603,277.9849,129.4111,395.2701,294.7682,0.0,False,True,9.88888888888889,test
coco:1296:13:35,coco,1296,000000001296.jpg,13,stop sign,a photo of a stop sign,True,0,3,0.09038155525922775,246.2197,137.0733,380.2257,392.4524,0.0,False,True,0.0,test
coco:1296:13:35,coco,1296,000000001296.jpg,13,stop sign,a photo of a stop sign,True,0,4,0.08665473759174347,253.7622,116.0225,407.9355,338.8025,0.0,False,True,0.0,test
coco:1296:13:35,coco,1296,000000001296.jpg,13,stop sign,a photo of a stop sign,True,0,5,0.07826187461614609,308.807,191.0423,369.0805,270.8072,0.0,False,True,0.0,test
coco:1296:13:35,coco,1296,000000001296.jpg,13,stop sign,a photo of a stop sign,True,0,6,0.07473119348287582,69.0193,43.3423,405.7184,475.5661,0.0,False,True,0.0,test
coco:1296:13:35,coco,1296,000000001296.jpg,13,stop sign,a photo of a stop sign,True,0,7,0.05193261429667473,221.0005,93.4814,419.263,436.3556,0.0,False,True,0.0,test
coco:1296:13:35,coco,1296,000000001296.jpg,13,stop sign,a photo of a stop sign,True,0,8,0.050463903695344925,270.2435,137.091,378.5666,495.973,0.0,False,True,0.0,test
coco:1296:13:35,coco,1296,000000001296.jpg,13,stop sign,a photo of a stop sign,True,0,9,0.050387103110551834,13.5266,11.2259,418.7211,426.8467,0.0,False,True,0.0,test
coco:1353:33:37,coco,1353,000000001353.jpg,33,suitcase,a photo of a suitcase,True,0,0,0.3858449161052704,64.3722,324.9626,263.9904,499.9224,0.0,False,True,9.88888888888889,test
coco:1353:33:37,coco,1353,000000001353.jpg,33,suitcase,a photo of a suitcase,True,0,1,0.2964198589324951,1.4068,0.0996,373.5063,500.0451,0.0,False,True,9.88888888888889,test
coco:1353:33:37,coco,1353,000000001353.jpg,33,suitcase,a photo of a suitcase,True,0,2,0.17309637367725372,41.9861,290.4216,300.1652,499.6258,0.0,False,True,9.88888888888889,test
coco:1353:33:37,coco,1353,000000001353.jpg,33,suitcase,a photo of a suitcase,True,0,3,0.16840983927249908,49.9722,56.8326,306.2704,498.7722,0.0,False,True,9.88888888888889,test
coco:1353:33:37,coco,1353,000000001353.jpg,33,suitcase,a photo of a suitcase,True,0,4,0.16341805458068848,66.836,325.9235,252.9469,457.0281,0.0,False,True,9.88888888888889,test
coco:1353:33:37,coco,1353,000000001353.jpg,33,suitcase,a photo of a suitcase,True,0,5,0.11367148160934448,50.6184,191.1989,293.9295,499.5999,0.0,False,True,0.0,test
coco:1353:33:37,coco,1353,000000001353.jpg,33,suitcase,a photo of a suitcase,True,0,6,0.11245065182447433,26.3271,139.2821,357.642,499.5035,0.0,False,True,0.0,test
coco:1353:33:37,coco,1353,000000001353.jpg,33,suitcase,a photo of a suitcase,True,0,7,0.10768410563468933,50.8745,319.7964,357.5968,499.7155,0.0,False,True,0.0,test
coco:1353:33:37,coco,1353,000000001353.jpg,33,suitcase,a photo of a suitcase,True,0,8,0.07059811055660248,78.4183,450.3076,261.4948,499.7608,0.0,False,True,0.0,test
coco:1353:33:37,coco,1353,000000001353.jpg,33,suitcase,a photo of a suitcase,True,0,9,0.06600674241781235,82.1755,355.14,235.0881,446.8088,0.0,False,True,0.0,test
coco:1353:33:37,coco,1353,000000001353.jpg,33,suitcase,a photo of a suitcase,True,0,10,0.055785976350307465,37.1769,251.8455,371.4272,499.0399,0.0,False,True,0.0,test
coco:1353:33:37,coco,1353,000000001353.jpg,33,suitcase,a photo of a suitcase,True,0,11,0.0547887422144413,52.2004,410.8154,300.8296,499.5858,0.0,False,True,0.0,test
coco:1353:33:37,coco,1353,000000001353.jpg,33,suitcase,a photo of a suitcase,True,0,12,0.05466333404183388,183.8024,62.715,275.5732,169.617,0.0,False,True,0.0,test
coco:1353:33:37,coco,1353,000000001353.jpg,33,suitcase,a photo of a suitcase,True,0,13,0.05049615725874901,83.2811,372.6058,237.3263,497.3952,0.0,False,True,0.0,test
coco:1425:53:41,coco,1425,000000001425.jpg,53,apple,a photo of a apple,True,0,0,0.38146641850471497,5.2337,9.2966,634.3488,493.4843,0.0,False,True,9.88888888888889,test
coco:1425:53:41,coco,1425,000000001425.jpg,53,apple,a photo of a apple,True,0,1,0.29644688963890076,38.0377,170.3597,444.9638,401.4672,0.0,False,True,9.88888888888889,test
coco:1425:53:41,coco,1425,000000001425.jpg,53,apple,a photo of a apple,True,0,2,0.17444008588790894,6.8665,151.114,632.8013,480.2301,0.0,False,True,9.88888888888889,test
coco:1425:53:41,coco,1425,000000001425.jpg,53,apple,a photo of a apple,True,0,3,0.14894390106201172,5.5635,173.1404,112.5724,314.2005,0.0,False,True,9.88888888888889,test
coco:1425:53:41,coco,1425,000000001425.jpg,53,apple,a photo of a apple,True,0,4,0.11936261504888535,491.7,180.3728,637.5849,378.7488,0.0,False,True,0.0,test
coco:1425:53:41,coco,1425,000000001425.jpg,53,apple,a photo of a apple,True,0,5,0.09512638300657272,451.0656,298.921,478.5948,326.3922,0.0,False,True,0.0,test
coco:1425:53:41,coco,1425,000000001425.jpg,53,apple,a photo of a apple,True,0,6,0.09117637574672699,26.54,118.5751,567.5967,419.6832,0.0,False,True,0.0,test
coco:1425:53:41,coco,1425,000000001425.jpg,53,apple,a photo of a apple,True,0,7,0.08290927112102509,22.1909,39.8084,508.1946,453.6141,0.0,False,True,0.0,test
coco:1425:53:41,coco,1425,000000001425.jpg,53,apple,a photo of a apple,True,0,8,0.08137568831443787,100.544,181.7206,401.6835,386.9874,0.0,False,True,0.0,test
coco:1425:53:41,coco,1425,000000001425.jpg,53,apple,a photo of a apple,True,0,9,0.07059276849031448,32.6018,159.7857,458.9611,476.1687,0.0,False,True,0.0,test
coco:1425:53:41,coco,1425,000000001425.jpg,53,apple,a photo of a apple,True,0,10,0.06747020781040192,444.6718,291.3096,485.6615,333.7039,0.0,False,True,0.0,test
coco:1425:53:41,coco,1425,000000001425.jpg,53,apple,a photo of a apple,True,0,11,0.06681247055530548,20.4194,175.3138,109.4084,243.5692,0.0,False,True,0.0,test
coco:1425:53:41,coco,1425,000000001425.jpg,53,apple,a photo of a apple,True,0,12,0.05575709044933319,19.1888,174.9515,108.9234,271.2658,0.0,False,True,0.0,test
coco:1425:53:41,coco,1425,000000001425.jpg,53,apple,a photo of a apple,True,0,13,0.05400921776890755,83.5272,94.2488,467.7106,452.0735,0.0,False,True,0.0,test
coco:1425:53:41,coco,1425,000000001425.jpg,53,apple,a photo of a apple,True,0,14,0.053491659462451935,2.2969,166.3467,115.2948,364.2086,0.0,False,True,0.0,test
coco:1425:53:41,coco,1425,000000001425.jpg,53,apple,a photo of a apple,True,0,15,0.05323731154203415,167.5705,93.9445,257.492,144.4623,0.0,False,True,0.0,test
coco:1490:1:42,coco,1490,000000001490.jpg,1,person,a photo of a person,False,1,0,0.43279027938842773,448.3345,117.8738,502.1588,242.0048,0.9357590675354004,True,False,9.88888888888889,test
coco:1490:1:42,coco,1490,000000001490.jpg,1,person,a photo of a person,False,1,1,0.32910796999931335,7.9086,7.9654,632.5963,307.0648,0.03346136212348938,False,True,9.88888888888889,test
coco:1490:1:42,coco,1490,000000001490.jpg,1,person,a photo of a person,False,1,2,0.2219502478837967,433.9125,106.6465,525.3951,252.0218,0.4701029062271118,False,True,9.88888888888889,test
coco:1490:1:42,coco,1490,000000001490.jpg,1,person,a photo of a person,False,1,3,0.17023301124572754,355.271,96.8136,582.6487,270.9075,0.15793949365615845,False,True,9.88888888888889,test
coco:1490:1:42,coco,1490,000000001490.jpg,1,person,a photo of a person,False,1,4,0.13909393548965454,336.5819,74.6916,600.4324,290.0082,0.11004919558763504,False,True,0.0,test
coco:1490:1:42,coco,1490,000000001490.jpg,1,person,a photo of a person,False,1,5,0.11502755433320999,395.9489,110.4866,534.7643,248.2907,0.3268301784992218,False,True,0.0,test
coco:1490:1:42,coco,1490,000000001490.jpg,1,person,a photo of a person,False,1,6,0.10285420715808868,414.5453,84.8197,547.9248,276.4002,0.24467064440250397,False,True,0.0,test
coco:1490:1:42,coco,1490,000000001490.jpg,1,person,a photo of a person,False,1,7,0.09790680557489395,103.5465,43.652,593.9415,296.3239,0.050456732511520386,False,True,0.0,test
coco:1490:1:42,coco,1490,000000001490.jpg,1,person,a photo of a person,False,1,8,0.08869614452123642,300.6753,35.3192,616.6137,300.9763,0.07449005544185638,False,True,0.0,test
coco:1490:1:42,coco,1490,000000001490.jpg,1,person,a photo of a person,False,1,9,0.07337566465139389,469.467,119.2247,499.5787,240.2108,0.5827035903930664,True,False,0.0,test
coco:1490:1:42,coco,1490,000000001490.jpg,1,person,a photo of a person,False,1,10,0.06450511515140533,428.3338,98.1961,532.2517,294.521,0.30644768476486206,False,True,0.0,test
coco:1490:1:42,coco,1490,000000001490.jpg,1,person,a photo of a person,False,1,11,0.05501815304160118,225.3624,82.88,623.6158,297.9295,0.07300019264221191,False,True,0.0,test
coco:1490:27:43,coco,1490,000000001490.jpg,27,backpack,a photo of a backpack,True,0,0,0.3793387711048126,8.0695,9.1171,632.3138,306.453,0.0,False,True,9.88888888888889,test
coco:1490:27:43,coco,1490,000000001490.jpg,27,backpack,a photo of a backpack,True,0,1,0.268163800239563,447.0488,115.2957,505.6229,243.3059,0.0,False,True,9.88888888888889,test
coco:1490:27:43,coco,1490,000000001490.jpg,27,backpack,a photo of a backpack,True,0,2,0.23612749576568604,485.239,134.6255,500.0427,154.2189,0.0,False,True,9.88888888888889,test
coco:1490:27:43,coco,1490,000000001490.jpg,27,backpack,a photo of a backpack,True,0,3,0.21939167380332947,359.5385,103.7324,578.7012,259.8802,0.0,False,True,9.88888888888889,test
coco:1490:27:43,coco,1490,000000001490.jpg,27,backpack,a photo of a backpack,True,0,4,0.20151038467884064,394.0933,110.825,525.1103,247.427,0.0,False,True,9.88888888888889,test
coco:1490:27:43,coco,1490,000000001490.jpg,27,backpack,a photo of a backpack,True,0,5,0.19650788605213165,476.6751,133.8097,500.4163,163.8979,0.0,False,True,9.88888888888889,test
coco:1490:27:43,coco,1490,000000001490.jpg,27,backpack,a photo of a backpack,True,0,6,0.1602579951286316,336.2823,78.5029,600.7692,286.9362,0.0,False,True,9.88888888888889,test
coco:1490:27:43,coco,1490,000000001490.jpg,27,backpack,a photo of a backpack,True,0,7,0.1415158212184906,431.1124,105.3491,529.5934,252.4227,0.0,False,True,0.0,test
coco:1490:27:43,coco,1490,000000001490.jpg,27,backpack,a photo of a backpack,True,0,8,0.11465360224246979,473.9474,133.8217,501.0106,174.2295,0.0,False,True,0.0,test
coco:1490:27:43,coco,1490,000000001490.jpg,27,backpack,a photo of a backpack,True,0,9,0.10260560363531113,274.476,61.8255,613.9603,294.3222,0.0,False,True,0.0,test
coco:1490:27:43,coco,1490,000000001490.jpg,27,backpack,a photo of a backpack,True,0,10,0.09244893491268158,40.7548,52.8302,603.1053,270.5918,0.0,False,True,0.0,test
coco:1490:27:43,coco,1490,000000001490.jpg,27,backpack,a photo of a backpack,True,0,11,0.06282786279916763,382.261,75.9357,546.1593,254.5457,0.0,False,True,0.0,test
coco:1490:27:43,coco,1490,000000001490.jpg,27,backpack,a photo of a backpack,True,0,12,0.05766201391816139,462.8662,125.2141,515.7665,175.9355,0.0,False,True,0.0,test
coco:1490:27:43,coco,1490,000000001490.jpg,27,backpack,a photo of a backpack,True,0,13,0.05704526975750923,389.4142,93.0891,529.1329,287.2447,0.0,False,True,0.0,test
coco:1490:27:43,coco,1490,000000001490.jpg,27,backpack,a photo of a backpack,True,0,14,0.05502913519740105,205.5576,13.6573,628.2794,305.8077,0.0,False,True,0.0,test
coco:1490:27:43,coco,1490,000000001490.jpg,27,backpack,a photo of a backpack,True,0,15,0.05220063775777817,453.9711,114.2755,511.4625,179.9056,0.0,False,True,0.0,test
coco:1490:80:44,coco,1490,000000001490.jpg,80,toaster,a photo of a toaster,True,0,0,0.4667118191719055,8.582,10.0377,631.8475,305.712,0.0,False,True,9.88888888888889,test
coco:1490:80:44,coco,1490,000000001490.jpg,80,toaster,a photo of a toaster,True,0,1,0.15246044099330902,349.3605,96.5456,588.2119,271.3731,0.0,False,True,9.88888888888889,test
coco:1490:80:44,coco,1490,000000001490.jpg,80,toaster,a photo of a toaster,True,0,2,0.13770514726638794,447.0201,115.5227,505.1705,243.69,0.0,False,True,0.0,test
coco:1490:80:44,coco,1490,000000001490.jpg,80,toaster,a photo of a toaster,True,0,3,0.11973387748003006,51.4993,31.9157,592.2995,262.6935,0.0,False,True,0.0,test
coco:1490:80:44,coco,1490,000000001490.jpg,80,toaster,a photo of a toaster,True,0,4,0.10326451808214188,395.7734,112.5701,522.3914,245.9949,0.0,False,True,0.0,test
coco:1490:80:44,coco,1490,000000001490.jpg,80,toaster,a photo of a toaster,True,0,5,0.08908259868621826,132.896,55.0424,597.0251,291.3606,0.0,False,True,0.0,test
coco:1490:80:44,coco,1490,000000001490.jpg,80,toaster,a photo of a toaster,True,0,6,0.08064328879117966,396.8044,175.8628,454.2392,223.5271,0.0,False,True,0.0,test
coco:1490:80:44,coco,1490,000000001490.jpg,80,toaster,a photo of a toaster,True,0,7,0.07188384979963303,253.8945,74.9105,614.5554,294.5664,0.0,False,True,0.0,test
coco:1490:80:44,coco,1490,000000001490.jpg,80,toaster,a photo of a toaster,True,0,8,0.06428544968366623,426.1199,98.3961,529.1932,248.5557,0.0,False,True,0.0,test
coco:1490:80:44,coco,1490,000000001490.jpg,80,toaster,a photo of a toaster,True,0,9,0.060481052845716476,359.8345,227.6583,578.6656,249.7144,0.0,False,True,0.0,test
coco:1490:80:44,coco,1490,000000001490.jpg,80,toaster,a photo of a toaster,True,0,10,0.05456862598657608,466.6101,118.1969,500.491,241.9683,0.0,False,True,0.0,test
coco:1503:73:45,coco,1503,000000001503.jpg,73,laptop,a photo of a laptop,False,1,0,0.442027747631073,0.0366,95.9045,126.4476,237.6915,0.9528554677963257,True,False,9.88888888888889,test
coco:1503:73:45,coco,1503,000000001503.jpg,73,laptop,a photo of a laptop,False,1,1,0.23684760928153992,0.0271,2.8962,320.027,238.0441,0.2269643396139145,False,True,9.88888888888889,test
coco:1503:73:45,coco,1503,000000001503.jpg,73,laptop,a photo of a laptop,False,1,2,0.12764541804790497,-0.0573,99.3466,101.7298,218.6526,0.6996040940284729,True,False,0.0,test
coco:1503:73:45,coco,1503,000000001503.jpg,73,laptop,a photo of a laptop,False,1,3,0.09741774946451187,0.0711,99.8202,68.5915,190.8602,0.361857146024704,False,True,0.0,test
coco:1503:73:45,coco,1503,000000001503.jpg,73,laptop,a photo of a laptop,False,1,4,0.09516982734203339,122.3626,9.1845,240.9395,105.752,0.0008039238164201379,False,True,0.0,test
coco:1503:73:45,coco,1503,000000001503.jpg,73,laptop,a photo of a laptop,False,1,5,0.08765694499015808,0.1711,78.7987,199.7979,238.9806,0.534092366695404,True,False,0.0,test
coco:1503:73:45,coco,1503,000000001503.jpg,73,laptop,a photo of a laptop,False,1,6,0.08661018311977386,0.0642,106.4571,60.9904,174.8381,0.24157927930355072,False,True,0.0,test
coco:1503:73:45,coco,1503,000000001503.jpg,73,laptop,a photo of a laptop,False,1,7,0.07262294739484787,-0.123,5.7491,128.8468,237.4755,0.5714592933654785,True,False,0.0,test
coco:1503:73:45,coco,1503,000000001503.jpg,73,laptop,a photo of a laptop,False,1,8,0.07180898636579514,119.8344,7.836,245.5083,158.9486,0.010552439838647842,False,True,0.0,test
coco:1503:73:45,coco,1503,000000001503.jpg,73,laptop,a photo of a laptop,False,1,9,0.06714936345815659,0.2474,96.7229,73.9693,237.3284,0.5714356899261475,True,False,0.0,test
coco:1503:73:45,coco,1503,000000001503.jpg,73,laptop,a photo of a laptop,False,1,10,0.06413307785987854,0.7125,53.4727,246.3913,236.4712,0.3791491389274597,False,True,0.0,test
coco:1503:73:45,coco,1503,000000001503.jpg,73,laptop,a photo of a laptop,False,1,11,0.06396845728158951,4.2738,121.5442,54.0565,165.7889,0.12897057831287384,False,True,0.0,test
coco:1503:73:45,coco,1503,000000001503.jpg,73,laptop,a photo of a laptop,False,1,12,0.0630212351679802,135.7639,21.0647,226.9177,92.0598,0.0,False,True,0.0,test
coco:1503:73:45,coco,1503,000000001503.jpg,73,laptop,a photo of a laptop,False,1,13,0.059001922607421875,0.4556,14.7116,182.9654,237.2251,0.42053869366645813,False,True,0.0,test
coco:1503:73:45,coco,1503,000000001503.jpg,73,laptop,a photo of a laptop,False,1,14,0.05232968181371689,299.5405,-0.0924,319.9597,42.2989,0.0,False,True,0.0,test
coco:1503:73:45,coco,1503,000000001503.jpg,73,laptop,a photo of a laptop,False,1,15,0.051825590431690216,0.4403,125.1203,91.1684,219.2744,0.4993631839752197,False,True,0.0,test
coco:1503:73:45,coco,1503,000000001503.jpg,73,laptop,a photo of a laptop,False,1,16,0.0515139177441597,-0.0146,53.1388,96.3385,231.5836,0.5833340883255005,True,False,0.0,test
coco:1503:32:46,coco,1503,000000001503.jpg,32,tie,a photo of a tie,True,0,0,0.35356587171554565,0.0539,0.455,320.0538,239.2672,0.0,False,True,9.88888888888889,test
coco:1503:32:46,coco,1503,000000001503.jpg,32,tie,a photo of a tie,True,0,1,0.2554626762866974,280.8292,91.4141,319.9605,153.0617,0.0,False,True,9.88888888888889,test
coco:1503:32:46,coco,1503,000000001503.jpg,32,tie,a photo of a tie,True,0,2,0.23990732431411743,301.7518,0.007,320.0152,40.5927,0.0,False,True,9.88888888888889,test
coco:1503:32:46,coco,1503,000000001503.jpg,32,tie,a photo of a tie,True,0,3,0.18817587196826935,123.0505,10.018,239.8874,105.7958,0.0,False,True,9.88888888888889,test
coco:1503:32:46,coco,1503,000000001503.jpg,32,tie,a photo of a tie,True,0,4,0.18112780153751373,296.3577,93.3055,319.9546,151.5201,0.0,False,True,9.88888888888889,test
coco:1503:32:46,coco,1503,000000001503.jpg,32,tie,a photo of a tie,True,0,5,0.1807899922132492,302.5471,108.463,317.8846,149.5159,0.0,False,True,9.88888888888889,test
coco:1503:32:46,coco,1503,000000001503.jpg,32,tie,a photo of a tie,True,0,6,0.16890208423137665,277.0731,85.5729,319.9672,166.5022,0.0,False,True,9.88888888888889,test
coco:1503:32:46,coco,1503,000000001503.jpg,32,tie,a photo of a tie,True,0,7,0.15953484177589417,298.0227,108.273,319.9909,150.4739,0.0,False,True,9.88888888888889,test
coco:1503:32:46,coco,1503,000000001503.jpg,32,tie,a photo of a tie,True,0,8,0.14247247576713562,294.8177,0.2914,319.9527,49.8318,0.0,False,True,0.0,test
coco:1503:32:46,coco,1503,000000001503.jpg,32,tie,a photo of a tie,True,0,9,0.14020657539367676,304.2633,109.6262,313.2093,148.2901,0.0,False,True,0.0,test
coco:1503:32:46,coco,1503,000000001503.jpg,32,tie,a photo of a tie,True,0,10,0.13476411998271942,0.0668,96.0745,125.8612,236.485,0.0,False,True,0.0,test
coco:1503:32:46,coco,1503,000000001503.jpg,32,tie,a photo of a tie,True,0,11,0.12879838049411774,135.7946,20.1438,228.6571,92.2234,0.0,False,True,0.0,test
coco:1503:32:46,coco,1503,000000001503.jpg,32,tie,a photo of a tie,True,0,12,0.11804614216089249,160.9851,150.1112,315.9057,197.5966,0.0,False,True,0.0,test
coco:1503:32:46,coco,1503,000000001503.jpg,32,tie,a photo of a tie,True,0,13,0.11630050092935562,118.6357,7.4312,244.4287,158.2922,0.0,False,True,0.0,test
coco:1503:32:46,coco,1503,000000001503.jpg,32,tie,a photo of a tie,True,0,14,0.10319576412439346,110.3358,5.1612,257.5946,121.8378,0.0,False,True,0.0,test
coco:1503:32:46,coco,1503,000000001503.jpg,32,tie,a photo of a tie,True,0,15,0.09638311713933945,261.7663,81.9909,319.7866,167.929,0.0,False,True,0.0,test
coco:1503:32:46,coco,1503,000000001503.jpg,32,tie,a photo of a tie,True,0,16,0.09102417528629303,0.0121,101.011,67.241,185.6668,0.0,False,True,0.0,test
coco:1503:32:46,coco,1503,000000001503.jpg,32,tie,a photo of a tie,True,0,17,0.08956567198038101,174.6658,119.4179,186.9837,133.1996,0.0,False,True,0.0,test
coco:1503:32:46,coco,1503,000000001503.jpg,32,tie,a photo of a tie,True,0,18,0.0875849798321724,64.5978,4.9684,319.115,212.6584,0.0,False,True,0.0,test
coco:1503:32:46,coco,1503,000000001503.jpg,32,tie,a photo of a tie,True,0,19,0.086736299097538,281.2318,102.9199,319.9126,122.957,0.0,False,True,0.0,test
coco:1503:32:46,coco,1503,000000001503.jpg,32,tie,a photo of a tie,True,0,20,0.08014852553606033,281.9818,105.3692,319.907,147.0068,0.0,False,True,0.0,test
coco:1503:32:46,coco,1503,000000001503.jpg,32,tie,a photo of a tie,True,0,21,0.07586847245693207,247.666,220.0246,292.2042,239.9973,0.0,False,True,0.0,test
coco:1503:32:46,coco,1503,000000001503.jpg,32,tie,a photo of a tie,True,0,22,0.07576406002044678,-0.0139,0.0307,82.6547,105.1065,0.0,False,True,0.0,test
coco:1503:32:46,coco,1503,000000001503.jpg,32,tie,a photo of a tie,True,0,23,0.07233096659183502,307.043,0.7069,320.0131,27.5642,0.0,False,True,0.0,test
coco:1503:32:46,coco,1503,000000001503.jpg,32,tie,a photo of a tie,True,0,24,0.07136241346597672,171.4098,116.6863,190.7872,137.0215,0.0,False,True,0.0,test
coco:1503:32:46,coco,1503,000000001503.jpg,32,tie,a photo of a tie,True,0,25,0.0709458589553833,98.0197,2.6982,283.0407,170.1865,0.0,False,True,0.0,test
coco:1503:32:46,coco,1503,000000001503.jpg,32,tie,a photo of a tie,True,0,26,0.06978697329759598,269.323,64.2441,319.8986,178.5731,0.0,False,True,0.0,test
coco:1503:32:46,coco,1503,000000001503.jpg,32,tie,a photo of a tie,True,0,27,0.06977539509534836,307.448,10.0449,320.0491,30.1842,0.0,False,True,0.0,test
coco:1503:32:46,coco,1503,000000001503.jpg,32,tie,a photo of a tie,True,0,28,0.06836163252592087,280.6337,91.3172,319.914,124.2669,0.0,False,True,0.0,test
coco:1503:32:46,coco,1503,000000001503.jpg,32,tie,a photo of a tie,True,0,29,0.06747619062662125,256.9131,226.1794,287.2496,239.9911,0.0,False,True,0.0,test
coco:1503:32:46,coco,1503,000000001503.jpg,32,tie,a photo of a tie,True,0,30,0.06704951077699661,261.7231,230.0154,282.5941,240.0137,0.0,False,True,0.0,test
coco:1503:32:46,coco,1503,000000001503.jpg,32,tie,a photo of a tie,True,0,31,0.06634420901536942,290.133,0.0601,319.9465,61.5654,0.0,False,True,0.0,test
coco:1503:32:46,coco,1503,000000001503.jpg,32,tie,a photo of a tie,True,0,32,0.06623480468988419,259.35,220.6056,291.1515,239.9377,0.0,False,True,0.0,test
coco:1503:32:46,coco,1503,000000001503.jpg,32,tie,a photo of a tie,True,0,33,0.0658063143491745,147.8967,28.8649,216.9714,81.638,0.0,False,True,0.0,test
coco:1503:32:46,coco,1503,000000001503.jpg,32,tie,a photo of a tie,True,0,34,0.0635627806186676,299.1367,90.7164,320.0237,170.7046,0.0,False,True,0.0,test
coco:1503:32:46,coco,1503,000000001503.jpg,32,tie,a photo of a tie,True,0,35,0.06223165616393089,311.9642,13.5972,320.0224,27.9251,0.0,False,True,0.0,test
coco:1503:32:46,coco,1503,000000001503.jpg,32,tie,a photo of a tie,True,0,36,0.05882550776004791,124.8056,139.9815,159.8633,174.6896,0.0,False,True,0.0,test
coco:1503:32:46,coco,1503,000000001503.jpg,32,tie,a photo of a tie,True,0,37,0.0583101287484169,281.6276,105.643,307.2962,122.5912,0.0,False,True,0.0,test
coco:1503:32:46,coco,1503,000000001503.jpg,32,tie,a photo of a tie,True,0,38,0.05796859785914421,0.0325,95.7752,320.0313,239.1062,0.0,False,True,0.0,test
coco:1503:32:46,coco,1503,000000001503.jpg,32,tie,a photo of a tie,True,0,39,0.057415928691625595,279.1255,0.1148,319.9138,44.4048,0.0,False,True,0.0,test
coco:1503:32:46,coco,1503,000000001503.jpg,32,tie,a photo of a tie,True,0,40,0.056790295988321304,0.563,117.9873,52.8565,167.3074,0.0,False,True,0.0,test
coco:1503:32:46,coco,1503,000000001503.jpg,32,tie,a photo of a tie,True,0,41,0.05547479912638664,297.4374,0.1167,319.9865,84.5329,0.0,False,True,0.0,test
coco:1503:32:46,coco,1503,000000001503.jpg,32,tie,a photo of a tie,True,0,42,0.054315194487571716,153.6989,136.9122,319.4394,220.6796,0.0,False,True,0.0,test
coco:1503:32:46,coco,1503,000000001503.jpg,32,tie,a photo of a tie,True,0,43,0.05410778522491455,48.5582,4.4815,317.9782,158.0401,0.0,False,True,0.0,test
coco:1503:32:46,coco,1503,000000001503.jpg,32,tie,a photo of a tie,True,0,44,0.05316747725009918,302.7887,0.3583,319.9898,153.4391,0.0,False,True,0.0,test
coco:1503:32:46,coco,1503,000000001503.jpg,32,tie,a photo of a tie,True,0,45,0.05255357176065445,272.0113,80.0675,319.9019,205.8522,0.0,False,True,0.0,test
coco:1503:32:46,coco,1503,000000001503.jpg,32,tie,a photo of a tie,True,0,46,0.05227834731340408,290.946,63.2764,319.9353,165.4153,0.0,False,True,0.0,test
coco:1503:32:46,coco,1503,000000001503.jpg,32,tie,a photo of a tie,True,0,47,0.05214704945683479,-0.0155,1.0717,126.197,236.608,0.0,False,True,0.0,test
coco:1503:32:46,coco,1503,000000001503.jpg,32,tie,a photo of a tie,True,0,48,0.052143000066280365,303.4925,13.9087,311.9833,38.0611,0.0,False,True,0.0,test
coco:1503:32:46,coco,1503,000000001503.jpg,32,tie,a photo of a tie,True,0,49,0.05206303671002388,249.0719,230.1761,283.3207,240.047,0.0,False,True,0.0,test
coco:1503:32:46,coco,1503,000000001503.jpg,32,tie,a photo of a tie,True,0,50,0.05063847824931145,279.7067,0.3286,320.0021,153.5892,0.0,False,True,0.0,test
coco:1532:41:50,coco,1532,000000001532.jpg,41,skateboard,a photo of a skateboard,True,0,0,0.3972391188144684,4.8628,7.4958,635.0461,475.283,0.0,False,True,9.88888888888889,test
coco:1532:41:50,coco,1532,000000001532.jpg,41,skateboard,a photo of a skateboard,True,0,1,0.2238294631242752,278.602,405.6573,370.7233,477.5299,0.0,False,True,9.88888888888889,test
coco:1532:41:50,coco,1532,000000001532.jpg,41,skateboard,a photo of a skateboard,True,0,2,0.1715078502893448,222.9669,351.8956,425.2415,477.2227,0.0,False,True,9.88888888888889,test
coco:1532:41:50,coco,1532,000000001532.jpg,41,skateboard,a photo of a skateboard,True,0,3,0.1510438174009323,42.8763,91.664,580.6766,466.8261,0.0,False,True,9.88888888888889,test
coco:1532:41:50,coco,1532,000000001532.jpg,41,skateboard,a photo of a skateboard,True,0,4,0.11437799036502838,277.1207,405.0619,421.8438,477.7055,0.0,False,True,0.0,test
coco:1532:41:50,coco,1532,000000001532.jpg,41,skateboard,a photo of a skateboard,True,0,5,0.11273600906133652,298.6111,419.6902,346.6322,463.8184,0.0,False,True,0.0,test
coco:1532:41:50,coco,1532,000000001532.jpg,41,skateboard,a photo of a skateboard,True,0,6,0.11018989980220795,9.6866,179.6956,628.4327,473.6466,0.0,False,True,0.0,test
coco:1532:41:50,coco,1532,000000001532.jpg,41,skateboard,a photo of a skateboard,True,0,7,0.10995865613222122,297.556,428.8423,340.8381,467.131,0.0,False,True,0.0,test
coco:1532:41:50,coco,1532,000000001532.jpg,41,skateboard,a photo of a skateboard,True,0,8,0.10275061428546906,3.8558,327.4319,631.8154,476.5121,0.0,False,True,0.0,test
coco:1532:41:50,coco,1532,000000001532.jpg,41,skateboard,a photo of a skateboard,True,0,9,0.10271897166967392,69.7375,211.0004,291.011,292.0573,0.0,False,True,0.0,test
coco:1532:41:50,coco,1532,000000001532.jpg,41,skateboard,a photo of a skateboard,True,0,10,0.09335207939147949,308.8224,425.4761,338.555,449.8885,0.0,False,True,0.0,test
coco:1532:41:50,coco,1532,000000001532.jpg,41,skateboard,a photo of a skateboard,True,0,11,0.09107793867588043,259.4333,390.9484,388.9717,477.2046,0.0,False,True,0.0,test
coco:1532:41:50,coco,1532,000000001532.jpg,41,skateboard,a photo of a skateboard,True,0,12,0.0878102257847786,299.3611,436.2739,326.3139,460.3306,0.0,False,True,0.0,test
coco:1532:41:50,coco,1532,000000001532.jpg,41,skateboard,a photo of a skateboard,True,0,13,0.08678125590085983,284.9901,433.7502,324.2025,472.9528,0.0,False,True,0.0,test
coco:1532:41:50,coco,1532,000000001532.jpg,41,skateboard,a photo of a skateboard,True,0,14,0.08657947927713394,499.1111,388.68,550.2725,444.5317,0.0,False,True,0.0,test
coco:1532:41:50,coco,1532,000000001532.jpg,41,skateboard,a photo of a skateboard,True,0,15,0.08527904748916626,288.6405,428.3991,318.8249,453.9517,0.0,False,True,0.0,test
coco:1532:41:50,coco,1532,000000001532.jpg,41,skateboard,a photo of a skateboard,True,0,16,0.08051365613937378,424.9091,395.2022,498.5308,452.7792,0.0,False,True,0.0,test
coco:1532:41:50,coco,1532,000000001532.jpg,41,skateboard,a photo of a skateboard,True,0,17,0.07829221338033676,303.6846,445.3173,342.6959,475.5829,0.0,False,True,0.0,test
coco:1532:41:50,coco,1532,000000001532.jpg,41,skateboard,a photo of a skateboard,True,0,18,0.07472825795412064,199.3198,398.336,243.165,428.9005,0.0,False,True,0.0,test
coco:1532:41:50,coco,1532,000000001532.jpg,41,skateboard,a photo of a skateboard,True,0,19,0.07461117953062057,62.2981,192.0697,534.3815,296.1564,0.0,False,True,0.0,test
coco:1532:41:50,coco,1532,000000001532.jpg,41,skateboard,a photo of a skateboard,True,0,20,0.07442264258861542,305.9047,201.9018,409.5622,278.1486,0.0,False,True,0.0,test
coco:1532:41:50,coco,1532,000000001532.jpg,41,skateboard,a photo of a skateboard,True,0,21,0.07333756238222122,341.8722,429.7538,373.4647,466.0374,0.0,False,True,0.0,test
coco:1532:41:50,coco,1532,000000001532.jpg,41,skateboard,a photo of a skateboard,True,0,22,0.07270282506942749,103.7711,368.1373,185.4308,439.5938,0.0,False,True,0.0,test
coco:1532:41:50,coco,1532,000000001532.jpg,41,skateboard,a photo of a skateboard,True,0,23,0.07038845121860504,301.8336,412.3322,326.1403,441.1314,0.0,False,True,0.0,test
coco:1532:41:50,coco,1532,000000001532.jpg,41,skateboard,a photo of a skateboard,True,0,24,0.06964889913797379,414.0501,195.3359,508.4071,272.5397,0.0,False,True,0.0,test
coco:1532:41:50,coco,1532,000000001532.jpg,41,skateboard,a photo of a skateboard,True,0,25,0.06863667070865631,312.3574,407.2118,338.1571,432.7504,0.0,False,True,0.0,test
coco:1532:41:50,coco,1532,000000001532.jpg,41,skateboard,a photo of a skateboard,True,0,26,0.06673283874988556,310.1287,386.1584,345.9908,424.1238,0.0,False,True,0.0,test
coco:1532:41:50,coco,1532,000000001532.jpg,41,skateboard,a photo of a skateboard,True,0,27,0.0666409581899643,266.7108,375.541,314.015,415.234,0.0,False,True,0.0,test
coco:1532:41:50,coco,1532,000000001532.jpg,41,skateboard,a photo of a skateboard,True,0,28,0.06596247106790543,263.5297,412.9946,309.2121,464.0694,0.0,False,True,0.0,test
coco:1532:41:50,coco,1532,000000001532.jpg,41,skateboard,a photo of a skateboard,True,0,29,0.06458728760480881,1.7951,369.104,116.9911,477.2332,0.0,False,True,0.0,test
coco:1532:41:50,coco,1532,000000001532.jpg,41,skateboard,a photo of a skateboard,True,0,30,0.06334574520587921,285.2141,451.4348,353.407,477.717,0.0,False,True,0.0,test
coco:1532:41:50,coco,1532,000000001532.jpg,41,skateboard,a photo of a skateboard,True,0,31,0.06298720836639404,344.7773,389.4147,376.6877,409.7595,0.0,False,True,0.0,test
coco:1532:41:50,coco,1532,000000001532.jpg,41,skateboard,a photo of a skateboard,True,0,32,0.06147141754627228,574.2522,414.4273,626.0945,468.24,0.0,False,True,0.0,test
coco:1532:41:50,coco,1532,000000001532.jpg,41,skateboard,a photo of a skateboard,True,0,33,0.06084641441702843,175.6021,323.6733,490.5729,475.9047,0.0,False,True,0.0,test
coco:1532:41:50,coco,1532,000000001532.jpg,41,skateboard,a photo of a skateboard,True,0,34,0.059423234313726425,241.8581,434.3698,284.3394,466.1658,0.0,False,True,0.0,test
coco:1532:41:50,coco,1532,000000001532.jpg,41,skateboard,a photo of a skateboard,True,0,35,0.059401147067546844,273.0153,361.4704,362.9493,474.6523,0.0,False,True,0.0,test
coco:1532:41:50,coco,1532,000000001532.jpg,41,skateboard,a photo of a skateboard,True,0,36,0.0583183579146862,295.8583,381.3834,347.5717,428.1032,0.0,False,True,0.0,test
coco:1532:41:50,coco,1532,000000001532.jpg,41,skateboard,a photo of a skateboard,True,0,37,0.05702820420265198,284.106,380.5349,363.7611,449.5504,0.0,False,True,0.0,test
coco:1532:41:50,coco,1532,000000001532.jpg,41,skateboard,a photo of a skateboard,True,0,38,0.05666558817028999,314.4408,380.2118,357.1458,412.6689,0.0,False,True,0.0,test
coco:1532:41:50,coco,1532,000000001532.jpg,41,skateboard,a photo of a skateboard,True,0,39,0.05663541704416275,368.1179,441.746,392.731,466.9577,0.0,False,True,0.0,test
coco:1532:41:50,coco,1532,000000001532.jpg,41,skateboard,a photo of a skateboard,True,0,40,0.05655351281166077,19.3045,127.2724,623.98,355.1618,0.0,False,True,0.0,test
coco:1532:41:50,coco,1532,000000001532.jpg,41,skateboard,a photo of a skateboard,True,0,41,0.05628225952386856,241.1501,353.6098,356.8217,475.7263,0.0,False,True,0.0,test
coco:1532:41:50,coco,1532,000000001532.jpg,41,skateboard,a photo of a skateboard,True,0,42,0.05601769685745239,587.8299,300.736,630.8746,352.6197,0.0,False,True,0.0,test
coco:1532:41:50,coco,1532,000000001532.jpg,41,skateboard,a photo of a skateboard,True,0,43,0.055826108902692795,84.5992,59.8389,477.6055,469.834,0.0,False,True,0.0,test
coco:1532:41:50,coco,1532,000000001532.jpg,41,skateboard,a photo of a skateboard,True,0,44,0.05570907145738602,343.3859,390.3966,378.2558,420.027,0.0,False,True,0.0,test
coco:1532:41:50,coco,1532,000000001532.jpg,41,skateboard,a photo of a skateboard,True,0,45,0.05488958954811096,43.3703,169.371,584.0128,321.1026,0.0,False,True,0.0,test
coco:1532:41:50,coco,1532,000000001532.jpg,41,skateboard,a photo of a skateboard,True,0,46,0.05485958978533745,304.5528,383.2898,330.5954,406.2881,0.0,False,True,0.0,test
coco:1532:41:50,coco,1532,000000001532.jpg,41,skateboard,a photo of a skateboard,True,0,47,0.05448529124259949,403.7133,396.9141,430.1793,428.966,0.0,False,True,0.0,test
coco:1532:41:50,coco,1532,000000001532.jpg,41,skateboard,a photo of a skateboard,True,0,48,0.054278790950775146,267.367,359.3214,395.9049,476.8122,0.0,False,True,0.0,test
coco:1532:41:50,coco,1532,000000001532.jpg,41,skateboard,a photo of a skateboard,True,0,49,0.05394251272082329,229.1425,391.6102,252.2144,420.3266,0.0,False,True,0.0,test
coco:1532:41:50,coco,1532,000000001532.jpg,41,skateboard,a photo of a skateboard,True,0,50,0.053858064115047455,62.6221,270.407,574.7344,473.9935,0.0,False,True,0.0,test
coco:1532:41:50,coco,1532,000000001532.jpg,41,skateboard,a photo of a skateboard,True,0,51,0.05339115858078003,361.5275,426.6681,398.3203,474.3562,0.0,False,True,0.0,test
coco:1532:41:50,coco,1532,000000001532.jpg,41,skateboard,a photo of a skateboard,True,0,52,0.05335470661520958,245.5492,385.786,277.5833,416.3654,0.0,False,True,0.0,test
coco:1532:41:50,coco,1532,000000001532.jpg,41,skateboard,a photo of a skateboard,True,0,53,0.05126986652612686,198.0721,386.7659,248.9177,431.1013,0.0,False,True,0.0,test
coco:1532:41:50,coco,1532,000000001532.jpg,41,skateboard,a photo of a skateboard,True,0,54,0.05081646889448166,119.2082,374.9403,169.6004,412.9429,0.0,False,True,0.0,test
coco:1532:41:50,coco,1532,000000001532.jpg,41,skateboard,a photo of a skateboard,True,0,55,0.05057420954108238,372.4904,379.6824,400.7112,405.8906,0.0,False,True,0.0,test
coco:1532:41:50,coco,1532,000000001532.jpg,41,skateboard,a photo of a skateboard,True,0,56,0.05037473887205124,223.7563,388.3312,246.6289,403.9429,0.0,False,True,0.0,test
coco:1532:41:50,coco,1532,000000001532.jpg,41,skateboard,a photo of a skateboard,True,0,57,0.05027616396546364,247.3967,435.7302,277.3392,455.501,0.0,False,True,0.0,test
coco:1532:41:50,coco,1532,000000001532.jpg,41,skateboard,a photo of a skateboard,True,0,58,0.050174690783023834,247.9358,431.5948,277.9227,467.8279,0.0,False,True,0.0,test
coco:1584:73:52,coco,1584,000000001584.jpg,73,laptop,a photo of a laptop,True,0,0,0.3425559103488922,120.1824,83.2143,529.532,533.0187,0.0,False,True,9.88888888888889,test
coco:1584:73:52,coco,1584,000000001584.jpg,73,laptop,a photo of a laptop,True,0,1,0.318455308675766,0.1756,4.4156,612.0786,607.718,0.0,False,True,9.88888888888889,test
coco:1584:73:52,coco,1584,000000001584.jpg,73,laptop,a photo of a laptop,True,0,2,0.1305001825094223,368.5942,194.4238,390.9209,258.0423,0.0,False,True,0.0,test
coco:1584:73:52,coco,1584,000000001584.jpg,73,laptop,a photo of a laptop,True,0,3,0.08573563396930695,364.39,189.8862,415.4205,267.2093,0.0,False,True,0.0,test
coco:1584:73:52,coco,1584,000000001584.jpg,73,laptop,a photo of a laptop,True,0,4,0.08146723359823227,83.5736,63.7389,574.8134,448.2293,0.0,False,True,0.0,test
coco:1584:73:52,coco,1584,000000001584.jpg,73,laptop,a photo of a laptop,True,0,5,0.06663778424263,361.7553,188.6462,505.3612,289.0966,0.0,False,True,0.0,test
coco:1584:73:52,coco,1584,000000001584.jpg,73,laptop,a photo of a laptop,True,0,6,0.06662872433662415,394.9533,205.215,414.5648,262.63,0.0,False,True,0.0,test
coco:1584:73:52,coco,1584,000000001584.jpg,73,laptop,a photo of a laptop,True,0,7,0.05756867676973343,183.9653,301.38,250.9124,371.4809,0.0,False,True,0.0,test
coco:1584:73:52,coco,1584,000000001584.jpg,73,laptop,a photo of a laptop,True,0,8,0.05719086155295372,124.5846,81.9263,529.0457,390.811,0.0,False,True,0.0,test
coco:1584:73:52,coco,1584,000000001584.jpg,73,laptop,a photo of a laptop,True,0,9,0.054351285099983215,564.1757,313.2139,611.8754,405.7699,0.0,False,True,0.0,test
coco:1584:73:52,coco,1584,000000001584.jpg,73,laptop,a photo of a laptop,True,0,10,0.050665147602558136,73.1303,371.739,101.8391,429.8328,0.0,False,True,0.0,test
coco:1584:80:53,coco,1584,000000001584.jpg,80,toaster,a photo of a toaster,True,0,0,0.3561514914035797,120.7015,83.6968,528.705,532.9944,0.0,False,True,9.88888888888889,test
coco:1584:80:53,coco,1584,000000001584.jpg,80,toaster,a photo of a toaster,True,0,1,0.3262682259082794,0.2977,5.8663,611.9734,606.0432,0.0,False,True,9.88888888888889,test
coco:1584:80:53,coco,1584,000000001584.jpg,80,toaster,a photo of a toaster,True,0,2,0.119768887758255,368.8473,194.6342,390.8535,257.7492,0.0,False,True,0.0,test
coco:1584:80:53,coco,1584,000000001584.jpg,80,toaster,a photo of a toaster,True,0,3,0.09173651784658432,54.3148,43.6782,584.1724,470.5397,0.0,False,True,0.0,test
coco:1584:80:53,coco,1584,000000001584.jpg,80,toaster,a photo of a toaster,True,0,4,0.08994843065738678,564.5389,315.3752,611.933,405.2961,0.0,False,True,0.0,test
coco:1584:80:53,coco,1584,000000001584.jpg,80,toaster,a photo of a toaster,True,0,5,0.07961007952690125,364.392,189.8392,415.4399,267.349,0.0,False,True,0.0,test
coco:1584:80:53,coco,1584,000000001584.jpg,80,toaster,a photo of a toaster,True,0,6,0.07506677508354187,360.0727,186.5206,397.7927,265.6422,0.0,False,True,0.0,test
coco:1584:80:53,coco,1584,000000001584.jpg,80,toaster,a photo of a toaster,True,0,7,0.06634096056222916,73.2411,372.0811,100.7092,430.8957,0.0,False,True,0.0,test
coco:1584:80:53,coco,1584,000000001584.jpg,80,toaster,a photo of a toaster,True,0,8,0.06473223119974136,395.808,205.9349,414.1131,262.8873,0.0,False,True,0.0,test
coco:1584:80:53,coco,1584,000000001584.jpg,80,toaster,a photo of a toaster,True,0,9,0.06185859814286232,70.3529,370.0526,132.3066,434.2927,0.0,False,True,0.0,test
coco:1584:80:53,coco,1584,000000001584.jpg,80,toaster,a photo of a toaster,True,0,10,0.05941373482346535,362.9172,190.0206,505.5141,289.0048,0.0,False,True,0.0,test
coco:1584:80:53,coco,1584,000000001584.jpg,80,toaster,a photo of a toaster,True,0,11,0.05847914516925812,503.8634,311.7514,570.5845,385.206,0.0,False,True,0.0,test
coco:1584:80:53,coco,1584,000000001584.jpg,80,toaster,a photo of a toaster,True,0,12,0.05519566312432289,123.9428,81.4609,529.7168,391.0909,0.0,False,True,0.0,test
coco:1584:80:53,coco,1584,000000001584.jpg,80,toaster,a photo of a toaster,True,0,13,0.054201412945985794,110.4848,377.3783,130.8127,430.6144,0.0,False,True,0.0,test
coco:1584:80:53,coco,1584,000000001584.jpg,80,toaster,a photo of a toaster,True,0,14,0.05036354064941406,98.0675,396.696,117.376,430.0721,0.0,False,True,0.0,test
coco:1675:76:54,coco,1675,000000001675.jpg,76,keyboard,a photo of a keyboard,False,1,0,0.3402248024940491,4.2172,7.7983,635.2333,475.228,0.18208149075508118,False,True,9.88888888888889,test
coco:1675:76:54,coco,1675,000000001675.jpg,76,keyboard,a photo of a keyboard,False,1,1,0.3357020318508148,116.3004,396.4143,511.0804,477.786,0.5496634244918823,True,False,9.88888888888889,test
coco:1675:76:54,coco,1675,000000001675.jpg,76,keyboard,a photo of a keyboard,False,1,2,0.2885228395462036,57.3924,366.544,573.886,477.6402,0.9359626770019531,True,False,9.88888888888889,test
coco:1675:76:54,coco,1675,000000001675.jpg,76,keyboard,a photo of a keyboard,False,1,3,0.14654219150543213,3.8878,11.7026,635.783,310.3821,0.0,False,True,9.88888888888889,test
coco:1675:76:54,coco,1675,000000001675.jpg,76,keyboard,a photo of a keyboard,False,1,4,0.13300925493240356,7.3709,305.9313,632.571,476.8658,0.502543568611145,True,False,0.0,test
coco:1675:76:54,coco,1675,000000001675.jpg,76,keyboard,a photo of a keyboard,False,1,5,0.08226267248392105,41.6039,57.0225,598.7299,424.073,0.12446366250514984,False,True,0.0,test
coco:1675:76:54,coco,1675,000000001675.jpg,76,keyboard,a photo of a keyboard,False,1,6,0.08120318502187729,108.349,319.805,513.2696,476.2626,0.576450526714325,True,False,0.0,test
coco:1675:76:54,coco,1675,000000001675.jpg,76,keyboard,a photo of a keyboard,False,1,7,0.07765964418649673,142.9381,400.7122,392.8607,475.0641,0.3364582359790802,False,True,0.0,test
coco:1675:76:54,coco,1675,000000001675.jpg,76,keyboard,a photo of a keyboard,False,1,8,0.07408075779676437,13.8804,207.2567,622.4444,475.3474,0.32918092608451843,False,True,0.0,test
coco:1675:76:54,coco,1675,000000001675.jpg,76,keyboard,a photo of a keyboard,False,1,9,0.07244709879159927,56.9257,115.4971,564.2284,473.8294,0.29145851731300354,False,True,0.0,test
coco:1675:76:54,coco,1675,000000001675.jpg,76,keyboard,a photo of a keyboard,False,1,10,0.0705031082034111,56.7939,397.0735,626.7704,477.4959,0.6399179100990295,True,False,0.0,test
coco:1675:76:54,coco,1675,000000001675.jpg,76,keyboard,a photo of a keyboard,False,1,11,0.06968795508146286,193.8987,405.4482,438.0758,474.4343,0.3082701861858368,False,True,0.0,test
coco:1675:76:54,coco,1675,000000001675.jpg,76,keyboard,a photo of a keyboard,False,1,12,0.061632316559553146,122.028,395.7904,292.6979,476.6909,0.24458834528923035,False,True,0.0,test
coco:1675:76:54,coco,1675,000000001675.jpg,76,keyboard,a photo of a keyboard,False,1,13,0.06098034232854843,216.7206,411.1131,406.0609,470.545,0.20952686667442322,False,True,0.0,test
coco:1675:76:54,coco,1675,000000001675.jpg,76,keyboard,a photo of a keyboard,False,1,14,0.057404614984989166,119.3967,395.8473,241.3785,475.8213,0.17552633583545685,False,True,0.0,test
coco:1675:76:54,coco,1675,000000001675.jpg,76,keyboard,a photo of a keyboard,False,1,15,0.05543101578950882,218.6929,398.863,353.9896,475.691,0.1870834082365036,False,True,0.0,test
coco:1675:76:54,coco,1675,000000001675.jpg,76,keyboard,a photo of a keyboard,False,1,16,0.05435069650411606,232.3025,393.8072,411.5709,475.6654,0.26422828435897827,False,True,0.0,test
coco:1675:7:55,coco,1675,000000001675.jpg,7,train,a photo of a train,True,0,0,0.4761083424091339,4.4304,8.3785,634.8877,472.4444,0.0,False,True,9.88888888888889,test
coco:1675:7:55,coco,1675,000000001675.jpg,7,train,a photo of a train,True,0,1,0.20274177193641663,5.0844,13.5807,634.5032,309.6173,0.0,False,True,9.88888888888889,test
coco:1675:7:55,coco,1675,000000001675.jpg,7,train,a photo of a train,True,0,2,0.08266860991716385,52.3396,43.262,541.712,460.4336,0.0,False,True,0.0,test
coco:1675:7:55,coco,1675,000000001675.jpg,7,train,a photo of a train,True,0,3,0.07401945441961288,3.7384,304.5362,635.676,476.7698,0.0,False,True,0.0,test
coco:1675:7:55,coco,1675,000000001675.jpg,7,train,a photo of a train,True,0,4,0.06296944618225098,21.6454,89.1064,623.4515,289.5439,0.0,False,True,0.0,test
coco:1675:7:55,coco,1675,000000001675.jpg,7,train,a photo of a train,True,0,5,0.05584203079342842,32.2656,26.7467,595.5994,250.9754,0.0,False,True,0.0,test
coco:1675:7:55,coco,1675,000000001675.jpg,7,train,a photo of a train,True,0,6,0.0517241470515728,54.5793,78.7699,579.9687,365.6445,0.0,False,True,0.0,test
coco:1675:7:55,coco,1675,000000001675.jpg,7,train,a photo of a train,True,0,7,0.0510413683950901,54.3578,366.6812,574.4913,477.4975,0.0,False,True,0.0,test
coco:1675:49:56,coco,1675,000000001675.jpg,49,knife,a photo of a knife,True,0,0,0.3377358615398407,0.9456,411.3584,62.5082,443.8844,0.0,False,True,9.88888888888889,test
coco:1675:49:56,coco,1675,000000001675.jpg,49,knife,a photo of a knife,True,0,1,0.2524333596229553,4.0411,12.5181,635.6433,310.7196,0.0,False,True,9.88888888888889,test
coco:1675:49:56,coco,1675,000000001675.jpg,49,knife,a photo of a knife,True,0,2,0.24114032089710236,3.8667,8.7921,635.3785,472.7104,0.0,False,True,9.88888888888889,test
coco:1675:49:56,coco,1675,000000001675.jpg,49,knife,a photo of a knife,True,0,3,0.20160581171512604,1.1741,397.7757,69.2494,452.5688,0.0,False,True,9.88888888888889,test
coco:1675:49:56,coco,1675,000000001675.jpg,49,knife,a photo of a knife,True,0,4,0.17555132508277893,1.2385,408.3956,65.5471,475.6985,0.0,False,True,9.88888888888889,test
coco:1675:49:56,coco,1675,000000001675.jpg,49,knife,a photo of a knife,True,0,5,0.153346449136734,0.9957,453.119,64.5861,472.3424,0.0,False,True,9.88888888888889,test
coco:1675:49:56,coco,1675,000000001675.jpg,49,knife,a photo of a knife,True,0,6,0.12753720581531525,1.2816,401.9262,99.1208,455.3343,0.0,False,True,0.0,test
coco:1675:49:56,coco,1675,000000001675.jpg,49,knife,a photo of a knife,True,0,7,0.12186891585588455,2.2875,394.8416,111.0588,473.0052,0.0,False,True,0.0,test
coco:1675:49:56,coco,1675,000000001675.jpg,49,knife,a photo of a knife,True,0,8,0.10287360101938248,1.5669,375.1698,92.9047,476.0961,0.0,False,True,0.0,test
coco:1675:49:56,coco,1675,000000001675.jpg,49,knife,a photo of a knife,True,0,9,0.10162994265556335,2.9064,302.9891,635.6751,475.6897,0.0,False,True,0.0,test
coco:1675:49:56,coco,1675,000000001675.jpg,49,knife,a photo of a knife,True,0,10,0.08811895549297333,43.8119,62.3706,580.7417,281.4376,0.0,False,True,0.0,test
coco:1675:49:56,coco,1675,000000001675.jpg,49,knife,a photo of a knife,True,0,11,0.0855398029088974,51.5545,366.4813,575.4727,476.5123,0.0,False,True,0.0,test
coco:1675:49:56,coco,1675,000000001675.jpg,49,knife,a photo of a knife,True,0,12,0.08266530185937881,2.8727,373.6571,144.9534,474.8507,0.0,False,True,0.0,test
coco:1675:49:56,coco,1675,000000001675.jpg,49,knife,a photo of a knife,True,0,13,0.07439909130334854,1.463,353.4904,67.629,475.6151,0.0,False,True,0.0,test
coco:1675:49:56,coco,1675,000000001675.jpg,49,knife,a photo of a knife,True,0,14,0.07353140413761139,1.7912,300.4884,636.4957,377.0172,0.0,False,True,0.0,test
coco:1675:49:56,coco,1675,000000001675.jpg,49,knife,a photo of a knife,True,0,15,0.07148362696170807,525.1718,418.0161,552.2418,444.4676,0.0,False,True,0.0,test
coco:1675:49:56,coco,1675,000000001675.jpg,49,knife,a photo of a knife,True,0,16,0.07123532146215439,19.2227,454.0493,63.5175,471.0405,0.0,False,True,0.0,test
coco:1675:49:56,coco,1675,000000001675.jpg,49,knife,a photo of a knife,True,0,17,0.06928960978984833,7.4701,186.7533,629.7086,471.2892,0.0,False,True,0.0,test
coco:1675:49:56,coco,1675,000000001675.jpg,49,knife,a photo of a knife,True,0,18,0.06496591866016388,0.8908,337.5317,637.5598,371.8185,0.0,False,True,0.0,test
coco:1675:49:56,coco,1675,000000001675.jpg,49,knife,a photo of a knife,True,0,19,0.0615655891597271,2.0835,327.0786,113.7979,475.6997,0.0,False,True,0.0,test
coco:1675:49:56,coco,1675,000000001675.jpg,49,knife,a photo of a knife,True,0,20,0.060776691883802414,621.178,461.4192,638.8074,478.036,0.0,False,True,0.0,test
coco:1675:49:56,coco,1675,000000001675.jpg,49,knife,a photo of a knife,True,0,21,0.05954300984740257,1.3414,439.7491,67.8911,476.5555,0.0,False,True,0.0,test
coco:1675:49:56,coco,1675,000000001675.jpg,49,knife,a photo of a knife,True,0,22,0.0576084703207016,44.2181,388.371,61.8848,417.273,0.0,False,True,0.0,test
coco:1675:49:56,coco,1675,000000001675.jpg,49,knife,a photo of a knife,True,0,23,0.05470811948180199,0.8358,457.4049,20.4723,469.4566,0.0,False,True,0.0,test
coco:1675:49:56,coco,1675,000000001675.jpg,49,knife,a photo of a knife,True,0,24,0.05415317416191101,514.7211,407.2315,562.6396,455.8688,0.0,False,True,0.0,test
coco:1675:49:56,coco,1675,000000001675.jpg,49,knife,a photo of a knife,True,0,25,0.052649348974227905,2.99,308.222,155.0497,474.6352,0.0,False,True,0.0,test
coco:1675:49:56,coco,1675,000000001675.jpg,49,knife,a photo of a knife,True,0,26,0.05184312164783478,64.6362,141.3995,587.1769,448.6004,0.0,False,True,0.0,test
coco:1675:49:56,coco,1675,000000001675.jpg,49,knife,a photo of a knife,True,0,27,0.05143102630972862,626.3611,467.6636,639.0218,477.8708,0.0,False,True,0.0,test
coco:1761:17:59,coco,1761,000000001761.jpg,17,cat,a photo of a cat,True,0,0,0.304436057806015,5.8674,5.9574,422.2969,631.654,0.0,False,True,9.88888888888889,test
coco:1761:17:59,coco,1761,000000001761.jpg,17,cat,a photo of a cat,True,0,1,0.2577042579650879,147.1654,6.794,226.169,89.3475,0.0,False,True,9.88888888888889,test
coco:1761:17:59,coco,1761,000000001761.jpg,17,cat,a photo of a cat,True,0,2,0.24329417943954468,278.4322,136.5578,334.963,185.6526,0.0,False,True,9.88888888888889,test
coco:1761:17:59,coco,1761,000000001761.jpg,17,cat,a photo of a cat,True,0,3,0.20633019506931305,269.3835,127.3749,346.2663,195.721,0.0,False,True,9.88888888888889,test
coco:1761:17:59,coco,1761,000000001761.jpg,17,cat,a photo of a cat,True,0,4,0.18296441435813904,134.9149,5.6959,241.6607,101.443,0.0,False,True,9.88888888888889,test
coco:1761:17:59,coco,1761,000000001761.jpg,17,cat,a photo of a cat,True,0,5,0.15168355405330658,258.2505,117.7879,359.9732,208.1795,0.0,False,True,9.88888888888889,test
coco:1761:17:59,coco,1761,000000001761.jpg,17,cat,a photo of a cat,True,0,6,0.11556748300790787,122.3929,4.4307,369.0401,217.6546,0.0,False,True,0.0,test
coco:1761:17:59,coco,1761,000000001761.jpg,17,cat,a photo of a cat,True,0,7,0.09522639214992523,40.3763,13.6061,402.6003,487.4285,0.0,False,True,0.0,test
coco:1761:17:59,coco,1761,000000001761.jpg,17,cat,a photo of a cat,True,0,8,0.08971670269966125,145.5062,7.4689,337.886,189.2926,0.0,False,True,0.0,test
coco:1761:17:59,coco,1761,000000001761.jpg,17,cat,a photo of a cat,True,0,9,0.08887594938278198,123.6949,4.5611,263.0518,127.5943,0.0,False,True,0.0,test
coco:1761:17:59,coco,1761,000000001761.jpg,17,cat,a photo of a cat,True,0,10,0.07783035933971405,55.4502,6.3931,406.8178,319.7589,0.0,False,True,0.0,test
coco:1761:17:59,coco,1761,000000001761.jpg,17,cat,a photo of a cat,True,0,11,0.06242549419403076,241.7076,105.2669,390.6376,256.0089,0.0,False,True,0.0,test
coco:1761:17:59,coco,1761,000000001761.jpg,17,cat,a photo of a cat,True,0,12,0.05031861364841461,319.5349,148.3098,334.3397,168.3334,0.0,False,True,0.0,test
