family_id,dataset,image_id,file_name,category_id,category_name,prompt,is_prompt_absent,gt_count,candidate_idx,score,x1,y1,x2,y2,max_iou,is_tp,is_null
coco:632:64:6,coco,632,000000000632.jpg,64,potted plant,potted plant,False,2,0,0.7848577499389648,343.0191,214.8969,430.4319,351.6938,0.9051690101623536,True,False
coco:632:64:6,coco,632,000000000632.jpg,64,potted plant,potted plant,False,2,1,0.7399969100952148,185.5608,132.9128,240.6157,229.1843,0.8726003766059875,True,False
coco:632:64:6,coco,632,000000000632.jpg,64,potted plant,potted plant,False,2,2,0.2042027115821838,489.663,90.1511,517.6449,125.4099,0.0,False,True
coco:632:64:6,coco,632,000000000632.jpg,64,potted plant,potted plant,False,2,3,0.1439375281333923,185.449,180.1896,209.5329,226.5542,0.1988500505685806,False,True
coco:632:64:6,coco,632,000000000632.jpg,64,potted plant,potted plant,False,2,4,0.1258452534675598,169.0749,89.7096,204.2516,135.972,0.0,False,True
coco:632:64:6,coco,632,000000000632.jpg,64,potted plant,potted plant,False,2,5,0.1149289906024932,162.3837,148.145,180.1193,175.7659,0.0,False,True
coco:632:64:6,coco,632,000000000632.jpg,64,potted plant,potted plant,False,2,6,0.0815856903791427,122.4899,217.7596,138.3774,231.7925,0.0,False,True
coco:632:64:6,coco,632,000000000632.jpg,64,potted plant,potted plant,False,2,7,0.079890601336956,472.9329,88.8211,524.937,134.848,0.0,False,True
coco:632:64:6,coco,632,000000000632.jpg,64,potted plant,potted plant,False,2,8,0.0643407329916954,186.6364,133.18,209.7121,226.367,0.36398845911026,False,True
coco:632:64:6,coco,632,000000000632.jpg,64,potted plant,potted plant,False,2,9,0.0515526533126831,86.296,96.4955,193.1617,191.7105,0.0354470126330852,False,True
coco:632:52:8,coco,632,000000000632.jpg,52,banana,banana,True,0,0,0.1277246326208114,418.144,278.11,429.6015,297.6215,0.0,False,True
coco:632:52:8,coco,632,000000000632.jpg,52,banana,banana,True,0,1,0.1271763443946838,162.927,148.1518,179.7455,175.3522,0.0,False,True
coco:632:52:8,coco,632,000000000632.jpg,52,banana,banana,True,0,2,0.1186344027519226,77.1712,134.6396,92.7146,170.3711,0.0,False,True
coco:632:52:8,coco,632,000000000632.jpg,52,banana,banana,True,0,3,0.1150350496172905,0.9006,282.5907,398.139,482.2055,0.0,False,True
coco:632:52:8,coco,632,000000000632.jpg,52,banana,banana,True,0,4,0.1124666929244995,417.6575,277.9281,429.6911,306.8349,0.0,False,True
coco:632:52:8,coco,632,000000000632.jpg,52,banana,banana,True,0,5,0.1065849363803863,403.2783,277.4138,429.6394,307.6451,0.0,False,True
coco:632:52:8,coco,632,000000000632.jpg,52,banana,banana,True,0,6,0.098454862833023,403.2006,285.7154,417.4681,307.2484,0.0,False,True
coco:632:52:8,coco,632,000000000632.jpg,52,banana,banana,True,0,7,0.0942833945155143,343.4879,213.1311,430.4861,318.6438,0.0,False,True
coco:632:52:8,coco,632,000000000632.jpg,52,banana,banana,True,0,8,0.0866411253809928,86.752,96.4415,192.8361,190.6236,0.0,False,True
coco:632:52:8,coco,632,000000000632.jpg,52,banana,banana,True,0,9,0.0697763264179229,193.7344,131.7936,207.2658,155.119,0.0,False,True
coco:632:52:8,coco,632,000000000632.jpg,52,banana,banana,True,0,10,0.0633955672383308,185.3459,180.1634,209.8621,210.6898,0.0,False,True
coco:632:52:8,coco,632,000000000632.jpg,52,banana,banana,True,0,11,0.0632050037384033,510.1526,-0.0445,535.5294,12.226,0.0,False,True
coco:632:52:8,coco,632,000000000632.jpg,52,banana,banana,True,0,12,0.0593653842806816,122.2949,217.809,138.5822,231.2562,0.0,False,True
coco:632:52:8,coco,632,000000000632.jpg,52,banana,banana,True,0,13,0.0572773143649101,72.3262,154.6992,84.9802,220.7768,0.0,False,True
coco:632:52:8,coco,632,000000000632.jpg,52,banana,banana,True,0,14,0.0560544580221176,185.3487,180.6119,199.9444,210.6694,0.0,False,True
coco:632:52:8,coco,632,000000000632.jpg,52,banana,banana,True,0,15,0.0554917678236961,113.7636,204.1702,192.2025,229.331,0.0,False,True
coco:632:52:8,coco,632,000000000632.jpg,52,banana,banana,True,0,16,0.0522276237607002,189.6139,131.9085,240.2883,207.4251,0.0,False,True
coco:632:52:8,coco,632,000000000632.jpg,52,banana,banana,True,0,17,0.0520618110895156,383.0228,294.5164,398.7297,317.6632,0.0,False,True
coco:776:65:12,coco,776,000000000776.jpg,65,bed,bed,False,1,0,0.3123920261859894,0.2683,-0.1446,427.4726,639.8353,0.9953530430793762,True,False
coco:776:65:12,coco,776,000000000776.jpg,65,bed,bed,False,1,1,0.0932094976305961,319.6073,419.5121,427.0117,638.9709,0.0863574147224426,False,True
coco:776:65:12,coco,776,000000000776.jpg,65,bed,bed,False,1,2,0.0815417692065239,0.0909,0.16,427.8068,124.5455,0.1941884011030197,False,True
coco:776:65:12,coco,776,000000000776.jpg,65,bed,bed,False,1,3,0.0736993327736854,0.1048,0.0359,135.1741,124.2094,0.0607547312974929,False,True
coco:776:65:12,coco,776,000000000776.jpg,65,bed,bed,False,1,4,0.070462092757225,0.7379,269.4612,320.9015,638.7501,0.431833803653717,False,True
coco:776:65:12,coco,776,000000000776.jpg,65,bed,bed,False,1,5,0.0685932785272598,0.4567,53.0907,201.8438,293.3863,0.1762893199920654,False,True
coco:776:65:12,coco,776,000000000776.jpg,65,bed,bed,False,1,6,0.0598900541663169,0.2585,0.4565,351.3768,530.3757,0.6778751611709595,True,False
coco:776:65:12,coco,776,000000000776.jpg,65,bed,bed,False,1,7,0.0570778362452983,99.974,0.8532,426.6088,540.2146,0.6454567313194275,True,False
coco:776:65:12,coco,776,000000000776.jpg,65,bed,bed,False,1,8,0.0525223352015018,0.7101,-0.3783,427.2248,426.7184,0.6641778349876404,True,False
coco:776:85:13,coco,776,000000000776.jpg,85,clock,clock,True,0,0,0.1614852547645568,0.7093,52.8828,202.0841,293.9778,0.0,False,True
coco:776:85:13,coco,776,000000000776.jpg,85,clock,clock,True,0,1,0.1568561792373657,1.0694,269.4143,320.6284,638.0789,0.0,False,True
coco:776:85:13,coco,776,000000000776.jpg,85,clock,clock,True,0,2,0.1551951915025711,100.6272,0.4643,426.6526,535.0278,0.0,False,True
coco:776:85:13,coco,776,000000000776.jpg,85,clock,clock,True,0,3,0.1282545924186706,0.9811,51.7136,349.6305,528.4433,0.0,False,True
coco:776:85:13,coco,776,000000000776.jpg,85,clock,clock,True,0,4,0.0753446519374847,1.3791,-0.2334,426.646,639.5895,0.0,False,True
coco:776:85:13,coco,776,000000000776.jpg,85,clock,clock,True,0,5,0.0574961751699447,1.225,267.4122,240.2669,545.6498,0.0,False,True
coco:776:67:14,coco,776,000000000776.jpg,67,dining table,dining table,True,0,0,0.154350534081459,0.7883,-0.3009,427.0567,639.6481,0.0,False,True
coco:776:67:14,coco,776,000000000776.jpg,67,dining table,dining table,True,0,1,0.1246262937784195,0.1236,-0.0541,136.2649,124.4583,0.0,False,True
coco:776:67:14,coco,776,000000000776.jpg,67,dining table,dining table,True,0,2,0.1084970608353614,0.8399,269.5642,320.6741,638.6313,0.0,False,True
coco:776:67:14,coco,776,000000000776.jpg,67,dining table,dining table,True,0,3,0.0929278954863548,0.5956,53.7138,201.9062,293.6563,0.0,False,True
coco:776:67:14,coco,776,000000000776.jpg,67,dining table,dining table,True,0,4,0.0874826461076736,319.3835,419.196,427.0666,638.8353,0.0,False,True
coco:776:67:14,coco,776,000000000776.jpg,67,dining table,dining table,True,0,5,0.0777493417263031,100.6581,0.752,426.86,544.2174,0.0,False,True
coco:776:67:14,coco,776,000000000776.jpg,67,dining table,dining table,True,0,6,0.0752107873558998,0.043,0.2364,427.7693,124.2878,0.0,False,True
coco:776:67:14,coco,776,000000000776.jpg,67,dining table,dining table,True,0,7,0.0742402374744415,0.1034,1.2029,349.6576,531.676,0.0,False,True
coco:776:67:14,coco,776,000000000776.jpg,67,dining table,dining table,True,0,8,0.0596591420471668,0.6151,0.0806,427.3558,409.077,0.0,False,True
coco:776:67:14,coco,776,000000000776.jpg,67,dining table,dining table,True,0,9,0.0576782934367656,378.3315,0.0594,427.5518,69.7725,0.0,False,True
coco:776:67:14,coco,776,000000000776.jpg,67,dining table,dining table,True,0,10,0.0558408685028553,1.2805,419.3557,320.0332,638.4479,0.0,False,True
coco:776:67:14,coco,776,000000000776.jpg,67,dining table,dining table,True,0,11,0.0524652749300003,191.9624,217.5589,350.4493,528.8085,0.0,False,True
coco:872:37:21,coco,872,000000000872.jpg,37,sports ball,sports ball,False,1,0,0.3158126473426819,373.4252,157.8557,432.3,200.1436,0.1286713927984237,False,True
coco:872:37:21,coco,872,000000000872.jpg,37,sports ball,sports ball,False,1,1,0.1499801278114318,406.0048,168.9619,432.2411,193.2053,0.5036519169807434,True,False
coco:872:37:21,coco,872,000000000872.jpg,37,sports ball,sports ball,False,1,2,0.1161241754889488,157.1007,102.6221,433.9536,555.2112,0.0025566664990037,False,True
coco:872:37:21,coco,872,000000000872.jpg,37,sports ball,sports ball,False,1,3,0.0851889699697494,297.252,101.3055,434.3939,320.5922,0.0106523251160979,False,True
coco:872:37:21,coco,872,000000000872.jpg,37,sports ball,sports ball,False,1,4,0.081869825720787,374.7622,157.6863,408.9921,177.6228,0.0053851827979087,False,True
coco:872:37:21,coco,872,000000000872.jpg,37,sports ball,sports ball,False,1,5,0.0781456008553505,296.7934,100.7496,434.3899,462.4229,0.0064372946508228,False,True
coco:872:37:21,coco,872,000000000872.jpg,37,sports ball,sports ball,False,1,6,0.0734028667211532,158.3102,130.0223,348.844,551.5328,0.0,False,True
coco:872:37:21,coco,872,000000000872.jpg,37,sports ball,sports ball,False,1,7,0.0713521540164947,375.5732,159.1747,408.9065,197.2906,0.0091909114271402,False,True
coco:872:37:21,coco,872,000000000872.jpg,37,sports ball,sports ball,False,1,8,0.0660573095083236,385.9886,163.5472,403.9678,176.3883,0.0,False,True
coco:872:37:21,coco,872,000000000872.jpg,37,sports ball,sports ball,False,1,9,0.0620962269604206,362.3175,147.5566,441.5017,211.9079,0.0628682821989059,False,True
coco:872:37:21,coco,872,000000000872.jpg,37,sports ball,sports ball,False,1,10,0.0529342740774154,379.8661,175.7013,408.2004,199.6717,0.0021992016118019,False,True
coco:872:37:21,coco,872,000000000872.jpg,37,sports ball,sports ball,False,1,11,0.0523810386657714,370.6517,157.0814,435.5562,232.8024,0.0651832669973373,False,True
coco:872:37:21,coco,872,000000000872.jpg,37,sports ball,sports ball,False,1,12,0.050882663577795,374.7255,157.9662,427.1359,179.4659,0.1086959540843963,False,True
coco:872:7:22,coco,872,000000000872.jpg,7,train,train,True,0,0,0.1374198943376541,372.6343,157.7108,433.8715,199.2178,0.0,False,True
coco:872:7:22,coco,872,000000000872.jpg,7,train,train,True,0,1,0.1039349511265754,153.9066,125.1328,427.662,555.0961,0.0,False,True
coco:872:7:22,coco,872,000000000872.jpg,7,train,train,True,0,2,0.0505874529480934,295.9576,101.0211,433.954,461.5894,0.0,False,True
coco:1425:51:39,coco,1425,000000001425.jpg,51,bowl,bowl,False,1,0,0.6180040240287781,493.4676,193.4915,639.4498,377.7569,0.873645007610321,True,False
coco:1425:51:39,coco,1425,000000001425.jpg,51,bowl,bowl,False,1,1,0.1757328659296035,0.9662,174.1082,638.9609,484.0973,0.1544659286737442,False,True
coco:1425:51:39,coco,1425,000000001425.jpg,51,bowl,bowl,False,1,2,0.167309358716011,0.9161,313.5236,639.1082,484.0448,0.0825930535793304,False,True
coco:1425:51:39,coco,1425,000000001425.jpg,51,bowl,bowl,False,1,3,0.0608507171273231,33.5254,176.6438,440.0976,398.4641,0.0,False,True
coco:1425:85:40,coco,1425,000000001425.jpg,85,clock,clock,True,0,0,0.1638308316469192,35.2549,176.3797,440.1508,397.2321,0.0,False,True
coco:1425:85:40,coco,1425,000000001425.jpg,85,clock,clock,True,0,1,0.1368666738271713,1.4442,172.3093,638.9236,484.4245,0.0,False,True
coco:1425:85:40,coco,1425,000000001425.jpg,85,clock,clock,True,0,2,0.1037705317139625,1.9387,0.5674,638.2759,494.7769,0.0,False,True
coco:1425:85:40,coco,1425,000000001425.jpg,85,clock,clock,True,0,3,0.0989019125699997,493.2259,182.7771,639.207,378.2025,0.0,False,True
coco:1425:85:40,coco,1425,000000001425.jpg,85,clock,clock,True,0,4,0.0736634358763694,5.6911,174.9877,111.5887,315.0422,0.0,False,True
coco:1425:85:40,coco,1425,000000001425.jpg,85,clock,clock,True,0,5,0.0627533867955207,0.6694,354.4827,639.2698,484.2726,0.0,False,True
coco:1425:81:41,coco,1425,000000001425.jpg,81,sink,sink,True,0,0,0.5215672850608826,0.9636,171.8082,639.0228,483.3948,0.0,False,True
coco:1425:81:41,coco,1425,000000001425.jpg,81,sink,sink,True,0,1,0.2841348946094513,493.2458,186.4756,639.2907,378.0633,0.0,False,True
coco:1425:81:41,coco,1425,000000001425.jpg,81,sink,sink,True,0,2,0.1889514774084091,0.8901,314.8275,638.8873,483.3824,0.0,False,True
coco:1425:81:41,coco,1425,000000001425.jpg,81,sink,sink,True,0,3,0.1577912420034408,1.408,1.5772,638.6081,485.2783,0.0,False,True
coco:1425:81:41,coco,1425,000000001425.jpg,81,sink,sink,True,0,4,0.0875037088990211,33.2144,176.2079,440.8563,398.9765,0.0,False,True
coco:1425:81:41,coco,1425,000000001425.jpg,81,sink,sink,True,0,5,0.0653146505355835,319.6538,171.7783,638.8459,379.9149,0.0,False,True
coco:1425:81:41,coco,1425,000000001425.jpg,81,sink,sink,True,0,6,0.0625214874744415,320.0525,173.9697,638.8089,480.882,0.0,False,True
coco:1425:81:41,coco,1425,000000001425.jpg,81,sink,sink,True,0,7,0.051229141652584,311.205,0.2309,638.8497,189.5585,0.0,False,True
coco:1425:81:41,coco,1425,000000001425.jpg,81,sink,sink,True,0,8,0.0500104464590549,319.3928,171.3652,571.4402,247.7726,0.0,False,True
coco:1490:1:42,coco,1490,000000001490.jpg,1,person,person,False,1,0,0.9049519896507264,448.8565,119.3889,499.785,241.6402,0.9874539971351624,True,False
coco:1490:1:42,coco,1490,000000001490.jpg,1,person,person,False,1,1,0.063614934682846,471.2739,120.289,499.0128,241.158,0.5362678170204163,True,False
coco:1490:1:42,coco,1490,000000001490.jpg,1,person,person,False,1,2,0.0533637851476669,473.7285,247.6728,496.771,300.9436,0.0,False,True
coco:1490:75:44,coco,1490,000000001490.jpg,75,remote,remote,True,0,0,0.1535257548093795,448.7126,119.4495,500.1265,241.6365,0.0,False,True
coco:1490:75:44,coco,1490,000000001490.jpg,75,remote,remote,True,0,1,0.132614716887474,398.6086,177.6502,452.3841,222.3498,0.0,False,True
coco:1490:75:44,coco,1490,000000001490.jpg,75,remote,remote,True,0,2,0.1136600747704505,360.7694,230.299,578.7219,247.3117,0.0,False,True
coco:1490:75:44,coco,1490,000000001490.jpg,75,remote,remote,True,0,3,0.0816394537687301,360.9688,119.1753,578.4712,246.8674,0.0,False,True
coco:1490:75:44,coco,1490,000000001490.jpg,75,remote,remote,True,0,4,0.0704478845000267,398.7408,158.0565,478.4419,222.2204,0.0,False,True
coco:1490:75:44,coco,1490,000000001490.jpg,75,remote,remote,True,0,5,0.0623163767158985,398.4506,119.4151,501.4065,242.0822,0.0,False,True
coco:1503:76:45,coco,1503,000000001503.jpg,76,keyboard,keyboard,False,1,0,0.8578940629959106,161.8738,152.0855,315.3418,196.7124,0.959851861000061,True,False
coco:1503:76:45,coco,1503,000000001503.jpg,76,keyboard,keyboard,False,1,1,0.0543037839233875,188.033,220.2963,291.1078,240.0062,0.0,False,True
coco:1503:16:46,coco,1503,000000001503.jpg,16,bird,bird,True,0,0,0.1151413843035698,0.0263,98.9917,125.1722,238.5248,0.0,False,True
coco:1503:16:46,coco,1503,000000001503.jpg,16,bird,bird,True,0,1,0.0821411311626434,123.9484,10.6045,242.4493,159.4807,0.0,False,True
coco:1503:16:46,coco,1503,000000001503.jpg,16,bird,bird,True,0,2,0.0744684711098671,281.1771,93.706,319.9587,152.0759,0.0,False,True
coco:1503:16:46,coco,1503,000000001503.jpg,16,bird,bird,True,0,3,0.0740799382328987,162.1753,152.4561,314.8347,196.6147,0.0,False,True
coco:1503:16:46,coco,1503,000000001503.jpg,16,bird,bird,True,0,4,0.0693853721022605,176.7929,121.5899,185.7123,132.0189,0.0,False,True
coco:1503:16:46,coco,1503,000000001503.jpg,16,bird,bird,True,0,5,0.0582474656403064,124.4218,10.952,238.4743,105.2068,0.0,False,True
coco:1503:28:47,coco,1503,000000001503.jpg,28,umbrella,umbrella,True,0,0,0.0858301594853401,281.4383,93.6999,319.9461,152.2278,0.0,False,True
coco:1503:28:47,coco,1503,000000001503.jpg,28,umbrella,umbrella,True,0,1,0.0693065151572227,162.2835,152.4405,314.9435,196.7119,0.0,False,True
coco:1503:28:47,coco,1503,000000001503.jpg,28,umbrella,umbrella,True,0,2,0.0665075555443763,307.0448,153.0931,320.0066,164.4236,0.0,False,True
coco:1503:28:47,coco,1503,000000001503.jpg,28,umbrella,umbrella,True,0,3,0.0652611926198005,268.739,4.5984,296.4764,102.1073,0.0,False,True
coco:1503:28:47,coco,1503,000000001503.jpg,28,umbrella,umbrella,True,0,4,0.0569242388010025,124.2789,10.5471,241.2163,159.4397,0.0,False,True
coco:1675:17:54,coco,1675,000000001675.jpg,17,cat,cat,False,1,0,0.5897397398948669,0.4387,10.8278,639.3395,434.2613,0.6924587488174438,True,False
coco:1675:17:54,coco,1675,000000001675.jpg,17,cat,cat,False,1,1,0.0619872659444808,0.3432,352.4037,63.5304,398.3893,0.0,False,True
coco:1675:85:55,coco,1675,000000001675.jpg,85,clock,clock,True,0,0,0.1576069146394729,57.0765,369.2934,573.1613,479.6734,0.0,False,True
coco:1675:85:55,coco,1675,000000001675.jpg,85,clock,clock,True,0,1,0.1520706564188003,0.8789,10.6762,639.4266,309.8382,0.0,False,True
coco:1675:85:55,coco,1675,000000001675.jpg,85,clock,clock,True,0,2,0.0747293606400489,1.3036,306.5129,638.2847,479.5336,0.0,False,True
coco:1675:85:55,coco,1675,000000001675.jpg,85,clock,clock,True,0,3,0.0744669884443283,0.8904,0.8326,639.6762,479.0454,0.0,False,True
coco:1675:85:55,coco,1675,000000001675.jpg,85,clock,clock,True,0,4,0.0547288618981838,64.4565,144.6775,162.9535,181.5434,0.0,False,True
coco:1675:90:56,coco,1675,000000001675.jpg,90,toothbrush,toothbrush,True,0,0,0.2601150572299957,0.2183,455.7277,63.6336,470.5957,0.0,False,True
coco:1675:90:56,coco,1675,000000001675.jpg,90,toothbrush,toothbrush,True,0,1,0.1665476262569427,0.2047,415.1439,61.0676,441.7006,0.0,False,True
coco:1675:90:56,coco,1675,000000001675.jpg,90,toothbrush,toothbrush,True,0,2,0.1434800177812576,0.179,455.7222,63.8366,478.9705,0.0,False,True
coco:1675:90:56,coco,1675,000000001675.jpg,90,toothbrush,toothbrush,True,0,3,0.1069833934307098,0.4097,414.8835,63.7373,478.5876,0.0,False,True
coco:1675:90:56,coco,1675,000000001675.jpg,90,toothbrush,toothbrush,True,0,4,0.10069040954113,1.2776,8.959,639.1916,390.9816,0.0,False,True
coco:1675:90:56,coco,1675,000000001675.jpg,90,toothbrush,toothbrush,True,0,5,0.0820638015866279,568.903,374.9505,596.2537,394.1398,0.0,False,True
coco:1675:90:56,coco,1675,000000001675.jpg,90,toothbrush,toothbrush,True,0,6,0.0806495398283004,1.4122,372.8704,626.7136,479.2386,0.0,False,True
coco:1675:90:56,coco,1675,000000001675.jpg,90,toothbrush,toothbrush,True,0,7,0.0636833980679512,0.2516,467.2323,57.9569,479.8806,0.0,False,True
coco:1675:90:56,coco,1675,000000001675.jpg,90,toothbrush,toothbrush,True,0,8,0.0590513087809085,0.1601,459.5958,19.381,467.9319,0.0,False,True
coco:1675:90:56,coco,1675,000000001675.jpg,90,toothbrush,toothbrush,True,0,9,0.0551666542887687,0.6495,304.4566,639.0638,367.3444,0.0,False,True
coco:1675:90:56,coco,1675,000000001675.jpg,90,toothbrush,toothbrush,True,0,10,0.0544380582869052,1.3259,82.6435,638.7563,309.95,0.0,False,True
coco:1675:90:56,coco,1675,000000001675.jpg,90,toothbrush,toothbrush,True,0,11,0.0542763769626617,17.255,436.7074,63.4843,470.9743,0.0,False,True
coco:2149:53:69,coco,2149,000000002149.jpg,53,apple,apple,False,1,0,0.8238007426261902,337.0983,69.785,586.4627,320.8547,0.0047716964036226,False,True
coco:2149:53:69,coco,2149,000000002149.jpg,53,apple,apple,False,1,1,0.786477267742157,96.3954,95.6881,339.7361,326.9163,0.9878140687942504,True,False
coco:2149:53:69,coco,2149,000000002149.jpg,53,apple,apple,False,1,2,0.7802695631980896,0.4278,236.8262,248.8916,398.4532,0.1632479429244995,False,True
coco:2149:53:69,coco,2149,000000002149.jpg,53,apple,apple,False,1,3,0.5936647057533264,79.1544,73.9932,239.7387,239.0499,0.334374338388443,False,True
coco:2149:53:69,coco,2149,000000002149.jpg,53,apple,apple,False,1,4,0.5530708432197571,446.5926,299.6567,639.7889,391.9634,0.0,False,True
coco:2149:53:69,coco,2149,000000002149.jpg,53,apple,apple,False,1,5,0.5523096919059753,239.9982,300.4189,431.3794,393.9551,0.0349211283028125,False,True
coco:2149:53:69,coco,2149,000000002149.jpg,53,apple,apple,False,1,6,0.4662483036518097,251.0941,348.9739,454.7263,426.2228,0.0,False,True
coco:2149:53:69,coco,2149,000000002149.jpg,53,apple,apple,False,1,7,0.3822999000549316,456.553,254.7843,625.5262,355.7189,0.0,False,True
coco:2149:53:69,coco,2149,000000002149.jpg,53,apple,apple,False,1,8,0.3567329347133636,310.6883,224.4584,456.017,359.8623,0.0400435402989387,False,True
coco:2149:53:69,coco,2149,000000002149.jpg,53,apple,apple,False,1,9,0.3523620665073395,252.0113,348.9268,454.0566,401.5273,0.0,False,True
coco:2149:53:69,coco,2149,000000002149.jpg,53,apple,apple,False,1,10,0.3042113482952118,519.8226,254.8503,625.1302,318.7118,0.0,False,True
coco:2149:53:69,coco,2149,000000002149.jpg,53,apple,apple,False,1,11,0.2406279444694519,310.3159,224.0452,398.0645,308.0523,0.0402513034641742,False,True
coco:2149:53:69,coco,2149,000000002149.jpg,53,apple,apple,False,1,12,0.2126039713621139,312.8776,223.6059,625.0275,326.9047,0.0317636057734489,False,True
coco:2149:53:69,coco,2149,000000002149.jpg,53,apple,apple,False,1,13,0.1902171224355697,242.6294,223.9225,447.45,355.1898,0.134538933634758,False,True
coco:2149:53:69,coco,2149,000000002149.jpg,53,apple,apple,False,1,14,0.1898474246263504,241.7483,307.5794,383.3725,392.7772,0.0263978205621242,False,True
coco:2149:53:69,coco,2149,000000002149.jpg,53,apple,apple,False,1,15,0.1712069064378738,474.0555,254.8176,624.9573,327.1639,0.0,False,True
coco:2149:53:69,coco,2149,000000002149.jpg,53,apple,apple,False,1,16,0.1290454864501953,242.5881,224.0431,399.0712,327.5162,0.1574118286371231,False,True
coco:2149:53:69,coco,2149,000000002149.jpg,53,apple,apple,False,1,17,0.1255600750446319,332.36,300.6743,428.0396,362.5296,0.0029009247664362,False,True
coco:2149:53:69,coco,2149,000000002149.jpg,53,apple,apple,False,1,18,0.1209289357066154,332.6826,299.278,458.1192,373.5249,0.0027751368470489,False,True
coco:2149:53:69,coco,2149,000000002149.jpg,53,apple,apple,False,1,19,0.1027065888047218,1.2095,143.5247,638.9402,418.4264,0.236319825053215,False,True
coco:2149:53:69,coco,2149,000000002149.jpg,53,apple,apple,False,1,20,0.0989987179636955,126.5213,74.0791,238.3559,120.0455,0.0489820279181003,False,True
coco:2149:53:69,coco,2149,000000002149.jpg,53,apple,apple,False,1,21,0.0985465422272682,307.4683,186.5188,430.242,329.6235,0.0644392743706703,False,True
coco:2149:53:69,coco,2149,000000002149.jpg,53,apple,apple,False,1,22,0.0975978672504425,572.7562,234.5616,639.5714,323.3124,0.0,False,True
coco:2149:53:69,coco,2149,000000002149.jpg,53,apple,apple,False,1,23,0.0925603285431861,240.7428,253.7899,625.8245,392.778,0.0690954625606536,False,True
coco:2149:53:69,coco,2149,000000002149.jpg,53,apple,apple,False,1,24,0.0921451300382614,309.1039,187.1401,401.4078,314.7509,0.0607170984148979,False,True
coco:2149:53:69,coco,2149,000000002149.jpg,53,apple,apple,False,1,25,0.0903787910938263,311.6274,223.3057,520.868,355.735,0.0352703519165515,False,True
coco:2149:53:69,coco,2149,000000002149.jpg,53,apple,apple,False,1,26,0.0885512828826904,306.9655,145.9548,626.6833,332.743,0.0532342530786991,False,True
coco:2149:53:69,coco,2149,000000002149.jpg,53,apple,apple,False,1,27,0.0866624936461448,238.8803,297.7894,428.4993,356.155,0.0433256961405277,False,True
coco:2149:53:69,coco,2149,000000002149.jpg,53,apple,apple,False,1,28,0.0832607448101043,287.7885,293.067,455.398,364.4198,0.0252939742058515,False,True
coco:2149:53:69,coco,2149,000000002149.jpg,53,apple,apple,False,1,29,0.0797739923000335,456.1566,297.8742,554.1116,355.66,0.0,False,True
coco:2149:53:69,coco,2149,000000002149.jpg,53,apple,apple,False,1,30,0.0788323283195495,552.3188,255.14,624.3798,313.7417,0.0,False,True
coco:2149:53:69,coco,2149,000000002149.jpg,53,apple,apple,False,1,31,0.0772255137562751,79.4488,116.0078,132.1523,237.9914,0.0747544914484024,False,True
coco:2149:53:69,coco,2149,000000002149.jpg,53,apple,apple,False,1,32,0.0746312960982322,355.1733,255.0976,625.6527,366.116,0.0,False,True
coco:2149:53:69,coco,2149,000000002149.jpg,53,apple,apple,False,1,33,0.0744939967989921,336.0874,229.327,429.4394,326.2433,0.0051918309181928,False,True
coco:2149:53:69,coco,2149,000000002149.jpg,53,apple,apple,False,1,34,0.0740242898464202,292.0199,151.8379,459.5132,373.5532,0.0971339866518974,False,True
coco:2149:53:69,coco,2149,000000002149.jpg,53,apple,apple,False,1,35,0.0685729011893272,233.8081,296.5777,380.2613,353.1965,0.0498503148555755,False,True
coco:2149:53:69,coco,2149,000000002149.jpg,53,apple,apple,False,1,36,0.065473273396492,307.4659,197.0249,472.6064,373.2775,0.0508577600121498,False,True
coco:2149:53:69,coco,2149,000000002149.jpg,53,apple,apple,False,1,37,0.0625420734286308,528.6586,221.8731,639.1984,324.131,0.0,False,True
coco:2149:53:69,coco,2149,000000002149.jpg,53,apple,apple,False,1,38,0.0596220381557941,233.7092,204.7536,378.7043,349.306,0.1986849755048751,False,True
coco:2149:53:69,coco,2149,000000002149.jpg,53,apple,apple,False,1,39,0.0596153661608696,308.5269,295.8664,448.3347,350.8543,0.0146324317902326,False,True
coco:2149:53:69,coco,2149,000000002149.jpg,53,apple,apple,False,1,40,0.0595757998526096,91.1008,73.7199,237.2191,139.1341,0.1058267429471015,False,True
coco:2149:53:69,coco,2149,000000002149.jpg,53,apple,apple,False,1,41,0.054275456815958,79.4442,117.6491,117.0205,237.3469,0.0422917231917381,False,True
coco:2149:53:69,coco,2149,000000002149.jpg,53,apple,apple,False,1,42,0.0524169653654098,332.8452,270.6599,463.4334,372.3498,0.0053552873432636,False,True
coco:2149:53:69,coco,2149,000000002149.jpg,53,apple,apple,False,1,43,0.0521726049482822,338.9496,253.8017,623.8634,326.9353,0.000596671772655,False,True
coco:2149:53:69,coco,2149,000000002149.jpg,53,apple,apple,False,1,44,0.0518467798829078,233.6317,311.4991,302.9875,352.4424,0.0167509894818067,False,True
coco:2149:5:70,coco,2149,000000002149.jpg,5,airplane,airplane,True,0,0,0.097600370645523,1.0306,147.1789,639.4857,425.0271,0.0,False,True
coco:2149:5:70,coco,2149,000000002149.jpg,5,airplane,airplane,True,0,1,0.0924056023359298,337.0724,69.7075,586.1313,320.8724,0.0,False,True
coco:2149:5:70,coco,2149,000000002149.jpg,5,airplane,airplane,True,0,2,0.072555772960186,79.7562,74.5779,339.5153,326.9548,0.0,False,True
coco:2149:5:70,coco,2149,000000002149.jpg,5,airplane,airplane,True,0,3,0.0583317726850509,238.8115,298.5693,428.9791,393.247,0.0,False,True
coco:2149:5:70,coco,2149,000000002149.jpg,5,airplane,airplane,True,0,4,0.0570868104696273,0.6896,236.4693,248.617,398.5047,0.0,False,True
coco:2149:5:70,coco,2149,000000002149.jpg,5,airplane,airplane,True,0,5,0.053724568337202,78.9267,74.0131,239.2269,238.9885,0.0,False,True
coco:2149:5:70,coco,2149,000000002149.jpg,5,airplane,airplane,True,0,6,0.0501826927065849,446.6836,299.833,639.249,391.1096,0.0,False,True
coco:2149:18:71,coco,2149,000000002149.jpg,18,dog,dog,True,0,0,0.0992274358868599,337.0682,69.7416,586.0106,320.8376,0.0,False,True
coco:2149:18:71,coco,2149,000000002149.jpg,18,dog,dog,True,0,1,0.0564029775559902,96.1169,95.3543,339.0646,326.9947,0.0,False,True
coco:2149:18:71,coco,2149,000000002149.jpg,18,dog,dog,True,0,2,0.0561569482088089,78.7378,73.9557,239.2894,238.8061,0.0,False,True
coco:2149:18:71,coco,2149,000000002149.jpg,18,dog,dog,True,0,3,0.0523739606142044,0.4828,236.373,248.6395,398.431,0.0,False,True
coco:2299:32:81,coco,2299,000000002299.jpg,32,tie,tie,False,9,0,0.5132653117179871,101.4265,226.4809,109.2593,242.5624,0.9378076791763306,True,False
coco:2299:32:81,coco,2299,000000002299.jpg,32,tie,tie,False,9,1,0.4939734637737274,330.5202,58.652,337.0207,74.2839,0.8355402946472168,True,False
coco:2299:32:81,coco,2299,000000002299.jpg,32,tie,tie,False,9,2,0.4774142801761627,409.5082,62.0615,415.7448,75.4576,0.8091429471969604,True,False
coco:2299:32:81,coco,2299,000000002299.jpg,32,tie,tie,False,9,3,0.4614505469799042,185.6096,59.8363,191.9228,70.3929,0.8075721263885498,True,False
coco:2299:32:81,coco,2299,000000002299.jpg,32,tie,tie,False,9,4,0.4167045652866363,174.55,228.3499,181.6064,241.4031,0.7952098846435547,True,False
coco:2299:32:81,coco,2299,000000002299.jpg,32,tie,tie,False,9,5,0.3984712064266205,413.8762,229.1842,423.7611,257.3424,0.0,False,True
coco:2299:32:81,coco,2299,000000002299.jpg,32,tie,tie,False,9,6,0.3670088648796081,281.5136,54.0503,289.1536,61.1328,0.2918177545070648,False,True
coco:2299:32:81,coco,2299,000000002299.jpg,32,tie,tie,False,9,7,0.3525362312793731,230.9053,56.2601,236.85,69.5363,0.8053956627845764,True,False
coco:2299:32:81,coco,2299,000000002299.jpg,32,tie,tie,False,9,8,0.3161000609397888,267.2251,204.3536,278.092,225.6746,0.0,False,True
coco:2299:32:81,coco,2299,000000002299.jpg,32,tie,tie,False,9,9,0.3063955307006836,351.93,223.9379,365.207,262.5466,0.0,False,True
coco:2299:32:81,coco,2299,000000002299.jpg,32,tie,tie,False,9,10,0.3034990727901459,291.07,227.3105,299.0553,244.4411,0.3572889268398285,False,True
coco:2299:32:81,coco,2299,000000002299.jpg,32,tie,tie,False,9,11,0.2613492012023926,291.026,227.3291,301.4414,251.6031,0.193314328789711,False,True
coco:2299:32:81,coco,2299,000000002299.jpg,32,tie,tie,False,9,12,0.2313980013132095,159.4848,115.0801,171.6252,120.7262,0.0,False,True
coco:2299:32:81,coco,2299,000000002299.jpg,32,tie,tie,False,9,13,0.2287198007106781,28.1841,125.18,32.7226,132.7721,0.0,False,True
coco:2299:32:81,coco,2299,000000002299.jpg,32,tie,tie,False,9,14,0.226818174123764,64.2385,117.0263,73.7741,122.5531,0.0,False,True
coco:2299:32:81,coco,2299,000000002299.jpg,32,tie,tie,False,9,15,0.2246815115213394,291.2957,227.3865,298.0739,237.9433,0.5685386061668396,True,False
coco:2299:32:81,coco,2299,000000002299.jpg,32,tie,tie,False,9,16,0.2243125587701797,230.9404,222.6914,239.5983,238.9975,0.2919933795928955,False,True
coco:2299:32:81,coco,2299,000000002299.jpg,32,tie,tie,False,9,17,0.2163204550743103,248.7827,99.5568,256.2169,111.2881,0.0,False,True
coco:2299:32:81,coco,2299,000000002299.jpg,32,tie,tie,False,9,18,0.2160286754369735,333.4153,161.3185,346.7737,199.5755,0.0,False,True
coco:2299:32:81,coco,2299,000000002299.jpg,32,tie,tie,False,9,19,0.1964242160320282,231.3585,55.8322,236.0349,60.972,0.2112615406513214,False,True
coco:2299:32:81,coco,2299,000000002299.jpg,32,tie,tie,False,9,20,0.1941765993833542,295.7103,117.6287,304.1904,128.9318,0.0,False,True
coco:2299:32:81,coco,2299,000000002299.jpg,32,tie,tie,False,9,21,0.1924387216567993,295.7543,117.5857,304.0275,122.977,0.0,False,True
coco:2299:32:81,coco,2299,000000002299.jpg,32,tie,tie,False,9,22,0.1826849430799484,414.6909,229.1721,419.7905,243.2871,0.0,False,True
coco:2299:32:81,coco,2299,000000002299.jpg,32,tie,tie,False,9,23,0.1815664321184158,298.1141,157.5907,313.6699,196.9797,0.0,False,True
coco:2299:32:81,coco,2299,000000002299.jpg,32,tie,tie,False,9,24,0.1809323877096176,248.6973,99.6126,257.9355,142.6717,0.0,False,True
coco:2299:32:81,coco,2299,000000002299.jpg,32,tie,tie,False,9,25,0.1732266098260879,28.3449,125.6829,36.3652,151.8409,0.0,False,True
coco:2299:32:81,coco,2299,000000002299.jpg,32,tie,tie,False,9,26,0.1670552641153335,226.8411,218.4117,240.1093,239.3645,0.2566975653171539,False,True
coco:2299:32:81,coco,2299,000000002299.jpg,32,tie,tie,False,9,27,0.1634450107812881,174.6427,220.2269,186.2831,241.3664,0.2997437119483948,False,True
coco:2299:32:81,coco,2299,000000002299.jpg,32,tie,tie,False,9,28,0.1532763391733169,412.8895,229.0968,424.1722,270.6147,0.0,False,True
coco:2299:32:81,coco,2299,000000002299.jpg,32,tie,tie,False,9,29,0.1512065231800079,268.1216,212.8965,274.5905,224.8984,0.0,False,True
coco:2299:32:81,coco,2299,000000002299.jpg,32,tie,tie,False,9,30,0.1390177756547927,159.7159,115.1748,172.0694,126.133,0.0,False,True
coco:2299:32:81,coco,2299,000000002299.jpg,32,tie,tie,False,9,31,0.1382253766059875,199.3268,151.0595,208.5018,203.6298,0.0,False,True
coco:2299:32:81,coco,2299,000000002299.jpg,32,tie,tie,False,9,32,0.1360304504632949,224.877,217.9233,245.4022,242.56,0.3444389104843139,False,True
coco:2299:32:81,coco,2299,000000002299.jpg,32,tie,tie,False,9,33,0.1325912028551101,350.9693,223.7973,356.9655,253.1197,0.0,False,True
coco:2299:32:81,coco,2299,000000002299.jpg,32,tie,tie,False,9,34,0.1325721442699432,159.2693,115.102,164.4552,119.7264,0.0,False,True
coco:2299:32:81,coco,2299,000000002299.jpg,32,tie,tie,False,9,35,0.1264693886041641,255.3392,56.3414,261.6754,67.7628,0.0,False,True
coco:2299:32:81,coco,2299,000000002299.jpg,32,tie,tie,False,9,36,0.1259641051292419,374.0123,200.2948,381.8017,213.9267,0.0,False,True
coco:2299:32:81,coco,2299,000000002299.jpg,32,tie,tie,False,9,37,0.1222315728664398,231.6776,229.7734,237.5976,238.9848,0.0992865040898323,False,True
coco:2299:32:81,coco,2299,000000002299.jpg,32,tie,tie,False,9,38,0.1202046871185302,272.8607,53.963,293.0244,110.3283,0.0700564458966255,False,True
coco:2299:32:81,coco,2299,000000002299.jpg,32,tie,tie,False,9,39,0.1186452731490135,273.9336,54.0203,292.861,91.749,0.1060863211750984,False,True
coco:2299:32:81,coco,2299,000000002299.jpg,32,tie,tie,False,9,40,0.1133862435817718,249.7773,99.0997,255.0424,104.245,0.0,False,True
coco:2299:32:81,coco,2299,000000002299.jpg,32,tie,tie,False,9,41,0.1127340570092201,459.9861,121.6295,466.3505,126.3183,0.0,False,True
coco:2299:32:81,coco,2299,000000002299.jpg,32,tie,tie,False,9,42,0.1097264140844345,251.21,100.2806,256.7622,142.1668,0.0,False,True
coco:2299:32:81,coco,2299,000000002299.jpg,32,tie,tie,False,9,43,0.1048367246985435,266.6512,193.0729,279.8762,225.5851,0.0,False,True
coco:2299:32:81,coco,2299,000000002299.jpg,32,tie,tie,False,9,44,0.1041162833571434,249.6646,98.878,257.7271,104.1987,0.0,False,True
coco:2299:32:81,coco,2299,000000002299.jpg,32,tie,tie,False,9,45,0.099754624068737,285.6266,227.0811,299.0586,246.8542,0.1840210407972335,False,True
coco:2299:32:81,coco,2299,000000002299.jpg,32,tie,tie,False,9,46,0.0908843129873275,64.4515,117.0743,73.8269,138.0404,0.0,False,True
coco:2299:32:81,coco,2299,000000002299.jpg,32,tie,tie,False,9,47,0.0900037512183189,329.2393,198.7572,338.3175,215.1937,0.0,False,True
coco:2299:32:81,coco,2299,000000002299.jpg,32,tie,tie,False,9,48,0.0885017365217208,289.5142,227.4488,305.3317,277.1247,0.062201265245676,False,True
coco:2299:32:81,coco,2299,000000002299.jpg,32,tie,tie,False,9,49,0.0843473374843597,166.8604,228.7281,184.9823,275.7763,0.0868533179163932,False,True
coco:2299:32:81,coco,2299,000000002299.jpg,32,tie,tie,False,9,50,0.0834119468927383,374.0984,201.1645,391.5021,226.9631,0.0,False,True
coco:2299:32:81,coco,2299,000000002299.jpg,32,tie,tie,False,9,51,0.0816984474658966,386.2121,217.0489,391.608,227.2393,0.0,False,True
coco:2299:32:81,coco,2299,000000002299.jpg,32,tie,tie,False,9,52,0.0806504637002945,112.1452,282.3674,129.1892,297.7989,0.0,False,True
coco:2299:32:81,coco,2299,000000002299.jpg,32,tie,tie,False,9,53,0.0796176344156265,207.1843,110.8082,211.1955,115.0727,0.0,False,True
coco:2299:32:81,coco,2299,000000002299.jpg,32,tie,tie,False,9,54,0.0788726210594177,127.9892,207.4427,134.483,216.4065,0.0,False,True
coco:2299:32:81,coco,2299,000000002299.jpg,32,tie,tie,False,9,55,0.0781948938965797,204.3886,109.9731,211.3685,115.3424,0.0,False,True
coco:2299:32:81,coco,2299,000000002299.jpg,32,tie,tie,False,9,56,0.0775271728634834,94.2596,167.3392,105.367,186.9967,0.0,False,True
coco:2299:32:81,coco,2299,000000002299.jpg,32,tie,tie,False,9,57,0.0751321837306022,197.9833,151.0019,208.9706,218.3371,0.0,False,True
coco:2299:32:81,coco,2299,000000002299.jpg,32,tie,tie,False,9,58,0.0746121704578399,459.7896,121.7215,466.2816,143.5691,0.0,False,True
coco:2299:32:81,coco,2299,000000002299.jpg,32,tie,tie,False,9,59,0.0741827711462974,288.0673,227.1451,302.3896,264.0309,0.09251419454813,False,True
coco:2299:32:81,coco,2299,000000002299.jpg,32,tie,tie,False,9,60,0.0723799392580986,329.2573,276.0785,344.592,287.5583,0.0,False,True
coco:2299:32:81,coco,2299,000000002299.jpg,32,tie,tie,False,9,61,0.0721813291311264,198.4416,150.1754,213.242,204.1863,0.0,False,True
coco:2299:32:81,coco,2299,000000002299.jpg,32,tie,tie,False,9,62,0.0715742409229278,274.3122,39.4083,278.4603,49.1143,0.0,False,True
coco:2299:32:81,coco,2299,000000002299.jpg,32,tie,tie,False,9,63,0.0711001232266426,207.7145,111.2892,217.8265,136.7387,0.0,False,True
coco:2299:32:81,coco,2299,000000002299.jpg,32,tie,tie,False,9,64,0.069618821144104,82.5526,244.1718,90.8267,260.6799,0.0,False,True
coco:2299:32:81,coco,2299,000000002299.jpg,32,tie,tie,False,9,65,0.0695002749562263,214.7495,267.3336,228.6166,288.2634,0.0,False,True
coco:2299:32:81,coco,2299,000000002299.jpg,32,tie,tie,False,9,66,0.0690716281533241,413.4431,246.0058,423.61,256.9275,0.0,False,True
coco:2299:32:81,coco,2299,000000002299.jpg,32,tie,tie,False,9,67,0.0688977465033531,198.0885,192.4199,206.986,218.1348,0.0,False,True
coco:2299:32:81,coco,2299,000000002299.jpg,32,tie,tie,False,9,68,0.0683333352208137,228.2945,169.5056,235.008,186.1121,0.0,False,True
coco:2299:32:81,coco,2299,000000002299.jpg,32,tie,tie,False,9,69,0.0682734474539756,229.0565,56.2103,238.6966,101.4793,0.1692986935377121,False,True
coco:2299:32:81,coco,2299,000000002299.jpg,32,tie,tie,False,9,70,0.067169614136219,174.6205,228.5369,185.5076,255.4637,0.2562088668346405,False,True
coco:2299:32:81,coco,2299,000000002299.jpg,32,tie,tie,False,9,71,0.0667496919631958,460.025,121.9421,477.596,161.9204,0.0,False,True
coco:2299:32:81,coco,2299,000000002299.jpg,32,tie,tie,False,9,72,0.0664355531334877,174.6431,228.4667,190.7066,255.9678,0.1712381094694137,False,True
coco:2299:32:81,coco,2299,000000002299.jpg,32,tie,tie,False,9,73,0.0662702322006225,442.4762,166.6266,459.6275,199.3643,0.0,False,True
coco:2299:32:81,coco,2299,000000002299.jpg,32,tie,tie,False,9,74,0.0662549212574958,449.6546,235.6392,466.5745,277.9399,0.0,False,True
coco:2299:32:81,coco,2299,000000002299.jpg,32,tie,tie,False,9,75,0.0659614875912666,180.8949,59.7364,197.548,107.1582,0.0701651275157928,False,True
coco:2299:32:81,coco,2299,000000002299.jpg,32,tie,tie,False,9,76,0.0656614303588867,127.4232,158.2281,134.4453,174.3332,0.0,False,True
coco:2299:32:81,coco,2299,000000002299.jpg,32,tie,tie,False,9,77,0.0656568259000778,199.4233,191.9198,207.0766,204.021,0.0,False,True
coco:2299:32:81,coco,2299,000000002299.jpg,32,tie,tie,False,9,78,0.0651846602559089,23.4366,125.4034,32.2471,133.9404,0.0,False,True
coco:2299:32:81,coco,2299,000000002299.jpg,32,tie,tie,False,9,79,0.0648231506347656,297.918,156.4641,320.9699,225.5982,0.0,False,True
coco:2299:32:81,coco,2299,000000002299.jpg,32,tie,tie,False,9,80,0.0644600987434387,305.622,198.8391,320.817,225.456,0.0,False,True
coco:2299:32:81,coco,2299,000000002299.jpg,32,tie,tie,False,9,81,0.064223401248455,129.0409,224.4139,136.7281,262.8214,0.0,False,True
coco:2299:32:81,coco,2299,000000002299.jpg,32,tie,tie,False,9,82,0.0641466826200485,359.8118,267.3609,384.0009,285.6724,0.0,False,True
coco:2299:32:81,coco,2299,000000002299.jpg,32,tie,tie,False,9,83,0.0639887228608131,185.0097,60.0033,192.7061,92.0964,0.2243342846632003,False,True
coco:2299:32:81,coco,2299,000000002299.jpg,32,tie,tie,False,9,84,0.0638865455985069,255.4329,59.828,260.1841,67.8982,0.0,False,True
coco:2299:32:81,coco,2299,000000002299.jpg,32,tie,tie,False,9,85,0.0636696368455886,295.4468,117.7685,304.1866,140.2316,0.0,False,True
coco:2299:32:81,coco,2299,000000002299.jpg,32,tie,tie,False,9,86,0.0636631101369857,443.1053,11.994,447.8124,28.8894,0.0,False,True
coco:2299:32:81,coco,2299,000000002299.jpg,32,tie,tie,False,9,87,0.0619154758751392,76.3338,284.4833,93.5096,300.2927,0.0,False,True
coco:2299:32:81,coco,2299,000000002299.jpg,32,tie,tie,False,9,88,0.0616960376501083,304.3482,197.2721,309.5158,207.2178,0.0,False,True
coco:2299:32:81,coco,2299,000000002299.jpg,32,tie,tie,False,9,89,0.0616854131221771,399.3097,124.1516,403.3891,141.1994,0.0,False,True
coco:2299:32:81,coco,2299,000000002299.jpg,32,tie,tie,False,9,90,0.0616615153849124,163.5758,228.3981,183.3415,256.9583,0.1347963809967041,False,True
coco:2299:32:81,coco,2299,000000002299.jpg,32,tie,tie,False,9,91,0.0616098083555698,50.0746,172.1844,58.4057,189.8202,0.0,False,True
coco:2299:32:81,coco,2299,000000002299.jpg,32,tie,tie,False,9,92,0.0615479983389377,166.5553,116.0328,171.9054,120.562,0.0,False,True
coco:2299:32:81,coco,2299,000000002299.jpg,32,tie,tie,False,9,93,0.061403039842844,128.3774,195.053,145.1318,215.6183,0.0,False,True
coco:2299:32:81,coco,2299,000000002299.jpg,32,tie,tie,False,9,94,0.0611043944954872,396.6639,197.1036,405.0568,220.582,0.0,False,True
coco:2299:32:81,coco,2299,000000002299.jpg,32,tie,tie,False,9,95,0.0609595514833927,422.0567,114.7716,439.2317,145.3259,0.0,False,True
coco:2299:32:81,coco,2299,000000002299.jpg,32,tie,tie,False,9,96,0.0608735978603363,43.1663,254.6782,56.6571,275.9945,0.0,False,True
coco:2299:32:81,coco,2299,000000002299.jpg,32,tie,tie,False,9,97,0.0608629137277603,246.8568,268.5446,265.6297,288.6267,0.0,False,True
coco:2299:32:81,coco,2299,000000002299.jpg,32,tie,tie,False,9,98,0.0607399307191371,474.1477,178.7607,479.1688,186.4408,0.0,False,True
coco:2299:32:81,coco,2299,000000002299.jpg,32,tie,tie,False,9,99,0.060662530362606,136.1464,228.0443,147.5319,257.5048,0.0,False,True
coco:2299:32:81,coco,2299,000000002299.jpg,32,tie,tie,False,9,100,0.0604758486151695,418.9987,276.6648,449.6051,290.6419,0.0,False,True
coco:2299:32:81,coco,2299,000000002299.jpg,32,tie,tie,False,9,101,0.0601888671517372,212.9763,124.6994,217.8439,136.696,0.0,False,True
coco:2299:32:81,coco,2299,000000002299.jpg,32,tie,tie,False,9,102,0.0598696656525135,229.3235,218.6252,239.8203,228.3814,0.1996902972459793,False,True
coco:2299:32:81,coco,2299,000000002299.jpg,32,tie,tie,False,9,103,0.0598584003746509,129.7854,164.0719,134.3073,174.132,0.0,False,True
coco:2299:32:81,coco,2299,000000002299.jpg,32,tie,tie,False,9,104,0.0597811453044414,157.7599,282.3985,166.8123,296.5343,0.0,False,True
coco:2299:32:81,coco,2299,000000002299.jpg,32,tie,tie,False,9,105,0.0596594959497451,170.2743,256.315,184.1433,268.0133,0.0,False,True
coco:2299:32:81,coco,2299,000000002299.jpg,32,tie,tie,False,9,106,0.0592482350766658,264.7209,203.8977,278.6073,231.3852,0.0,False,True
coco:2299:32:81,coco,2299,000000002299.jpg,32,tie,tie,False,9,107,0.0591852441430091,358.9558,276.3252,377.2762,286.235,0.0,False,True
coco:2299:32:81,coco,2299,000000002299.jpg,32,tie,tie,False,9,108,0.0590431839227676,85.0525,166.2554,106.0211,191.0787,0.0,False,True
coco:2299:32:81,coco,2299,000000002299.jpg,32,tie,tie,False,9,109,0.0586320534348487,299.6915,158.934,312.7679,188.878,0.0,False,True
coco:2299:32:81,coco,2299,000000002299.jpg,32,tie,tie,False,9,110,0.0580031834542751,192.2939,270.2172,211.3382,288.0509,0.0,False,True
coco:2299:32:81,coco,2299,000000002299.jpg,32,tie,tie,False,9,111,0.0577773228287696,421.8549,114.364,440.6262,156.7686,0.0,False,True
coco:2299:32:81,coco,2299,000000002299.jpg,32,tie,tie,False,9,112,0.0577473975718021,158.7005,279.6629,173.3841,296.0164,0.0,False,True
coco:2299:32:81,coco,2299,000000002299.jpg,32,tie,tie,False,9,113,0.0574669018387794,292.426,111.9031,304.2833,122.8683,0.0,False,True
coco:2299:32:81,coco,2299,000000002299.jpg,32,tie,tie,False,9,114,0.0567176230251789,460.1086,122.053,478.7667,185.9039,0.0,False,True
coco:2299:32:81,coco,2299,000000002299.jpg,32,tie,tie,False,9,115,0.0567116774618625,182.8091,59.684,193.2099,113.5274,0.0989462435245513,False,True
coco:2299:32:81,coco,2299,000000002299.jpg,32,tie,tie,False,9,116,0.0566612295806407,53.6493,232.3849,61.8858,273.089,0.0,False,True
coco:2299:32:81,coco,2299,000000002299.jpg,32,tie,tie,False,9,117,0.0560336336493492,69.7282,54.3781,77.2515,63.6947,0.0,False,True
coco:2299:32:81,coco,2299,000000002299.jpg,32,tie,tie,False,9,118,0.0560147948563098,247.9036,99.781,260.3722,154.7015,0.0,False,True
coco:2299:32:81,coco,2299,000000002299.jpg,32,tie,tie,False,9,119,0.0559693910181522,421.6218,114.6109,430.0583,121.8456,0.0,False,True
coco:2299:32:81,coco,2299,000000002299.jpg,32,tie,tie,False,9,120,0.0559342801570892,49.3227,163.1525,60.7044,190.0154,0.0,False,True
coco:2299:32:81,coco,2299,000000002299.jpg,32,tie,tie,False,9,121,0.055484939366579,455.5849,249.9113,466.4554,278.0975,0.0,False,True
coco:2299:32:81,coco,2299,000000002299.jpg,32,tie,tie,False,9,122,0.0554661527276039,299.2111,153.4974,310.286,159.2925,0.0,False,True
coco:2299:32:81,coco,2299,000000002299.jpg,32,tie,tie,False,9,123,0.0551413707435131,120.0945,158.9045,145.2289,215.5196,0.0,False,True
coco:2299:32:81,coco,2299,000000002299.jpg,32,tie,tie,False,9,124,0.0551331974565982,226.8927,229.3986,237.4541,239.3721,0.0814508199691772,False,True
coco:2299:32:81,coco,2299,000000002299.jpg,32,tie,tie,False,9,125,0.054983589798212,351.6954,224.0392,366.1548,284.9086,0.0,False,True
coco:2299:32:81,coco,2299,000000002299.jpg,32,tie,tie,False,9,126,0.0543951988220214,198.4607,204.7686,216.2787,230.537,0.0,False,True
coco:2299:32:81,coco,2299,000000002299.jpg,32,tie,tie,False,9,127,0.0543565340340137,344.7492,223.8282,355.7307,257.6303,0.0,False,True
coco:2299:32:81,coco,2299,000000002299.jpg,32,tie,tie,False,9,128,0.0541898794472217,274.7653,227.1014,302.2556,277.127,0.0355394296348094,False,True
coco:2299:32:81,coco,2299,000000002299.jpg,32,tie,tie,False,9,129,0.0539782606065273,289.4573,265.9035,306.2639,277.6556,0.0,False,True
coco:2299:32:81,coco,2299,000000002299.jpg,32,tie,tie,False,9,130,0.0534148551523685,361.4003,56.5048,378.4847,97.3058,0.0,False,True
coco:2299:32:81,coco,2299,000000002299.jpg,32,tie,tie,False,9,131,0.0530765727162361,129.9192,163.7062,142.0907,183.6612,0.0,False,True
coco:2299:32:81,coco,2299,000000002299.jpg,32,tie,tie,False,9,132,0.0529057085514068,263.0944,156.8698,277.8199,186.2843,0.0,False,True
coco:2299:32:81,coco,2299,000000002299.jpg,32,tie,tie,False,9,133,0.0527580305933952,350.9187,223.8967,358.3595,261.0402,0.0,False,True
coco:2299:32:81,coco,2299,000000002299.jpg,32,tie,tie,False,9,134,0.0523217394948005,232.1367,222.0641,240.1408,229.1777,0.226565346121788,False,True
coco:2299:32:81,coco,2299,000000002299.jpg,32,tie,tie,False,9,135,0.0520052798092365,43.3885,253.9755,51.035,265.8311,0.0,False,True
coco:2299:32:81,coco,2299,000000002299.jpg,32,tie,tie,False,9,136,0.0520023666322231,331.0121,159.6325,347.1964,215.5176,0.0,False,True
coco:2299:32:81,coco,2299,000000002299.jpg,32,tie,tie,False,9,137,0.0518773086369037,329.3908,198.7966,335.8269,206.6824,0.0,False,True
coco:2299:32:81,coco,2299,000000002299.jpg,32,tie,tie,False,9,138,0.0514289811253547,198.1277,211.5537,204.4298,218.9568,0.0,False,True
coco:2299:32:81,coco,2299,000000002299.jpg,32,tie,tie,False,9,139,0.0507799983024597,265.3636,156.774,276.4662,161.8818,0.0,False,True
coco:2299:32:81,coco,2299,000000002299.jpg,32,tie,tie,False,9,140,0.0506483912467956,288.3996,265.6566,306.924,286.3499,0.0,False,True
coco:2299:32:81,coco,2299,000000002299.jpg,32,tie,tie,False,9,141,0.0504737980663776,449.6758,235.3963,465.413,266.3268,0.0,False,True
coco:2299:32:81,coco,2299,000000002299.jpg,32,tie,tie,False,9,142,0.0503094531595706,183.6042,220.0139,186.8634,234.0606,0.0,False,True
coco:2685:47:99,coco,2685,000000002685.jpg,47,cup,cup,False,2,0,0.2816188335418701,589.9005,133.2772,639.7928,193.0505,0.0,False,True
coco:2685:47:99,coco,2685,000000002685.jpg,47,cup,cup,False,2,1,0.27902752161026,367.7982,200.748,386.3733,220.0142,0.8475382924079895,True,False
coco:2685:47:99,coco,2685,000000002685.jpg,47,cup,cup,False,2,2,0.2597050666809082,215.4927,304.0098,260.2553,363.2025,0.0,False,True
coco:2685:47:99,coco,2685,000000002685.jpg,47,cup,cup,False,2,3,0.2595318257808685,556.511,143.9905,586.0507,175.2912,0.0,False,True
coco:2685:47:99,coco,2685,000000002685.jpg,47,cup,cup,False,2,4,0.2522212862968445,141.4733,314.8778,173.7849,350.6249,0.883778989315033,True,False
coco:2685:47:99,coco,2685,000000002685.jpg,47,cup,cup,False,2,5,0.2252608984708786,93.219,338.6665,142.4587,385.8499,0.0062604867853224,False,True
coco:2685:47:99,coco,2685,000000002685.jpg,47,cup,cup,False,2,6,0.2065729349851608,93.4859,336.99,116.5607,358.8041,0.0,False,True
coco:2685:47:99,coco,2685,000000002685.jpg,47,cup,cup,False,2,7,0.1747738718986511,211.2734,322.2382,247.2509,380.1101,0.0,False,True
coco:2685:47:99,coco,2685,000000002685.jpg,47,cup,cup,False,2,8,0.1711156070232391,103.5016,197.2766,125.8744,221.0499,0.0,False,True
coco:2685:47:99,coco,2685,000000002685.jpg,47,cup,cup,False,2,9,0.1566333174705505,42.9055,213.5828,62.9375,224.462,0.0,False,True
coco:2685:47:99,coco,2685,000000002685.jpg,47,cup,cup,False,2,10,0.1538327932357788,122.2462,233.9525,142.1426,254.2428,0.0,False,True
coco:2685:47:99,coco,2685,000000002685.jpg,47,cup,cup,False,2,11,0.1517409086227417,93.7133,343.3011,110.0954,358.1405,0.0,False,True
coco:2685:47:99,coco,2685,000000002685.jpg,47,cup,cup,False,2,12,0.1474506705999374,73.4961,193.9486,97.0123,234.1127,0.0,False,True
coco:2685:47:99,coco,2685,000000002685.jpg,47,cup,cup,False,2,13,0.1399621963500976,564.2246,161.8246,608.8846,201.4674,0.0,False,True
coco:2685:47:99,coco,2685,000000002685.jpg,47,cup,cup,False,2,14,0.1389391124248504,117.9263,253.4392,140.5841,277.0441,0.0,False,True
coco:2685:47:99,coco,2685,000000002685.jpg,47,cup,cup,False,2,15,0.1316002458333969,141.3893,315.7004,163.2729,345.6519,0.5243229269981384,True,False
coco:2685:47:99,coco,2685,000000002685.jpg,47,cup,cup,False,2,16,0.1271963119506836,527.1271,96.4329,540.9922,111.4611,0.0,False,True
coco:2685:47:99,coco,2685,000000002685.jpg,47,cup,cup,False,2,17,0.1238295212388038,76.9649,190.7005,108.6069,229.5358,0.0,False,True
coco:2685:47:99,coco,2685,000000002685.jpg,47,cup,cup,False,2,18,0.1224395558238029,91.1749,184.302,125.0507,221.4808,0.0,False,True
coco:2685:47:99,coco,2685,000000002685.jpg,47,cup,cup,False,2,19,0.1206989213824272,91.5036,187.092,111.5202,220.9866,0.0,False,True
coco:2685:47:99,coco,2685,000000002685.jpg,47,cup,cup,False,2,20,0.1168073415756225,486.3698,22.2546,502.777,47.6172,0.0,False,True
coco:2685:47:99,coco,2685,000000002685.jpg,47,cup,cup,False,2,21,0.1165517270565033,556.4144,144.0746,609.0218,201.4949,0.0,False,True
coco:2685:47:99,coco,2685,000000002685.jpg,47,cup,cup,False,2,22,0.1119229719042778,43.5459,240.2507,77.1532,252.3513,0.0,False,True
coco:2685:47:99,coco,2685,000000002685.jpg,47,cup,cup,False,2,23,0.109916865825653,289.2894,152.5134,317.3503,177.9424,0.0,False,True
coco:2685:47:99,coco,2685,000000002685.jpg,47,cup,cup,False,2,24,0.1056463569402694,215.9286,348.5933,246.9598,380.1815,0.0,False,True
coco:2685:47:99,coco,2685,000000002685.jpg,47,cup,cup,False,2,25,0.104456603527069,470.7205,4.3022,490.9074,31.8535,0.0,False,True
coco:2685:47:99,coco,2685,000000002685.jpg,47,cup,cup,False,2,26,0.0959543585777282,107.1328,339.3102,142.326,369.7057,0.008452515117824,False,True
coco:2685:47:99,coco,2685,000000002685.jpg,47,cup,cup,False,2,27,0.0948324128985405,170.2243,235.2828,185.6229,254.2077,0.0,False,True
coco:2685:47:99,coco,2685,000000002685.jpg,47,cup,cup,False,2,28,0.0943005159497261,67.816,201.1501,84.1051,225.9608,0.0,False,True
coco:2685:47:99,coco,2685,000000002685.jpg,47,cup,cup,False,2,29,0.0922039225697517,82.3174,275.4669,100.0957,293.2771,0.0,False,True
coco:2685:47:99,coco,2685,000000002685.jpg,47,cup,cup,False,2,30,0.0916169509291648,288.8816,152.8843,298.323,160.6072,0.0,False,True
coco:2685:47:99,coco,2685,000000002685.jpg,47,cup,cup,False,2,31,0.0910860896110534,549.8869,29.0383,609.1448,76.1942,0.0,False,True
coco:2685:47:99,coco,2685,000000002685.jpg,47,cup,cup,False,2,32,0.0905887931585311,303.8882,167.3933,317.314,178.0021,0.0,False,True
coco:2685:47:99,coco,2685,000000002685.jpg,47,cup,cup,False,2,33,0.0901552438735961,100.4207,198.1375,117.4313,220.94,0.0,False,True
coco:2685:47:99,coco,2685,000000002685.jpg,47,cup,cup,False,2,34,0.0897038355469703,366.6391,200.4835,390.1611,224.9862,0.6247872114181519,True,False
coco:2685:47:99,coco,2685,000000002685.jpg,47,cup,cup,False,2,35,0.0895532667636871,93.1866,276.2876,111.6606,298.5558,0.0,False,True
coco:2685:47:99,coco,2685,000000002685.jpg,47,cup,cup,False,2,36,0.0884141474962234,20.7706,213.6633,62.7424,246.2313,0.0,False,True
coco:2685:47:99,coco,2685,000000002685.jpg,47,cup,cup,False,2,37,0.0869532749056816,70.0748,278.0384,81.0197,293.0274,0.0,False,True
coco:2685:47:99,coco,2685,000000002685.jpg,47,cup,cup,False,2,38,0.0863372236490249,100.4419,287.6374,111.8253,298.8228,0.0,False,True
coco:2685:47:99,coco,2685,000000002685.jpg,47,cup,cup,False,2,39,0.0847947001457214,133.4377,244.7388,148.7787,256.7921,0.0,False,True
coco:2685:47:99,coco,2685,000000002685.jpg,47,cup,cup,False,2,40,0.0836982652544975,20.6619,230.7614,31.4797,244.4712,0.0,False,True
coco:2685:47:99,coco,2685,000000002685.jpg,47,cup,cup,False,2,41,0.0824510902166366,94.8168,194.2823,124.1765,221.6768,0.0,False,True
coco:2685:47:99,coco,2685,000000002685.jpg,47,cup,cup,False,2,42,0.0818272158503532,148.864,253.9846,164.2116,270.956,0.0,False,True
coco:2685:47:99,coco,2685,000000002685.jpg,47,cup,cup,False,2,43,0.0804575979709625,87.5428,212.8552,109.3639,229.7318,0.0,False,True
coco:2685:47:99,coco,2685,000000002685.jpg,47,cup,cup,False,2,44,0.0800626799464225,20.4114,230.7869,31.7923,252.1247,0.0,False,True
coco:2685:47:99,coco,2685,000000002685.jpg,47,cup,cup,False,2,45,0.0799326002597808,571.2751,163.0774,598.8237,188.0741,0.0,False,True
coco:2685:47:99,coco,2685,000000002685.jpg,47,cup,cup,False,2,46,0.0791333094239234,42.9592,213.4383,70.9261,236.6316,0.0,False,True
coco:2685:47:99,coco,2685,000000002685.jpg,47,cup,cup,False,2,47,0.0771085172891616,77.4607,211.6478,96.2378,234.348,0.0,False,True
coco:2685:47:99,coco,2685,000000002685.jpg,47,cup,cup,False,2,48,0.0766116827726364,155.6782,246.7449,180.7143,273.8013,0.0,False,True
coco:2685:47:99,coco,2685,000000002685.jpg,47,cup,cup,False,2,49,0.0762955546379089,366.4951,200.7369,391.7865,238.2378,0.3745262920856476,False,True
coco:2685:47:99,coco,2685,000000002685.jpg,47,cup,cup,False,2,50,0.0754977613687515,155.992,246.605,179.3419,266.2702,0.0,False,True
coco:2685:47:99,coco,2685,000000002685.jpg,47,cup,cup,False,2,51,0.075418122112751,112.7688,219.4817,130.8889,239.9183,0.0,False,True
coco:2685:47:99,coco,2685,000000002685.jpg,47,cup,cup,False,2,52,0.0738421306014061,161.5057,134.5181,219.1784,191.8599,0.0,False,True
coco:2685:47:99,coco,2685,000000002685.jpg,47,cup,cup,False,2,53,0.0734417960047721,116.8041,262.3086,133.0981,277.2052,0.0,False,True
coco:2685:47:99,coco,2685,000000002685.jpg,47,cup,cup,False,2,54,0.0721383690834045,112.6666,219.4995,141.4676,254.5027,0.0,False,True
coco:2685:47:99,coco,2685,000000002685.jpg,47,cup,cup,False,2,55,0.0715892761945724,78.4165,190.7321,106.3032,219.3176,0.0,False,True
coco:2685:47:99,coco,2685,000000002685.jpg,47,cup,cup,False,2,56,0.0711587965488433,76.5651,191.1771,96.2081,216.3618,0.0,False,True
coco:2685:47:99,coco,2685,000000002685.jpg,47,cup,cup,False,2,57,0.0690393969416618,563.3104,29.7978,609.0583,70.9132,0.0,False,True
coco:2685:47:99,coco,2685,000000002685.jpg,47,cup,cup,False,2,58,0.0685680136084556,108.1952,283.956,147.1986,349.6053,0.0596365556120872,False,True
coco:2685:47:99,coco,2685,000000002685.jpg,47,cup,cup,False,2,59,0.0681210756301879,602.896,167.699,631.9272,191.8211,0.0,False,True
coco:2685:47:99,coco,2685,000000002685.jpg,47,cup,cup,False,2,60,0.0675638541579246,106.4901,261.7829,124.4003,286.1159,0.0,False,True
coco:2685:47:99,coco,2685,000000002685.jpg,47,cup,cup,False,2,61,0.0653351321816444,20.4573,230.9737,39.6426,269.8215,0.0,False,True
coco:2685:47:99,coco,2685,000000002685.jpg,47,cup,cup,False,2,62,0.0649700462818145,78.3989,266.8451,97.9214,290.8138,0.0,False,True
coco:2685:47:99,coco,2685,000000002685.jpg,47,cup,cup,False,2,63,0.0646811202168464,71.2382,184.1325,125.8218,234.2576,0.0,False,True
coco:2685:47:99,coco,2685,000000002685.jpg,47,cup,cup,False,2,64,0.0644437000155448,151.1043,335.0085,174.4711,352.2873,0.3236322104930877,False,True
coco:2685:47:99,coco,2685,000000002685.jpg,47,cup,cup,False,2,65,0.0631763860583305,123.3382,272.5089,142.4565,292.9384,0.0,False,True
coco:2685:47:99,coco,2685,000000002685.jpg,47,cup,cup,False,2,66,0.0629137009382247,78.5829,266.5848,88.9984,280.4123,0.0,False,True
coco:2685:47:99,coco,2685,000000002685.jpg,47,cup,cup,False,2,67,0.0621262043714523,93.5305,337.2506,119.4076,374.8255,0.0,False,True
coco:2685:47:99,coco,2685,000000002685.jpg,47,cup,cup,False,2,68,0.0617805607616901,71.0002,266.6882,99.7173,293.9202,0.0,False,True
coco:2685:47:99,coco,2685,000000002685.jpg,47,cup,cup,False,2,69,0.0617567785084247,33.6171,194.0275,46.0035,203.2511,0.0,False,True
coco:2685:47:99,coco,2685,000000002685.jpg,47,cup,cup,False,2,70,0.0614496432244777,154.8336,235.4105,185.3432,273.101,0.0,False,True
coco:2685:47:99,coco,2685,000000002685.jpg,47,cup,cup,False,2,71,0.0612404271960258,556.5179,143.9904,589.3923,194.8332,0.0,False,True
coco:2685:47:99,coco,2685,000000002685.jpg,47,cup,cup,False,2,72,0.0595837086439132,122.8701,272.638,173.6861,349.2169,0.2718985974788666,False,True
coco:2685:47:99,coco,2685,000000002685.jpg,47,cup,cup,False,2,73,0.0594164691865444,137.1735,263.8747,175.5333,331.7088,0.1630690246820449,False,True
coco:2685:47:99,coco,2685,000000002685.jpg,47,cup,cup,False,2,74,0.0592169053852558,634.0229,141.4109,640.0205,157.0885,0.0,False,True
coco:2685:47:99,coco,2685,000000002685.jpg,47,cup,cup,False,2,75,0.0586261935532093,72.1192,266.6128,111.1604,298.7348,0.0,False,True
coco:2685:47:99,coco,2685,000000002685.jpg,47,cup,cup,False,2,76,0.0583016201853752,154.986,247.2366,180.5143,285.4186,0.0,False,True
coco:2685:47:99,coco,2685,000000002685.jpg,47,cup,cup,False,2,77,0.0580598562955856,563.0402,177.0285,579.5978,195.9322,0.0,False,True
coco:2685:47:99,coco,2685,000000002685.jpg,47,cup,cup,False,2,78,0.0575500205159187,85.2092,275.8024,111.7753,298.8566,0.0,False,True
coco:2685:47:99,coco,2685,000000002685.jpg,47,cup,cup,False,2,79,0.0568030066788196,566.8102,183.5377,608.7242,201.7861,0.0,False,True
coco:2685:47:99,coco,2685,000000002685.jpg,47,cup,cup,False,2,80,0.0561451315879821,199.8289,326.0651,229.6641,375.2049,0.0,False,True
coco:2685:47:99,coco,2685,000000002685.jpg,47,cup,cup,False,2,81,0.0547750853002071,114.2299,339.3934,142.4999,362.6626,0.0114697935059666,False,True
coco:2685:47:99,coco,2685,000000002685.jpg,47,cup,cup,False,2,82,0.0543185248970985,524.0466,0.4123,611.1897,77.0662,0.0,False,True
coco:2685:47:99,coco,2685,000000002685.jpg,47,cup,cup,False,2,83,0.0542476996779441,558.8298,169.407,577.3342,191.5166,0.0,False,True
coco:2685:47:99,coco,2685,000000002685.jpg,47,cup,cup,False,2,84,0.0535948239266872,90.9381,184.0634,109.5719,204.0343,0.0,False,True
coco:2685:47:99,coco,2685,000000002685.jpg,47,cup,cup,False,2,85,0.0533432103693485,123.136,272.8853,156.5023,320.325,0.025980295613408,False,True
coco:2685:47:99,coco,2685,000000002685.jpg,47,cup,cup,False,2,86,0.052277348935604,126.0993,253.8354,140.8936,274.4467,0.0,False,True
coco:2685:47:99,coco,2685,000000002685.jpg,47,cup,cup,False,2,87,0.0522203929722309,116.9743,245.1071,149.7591,277.6661,0.0,False,True
coco:2685:47:99,coco,2685,000000002685.jpg,47,cup,cup,False,2,88,0.0522035509347915,348.4969,126.0871,362.8777,137.5176,0.0,False,True
coco:2685:47:99,coco,2685,000000002685.jpg,47,cup,cup,False,2,89,0.0520839020609855,113.0175,263.8394,124.7841,280.9508,0.0,False,True
coco:2685:47:99,coco,2685,000000002685.jpg,47,cup,cup,False,2,90,0.0516793616116046,367.4374,200.6995,404.9035,241.0486,0.2309842109680175,False,True
coco:2685:47:99,coco,2685,000000002685.jpg,47,cup,cup,False,2,91,0.0514499992132186,136.9638,263.6825,165.7489,301.3827,0.0,False,True
coco:4395:1:129,coco,4395,000000004395.jpg,1,person,person,False,1,0,0.8682165741920471,0.4647,0.3086,424.5255,639.7335,0.9929965734481812,True,False
coco:4395:1:129,coco,4395,000000004395.jpg,1,person,person,False,1,1,0.1463881731033325,324.1338,408.2739,424.4518,543.387,0.050227366387844,False,True
coco:4395:1:129,coco,4395,000000004395.jpg,1,person,person,False,1,2,0.0605806484818458,323.8425,408.4361,424.4197,638.9346,0.0857560262084007,False,True
coco:4395:1:129,coco,4395,000000004395.jpg,1,person,person,False,1,3,0.0552886836230754,369.1342,406.9504,424.4783,541.9731,0.0276912171393632,False,True
coco:4395:48:130,coco,4395,000000004395.jpg,48,fork,fork,True,0,0,0.1233981177210807,175.5018,270.8855,275.8868,638.7362,0.0,False,True
coco:4395:48:130,coco,4395,000000004395.jpg,48,fork,fork,True,0,1,0.0775694325566291,325.7395,408.5262,404.0244,546.5659,0.0,False,True
coco:4395:48:130,coco,4395,000000004395.jpg,48,fork,fork,True,0,2,0.0523954778909683,369.3184,408.4769,404.606,547.2423,0.0,False,True
coco:4395:51:131,coco,4395,000000004395.jpg,51,bowl,bowl,True,0,0,0.0935868918895721,175.1134,271.1964,275.8612,638.5981,0.0,False,True
coco:4395:51:131,coco,4395,000000004395.jpg,51,bowl,bowl,True,0,1,0.0503643564879894,0.5432,229.9309,64.5618,278.4958,0.0,False,True
coco:4765:42:135,coco,4765,000000004765.jpg,42,surfboard,surfboard,False,1,0,0.3793437778949737,250.9449,335.8212,534.7102,418.3792,0.902578830718994,True,False
coco:4765:42:135,coco,4765,000000004765.jpg,42,surfboard,surfboard,False,1,1,0.3723731637001037,144.3954,219.0698,534.3715,418.1973,0.2874980270862579,False,True
coco:4765:42:135,coco,4765,000000004765.jpg,42,surfboard,surfboard,False,1,2,0.2719562947750091,122.8331,126.1965,534.3523,418.8343,0.1887117773294448,False,True
coco:4765:42:135,coco,4765,000000004765.jpg,42,surfboard,surfboard,False,1,3,0.121235579252243,164.8419,290.6924,534.7261,420.0372,0.4756335914134979,False,True
coco:4765:42:135,coco,4765,000000004765.jpg,42,surfboard,surfboard,False,1,4,0.0975877344608306,334.5472,371.6674,534.3674,417.8028,0.371240496635437,False,True
coco:4765:42:135,coco,4765,000000004765.jpg,42,surfboard,surfboard,False,1,5,0.070209614932537,145.648,218.2402,339.4892,385.381,0.0769433975219726,False,True
coco:4765:42:135,coco,4765,000000004765.jpg,42,surfboard,surfboard,False,1,6,0.0691782236099243,86.8186,122.4203,208.5269,192.1227,0.0,False,True
coco:4765:42:135,coco,4765,000000004765.jpg,42,surfboard,surfboard,False,1,7,0.0685459375381469,121.5809,122.9603,207.0577,183.1303,0.0,False,True
coco:4765:42:135,coco,4765,000000004765.jpg,42,surfboard,surfboard,False,1,8,0.0603636838495731,145.3628,218.3991,246.6298,319.3022,0.0,False,True
coco:4765:42:135,coco,4765,000000004765.jpg,42,surfboard,surfboard,False,1,9,0.057923536747694,230.4548,313.619,338.6145,385.6306,0.1423769444227218,False,True
coco:4765:42:135,coco,4765,000000004765.jpg,42,surfboard,surfboard,False,1,10,0.0563637502491474,118.9407,126.2387,381.7427,391.1216,0.0789090096950531,False,True
coco:4765:42:135,coco,4765,000000004765.jpg,42,surfboard,surfboard,False,1,11,0.0550213269889354,206.8192,125.7941,402.6922,384.9641,0.1048896089196205,False,True
coco:4765:42:135,coco,4765,000000004765.jpg,42,surfboard,surfboard,False,1,12,0.053045317530632,19.0046,121.622,207.6178,195.6816,0.0,False,True
coco:4765:42:135,coco,4765,000000004765.jpg,42,surfboard,surfboard,False,1,13,0.051368873566389,254.7052,338.2744,338.0681,385.4927,0.1526068896055221,False,True
coco:4765:57:136,coco,4765,000000004765.jpg,57,carrot,carrot,True,0,0,0.1412754207849502,208.084,126.5161,403.2398,384.0448,0.0,False,True
coco:4765:57:136,coco,4765,000000004765.jpg,57,carrot,carrot,True,0,1,0.0996605157852172,134.3102,217.6864,533.887,418.8046,0.0,False,True
coco:4765:57:136,coco,4765,000000004765.jpg,57,carrot,carrot,True,0,2,0.0855667516589164,252.6431,337.2727,534.3256,418.9369,0.0,False,True
coco:4765:57:136,coco,4765,000000004765.jpg,57,carrot,carrot,True,0,3,0.0595512092113494,128.9744,126.2486,532.8906,419.4186,0.0,False,True
coco:4765:22:137,coco,4765,000000004765.jpg,22,elephant,elephant,True,0,0,0.0513230562210083,207.9321,126.4638,403.3651,383.6694,0.0,False,True
coco:5001:1:141,coco,5001,000000005001.jpg,1,person,person,False,13,0,0.7522512078285217,366.7432,93.9717,519.9695,479.4149,0.8893612623214722,True,False
coco:5001:1:141,coco,5001,000000005001.jpg,1,person,person,False,13,1,0.6915823817253113,344.4336,54.2966,404.5005,157.0345,0.0881471559405326,False,True
coco:5001:1:141,coco,5001,000000005001.jpg,1,person,person,False,13,2,0.6675246357917786,295.5719,51.8589,355.7729,135.8282,0.9348660111427308,True,False
coco:5001:1:141,coco,5001,000000005001.jpg,1,person,person,False,13,3,0.6605284214019775,78.1351,225.3371,188.9003,479.4065,0.9037192463874816,True,False
coco:5001:1:141,coco,5001,000000005001.jpg,1,person,person,False,13,4,0.6375524401664734,220.9178,254.8656,347.1628,479.5338,0.918635368347168,True,False
coco:5001:1:141,coco,5001,000000005001.jpg,1,person,person,False,13,5,0.618985116481781,188.7381,86.2577,374.9015,465.4881,0.3686816394329071,False,True
coco:5001:1:141,coco,5001,000000005001.jpg,1,person,person,False,13,6,0.5994137525558472,563.0046,143.9189,639.8958,479.3438,0.0,False,True
coco:5001:1:141,coco,5001,000000005001.jpg,1,person,person,False,13,7,0.5868828892707825,434.3327,45.0271,507.3989,163.034,0.9189427495002748,True,False
coco:5001:1:141,coco,5001,000000005001.jpg,1,person,person,False,13,8,0.5705808401107788,49.7238,52.5547,135.9674,137.1587,0.8588529229164124,True,False
coco:5001:1:141,coco,5001,000000005001.jpg,1,person,person,False,13,9,0.4730946123600006,527.4358,52.7125,568.422,124.5283,0.0,False,True
coco:5001:1:141,coco,5001,000000005001.jpg,1,person,person,False,13,10,0.4368730783462524,234.1841,60.9243,295.2133,176.4906,0.5279668569564819,True,False
coco:5001:1:141,coco,5001,000000005001.jpg,1,person,person,False,13,11,0.4228758513927459,328.0215,52.3886,358.8923,100.8901,0.2525093257427215,False,True
coco:5001:1:141,coco,5001,000000005001.jpg,1,person,person,False,13,12,0.4107572734355926,609.7902,60.6562,633.8575,89.513,0.0,False,True
coco:5001:1:141,coco,5001,000000005001.jpg,1,person,person,False,13,13,0.3936517238616943,529.9398,51.0409,621.3566,344.5798,0.0,False,True
coco:5001:1:141,coco,5001,000000005001.jpg,1,person,person,False,13,14,0.3790295422077179,12.197,33.1513,72.3198,181.4574,0.8142997026443481,True,False
coco:5001:1:141,coco,5001,000000005001.jpg,1,person,person,False,13,15,0.3712957799434662,44.2352,91.2249,215.6702,355.6433,0.4590592086315155,False,True
coco:5001:1:141,coco,5001,000000005001.jpg,1,person,person,False,13,16,0.3536436855792999,131.8558,81.6192,179.4675,146.2487,0.2361085414886474,False,True
coco:5001:1:141,coco,5001,000000005001.jpg,1,person,person,False,13,17,0.3430540263652801,170.9871,32.3876,254.1461,205.446,0.8491050004959106,True,False
coco:5001:1:141,coco,5001,000000005001.jpg,1,person,person,False,13,18,0.3311018347740173,43.5839,89.4758,215.5053,478.7398,0.5827229619026184,True,False
coco:5001:1:141,coco,5001,000000005001.jpg,1,person,person,False,13,19,0.3146738409996032,332.7799,52.2974,358.5774,84.6761,0.1410687118768692,False,True
coco:5001:1:141,coco,5001,000000005001.jpg,1,person,person,False,13,20,0.3081606924533844,427.4312,25.9645,470.8341,95.41,0.8524993062019348,True,False
coco:5001:1:141,coco,5001,000000005001.jpg,1,person,person,False,13,21,0.3068643808364868,427.5959,26.1145,506.6036,105.3807,0.448789894580841,False,True
coco:5001:1:141,coco,5001,000000005001.jpg,1,person,person,False,13,22,0.3025270700454712,129.5875,81.7452,205.2421,344.7819,0.5060487389564514,True,False
coco:5001:1:141,coco,5001,000000005001.jpg,1,person,person,False,13,23,0.2937051951885223,523.5385,52.7961,568.876,240.847,0.0,False,True
coco:5001:1:141,coco,5001,000000005001.jpg,1,person,person,False,13,24,0.2737278044223785,170.0622,32.1779,256.4216,370.9367,0.4200817942619324,False,True
coco:5001:1:141,coco,5001,000000005001.jpg,1,person,person,False,13,25,0.259654700756073,606.2138,60.706,638.3193,106.151,0.0,False,True
coco:5001:1:141,coco,5001,000000005001.jpg,1,person,person,False,13,26,0.2587452232837677,603.478,60.5531,639.5753,163.6919,0.0,False,True
coco:5001:1:141,coco,5001,000000005001.jpg,1,person,person,False,13,27,0.2364401817321777,529.7772,51.6937,616.2971,238.3961,0.0,False,True
coco:5001:1:141,coco,5001,000000005001.jpg,1,person,person,False,13,28,0.225250169634819,43.7344,93.0058,143.2899,355.3711,0.634240984916687,True,False
coco:5001:1:141,coco,5001,000000005001.jpg,1,person,person,False,13,29,0.2173004150390625,518.4002,52.6433,568.4841,168.3165,0.0,False,True
coco:5001:1:141,coco,5001,000000005001.jpg,1,person,person,False,13,30,0.2007611393928527,49.4225,52.3312,215.5533,220.3894,0.3071832358837127,False,True
coco:5001:1:141,coco,5001,000000005001.jpg,1,person,person,False,13,31,0.1975662410259246,171.713,32.0096,293.7761,205.4347,0.5749229192733765,True,False
coco:5001:1:141,coco,5001,000000005001.jpg,1,person,person,False,13,32,0.1966336518526077,131.1302,81.5771,201.8976,174.9613,0.3749808073043823,False,True
coco:5001:1:141,coco,5001,000000005001.jpg,1,person,person,False,13,33,0.1950936764478683,130.3759,81.7722,215.1742,218.4348,0.4761579036712646,False,True
coco:5001:1:141,coco,5001,000000005001.jpg,1,person,person,False,13,34,0.1931443214416504,43.5033,92.8183,143.7819,478.5064,0.9202445149421692,True,False
coco:5001:1:141,coco,5001,000000005001.jpg,1,person,person,False,13,35,0.1853012293577194,530.2953,51.1915,619.5933,185.025,0.0,False,True
coco:5001:1:141,coco,5001,000000005001.jpg,1,person,person,False,13,36,0.1844754368066787,221.5146,60.8161,296.0992,315.0644,0.5240234732627869,True,False
coco:5001:1:141,coco,5001,000000005001.jpg,1,person,person,False,13,37,0.1787772625684738,463.5468,45.4366,508.2885,163.0021,0.5445745587348938,True,False
coco:5001:1:141,coco,5001,000000005001.jpg,1,person,person,False,13,38,0.1776521652936935,49.7876,52.5902,134.8029,106.4527,0.5248324275016785,True,False
coco:5001:1:141,coco,5001,000000005001.jpg,1,person,person,False,13,39,0.1740814745426178,171.6396,32.0845,293.6516,314.4709,0.3736773133277893,False,True
coco:5001:1:141,coco,5001,000000005001.jpg,1,person,person,False,13,40,0.1723971217870712,606.7364,60.7085,639.3392,129.64,0.0,False,True
coco:5001:1:141,coco,5001,000000005001.jpg,1,person,person,False,13,41,0.1631772965192794,561.8554,144.0423,639.8063,368.8463,0.0,False,True
coco:5001:1:141,coco,5001,000000005001.jpg,1,person,person,False,13,42,0.1600418388843536,210.9618,86.654,339.2423,316.7715,0.8085998892784119,True,False
coco:5001:1:141,coco,5001,000000005001.jpg,1,person,person,False,13,43,0.1597004979848861,543.5284,52.8087,568.2592,87.7782,0.0,False,True
coco:5001:1:141,coco,5001,000000005001.jpg,1,person,person,False,13,44,0.1512184590101242,230.8758,60.6073,295.5882,263.924,0.5718739628791809,True,False
coco:5001:1:141,coco,5001,000000005001.jpg,1,person,person,False,13,45,0.147050604224205,129.6574,81.7426,181.901,226.3078,0.5795140266418457,True,False
coco:5001:1:141,coco,5001,000000005001.jpg,1,person,person,False,13,46,0.1454678475856781,530.5496,50.9166,638.6158,476.7408,0.0,False,True
coco:5001:1:141,coco,5001,000000005001.jpg,1,person,person,False,13,47,0.1451651006937027,207.3027,86.3425,373.5575,369.4669,0.5070992112159729,True,False
coco:5001:1:141,coco,5001,000000005001.jpg,1,person,person,False,13,48,0.1407943218946457,211.7948,60.8028,295.5046,210.1981,0.932373046875,True,False
coco:5001:1:141,coco,5001,000000005001.jpg,1,person,person,False,13,49,0.1369947344064712,49.2713,52.6238,143.2074,228.565,0.4302343428134918,False,True
coco:5001:1:141,coco,5001,000000005001.jpg,1,person,person,False,13,50,0.1293775886297226,564.6924,144.0979,639.7694,278.7268,0.0,False,True
coco:5001:1:141,coco,5001,000000005001.jpg,1,person,person,False,13,51,0.127010703086853,554.4161,60.8375,639.683,167.6512,0.0,False,True
coco:5001:1:141,coco,5001,000000005001.jpg,1,person,person,False,13,52,0.125198408961296,49.6081,52.4347,103.8094,96.9712,0.2719340026378631,False,True
coco:5001:1:141,coco,5001,000000005001.jpg,1,person,person,False,13,53,0.1179229468107223,327.5789,212.9718,373.6763,463.9216,0.1500917077064514,False,True
coco:5001:1:141,coco,5001,000000005001.jpg,1,person,person,False,13,54,0.1129134446382522,327.3006,80.0513,345.8383,100.9678,0.0761143341660499,False,True
coco:5001:1:141,coco,5001,000000005001.jpg,1,person,person,False,13,55,0.111662209033966,336.5927,54.5104,404.1477,317.3951,0.1628063321113586,False,True
coco:5001:1:141,coco,5001,000000005001.jpg,1,person,person,False,13,56,0.1094323918223381,259.5076,60.5229,282.1443,70.0205,0.0148313203826546,False,True
coco:5001:1:141,coco,5001,000000005001.jpg,1,person,person,False,13,57,0.1087432652711868,235.0779,60.5762,295.1057,131.6074,0.3164724111557007,False,True
coco:5001:1:141,coco,5001,000000005001.jpg,1,person,person,False,13,58,0.1074071303009986,11.9985,33.7863,135.0937,236.0333,0.3811591863632202,False,True
coco:5001:1:141,coco,5001,000000005001.jpg,1,person,person,False,13,59,0.1066347509622573,295.1839,51.5813,355.8704,261.5566,0.390528917312622,False,True
coco:5001:1:141,coco,5001,000000005001.jpg,1,person,person,False,13,60,0.1056337654590606,129.3715,82.1865,191.9653,303.867,0.7000253200531006,True,False
coco:5001:1:141,coco,5001,000000005001.jpg,1,person,person,False,13,61,0.1052390187978744,224.3458,60.6506,337.7679,267.4349,0.7213460803031921,True,False
coco:5001:1:141,coco,5001,000000005001.jpg,1,person,person,False,13,62,0.0995488762855529,552.2933,60.3061,639.2773,343.1115,0.0,False,True
coco:5001:1:141,coco,5001,000000005001.jpg,1,person,person,False,13,63,0.0972380489110946,48.9298,52.5802,190.7287,275.9002,0.4115590155124664,False,True
coco:5001:1:141,coco,5001,000000005001.jpg,1,person,person,False,13,64,0.0955088660120964,463.9293,45.3498,506.7117,106.5665,0.2984983325004577,False,True
coco:5001:1:141,coco,5001,000000005001.jpg,1,person,person,False,13,65,0.0936153084039688,20.3379,33.0162,67.5567,84.0479,0.2443147301673889,False,True
coco:5001:1:141,coco,5001,000000005001.jpg,1,person,person,False,13,66,0.0930171087384224,563.6752,144.4394,639.701,206.2297,0.0,False,True
coco:5001:1:141,coco,5001,000000005001.jpg,1,person,person,False,13,67,0.0911961644887924,326.5894,61.4461,345.8696,99.7387,0.1449262797832489,False,True
coco:5001:1:141,coco,5001,000000005001.jpg,1,person,person,False,13,68,0.0887027978897094,34.8526,33.0019,67.6114,80.231,0.1568668484687805,False,True
coco:5001:1:141,coco,5001,000000005001.jpg,1,person,person,False,13,69,0.088632084429264,294.021,52.82,372.976,461.4981,0.247920736670494,False,True
coco:5001:1:141,coco,5001,000000005001.jpg,1,person,person,False,13,70,0.0856376588344574,177.8725,60.3784,294.8121,426.0104,0.3183771967887878,False,True
coco:5001:1:141,coco,5001,000000005001.jpg,1,person,person,False,13,71,0.0841942578554153,553.7759,143.3155,637.6895,185.5705,0.0,False,True
coco:5001:1:141,coco,5001,000000005001.jpg,1,person,person,False,13,72,0.0840426087379455,234.7212,62.0292,275.9751,314.1249,0.3470784425735473,False,True
coco:5001:1:141,coco,5001,000000005001.jpg,1,person,person,False,13,73,0.0828734338283538,49.6868,52.6409,198.795,178.7432,0.3781644105911255,False,True
coco:5001:1:141,coco,5001,000000005001.jpg,1,person,person,False,13,74,0.0793876647949218,259.4436,60.6926,295.4284,90.7335,0.0795512273907661,False,True
coco:5001:1:141,coco,5001,000000005001.jpg,1,person,person,False,13,75,0.0776929631829261,527.9741,53.3253,572.2032,341.2109,0.0,False,True
coco:5001:1:141,coco,5001,000000005001.jpg,1,person,person,False,13,76,0.0772552341222763,517.8016,135.2265,543.6426,240.9884,0.0,False,True
coco:5001:1:141,coco,5001,000000005001.jpg,1,person,person,False,13,77,0.0766620263457298,181.2102,297.6817,197.2246,321.7819,0.008393932133913,False,True
coco:5001:1:141,coco,5001,000000005001.jpg,1,person,person,False,13,78,0.0744722336530685,48.7828,53.0152,104.0499,144.7802,0.579717218875885,True,False
coco:5001:1:141,coco,5001,000000005001.jpg,1,person,person,False,13,79,0.0743909478187561,387.2822,45.2814,508.0894,170.3217,0.5301753878593445,True,False
coco:5001:1:141,coco,5001,000000005001.jpg,1,person,person,False,13,80,0.0741390809416771,35.1154,33.0735,102.7234,95.9838,0.2062859088182449,False,True
coco:5001:1:141,coco,5001,000000005001.jpg,1,person,person,False,13,81,0.0736649632453918,295.9969,51.8783,345.2374,102.0242,0.4699033200740814,False,True
coco:5001:1:141,coco,5001,000000005001.jpg,1,person,person,False,13,82,0.0704557225108146,482.3676,70.9453,508.2034,162.3095,0.2379849851131439,False,True
coco:5001:1:141,coco,5001,000000005001.jpg,1,person,person,False,13,83,0.0699559226632118,553.5423,143.0743,604.9377,203.4638,0.0,False,True
coco:5001:1:141,coco,5001,000000005001.jpg,1,person,person,False,13,84,0.0685347244143486,605.2675,60.7967,639.6453,206.7278,0.0,False,True
coco:5001:1:141,coco,5001,000000005001.jpg,1,person,person,False,13,85,0.0674030110239982,130.9141,81.6078,261.8851,370.6955,0.2701347768306732,False,True
coco:5001:1:141,coco,5001,000000005001.jpg,1,person,person,False,13,86,0.0656736344099044,330.0186,212.8966,373.4879,368.2066,0.0780224576592445,False,True
coco:5001:1:141,coco,5001,000000005001.jpg,1,person,person,False,13,87,0.0654536858201026,561.8922,54.9878,572.5144,84.8418,0.0,False,True
coco:5001:1:141,coco,5001,000000005001.jpg,1,person,person,False,13,88,0.0639677718281745,597.1107,60.3544,631.6126,90.9812,0.0,False,True
coco:5001:1:141,coco,5001,000000005001.jpg,1,person,person,False,13,89,0.0624164789915084,518.1896,135.3831,534.2822,169.1305,0.0,False,True
coco:5001:1:141,coco,5001,000000005001.jpg,1,person,person,False,13,90,0.0620530098676681,332.549,213.0429,372.0395,296.8957,0.0268132016062736,False,True
coco:5001:1:141,coco,5001,000000005001.jpg,1,person,person,False,13,91,0.0607397481799125,530.7579,52.6341,568.1254,91.2555,0.0,False,True
coco:5001:1:141,coco,5001,000000005001.jpg,1,person,person,False,13,92,0.0596202425658702,328.8774,54.4138,403.6147,455.437,0.239857479929924,False,True
coco:5001:1:141,coco,5001,000000005001.jpg,1,person,person,False,13,93,0.058804415166378,249.0385,60.7523,282.622,71.0738,0.0246598180383443,False,True
coco:5001:1:141,coco,5001,000000005001.jpg,1,person,person,False,13,94,0.0569546744227409,47.8462,52.7238,140.1373,296.5234,0.4169023334980011,False,True
coco:5001:1:141,coco,5001,000000005001.jpg,1,person,person,False,13,95,0.0548082180321216,345.0658,54.5609,397.7548,108.5604,0.0757591053843498,False,True
coco:5001:1:141,coco,5001,000000005001.jpg,1,person,person,False,13,96,0.0531317330896854,431.8663,45.1989,509.4037,311.747,0.3899882137775421,False,True
coco:5001:1:141,coco,5001,000000005001.jpg,1,person,person,False,13,97,0.0527167133986949,483.1701,70.2804,506.1285,104.678,0.0908266529440879,False,True
coco:5001:1:141,coco,5001,000000005001.jpg,1,person,person,False,13,98,0.052504401654005,432.0751,45.6159,507.2575,114.0394,0.5524537563323975,True,False
coco:5001:1:141,coco,5001,000000005001.jpg,1,person,person,False,13,99,0.0520573034882545,35.2812,35.4885,71.9103,148.4758,0.3742684423923492,False,True
coco:5001:1:141,coco,5001,000000005001.jpg,1,person,person,False,13,100,0.0518646426498889,384.8337,126.4805,410.0275,178.2281,0.0211427044123411,False,True
coco:5001:1:141,coco,5001,000000005001.jpg,1,person,person,False,13,101,0.0517065115272998,47.4384,82.7433,72.5937,145.4694,0.176293596625328,False,True
coco:5001:1:141,coco,5001,000000005001.jpg,1,person,person,False,13,102,0.0502984933555126,234.9786,51.8549,355.774,174.1348,0.3358681499958038,False,True
coco:5001:58:142,coco,5001,000000005001.jpg,58,hot dog,hot dog,True,0,0,0.083643302321434,570.1916,151.4292,597.5689,185.3424,0.0,False,True
coco:5001:58:142,coco,5001,000000005001.jpg,58,hot dog,hot dog,True,0,1,0.0735853314399719,304.1852,131.465,387.1371,231.765,0.0,False,True
coco:5001:16:143,coco,5001,000000005001.jpg,16,bird,bird,True,0,0,0.1158952564001083,204.2384,270.8821,282.1166,440.5258,0.0,False,True
coco:5001:16:143,coco,5001,000000005001.jpg,16,bird,bird,True,0,1,0.0794281363487243,179.6004,201.7686,281.8457,440.196,0.0,False,True
coco:5001:16:143,coco,5001,000000005001.jpg,16,bird,bird,True,0,2,0.0584018602967262,304.2034,131.7219,387.1779,231.6401,0.0,False,True
coco:5001:16:143,coco,5001,000000005001.jpg,16,bird,bird,True,0,3,0.0573055930435657,203.5336,270.0919,527.8301,438.8487,0.0,False,True
coco:5529:1:159,coco,5529,000000005529.jpg,1,person,person,False,1,0,0.9126628041267396,97.442,125.3019,253.3839,418.3237,0.7741371989250183,True,False
coco:6460:1:180,coco,6460,000000006460.jpg,1,person,person,False,1,0,0.8609206676483154,277.6465,137.5121,331.4969,207.8373,0.9749401211738586,True,False
coco:6460:1:180,coco,6460,000000006460.jpg,1,person,person,False,1,1,0.1641812771558761,585.5832,67.3936,618.3456,114.3465,0.0,False,True
coco:6460:1:180,coco,6460,000000006460.jpg,1,person,person,False,1,2,0.0654361695051193,413.083,213.3369,430.7645,237.1441,0.0,False,True
coco:6460:1:180,coco,6460,000000006460.jpg,1,person,person,False,1,3,0.0642996802926063,400.2065,212.7533,434.868,237.6834,0.0,False,True
coco:6460:1:180,coco,6460,000000006460.jpg,1,person,person,False,1,4,0.0605513043701648,485.1025,8.9383,632.0297,132.2587,0.0,False,True
coco:6460:49:181,coco,6460,000000006460.jpg,49,knife,knife,True,0,0,0.1066340953111648,484.8576,8.9601,632.0843,131.879,0.0,False,True
coco:6460:49:181,coco,6460,000000006460.jpg,49,knife,knife,True,0,1,0.1018123999238014,274.2504,113.1006,335.4886,234.2414,0.0,False,True
coco:6460:49:181,coco,6460,000000006460.jpg,49,knife,knife,True,0,2,0.0844280496239662,278.338,137.2889,331.772,207.9022,0.0,False,True
coco:6460:49:181,coco,6460,000000006460.jpg,49,knife,knife,True,0,3,0.0570463091135025,274.8525,137.0116,286.364,234.2758,0.0,False,True
coco:6460:81:182,coco,6460,000000006460.jpg,81,sink,sink,True,0,0,0.1537206918001175,278.4922,137.1419,331.8582,207.9303,0.0,False,True
coco:6460:81:182,coco,6460,000000006460.jpg,81,sink,sink,True,0,1,0.1373027712106704,273.6624,112.9754,336.5231,233.614,0.0,False,True
coco:6460:81:182,coco,6460,000000006460.jpg,81,sink,sink,True,0,2,0.111181229352951,484.756,8.701,632.2006,131.7906,0.0,False,True
coco:6460:81:182,coco,6460,000000006460.jpg,81,sink,sink,True,0,3,0.0919403210282325,1.758,-0.2142,638.8394,424.4346,0.0,False,True
coco:6460:81:182,coco,6460,000000006460.jpg,81,sink,sink,True,0,4,0.0606789104640483,0.5693,205.6971,640.0876,407.9636,0.0,False,True
coco:6723:6:189,coco,6723,000000006723.jpg,6,bus,bus,False,1,0,0.7341451048851013,362.7013,193.4376,390.0589,223.624,0.8988790512084961,True,False
coco:6723:6:189,coco,6723,000000006723.jpg,6,bus,bus,False,1,1,0.2134825885295868,387.6991,197.2256,401.7836,215.6998,0.0257517807185649,False,True
coco:6723:6:189,coco,6723,000000006723.jpg,6,bus,bus,False,1,2,0.1285001784563064,388.1627,197.6358,396.5326,205.298,0.0087991636246442,False,True
coco:6723:6:189,coco,6723,000000006723.jpg,6,bus,bus,False,1,3,0.0865673422813415,332.6135,200.1009,345.2401,211.0536,0.0,False,True
coco:6723:6:189,coco,6723,000000006723.jpg,6,bus,bus,False,1,4,0.0837436318397522,264.0664,191.5042,291.9568,206.9867,0.0,False,True
coco:6723:6:189,coco,6723,000000006723.jpg,6,bus,bus,False,1,5,0.0750373303890228,385.4804,191.5913,425.5283,202.2465,0.0247967950999736,False,True
coco:6723:6:189,coco,6723,000000006723.jpg,6,bus,bus,False,1,6,0.0728987529873848,358.3536,193.3186,366.1814,208.9629,0.0790673941373825,False,True
coco:6723:6:189,coco,6723,000000006723.jpg,6,bus,bus,False,1,7,0.0691641196608543,485.0141,197.1174,529.038,225.7603,0.0,False,True
coco:6723:6:189,coco,6723,000000006723.jpg,6,bus,bus,False,1,8,0.0657103657722473,381.2672,185.4833,396.8463,204.7794,0.0813862457871437,False,True
coco:6723:6:189,coco,6723,000000006723.jpg,6,bus,bus,False,1,9,0.0610927119851112,385.246,191.3881,425.6422,214.147,0.0473951883614063,False,True
coco:6723:6:189,coco,6723,000000006723.jpg,6,bus,bus,False,1,10,0.0592708811163902,204.1271,201.0916,241.7767,228.6528,0.0,False,True
coco:6723:6:189,coco,6723,000000006723.jpg,6,bus,bus,False,1,11,0.0587487556040287,282.1191,201.1456,302.7952,211.9345,0.0,False,True
coco:6723:6:189,coco,6723,000000006723.jpg,6,bus,bus,False,1,12,0.0529314093291759,363.6773,193.878,398.903,213.8156,0.4911890029907226,False,True
coco:6723:6:189,coco,6723,000000006723.jpg,6,bus,bus,False,1,13,0.0521219670772552,388.8185,205.1377,402.2436,215.1858,0.0037803435698151,False,True
coco:6723:6:189,coco,6723,000000006723.jpg,6,bus,bus,False,1,14,0.0504276156425476,358.6788,193.3596,366.1253,203.8694,0.0526580400764942,False,True
coco:6723:86:191,coco,6723,000000006723.jpg,86,vase,vase,True,0,0,0.0626542046666145,70.7836,205.8024,80.3656,225.3757,0.0,False,True
coco:6894:22:201,coco,6894,000000006894.jpg,22,elephant,elephant,False,1,0,0.452812910079956,0.9542,85.243,638.836,478.9199,0.9845131635665894,True,False
coco:6894:22:201,coco,6894,000000006894.jpg,22,elephant,elephant,False,1,1,0.3203600347042084,197.9272,128.8616,639.6769,269.4329,0.2496359497308731,False,True
coco:6894:22:201,coco,6894,000000006894.jpg,22,elephant,elephant,False,1,2,0.3130876123905182,0.4193,84.9786,314.6846,478.7183,0.4887895584106445,False,True
coco:6894:22:201,coco,6894,000000006894.jpg,22,elephant,elephant,False,1,3,0.2874290943145752,198.913,129.7478,439.8224,227.8911,0.0953504219651222,False,True
coco:6894:22:201,coco,6894,000000006894.jpg,22,elephant,elephant,False,1,4,0.2347417920827865,177.0076,121.6528,639.8571,477.2493,0.6525593400001526,True,False
coco:6894:22:201,coco,6894,000000006894.jpg,22,elephant,elephant,False,1,5,0.2095202207565307,186.0675,127.7843,440.3493,452.521,0.3330084979534149,False,True
coco:6894:22:201,coco,6894,000000006894.jpg,22,elephant,elephant,False,1,6,0.0959481075406074,137.087,129.86,381.5182,458.1712,0.3236316740512848,False,True
coco:6894:22:201,coco,6894,000000006894.jpg,22,elephant,elephant,False,1,7,0.0943937450647354,195.7144,128.4353,440.2277,362.0841,0.2303957343101501,False,True
coco:6894:22:201,coco,6894,000000006894.jpg,22,elephant,elephant,False,1,8,0.0807878002524375,135.2431,130.1378,305.683,456.4726,0.2243072092533111,False,True
coco:6894:22:201,coco,6894,000000006894.jpg,22,elephant,elephant,False,1,9,0.0759103596210479,532.0042,193.617,639.4617,268.1348,0.0320131555199623,False,True
coco:6894:22:201,coco,6894,000000006894.jpg,22,elephant,elephant,False,1,10,0.0586857721209526,373.6432,183.3067,639.6447,268.535,0.091020680963993,False,True
coco:6894:22:201,coco,6894,000000006894.jpg,22,elephant,elephant,False,1,11,0.0578728094696998,304.4074,182.2698,639.2554,477.291,0.3922093212604522,False,True
coco:6894:22:201,coco,6894,000000006894.jpg,22,elephant,elephant,False,1,12,0.0571890138089656,196.9718,128.0089,439.9378,274.6185,0.1436534821987152,False,True
coco:6894:22:201,coco,6894,000000006894.jpg,22,elephant,elephant,False,1,13,0.0557070784270763,194.6967,125.3292,638.9474,327.2134,0.3612628281116485,False,True
coco:6894:22:201,coco,6894,000000006894.jpg,22,elephant,elephant,False,1,14,0.0529080480337142,0.66,111.5782,639.0076,272.5113,0.413885623216629,False,True
coco:6894:89:202,coco,6894,000000006894.jpg,89,hair drier,hair drier,True,0,0,0.0936633050441742,1.2358,26.6711,537.626,478.265,0.0,False,True
coco:6894:89:202,coco,6894,000000006894.jpg,89,hair drier,hair drier,True,0,1,0.0822719112038612,0.9024,85.0785,308.1692,478.0372,0.0,False,True
coco:6894:89:202,coco,6894,000000006894.jpg,89,hair drier,hair drier,True,0,2,0.071715697646141,168.278,26.13,539.4849,478.4816,0.0,False,True
coco:6894:52:203,coco,6894,000000006894.jpg,52,banana,banana,True,0,0,0.1321427226066589,0.8931,85.3478,304.417,477.6542,0.0,False,True
coco:6894:52:203,coco,6894,000000006894.jpg,52,banana,banana,True,0,1,0.115941621363163,1.8061,83.3298,638.2502,477.7806,0.0,False,True
coco:6894:52:203,coco,6894,000000006894.jpg,52,banana,banana,True,0,2,0.0853663608431816,0.9034,84.0226,436.4537,478.0441,0.0,False,True
coco:6894:52:203,coco,6894,000000006894.jpg,52,banana,banana,True,0,3,0.0662747025489807,199.485,129.8599,381.5437,224.0738,0.0,False,True
coco:6894:52:203,coco,6894,000000006894.jpg,52,banana,banana,True,0,4,0.0625886693596839,199.8041,129.033,639.2792,268.75,0.0,False,True
coco:6894:52:203,coco,6894,000000006894.jpg,52,banana,banana,True,0,5,0.0560867264866828,195.4262,123.3951,639.2864,477.1048,0.0,False,True
coco:6894:52:203,coco,6894,000000006894.jpg,52,banana,banana,True,0,6,0.0549162030220031,108.7728,100.5057,117.5464,109.3403,0.0,False,True
coco:6894:52:203,coco,6894,000000006894.jpg,52,banana,banana,True,0,7,0.0538724847137928,443.3691,73.301,490.0314,97.4711,0.0,False,True
coco:7278:42:213,coco,7278,000000007278.jpg,42,surfboard,surfboard,False,1,0,0.5587942600250244,283.33,56.5531,339.4564,121.0708,0.9129913449287416,True,False
coco:7278:42:213,coco,7278,000000007278.jpg,42,surfboard,surfboard,False,1,1,0.1958447247743606,192.4151,59.7051,310.9108,155.8368,0.1236367896199226,False,True
coco:7278:42:213,coco,7278,000000007278.jpg,42,surfboard,surfboard,False,1,2,0.1929579377174377,282.9265,56.5358,353.1576,144.6324,0.5343483090400696,True,False
coco:7278:42:213,coco,7278,000000007278.jpg,42,surfboard,surfboard,False,1,3,0.1800731867551803,282.8619,56.4441,392.1778,127.8497,0.4235430657863617,False,True
coco:7278:42:213,coco,7278,000000007278.jpg,42,surfboard,surfboard,False,1,4,0.1109199523925781,282.6902,56.1508,377.0703,159.9741,0.337393969297409,False,True
coco:7278:42:213,coco,7278,000000007278.jpg,42,surfboard,surfboard,False,1,5,0.0875565782189369,283.0774,56.3701,437.8909,155.0498,0.2164094150066375,False,True
coco:7278:42:213,coco,7278,000000007278.jpg,42,surfboard,surfboard,False,1,6,0.0874018296599388,240.6803,60.4096,310.7564,139.9789,0.2178758084774017,False,True
coco:7278:42:213,coco,7278,000000007278.jpg,42,surfboard,surfboard,False,1,7,0.0671698972582817,241.9556,60.7153,287.2517,112.6739,0.0330197848379612,False,True
coco:7278:42:213,coco,7278,000000007278.jpg,42,surfboard,surfboard,False,1,8,0.0541040897369384,206.6663,57.6863,413.4993,156.6071,0.161586731672287,False,True
coco:7278:87:214,coco,7278,000000007278.jpg,87,scissors,scissors,True,0,0,0.0965136662125587,190.9844,59.5421,311.2133,155.6872,0.0,False,True
coco:7278:87:214,coco,7278,000000007278.jpg,87,scissors,scissors,True,0,1,0.0514412857592105,552.34,419.7826,631.0193,465.6625,0.0,False,True
coco:7278:24:215,coco,7278,000000007278.jpg,24,zebra,zebra,True,0,0,0.2897405624389648,191.3418,59.7022,310.9419,155.6362,0.0,False,True
coco:7278:24:215,coco,7278,000000007278.jpg,24,zebra,zebra,True,0,1,0.124437004327774,283.5811,56.7672,338.9568,122.1808,0.0,False,True
coco:7278:24:215,coco,7278,000000007278.jpg,24,zebra,zebra,True,0,2,0.0759580433368682,3.1568,2.3007,637.7712,479.0438,0.0,False,True
coco:7278:24:215,coco,7278,000000007278.jpg,24,zebra,zebra,True,0,3,0.0668584555387497,283.0466,56.3162,367.9261,138.4422,0.0,False,True
coco:7511:38:222,coco,7511,000000007511.jpg,38,kite,kite,False,2,0,0.6196513175964355,203.234,123.8009,222.9817,162.0105,0.7090170383453369,True,False
coco:7511:38:222,coco,7511,000000007511.jpg,38,kite,kite,False,2,1,0.2960440218448639,555.4148,169.2216,565.8795,180.7837,0.8876831531524658,True,False
coco:7511:38:222,coco,7511,000000007511.jpg,38,kite,kite,False,2,2,0.130622461438179,555.0846,168.8395,566.1204,196.5332,0.3829711079597473,False,True
coco:7511:38:222,coco,7511,000000007511.jpg,38,kite,kite,False,2,3,0.0996997356414794,602.8922,273.416,626.2175,285.2647,0.0,False,True
coco:7511:38:222,coco,7511,000000007511.jpg,38,kite,kite,False,2,4,0.0915716812014579,112.0593,105.2081,116.8335,110.0772,0.0,False,True
coco:7511:38:222,coco,7511,000000007511.jpg,38,kite,kite,False,2,5,0.0820537954568862,371.4298,296.8324,381.4789,306.3672,0.0,False,True
coco:7511:38:222,coco,7511,000000007511.jpg,38,kite,kite,False,2,6,0.0704988092184066,184.9861,108.4318,246.9207,183.6013,0.1149128600955009,False,True
coco:7511:38:222,coco,7511,000000007511.jpg,38,kite,kite,False,2,7,0.0678379610180854,608.2259,390.0096,639.4203,424.2448,0.0,False,True
coco:7511:38:222,coco,7511,000000007511.jpg,38,kite,kite,False,2,8,0.0674408376216888,282.1873,263.4672,291.529,272.7963,0.0,False,True
coco:7511:38:222,coco,7511,000000007511.jpg,38,kite,kite,False,2,9,0.0666542127728462,547.7134,160.8074,576.9312,198.7488,0.1102368980646133,False,True
coco:7511:38:222,coco,7511,000000007511.jpg,38,kite,kite,False,2,10,0.0655499920248985,245.6879,287.0411,251.3334,292.0053,0.0,False,True
coco:7511:38:222,coco,7511,000000007511.jpg,38,kite,kite,False,2,11,0.061940524727106,371.2239,296.5685,389.9447,317.874,0.0,False,True
coco:7511:38:222,coco,7511,000000007511.jpg,38,kite,kite,False,2,12,0.0612062402069568,110.5103,104.4044,223.8398,162.479,0.0812857896089553,False,True
coco:7511:38:222,coco,7511,000000007511.jpg,38,kite,kite,False,2,13,0.0601659417152404,174.2367,224.9017,192.7813,238.1868,0.0,False,True
coco:7511:38:222,coco,7511,000000007511.jpg,38,kite,kite,False,2,14,0.0599926896393299,374.336,245.2785,508.6801,478.9473,0.0,False,True
coco:7511:38:222,coco,7511,000000007511.jpg,38,kite,kite,False,2,15,0.056953627616167,376.1043,228.8865,468.6221,270.2968,0.0,False,True
coco:7511:38:222,coco,7511,000000007511.jpg,38,kite,kite,False,2,16,0.0543830096721649,594.4906,272.4414,626.8098,287.5711,0.0,False,True
coco:7511:38:222,coco,7511,000000007511.jpg,38,kite,kite,False,2,17,0.0540035031735897,110.344,103.1547,122.3466,110.8413,0.0,False,True
coco:7511:38:222,coco,7511,000000007511.jpg,38,kite,kite,False,2,18,0.0539952106773853,220.34,276.7759,246.6059,282.6956,0.0,False,True
coco:7511:38:222,coco,7511,000000007511.jpg,38,kite,kite,False,2,19,0.0504287369549274,460.9216,264.5419,468.6386,269.9742,0.0,False,True
coco:7511:75:223,coco,7511,000000007511.jpg,75,remote,remote,True,0,0,0.1482047736644745,203.8191,124.1036,222.8711,161.7517,0.0,False,True
coco:7511:75:223,coco,7511,000000007511.jpg,75,remote,remote,True,0,1,0.1095113381743431,375.4089,242.9787,507.8252,478.6816,0.0,False,True
coco:7511:75:223,coco,7511,000000007511.jpg,75,remote,remote,True,0,2,0.0716009587049484,370.8259,296.6141,380.8915,306.1534,0.0,False,True
coco:7511:75:223,coco,7511,000000007511.jpg,75,remote,remote,True,0,3,0.0669721215963363,370.8398,296.8426,389.4973,317.2654,0.0,False,True
coco:7511:7:224,coco,7511,000000007511.jpg,7,train,train,True,0,0,0.1870908290147781,204.0065,124.0167,222.8411,161.8178,0.0,False,True
coco:7511:7:224,coco,7511,000000007511.jpg,7,train,train,True,0,1,0.1347182095050811,376.539,243.3433,508.6685,478.9619,0.0,False,True
coco:7511:7:224,coco,7511,000000007511.jpg,7,train,train,True,0,2,0.1211551502346992,1.1855,265.3916,638.9169,479.2072,0.0,False,True
coco:7511:7:224,coco,7511,000000007511.jpg,7,train,train,True,0,3,0.1157828494906425,0.1061,224.3221,143.6039,259.624,0.0,False,True
coco:7511:7:224,coco,7511,000000007511.jpg,7,train,train,True,0,4,0.0844523459672927,-0.2532,223.4229,193.785,262.947,0.0,False,True
coco:7511:7:224,coco,7511,000000007511.jpg,7,train,train,True,0,5,0.0760527625679969,555.5791,169.3437,565.8611,180.8277,0.0,False,True
coco:7511:7:224,coco,7511,000000007511.jpg,7,train,train,True,0,6,0.0583894588053226,-1.1887,262.4718,637.4501,306.8065,0.0,False,True
coco:7511:7:224,coco,7511,000000007511.jpg,7,train,train,True,0,7,0.0535051971673965,371.0239,296.6702,381.2695,306.3706,0.0,False,True
coco:7511:7:224,coco,7511,000000007511.jpg,7,train,train,True,0,8,0.0525609329342842,1.4913,0.0443,638.7592,479.9016,0.0,False,True
coco:7574:78:225,coco,7574,000000007574.jpg,78,microwave,microwave,False,1,0,0.7164731621742249,305.2645,143.4648,366.765,233.6578,0.8652995228767395,True,False
coco:7574:78:225,coco,7574,000000007574.jpg,78,microwave,microwave,False,1,1,0.0939403846859932,0.3801,165.0221,103.8518,373.2882,0.0,False,True
coco:7574:78:225,coco,7574,000000007574.jpg,78,microwave,microwave,False,1,2,0.0875454396009445,259.1441,247.8925,423.1509,378.5674,0.0,False,True
coco:7574:78:225,coco,7574,000000007574.jpg,78,microwave,microwave,False,1,3,0.0813458710908889,353.2837,247.8721,422.3639,329.6815,0.0,False,True
coco:7574:78:225,coco,7574,000000007574.jpg,78,microwave,microwave,False,1,4,0.0670825690031051,306.2103,150.9597,347.2688,214.5828,0.4929383099079132,False,True
coco:7574:78:225,coco,7574,000000007574.jpg,78,microwave,microwave,False,1,5,0.0570233836770057,361.4647,3.3674,545.0115,259.4995,0.0021544476039707,False,True
coco:7574:78:225,coco,7574,000000007574.jpg,78,microwave,microwave,False,1,6,0.0553068630397319,351.9804,247.4161,422.7246,373.8692,0.0,False,True
coco:7574:78:225,coco,7574,000000007574.jpg,78,microwave,microwave,False,1,7,0.05214174836874,261.805,295.2369,316.0472,337.8542,0.0,False,True
coco:7574:22:226,coco,7574,000000007574.jpg,22,elephant,elephant,True,0,0,0.059061873704195,0.5455,165.5345,103.0015,372.5824,0.0,False,True
coco:7574:22:226,coco,7574,000000007574.jpg,22,elephant,elephant,True,0,1,0.0544873774051666,359.6189,394.822,392.9111,418.9066,0.0,False,True
coco:7977:41:243,coco,7977,000000007977.jpg,41,skateboard,skateboard,False,1,0,0.7859271764755249,194.9917,344.6893,268.7185,425.5789,0.8948798775672913,True,False
coco:7977:41:243,coco,7977,000000007977.jpg,41,skateboard,skateboard,False,1,1,0.1059364676475524,195.2344,409.9685,236.3439,425.7376,0.1043887138366699,False,True
coco:7977:41:243,coco,7977,000000007977.jpg,41,skateboard,skateboard,False,1,2,0.0818435400724411,109.9756,148.7663,263.5577,423.9157,0.1162142232060432,False,True
coco:7977:41:243,coco,7977,000000007977.jpg,41,skateboard,skateboard,False,1,3,0.0545315407216548,219.8192,345.1726,268.3099,409.5454,0.5439743399620056,True,False
coco:7977:19:244,coco,7977,000000007977.jpg,19,horse,horse,True,0,0,0.064796432852745,109.7045,148.9556,268.5013,423.7289,0.0,False,True
coco:7977:75:245,coco,7977,000000007977.jpg,75,remote,remote,True,0,0,0.1061875447630882,109.1435,149.3302,267.583,423.7236,0.0,False,True
coco:7977:75:245,coco,7977,000000007977.jpg,75,remote,remote,True,0,1,0.0525653548538684,193.979,344.8411,269.0725,425.4306,0.0,False,True
coco:8211:62:252,coco,8211,000000008211.jpg,62,chair,chair,False,2,0,0.509839653968811,324.0328,249.0082,379.662,344.237,0.9135767221450806,True,False
coco:8211:62:252,coco,8211,000000008211.jpg,62,chair,chair,False,2,1,0.3632714450359344,412.8268,270.6596,449.2517,336.1891,0.74798983335495,True,False
coco:8211:62:252,coco,8211,000000008211.jpg,62,chair,chair,False,2,2,0.2341462522745132,626.7549,188.8246,639.9869,220.4417,0.0,False,True
coco:8211:62:252,coco,8211,000000008211.jpg,62,chair,chair,False,2,3,0.2189454138278961,412.6709,253.1524,466.269,336.9733,0.4237165451049804,False,True
coco:8211:62:252,coco,8211,000000008211.jpg,62,chair,chair,False,2,4,0.1176493838429451,589.1021,188.4202,602.4977,216.4271,0.0,False,True
coco:8211:62:252,coco,8211,000000008211.jpg,62,chair,chair,False,2,5,0.1049805879592895,309.7665,190.9858,350.058,257.1075,0.0224313847720623,False,True
coco:8211:62:252,coco,8211,000000008211.jpg,62,chair,chair,False,2,6,0.0980023071169853,589.0712,188.8552,595.7246,216.3029,0.0,False,True
coco:8211:62:252,coco,8211,000000008211.jpg,62,chair,chair,False,2,7,0.0942278057336807,548.4528,186.8967,595.7844,216.5569,0.0,False,True
coco:8211:62:252,coco,8211,000000008211.jpg,62,chair,chair,False,2,8,0.0936573147773742,548.4364,187.5864,559.4,215.1578,0.0,False,True
coco:8211:62:252,coco,8211,000000008211.jpg,62,chair,chair,False,2,9,0.090219646692276,589.3203,186.732,628.551,217.0093,0.0,False,True
coco:8211:62:252,coco,8211,000000008211.jpg,62,chair,chair,False,2,10,0.085845410823822,314.9194,208.8166,348.1119,257.6614,0.0262811072170734,False,True
coco:8211:62:252,coco,8211,000000008211.jpg,62,chair,chair,False,2,11,0.0794282406568527,311.2928,191.6923,332.5352,219.1189,0.0,False,True
coco:8211:62:252,coco,8211,000000008211.jpg,62,chair,chair,False,2,12,0.0737041160464286,323.4898,209.1165,346.7463,249.5459,0.0,False,True
coco:8211:62:252,coco,8211,000000008211.jpg,62,chair,chair,False,2,13,0.071644090116024,346.5189,185.8056,374.9791,211.3501,0.0,False,True
coco:8211:62:252,coco,8211,000000008211.jpg,62,chair,chair,False,2,14,0.0696491003036499,310.4517,191.1404,349.0381,219.336,0.0,False,True
coco:8211:62:252,coco,8211,000000008211.jpg,62,chair,chair,False,2,15,0.0665867626667022,440.4607,331.8167,459.1417,343.6794,0.0325539447367191,False,True
coco:8211:62:252,coco,8211,000000008211.jpg,62,chair,chair,False,2,16,0.0621492974460125,560.2875,187.2856,569.6331,215.4402,0.0,False,True
coco:8211:62:252,coco,8211,000000008211.jpg,62,chair,chair,False,2,17,0.0615021884441375,599.6948,186.6269,639.9604,217.8226,0.0,False,True
coco:8211:62:252,coco,8211,000000008211.jpg,62,chair,chair,False,2,18,0.0599594339728355,358.2941,293.0499,379.1594,338.0266,0.1654001027345657,False,True
coco:8211:62:252,coco,8211,000000008211.jpg,62,chair,chair,False,2,19,0.0593418143689632,310.9159,191.2906,380.1841,343.178,0.4794460833072662,False,True
coco:8211:62:252,coco,8211,000000008211.jpg,62,chair,chair,False,2,20,0.0585272908210754,423.3183,332.3565,437.0778,345.1333,0.051690474152565,False,True
coco:8211:62:252,coco,8211,000000008211.jpg,62,chair,chair,False,2,21,0.0578504763543605,547.6626,188.9829,553.4728,214.5063,0.0,False,True
coco:8211:62:252,coco,8211,000000008211.jpg,62,chair,chair,False,2,22,0.0574717186391353,549.839,187.0417,569.5035,215.6793,0.0,False,True
coco:8211:62:252,coco,8211,000000008211.jpg,62,chair,chair,False,2,23,0.0558423176407814,437.7751,284.3653,448.88,325.6943,0.2144308984279632,False,True
coco:8211:62:252,coco,8211,000000008211.jpg,62,chair,chair,False,2,24,0.0545131415128707,310.3637,186.8624,374.7615,256.6042,0.0320023819804191,False,True
coco:8211:62:252,coco,8211,000000008211.jpg,62,chair,chair,False,2,25,0.0532321296632289,325.8508,191.5693,374.8157,250.2233,0.0,False,True
coco:8211:62:252,coco,8211,000000008211.jpg,62,chair,chair,False,2,26,0.0518520288169384,325.9779,224.9879,344.0025,249.287,0.0,False,True
coco:9891:33:297,coco,9891,000000009891.jpg,33,suitcase,suitcase,False,2,0,0.5348860025405884,418.2625,244.349,493.4267,340.188,0.8625878095626831,True,False
coco:9891:33:297,coco,9891,000000009891.jpg,33,suitcase,suitcase,False,2,1,0.47169229388237,173.8766,242.8163,311.4941,401.2592,0.9494063258171082,True,False
coco:9891:33:297,coco,9891,000000009891.jpg,33,suitcase,suitcase,False,2,2,0.4121009707450866,417.4624,292.4371,490.6283,379.1027,0.3999201953411102,False,True
coco:9891:33:297,coco,9891,000000009891.jpg,33,suitcase,suitcase,False,2,3,0.3125086724758148,333.5889,310.8691,378.2348,372.4966,0.0,False,True
coco:9891:33:297,coco,9891,000000009891.jpg,33,suitcase,suitcase,False,2,4,0.2760443985462188,159.0016,283.1341,194.3713,357.1607,0.0631609112024307,False,True
coco:9891:33:297,coco,9891,000000009891.jpg,33,suitcase,suitcase,False,2,5,0.2749896645545959,159.1932,242.273,273.8251,353.084,0.4501963257789612,False,True
coco:9891:33:297,coco,9891,000000009891.jpg,33,suitcase,suitcase,False,2,6,0.2609157860279083,362.9303,291.7985,428.5513,372.9669,0.061374332755804,False,True
coco:9891:33:297,coco,9891,000000009891.jpg,33,suitcase,suitcase,False,2,7,0.2092156708240509,377.5578,299.6146,419.1978,371.8202,0.0192570891231298,False,True
coco:9891:33:297,coco,9891,000000009891.jpg,33,suitcase,suitcase,False,2,8,0.1958843469619751,338.9105,285.5475,419.8488,372.25,0.0210132393985986,False,True
coco:9891:33:297,coco,9891,000000009891.jpg,33,suitcase,suitcase,False,2,9,0.193450927734375,33.3842,185.2345,212.9963,457.9672,0.095059648156166,False,True
coco:9891:33:297,coco,9891,000000009891.jpg,33,suitcase,suitcase,False,2,10,0.1689409464597702,73.8362,197.4511,112.7794,267.809,0.0,False,True
coco:9891:33:297,coco,9891,000000009891.jpg,33,suitcase,suitcase,False,2,11,0.1649741530418396,175.5431,242.386,273.2376,294.8367,0.2211277782917022,False,True
coco:9891:33:297,coco,9891,000000009891.jpg,33,suitcase,suitcase,False,2,12,0.1647506952285766,339.645,285.6656,369.2103,318.5186,0.0,False,True
coco:9891:33:297,coco,9891,000000009891.jpg,33,suitcase,suitcase,False,2,13,0.1637643426656723,296.6295,310.1629,378.5088,372.4814,0.0335119999945163,False,True
coco:9891:33:297,coco,9891,000000009891.jpg,33,suitcase,suitcase,False,2,14,0.1525349766016006,158.9836,295.1183,184.6003,352.3324,0.0248033124953508,False,True
coco:9891:33:297,coco,9891,000000009891.jpg,33,suitcase,suitcase,False,2,15,0.1496412903070449,333.9171,286.0686,378.862,372.4181,0.0,False,True
coco:9891:33:297,coco,9891,000000009891.jpg,33,suitcase,suitcase,False,2,16,0.1358621418476104,52.6717,196.7275,125.9134,271.7801,0.0,False,True
coco:9891:33:297,coco,9891,000000009891.jpg,33,suitcase,suitcase,False,2,17,0.1332166641950607,360.1821,290.3754,400.5166,325.5924,0.0,False,True
coco:9891:33:297,coco,9891,000000009891.jpg,33,suitcase,suitcase,False,2,18,0.1307286471128463,73.3819,197.8405,143.5714,267.9077,0.0,False,True
coco:9891:33:297,coco,9891,000000009891.jpg,33,suitcase,suitcase,False,2,19,0.1307264566421508,74.067,197.896,126.8912,223.74,0.0,False,True
coco:9891:33:297,coco,9891,000000009891.jpg,33,suitcase,suitcase,False,2,20,0.1298834681510925,159.0547,282.9815,231.1436,354.1003,0.1747182607650756,False,True
coco:9891:33:297,coco,9891,000000009891.jpg,33,suitcase,suitcase,False,2,21,0.1256361305713653,265.4431,302.7072,311.2598,403.8318,0.2086966186761856,False,True
coco:9891:33:297,coco,9891,000000009891.jpg,33,suitcase,suitcase,False,2,22,0.1095465347170829,340.3457,285.4712,398.965,323.9361,0.0,False,True
coco:9891:33:297,coco,9891,000000009891.jpg,33,suitcase,suitcase,False,2,23,0.1043258234858512,75.4758,243.0302,104.5483,268.2522,0.0,False,True
coco:9891:33:297,coco,9891,000000009891.jpg,33,suitcase,suitcase,False,2,24,0.1040352955460548,44.9709,179.8456,114.6573,272.4485,0.0,False,True
coco:9891:33:297,coco,9891,000000009891.jpg,33,suitcase,suitcase,False,2,25,0.1020626649260521,175.67,242.3265,297.157,331.0831,0.4729659259319305,False,True
coco:9891:33:297,coco,9891,000000009891.jpg,33,suitcase,suitcase,False,2,26,0.0953587144613266,176.2131,286.7401,266.6229,400.7101,0.4717201888561249,False,True
coco:9891:33:297,coco,9891,000000009891.jpg,33,suitcase,suitcase,False,2,27,0.094621255993843,213.5412,242.3029,273.8785,290.8823,0.1262648105621338,False,True
coco:9891:33:297,coco,9891,000000009891.jpg,33,suitcase,suitcase,False,2,28,0.0944071933627128,268.6737,240.7877,299.7697,323.515,0.1113422289490699,False,True
coco:9891:33:297,coco,9891,000000009891.jpg,33,suitcase,suitcase,False,2,29,0.092279203236103,158.9784,135.5438,188.5252,158.266,0.0,False,True
coco:9891:33:297,coco,9891,000000009891.jpg,33,suitcase,suitcase,False,2,30,0.0864108353853225,159.1046,254.7343,229.7694,358.4782,0.2432913929224014,False,True
coco:9891:33:297,coco,9891,000000009891.jpg,33,suitcase,suitcase,False,2,31,0.0852269902825355,337.1924,285.8767,369.8771,331.2183,0.0,False,True
coco:9891:33:297,coco,9891,000000009891.jpg,33,suitcase,suitcase,False,2,32,0.0834758058190345,117.4353,200.2486,146.457,264.7885,0.0,False,True
coco:9891:33:297,coco,9891,000000009891.jpg,33,suitcase,suitcase,False,2,33,0.0780204534530639,175.5183,254.1895,230.2251,292.8704,0.0968761518597602,False,True
coco:9891:33:297,coco,9891,000000009891.jpg,33,suitcase,suitcase,False,2,34,0.0771083012223243,232.1339,167.4571,261.767,218.9912,0.0,False,True
coco:9891:33:297,coco,9891,000000009891.jpg,33,suitcase,suitcase,False,2,35,0.0765089765191078,212.9062,242.1118,299.623,326.7213,0.3215273022651672,False,True
coco:9891:33:297,coco,9891,000000009891.jpg,33,suitcase,suitcase,False,2,36,0.0754271820187568,75.2467,241.2811,141.3535,270.1644,0.0,False,True
coco:9891:33:297,coco,9891,000000009891.jpg,33,suitcase,suitcase,False,2,37,0.07304547727108,175.3021,269.6903,194.201,289.0479,0.0167480930685997,False,True
coco:9891:33:297,coco,9891,000000009891.jpg,33,suitcase,suitcase,False,2,38,0.0723243281245231,362.0173,291.0256,415.7095,337.1265,0.003386098658666,False,True
coco:9891:33:297,coco,9891,000000009891.jpg,33,suitcase,suitcase,False,2,39,0.0711102783679962,45.602,179.4819,114.2843,226.3109,0.0,False,True
coco:9891:33:297,coco,9891,000000009891.jpg,33,suitcase,suitcase,False,2,40,0.0694558471441268,66.1492,241.575,147.9991,343.7812,0.0,False,True
coco:9891:33:297,coco,9891,000000009891.jpg,33,suitcase,suitcase,False,2,41,0.0675187185406684,159.1105,242.5235,273.3112,310.267,0.2787633240222931,False,True
coco:9891:33:297,coco,9891,000000009891.jpg,33,suitcase,suitcase,False,2,42,0.0672900602221489,53.3269,193.336,105.4763,226.131,0.0,False,True
coco:9891:33:297,coco,9891,000000009891.jpg,33,suitcase,suitcase,False,2,43,0.0665387734770774,418.4163,245.4661,455.1713,304.1073,0.2636866569519043,False,True
coco:9891:33:297,coco,9891,000000009891.jpg,33,suitcase,suitcase,False,2,44,0.0662100464105606,45.7587,198.5045,157.1452,344.2402,0.0,False,True
coco:9891:33:297,coco,9891,000000009891.jpg,33,suitcase,suitcase,False,2,45,0.0661606714129448,323.5638,164.3305,362.8943,230.8954,0.0,False,True
coco:9891:33:297,coco,9891,000000009891.jpg,33,suitcase,suitcase,False,2,46,0.0661386549472808,337.4074,309.9902,362.8046,331.3146,0.0,False,True
coco:9891:33:297,coco,9891,000000009891.jpg,33,suitcase,suitcase,False,2,47,0.0613699182868003,48.244,224.4054,104.2053,272.1834,0.0,False,True
coco:9891:33:297,coco,9891,000000009891.jpg,33,suitcase,suitcase,False,2,48,0.0608074329793453,403.3091,331.347,429.9529,373.3002,0.029568487778306,False,True
coco:9891:33:297,coco,9891,000000009891.jpg,33,suitcase,suitcase,False,2,49,0.060778722167015,53.5523,194.1121,126.0197,225.9408,0.0,False,True
coco:9891:33:297,coco,9891,000000009891.jpg,33,suitcase,suitcase,False,2,50,0.0603547692298889,138.2543,203.5584,165.1919,258.3821,0.0,False,True
coco:9891:33:297,coco,9891,000000009891.jpg,33,suitcase,suitcase,False,2,51,0.0591776557266712,359.5578,290.8802,399.8236,368.5585,0.0,False,True
coco:9891:33:297,coco,9891,000000009891.jpg,33,suitcase,suitcase,False,2,52,0.0585635863244533,159.2826,281.4285,275.3047,353.6874,0.3164884746074676,False,True
coco:9891:33:297,coco,9891,000000009891.jpg,33,suitcase,suitcase,False,2,53,0.0580552294850349,74.5827,197.6816,107.784,213.9719,0.0,False,True
coco:9891:33:297,coco,9891,000000009891.jpg,33,suitcase,suitcase,False,2,54,0.0557720102369785,418.5102,276.6099,446.754,304.7745,0.0973187461495399,False,True
coco:9891:33:297,coco,9891,000000009891.jpg,33,suitcase,suitcase,False,2,55,0.0530842915177345,138.5776,203.1776,173.1714,288.4916,0.0,False,True
coco:9891:33:297,coco,9891,000000009891.jpg,33,suitcase,suitcase,False,2,56,0.0526066906750202,138.1596,240.2673,172.9249,288.0578,0.0,False,True
coco:9891:33:297,coco,9891,000000009891.jpg,33,suitcase,suitcase,False,2,57,0.0514922551810741,116.6237,199.7036,146.5881,220.7018,0.0,False,True
coco:9891:33:297,coco,9891,000000009891.jpg,33,suitcase,suitcase,False,2,58,0.0508751235902309,68.9315,126.3396,101.3716,166.6705,0.0,False,True
coco:9891:33:297,coco,9891,000000009891.jpg,33,suitcase,suitcase,False,2,59,0.0505387037992477,71.4808,197.6061,187.8228,355.8868,0.0374348312616348,False,True
coco:9891:33:297,coco,9891,000000009891.jpg,33,suitcase,suitcase,False,2,60,0.0502096787095069,242.1413,286.2866,311.3536,399.4045,0.3534891903400421,False,True
coco:9891:33:297,coco,9891,000000009891.jpg,33,suitcase,suitcase,False,2,61,0.0500078164041042,295.7247,285.8031,369.2417,336.3542,0.0304164886474609,False,True
coco:10707:27:312,coco,10707,000000010707.jpg,27,backpack,backpack,False,1,0,0.379611611366272,75.9996,323.5967,179.225,448.1639,0.8225293755531311,True,False
coco:10707:27:312,coco,10707,000000010707.jpg,27,backpack,backpack,False,1,1,0.2908191382884979,88.8335,323.8525,164.3557,423.4426,0.6534455418586731,True,False
coco:10707:27:312,coco,10707,000000010707.jpg,27,backpack,backpack,False,1,2,0.1133063808083534,89.9173,324.0101,162.6407,387.086,0.405410498380661,False,True
coco:10707:27:312,coco,10707,000000010707.jpg,27,backpack,backpack,False,1,3,0.0741552636027336,67.4563,229.6045,247.4709,323.0595,0.0,False,True
coco:10707:27:312,coco,10707,000000010707.jpg,27,backpack,backpack,False,1,4,0.0592030882835388,90.951,324.5764,161.0643,369.8701,0.2806699573993683,False,True
coco:10707:27:312,coco,10707,000000010707.jpg,27,backpack,backpack,False,1,5,0.0591546148061752,171.3449,447.9974,245.2335,479.6286,0.0,False,True
coco:10707:27:312,coco,10707,000000010707.jpg,27,backpack,backpack,False,1,6,0.0551573224365711,67.451,229.2945,199.6081,366.4816,0.1500323563814163,False,True
coco:10707:27:312,coco,10707,000000010707.jpg,27,backpack,backpack,False,1,7,0.0536341406404972,66.8298,229.0896,199.0851,447.0953,0.3793353736400604,False,True
coco:10707:27:312,coco,10707,000000010707.jpg,27,backpack,backpack,False,1,8,0.0502429939806461,67.161,186.3644,274.2781,324.5093,0.0023302480112761,False,True
coco:10707:3:313,coco,10707,000000010707.jpg,3,car,car,True,0,0,0.3805494308471679,0.1026,122.8038,62.0407,164.0966,0.0,False,True
coco:10707:3:313,coco,10707,000000010707.jpg,3,car,car,True,0,1,0.2038693279027938,0.1884,122.4505,63.0468,192.275,0.0,False,True
coco:10707:3:313,coco,10707,000000010707.jpg,3,car,car,True,0,2,0.1910261511802673,0.1983,122.4284,84.5026,197.367,0.0,False,True
coco:10707:3:313,coco,10707,000000010707.jpg,3,car,car,True,0,3,0.1811923235654831,0.2698,162.2807,90.7852,221.7878,0.0,False,True
coco:10707:3:313,coco,10707,000000010707.jpg,3,car,car,True,0,4,0.1719931364059448,454.5068,201.8103,479.8147,243.8271,0.0,False,True
coco:10707:3:313,coco,10707,000000010707.jpg,3,car,car,True,0,5,0.1648031026124954,0.2017,76.806,51.7417,112.5155,0.0,False,True
coco:10707:3:313,coco,10707,000000010707.jpg,3,car,car,True,0,6,0.1589735150337219,25.9095,163.262,86.5687,197.4128,0.0,False,True
coco:10707:3:313,coco,10707,000000010707.jpg,3,car,car,True,0,7,0.1523446142673492,0.3747,73.0279,80.8677,116.4507,0.0,False,True
coco:10707:3:313,coco,10707,000000010707.jpg,3,car,car,True,0,8,0.151134192943573,0.1554,122.4062,95.0133,221.6589,0.0,False,True
coco:10707:3:313,coco,10707,000000010707.jpg,3,car,car,True,0,9,0.1347176432609558,0.3058,69.1992,104.8911,222.6646,0.0,False,True
coco:10707:3:313,coco,10707,000000010707.jpg,3,car,car,True,0,10,0.1152145490050315,0.1072,77.5056,26.0087,110.0169,0.0,False,True
coco:10707:3:313,coco,10707,000000010707.jpg,3,car,car,True,0,11,0.1055915877223014,2.0171,162.4245,86.2094,198.0293,0.0,False,True
coco:10707:3:313,coco,10707,000000010707.jpg,3,car,car,True,0,12,0.1047092080116272,50.4358,87.6195,80.8259,116.411,0.0,False,True
coco:10707:3:313,coco,10707,000000010707.jpg,3,car,car,True,0,13,0.0980511903762817,454.7827,202.008,479.4975,223.4704,0.0,False,True
coco:10707:3:313,coco,10707,000000010707.jpg,3,car,car,True,0,14,0.0936230421066284,21.6933,80.0875,52.0645,111.7353,0.0,False,True
coco:10707:3:313,coco,10707,000000010707.jpg,3,car,car,True,0,15,0.0909499078989029,21.496,71.2081,101.0235,116.9651,0.0,False,True
coco:10707:3:313,coco,10707,000000010707.jpg,3,car,car,True,0,16,0.0830901712179184,25.5883,151.5681,106.174,198.1846,0.0,False,True
coco:10707:3:313,coco,10707,000000010707.jpg,3,car,car,True,0,17,0.0824609026312828,0.2086,76.7648,62.5987,163.9194,0.0,False,True
coco:10707:3:313,coco,10707,000000010707.jpg,3,car,car,True,0,18,0.0806636363267898,22.8021,85.3741,80.1895,115.894,0.0,False,True
coco:10707:3:313,coco,10707,000000010707.jpg,3,car,car,True,0,19,0.0791477560997009,0.0871,184.2201,23.5274,205.4212,0.0,False,True
coco:10707:3:313,coco,10707,000000010707.jpg,3,car,car,True,0,20,0.0746589004993438,0.247,59.3004,54.2374,113.6071,0.0,False,True
coco:10707:3:313,coco,10707,000000010707.jpg,3,car,car,True,0,21,0.0722895413637161,49.9605,86.9397,100.1748,116.7091,0.0,False,True
coco:10707:3:313,coco,10707,000000010707.jpg,3,car,car,True,0,22,0.070591039955616,406.1324,200.8067,479.6755,244.8542,0.0,False,True
coco:10707:3:313,coco,10707,000000010707.jpg,3,car,car,True,0,23,0.0636730343103408,49.2885,72.1413,81.3173,116.3377,0.0,False,True
coco:10707:3:313,coco,10707,000000010707.jpg,3,car,car,True,0,24,0.0633067786693573,0.1118,184.0288,23.7859,220.8312,0.0,False,True
coco:10707:3:313,coco,10707,000000010707.jpg,3,car,car,True,0,25,0.0627182498574256,0.0725,123.1218,56.0173,143.137,0.0,False,True
coco:10707:3:313,coco,10707,000000010707.jpg,3,car,car,True,0,26,0.060312882065773,0.1403,0.7599,105.9514,226.7542,0.0,False,True
coco:10707:3:313,coco,10707,000000010707.jpg,3,car,car,True,0,27,0.0580657720565795,0.3695,61.1427,102.4367,154.8822,0.0,False,True
coco:10707:3:313,coco,10707,000000010707.jpg,3,car,car,True,0,28,0.0561127103865146,0.5517,199.1065,275.9344,425.3344,0.0,False,True
coco:10707:3:313,coco,10707,000000010707.jpg,3,car,car,True,0,29,0.0528497360646724,27.0242,172.8735,63.1355,196.6242,0.0,False,True
coco:10707:3:313,coco,10707,000000010707.jpg,3,car,car,True,0,30,0.0515917502343654,0.8197,198.2713,479.3284,425.1287,0.0,False,True
coco:10707:53:314,coco,10707,000000010707.jpg,53,apple,apple,True,0,0,0.1031782925128936,429.0371,47.5323,450.6395,109.223,0.0,False,True
coco:10707:53:314,coco,10707,000000010707.jpg,53,apple,apple,True,0,1,0.0698826685547828,429.9588,55.2321,447.1797,81.493,0.0,False,True
coco:10707:53:314,coco,10707,000000010707.jpg,53,apple,apple,True,0,2,0.0616283304989337,430.7069,47.4953,450.2934,82.1256,0.0,False,True
coco:10707:53:314,coco,10707,000000010707.jpg,53,apple,apple,True,0,3,0.0604718402028083,259.8129,282.1835,299.2723,316.6255,0.0,False,True
coco:10707:53:314,coco,10707,000000010707.jpg,53,apple,apple,True,0,4,0.054840188473463,287.553,246.5343,304.7719,272.4682,0.0,False,True
coco:10707:53:314,coco,10707,000000010707.jpg,53,apple,apple,True,0,5,0.0515146814286708,259.3294,281.2046,313.8679,356.4103,0.0,False,True
coco:11511:1:336,coco,11511,000000011511.jpg,1,person,person,False,4,0,0.7974392771720886,319.8374,19.6244,464.9922,362.17,0.0,False,True
coco:11511:1:336,coco,11511,000000011511.jpg,1,person,person,False,4,1,0.7666170597076416,224.0215,25.976,402.5245,353.4415,0.0,False,True
coco:11511:1:336,coco,11511,000000011511.jpg,1,person,person,False,4,2,0.7268173694610596,88.9953,39.4491,130.8853,190.193,0.941843032836914,True,False
coco:11511:1:336,coco,11511,000000011511.jpg,1,person,person,False,4,3,0.6948001384735107,139.3731,32.6969,190.753,172.733,0.9753701090812684,True,False
coco:11511:1:336,coco,11511,000000011511.jpg,1,person,person,False,4,4,0.6853503584861755,38.5074,51.1266,85.4569,190.9012,0.8891984820365906,True,False
coco:11511:1:336,coco,11511,000000011511.jpg,1,person,person,False,4,5,0.6589413285255432,6.1656,74.5533,61.0409,214.9852,0.7634715437889099,True,False
coco:11511:1:336,coco,11511,000000011511.jpg,1,person,person,False,4,6,0.2353582829236984,0.4428,81.0211,28.8187,212.2304,0.3573865294456482,False,True
coco:11511:1:336,coco,11511,000000011511.jpg,1,person,person,False,4,7,0.2267683893442154,88.7136,67.3281,107.0728,172.8074,0.2851691246032715,False,True
coco:11511:1:336,coco,11511,000000011511.jpg,1,person,person,False,4,8,0.1464153528213501,88.9127,44.8896,112.3828,173.9266,0.4586779177188873,False,True
coco:11511:1:336,coco,11511,000000011511.jpg,1,person,person,False,4,9,0.1413768529891967,0.7469,137.3595,27.6339,212.2529,0.1965685933828354,False,True
coco:11511:1:336,coco,11511,000000011511.jpg,1,person,person,False,4,10,0.1401373893022537,10.024,78.207,49.3347,205.8028,0.5013091564178467,True,False
coco:11511:1:336,coco,11511,000000011511.jpg,1,person,person,False,4,11,0.0910213664174079,485.0061,62.0759,515.1401,97.4686,0.0,False,True
coco:11511:1:336,coco,11511,000000011511.jpg,1,person,person,False,4,12,0.0908231735229492,0.1645,81.8985,15.3947,212.5749,0.181848794221878,False,True
coco:11511:1:336,coco,11511,000000011511.jpg,1,person,person,False,4,13,0.0722348988056182,310.9059,89.0129,433.2477,367.6774,0.0,False,True
coco:11511:1:336,coco,11511,000000011511.jpg,1,person,person,False,4,14,0.0674053430557251,90.6746,71.1772,129.8454,181.7512,0.7203316688537598,True,False
coco:11511:1:336,coco,11511,000000011511.jpg,1,person,person,False,4,15,0.0669796913862228,497.6044,49.6631,530.9022,99.7566,0.0,False,True
coco:11511:1:336,coco,11511,000000011511.jpg,1,person,person,False,4,16,0.064093142747879,159.7157,34.8078,190.3768,171.6447,0.5795482397079468,True,False
coco:11511:1:336,coco,11511,000000011511.jpg,1,person,person,False,4,17,0.06358552724123,89.0989,74.5346,97.9095,104.4699,0.0374021157622337,False,True
coco:11511:1:336,coco,11511,000000011511.jpg,1,person,person,False,4,18,0.0634203925728797,10.3803,87.2677,50.2605,152.2244,0.2589049935340881,False,True
coco:11511:1:336,coco,11511,000000011511.jpg,1,person,person,False,4,19,0.0615746118128299,0.4276,140.5066,15.8038,211.8118,0.1029575243592262,False,True
coco:11511:1:336,coco,11511,000000011511.jpg,1,person,person,False,4,20,0.0609299950301647,496.9974,62.991,515.0742,94.1626,0.0,False,True
coco:11511:1:336,coco,11511,000000011511.jpg,1,person,person,False,4,21,0.057823222130537,309.7531,98.1111,357.3412,207.0322,0.0,False,True
coco:11511:1:336,coco,11511,000000011511.jpg,1,person,person,False,4,22,0.0525516644120216,309.321,81.9514,331.7755,158.3074,0.0,False,True
coco:11511:1:336,coco,11511,000000011511.jpg,1,person,person,False,4,23,0.0508057922124862,378.1429,254.7405,433.5824,368.912,0.0,False,True
coco:11511:14:337,coco,11511,000000011511.jpg,14,parking meter,parking meter,True,0,0,0.236559122800827,142.6504,21.2406,181.4858,241.1853,0.0,False,True
coco:11511:14:337,coco,11511,000000011511.jpg,14,parking meter,parking meter,True,0,1,0.1199419945478439,484.2016,0.2284,503.869,149.9106,0.0,False,True
coco:11511:14:337,coco,11511,000000011511.jpg,14,parking meter,parking meter,True,0,2,0.1061665564775466,477.9367,0.2067,528.7554,150.0518,0.0,False,True
coco:11511:14:337,coco,11511,000000011511.jpg,14,parking meter,parking meter,True,0,3,0.1036995351314544,125.5967,0.4486,187.5193,242.1371,0.0,False,True
coco:11511:14:337,coco,11511,000000011511.jpg,14,parking meter,parking meter,True,0,4,0.0973243787884712,316.2674,19.9051,465.4169,368.2691,0.0,False,True
coco:11511:14:337,coco,11511,000000011511.jpg,14,parking meter,parking meter,True,0,5,0.0879460796713829,485.5712,43.3157,531.4455,149.2816,0.0,False,True
coco:11511:14:337,coco,11511,000000011511.jpg,14,parking meter,parking meter,True,0,6,0.0834926813840866,486.4658,26.1853,501.7385,149.0825,0.0,False,True
coco:11511:14:337,coco,11511,000000011511.jpg,14,parking meter,parking meter,True,0,7,0.0759849846363067,497.8531,48.9245,531.3067,99.7285,0.0,False,True
coco:11511:14:337,coco,11511,000000011511.jpg,14,parking meter,parking meter,True,0,8,0.0724208652973175,447.9504,260.4432,515.6191,365.3023,0.0,False,True
coco:11511:14:337,coco,11511,000000011511.jpg,14,parking meter,parking meter,True,0,9,0.0697972327470779,90.4101,0.2003,186.9456,241.311,0.0,False,True
coco:11511:14:337,coco,11511,000000011511.jpg,14,parking meter,parking meter,True,0,10,0.06821109354496,223.6993,25.5548,399.6918,368.9559,0.0,False,True
coco:11511:14:337,coco,11511,000000011511.jpg,14,parking meter,parking meter,True,0,11,0.0581284016370773,281.4666,347.4,400.2146,437.177,0.0,False,True
coco:11511:14:337,coco,11511,000000011511.jpg,14,parking meter,parking meter,True,0,12,0.0560246035456657,446.4923,-0.0724,536.5189,150.2763,0.0,False,True
coco:11511:24:338,coco,11511,000000011511.jpg,24,zebra,zebra,True,0,0,0.1348171234130859,317.8932,19.9104,465.3046,367.5079,0.0,False,True
coco:11511:24:338,coco,11511,000000011511.jpg,24,zebra,zebra,True,0,1,0.1172784194350242,223.9193,25.7087,400.5428,367.5381,0.0,False,True
coco:11511:24:338,coco,11511,000000011511.jpg,24,zebra,zebra,True,0,2,0.0666547939181327,281.8939,347.2942,399.8236,436.927,0.0,False,True
coco:11511:24:338,coco,11511,000000011511.jpg,24,zebra,zebra,True,0,3,0.0605201981961727,448.3354,260.4704,515.5096,365.1814,0.0,False,True
coco:11813:62:348,coco,11813,000000011813.jpg,62,chair,chair,False,1,0,0.5645812749862671,0.2229,332.3519,168.8295,499.3473,0.1922504156827926,False,True
coco:11813:62:348,coco,11813,000000011813.jpg,62,chair,chair,False,1,1,0.2064932584762573,217.9374,240.1564,332.7783,499.0109,0.0,False,True
coco:11813:62:348,coco,11813,000000011813.jpg,62,chair,chair,False,1,2,0.1905703395605087,250.363,292.9634,332.487,499.208,0.0,False,True
coco:11813:62:348,coco,11813,000000011813.jpg,62,chair,chair,False,1,3,0.1747183799743652,242.7894,292.7134,332.6271,442.2778,0.0,False,True
coco:11813:62:348,coco,11813,000000011813.jpg,62,chair,chair,False,1,4,0.1481508165597915,0.5316,272.6949,304.1779,499.267,0.0786814093589782,False,True
coco:11813:62:348,coco,11813,000000011813.jpg,62,chair,chair,False,1,5,0.1411541402339935,0.1051,471.8829,26.2703,499.4888,0.0,False,True
coco:11813:62:348,coco,11813,000000011813.jpg,62,chair,chair,False,1,6,0.1381236910820007,0.1735,332.505,91.2826,398.7372,0.8389468193054199,True,False
coco:11813:62:348,coco,11813,000000011813.jpg,62,chair,chair,False,1,7,0.1271559447050094,0.1704,332.2592,92.3955,499.335,0.3403179347515106,False,True
coco:11813:62:348,coco,11813,000000011813.jpg,62,chair,chair,False,1,8,0.1194487586617469,0.3213,385.3397,170.2939,499.1713,0.0200953092426061,False,True
coco:11813:62:348,coco,11813,000000011813.jpg,62,chair,chair,False,1,9,0.1146371364593505,260.6935,361.1466,332.4984,499.1869,0.0,False,True
coco:11813:62:348,coco,11813,000000011813.jpg,62,chair,chair,False,1,10,0.0883625671267509,0.6988,69.1848,304.1417,499.7446,0.0414320155978202,False,True
coco:11813:62:348,coco,11813,000000011813.jpg,62,chair,chair,False,1,11,0.0863818228244781,0.2362,458.087,149.1362,499.2032,0.0,False,True
coco:11813:62:348,coco,11813,000000011813.jpg,62,chair,chair,False,1,12,0.0814563855528831,136.3415,69.8577,303.6989,499.6991,0.0,False,True
coco:11813:62:348,coco,11813,000000011813.jpg,62,chair,chair,False,1,13,0.0764833614230156,136.8494,273.4836,304.3507,499.561,0.0,False,True
coco:11813:62:348,coco,11813,000000011813.jpg,62,chair,chair,False,1,14,0.0683707818388938,216.5193,70.5807,332.3747,499.2908,0.0,False,True
coco:11813:62:348,coco,11813,000000011813.jpg,62,chair,chair,False,1,15,0.058714859187603,273.1198,289.3863,332.5667,441.3091,0.0,False,True
coco:11813:62:348,coco,11813,000000011813.jpg,62,chair,chair,False,1,16,0.0578348226845264,216.9944,272.7969,332.4865,442.8727,0.0,False,True
coco:11813:62:348,coco,11813,000000011813.jpg,62,chair,chair,False,1,17,0.0574567057192325,262.282,361.7234,332.3369,442.4562,0.0,False,True
coco:11813:62:348,coco,11813,000000011813.jpg,62,chair,chair,False,1,18,0.0543357729911804,103.6545,208.9856,127.2543,279.0395,0.0,False,True
coco:11813:62:348,coco,11813,000000011813.jpg,62,chair,chair,False,1,19,0.0533954985439777,0.5589,227.2358,230.9337,499.4778,0.0863091349601745,False,True
coco:11813:62:348,coco,11813,000000011813.jpg,62,chair,chair,False,1,20,0.0516227111220359,283.7163,362.3023,331.6564,441.4255,0.0,False,True
coco:11813:4:349,coco,11813,000000011813.jpg,4,motorcycle,motorcycle,True,0,0,0.2119054049253463,0.715,67.4696,330.4847,499.0477,0.0,False,True
coco:11813:4:349,coco,11813,000000011813.jpg,4,motorcycle,motorcycle,True,0,1,0.103897325694561,0.6032,331.8196,152.0546,499.1067,0.0,False,True
coco:11813:4:349,coco,11813,000000011813.jpg,4,motorcycle,motorcycle,True,0,2,0.0905363038182258,0.7721,271.1863,305.1352,499.0234,0.0,False,True
coco:11813:4:349,coco,11813,000000011813.jpg,4,motorcycle,motorcycle,True,0,3,0.0742126628756523,128.0545,69.7451,304.4519,499.1337,0.0,False,True
coco:11813:63:350,coco,11813,000000011813.jpg,63,couch,couch,True,0,0,0.2203795909881591,0.2861,332.1074,149.3891,499.1962,0.0,False,True
coco:11813:63:350,coco,11813,000000011813.jpg,63,couch,couch,True,0,1,0.2116180658340454,232.6477,239.3231,332.6882,498.3755,0.0,False,True
coco:11813:63:350,coco,11813,000000011813.jpg,63,couch,couch,True,0,2,0.1463077217340469,143.3434,225.2456,234.7778,350.3728,0.0,False,True
coco:11813:63:350,coco,11813,000000011813.jpg,63,couch,couch,True,0,3,0.088398203253746,0.3401,332.3185,91.1548,399.2479,0.0,False,True
coco:11813:63:350,coco,11813,000000011813.jpg,63,couch,couch,True,0,4,0.0793647542595863,251.7733,317.2116,332.5596,498.5667,0.0,False,True
coco:11813:63:350,coco,11813,000000011813.jpg,63,couch,couch,True,0,5,0.0771415457129478,0.3004,332.3448,92.4939,498.8811,0.0,False,True
coco:11813:63:350,coco,11813,000000011813.jpg,63,couch,couch,True,0,6,0.068458691239357,0.7303,50.1506,152.7556,365.0678,0.0,False,True
coco:11813:63:350,coco,11813,000000011813.jpg,63,couch,couch,True,0,7,0.0643216073513031,234.3119,239.437,332.4007,343.2278,0.0,False,True
coco:11813:63:350,coco,11813,000000011813.jpg,63,couch,couch,True,0,8,0.0640903413295745,144.352,228.0845,332.4266,497.6703,0.0,False,True
coco:11813:63:350,coco,11813,000000011813.jpg,63,couch,couch,True,0,9,0.0582022592425346,252.1946,318.1034,332.3679,442.6314,0.0,False,True
coco:11813:63:350,coco,11813,000000011813.jpg,63,couch,couch,True,0,10,0.0549954213201999,237.6488,290.3592,332.5103,442.1013,0.0,False,True
coco:12062:20:351,coco,12062,000000012062.jpg,20,sheep,sheep,False,3,0,0.5371265411376953,128.9958,68.6095,566.9549,285.7635,0.9561052322387696,True,False
coco:12062:20:351,coco,12062,000000012062.jpg,20,sheep,sheep,False,3,1,0.5080267190933228,55.7275,244.1336,639.4908,426.4504,0.3482159078121185,False,True
coco:12062:20:351,coco,12062,000000012062.jpg,20,sheep,sheep,False,3,2,0.3565043807029724,407.6566,240.4647,639.7712,313.7808,0.099517598748207,False,True
coco:12062:20:351,coco,12062,000000012062.jpg,20,sheep,sheep,False,3,3,0.3524006605148315,55.7349,176.7899,274.2169,288.6537,0.356370598077774,False,True
coco:12062:20:351,coco,12062,000000012062.jpg,20,sheep,sheep,False,3,4,0.310358315706253,55.6421,241.3293,413.2206,426.6253,0.4128905832767486,False,True
coco:12062:20:351,coco,12062,000000012062.jpg,20,sheep,sheep,False,3,5,0.3035340309143066,602.3937,57.4588,639.5911,131.1113,0.0,False,True
coco:12062:20:351,coco,12062,000000012062.jpg,20,sheep,sheep,False,3,6,0.2667421400547027,407.7007,240.6604,639.5948,424.9726,0.574494481086731,True,False
coco:12062:20:351,coco,12062,000000012062.jpg,20,sheep,sheep,False,3,7,0.2256198227405548,407.6977,240.3725,639.4924,367.4251,0.3517610430717468,False,True
coco:12062:20:351,coco,12062,000000012062.jpg,20,sheep,sheep,False,3,8,0.2215141505002975,0.2842,170.7038,279.1936,324.0193,0.5822793841362,True,False
coco:12062:20:351,coco,12062,000000012062.jpg,20,sheep,sheep,False,3,9,0.2181194275617599,0.406,170.3123,280.0827,425.4674,0.9384590983390808,True,False
coco:12062:20:351,coco,12062,000000012062.jpg,20,sheep,sheep,False,3,10,0.1959572732448578,340.7339,275.8551,639.0107,426.2874,0.8228170871734619,True,False
coco:12062:20:351,coco,12062,000000012062.jpg,20,sheep,sheep,False,3,11,0.1525802910327911,85.8835,240.7842,411.0864,359.3831,0.2618587911128998,False,True
coco:12062:20:351,coco,12062,000000012062.jpg,20,sheep,sheep,False,3,12,0.1502364575862884,172.985,282.5497,456.7645,426.4773,0.2209605425596237,False,True
coco:12062:20:351,coco,12062,000000012062.jpg,20,sheep,sheep,False,3,13,0.1489478051662445,323.0387,282.9252,459.157,344.9649,0.151494026184082,False,True
coco:12062:20:351,coco,12062,000000012062.jpg,20,sheep,sheep,False,3,14,0.1484197825193405,166.5109,274.9145,638.3991,426.4378,0.5152570009231567,True,False
coco:12062:20:351,coco,12062,000000012062.jpg,20,sheep,sheep,False,3,15,0.1444944441318512,237.8665,241.0576,410.8087,307.2143,0.069067358970642,False,True
coco:12062:20:351,coco,12062,000000012062.jpg,20,sheep,sheep,False,3,16,0.1393583118915558,236.7509,241.5718,410.8939,336.1023,0.065165527164936,False,True
coco:12062:20:351,coco,12062,000000012062.jpg,20,sheep,sheep,False,3,17,0.1325809508562088,407.5793,240.4029,535.6231,308.0781,0.0526400245726108,False,True
coco:12062:20:351,coco,12062,000000012062.jpg,20,sheep,sheep,False,3,18,0.1274873614311218,56.3213,177.7962,197.9718,285.5474,0.2272482812404632,False,True
coco:12062:20:351,coco,12062,000000012062.jpg,20,sheep,sheep,False,3,19,0.1195659190416336,0.3723,177.4519,414.6952,426.0471,0.6380520462989807,True,False
coco:12062:20:351,coco,12062,000000012062.jpg,20,sheep,sheep,False,3,20,0.1134018152952194,324.4713,241.4393,639.5722,344.9536,0.2840163111686706,False,True
coco:12062:20:351,coco,12062,000000012062.jpg,20,sheep,sheep,False,3,21,0.0966270342469215,0.3509,177.8062,196.3972,324.4647,0.4280816912651062,False,True
coco:12062:20:351,coco,12062,000000012062.jpg,20,sheep,sheep,False,3,22,0.0932264253497123,407.3684,240.3782,513.3735,293.4163,0.0446399040520191,False,True
coco:12062:20:351,coco,12062,000000012062.jpg,20,sheep,sheep,False,3,23,0.0892713367938995,0.3,178.1695,158.0009,283.3887,0.24705271422863,False,True
coco:12062:20:351,coco,12062,000000012062.jpg,20,sheep,sheep,False,3,24,0.0842081233859062,0.4736,222.2983,271.3987,288.6131,0.2668614387512207,False,True
coco:12062:20:351,coco,12062,000000012062.jpg,20,sheep,sheep,False,3,25,0.0822876617312431,128.887,165.527,281.1207,287.5031,0.2301955372095108,False,True
coco:12062:20:351,coco,12062,000000012062.jpg,20,sheep,sheep,False,3,26,0.0814200043678283,1.0456,68.3502,567.6398,425.2666,0.4496437311172485,False,True
coco:12062:20:351,coco,12062,000000012062.jpg,20,sheep,sheep,False,3,27,0.0812886655330658,223.5507,225.2355,271.6176,287.7807,0.044053703546524,False,True
coco:12062:20:351,coco,12062,000000012062.jpg,20,sheep,sheep,False,3,28,0.0775699988007545,282.6951,242.3588,639.4379,426.3896,0.5641339421272278,True,False
coco:12062:20:351,coco,12062,000000012062.jpg,20,sheep,sheep,False,3,29,0.076615460216999,167.32,241.0454,413.2828,426.0903,0.2001326531171798,False,True
coco:12062:20:351,coco,12062,000000012062.jpg,20,sheep,sheep,False,3,30,0.0758164077997207,407.933,240.3047,580.8157,295.0598,0.0653938204050064,False,True
coco:12062:20:351,coco,12062,000000012062.jpg,20,sheep,sheep,False,3,31,0.0729188993573188,323.3939,241.8188,535.2996,343.0919,0.1964606344699859,False,True
coco:12062:20:351,coco,12062,000000012062.jpg,20,sheep,sheep,False,3,32,0.0725013837218284,0.1719,206.8885,130.8794,283.3394,0.1487797647714615,False,True
coco:12062:20:351,coco,12062,000000012062.jpg,20,sheep,sheep,False,3,33,0.0724023655056953,173.7416,334.5966,411.5529,426.5235,0.1060612574219703,False,True
coco:12062:20:351,coco,12062,000000012062.jpg,20,sheep,sheep,False,3,34,0.071349024772644,0.1742,228.3185,129.2375,325.8086,0.1873371452093124,False,True
coco:12062:20:351,coco,12062,000000012062.jpg,20,sheep,sheep,False,3,35,0.0713017284870147,602.3306,0.7358,639.6561,131.6327,0.0,False,True
coco:12062:20:351,coco,12062,000000012062.jpg,20,sheep,sheep,False,3,36,0.0703992322087287,55.4663,169.3428,278.4444,354.7228,0.5570680499076843,True,False
coco:12062:20:351,coco,12062,000000012062.jpg,20,sheep,sheep,False,3,37,0.0700316950678825,548.3453,395.7036,638.4972,426.6053,0.0539062544703483,False,True
coco:12062:20:351,coco,12062,000000012062.jpg,20,sheep,sheep,False,3,38,0.0682006850838661,0.277,228.4947,128.8165,284.0711,0.1063622906804084,False,True
coco:12062:20:351,coco,12062,000000012062.jpg,20,sheep,sheep,False,3,39,0.0645712688565254,0.1439,306.4233,95.2445,426.5933,0.1633608937263488,False,True
coco:12062:20:351,coco,12062,000000012062.jpg,20,sheep,sheep,False,3,40,0.0637418553233146,174.413,240.8681,410.8514,340.5556,0.1185642406344413,False,True
coco:12062:20:351,coco,12062,000000012062.jpg,20,sheep,sheep,False,3,41,0.0634116679430008,323.2359,299.21,440.6146,342.3523,0.1089622676372528,False,True
coco:12062:20:351,coco,12062,000000012062.jpg,20,sheep,sheep,False,3,42,0.0630037263035774,238.843,240.8058,639.2977,359.5094,0.3033278286457062,False,True
coco:12062:20:351,coco,12062,000000012062.jpg,20,sheep,sheep,False,3,43,0.0624131858348846,56.0149,177.8744,150.1358,235.4213,0.0806433334946632,False,True
coco:12062:20:351,coco,12062,000000012062.jpg,20,sheep,sheep,False,3,44,0.0602652542293071,437.3553,246.3776,536.2291,309.5224,0.039960041642189,False,True
coco:12062:20:351,coco,12062,000000012062.jpg,20,sheep,sheep,False,3,45,0.0595770440995693,309.3741,240.1938,410.1944,284.9948,0.0430875681340694,False,True
coco:12062:20:351,coco,12062,000000012062.jpg,20,sheep,sheep,False,3,46,0.0587447471916675,0.2974,178.2649,158.6705,425.962,0.5711304545402527,True,False
coco:12062:20:351,coco,12062,000000012062.jpg,20,sheep,sheep,False,3,47,0.0572451241314411,0.6581,176.8096,639.8394,426.0439,0.4146873950958252,False,True
coco:12062:20:351,coco,12062,000000012062.jpg,20,sheep,sheep,False,3,48,0.0561481229960918,0.2021,233.7111,58.9954,278.2509,0.0389885045588016,False,True
coco:12062:20:351,coco,12062,000000012062.jpg,20,sheep,sheep,False,3,49,0.0555164590477943,1.3131,239.1737,410.4385,342.188,0.3405728042125702,False,True
coco:12062:20:351,coco,12062,000000012062.jpg,20,sheep,sheep,False,3,50,0.0554422512650489,55.4091,260.2434,290.9377,426.462,0.4898853600025177,False,True
coco:12062:20:351,coco,12062,000000012062.jpg,20,sheep,sheep,False,3,51,0.0551548898220062,0.161,268.901,106.041,326.3329,0.0905372500419616,False,True
coco:12062:20:351,coco,12062,000000012062.jpg,20,sheep,sheep,False,3,52,0.0528138652443885,0.1802,230.9801,116.2805,426.3686,0.3287931382656097,False,True
coco:12062:20:351,coco,12062,000000012062.jpg,20,sheep,sheep,False,3,53,0.0521614104509353,56.4954,331.8736,416.1091,426.4016,0.2376395016908645,False,True
coco:12062:20:351,coco,12062,000000012062.jpg,20,sheep,sheep,False,3,54,0.0513789169490337,322.3279,282.5145,467.2676,426.0634,0.3630051910877228,False,True
coco:12062:20:351,coco,12062,000000012062.jpg,20,sheep,sheep,False,3,55,0.0502715557813644,-0.4425,169.9587,411.723,295.4036,0.3801849782466888,False,True
coco:12062:44:352,coco,12062,000000012062.jpg,44,bottle,bottle,True,0,0,0.286431610584259,602.2285,57.6675,639.6968,131.1718,0.0,False,True
coco:12062:44:352,coco,12062,000000012062.jpg,44,bottle,bottle,True,0,1,0.148137167096138,57.9626,176.0619,274.3524,289.4928,0.0,False,True
coco:12062:44:352,coco,12062,000000012062.jpg,44,bottle,bottle,True,0,2,0.1195152103900909,128.504,30.5652,185.7618,48.0075,0.0,False,True
coco:12062:44:352,coco,12062,000000012062.jpg,44,bottle,bottle,True,0,3,0.0905840992927551,128.4791,68.7081,566.3934,285.8048,0.0,False,True
coco:12062:44:352,coco,12062,000000012062.jpg,44,bottle,bottle,True,0,4,0.0809548199176788,57.6741,241.0922,410.901,425.8765,0.0,False,True
coco:12062:44:352,coco,12062,000000012062.jpg,44,bottle,bottle,True,0,5,0.0750625357031822,407.603,240.5335,639.4742,313.3918,0.0,False,True
coco:12062:44:352,coco,12062,000000012062.jpg,44,bottle,bottle,True,0,6,0.0692820027470588,0.8363,-0.1785,196.1368,126.0321,0.0,False,True
coco:12062:44:352,coco,12062,000000012062.jpg,44,bottle,bottle,True,0,7,0.0671456381678581,602.5063,57.7651,639.4738,102.2208,0.0,False,True
coco:12062:44:352,coco,12062,000000012062.jpg,44,bottle,bottle,True,0,8,0.0658566579222679,67.1875,206.141,88.0477,227.0772,0.0,False,True
coco:12062:44:352,coco,12062,000000012062.jpg,44,bottle,bottle,True,0,9,0.0622029192745685,58.7253,242.3103,639.2803,426.4656,0.0,False,True
coco:12062:44:352,coco,12062,000000012062.jpg,44,bottle,bottle,True,0,10,0.0564801357686519,58.1574,178.1629,198.1391,289.2665,0.0,False,True
coco:12062:44:352,coco,12062,000000012062.jpg,44,bottle,bottle,True,0,11,0.0561755895614624,85.7942,241.2031,410.8298,360.2979,0.0,False,True
coco:12062:44:352,coco,12062,000000012062.jpg,44,bottle,bottle,True,0,12,0.0557919740676879,34.5892,21.8981,186.7658,48.2611,0.0,False,True
coco:12062:54:353,coco,12062,000000012062.jpg,54,sandwich,sandwich,True,0,0,0.0956607609987258,56.7013,166.5112,280.9728,289.2793,0.0,False,True
coco:12062:54:353,coco,12062,000000012062.jpg,54,sandwich,sandwich,True,0,1,0.0939341261982917,128.9386,68.4371,566.3099,285.6848,0.0,False,True
coco:12062:54:353,coco,12062,000000012062.jpg,54,sandwich,sandwich,True,0,2,0.0777291804552078,55.5046,242.1962,638.9922,426.237,0.0,False,True
coco:12062:54:353,coco,12062,000000012062.jpg,54,sandwich,sandwich,True,0,3,0.064457319676876,56.2094,240.9964,411.0571,425.5789,0.0,False,True
coco:12062:54:353,coco,12062,000000012062.jpg,54,sandwich,sandwich,True,0,4,0.0638538897037506,602.2513,57.4931,639.3799,131.1047,0.0,False,True
coco:13348:8:387,coco,13348,000000013348.jpg,8,truck,truck,False,4,0,0.3374583423137665,52.9332,270.414,77.1531,284.0885,0.8936521410942078,True,False
coco:13348:8:387,coco,13348,000000013348.jpg,8,truck,truck,False,4,1,0.3105019330978393,4.124,286.6122,39.3902,308.6297,0.556290864944458,True,False
coco:13348:8:387,coco,13348,000000013348.jpg,8,truck,truck,False,4,2,0.2960080206394195,107.4975,264.9851,135.8538,285.5424,0.0553813874721527,False,True
coco:13348:8:387,coco,13348,000000013348.jpg,8,truck,truck,False,4,3,0.2805987000465393,17.3056,289.557,39.4234,308.3204,0.8931389451026917,True,False
coco:13348:8:387,coco,13348,000000013348.jpg,8,truck,truck,False,4,4,0.2702272832393646,39.3282,263.4579,56.9988,277.0263,0.0582985244691371,False,True
coco:13348:8:387,coco,13348,000000013348.jpg,8,truck,truck,False,4,5,0.2606020271778106,76.2787,272.0602,104.0723,285.5781,0.9271325469017028,True,False
coco:13348:8:387,coco,13348,000000013348.jpg,8,truck,truck,False,4,6,0.2603857815265655,134.9158,263.3783,160.8102,281.3401,0.0,False,True
coco:13348:8:387,coco,13348,000000013348.jpg,8,truck,truck,False,4,7,0.2570216357707977,76.1712,255.614,114.4402,285.6021,0.5002081990242004,True,False
coco:13348:8:387,coco,13348,000000013348.jpg,8,truck,truck,False,4,8,0.1947953701019287,0.1262,225.3926,52.7775,243.4774,0.0,False,True
coco:13348:8:387,coco,13348,000000013348.jpg,8,truck,truck,False,4,9,0.1822838485240936,117.8271,251.4871,130.1204,260.3293,0.0,False,True
coco:13348:8:387,coco,13348,000000013348.jpg,8,truck,truck,False,4,10,0.1791256815195083,411.9437,231.925,461.1437,297.0695,0.0,False,True
coco:13348:8:387,coco,13348,000000013348.jpg,8,truck,truck,False,4,11,0.1739999055862426,503.0654,254.8859,533.6779,270.6965,0.0,False,True
coco:13348:8:387,coco,13348,000000013348.jpg,8,truck,truck,False,4,12,0.1712048649787902,4.0366,286.7011,18.1897,308.1959,0.0555089749395847,False,True
coco:13348:8:387,coco,13348,000000013348.jpg,8,truck,truck,False,4,13,0.170208066701889,85.4076,262.2058,113.6144,277.7539,0.426400363445282,False,True
coco:13348:8:387,coco,13348,000000013348.jpg,8,truck,truck,False,4,14,0.1628677397966385,540.0237,259.8697,554.6429,269.5264,0.0,False,True
coco:13348:8:387,coco,13348,000000013348.jpg,8,truck,truck,False,4,15,0.1620336472988128,497.5488,253.5565,545.8734,284.255,0.0,False,True
coco:13348:8:387,coco,13348,000000013348.jpg,8,truck,truck,False,4,16,0.1553245335817337,501.3274,257.3828,521.1286,270.5347,0.0,False,True
coco:13348:8:387,coco,13348,000000013348.jpg,8,truck,truck,False,4,17,0.1501327455043792,0.9238,140.3173,566.2188,288.4486,0.0071737207472324,False,True
coco:13348:8:387,coco,13348,000000013348.jpg,8,truck,truck,False,4,18,0.1491279304027557,107.2372,263.4195,161.0162,285.5648,0.0445846244692802,False,True
coco:13348:8:387,coco,13348,000000013348.jpg,8,truck,truck,False,4,19,0.1488419324159622,76.4461,251.7016,195.1426,286.0078,0.1475216150283813,False,True
coco:13348:8:387,coco,13348,000000013348.jpg,8,truck,truck,False,4,20,0.1450140327215194,73.982,236.3247,87.1808,242.4075,0.0,False,True
coco:13348:8:387,coco,13348,000000013348.jpg,8,truck,truck,False,4,21,0.1426194757223129,84.5994,255.5109,114.6233,276.2341,0.769230306148529,True,False
coco:13348:8:387,coco,13348,000000013348.jpg,8,truck,truck,False,4,22,0.1411678344011306,76.0618,272.1464,91.5361,285.4443,0.5423763990402222,True,False
coco:13348:8:387,coco,13348,000000013348.jpg,8,truck,truck,False,4,23,0.1373541802167892,76.4734,252.4382,160.5558,285.6613,0.2150412797927856,False,True
coco:13348:8:387,coco,13348,000000013348.jpg,8,truck,truck,False,4,24,0.1295601576566696,87.5066,255.4449,114.0336,264.1226,0.3832011818885803,False,True
coco:13348:8:387,coco,13348,000000013348.jpg,8,truck,truck,False,4,25,0.1275472193956375,52.9456,271.9401,67.4286,283.9825,0.4706043004989624,False,True
coco:13348:8:387,coco,13348,000000013348.jpg,8,truck,truck,False,4,26,0.1260453015565872,76.0505,254.7581,135.0079,285.9962,0.3261693716049194,False,True
coco:13348:8:387,coco,13348,000000013348.jpg,8,truck,truck,False,4,27,0.1228043958544731,161.0686,265.2807,195.5056,279.609,0.0,False,True
coco:13348:8:387,coco,13348,000000013348.jpg,8,truck,truck,False,4,28,0.1220005601644516,505.4702,255.8617,553.9839,270.674,0.0,False,True
coco:13348:8:387,coco,13348,000000013348.jpg,8,truck,truck,False,4,29,0.118624210357666,497.473,266.0893,545.5919,284.2969,0.0,False,True
coco:13348:8:387,coco,13348,000000013348.jpg,8,truck,truck,False,4,30,0.1183249950408935,178.2105,266.789,195.6251,279.5533,0.0,False,True
coco:13348:8:387,coco,13348,000000013348.jpg,8,truck,truck,False,4,31,0.1164213195443153,540.0198,182.6057,639.6951,275.3919,0.0,False,True
coco:13348:8:387,coco,13348,000000013348.jpg,8,truck,truck,False,4,32,0.1148772612214088,134.8934,263.337,172.8703,282.6411,0.0,False,True
coco:13348:8:387,coco,13348,000000013348.jpg,8,truck,truck,False,4,33,0.1060066819190979,76.0834,265.0655,104.4492,285.6546,0.6251668930053711,True,False
coco:13348:8:387,coco,13348,000000013348.jpg,8,truck,truck,False,4,34,0.1040956601500511,291.1375,274.7303,346.3742,288.907,0.0,False,True
coco:13348:8:387,coco,13348,000000013348.jpg,8,truck,truck,False,4,35,0.1039644405245781,156.3315,251.5299,195.9479,279.5103,0.0,False,True
coco:13348:8:387,coco,13348,000000013348.jpg,8,truck,truck,False,4,36,0.1039545536041259,115.7195,241.1894,127.1761,247.1075,0.0,False,True
coco:13348:8:387,coco,13348,000000013348.jpg,8,truck,truck,False,4,37,0.1026236042380333,46.9649,220.1887,105.8011,242.131,0.0,False,True
coco:13348:8:387,coco,13348,000000013348.jpg,8,truck,truck,False,4,38,0.0995583087205886,539.8918,208.7663,607.0672,274.541,0.0,False,True
coco:13348:8:387,coco,13348,000000013348.jpg,8,truck,truck,False,4,39,0.0990139842033386,576.9475,258.0865,598.782,275.5949,0.0,False,True
coco:13348:8:387,coco,13348,000000013348.jpg,8,truck,truck,False,4,40,0.0959581732749939,541.1301,236.9573,598.1761,274.4032,0.0,False,True
coco:13348:8:387,coco,13348,000000013348.jpg,8,truck,truck,False,4,41,0.0947339758276939,423.812,232.1869,455.7633,260.343,0.0,False,True
coco:13348:8:387,coco,13348,000000013348.jpg,8,truck,truck,False,4,42,0.0924733206629753,502.9686,252.7085,545.9044,270.8655,0.0,False,True
coco:13348:8:387,coco,13348,000000013348.jpg,8,truck,truck,False,4,43,0.0922609120607376,412.7594,260.2593,456.6512,296.5645,0.0,False,True
coco:13348:8:387,coco,13348,000000013348.jpg,8,truck,truck,False,4,44,0.091881513595581,29.8397,236.3061,38.5357,244.2245,0.0,False,True
coco:13348:8:387,coco,13348,000000013348.jpg,8,truck,truck,False,4,45,0.0915245190262794,52.6493,255.4467,114.4168,284.9959,0.3199755847454071,False,True
coco:13348:8:387,coco,13348,000000013348.jpg,8,truck,truck,False,4,46,0.0895132720470428,0.1182,225.6379,31.1612,241.6996,0.0,False,True
coco:13348:8:387,coco,13348,000000013348.jpg,8,truck,truck,False,4,47,0.0889679491519928,68.8855,270.9724,77.5434,283.7517,0.2957091331481933,False,True
coco:13348:8:387,coco,13348,000000013348.jpg,8,truck,truck,False,4,48,0.0887599512934684,0.178,212.05,53.0349,243.9838,0.0,False,True
coco:13348:8:387,coco,13348,000000013348.jpg,8,truck,truck,False,4,49,0.0883137583732605,573.5495,238.3538,598.4399,273.8398,0.0,False,True
coco:13348:8:387,coco,13348,000000013348.jpg,8,truck,truck,False,4,50,0.0856477618217468,73.5181,235.8047,105.8307,242.9382,0.0,False,True
coco:13348:8:387,coco,13348,000000013348.jpg,8,truck,truck,False,4,51,0.0837393105030059,524.9904,265.9792,545.7357,279.2376,0.0,False,True
coco:13348:8:387,coco,13348,000000013348.jpg,8,truck,truck,False,4,52,0.0832830742001533,182.0872,241.5097,199.2893,253.7975,0.0,False,True
coco:13348:8:387,coco,13348,000000013348.jpg,8,truck,truck,False,4,53,0.0831226482987403,4.1016,294.718,17.3779,307.9062,0.0281675290316343,False,True
coco:13348:8:387,coco,13348,000000013348.jpg,8,truck,truck,False,4,54,0.0830609425902366,135.0527,263.3289,195.3439,281.4106,0.0,False,True
coco:13348:8:387,coco,13348,000000013348.jpg,8,truck,truck,False,4,55,0.0819034129381179,107.2026,263.1876,194.4454,285.4274,0.0319321043789386,False,True
coco:13348:8:387,coco,13348,000000013348.jpg,8,truck,truck,False,4,56,0.080821581184864,95.4203,237.0459,106.0629,242.6608,0.0,False,True
coco:13348:8:387,coco,13348,000000013348.jpg,8,truck,truck,False,4,57,0.0795478969812393,155.1779,240.4753,199.1362,279.5954,0.0,False,True
coco:13348:8:387,coco,13348,000000013348.jpg,8,truck,truck,False,4,58,0.0795067027211189,84.7108,237.3182,95.7038,242.9546,0.0,False,True
coco:13348:8:387,coco,13348,000000013348.jpg,8,truck,truck,False,4,59,0.079155147075653,563.2438,182.2382,639.8449,209.4372,0.0,False,True
coco:13348:8:387,coco,13348,000000013348.jpg,8,truck,truck,False,4,60,0.0757147148251533,506.4195,198.0789,562.6226,215.3687,0.0,False,True
coco:13348:8:387,coco,13348,000000013348.jpg,8,truck,truck,False,4,61,0.075015902519226,577.4203,266.4856,598.6055,275.8091,0.0,False,True
coco:13348:8:387,coco,13348,000000013348.jpg,8,truck,truck,False,4,62,0.0748628750443458,115.4381,240.3605,134.4879,247.3118,0.0,False,True
coco:13348:8:387,coco,13348,000000013348.jpg,8,truck,truck,False,4,63,0.0742761418223381,70.4495,222.1544,107.0085,242.4546,0.0,False,True
coco:13348:8:387,coco,13348,000000013348.jpg,8,truck,truck,False,4,64,0.0736085548996925,505.2064,198.1457,564.4752,269.9002,0.0,False,True
coco:13348:8:387,coco,13348,000000013348.jpg,8,truck,truck,False,4,65,0.0731670036911964,133.5955,250.8123,161.5602,281.2771,0.0,False,True
coco:13348:8:387,coco,13348,000000013348.jpg,8,truck,truck,False,4,66,0.0728060007095336,52.8684,270.3784,104.1779,285.4323,0.4812559783458709,False,True
coco:13348:8:387,coco,13348,000000013348.jpg,8,truck,truck,False,4,67,0.0714622661471366,333.7188,274.799,346.2496,288.1376,0.0,False,True
coco:13348:8:387,coco,13348,000000013348.jpg,8,truck,truck,False,4,68,0.0708002597093582,134.3004,251.0158,195.7098,280.8947,0.0,False,True
coco:13348:8:387,coco,13348,000000013348.jpg,8,truck,truck,False,4,69,0.0698992758989334,158.6242,265.5905,174.8062,279.6955,0.0,False,True
coco:13348:8:387,coco,13348,000000013348.jpg,8,truck,truck,False,4,70,0.0675922334194183,140.0181,279.9099,170.2223,288.3488,0.0,False,True
coco:13348:8:387,coco,13348,000000013348.jpg,8,truck,truck,False,4,71,0.0656949505209922,85.2412,237.2299,105.5778,243.0105,0.0,False,True
coco:13348:8:387,coco,13348,000000013348.jpg,8,truck,truck,False,4,72,0.0654169172048568,18.1619,236.44,38.6886,245.0877,0.0,False,True
coco:13348:8:387,coco,13348,000000013348.jpg,8,truck,truck,False,4,73,0.0647306814789772,587.1136,267.4049,598.2484,275.3678,0.0,False,True
coco:13348:8:387,coco,13348,000000013348.jpg,8,truck,truck,False,4,74,0.06458330899477,161.7304,265.5753,177.0938,277.5551,0.0,False,True
coco:13348:8:387,coco,13348,000000013348.jpg,8,truck,truck,False,4,75,0.0645618513226509,115.8253,228.2549,163.6333,248.7524,0.0,False,True
coco:13348:8:387,coco,13348,000000013348.jpg,8,truck,truck,False,4,76,0.0636989399790763,30.0841,227.4814,52.9462,242.9232,0.0,False,True
coco:13348:8:387,coco,13348,000000013348.jpg,8,truck,truck,False,4,77,0.0636446848511695,142.6789,250.9867,158.8831,264.0186,0.0,False,True
coco:13348:8:387,coco,13348,000000013348.jpg,8,truck,truck,False,4,78,0.0629150196909904,67.8001,236.8384,74.1322,241.1877,0.0,False,True
coco:13348:8:387,coco,13348,000000013348.jpg,8,truck,truck,False,4,79,0.0618434436619281,107.5748,250.0769,159.7347,284.0211,0.0594363063573837,False,True
coco:13348:8:387,coco,13348,000000013348.jpg,8,truck,truck,False,4,80,0.0614081434905529,150.2752,239.3095,198.4732,253.5594,0.0,False,True
coco:13348:8:387,coco,13348,000000013348.jpg,8,truck,truck,False,4,81,0.0606422610580921,37.6489,237.7607,53.0821,243.9337,0.0,False,True
coco:13348:8:387,coco,13348,000000013348.jpg,8,truck,truck,False,4,82,0.0603438913822174,1.7044,236.5058,38.3353,245.7618,0.0,False,True
coco:13348:8:387,coco,13348,000000013348.jpg,8,truck,truck,False,4,83,0.0602169893682003,89.0933,273.9424,104.4377,285.1898,0.4238814115524292,False,True
coco:13348:8:387,coco,13348,000000013348.jpg,8,truck,truck,False,4,84,0.0597650781273841,149.7206,239.4734,176.2033,252.3884,0.0,False,True
coco:13348:8:387,coco,13348,000000013348.jpg,8,truck,truck,False,4,85,0.0593149252235889,115.5774,227.0543,198.149,252.7858,0.0,False,True
coco:13348:8:387,coco,13348,000000013348.jpg,8,truck,truck,False,4,86,0.058419544249773,47.1484,220.3293,71.7298,241.7262,0.0,False,True
coco:13348:8:387,coco,13348,000000013348.jpg,8,truck,truck,False,4,87,0.0581265166401863,225.2167,269.1374,268.0188,284.7863,0.0,False,True
coco:13348:8:387,coco,13348,000000013348.jpg,8,truck,truck,False,4,88,0.0567365251481533,39.9928,250.9073,160.8559,285.104,0.1453408449888229,False,True
coco:13348:8:387,coco,13348,000000013348.jpg,8,truck,truck,False,4,89,0.0559503175318241,540.2833,237.1403,575.9171,274.0182,0.0,False,True
coco:13348:8:387,coco,13348,000000013348.jpg,8,truck,truck,False,4,90,0.0554731376469135,103.9852,236.8355,113.6943,242.7645,0.0,False,True
coco:13348:8:387,coco,13348,000000013348.jpg,8,truck,truck,False,4,91,0.0551290996372699,117.8137,253.7796,125.6018,260.0372,0.0,False,True
coco:13348:8:387,coco,13348,000000013348.jpg,8,truck,truck,False,4,92,0.0541645176708698,128.4271,228.3722,175.774,251.33,0.0,False,True
coco:13348:8:387,coco,13348,000000013348.jpg,8,truck,truck,False,4,93,0.054136149585247,44.0029,211.1525,107.2994,242.576,0.0,False,True
coco:13348:8:387,coco,13348,000000013348.jpg,8,truck,truck,False,4,94,0.0541327409446239,127.1399,249.7244,151.0184,265.4291,0.0,False,True
coco:13348:8:387,coco,13348,000000013348.jpg,8,truck,truck,False,4,95,0.0538179390132427,171.1118,280.6946,217.7998,292.5189,0.0,False,True
coco:13348:8:387,coco,13348,000000013348.jpg,8,truck,truck,False,4,96,0.0532391481101512,30.6165,234.4946,52.9536,243.741,0.0,False,True
coco:13348:8:387,coco,13348,000000013348.jpg,8,truck,truck,False,4,97,0.0526043139398098,540.9778,209.2606,606.0861,239.2478,0.0,False,True
coco:13348:8:387,coco,13348,000000013348.jpg,8,truck,truck,False,4,98,0.052249576896429,573.9154,238.3795,596.5054,263.5735,0.0,False,True
coco:13348:8:387,coco,13348,000000013348.jpg,8,truck,truck,False,4,99,0.0512058399617672,577.9066,257.6924,589.5823,268.7891,0.0,False,True
coco:13348:8:387,coco,13348,000000013348.jpg,8,truck,truck,False,4,100,0.0506778992712497,520.5342,253.1618,544.5308,269.0848,0.0,False,True
coco:13348:8:387,coco,13348,000000013348.jpg,8,truck,truck,False,4,101,0.0503445006906986,225.0919,269.407,346.5878,289.1178,0.0,False,True
coco:13348:8:387,coco,13348,000000013348.jpg,8,truck,truck,False,4,102,0.0503388866782188,502.1084,237.236,596.7338,273.7955,0.0,False,True
coco:13348:8:387,coco,13348,000000013348.jpg,8,truck,truck,False,4,103,0.0502886064350605,413.0329,255.1877,545.4286,285.5039,0.0,False,True
coco:14038:82:411,coco,14038,000000014038.jpg,82,refrigerator,refrigerator,False,1,0,0.691536545753479,14.772,148.0894,144.2414,426.1219,0.9127408862113952,True,False
coco:14038:82:411,coco,14038,000000014038.jpg,82,refrigerator,refrigerator,False,1,1,0.1953209638595581,12.4423,0.7332,147.6037,425.8581,0.602545976638794,True,False
coco:14038:61:412,coco,14038,000000014038.jpg,61,cake,cake,True,0,0,0.0617372021079063,181.3323,37.1371,239.0804,110.0578,0.0,False,True
coco:14038:61:412,coco,14038,000000014038.jpg,61,cake,cake,True,0,1,0.0597169958055019,533.4557,301.2184,617.5733,389.7378,0.0,False,True
coco:14038:61:412,coco,14038,000000014038.jpg,61,cake,cake,True,0,2,0.0578889809548854,15.0368,148.973,143.6144,425.7109,0.0,False,True
coco:14038:3:413,coco,14038,000000014038.jpg,3,car,car,True,0,0,0.0605261884629726,533.566,301.2605,617.6219,389.6633,0.0,False,True
coco:14038:3:413,coco,14038,000000014038.jpg,3,car,car,True,0,1,0.0530440621078014,283.6878,237.9699,293.9304,249.9586,0.0,False,True
coco:14473:7:423,coco,14473,000000014473.jpg,7,train,train,False,1,0,0.9220184683799744,0.2448,153.2263,592.7677,305.0973,0.965713620185852,True,False
coco:14473:7:423,coco,14473,000000014473.jpg,7,train,train,False,1,1,0.0894238874316215,239.0182,187.2282,592.3782,305.0282,0.4562445878982544,False,True
coco:14473:7:423,coco,14473,000000014473.jpg,7,train,train,False,1,2,0.0777556523680687,0.8546,286.5237,639.3356,426.5333,0.0781999230384826,False,True
coco:14473:7:423,coco,14473,000000014473.jpg,7,train,train,False,1,3,0.0523620545864105,0.3151,153.3662,256.9371,257.1422,0.2865610420703888,False,True
coco:14473:21:424,coco,14473,000000014473.jpg,21,cow,cow,True,0,0,0.2539444267749786,1.0091,153.36,592.8515,305.3792,0.0,False,True
coco:14473:21:424,coco,14473,000000014473.jpg,21,cow,cow,True,0,1,0.0979469344019889,377.6858,223.1168,416.3571,261.9761,0.0,False,True
coco:14473:21:424,coco,14473,000000014473.jpg,21,cow,cow,True,0,2,0.0839580968022346,239.3572,187.5824,592.2973,305.2103,0.0,False,True
coco:14473:20:425,coco,14473,000000014473.jpg,20,sheep,sheep,True,0,0,0.1198680102825164,1.1013,153.6829,592.8649,305.3238,0.0,False,True
coco:15272:10:438,coco,15272,000000015272.jpg,10,traffic light,traffic light,False,1,0,0.7600722312927246,41.7046,39.0795,276.8029,136.8456,0.9949372410774232,True,False
coco:15272:10:438,coco,15272,000000015272.jpg,10,traffic light,traffic light,False,1,1,0.2352631539106369,42.2733,39.1405,126.8566,129.3579,0.3325352966785431,False,True
coco:15272:10:438,coco,15272,000000015272.jpg,10,traffic light,traffic light,False,1,2,0.205542966723442,199.038,48.2175,276.3347,136.473,0.297279804944992,False,True
coco:15272:10:438,coco,15272,000000015272.jpg,10,traffic light,traffic light,False,1,3,0.196959763765335,124.7544,44.3594,201.8749,133.2546,0.2987525761127472,False,True
coco:15272:10:438,coco,15272,000000015272.jpg,10,traffic light,traffic light,False,1,4,0.1547673493623733,124.978,44.0518,276.3984,136.6277,0.6108651757240295,True,False
coco:15272:10:438,coco,15272,000000015272.jpg,10,traffic light,traffic light,False,1,5,0.1127012446522712,42.4234,39.6335,201.6033,132.8381,0.646530032157898,True,False
coco:15272:10:438,coco,15272,000000015272.jpg,10,traffic light,traffic light,False,1,6,0.0749735981225967,205.3481,59.4659,266.1689,126.5581,0.1778228729963302,False,True
coco:15272:5:440,coco,15272,000000015272.jpg,5,airplane,airplane,True,0,0,0.1587601751089096,41.5808,39.0913,277.4107,136.9792,0.0,False,True
coco:15272:5:440,coco,15272,000000015272.jpg,5,airplane,airplane,True,0,1,0.0885777398943901,1.2103,0.5125,423.0329,638.7803,0.0,False,True
coco:15272:5:440,coco,15272,000000015272.jpg,5,airplane,airplane,True,0,2,0.0592184960842132,131.3396,571.671,422.5933,634.4042,0.0,False,True
coco:15278:56:441,coco,15278,000000015278.jpg,56,broccoli,broccoli,False,1,0,0.4421970844268799,25.3045,278.2246,203.655,463.2094,0.1191416233777999,False,True
coco:15278:56:441,coco,15278,000000015278.jpg,56,broccoli,broccoli,False,1,1,0.4353827238082886,1.7179,56.1096,638.7139,471.5374,0.9556206464767456,True,False
coco:15278:56:441,coco,15278,000000015278.jpg,56,broccoli,broccoli,False,1,2,0.4108144640922546,537.3507,193.2942,639.2014,405.5708,0.0780763402581214,False,True
coco:15278:56:441,coco,15278,000000015278.jpg,56,broccoli,broccoli,False,1,3,0.4021264314651489,156.2953,116.9097,314.7006,255.2588,0.0791405960917472,False,True
coco:15278:56:441,coco,15278,000000015278.jpg,56,broccoli,broccoli,False,1,4,0.3627615869045257,357.5853,97.8928,535.7374,227.4922,0.0833771750330925,False,True
coco:15278:56:441,coco,15278,000000015278.jpg,56,broccoli,broccoli,False,1,5,0.3602221310138702,215.4976,44.2988,405.1103,137.2016,0.0636135712265968,False,True
coco:15278:56:441,coco,15278,000000015278.jpg,56,broccoli,broccoli,False,1,6,0.3418411910533905,431.3185,205.2382,583.2905,377.4674,0.0945199504494667,False,True
coco:15278:56:441,coco,15278,000000015278.jpg,56,broccoli,broccoli,False,1,7,0.3407838940620422,322.5359,222.6263,499.9747,456.8182,0.1500629782676696,False,True
coco:15278:56:441,coco,15278,000000015278.jpg,56,broccoli,broccoli,False,1,8,0.3361523449420929,521.4305,89.2832,638.9811,206.3908,0.0497122406959533,False,True
coco:15278:56:441,coco,15278,000000015278.jpg,56,broccoli,broccoli,False,1,9,0.3360507190227508,64.3753,113.0419,148.4227,162.4212,0.0149872945621609,False,True
coco:15278:56:441,coco,15278,000000015278.jpg,56,broccoli,broccoli,False,1,10,0.3228317499160766,397.0242,56.4384,500.4984,119.442,0.0235423874109983,False,True
coco:15278:56:441,coco,15278,000000015278.jpg,56,broccoli,broccoli,False,1,11,0.3145731389522552,0.2187,299.3318,46.6545,358.8784,0.0099853174760937,False,True
coco:15278:56:441,coco,15278,000000015278.jpg,56,broccoli,broccoli,False,1,12,0.304653137922287,89.1905,139.9419,192.456,299.5011,0.0595018193125724,False,True
coco:15278:56:441,coco,15278,000000015278.jpg,56,broccoli,broccoli,False,1,13,0.3041360080242157,281.5706,148.9033,376.1317,243.5254,0.0323116183280944,False,True
coco:15278:56:441,coco,15278,000000015278.jpg,56,broccoli,broccoli,False,1,14,0.2953612208366394,0.5362,160.5122,109.5185,293.8218,0.0524651333689689,False,True
coco:15278:56:441,coco,15278,000000015278.jpg,56,broccoli,broccoli,False,1,15,0.2806156575679779,198.5437,240.6863,340.3188,424.1254,0.0939171761274337,False,True
coco:15278:56:441,coco,15278,000000015278.jpg,56,broccoli,broccoli,False,1,16,0.2787286043167114,323.0554,334.7758,499.621,456.8282,0.0778226256370544,False,True
coco:15278:56:441,coco,15278,000000015278.jpg,56,broccoli,broccoli,False,1,17,0.2586140930652618,535.026,171.229,638.1288,261.4771,0.0336017347872257,False,True
coco:15278:56:441,coco,15278,000000015278.jpg,56,broccoli,broccoli,False,1,18,0.2359470427036285,255.6589,370.1254,329.881,474.1461,0.0275073684751987,False,True
coco:15278:56:441,coco,15278,000000015278.jpg,56,broccoli,broccoli,False,1,19,0.2231625318527221,302.0035,92.8843,385.86,154.7975,0.0187487807124853,False,True
coco:15278:56:441,coco,15278,000000015278.jpg,56,broccoli,broccoli,False,1,20,0.2210482805967331,209.8413,240.5352,340.9551,321.3964,0.0382861457765102,False,True
coco:15278:56:441,coco,15278,000000015278.jpg,56,broccoli,broccoli,False,1,21,0.2149204909801483,198.4399,246.0168,290.499,424.0863,0.0591983422636985,False,True
coco:15278:56:441,coco,15278,000000015278.jpg,56,broccoli,broccoli,False,1,22,0.2003750056028366,282.2662,93.6108,386.2613,242.4872,0.0559102967381477,False,True
coco:15278:56:441,coco,15278,000000015278.jpg,56,broccoli,broccoli,False,1,23,0.1925258934497833,198.3002,314.5256,288.1041,424.1858,0.0355628989636898,False,True
coco:15278:56:441,coco,15278,000000015278.jpg,56,broccoli,broccoli,False,1,24,0.1647633910179138,0.433,184.6438,99.7034,357.9931,0.0621434077620506,False,True
coco:15278:56:441,coco,15278,000000015278.jpg,56,broccoli,broccoli,False,1,25,0.157480239868164,433.7753,252.4969,565.0906,377.6858,0.059365551918745,False,True
coco:15278:56:441,coco,15278,000000015278.jpg,56,broccoli,broccoli,False,1,26,0.1539735943078994,215.367,44.3301,287.1572,126.3324,0.0212590526789426,False,True
coco:15278:56:441,coco,15278,000000015278.jpg,56,broccoli,broccoli,False,1,27,0.1476060152053833,10.5936,159.0638,116.2136,235.5854,0.02918660081923,False,True
coco:15278:56:441,coco,15278,000000015278.jpg,56,broccoli,broccoli,False,1,28,0.1456449776887893,10.7636,159.0565,107.02,210.6537,0.0179353281855583,False,True
coco:15278:56:441,coco,15278,000000015278.jpg,56,broccoli,broccoli,False,1,29,0.1448063552379608,0.3264,254.2532,47.5244,358.8357,0.0178252886980772,False,True
coco:15278:56:441,coco,15278,000000015278.jpg,56,broccoli,broccoli,False,1,30,0.1407539993524551,326.7209,221.8999,461.3323,385.3278,0.0794440358877182,False,True
coco:15278:56:441,coco,15278,000000015278.jpg,56,broccoli,broccoli,False,1,31,0.1360727101564407,488.3755,393.0723,540.7322,437.6065,0.0084201330319046,False,True
coco:15278:56:441,coco,15278,000000015278.jpg,56,broccoli,broccoli,False,1,32,0.126413881778717,0.2028,196.1536,49.5054,358.8789,0.0289719980210065,False,True
coco:15278:56:441,coco,15278,000000015278.jpg,56,broccoli,broccoli,False,1,33,0.1244455873966217,520.0866,89.3323,638.7739,256.0587,0.0714597925543785,False,True
coco:15278:56:441,coco,15278,000000015278.jpg,56,broccoli,broccoli,False,1,34,0.1227204129099845,28.0931,139.0284,158.8231,235.4536,0.0455217771232128,False,True
coco:15278:56:441,coco,15278,000000015278.jpg,56,broccoli,broccoli,False,1,35,0.1214791238307952,281.0216,298.2537,337.9799,351.7173,0.0109968474134802,False,True
coco:15278:56:441,coco,15278,000000015278.jpg,56,broccoli,broccoli,False,1,36,0.1213599294424057,25.1433,397.0083,110.2127,463.0081,0.0202753990888595,False,True
coco:15278:56:441,coco,15278,000000015278.jpg,56,broccoli,broccoli,False,1,37,0.1204503700137138,12.3251,113.1018,149.0645,206.2433,0.0459928065538406,False,True
coco:15278:56:441,coco,15278,000000015278.jpg,56,broccoli,broccoli,False,1,38,0.1203782856464386,80.0873,138.0151,174.1646,238.1207,0.0340092219412326,False,True
coco:15278:56:441,coco,15278,000000015278.jpg,56,broccoli,broccoli,False,1,39,0.1201943233609199,2.1469,115.0827,186.6081,299.2692,0.1226919442415237,False,True
coco:15278:56:441,coco,15278,000000015278.jpg,56,broccoli,broccoli,False,1,40,0.119837462902069,449.3337,203.6082,541.2058,270.6692,0.022248800843954,False,True
coco:15278:56:441,coco,15278,000000015278.jpg,56,broccoli,broccoli,False,1,41,0.1193293333053588,254.1935,301.3035,336.3252,474.2252,0.050840426236391,False,True
coco:15278:56:441,coco,15278,000000015278.jpg,56,broccoli,broccoli,False,1,42,0.1182435750961303,231.0988,269.7542,335.6769,350.7681,0.0305952206254005,False,True
coco:15278:56:441,coco,15278,000000015278.jpg,56,broccoli,broccoli,False,1,43,0.1180862635374069,63.9787,113.524,188.7047,299.2609,0.0836581736803054,False,True
coco:15278:56:441,coco,15278,000000015278.jpg,56,broccoli,broccoli,False,1,44,0.1170068904757499,537.793,125.7889,639.1177,203.9852,0.0286124348640441,False,True
coco:15278:56:441,coco,15278,000000015278.jpg,56,broccoli,broccoli,False,1,45,0.1167906895279884,354.0392,245.9816,459.5419,369.0267,0.0468793101608753,False,True
coco:15278:56:441,coco,15278,000000015278.jpg,56,broccoli,broccoli,False,1,46,0.1166583523154258,255.9004,240.6553,341.4041,283.3638,0.0131871765479445,False,True
coco:15278:56:441,coco,15278,000000015278.jpg,56,broccoli,broccoli,False,1,47,0.1158318296074867,198.9056,299.4908,336.9064,424.427,0.0622620061039924,False,True
coco:15278:56:441,coco,15278,000000015278.jpg,56,broccoli,broccoli,False,1,48,0.1111936569213867,444.3394,316.3137,537.3228,377.658,0.0205983705818653,False,True
coco:15278:56:441,coco,15278,000000015278.jpg,56,broccoli,broccoli,False,1,49,0.1082135736942291,25.1877,278.4,128.5072,462.7899,0.0687974691390991,False,True
coco:15278:56:441,coco,15278,000000015278.jpg,56,broccoli,broccoli,False,1,50,0.1072686314582824,450.3527,203.8082,586.3228,285.156,0.0399431735277175,False,True
coco:15278:56:441,coco,15278,000000015278.jpg,56,broccoli,broccoli,False,1,51,0.1022729650139808,165.4315,289.7115,222.2013,352.8701,0.0129479961469769,False,True
coco:15278:56:441,coco,15278,000000015278.jpg,56,broccoli,broccoli,False,1,52,0.1011426225304603,63.2906,113.0734,151.2308,235.7879,0.0389705374836921,False,True
coco:15278:56:441,coco,15278,000000015278.jpg,56,broccoli,broccoli,False,1,53,0.1003530994057655,434.074,172.354,637.6519,377.6729,0.1509429812431335,False,True
coco:15278:56:441,coco,15278,000000015278.jpg,56,broccoli,broccoli,False,1,54,0.0992753356695175,523.5751,89.2127,615.9447,156.0934,0.0223091449588537,False,True
coco:15278:56:441,coco,15278,000000015278.jpg,56,broccoli,broccoli,False,1,55,0.0965538695454597,208.8171,240.4645,340.8242,360.0907,0.0570264868438243,False,True
coco:15278:56:441,coco,15278,000000015278.jpg,56,broccoli,broccoli,False,1,56,0.0927898436784744,0.2967,194.1277,54.0232,292.4788,0.0190818905830383,False,True
coco:15278:56:441,coco,15278,000000015278.jpg,56,broccoli,broccoli,False,1,57,0.091866634786129,231.2123,269.6016,311.7055,321.8923,0.0151997581124305,False,True
coco:15278:56:441,coco,15278,000000015278.jpg,56,broccoli,broccoli,False,1,58,0.0913296043872833,230.7354,270.6952,333.1475,473.7822,0.0747137367725372,False,True
coco:15278:56:441,coco,15278,000000015278.jpg,56,broccoli,broccoli,False,1,59,0.0908844023942947,283.519,92.748,449.0932,242.6978,0.0896585956215858,False,True
coco:15278:56:441,coco,15278,000000015278.jpg,56,broccoli,broccoli,False,1,60,0.0900600627064704,279.7438,148.7054,378.4802,296.1566,0.0525749139487743,False,True
coco:15278:56:441,coco,15278,000000015278.jpg,56,broccoli,broccoli,False,1,61,0.089691549539566,97.5958,321.788,203.8776,447.1046,0.0480973161756992,False,True
coco:15278:56:441,coco,15278,000000015278.jpg,56,broccoli,broccoli,False,1,62,0.0892544910311698,441.8673,215.1355,572.2098,339.5079,0.0585414320230484,False,True
coco:15278:56:441,coco,15278,000000015278.jpg,56,broccoli,broccoli,False,1,63,0.0882700830698013,359.4742,61.5084,639.1867,404.7657,0.3467248976230621,False,True
coco:15278:56:441,coco,15278,000000015278.jpg,56,broccoli,broccoli,False,1,64,0.0871194824576377,92.6523,233.6595,186.2527,300.1882,0.0224874466657638,False,True
coco:15278:56:441,coco,15278,000000015278.jpg,56,broccoli,broccoli,False,1,65,0.086583100259304,255.4388,240.7379,341.9266,305.3547,0.0201814826577901,False,True
coco:15278:56:441,coco,15278,000000015278.jpg,56,broccoli,broccoli,False,1,66,0.0853354930877685,398.4525,97.6888,533.7411,205.1814,0.0525161288678646,False,True
coco:15278:56:441,coco,15278,000000015278.jpg,56,broccoli,broccoli,False,1,67,0.0852632001042366,62.8212,113.3551,149.8537,195.3292,0.025763876736164,False,True
coco:15278:56:441,coco,15278,000000015278.jpg,56,broccoli,broccoli,False,1,68,0.0841583609580993,555.5825,171.2807,637.1188,240.1011,0.0202638283371925,False,True
coco:15278:56:441,coco,15278,000000015278.jpg,56,broccoli,broccoli,False,1,69,0.0829139053821563,322.9409,362.3451,401.7082,456.4781,0.0267757065594196,False,True
coco:15278:56:441,coco,15278,000000015278.jpg,56,broccoli,broccoli,False,1,70,0.0798136442899704,536.0195,125.1647,639.059,252.4768,0.0473725385963916,False,True
coco:15278:56:441,coco,15278,000000015278.jpg,56,broccoli,broccoli,False,1,71,0.079256348311901,215.2098,44.1127,316.1855,132.8385,0.032353438436985,False,True
coco:15278:56:441,coco,15278,000000015278.jpg,56,broccoli,broccoli,False,1,72,0.0767357423901557,346.2333,120.2066,451.0461,226.3759,0.0401852242648601,False,True
coco:15278:56:441,coco,15278,000000015278.jpg,56,broccoli,broccoli,False,1,73,0.0761539936065673,280.9117,277.3643,340.0226,352.3507,0.0160067658871412,False,True
coco:15278:56:441,coco,15278,000000015278.jpg,56,broccoli,broccoli,False,1,74,0.0750656500458717,357.1196,59.5247,637.4843,229.5296,0.1721226423978805,False,True
coco:15278:56:441,coco,15278,000000015278.jpg,56,broccoli,broccoli,False,1,75,0.0746852606534957,110.1655,166.1927,173.001,247.5089,0.0184516608715057,False,True
coco:15278:56:441,coco,15278,000000015278.jpg,56,broccoli,broccoli,False,1,76,0.0735013112425804,467.725,265.1003,565.7042,373.8877,0.0384915694594383,False,True
coco:15278:56:441,coco,15278,000000015278.jpg,56,broccoli,broccoli,False,1,77,0.0727068185806274,470.564,266.8247,563.955,340.4574,0.0248329974710941,False,True
coco:15278:56:441,coco,15278,000000015278.jpg,56,broccoli,broccoli,False,1,78,0.0724261477589607,286.7163,298.5496,333.3307,337.394,0.006538865622133,False,True
coco:15278:56:441,coco,15278,000000015278.jpg,56,broccoli,broccoli,False,1,79,0.0716638416051864,95.76,137.8281,174.8449,181.6799,0.0125237377360463,False,True
coco:15278:56:441,coco,15278,000000015278.jpg,56,broccoli,broccoli,False,1,80,0.0707844868302345,397.1178,334.9725,499.552,450.3807,0.0426908358931541,False,True
coco:15278:56:441,coco,15278,000000015278.jpg,56,broccoli,broccoli,False,1,81,0.0705313012003898,343.7961,221.1996,447.0792,356.3893,0.0504227168858051,False,True
coco:15278:56:441,coco,15278,000000015278.jpg,56,broccoli,broccoli,False,1,82,0.0696397721767425,283.1276,190.291,365.2923,240.8061,0.0149885481223464,False,True
coco:15278:56:441,coco,15278,000000015278.jpg,56,broccoli,broccoli,False,1,83,0.068056434392929,93.372,117.8798,315.1546,298.9962,0.1450569629669189,False,True
coco:15278:56:441,coco,15278,000000015278.jpg,56,broccoli,broccoli,False,1,84,0.0680205598473548,93.6269,206.951,186.9172,299.2242,0.0310860276222229,False,True
coco:15278:56:441,coco,15278,000000015278.jpg,56,broccoli,broccoli,False,1,85,0.0676748380064964,49.7829,278.2528,129.7887,404.7645,0.0365514904260635,False,True
coco:15278:56:441,coco,15278,000000015278.jpg,56,broccoli,broccoli,False,1,86,0.0676247850060463,156.4227,117.0092,339.558,320.1995,0.1343780755996704,False,True
coco:15278:56:441,coco,15278,000000015278.jpg,56,broccoli,broccoli,False,1,87,0.0674147978425026,396.0197,56.777,534.4519,203.8552,0.0735255852341651,False,True
coco:15278:56:441,coco,15278,000000015278.jpg,56,broccoli,broccoli,False,1,88,0.0673087388277053,64.2055,0.6993,531.0732,126.4814,0.1365459859371185,False,True
coco:15278:56:441,coco,15278,000000015278.jpg,56,broccoli,broccoli,False,1,89,0.0667755603790283,165.0486,289.5923,276.0125,422.6493,0.0533178970217704,False,True
coco:15278:56:441,coco,15278,000000015278.jpg,56,broccoli,broccoli,False,1,90,0.0666357651352882,300.1138,92.9956,386.7023,200.0284,0.0334680266678333,False,True
coco:15278:56:441,coco,15278,000000015278.jpg,56,broccoli,broccoli,False,1,91,0.0664099529385566,288.9368,149.4874,359.4136,203.2965,0.0136947808787226,False,True
coco:15278:56:441,coco,15278,000000015278.jpg,56,broccoli,broccoli,False,1,92,0.0660836398601532,209.3201,244.4796,290.1883,321.9412,0.0226212944835424,False,True
coco:15278:56:441,coco,15278,000000015278.jpg,56,broccoli,broccoli,False,1,93,0.0660654827952385,282.0187,146.384,444.2512,254.9385,0.0635973364114761,False,True
coco:15278:56:441,coco,15278,000000015278.jpg,56,broccoli,broccoli,False,1,94,0.0652602165937423,209.3503,245.0559,258.4345,320.08,0.0132982777431607,False,True
coco:15278:56:441,coco,15278,000000015278.jpg,56,broccoli,broccoli,False,1,95,0.0646512806415557,243.1123,203.9996,303.2167,260.1534,0.0121881794184446,False,True
coco:15278:56:441,coco,15278,000000015278.jpg,56,broccoli,broccoli,False,1,96,0.0641093328595161,282.44,190.8897,376.8328,277.2755,0.0294465720653533,False,True
coco:15278:56:441,coco,15278,000000015278.jpg,56,broccoli,broccoli,False,1,97,0.0616320557892322,436.2006,203.7132,544.2349,328.903,0.0488408952951431,False,True
coco:15278:56:441,coco,15278,000000015278.jpg,56,broccoli,broccoli,False,1,98,0.0611876100301742,453.0466,171.3416,638.0144,280.234,0.0727356299757957,False,True
coco:15278:56:441,coco,15278,000000015278.jpg,56,broccoli,broccoli,False,1,99,0.0609688460826873,465.3558,103.0984,535.2103,201.8231,0.0249042380601167,False,True
coco:15278:56:441,coco,15278,000000015278.jpg,56,broccoli,broccoli,False,1,100,0.0607306286692619,25.4331,335.6252,118.8399,462.6218,0.0428375005722045,False,True
coco:15278:56:441,coco,15278,000000015278.jpg,56,broccoli,broccoli,False,1,101,0.0606419816613197,287.7,221.9808,491.1864,392.1238,0.1250267028808593,False,True
coco:15278:56:441,coco,15278,000000015278.jpg,56,broccoli,broccoli,False,1,102,0.0603241808712482,570.7186,126.9465,639.0775,199.8885,0.018006345257163,False,True
coco:15278:56:441,coco,15278,000000015278.jpg,56,broccoli,broccoli,False,1,103,0.0594825111329555,9.9256,160.9651,69.4518,203.7803,0.0092036444693803,False,True
coco:15278:56:441,coco,15278,000000015278.jpg,56,broccoli,broccoli,False,1,104,0.0592339783906936,259.4558,326.9418,395.083,473.2668,0.0714167207479476,False,True
coco:15278:56:441,coco,15278,000000015278.jpg,56,broccoli,broccoli,False,1,105,0.0589952804148197,107.7471,138.9184,176.9369,250.4953,0.0278785116970539,False,True
coco:15278:56:441,coco,15278,000000015278.jpg,56,broccoli,broccoli,False,1,106,0.0586343109607696,210.4891,151.1125,367.6697,320.1493,0.0959474593400955,False,True
coco:15278:56:441,coco,15278,000000015278.jpg,56,broccoli,broccoli,False,1,107,0.058045495301485,155.4807,116.3418,234.8442,190.0218,0.0211166180670261,False,True
coco:15278:56:441,coco,15278,000000015278.jpg,56,broccoli,broccoli,False,1,108,0.0567052252590656,346.8155,220.8412,405.7362,265.6918,0.0095430891960859,False,True
coco:15278:56:441,coco,15278,000000015278.jpg,56,broccoli,broccoli,False,1,109,0.0566030964255332,266.8086,92.959,385.8682,162.6241,0.029952498152852,False,True
coco:15278:56:441,coco,15278,000000015278.jpg,56,broccoli,broccoli,False,1,110,0.0560917779803276,2.4078,113.6381,204.701,462.4158,0.2547905147075653,False,True
coco:15278:56:441,coco,15278,000000015278.jpg,56,broccoli,broccoli,False,1,111,0.0559740252792835,285.0316,97.3937,534.5985,242.749,0.1309998631477356,False,True
coco:15278:56:441,coco,15278,000000015278.jpg,56,broccoli,broccoli,False,1,112,0.0559609681367874,156.3554,117.9535,339.8966,423.4718,0.2024995386600494,False,True
coco:15278:56:441,coco,15278,000000015278.jpg,56,broccoli,broccoli,False,1,113,0.0556844174861907,215.2355,44.9261,499.9523,135.2505,0.0928691700100898,False,True
coco:15278:56:441,coco,15278,000000015278.jpg,56,broccoli,broccoli,False,1,114,0.0552867129445076,477.3827,88.9091,637.3501,214.2969,0.07243362814188,False,True
coco:15278:56:441,coco,15278,000000015278.jpg,56,broccoli,broccoli,False,1,115,0.0552495680749416,340.5658,123.0131,387.2154,166.5075,0.0073271431028842,False,True
coco:15278:56:441,coco,15278,000000015278.jpg,56,broccoli,broccoli,False,1,116,0.0536511875689029,516.2574,219.7905,589.9134,287.3144,0.0179605185985565,False,True
coco:15278:56:441,coco,15278,000000015278.jpg,56,broccoli,broccoli,False,1,117,0.0531988330185413,352.4421,246.2682,500.4204,406.6622,0.0857115611433982,False,True
coco:15278:56:441,coco,15278,000000015278.jpg,56,broccoli,broccoli,False,1,118,0.053091075271368,605.0883,127.6206,639.4105,175.0798,0.0058823316358029,False,True
coco:15278:56:441,coco,15278,000000015278.jpg,56,broccoli,broccoli,False,1,119,0.0530909299850463,341.7982,220.162,405.7782,284.231,0.0148028265684843,False,True
coco:15278:56:441,coco,15278,000000015278.jpg,56,broccoli,broccoli,False,1,120,0.0528057180345058,429.4461,89.7237,638.5951,405.2556,0.2383154928684234,False,True
coco:15278:56:441,coco,15278,000000015278.jpg,56,broccoli,broccoli,False,1,121,0.0527750290930271,321.6508,228.0251,374.5246,281.2187,0.0101567115634679,False,True
coco:15278:56:441,coco,15278,000000015278.jpg,56,broccoli,broccoli,False,1,122,0.0527202002704143,209.316,244.8998,290.8223,356.2564,0.0327763371169567,False,True
coco:15278:56:441,coco,15278,000000015278.jpg,56,broccoli,broccoli,False,1,123,0.0526644326746463,268.2954,103.65,319.9671,138.6881,0.0065380204468965,False,True
coco:15278:56:441,coco,15278,000000015278.jpg,56,broccoli,broccoli,False,1,124,0.0525185912847518,200.9929,223.4437,500.856,472.1,0.2692623436450958,False,True
coco:15278:56:441,coco,15278,000000015278.jpg,56,broccoli,broccoli,False,1,125,0.0516965426504612,595.2104,126.6207,639.2996,195.7749,0.0110103990882635,False,True
coco:15278:56:441,coco,15278,000000015278.jpg,56,broccoli,broccoli,False,1,126,0.0516925975680351,281.8805,240.7216,346.2167,349.7375,0.0253278519958257,False,True
coco:15278:56:441,coco,15278,000000015278.jpg,56,broccoli,broccoli,False,1,127,0.051072996109724,287.5287,322.2048,365.4192,389.6069,0.0189588237553834,False,True
coco:15278:56:441,coco,15278,000000015278.jpg,56,broccoli,broccoli,False,1,128,0.0506715215742588,523.3625,90.1944,638.7684,404.155,0.1308447569608688,False,True
coco:15278:56:441,coco,15278,000000015278.jpg,56,broccoli,broccoli,False,1,129,0.0503739640116691,333.2164,220.0935,405.9457,325.6082,0.027712507173419,False,True
coco:15278:56:441,coco,15278,000000015278.jpg,56,broccoli,broccoli,False,1,130,0.0502215139567852,171.3576,116.5782,232.1016,161.1007,0.0097664445638656,False,True
coco:15278:15:442,coco,15278,000000015278.jpg,15,bench,bench,True,0,0,0.1883905678987503,1.666,0.6956,638.614,476.419,0.0,False,True
coco:15278:15:442,coco,15278,000000015278.jpg,15,bench,bench,True,0,1,0.1464404016733169,66.1445,0.1598,531.1274,119.7322,0.0,False,True
coco:15278:15:442,coco,15278,000000015278.jpg,15,bench,bench,True,0,2,0.0761824995279312,25.5572,278.3392,204.0409,462.9548,0.0,False,True
coco:15278:15:442,coco,15278,000000015278.jpg,15,bench,bench,True,0,3,0.0699975714087486,323.4311,221.8083,499.6213,457.5937,0.0,False,True
coco:15278:15:442,coco,15278,000000015278.jpg,15,bench,bench,True,0,4,0.0611278265714645,157.9228,117.4463,313.3187,251.0941,0.0,False,True
coco:15278:15:442,coco,15278,000000015278.jpg,15,bench,bench,True,0,5,0.061048436909914,537.4859,195.3347,639.1366,405.2114,0.0,False,True
coco:15278:6:443,coco,15278,000000015278.jpg,6,bus,bus,True,0,0,0.1457379907369613,2.0496,0.8156,638.5593,477.5997,0.0,False,True
coco:18193:58:540,coco,18193,000000018193.jpg,58,hot dog,hot dog,False,1,0,0.5479852557182312,248.5541,160.72,290.7858,198.6125,0.836762547492981,True,False
coco:18193:58:540,coco,18193,000000018193.jpg,58,hot dog,hot dog,False,1,1,0.2336413115262985,332.8452,340.2854,423.2215,431.1029,0.0,False,True
coco:18193:58:540,coco,18193,000000018193.jpg,58,hot dog,hot dog,False,1,2,0.0984787493944168,318.373,339.7558,470.3079,438.0706,0.0,False,True
coco:18193:58:540,coco,18193,000000018193.jpg,58,hot dog,hot dog,False,1,3,0.0580833666026592,208.1579,145.0512,291.0873,199.2661,0.3036921918392181,False,True
coco:18193:58:540,coco,18193,000000018193.jpg,58,hot dog,hot dog,False,1,4,0.0570413693785667,84.9064,39.0042,473.7645,476.6719,0.0080227786675095,False,True
coco:18193:43:541,coco,18193,000000018193.jpg,43,tennis racket,tennis racket,True,0,0,0.0559399612247943,248.9797,161.2007,290.4368,198.3082,0.0,False,True
coco:18193:15:542,coco,18193,000000018193.jpg,15,bench,bench,True,0,0,0.3504681587219238,11.7578,118.8908,477.7602,479.358,0.0,False,True
coco:18193:15:542,coco,18193,000000018193.jpg,15,bench,bench,True,0,1,0.1314445286989212,28.8387,39.0305,428.1822,144.7808,0.0,False,True
coco:18193:15:542,coco,18193,000000018193.jpg,15,bench,bench,True,0,2,0.1098786368966102,4.7469,0.3547,428.33,145.4201,0.0,False,True
coco:18193:15:542,coco,18193,000000018193.jpg,15,bench,bench,True,0,3,0.0798796340823173,4.8189,0.3898,638.1168,480.0187,0.0,False,True
coco:18193:15:542,coco,18193,000000018193.jpg,15,bench,bench,True,0,4,0.0633509531617164,30.1854,46.122,197.9739,66.3457,0.0,False,True
coco:18193:15:542,coco,18193,000000018193.jpg,15,bench,bench,True,0,5,0.0619110614061355,194.028,34.758,428.0465,145.154,0.0,False,True
coco:18193:15:542,coco,18193,000000018193.jpg,15,bench,bench,True,0,6,0.061006311327219,3.9161,0.4657,278.3837,66.6266,0.0,False,True
coco:18193:15:542,coco,18193,000000018193.jpg,15,bench,bench,True,0,7,0.059018138796091,288.3812,40.7619,428.1219,144.9791,0.0,False,True
coco:18193:15:542,coco,18193,000000018193.jpg,15,bench,bench,True,0,8,0.0574694573879241,463.1622,18.3429,638.7963,65.405,0.0,False,True
coco:18519:1:549,coco,18519,000000018519.jpg,1,person,person,False,1,0,0.8780293464660645,122.4261,225.9093,362.0931,398.617,0.9533124566078186,True,False
coco:18519:1:549,coco,18519,000000018519.jpg,1,person,person,False,1,1,0.2312105149030685,209.2255,410.471,383.0153,583.9006,0.0,False,True
coco:18519:1:549,coco,18519,000000018519.jpg,1,person,person,False,1,2,0.0798417180776596,237.8121,234.3999,304.4735,359.3131,0.2060646712779998,False,True
coco:18519:1:549,coco,18519,000000018519.jpg,1,person,person,False,1,3,0.0606482811272144,191.1317,233.0638,304.1992,357.4427,0.3480210602283478,False,True
coco:18519:1:549,coco,18519,000000018519.jpg,1,person,person,False,1,4,0.056869987398386,229.2002,234.0626,347.3608,396.8968,0.4761450886726379,False,True
coco:18519:1:549,coco,18519,000000018519.jpg,1,person,person,False,1,5,0.0529308579862117,209.8045,556.1289,406.3387,639.5627,0.0,False,True
coco:18519:23:550,coco,18519,000000018519.jpg,23,bear,bear,True,0,0,0.2461071908473968,122.5199,225.9632,366.9804,398.2371,0.0,False,True
coco:18519:23:550,coco,18519,000000018519.jpg,23,bear,bear,True,0,1,0.186632290482521,209.5936,410.3465,383.2522,584.3243,0.0,False,True
coco:18519:11:551,coco,18519,000000018519.jpg,11,fire hydrant,fire hydrant,True,0,0,0.1722697019577026,122.1002,225.7455,366.955,398.3322,0.0,False,True
coco:18519:11:551,coco,18519,000000018519.jpg,11,fire hydrant,fire hydrant,True,0,1,0.1073188707232475,327.83,313.5307,368.0114,368.7812,0.0,False,True
coco:18737:4:555,coco,18737,000000018737.jpg,4,motorcycle,motorcycle,False,1,0,0.9638161063194276,246.7313,161.5726,592.3326,410.3115,0.9588825106620787,True,False
coco:18737:33:556,coco,18737,000000018737.jpg,33,suitcase,suitcase,True,0,0,0.2871533334255218,282.9842,225.2656,359.7081,275.7508,0.0,False,True
coco:18737:33:556,coco,18737,000000018737.jpg,33,suitcase,suitcase,True,0,1,0.252509593963623,249.6642,169.2823,592.1917,409.7599,0.0,False,True
coco:18737:33:556,coco,18737,000000018737.jpg,33,suitcase,suitcase,True,0,2,0.2242037653923034,253.9344,239.9205,288.648,289.9874,0.0,False,True
coco:18737:33:556,coco,18737,000000018737.jpg,33,suitcase,suitcase,True,0,3,0.1571558117866516,247.3086,207.6663,377.6053,290.1825,0.0,False,True
coco:18737:33:556,coco,18737,000000018737.jpg,33,suitcase,suitcase,True,0,4,0.1485575437545776,253.9533,224.9211,359.9988,289.7727,0.0,False,True
coco:18737:33:556,coco,18737,000000018737.jpg,33,suitcase,suitcase,True,0,5,0.1405244022607803,352.4841,256.0493,418.3237,289.3269,0.0,False,True
coco:18737:33:556,coco,18737,000000018737.jpg,33,suitcase,suitcase,True,0,6,0.0785062238574028,247.4896,207.4961,352.7238,270.4791,0.0,False,True
coco:18737:33:556,coco,18737,000000018737.jpg,33,suitcase,suitcase,True,0,7,0.0681247264146804,352.4282,255.8404,450.9412,293.7083,0.0,False,True
coco:18737:33:556,coco,18737,000000018737.jpg,33,suitcase,suitcase,True,0,8,0.0681026428937912,314.9941,207.3083,352.6152,226.9447,0.0,False,True
coco:18737:33:556,coco,18737,000000018737.jpg,33,suitcase,suitcase,True,0,9,0.0556642636656761,249.6787,207.3564,351.7838,246.2514,0.0,False,True
coco:18737:57:557,coco,18737,000000018737.jpg,57,carrot,carrot,True,0,0,0.2547629475593567,247.6084,171.3082,592.2254,409.7343,0.0,False,True
coco:18770:1:558,coco,18770,000000018770.jpg,1,person,person,False,1,0,0.6893115639686584,212.2471,0.1953,639.4796,427.4378,0.906724214553833,True,False
coco:18770:1:558,coco,18770,000000018770.jpg,1,person,person,False,1,1,0.1202678680419921,1.8505,0.2609,638.5659,427.7262,0.7191982865333557,True,False
coco:18770:77:559,coco,18770,000000018770.jpg,77,cell phone,cell phone,True,0,0,0.220429852604866,169.7272,171.1828,226.8309,235.3265,0.0,False,True
coco:18770:77:559,coco,18770,000000018770.jpg,77,cell phone,cell phone,True,0,1,0.1953693479299545,1.5359,0.1179,638.6404,427.9453,0.0,False,True
coco:18770:77:559,coco,18770,000000018770.jpg,77,cell phone,cell phone,True,0,2,0.0848325118422508,212.7496,0.5757,638.6973,426.9516,0.0,False,True
coco:18770:77:559,coco,18770,000000018770.jpg,77,cell phone,cell phone,True,0,3,0.056020900607109,285.0466,169.9518,363.1077,344.3195,0.0,False,True
coco:18770:77:559,coco,18770,000000018770.jpg,77,cell phone,cell phone,True,0,4,0.0519726574420928,185.2286,180.0277,208.1941,191.1372,0.0,False,True
coco:18770:10:560,coco,18770,000000018770.jpg,10,traffic light,traffic light,True,0,0,0.1034204512834549,285.7383,169.7022,362.8283,343.8929,0.0,False,True
coco:18770:10:560,coco,18770,000000018770.jpg,10,traffic light,traffic light,True,0,1,0.0869597494602203,169.7739,171.34,226.6944,235.2202,0.0,False,True
coco:18770:10:560,coco,18770,000000018770.jpg,10,traffic light,traffic light,True,0,2,0.0592596195638179,213.3712,0.449,638.7504,426.7092,0.0,False,True
coco:20992:58:609,coco,20992,000000020992.jpg,58,hot dog,hot dog,False,1,0,0.4887654483318329,0.4384,212.5002,219.3662,331.5532,0.9036130905151368,True,False
coco:20992:58:609,coco,20992,000000020992.jpg,58,hot dog,hot dog,False,1,1,0.369598388671875,0.6347,212.1892,219.2975,283.246,0.5779478549957275,True,False
coco:20992:58:609,coco,20992,000000020992.jpg,58,hot dog,hot dog,False,1,2,0.1102288514375686,115.8979,263.8023,249.9497,332.5938,0.2418540120124817,False,True
coco:20992:58:609,coco,20992,000000020992.jpg,58,hot dog,hot dog,False,1,3,0.0990450233221054,1.0965,0.7857,498.718,332.335,0.1427501589059829,False,True
coco:20992:58:609,coco,20992,000000020992.jpg,58,hot dog,hot dog,False,1,4,0.0562710016965866,0.2922,256.0921,101.0447,332.4921,0.2830915451049804,False,True
coco:20992:58:609,coco,20992,000000020992.jpg,58,hot dog,hot dog,False,1,5,0.054562147706747,0.5171,259.6347,248.9704,332.5213,0.5249144434928894,True,False
coco:20992:81:610,coco,20992,000000020992.jpg,81,sink,sink,True,0,0,0.1112566143274307,0.5896,158.3904,499.5192,332.3022,0.0,False,True
coco:20992:81:610,coco,20992,000000020992.jpg,81,sink,sink,True,0,1,0.0997093841433525,0.7287,-0.0892,499.8132,332.9026,0.0,False,True
coco:20992:81:610,coco,20992,000000020992.jpg,81,sink,sink,True,0,2,0.0901000872254371,0.8416,213.5618,218.411,276.827,0.0,False,True
coco:20992:88:611,coco,20992,000000020992.jpg,88,teddy bear,teddy bear,True,0,0,0.1472619473934173,1.7497,0.5151,498.5473,332.3896,0.0,False,True
coco:20992:88:611,coco,20992,000000020992.jpg,88,teddy bear,teddy bear,True,0,1,0.1143882200121879,0.7789,212.5927,218.9566,283.8024,0.0,False,True
coco:20992:88:611,coco,20992,000000020992.jpg,88,teddy bear,teddy bear,True,0,2,0.0573766157031059,175.832,0.1707,498.6427,332.2177,0.0,False,True
coco:22192:65:633,coco,22192,000000022192.jpg,65,bed,bed,False,1,0,0.5523791909217834,0.9916,263.4756,638.9611,425.4686,0.9399244785308838,True,False
coco:22192:65:633,coco,22192,000000022192.jpg,65,bed,bed,False,1,1,0.1906731873750686,1.443,0.0398,638.688,425.7879,0.4021249115467071,False,True
coco:22192:65:633,coco,22192,000000022192.jpg,65,bed,bed,False,1,2,0.114027164876461,210.5749,263.555,640.0986,425.3788,0.6319218873977661,True,False
coco:22192:65:633,coco,22192,000000022192.jpg,65,bed,bed,False,1,3,0.1110331192612648,431.3764,278.2342,639.4366,425.4088,0.2784959673881531,False,True
coco:22192:65:633,coco,22192,000000022192.jpg,65,bed,bed,False,1,4,0.1054228320717811,1.067,155.07,638.6338,425.1443,0.6294306516647339,True,False
coco:22192:65:633,coco,22192,000000022192.jpg,65,bed,bed,False,1,5,0.1029362827539444,0.1925,264.5378,101.6919,425.4577,0.1485491693019867,False,True
coco:22192:65:633,coco,22192,000000022192.jpg,65,bed,bed,False,1,6,0.0879651680588722,0.2699,360.3621,100.8348,425.5795,0.0596495792269706,False,True
coco:22192:65:633,coco,22192,000000022192.jpg,65,bed,bed,False,1,7,0.0691574215888977,0.748,349.0168,638.19,425.27,0.4420743286609649,False,True
coco:22192:65:633,coco,22192,000000022192.jpg,65,bed,bed,False,1,8,0.053459532558918,66.4502,0.53,490.1183,280.2214,0.0507047697901725,False,True
coco:22192:65:633,coco,22192,000000022192.jpg,65,bed,bed,False,1,9,0.0505916811525821,354.5642,271.1794,638.8527,425.0426,0.3978238701820373,False,True
coco:22192:64:634,coco,22192,000000022192.jpg,64,potted plant,potted plant,True,0,0,0.0625359490513801,70.5564,118.7051,216.5668,370.9178,0.0,False,True
coco:22192:64:634,coco,22192,000000022192.jpg,64,potted plant,potted plant,True,0,1,0.0546199679374694,251.2769,151.2054,467.4141,324.7551,0.0,False,True
coco:22192:64:634,coco,22192,000000022192.jpg,64,potted plant,potted plant,True,0,2,0.0510508753359317,65.6929,-0.1724,489.7418,278.9243,0.0,False,True
coco:22192:59:635,coco,22192,000000022192.jpg,59,pizza,pizza,True,0,0,0.2238882184028625,273.6889,344.46,417.6935,399.7383,0.0,False,True
coco:22192:59:635,coco,22192,000000022192.jpg,59,pizza,pizza,True,0,1,0.2219618558883667,70.5839,118.5385,216.2699,370.9109,0.0,False,True
coco:22192:59:635,coco,22192,000000022192.jpg,59,pizza,pizza,True,0,2,0.1155130267143249,251.3893,151.0239,465.328,324.4813,0.0,False,True
coco:22192:59:635,coco,22192,000000022192.jpg,59,pizza,pizza,True,0,3,0.0608418956398963,2.5808,275.308,638.0636,425.374,0.0,False,True
coco:22192:59:635,coco,22192,000000022192.jpg,59,pizza,pizza,True,0,4,0.0572051294147968,122.3933,344.93,190.9126,382.2557,0.0,False,True
coco:22192:59:635,coco,22192,000000022192.jpg,59,pizza,pizza,True,0,5,0.0558206290006637,85.0831,335.0579,194.8597,424.314,0.0,False,True
coco:22192:59:635,coco,22192,000000022192.jpg,59,pizza,pizza,True,0,6,0.0538096688687801,470.4849,280.8808,638.7017,424.7981,0.0,False,True
coco:22192:59:635,coco,22192,000000022192.jpg,59,pizza,pizza,True,0,7,0.0503942146897316,189.1574,379.4356,283.2572,409.5792,0.0,False,True
coco:22623:77:648,coco,22623,000000022623.jpg,77,cell phone,cell phone,False,1,0,0.8621557354927063,2.0853,0.1401,638.5978,479.4179,0.93733412027359,True,False
coco:22623:77:648,coco,22623,000000022623.jpg,77,cell phone,cell phone,False,1,1,0.1358396708965301,138.1974,116.5915,306.7631,241.321,0.073330245912075,False,True
coco:22623:77:648,coco,22623,000000022623.jpg,77,cell phone,cell phone,False,1,2,0.0671238675713539,321.2961,52.6275,591.4697,206.3859,0.1448861211538314,False,True
coco:22623:77:648,coco,22623,000000022623.jpg,77,cell phone,cell phone,False,1,3,0.0552323423326015,68.4125,-0.0841,422.7913,93.3481,0.1153647378087043,False,True
coco:22623:11:649,coco,22623,000000022623.jpg,11,fire hydrant,fire hydrant,True,0,0,0.3651716709136963,3.3749,-0.1981,638.588,479.5458,0.0,False,True
coco:22623:70:650,coco,22623,000000022623.jpg,70,toilet,toilet,True,0,0,0.6329302787780762,2.4857,-0.1606,638.7141,479.7129,0.0,False,True
coco:22623:70:650,coco,22623,000000022623.jpg,70,toilet,toilet,True,0,1,0.0743410214781761,138.3407,116.8339,306.6008,241.0093,0.0,False,True
coco:22623:70:650,coco,22623,000000022623.jpg,70,toilet,toilet,True,0,2,0.0529544092714786,321.2795,52.5006,588.8383,205.6437,0.0,False,True
coco:22755:3:654,coco,22755,000000022755.jpg,3,car,car,False,3,0,0.4441937506198883,234.9241,187.7108,378.3797,329.0673,0.0190129540860652,False,True
coco:22755:3:654,coco,22755,000000022755.jpg,3,car,car,False,3,1,0.3992502987384796,363.9404,227.9044,420.8108,253.241,0.9436898231506348,True,False
coco:22755:3:654,coco,22755,000000022755.jpg,3,car,car,False,3,2,0.3388171792030334,441.5048,224.7924,461.9169,232.6234,0.7494932413101196,True,False
coco:22755:3:654,coco,22755,000000022755.jpg,3,car,car,False,3,3,0.3088686168193817,349.7682,227.5289,366.4068,238.7848,0.0249028597027063,False,True
coco:22755:3:654,coco,22755,000000022755.jpg,3,car,car,False,3,4,0.2549814581871032,398.6303,229.3327,424.3275,240.5795,0.7590414881706238,True,False
coco:22755:3:654,coco,22755,000000022755.jpg,3,car,car,False,3,5,0.2469084560871124,407.8265,232.6988,424.5687,240.3722,0.3304651975631714,False,True
coco:22755:3:654,coco,22755,000000022755.jpg,3,car,car,False,3,6,0.1789950728416443,380.6126,230.7488,420.7661,252.9858,0.5973201990127563,True,False
coco:22755:3:654,coco,22755,000000022755.jpg,3,car,car,False,3,7,0.1574394553899765,0.9883,0.2458,639.1891,478.9833,0.0048925760202109,False,True
coco:22755:3:654,coco,22755,000000022755.jpg,3,car,car,False,3,8,0.13967065513134,216.6168,213.0485,260.3794,254.4835,0.0,False,True
coco:22755:3:654,coco,22755,000000022755.jpg,3,car,car,False,3,9,0.1390911787748336,348.8403,213.5066,373.0827,238.8019,0.056101243942976,False,True
coco:22755:3:654,coco,22755,000000022755.jpg,3,car,car,False,3,10,0.1381478309631347,363.965,228.2896,395.2711,247.7684,0.4079422354698181,False,True
coco:22755:3:654,coco,22755,000000022755.jpg,3,car,car,False,3,11,0.1312111616134643,185.3695,0.0555,352.525,143.0578,0.0,False,True
coco:22755:3:654,coco,22755,000000022755.jpg,3,car,car,False,3,12,0.1301366537809372,349.3085,221.3937,369.9104,238.7471,0.0438537113368511,False,True
coco:22755:3:654,coco,22755,000000022755.jpg,3,car,car,False,3,13,0.1248550489544868,217.9704,232.3378,259.3116,254.7856,0.0,False,True
coco:22755:3:654,coco,22755,000000022755.jpg,3,car,car,False,3,14,0.1230393722653389,441.5204,225.0625,456.1313,231.9175,0.8133681416511536,True,False
coco:22755:3:654,coco,22755,000000022755.jpg,3,car,car,False,3,15,0.104579396545887,221.3531,234.8236,232.7389,243.6492,0.0,False,True
coco:22755:3:654,coco,22755,000000022755.jpg,3,car,car,False,3,16,0.1022086516022682,392.311,223.5648,400.7742,228.4712,0.0017171574290841,False,True
coco:22755:3:654,coco,22755,000000022755.jpg,3,car,car,False,3,17,0.0999495834112167,364.6083,227.0471,378.4241,238.0473,0.0904518067836761,False,True
coco:22755:3:654,coco,22755,000000022755.jpg,3,car,car,False,3,18,0.0925709530711174,368.2554,225.0388,381.9559,230.8446,0.0239205341786146,False,True
coco:22755:3:654,coco,22755,000000022755.jpg,3,car,car,False,3,19,0.0877862870693206,363.7204,227.2196,378.9911,243.7816,0.15806645154953,False,True
coco:22755:3:654,coco,22755,000000022755.jpg,3,car,car,False,3,20,0.0817840695381164,349.2177,228.2468,358.5308,238.3602,0.0,False,True
coco:22755:3:654,coco,22755,000000022755.jpg,3,car,car,False,3,21,0.0811039954423904,398.0502,228.8981,407.914,234.5333,0.2041049748659134,False,True
coco:22755:3:654,coco,22755,000000022755.jpg,3,car,car,False,3,22,0.0809400603175163,55.8378,379.9126,509.866,478.9862,0.0,False,True
coco:22755:3:654,coco,22755,000000022755.jpg,3,car,car,False,3,23,0.0803415104746818,349.0876,213.5737,372.9274,227.4073,0.0,False,True
coco:22755:3:654,coco,22755,000000022755.jpg,3,car,car,False,3,24,0.0783911868929863,398.6658,223.9504,409.4112,229.4774,0.0319165252149105,False,True
coco:22755:3:654,coco,22755,000000022755.jpg,3,car,car,False,3,25,0.0771875530481338,360.8212,213.6821,372.9185,225.8166,0.0,False,True
coco:22755:3:654,coco,22755,000000022755.jpg,3,car,car,False,3,26,0.0736348330974578,441.564,225.4673,449.6244,231.8465,0.4175648093223572,False,True
coco:22755:3:654,coco,22755,000000022755.jpg,3,car,car,False,3,27,0.0674975216388702,185.1118,0.036,491.8388,142.1684,0.0,False,True
coco:22755:3:654,coco,22755,000000022755.jpg,3,car,car,False,3,28,0.0659175366163253,189.6971,111.4319,485.1198,380.0266,0.0188387092202901,False,True
coco:22755:3:654,coco,22755,000000022755.jpg,3,car,car,False,3,29,0.0655895844101905,454.3759,226.4709,462.6328,232.3136,0.123917207121849,False,True
coco:22755:3:654,coco,22755,000000022755.jpg,3,car,car,False,3,30,0.0648876726627349,373.1682,224.5119,382.1793,228.6081,0.0026430471334606,False,True
coco:22755:3:654,coco,22755,000000022755.jpg,3,car,car,False,3,31,0.0581113770604133,216.6938,220.935,232.8749,242.0151,0.0,False,True
coco:22755:3:654,coco,22755,000000022755.jpg,3,car,car,False,3,32,0.0560772232711315,360.9436,222.1498,369.8613,227.9182,0.0,False,True
coco:22755:3:654,coco,22755,000000022755.jpg,3,car,car,False,3,33,0.0552453882992267,229.3329,213.7049,257.4242,238.834,0.0,False,True
coco:22755:3:654,coco,22755,000000022755.jpg,3,car,car,False,3,34,0.0546525232493877,348.4693,190.8793,374.3304,206.8475,0.0,False,True
coco:22755:3:654,coco,22755,000000022755.jpg,3,car,car,False,3,35,0.0544696077704429,347.8526,190.4916,374.4732,238.9174,0.0482547022402286,False,True
coco:22755:3:654,coco,22755,000000022755.jpg,3,car,car,False,3,36,0.0529908314347267,380.8597,226.2414,424.4412,240.8137,0.39741912484169,False,True
coco:22755:3:654,coco,22755,000000022755.jpg,3,car,car,False,3,37,0.0529057681560516,0.1877,257.859,159.9049,477.7868,0.0,False,True
coco:22755:3:654,coco,22755,000000022755.jpg,3,car,car,False,3,38,0.0511076934635639,204.6446,220.1738,232.3891,250.143,0.0,False,True
coco:22755:3:654,coco,22755,000000022755.jpg,3,car,car,False,3,39,0.0502905994653701,242.1833,281.0536,376.2837,327.9856,0.0,False,True
coco:22755:11:655,coco,22755,000000022755.jpg,11,fire hydrant,fire hydrant,True,0,0,0.1876642704010009,234.5341,187.178,377.9216,328.239,0.0,False,True
coco:22755:11:655,coco,22755,000000022755.jpg,11,fire hydrant,fire hydrant,True,0,1,0.1159856840968132,403.8829,211.5439,410.5259,227.1308,0.0,False,True
coco:22755:11:655,coco,22755,000000022755.jpg,11,fire hydrant,fire hydrant,True,0,2,0.0919387117028236,187.4896,111.157,483.334,378.1831,0.0,False,True
coco:22755:11:655,coco,22755,000000022755.jpg,11,fire hydrant,fire hydrant,True,0,3,0.059870958328247,234.6781,228.3121,377.3898,327.3697,0.0,False,True
coco:22755:11:655,coco,22755,000000022755.jpg,11,fire hydrant,fire hydrant,True,0,4,0.0520783700048923,2.172,0.3573,637.7597,478.3359,0.0,False,True
coco:22755:86:656,coco,22755,000000022755.jpg,86,vase,vase,True,0,0,0.1762118190526962,187.9792,108.2208,485.433,377.613,0.0,False,True
coco:22755:86:656,coco,22755,000000022755.jpg,86,vase,vase,True,0,1,0.140629768371582,234.8927,188.1317,377.981,328.8334,0.0,False,True
coco:22755:86:656,coco,22755,000000022755.jpg,86,vase,vase,True,0,2,0.0612992979586124,0.4379,0.1174,152.7411,160.4858,0.0,False,True
coco:23023:33:666,coco,23023,000000023023.jpg,33,suitcase,suitcase,False,1,0,0.4915644228458404,204.6351,166.7492,411.7596,427.6774,0.9712191224098206,True,False
coco:23023:33:666,coco,23023,000000023023.jpg,33,suitcase,suitcase,False,1,1,0.3404211103916168,405.377,232.9307,569.2497,407.6208,0.0096663832664489,False,True
coco:23023:33:666,coco,23023,000000023023.jpg,33,suitcase,suitcase,False,1,2,0.338045597076416,204.6502,0.041,411.6593,427.6705,0.5944799780845642,True,False
coco:23023:33:666,coco,23023,000000023023.jpg,33,suitcase,suitcase,False,1,3,0.2264311611652374,69.7457,199.6952,207.9122,432.2893,0.0043297917582094,False,True
coco:23023:33:666,coco,23023,000000023023.jpg,33,suitcase,suitcase,False,1,4,0.1604634374380111,405.2628,0.3421,569.1531,407.7827,0.0093187177553772,False,True
coco:23023:33:666,coco,23023,000000023023.jpg,33,suitcase,suitcase,False,1,5,0.1328637301921844,203.8563,0.1395,568.9367,426.8137,0.3378387093544006,False,True
coco:23023:33:666,coco,23023,000000023023.jpg,33,suitcase,suitcase,False,1,6,0.1207881122827529,69.8548,0.4934,208.5857,432.7513,0.0052995830774307,False,True
coco:23023:33:666,coco,23023,000000023023.jpg,33,suitcase,suitcase,False,1,7,0.1008340567350387,203.6816,166.7304,568.9577,426.7695,0.5529652833938599,True,False
coco:23023:33:666,coco,23023,000000023023.jpg,33,suitcase,suitcase,False,1,8,0.054496020078659,74.3633,294.573,204.6907,431.0952,0.0,False,True
coco:23023:33:666,coco,23023,000000023023.jpg,33,suitcase,suitcase,False,1,9,0.0540073662996292,0.3495,382.0338,80.6719,441.368,0.0,False,True
coco:23023:16:667,coco,23023,000000023023.jpg,16,bird,bird,True,0,0,0.0802919790148735,205.3446,167.4093,411.515,427.207,0.0,False,True
coco:23023:16:667,coco,23023,000000023023.jpg,16,bird,bird,True,0,1,0.0622521229088306,0.3646,382.2408,80.9128,440.9089,0.0,False,True
coco:23023:16:667,coco,23023,000000023023.jpg,16,bird,bird,True,0,2,0.0509836487472057,405.2023,233.1482,569.2129,407.6437,0.0,False,True
coco:23023:88:668,coco,23023,000000023023.jpg,88,teddy bear,teddy bear,True,0,0,0.0910216346383094,204.9045,167.2425,411.887,427.8302,0.0,False,True
coco:23023:88:668,coco,23023,000000023023.jpg,88,teddy bear,teddy bear,True,0,1,0.0839024111628532,69.5276,199.642,208.4722,432.5978,0.0,False,True
coco:23023:88:668,coco,23023,000000023023.jpg,88,teddy bear,teddy bear,True,0,2,0.0775933340191841,404.8941,233.0296,569.1969,407.6721,0.0,False,True
coco:23023:88:668,coco,23023,000000023023.jpg,88,teddy bear,teddy bear,True,0,3,0.0701439604163169,0.8794,381.9385,81.0536,441.138,0.0,False,True
coco:23126:1:672,coco,23126,000000023126.jpg,1,person,person,False,1,0,0.8911830186843872,164.2977,11.4196,276.93,346.4453,0.9468193650245668,True,False
coco:23126:1:672,coco,23126,000000023126.jpg,1,person,person,False,1,1,0.0770473554730415,259.019,317.4233,297.9167,339.2838,0.0114514492452144,False,True
coco:23126:1:672,coco,23126,000000023126.jpg,1,person,person,False,1,2,0.0564608871936798,0.6253,278.2751,504.0238,427.4204,0.0756999105215072,False,True
coco:23126:10:673,coco,23126,000000023126.jpg,10,traffic light,traffic light,True,0,0,0.1311141848564148,2.0206,277.389,501.8047,427.0329,0.0,False,True
coco:23126:10:673,coco,23126,000000023126.jpg,10,traffic light,traffic light,True,0,1,0.0554963983595371,121.0804,322.239,174.4407,361.4439,0.0,False,True
coco:23126:85:674,coco,23126,000000023126.jpg,85,clock,clock,True,0,0,0.1038049980998039,1.8272,277.128,504.0594,426.8431,0.0,False,True
coco:23126:85:674,coco,23126,000000023126.jpg,85,clock,clock,True,0,1,0.0702871456742286,163.284,11.5592,276.9617,346.6583,0.0,False,True
coco:23359:1:681,coco,23359,000000023359.jpg,1,person,person,False,1,0,0.9076706767082214,249.6503,94.845,350.263,263.0169,0.9549425840377808,True,False
coco:23359:1:681,coco,23359,000000023359.jpg,1,person,person,False,1,1,0.0530028194189071,264.0054,171.5455,300.539,293.0833,0.18071910738945,False,True
coco:23359:84:682,coco,23359,000000023359.jpg,84,book,book,True,0,0,0.1531908959150314,264.1379,175.5689,300.0822,292.753,0.0,False,True
coco:23359:51:683,coco,23359,000000023359.jpg,51,bowl,bowl,True,0,0,0.0688478723168373,264.0313,173.9768,300.327,292.7568,0.0,False,True
coco:24144:59:705,coco,24144,000000024144.jpg,59,pizza,pizza,False,1,0,0.9277216792106628,68.2503,23.0772,561.4942,455.9927,0.9942195415496826,True,False
coco:24144:31:706,coco,24144,000000024144.jpg,31,handbag,handbag,True,0,0,0.3109613358974457,2.107,0.8862,637.4163,477.5276,0.0,False,True
coco:24144:31:706,coco,24144,000000024144.jpg,31,handbag,handbag,True,0,1,0.0539702996611595,0.5449,0.4355,67.3119,137.2514,0.0,False,True
coco:24144:54:707,coco,24144,000000024144.jpg,54,sandwich,sandwich,True,0,0,0.3725259900093078,67.9804,23.7218,561.9915,456.4716,0.0,False,True
coco:25394:47:741,coco,25394,000000025394.jpg,47,cup,cup,False,1,0,0.473852276802063,245.4324,436.7239,375.2434,639.4835,0.9291172027587892,True,False
coco:25394:47:741,coco,25394,000000025394.jpg,47,cup,cup,False,1,1,0.3215832710266113,346.677,262.3388,361.3117,296.8158,0.0,False,True
coco:25394:47:741,coco,25394,000000025394.jpg,47,cup,cup,False,1,2,0.3038230240345001,326.9033,264.7604,341.3526,295.816,0.0,False,True
coco:25394:47:741,coco,25394,000000025394.jpg,47,cup,cup,False,1,3,0.3003109395503998,335.7981,264.405,350.2943,296.35,0.0,False,True
coco:25394:47:741,coco,25394,000000025394.jpg,47,cup,cup,False,1,4,0.2901902794837951,360.0028,261.6002,376.6388,294.787,0.0,False,True
coco:25394:47:741,coco,25394,000000025394.jpg,47,cup,cup,False,1,5,0.2841962575912475,354.7441,408.0955,418.4704,574.7912,0.0862764865159988,False,True
coco:25394:47:741,coco,25394,000000025394.jpg,47,cup,cup,False,1,6,0.2644898891448974,358.355,261.5785,369.964,294.0007,0.0,False,True
coco:25394:47:741,coco,25394,000000025394.jpg,47,cup,cup,False,1,7,0.2397853881120681,367.3687,261.3304,378.2616,293.2094,0.0,False,True
coco:25394:47:741,coco,25394,000000025394.jpg,47,cup,cup,False,1,8,0.2297547757625579,339.7195,264.8843,351.2797,296.1412,0.0,False,True
coco:25394:47:741,coco,25394,000000025394.jpg,47,cup,cup,False,1,9,0.2210593223571777,347.2419,225.1277,358.5228,250.3021,0.0,False,True
coco:25394:47:741,coco,25394,000000025394.jpg,47,cup,cup,False,1,10,0.2111321538686752,300.5613,226.0608,315.1,252.7981,0.0,False,True
coco:25394:47:741,coco,25394,000000025394.jpg,47,cup,cup,False,1,11,0.191052496433258,371.056,85.2396,393.2678,126.403,0.0,False,True
coco:25394:47:741,coco,25394,000000025394.jpg,47,cup,cup,False,1,12,0.1905970275402069,297.4074,230.5191,307.538,253.1082,0.0,False,True
coco:25394:47:741,coco,25394,000000025394.jpg,47,cup,cup,False,1,13,0.1893026530742645,312.3714,226.6437,324.9942,252.5497,0.0,False,True
coco:25394:47:741,coco,25394,000000025394.jpg,47,cup,cup,False,1,14,0.1853341609239578,324.095,226.9254,335.6612,252.3355,0.0,False,True
coco:25394:47:741,coco,25394,000000025394.jpg,47,cup,cup,False,1,15,0.1769410520792007,357.4698,225.5403,369.1448,250.0812,0.0,False,True
coco:25394:47:741,coco,25394,000000025394.jpg,47,cup,cup,False,1,16,0.1627954840660095,307.5523,226.7141,320.5335,252.6916,0.0,False,True
coco:25394:47:741,coco,25394,000000025394.jpg,47,cup,cup,False,1,17,0.1626028716564178,318.4458,225.7731,334.632,252.6945,0.0,False,True
coco:25394:47:741,coco,25394,000000025394.jpg,47,cup,cup,False,1,18,0.1590642929077148,353.1204,225.5618,362.5738,250.1869,0.0,False,True
coco:25394:47:741,coco,25394,000000025394.jpg,47,cup,cup,False,1,19,0.1445634961128235,429.5408,289.4219,441.5174,302.4776,0.0,False,True
coco:25394:47:741,coco,25394,000000025394.jpg,47,cup,cup,False,1,20,0.14208984375,327.4085,264.0125,348.6124,296.5014,0.0,False,True
coco:25394:47:741,coco,25394,000000025394.jpg,47,cup,cup,False,1,21,0.1306629925966262,326.949,275.4609,338.8258,295.7391,0.0,False,True
coco:25394:47:741,coco,25394,000000025394.jpg,47,cup,cup,False,1,22,0.1220815330743789,133.9327,191.5773,212.9138,230.0757,0.0,False,True
coco:25394:47:741,coco,25394,000000025394.jpg,47,cup,cup,False,1,23,0.1199268698692321,358.8608,261.9373,368.5434,284.9867,0.0,False,True
coco:25394:47:741,coco,25394,000000025394.jpg,47,cup,cup,False,1,24,0.1131474152207374,238.9191,219.843,252.7738,256.1634,0.0,False,True
coco:25394:47:741,coco,25394,000000025394.jpg,47,cup,cup,False,1,25,0.1128851473331451,440.502,297.7434,452.0694,309.9899,0.0,False,True
coco:25394:47:741,coco,25394,000000025394.jpg,47,cup,cup,False,1,26,0.1110495179891586,333.2726,264.7227,350.7567,312.6181,0.0,False,True
coco:25394:47:741,coco,25394,000000025394.jpg,47,cup,cup,False,1,27,0.1027680709958076,347.1184,226.2378,354.171,249.8859,0.0,False,True
coco:25394:47:741,coco,25394,000000025394.jpg,47,cup,cup,False,1,28,0.1014665439724922,347.5257,224.6739,370.3386,250.4517,0.0,False,True
coco:25394:47:741,coco,25394,000000025394.jpg,47,cup,cup,False,1,29,0.1010665073990821,327.5215,261.7031,377.6833,297.8591,0.0,False,True
coco:25394:47:741,coco,25394,000000025394.jpg,47,cup,cup,False,1,30,0.1006883084774017,345.835,262.5172,362.3799,312.9738,0.0,False,True
coco:25394:47:741,coco,25394,000000025394.jpg,47,cup,cup,False,1,31,0.1006049215793609,333.0211,264.5404,343.8011,295.9014,0.0,False,True
coco:25394:47:741,coco,25394,000000025394.jpg,47,cup,cup,False,1,32,0.0998492389917373,333.2722,263.6664,360.4594,313.6543,0.0,False,True
coco:25394:47:741,coco,25394,000000025394.jpg,47,cup,cup,False,1,33,0.0937522202730178,365.6378,227.7528,376.9904,249.8477,0.0,False,True
coco:25394:47:741,coco,25394,000000025394.jpg,47,cup,cup,False,1,34,0.0833823308348655,298.7536,224.1427,335.5662,253.205,0.0,False,True
coco:25394:47:741,coco,25394,000000025394.jpg,47,cup,cup,False,1,35,0.0809252485632896,355.2842,407.9242,418.4178,503.4773,0.044336799532175,False,True
coco:25394:47:741,coco,25394,000000025394.jpg,47,cup,cup,False,1,36,0.0736231133341789,239.3348,220.0294,252.5204,242.3259,0.0,False,True
coco:25394:47:741,coco,25394,000000025394.jpg,47,cup,cup,False,1,37,0.0724251717329025,214.7463,374.2809,255.8518,460.1822,0.0088754156604409,False,True
coco:25394:47:741,coco,25394,000000025394.jpg,47,cup,cup,False,1,38,0.0714465826749801,16.5292,346.1068,41.3196,370.9549,0.0,False,True
coco:25394:47:741,coco,25394,000000025394.jpg,47,cup,cup,False,1,39,0.0711159110069274,369.1631,260.754,377.503,278.9822,0.0,False,True
coco:25394:47:741,coco,25394,000000025394.jpg,47,cup,cup,False,1,40,0.0700113922357559,148.0969,35.5376,163.9414,59.6141,0.0,False,True
coco:25394:47:741,coco,25394,000000025394.jpg,47,cup,cup,False,1,41,0.0700039342045784,290.6783,282.5299,302.1735,300.496,0.0,False,True
coco:25394:47:741,coco,25394,000000025394.jpg,47,cup,cup,False,1,42,0.0682139322161674,185.7777,229.2222,206.7461,257.9985,0.0,False,True
coco:25394:47:741,coco,25394,000000025394.jpg,47,cup,cup,False,1,43,0.0669523999094963,189.1519,314.0495,234.1081,364.5517,0.0,False,True
coco:25394:47:741,coco,25394,000000025394.jpg,47,cup,cup,False,1,44,0.0662778988480568,349.2957,262.1344,359.6422,278.8093,0.0,False,True
coco:25394:47:741,coco,25394,000000025394.jpg,47,cup,cup,False,1,45,0.0657936185598373,359.476,261.5383,367.958,275.1325,0.0,False,True
coco:25394:47:741,coco,25394,000000025394.jpg,47,cup,cup,False,1,46,0.0654465109109878,30.9232,141.2943,71.7402,158.4562,0.0,False,True
coco:25394:47:741,coco,25394,000000025394.jpg,47,cup,cup,False,1,47,0.065289981663227,250.7832,269.7424,263.3321,277.2788,0.0,False,True
coco:25394:47:741,coco,25394,000000025394.jpg,47,cup,cup,False,1,48,0.0646298602223396,327.3991,261.671,379.3903,315.9989,0.0,False,True
coco:25394:47:741,coco,25394,000000025394.jpg,47,cup,cup,False,1,49,0.0627304762601852,235.5838,270.8547,250.0793,278.6298,0.0,False,True
coco:25394:47:741,coco,25394,000000025394.jpg,47,cup,cup,False,1,50,0.0599650777876377,354.468,82.7774,373.093,121.2124,0.0,False,True
coco:25394:47:741,coco,25394,000000025394.jpg,47,cup,cup,False,1,51,0.0599483214318752,189.0725,313.4673,257.2296,460.0707,0.0080584324896335,False,True
coco:25394:47:741,coco,25394,000000025394.jpg,47,cup,cup,False,1,52,0.0589500404894351,196.194,217.0416,212.5294,229.9613,0.0,False,True
coco:25394:47:741,coco,25394,000000025394.jpg,47,cup,cup,False,1,53,0.0583585351705551,31.1229,158.6597,54.0647,180.8854,0.0,False,True
coco:25394:47:741,coco,25394,000000025394.jpg,47,cup,cup,False,1,54,0.0582093298435211,396.7578,278.3163,408.9392,324.0622,0.0,False,True
coco:25394:47:741,coco,25394,000000025394.jpg,47,cup,cup,False,1,55,0.0557701103389263,204.8383,218.8452,222.2592,257.3762,0.0,False,True
coco:25394:47:741,coco,25394,000000025394.jpg,47,cup,cup,False,1,56,0.0536102838814258,430.194,273.0505,454.5704,299.2402,0.0,False,True
coco:25394:47:741,coco,25394,000000025394.jpg,47,cup,cup,False,1,57,0.05269331112504,215.0254,374.4023,255.4027,430.2788,0.0,False,True
coco:25394:47:741,coco,25394,000000025394.jpg,47,cup,cup,False,1,58,0.0525862053036689,368.7225,260.5556,376.1139,271.4308,0.0,False,True
coco:25394:47:741,coco,25394,000000025394.jpg,47,cup,cup,False,1,59,0.0516581498086452,350.6133,136.4584,362.5529,169.7234,0.0,False,True
coco:25394:47:741,coco,25394,000000025394.jpg,47,cup,cup,False,1,60,0.0512677431106567,299.6183,228.3559,307.5879,252.1784,0.0,False,True
coco:25394:47:741,coco,25394,000000025394.jpg,47,cup,cup,False,1,61,0.051254566758871,333.0411,263.8651,343.2145,278.0416,0.0,False,True
coco:25394:47:741,coco,25394,000000025394.jpg,47,cup,cup,False,1,62,0.0510225817561149,346.4928,0.5365,429.5563,126.086,0.0,False,True
coco:25394:47:741,coco,25394,000000025394.jpg,47,cup,cup,False,1,63,0.050921443849802,440.3424,182.5101,448.2584,199.657,0.0,False,True
coco:25394:47:741,coco,25394,000000025394.jpg,47,cup,cup,False,1,64,0.0507046394050121,348.0346,186.7743,366.2543,215.739,0.0,False,True
coco:25394:47:741,coco,25394,000000025394.jpg,47,cup,cup,False,1,65,0.0505042932927608,348.2447,199.2328,365.7477,215.8243,0.0,False,True
coco:25394:47:741,coco,25394,000000025394.jpg,47,cup,cup,False,1,66,0.0503188855946064,185.5114,217.5771,212.1436,258.2804,0.0,False,True
coco:25394:47:741,coco,25394,000000025394.jpg,47,cup,cup,False,1,67,0.0502207204699516,264.1509,268.7522,277.905,276.2621,0.0,False,True
coco:25603:84:752,coco,25603,000000025603.jpg,84,book,book,False,1,0,0.4672514498233795,466.7101,366.5998,639.6478,479.7261,0.9790876507759094,True,False
coco:25603:84:752,coco,25603,000000025603.jpg,84,book,book,False,1,1,0.2171260565519333,327.4098,143.5051,369.3497,159.022,0.0,False,True
coco:25603:84:752,coco,25603,000000025603.jpg,84,book,book,False,1,2,0.1995803713798523,253.8361,153.8705,272.2456,188.2995,0.0,False,True
coco:25603:84:752,coco,25603,000000025603.jpg,84,book,book,False,1,3,0.1682431399822235,327.5657,148.132,369.0503,158.9522,0.0,False,True
coco:25603:84:752,coco,25603,000000025603.jpg,84,book,book,False,1,4,0.1556084305047989,199.3393,316.7022,484.2982,419.2424,0.018625596538186,False,True
coco:25603:84:752,coco,25603,000000025603.jpg,84,book,book,False,1,5,0.1482734084129333,326.7655,143.4157,371.5937,164.7004,0.0,False,True
coco:25603:84:752,coco,25603,000000025603.jpg,84,book,book,False,1,6,0.1418595910072326,573.9327,98.526,639.6085,214.3344,0.0,False,True
coco:25603:84:752,coco,25603,000000025603.jpg,84,book,book,False,1,7,0.1200789958238601,327.7355,155.9196,372.2801,164.968,0.0,False,True
coco:25603:84:752,coco,25603,000000025603.jpg,84,book,book,False,1,8,0.1179798245429992,242.7851,158.1183,256.1902,187.9679,0.0,False,True
coco:25603:84:752,coco,25603,000000025603.jpg,84,book,book,False,1,9,0.1170457899570465,327.474,151.4395,372.1116,165.2315,0.0,False,True
coco:25603:84:752,coco,25603,000000025603.jpg,84,book,book,False,1,10,0.0962841659784317,467.3254,462.0336,534.7436,479.8655,0.060485403984785,False,True
coco:25603:84:752,coco,25603,000000025603.jpg,84,book,book,False,1,11,0.0955880880355835,467.1154,462.2001,585.808,479.9062,0.1058105006814003,False,True
coco:25603:84:752,coco,25603,000000025603.jpg,84,book,book,False,1,12,0.0874407142400741,242.8955,156.2185,273.0134,188.1961,0.0,False,True
coco:25603:84:752,coco,25603,000000025603.jpg,84,book,book,False,1,13,0.0867645666003227,467.0452,461.3752,638.3873,480.0179,0.1608265191316604,False,True
coco:25603:84:752,coco,25603,000000025603.jpg,84,book,book,False,1,14,0.0800700411200523,253.1282,74.3217,269.6353,92.1467,0.0,False,True
coco:25603:84:752,coco,25603,000000025603.jpg,84,book,book,False,1,15,0.0796161666512489,272.408,49.378,289.6958,59.4346,0.0,False,True
coco:25603:84:752,coco,25603,000000025603.jpg,84,book,book,False,1,16,0.0790075734257698,250.1152,50.2184,270.4007,68.764,0.0,False,True
coco:25603:84:752,coco,25603,000000025603.jpg,84,book,book,False,1,17,0.0786134973168373,227.9292,52.212,247.2531,69.5284,0.0,False,True
coco:25603:84:752,coco,25603,000000025603.jpg,84,book,book,False,1,18,0.0773951336741447,266.3614,53.2362,315.3228,98.1283,0.0,False,True
coco:25603:84:752,coco,25603,000000025603.jpg,84,book,book,False,1,19,0.0702611282467842,466.8201,413.7687,639.313,479.733,0.5714030265808105,True,False
coco:25603:84:752,coco,25603,000000025603.jpg,84,book,book,False,1,20,0.0694127976894378,92.8497,157.2617,152.889,181.8483,0.0,False,True
coco:25603:84:752,coco,25603,000000025603.jpg,84,book,book,False,1,21,0.0691810324788093,467.1926,462.2419,501.7579,479.7657,0.0301745738834142,False,True
coco:25603:84:752,coco,25603,000000025603.jpg,84,book,book,False,1,22,0.0659936219453811,313.8668,48.8859,330.2259,65.8363,0.0,False,True
coco:25603:84:752,coco,25603,000000025603.jpg,84,book,book,False,1,23,0.0635643824934959,386.037,86.9219,406.7916,111.6004,0.0,False,True
coco:25603:84:752,coco,25603,000000025603.jpg,84,book,book,False,1,24,0.0629763752222061,243.1024,158.1831,285.1544,187.8554,0.0,False,True
coco:25603:84:752,coco,25603,000000025603.jpg,84,book,book,False,1,25,0.0613640137016773,228.8479,73.2967,252.2996,94.442,0.0,False,True
coco:25603:84:752,coco,25603,000000025603.jpg,84,book,book,False,1,26,0.0610187500715255,383.3264,49.5244,405.2006,76.1998,0.0,False,True
coco:25603:84:752,coco,25603,000000025603.jpg,84,book,book,False,1,27,0.0607447437942028,378.715,5.2262,404.7617,51.4476,0.0,False,True
coco:25603:84:752,coco,25603,000000025603.jpg,84,book,book,False,1,28,0.0593807809054851,466.8444,444.1656,638.7906,480.0224,0.3098499476909637,False,True
coco:25603:84:752,coco,25603,000000025603.jpg,84,book,book,False,1,29,0.0581007190048694,467.0523,444.788,587.9679,479.988,0.2140588611364364,False,True
coco:25603:84:752,coco,25603,000000025603.jpg,84,book,book,False,1,30,0.0565237179398536,506.0756,92.1441,517.5962,107.2445,0.0,False,True
coco:25603:84:752,coco,25603,000000025603.jpg,84,book,book,False,1,31,0.0552075691521167,6.6726,333.6246,295.4554,479.3223,0.0,False,True
coco:25603:84:752,coco,25603,000000025603.jpg,84,book,book,False,1,32,0.0551923364400863,242.8932,151.5191,318.9158,188.0925,0.0,False,True
coco:25603:84:752,coco,25603,000000025603.jpg,84,book,book,False,1,33,0.0530970431864261,293.7444,49.0978,313.7861,68.1768,0.0,False,True
coco:25603:84:752,coco,25603,000000025603.jpg,84,book,book,False,1,34,0.052804946899414,135.0257,157.2572,152.7358,172.735,0.0,False,True
coco:25603:84:752,coco,25603,000000025603.jpg,84,book,book,False,1,35,0.0527950972318649,96.4198,157.2759,152.7557,172.7475,0.0,False,True
coco:25603:84:752,coco,25603,000000025603.jpg,84,book,book,False,1,36,0.0522969923913478,572.1165,81.6593,616.527,125.8826,0.0,False,True
coco:25603:84:752,coco,25603,000000025603.jpg,84,book,book,False,1,37,0.0514126047492027,314.6233,69.9667,331.9668,87.7323,0.0,False,True
coco:25603:84:752,coco,25603,000000025603.jpg,84,book,book,False,1,38,0.051014270633459,411.2561,39.842,433.5712,81.1421,0.0,False,True
coco:25603:84:752,coco,25603,000000025603.jpg,84,book,book,False,1,39,0.0502782240509986,364.8018,90.3747,383.6502,112.9515,0.0,False,True
coco:28993:1:809,coco,28993,000000028993.jpg,1,person,person,False,9,0,0.6274969577789307,31.6429,239.6824,43.5391,276.3562,0.7991640567779541,True,False
coco:28993:1:809,coco,28993,000000028993.jpg,1,person,person,False,9,1,0.4364036321640014,64.0637,245.1609,74.0751,272.6639,0.7502772212028503,True,False
coco:28993:1:809,coco,28993,000000028993.jpg,1,person,person,False,9,2,0.4234241843223572,146.8135,246.0572,155.916,271.4897,0.8122190833091736,True,False
coco:28993:1:809,coco,28993,000000028993.jpg,1,person,person,False,9,3,0.4094628095626831,135.4488,246.5544,146.0262,271.5569,0.7998496890068054,True,False
coco:28993:1:809,coco,28993,000000028993.jpg,1,person,person,False,9,4,0.2924757003784179,114.3893,247.5695,121.9287,271.2503,0.9301328659057616,True,False
coco:28993:1:809,coco,28993,000000028993.jpg,1,person,person,False,9,5,0.2665968537330627,52.8201,251.8635,61.1737,272.5713,0.6539760231971741,True,False
coco:28993:1:809,coco,28993,000000028993.jpg,1,person,person,False,9,6,0.2609056830406189,126.7549,247.6113,134.3863,270.8024,0.598733127117157,True,False
coco:28993:1:809,coco,28993,000000028993.jpg,1,person,person,False,9,7,0.2090020626783371,98.1198,247.6904,107.5454,271.7834,0.8624101877212524,True,False
coco:28993:1:809,coco,28993,000000028993.jpg,1,person,person,False,9,8,0.1701158732175827,71.0844,255.1281,76.909,270.9309,0.092414453625679,False,True
coco:28993:1:809,coco,28993,000000028993.jpg,1,person,person,False,9,9,0.1587658077478408,90.7722,246.7181,99.9957,272.1946,0.706438422203064,True,False
coco:28993:1:809,coco,28993,000000028993.jpg,1,person,person,False,9,10,0.145714670419693,189.823,244.3319,196.312,252.6466,0.0,False,True
coco:28993:1:809,coco,28993,000000028993.jpg,1,person,person,False,9,11,0.1451876014471054,76.0892,256.3689,85.1737,269.8993,0.0,False,True
coco:28993:1:809,coco,28993,000000028993.jpg,1,person,person,False,9,12,0.1418786644935608,53.6481,247.0756,62.0078,272.3122,0.6582658886909485,True,False
coco:28993:1:809,coco,28993,000000028993.jpg,1,person,person,False,9,13,0.1361426711082458,88.4923,254.3146,95.5138,272.2801,0.261443018913269,False,True
coco:28993:1:809,coco,28993,000000028993.jpg,1,person,person,False,9,14,0.1278924196958542,188.0221,244.623,196.3942,270.8419,0.0,False,True
coco:28993:1:809,coco,28993,000000028993.jpg,1,person,person,False,9,15,0.1270355284214019,51.5797,249.825,58.8509,272.4943,0.3684967756271362,False,True
coco:28993:1:809,coco,28993,000000028993.jpg,1,person,person,False,9,16,0.1214329823851585,157.5608,244.081,164.7624,254.2078,0.0,False,True
coco:28993:1:809,coco,28993,000000028993.jpg,1,person,person,False,9,17,0.1152415052056312,106.6112,247.2471,115.7362,271.4024,0.0832739472389221,False,True
coco:28993:1:809,coco,28993,000000028993.jpg,1,person,person,False,9,18,0.1114459484815597,90.7773,257.9305,98.1821,272.2357,0.4631337821483612,False,True
coco:28993:1:809,coco,28993,000000028993.jpg,1,person,person,False,9,19,0.0942907184362411,108.231,257.9779,115.8631,271.3566,0.0715133994817733,False,True
coco:28993:1:809,coco,28993,000000028993.jpg,1,person,person,False,9,20,0.092729352414608,52.1518,256.5041,58.0273,272.7709,0.2992075383663177,False,True
coco:28993:1:809,coco,28993,000000028993.jpg,1,person,person,False,9,21,0.090416707098484,52.5576,240.3087,61.5324,272.78,0.4394176006317138,False,True
coco:28993:1:809,coco,28993,000000028993.jpg,1,person,person,False,9,22,0.0878790766000747,79.4286,257.0328,85.4196,269.3897,0.0,False,True
coco:28993:1:809,coco,28993,000000028993.jpg,1,person,person,False,9,23,0.087591752409935,62.6327,256.9841,68.7871,272.2625,0.312102198600769,False,True
coco:28993:1:809,coco,28993,000000028993.jpg,1,person,person,False,9,24,0.0801007747650146,64.0174,245.6289,70.9682,271.9753,0.6078284978866577,True,False
coco:28993:1:809,coco,28993,000000028993.jpg,1,person,person,False,9,25,0.0793639570474624,56.7804,257.4644,61.7323,272.4293,0.4500535726547241,False,True
coco:28993:1:809,coco,28993,000000028993.jpg,1,person,person,False,9,26,0.0792426243424415,127.5652,253.5639,133.107,270.953,0.4607226252555847,False,True
coco:28993:1:809,coco,28993,000000028993.jpg,1,person,person,False,9,27,0.0757000818848609,135.0858,247.5876,141.6433,270.98,0.4920852780342102,False,True
coco:28993:1:809,coco,28993,000000028993.jpg,1,person,person,False,9,28,0.0736773386597633,185.0695,244.4968,195.808,261.2221,0.0,False,True
coco:28993:1:809,coco,28993,000000028993.jpg,1,person,person,False,9,29,0.0713955909013748,12.0638,253.798,19.4691,287.016,0.0,False,True
coco:28993:1:809,coco,28993,000000028993.jpg,1,person,person,False,9,30,0.0694277435541153,92.1914,241.7154,99.555,260.0394,0.3030687868595123,False,True
coco:28993:1:809,coco,28993,000000028993.jpg,1,person,person,False,9,31,0.0677028968930244,157.9181,244.1296,168.9353,254.4802,0.0,False,True
coco:28993:1:809,coco,28993,000000028993.jpg,1,person,person,False,9,32,0.0651915371417999,12.5399,263.5934,18.5506,286.9218,0.0,False,True
coco:28993:1:809,coco,28993,000000028993.jpg,1,person,person,False,9,33,0.0642585083842277,88.0049,257.8651,93.115,272.04,0.0623036138713359,False,True
coco:28993:1:809,coco,28993,000000028993.jpg,1,person,person,False,9,34,0.0640194192528724,0.0866,186.7181,13.6647,217.1598,0.0,False,True
coco:28993:1:809,coco,28993,000000028993.jpg,1,person,person,False,9,35,0.0600570961833,103.6873,247.3717,110.561,271.6615,0.3345794677734375,False,True
coco:28993:1:809,coco,28993,000000028993.jpg,1,person,person,False,9,36,0.0596429295837879,50.7795,245.0279,57.2376,260.3504,0.0939464271068573,False,True
coco:28993:1:809,coco,28993,000000028993.jpg,1,person,person,False,9,37,0.0563215427100658,116.9313,248.0957,122.206,270.9159,0.5777581930160522,True,False
coco:28993:1:809,coco,28993,000000028993.jpg,1,person,person,False,9,38,0.0540589429438114,155.3194,244.2162,166.4801,270.5091,0.0471488907933235,False,True
coco:28993:1:809,coco,28993,000000028993.jpg,1,person,person,False,9,39,0.0524841137230396,68.5114,257.7438,74.9703,271.983,0.203962042927742,False,True
coco:28993:1:809,coco,28993,000000028993.jpg,1,person,person,False,9,40,0.0517251379787921,164.5009,235.7119,171.689,253.2171,0.0,False,True
coco:28993:1:809,coco,28993,000000028993.jpg,1,person,person,False,9,41,0.0507532283663749,0.0708,186.6871,18.0205,287.176,0.0,False,True
coco:28993:1:809,coco,28993,000000028993.jpg,1,person,person,False,9,42,0.0505173243582248,325.6676,225.712,448.6896,610.7966,0.0,False,True
coco:28993:1:809,coco,28993,000000028993.jpg,1,person,person,False,9,43,0.0503615103662014,96.8518,257.2895,104.1954,271.8521,0.3178827166557312,False,True
coco:28993:46:810,coco,28993,000000028993.jpg,46,wine glass,wine glass,True,0,0,0.0724477544426918,323.2999,225.9912,448.7618,610.9078,0.0,False,True
coco:28993:46:810,coco,28993,000000028993.jpg,46,wine glass,wine glass,True,0,1,0.0518492050468921,251.2385,233.9094,333.8619,537.4119,0.0,False,True
coco:28993:8:811,coco,28993,000000028993.jpg,8,truck,truck,True,0,0,0.2643483579158783,155.0596,251.1541,190.9628,276.1301,0.0,False,True
coco:28993:8:811,coco,28993,000000028993.jpg,8,truck,truck,True,0,1,0.1503253877162933,154.8853,219.2442,212.7594,276.2946,0.0,False,True
coco:28993:8:811,coco,28993,000000028993.jpg,8,truck,truck,True,0,2,0.1424824595451355,63.6231,241.34,90.6419,268.684,0.0,False,True
coco:28993:8:811,coco,28993,000000028993.jpg,8,truck,truck,True,0,3,0.1281198114156723,155.052,243.2775,210.6105,276.0558,0.0,False,True
coco:28993:8:811,coco,28993,000000028993.jpg,8,truck,truck,True,0,4,0.1243750974535942,448.7311,253.3107,598.0922,282.0333,0.0,False,True
coco:28993:8:811,coco,28993,000000028993.jpg,8,truck,truck,True,0,5,0.1192224472761154,64.5863,241.3385,89.696,257.7052,0.0,False,True
coco:28993:8:811,coco,28993,000000028993.jpg,8,truck,truck,True,0,6,0.1121793463826179,17.0683,253.7299,54.7429,274.8323,0.0,False,True
coco:28993:8:811,coco,28993,000000028993.jpg,8,truck,truck,True,0,7,0.1048038601875305,175.6624,221.5154,212.362,250.7329,0.0,False,True
coco:28993:8:811,coco,28993,000000028993.jpg,8,truck,truck,True,0,8,0.0977985486388206,0.0431,216.3778,16.4326,287.7467,0.0,False,True
coco:28993:8:811,coco,28993,000000028993.jpg,8,truck,truck,True,0,9,0.0968834087252616,173.7775,212.3446,214.2679,252.0416,0.0,False,True
coco:28993:8:811,coco,28993,000000028993.jpg,8,truck,truck,True,0,10,0.0915135741233825,64.0487,241.6103,114.5737,270.4877,0.0,False,True
coco:28993:8:811,coco,28993,000000028993.jpg,8,truck,truck,True,0,11,0.0905678048729896,0.0587,186.3425,17.0217,287.7483,0.0,False,True
coco:28993:8:811,coco,28993,000000028993.jpg,8,truck,truck,True,0,12,0.0894620418548584,154.8413,219.6677,278.4964,275.7889,0.0,False,True
coco:28993:8:811,coco,28993,000000028993.jpg,8,truck,truck,True,0,13,0.0875223726034164,318.8283,223.3016,449.2277,611.4155,0.0,False,True
coco:28993:8:811,coco,28993,000000028993.jpg,8,truck,truck,True,0,14,0.0841260254383087,312.6089,209.4717,456.8431,251.6182,0.0,False,True
coco:28993:8:811,coco,28993,000000028993.jpg,8,truck,truck,True,0,15,0.079742357134819,314.3662,220.9836,403.4258,243.362,0.0,False,True
coco:28993:8:811,coco,28993,000000028993.jpg,8,truck,truck,True,0,16,0.0762359127402305,175.0293,219.5373,272.1804,250.7606,0.0,False,True
coco:28993:8:811,coco,28993,000000028993.jpg,8,truck,truck,True,0,17,0.0718625262379646,89.3187,244.4275,115.2629,271.1992,0.0,False,True
coco:28993:8:811,coco,28993,000000028993.jpg,8,truck,truck,True,0,18,0.0704580023884773,312.3208,211.9839,403.8276,243.4712,0.0,False,True
coco:28993:8:811,coco,28993,000000028993.jpg,8,truck,truck,True,0,19,0.0703041478991508,168.9999,-0.147,611.1926,272.9074,0.0,False,True
coco:28993:8:811,coco,28993,000000028993.jpg,8,truck,truck,True,0,20,0.0699234679341316,189.7331,222.8562,449.6794,611.1811,0.0,False,True
coco:28993:8:811,coco,28993,000000028993.jpg,8,truck,truck,True,0,21,0.0668175965547561,135.397,247.2253,155.6712,271.4267,0.0,False,True
coco:28993:8:811,coco,28993,000000028993.jpg,8,truck,truck,True,0,22,0.0635375380516052,173.2306,211.6582,308.5533,251.5928,0.0,False,True
coco:28993:8:811,coco,28993,000000028993.jpg,8,truck,truck,True,0,23,0.0623625628650188,487.0615,211.5957,611.6435,266.7821,0.0,False,True
coco:28993:8:811,coco,28993,000000028993.jpg,8,truck,truck,True,0,24,0.0607564710080623,17.1588,254.0447,33.7496,274.821,0.0,False,True
coco:28993:8:811,coco,28993,000000028993.jpg,8,truck,truck,True,0,25,0.0601367428898811,64.6265,241.3813,113.9565,259.0009,0.0,False,True
coco:28993:8:811,coco,28993,000000028993.jpg,8,truck,truck,True,0,26,0.0594376809895038,146.3067,247.5269,155.8909,271.2755,0.0,False,True
coco:28993:8:811,coco,28993,000000028993.jpg,8,truck,truck,True,0,27,0.0592703782021999,90.1129,244.0938,114.1431,259.2947,0.0,False,True
coco:28993:8:811,coco,28993,000000028993.jpg,8,truck,truck,True,0,28,0.0587222650647163,448.6111,245.763,511.8297,277.522,0.0,False,True
coco:28993:8:811,coco,28993,000000028993.jpg,8,truck,truck,True,0,29,0.0584734715521335,449.972,245.8176,511.7095,257.2388,0.0,False,True
coco:28993:8:811,coco,28993,000000028993.jpg,8,truck,truck,True,0,30,0.0561358854174613,236.6982,221.0077,271.0973,239.1787,0.0,False,True
coco:28993:8:811,coco,28993,000000028993.jpg,8,truck,truck,True,0,31,0.0560311488807201,154.8821,222.2103,403.0123,276.0856,0.0,False,True
coco:28993:8:811,coco,28993,000000028993.jpg,8,truck,truck,True,0,32,0.053877655416727,72.2536,255.8954,87.5832,269.7113,0.0,False,True
coco:28993:8:811,coco,28993,000000028993.jpg,8,truck,truck,True,0,33,0.0519396960735321,312.4444,210.4427,611.2542,260.9734,0.0,False,True
coco:28993:8:811,coco,28993,000000028993.jpg,8,truck,truck,True,0,34,0.0514176040887832,105.7813,187.8771,150.0701,270.6801,0.0,False,True
coco:28993:8:811,coco,28993,000000028993.jpg,8,truck,truck,True,0,35,0.050399474799633,45.9723,234.5561,64.2691,254.6816,0.0,False,True
coco:29397:1:818,coco,29397,000000029397.jpg,1,person,person,False,1,0,0.767702043056488,325.6169,0.1724,544.2866,204.4888,0.9519978165626526,True,False
coco:29397:1:818,coco,29397,000000029397.jpg,1,person,person,False,1,1,0.1064346432685852,444.5913,0.3606,544.0754,201.0994,0.4321348667144775,False,True
coco:29397:1:818,coco,29397,000000029397.jpg,1,person,person,False,1,2,0.0981931909918785,326.0881,0.5855,422.2519,204.2605,0.442223310470581,False,True
coco:29397:1:818,coco,29397,000000029397.jpg,1,person,person,False,1,3,0.0545654296875,0.4551,149.128,194.6405,256.7751,0.0,False,True
coco:29397:43:819,coco,29397,000000029397.jpg,43,tennis racket,tennis racket,True,0,0,0.2128070294857025,9.1183,155.0354,611.0129,408.6305,0.0,False,True
coco:29397:43:819,coco,29397,000000029397.jpg,43,tennis racket,tennis racket,True,0,1,0.1620720773935318,324.4479,0.221,541.5782,203.6857,0.0,False,True
coco:29397:43:819,coco,29397,000000029397.jpg,43,tennis racket,tennis racket,True,0,2,0.1447075307369232,1.5406,149.1533,194.5331,256.3742,0.0,False,True
coco:29397:43:819,coco,29397,000000029397.jpg,43,tennis racket,tennis racket,True,0,3,0.0910640209913253,3.7625,153.9987,610.2805,273.0721,0.0,False,True
coco:29397:43:819,coco,29397,000000029397.jpg,43,tennis racket,tennis racket,True,0,4,0.0896694436669349,325.9188,134.7958,403.3903,204.3103,0.0,False,True
coco:29397:43:819,coco,29397,000000029397.jpg,43,tennis racket,tennis racket,True,0,5,0.0654958188533783,422.8079,267.5967,578.9318,409.1514,0.0,False,True
coco:29397:43:819,coco,29397,000000029397.jpg,43,tennis racket,tennis racket,True,0,6,0.0559413805603981,453.1022,140.491,524.42,201.1147,0.0,False,True
coco:29397:43:819,coco,29397,000000029397.jpg,43,tennis racket,tennis racket,True,0,7,0.0544834658503532,325.562,0.281,421.342,204.4981,0.0,False,True
coco:29397:43:819,coco,29397,000000029397.jpg,43,tennis racket,tennis racket,True,0,8,0.0507118478417396,313.3682,0.1368,628.1875,204.0509,0.0,False,True
coco:29397:8:820,coco,29397,000000029397.jpg,8,truck,truck,True,0,0,0.2984502017498016,10.4062,151.5444,611.3318,409.3323,0.0,False,True
coco:29397:8:820,coco,29397,000000029397.jpg,8,truck,truck,True,0,1,0.1724792271852493,1.7169,0.7423,636.2951,421.3484,0.0,False,True
coco:29397:8:820,coco,29397,000000029397.jpg,8,truck,truck,True,0,2,0.0849686786532402,2.7239,148.888,194.649,256.8566,0.0,False,True
coco:29397:8:820,coco,29397,000000029397.jpg,8,truck,truck,True,0,3,0.051473494619131,2.9422,149.9996,610.469,276.463,0.0,False,True
coco:29984:1:830,coco,29984,000000029984.jpg,1,person,person,False,4,0,0.8496368527412415,221.841,208.7651,262.054,249.9811,0.7995858788490295,True,False
coco:29984:1:830,coco,29984,000000029984.jpg,1,person,person,False,4,1,0.8284359574317932,331.6524,156.5728,359.1456,197.8183,0.9581298828125,True,False
coco:29984:1:830,coco,29984,000000029984.jpg,1,person,person,False,4,2,0.8263714909553528,128.0198,216.5364,180.2694,253.1624,0.8902766704559326,True,False
coco:29984:1:830,coco,29984,000000029984.jpg,1,person,person,False,4,3,0.794552206993103,283.2801,175.9765,301.3353,199.4477,0.8593031167984009,True,False
coco:29984:1:830,coco,29984,000000029984.jpg,1,person,person,False,4,4,0.0861288160085678,321.6403,165.3349,617.3469,431.6642,0.0108157629147171,False,True
coco:29984:1:830,coco,29984,000000029984.jpg,1,person,person,False,4,5,0.0856487676501274,141.5673,252.097,156.7559,262.1165,0.0,False,True
coco:29984:1:830,coco,29984,000000029984.jpg,1,person,person,False,4,6,0.0692479833960533,321.6625,165.9689,617.4596,278.8152,0.0248944144695997,False,True
coco:29984:1:830,coco,29984,000000029984.jpg,1,person,person,False,4,7,0.0587508417665958,237.1951,249.0151,259.511,262.0325,0.045149091631174,False,True
coco:29984:84:831,coco,29984,000000029984.jpg,84,book,book,True,0,0,0.0794031471014022,321.3106,165.3278,617.0277,430.1314,0.0,False,True
coco:29984:84:831,coco,29984,000000029984.jpg,84,book,book,True,0,1,0.0747134089469909,321.8781,165.931,617.0101,278.386,0.0,False,True
coco:29984:41:832,coco,29984,000000029984.jpg,41,skateboard,skateboard,True,0,0,0.1257851123809814,321.2476,165.5984,617.1756,430.8619,0.0,False,True
coco:29984:41:832,coco,29984,000000029984.jpg,41,skateboard,skateboard,True,0,1,0.0898242071270942,321.7141,165.9316,617.1026,278.57,0.0,False,True
coco:31050:86:851,coco,31050,000000031050.jpg,86,vase,vase,False,1,0,0.522214949131012,152.9871,356.9073,267.8593,565.0535,0.594774067401886,True,False
coco:31050:86:851,coco,31050,000000031050.jpg,86,vase,vase,False,1,1,0.4308838844299316,359.1599,519.2627,426.3122,639.4102,0.0,False,True
coco:31050:86:851,coco,31050,000000031050.jpg,86,vase,vase,False,1,2,0.3275278508663177,0.3342,145.5234,64.6512,322.7533,0.0,False,True
coco:31050:86:851,coco,31050,000000031050.jpg,86,vase,vase,False,1,3,0.2831884324550628,148.5666,247.6854,273.9255,565.0878,0.9056989550590516,True,False
coco:31050:86:851,coco,31050,000000031050.jpg,86,vase,vase,False,1,4,0.2445302456617355,215.6915,219.6732,278.2774,376.3474,0.1928104758262634,False,True
coco:31050:86:851,coco,31050,000000031050.jpg,86,vase,vase,False,1,5,0.167433425784111,0.1402,505.149,21.3375,604.0118,0.0,False,True
coco:31050:86:851,coco,31050,000000031050.jpg,86,vase,vase,False,1,6,0.1541341990232467,388.9617,152.9054,426.2532,383.0188,0.0,False,True
coco:31050:86:851,coco,31050,000000031050.jpg,86,vase,vase,False,1,7,0.1266213506460189,25.9701,1.1795,382.8683,564.4537,0.1819682419300079,False,True
coco:31050:86:851,coco,31050,000000031050.jpg,86,vase,vase,False,1,8,0.1213059350848198,26.996,0.4052,384.0891,375.5283,0.0944370776414871,False,True
coco:31050:86:851,coco,31050,000000031050.jpg,86,vase,vase,False,1,9,0.0776753202080726,172.5486,247.489,274.4135,375.947,0.3513107001781463,False,True
coco:31050:86:851,coco,31050,000000031050.jpg,86,vase,vase,False,1,10,0.0683556497097015,27.5651,0.7257,277.0305,376.0003,0.1278595477342605,False,True
coco:31050:86:851,coco,31050,000000031050.jpg,86,vase,vase,False,1,11,0.0656222999095916,359.5396,0.2021,426.4058,85.5644,0.0,False,True
coco:31050:86:851,coco,31050,000000031050.jpg,86,vase,vase,False,1,12,0.0644669383764267,163.8553,193.9162,212.4096,237.5502,0.0,False,True
coco:31050:86:851,coco,31050,000000031050.jpg,86,vase,vase,False,1,13,0.0621212422847747,216.8316,219.2406,278.5218,261.6966,0.0200434010475873,False,True
coco:31050:86:851,coco,31050,000000031050.jpg,86,vase,vase,False,1,14,0.0604466348886489,172.4962,247.1533,213.7645,370.6872,0.1365842670202255,False,True
coco:31050:86:851,coco,31050,000000031050.jpg,86,vase,vase,False,1,15,0.05714588239789,164.2681,193.8885,212.7485,370.0821,0.1492121368646621,False,True
coco:31050:86:851,coco,31050,000000031050.jpg,86,vase,vase,False,1,16,0.0555728338658809,216.597,219.7426,278.5115,281.9886,0.0504482500255107,False,True
coco:31050:86:851,coco,31050,000000031050.jpg,86,vase,vase,False,1,17,0.0555586330592632,251.1566,174.5112,271.0113,221.0546,0.0,False,True
coco:31050:86:851,coco,31050,000000031050.jpg,86,vase,vase,False,1,18,0.0516186878085136,213.2394,219.8416,278.2009,533.7971,0.4409340620040893,False,True
coco:31050:86:851,coco,31050,000000031050.jpg,86,vase,vase,False,1,19,0.0507300235331058,240.9272,90.2522,270.6436,220.8856,0.0,False,True
coco:31050:80:852,coco,31050,000000031050.jpg,80,toaster,toaster,True,0,0,0.2324285358190536,69.6491,490.4398,326.9543,639.2446,0.0,False,True
coco:31050:80:852,coco,31050,000000031050.jpg,80,toaster,toaster,True,0,1,0.1139815971255302,0.419,312.6104,142.8466,638.6698,0.0,False,True
coco:31050:80:852,coco,31050,000000031050.jpg,80,toaster,toaster,True,0,2,0.1044251769781112,359.0983,519.0951,426.2501,639.2012,0.0,False,True
coco:31050:80:852,coco,31050,000000031050.jpg,80,toaster,toaster,True,0,3,0.0961383134126663,358.8506,0.185,426.2242,86.2637,0.0,False,True
coco:31050:80:852,coco,31050,000000031050.jpg,80,toaster,toaster,True,0,4,0.0935859382152557,0.5418,145.6579,64.7206,322.9027,0.0,False,True
coco:31050:80:852,coco,31050,000000031050.jpg,80,toaster,toaster,True,0,5,0.0677087754011154,151.3886,247.1849,273.8042,564.7383,0.0,False,True
coco:31050:80:852,coco,31050,000000031050.jpg,80,toaster,toaster,True,0,6,0.0577399507164955,153.2413,356.6423,268.492,564.861,0.0,False,True
coco:31050:80:852,coco,31050,000000031050.jpg,80,toaster,toaster,True,0,7,0.0574884302914142,0.1959,504.962,21.8222,604.4228,0.0,False,True
coco:31050:80:852,coco,31050,000000031050.jpg,80,toaster,toaster,True,0,8,0.0555053614079952,1.6388,0.6668,425.2715,638.2439,0.0,False,True
coco:31050:80:852,coco,31050,000000031050.jpg,80,toaster,toaster,True,0,9,0.0538523383438587,17.3484,-0.2731,345.7025,566.7937,0.0,False,True
coco:31050:23:853,coco,31050,000000031050.jpg,23,bear,bear,True,0,0,0.1091998070478439,21.5422,0.9035,376.9939,564.0247,0.0,False,True
coco:31050:23:853,coco,31050,000000031050.jpg,23,bear,bear,True,0,1,0.1010021492838859,28.106,0.1419,275.0594,563.4785,0.0,False,True
coco:31050:23:853,coco,31050,000000031050.jpg,23,bear,bear,True,0,2,0.0985403582453727,241.0542,90.2152,270.6337,148.7422,0.0,False,True
coco:31050:23:853,coco,31050,000000031050.jpg,23,bear,bear,True,0,3,0.0960400104522705,388.8117,153.1153,426.1748,382.8987,0.0,False,True
coco:31050:23:853,coco,31050,000000031050.jpg,23,bear,bear,True,0,4,0.0943272337317466,183.3717,385.129,262.6493,548.246,0.0,False,True
coco:31050:23:853,coco,31050,000000031050.jpg,23,bear,bear,True,0,5,0.0923275128006935,163.9185,193.7337,212.2829,237.1708,0.0,False,True
coco:31050:23:853,coco,31050,000000031050.jpg,23,bear,bear,True,0,6,0.0806882679462432,155.1973,356.7061,267.3398,561.0964,0.0,False,True
coco:31050:23:853,coco,31050,000000031050.jpg,23,bear,bear,True,0,7,0.0758344680070877,359.4045,0.0801,426.204,85.6512,0.0,False,True
coco:31050:23:853,coco,31050,000000031050.jpg,23,bear,bear,True,0,8,0.0532948300242424,26.9622,0.2503,379.6987,376.8255,0.0,False,True
coco:31093:41:854,coco,31093,000000031093.jpg,41,skateboard,skateboard,False,2,0,0.6855052709579468,242.2156,318.9253,354.5424,357.4517,0.2334321737289428,False,True
coco:31093:41:854,coco,31093,000000031093.jpg,41,skateboard,skateboard,False,2,1,0.2556932270526886,483.172,17.6587,508.6146,30.0603,0.6776880621910095,True,False
coco:31093:41:854,coco,31093,000000031093.jpg,41,skateboard,skateboard,False,2,2,0.2177703976631164,483.1659,17.5862,517.9061,36.5929,0.3238395452499389,False,True
coco:31093:41:854,coco,31093,000000031093.jpg,41,skateboard,skateboard,False,2,3,0.1457106918096542,483.0882,17.4027,536.9062,35.6779,0.2174091190099716,False,True
coco:31093:41:854,coco,31093,000000031093.jpg,41,skateboard,skateboard,False,2,4,0.0892026796936988,221.1112,80.9408,444.8833,330.8223,0.0204020645469427,False,True
coco:31093:41:854,coco,31093,000000031093.jpg,41,skateboard,skateboard,False,2,5,0.0819935351610183,533.1173,3.6402,548.748,15.0542,0.0,False,True
coco:31093:41:854,coco,31093,000000031093.jpg,41,skateboard,skateboard,False,2,6,0.0814126059412956,583.2606,31.3756,613.0448,74.1421,0.0,False,True
coco:31093:41:854,coco,31093,000000031093.jpg,41,skateboard,skateboard,False,2,7,0.0707265585660934,0.0889,3.4855,15.1124,12.6363,0.0,False,True
coco:31093:41:854,coco,31093,000000031093.jpg,41,skateboard,skateboard,False,2,8,0.0704936683177948,241.5713,193.393,356.3029,357.3984,0.0606279447674751,False,True
coco:31093:41:854,coco,31093,000000031093.jpg,41,skateboard,skateboard,False,2,9,0.0702830031514167,583.3344,45.5769,599.5724,72.3299,0.0,False,True
coco:31093:41:854,coco,31093,000000031093.jpg,41,skateboard,skateboard,False,2,10,0.0668966695666313,0.1195,-0.0043,28.9778,12.6501,0.0,False,True
coco:31093:41:854,coco,31093,000000031093.jpg,41,skateboard,skateboard,False,2,11,0.0663964673876762,618.4141,80.8518,638.5134,101.5272,0.0,False,True
coco:31093:41:854,coco,31093,000000031093.jpg,41,skateboard,skateboard,False,2,12,0.0660798177123069,505.4431,30.8851,516.9628,37.2584,0.0,False,True
coco:31093:41:854,coco,31093,000000031093.jpg,41,skateboard,skateboard,False,2,13,0.0639737099409103,533.2072,4.0749,572.6881,39.7146,0.0,False,True
coco:31093:41:854,coco,31093,000000031093.jpg,41,skateboard,skateboard,False,2,14,0.0631418004631996,0.1603,-0.0337,44.5325,18.6786,0.0,False,True
coco:31093:41:854,coco,31093,000000031093.jpg,41,skateboard,skateboard,False,2,15,0.0573247335851192,556.3832,40.9761,578.9792,54.9458,0.0,False,True
coco:31093:41:854,coco,31093,000000031093.jpg,41,skateboard,skateboard,False,2,16,0.0563909709453582,14.2324,-0.0143,28.83,5.5938,0.0,False,True
coco:31093:41:854,coco,31093,000000031093.jpg,41,skateboard,skateboard,False,2,17,0.0561199001967906,584.0547,44.7891,610.5754,74.1935,0.0,False,True
coco:31093:41:854,coco,31093,000000031093.jpg,41,skateboard,skateboard,False,2,18,0.0534374490380287,606.0537,70.451,626.2008,92.4242,0.0,False,True
coco:31093:41:854,coco,31093,000000031093.jpg,41,skateboard,skateboard,False,2,19,0.0530001260340213,532.7082,4.1145,549.912,37.9919,0.0,False,True
coco:31093:41:854,coco,31093,000000031093.jpg,41,skateboard,skateboard,False,2,20,0.0509150065481662,521.7071,18.2585,538.3853,32.3309,0.0,False,True
coco:31093:47:855,coco,31093,000000031093.jpg,47,cup,cup,True,0,0,0.0751615166664123,292.6362,82.9053,340.8427,114.1505,0.0,False,True
coco:31093:47:855,coco,31093,000000031093.jpg,47,cup,cup,True,0,1,0.0744065791368484,15.8883,-0.0282,28.6842,5.1886,0.0,False,True
coco:31093:47:855,coco,31093,000000031093.jpg,47,cup,cup,True,0,2,0.0651138722896575,593.9867,61.2268,603.0629,74.9402,0.0,False,True
coco:31093:47:855,coco,31093,000000031093.jpg,47,cup,cup,True,0,3,0.0521941967308521,603.5651,33.1124,613.2472,48.298,0.0,False,True
coco:31093:79:856,coco,31093,000000031093.jpg,79,oven,oven,True,0,0,0.0566762052476406,221.2918,81.6759,444.2539,328.721,0.0,False,True
coco:31620:61:875,coco,31620,000000031620.jpg,61,cake,cake,False,1,0,0.2698143422603607,145.2392,275.5757,189.3192,328.2481,0.8473150730133057,True,False
coco:31620:61:875,coco,31620,000000031620.jpg,61,cake,cake,False,1,1,0.2332671582698822,127.0225,275.3292,205.9106,339.628,0.4729420244693756,False,True
coco:31620:61:875,coco,31620,000000031620.jpg,61,cake,cake,False,1,2,0.1682770699262619,157.5796,286.535,174.965,300.6635,0.1023896560072898,False,True
coco:31620:61:875,coco,31620,000000031620.jpg,61,cake,cake,False,1,3,0.1310084760189056,153.3356,286.3169,182.1143,306.4859,0.2419540137052536,False,True
coco:31620:61:875,coco,31620,000000031620.jpg,61,cake,cake,False,1,4,0.1096871495246887,181.4252,400.3885,226.9625,445.2133,0.0,False,True
coco:31620:61:875,coco,31620,000000031620.jpg,61,cake,cake,False,1,5,0.1059850603342056,396.7784,283.4012,450.6764,303.8124,0.0,False,True
coco:31620:61:875,coco,31620,000000031620.jpg,61,cake,cake,False,1,6,0.1043835282325744,146.3761,299.6876,188.3131,326.4095,0.465112566947937,False,True
coco:31620:61:875,coco,31620,000000031620.jpg,61,cake,cake,False,1,7,0.1031304970383644,219.2117,323.6669,240.479,336.2198,0.0,False,True
coco:31620:61:875,coco,31620,000000031620.jpg,61,cake,cake,False,1,8,0.0963290333747863,146.3442,315.3863,188.4069,325.2722,0.1725843995809555,False,True
coco:31620:61:875,coco,31620,000000031620.jpg,61,cake,cake,False,1,9,0.0889074429869651,153.5603,298.6161,182.2551,306.9426,0.0995954051613807,False,True
coco:31620:61:875,coco,31620,000000031620.jpg,61,cake,cake,False,1,10,0.0859535634517669,149.9017,299.6223,186.2796,316.1586,0.2507562041282654,False,True
coco:31620:61:875,coco,31620,000000031620.jpg,61,cake,cake,False,1,11,0.0831667110323906,397.0829,283.4849,440.3881,295.6165,0.0,False,True
coco:31620:61:875,coco,31620,000000031620.jpg,61,cake,cake,False,1,12,0.0765427127480506,407.3141,283.6019,440.3869,294.26,0.0,False,True
coco:31620:61:875,coco,31620,000000031620.jpg,61,cake,cake,False,1,13,0.0744092240929603,225.0438,323.705,239.8561,333.6086,0.0,False,True
coco:31620:61:875,coco,31620,000000031620.jpg,61,cake,cake,False,1,14,0.0728371813893318,149.6934,305.4766,186.3466,316.2669,0.1648629009723663,False,True
coco:31620:61:875,coco,31620,000000031620.jpg,61,cake,cake,False,1,15,0.0690460801124572,407.9231,284.3327,419.5318,293.8722,0.0,False,True
coco:31620:61:875,coco,31620,000000031620.jpg,61,cake,cake,False,1,16,0.0687782913446426,157.9776,275.5547,182.0775,300.9048,0.2284379303455352,False,True
coco:31620:61:875,coco,31620,000000031620.jpg,61,cake,cake,False,1,17,0.0669131949543953,126.3711,325.5724,206.4169,339.6188,0.0792267769575119,False,True
coco:31620:61:875,coco,31620,000000031620.jpg,61,cake,cake,False,1,18,0.0612377151846885,379.6229,275.1237,389.3311,290.74,0.0,False,True
coco:31620:61:875,coco,31620,000000031620.jpg,61,cake,cake,False,1,19,0.0594325773417949,395.924,286.8566,405.8633,294.6628,0.0,False,True
coco:31620:61:875,coco,31620,000000031620.jpg,61,cake,cake,False,1,20,0.0573398992419242,422.6358,283.9463,440.3138,294.1006,0.0,False,True
coco:31620:61:875,coco,31620,000000031620.jpg,61,cake,cake,False,1,21,0.0563189052045345,110.5792,275.8122,258.8041,444.2613,0.096079982817173,False,True
coco:31620:61:875,coco,31620,000000031620.jpg,61,cake,cake,False,1,22,0.0557868741452693,441.8075,275.255,451.2253,295.3129,0.0,False,True
coco:31620:61:875,coco,31620,000000031620.jpg,61,cake,cake,False,1,23,0.0544064939022064,342.7323,279.5033,349.9125,286.9458,0.0,False,True
coco:31620:61:875,coco,31620,000000031620.jpg,61,cake,cake,False,1,24,0.0527211166918277,127.1682,299.2089,205.9234,339.8227,0.3453365564346313,False,True
coco:31620:61:875,coco,31620,000000031620.jpg,61,cake,cake,False,1,25,0.0500232465565204,372.1611,266.635,399.1262,293.0067,0.0,False,True
coco:32570:42:899,coco,32570,000000032570.jpg,42,surfboard,surfboard,False,1,0,0.5522249937057495,231.7709,247.4774,380.3687,316.0881,0.841813325881958,True,False
coco:32570:42:899,coco,32570,000000032570.jpg,42,surfboard,surfboard,False,1,1,0.2538361251354217,170.2615,184.6262,380.23,315.9993,0.3179010152816772,False,True
coco:32570:42:899,coco,32570,000000032570.jpg,42,surfboard,surfboard,False,1,2,0.1424618661403656,286.8059,275.088,379.9786,315.4212,0.4038138389587402,False,True
coco:32570:42:899,coco,32570,000000032570.jpg,42,surfboard,surfboard,False,1,3,0.1304804384708404,181.662,226.0127,380.261,316.5961,0.4840335547924042,False,True
coco:32570:42:899,coco,32570,000000032570.jpg,42,surfboard,surfboard,False,1,4,0.0531571395695209,170.024,165.9,310.5246,294.4944,0.1213310956954956,False,True
coco:32570:58:900,coco,32570,000000032570.jpg,58,hot dog,hot dog,True,0,0,0.1348817646503448,169.947,162.7254,309.9338,293.1068,0.0,False,True
coco:32570:58:900,coco,32570,000000032570.jpg,58,hot dog,hot dog,True,0,1,0.1171893700957298,169.284,162.2114,380.736,316.4334,0.0,False,True
coco:32570:58:900,coco,32570,000000032570.jpg,58,hot dog,hot dog,True,0,2,0.1080114245414733,230.851,247.5977,380.0975,316.0211,0.0,False,True
coco:32570:13:901,coco,32570,000000032570.jpg,13,stop sign,stop sign,True,0,0,0.0755312293767929,169.329,161.983,380.6787,317.0161,0.0,False,True
coco:32570:13:901,coco,32570,000000032570.jpg,13,stop sign,stop sign,True,0,1,0.0683647617697715,231.3907,247.014,380.3121,316.2126,0.0,False,True
coco:32861:1:914,coco,32861,000000032861.jpg,1,person,person,False,1,0,0.8413227796554565,85.7541,198.6471,313.4901,639.0938,0.9913324117660522,True,False
coco:32861:1:914,coco,32861,000000032861.jpg,1,person,person,False,1,1,0.3783398270606994,329.088,68.7042,377.0124,208.3248,0.0,False,True
coco:32861:1:914,coco,32861,000000032861.jpg,1,person,person,False,1,2,0.0875025242567062,258.4073,296.8059,265.2282,303.571,0.0004606616566888,False,True
coco:32861:1:914,coco,32861,000000032861.jpg,1,person,person,False,1,3,0.0767822936177253,330.791,70.3526,361.9944,201.9571,0.0,False,True
coco:32861:1:914,coco,32861,000000032861.jpg,1,person,person,False,1,4,0.076022669672966,329.3737,74.3174,344.7692,164.6703,0.0,False,True
coco:32861:1:914,coco,32861,000000032861.jpg,1,person,person,False,1,5,0.0641524419188499,330.6629,70.0344,359.4465,169.2472,0.0,False,True
coco:32861:1:914,coco,32861,000000032861.jpg,1,person,person,False,1,6,0.0611495301127433,232.142,203.0435,259.2937,297.7158,0.0256618801504373,False,True
coco:32861:1:914,coco,32861,000000032861.jpg,1,person,person,False,1,7,0.0543958842754364,32.8837,53.3976,366.8811,639.4379,0.5107709765434265,True,False
coco:32861:1:914,coco,32861,000000032861.jpg,1,person,person,False,1,8,0.0507142469286918,75.6194,310.1661,88.5278,637.9119,0.0070113944821059,False,True
coco:32861:44:915,coco,32861,000000032861.jpg,44,bottle,bottle,True,0,0,0.0844152569770813,86.5576,198.7523,313.0078,638.1734,0.0,False,True
coco:32861:44:915,coco,32861,000000032861.jpg,44,bottle,bottle,True,0,1,0.0812224373221397,123.1788,410.2918,131.1658,455.0735,0.0,False,True
coco:32861:44:915,coco,32861,000000032861.jpg,44,bottle,bottle,True,0,2,0.0791494250297546,328.4497,67.785,378.2216,209.9209,0.0,False,True
coco:32861:44:915,coco,32861,000000032861.jpg,44,bottle,bottle,True,0,3,0.0788984820246696,33.1937,51.2037,366.8779,239.4957,0.0,False,True
coco:32861:44:915,coco,32861,000000032861.jpg,44,bottle,bottle,True,0,4,0.0670504420995712,264.7979,435.6641,275.7391,460.81,0.0,False,True
coco:32861:44:915,coco,32861,000000032861.jpg,44,bottle,bottle,True,0,5,0.0622189827263355,258.2179,298.1823,276.4273,459.9659,0.0,False,True
coco:32861:44:915,coco,32861,000000032861.jpg,44,bottle,bottle,True,0,6,0.054646011441946,179.7212,199.26,247.698,247.142,0.0,False,True
coco:32861:44:915,coco,32861,000000032861.jpg,44,bottle,bottle,True,0,7,0.0545593127608299,276.0746,60.4904,332.5998,113.4791,0.0,False,True
coco:32861:44:915,coco,32861,000000032861.jpg,44,bottle,bottle,True,0,8,0.0503332763910293,231.1935,96.4973,327.9532,157.0541,0.0,False,True
coco:32861:64:916,coco,32861,000000032861.jpg,64,potted plant,potted plant,True,0,0,0.2107526361942291,1.9014,71.9516,49.8235,278.2547,0.0,False,True
coco:32861:64:916,coco,32861,000000032861.jpg,64,potted plant,potted plant,True,0,1,0.2058531045913696,324.7253,2.0153,406.3338,270.9537,0.0,False,True
coco:32861:64:916,coco,32861,000000032861.jpg,64,potted plant,potted plant,True,0,2,0.103556752204895,325.6718,7.8278,380.6016,213.0612,0.0,False,True
coco:32861:64:916,coco,32861,000000032861.jpg,64,potted plant,potted plant,True,0,3,0.080810897052288,268.0887,220.1573,294.4435,353.1001,0.0,False,True
coco:32861:64:916,coco,32861,000000032861.jpg,64,potted plant,potted plant,True,0,4,0.0765600576996803,276.397,0.5125,406.7922,270.7591,0.0,False,True
coco:32861:64:916,coco,32861,000000032861.jpg,64,potted plant,potted plant,True,0,5,0.0742957815527916,275.941,59.742,333.2281,113.4821,0.0,False,True
coco:32861:64:916,coco,32861,000000032861.jpg,64,potted plant,potted plant,True,0,6,0.0573436357080936,35.3795,124.4217,85.7148,638.2952,0.0,False,True
coco:33368:1:941,coco,33368,000000033368.jpg,1,person,person,False,1,0,0.8940045237541199,158.1973,40.5717,263.8853,430.4265,0.9408373832702636,True,False
coco:33368:41:942,coco,33368,000000033368.jpg,41,skateboard,skateboard,True,0,0,0.1295279264450073,156.3352,40.7433,263.3976,430.7142,0.0,False,True
coco:33368:41:942,coco,33368,000000033368.jpg,41,skateboard,skateboard,True,0,1,0.11991498619318,131.5396,228.472,169.4149,322.6577,0.0,False,True
coco:33368:41:942,coco,33368,000000033368.jpg,41,skateboard,skateboard,True,0,2,0.0695998966693878,178.0332,99.4635,191.7896,117.5566,0.0,False,True
coco:33368:36:943,coco,33368,000000033368.jpg,36,snowboard,snowboard,True,0,0,0.1279183179140091,156.9184,40.7858,263.5922,430.6535,0.0,False,True
coco:33368:36:943,coco,33368,000000033368.jpg,36,snowboard,snowboard,True,0,1,0.103301040828228,131.5585,228.7843,169.0081,322.7535,0.0,False,True
coco:34760:70:974,coco,34760,000000034760.jpg,70,toilet,toilet,False,1,0,0.4331678748130798,133.6372,324.5251,256.8038,459.543,0.2432110905647277,False,True
coco:34760:70:974,coco,34760,000000034760.jpg,70,toilet,toilet,False,1,1,0.4140785634517669,209.9491,374.0136,256.7242,459.6839,0.9749395847320556,True,False
coco:34760:70:974,coco,34760,000000034760.jpg,70,toilet,toilet,False,1,2,0.173373132944107,191.9889,333.3622,256.7556,459.4194,0.4953912198543548,False,True
coco:34760:70:974,coco,34760,000000034760.jpg,70,toilet,toilet,False,1,3,0.0783639028668403,181.2954,372.9859,256.8014,460.0862,0.6149876117706299,True,False
coco:34760:70:974,coco,34760,000000034760.jpg,70,toilet,toilet,False,1,4,0.0637607499957084,191.6904,325.9786,352.6454,422.5436,0.1326508522033691,False,True
coco:34760:70:974,coco,34760,000000034760.jpg,70,toilet,toilet,False,1,5,0.0592422112822532,95.5144,266.7532,256.6397,459.4189,0.1302855163812637,False,True
coco:34873:72:977,coco,34873,000000034873.jpg,72,tv,tv,False,1,0,0.170456975698471,395.7744,151.4004,439.4935,201.1303,0.9447085857391356,True,False
coco:34873:72:977,coco,34873,000000034873.jpg,72,tv,tv,False,1,1,0.0689355134963989,133.9516,249.5706,302.1422,386.1714,0.0,False,True
coco:34873:72:977,coco,34873,000000034873.jpg,72,tv,tv,False,1,2,0.0562014207243919,224.8205,125.42,329.2271,264.6832,0.0,False,True
coco:34873:25:978,coco,34873,000000034873.jpg,25,giraffe,giraffe,True,0,0,0.065111257135868,0.6004,4.6423,90.3497,397.0965,0.0,False,True
coco:34873:25:978,coco,34873,000000034873.jpg,25,giraffe,giraffe,True,0,1,0.0535883344709873,224.5119,125.4014,330.5836,265.2778,0.0,False,True
coco:34873:25:978,coco,34873,000000034873.jpg,25,giraffe,giraffe,True,0,2,0.0500801280140876,199.8325,159.4897,240.6476,220.7787,0.0,False,True
coco:35963:88:998,coco,35963,000000035963.jpg,88,teddy bear,teddy bear,False,2,0,0.4647513628005981,167.5772,144.0903,393.225,333.4177,0.7370704412460327,True,False
coco:35963:88:998,coco,35963,000000035963.jpg,88,teddy bear,teddy bear,False,2,1,0.2649374008178711,316.0586,182.1761,393.7069,308.5604,0.5795516967773438,True,False
coco:35963:88:998,coco,35963,000000035963.jpg,88,teddy bear,teddy bear,False,2,2,0.2295340895652771,278.3113,182.3745,393.5399,310.6595,0.8721872568130493,True,False
coco:35963:88:998,coco,35963,000000035963.jpg,88,teddy bear,teddy bear,False,2,3,0.2229098081588745,237.7322,181.6846,393.5176,332.4139,0.6780341863632202,True,False
coco:35963:88:998,coco,35963,000000035963.jpg,88,teddy bear,teddy bear,False,2,4,0.1267302483320236,332.76,183.039,393.7213,274.81,0.3333890438079834,False,True
coco:35963:88:998,coco,35963,000000035963.jpg,88,teddy bear,teddy bear,False,2,5,0.1073923483490943,167.3288,143.874,393.3362,586.3056,0.3291247189044952,False,True
coco:35963:88:998,coco,35963,000000035963.jpg,88,teddy bear,teddy bear,False,2,6,0.1014784574508667,277.6537,205.2637,341.9637,311.1679,0.4114930331707001,False,True
coco:35963:88:998,coco,35963,000000035963.jpg,88,teddy bear,teddy bear,False,2,7,0.0897323787212371,237.8501,205.1218,340.0177,310.8282,0.3301908075809479,False,True
coco:35963:88:998,coco,35963,000000035963.jpg,88,teddy bear,teddy bear,False,2,8,0.0862548798322677,314.8824,205.6286,342.2109,308.5193,0.1698877513408661,False,True
coco:35963:88:998,coco,35963,000000035963.jpg,88,teddy bear,teddy bear,False,2,9,0.0757675170898437,238.4665,145.408,340.8848,310.3345,0.4994654357433319,False,True
coco:35963:88:998,coco,35963,000000035963.jpg,88,teddy bear,teddy bear,False,2,10,0.0687250271439552,237.7659,182.0567,340.9394,332.3579,0.4688037037849426,False,True
coco:35963:19:999,coco,35963,000000035963.jpg,19,horse,horse,True,0,0,0.3269669711589813,201.938,272.8242,362.5198,586.7323,0.0,False,True
coco:35963:19:999,coco,35963,000000035963.jpg,19,horse,horse,True,0,1,0.2915657162666321,167.4571,143.9418,392.1227,586.4766,0.0,False,True
coco:35963:19:999,coco,35963,000000035963.jpg,19,horse,horse,True,0,2,0.1798685789108276,167.9906,143.8441,341.5241,333.5936,0.0,False,True
coco:35963:19:999,coco,35963,000000035963.jpg,19,horse,horse,True,0,3,0.0888302624225616,235.7926,144.3299,340.4119,332.2595,0.0,False,True
coco:35963:19:999,coco,35963,000000035963.jpg,19,horse,horse,True,0,4,0.0742140412330627,202.4428,144.1642,393.2327,333.3012,0.0,False,True
coco:35963:19:999,coco,35963,000000035963.jpg,19,horse,horse,True,0,5,0.0601679906249046,315.3082,181.9871,393.7403,304.3028,0.0,False,True
coco:35963:19:999,coco,35963,000000035963.jpg,19,horse,horse,True,0,6,0.0535536296665668,237.0042,90.4145,301.36,190.429,0.0,False,True
coco:35963:8:1000,coco,35963,000000035963.jpg,8,truck,truck,True,0,0,0.2521991431713104,0.1162,1.0843,48.9137,160.789,0.0,False,True
coco:35963:8:1000,coco,35963,000000035963.jpg,8,truck,truck,True,0,1,0.2078934758901596,134.3178,4.0758,328.93,129.4381,0.0,False,True
coco:35963:8:1000,coco,35963,000000035963.jpg,8,truck,truck,True,0,2,0.1546351164579391,0.3815,0.2792,175.9963,161.7987,0.0,False,True
coco:35963:8:1000,coco,35963,000000035963.jpg,8,truck,truck,True,0,3,0.146862506866455,139.735,19.806,326.0262,106.7654,0.0,False,True
coco:35963:8:1000,coco,35963,000000035963.jpg,8,truck,truck,True,0,4,0.140176922082901,0.1907,0.6397,71.6375,162.5234,0.0,False,True
coco:35963:8:1000,coco,35963,000000035963.jpg,8,truck,truck,True,0,5,0.1394373923540115,133.6383,0.108,405.5059,129.5972,0.0,False,True
coco:35963:8:1000,coco,35963,000000035963.jpg,8,truck,truck,True,0,6,0.1362189948558807,0.7769,0.3792,328.2699,160.7702,0.0,False,True
coco:35963:8:1000,coco,35963,000000035963.jpg,8,truck,truck,True,0,7,0.1074765548110008,237.1429,90.2452,301.5499,190.2771,0.0,False,True
coco:35963:8:1000,coco,35963,000000035963.jpg,8,truck,truck,True,0,8,0.1033793613314628,8.601,232.9941,478.8137,586.7203,0.0,False,True
coco:35963:8:1000,coco,35963,000000035963.jpg,8,truck,truck,True,0,9,0.1025251448154449,0.9849,0.0081,478.8041,161.2089,0.0,False,True
coco:35963:8:1000,coco,35963,000000035963.jpg,8,truck,truck,True,0,10,0.0974628925323486,168.9337,90.0352,369.4921,586.5216,0.0,False,True
coco:35963:8:1000,coco,35963,000000035963.jpg,8,truck,truck,True,0,11,0.0857040584087371,1.2535,-0.055,478.9425,639.1379,0.0,False,True
coco:35963:8:1000,coco,35963,000000035963.jpg,8,truck,truck,True,0,12,0.0829202011227607,0.1806,46.6862,46.6238,159.6217,0.0,False,True
coco:35963:8:1000,coco,35963,000000035963.jpg,8,truck,truck,True,0,13,0.0746952593326568,180.0089,18.7296,326.6009,130.5423,0.0,False,True
coco:35963:8:1000,coco,35963,000000035963.jpg,8,truck,truck,True,0,14,0.0725033283233642,182.0042,21.938,323.3672,84.6761,0.0,False,True
coco:35963:8:1000,coco,35963,000000035963.jpg,8,truck,truck,True,0,15,0.0717904344201088,167.7042,143.1821,393.8121,333.1462,0.0,False,True
coco:35963:8:1000,coco,35963,000000035963.jpg,8,truck,truck,True,0,16,0.0683429837226867,137.336,17.717,267.2428,105.7082,0.0,False,True
coco:35963:8:1000,coco,35963,000000035963.jpg,8,truck,truck,True,0,17,0.0656941309571266,202.4305,276.9263,361.8617,586.3058,0.0,False,True
coco:35963:8:1000,coco,35963,000000035963.jpg,8,truck,truck,True,0,18,0.0589357949793338,2.1425,46.2823,127.7137,158.8788,0.0,False,True
coco:35963:8:1000,coco,35963,000000035963.jpg,8,truck,truck,True,0,19,0.0574786067008972,135.0594,41.1159,178.558,106.1537,0.0,False,True
coco:35963:8:1000,coco,35963,000000035963.jpg,8,truck,truck,True,0,20,0.0570215508341789,137.0506,36.1371,196.9425,105.9437,0.0,False,True
coco:35963:8:1000,coco,35963,000000035963.jpg,8,truck,truck,True,0,21,0.0566917099058628,135.6753,73.7381,170.66,106.2581,0.0,False,True
coco:35963:8:1000,coco,35963,000000035963.jpg,8,truck,truck,True,0,22,0.0536751374602317,8.7686,262.0425,233.4157,343.9354,0.0,False,True
coco:35963:8:1000,coco,35963,000000035963.jpg,8,truck,truck,True,0,23,0.0532075874507427,41.4785,120.238,127.0432,159.4916,0.0,False,True
coco:35963:8:1000,coco,35963,000000035963.jpg,8,truck,truck,True,0,24,0.0517169572412967,273.4642,26.2337,326.1353,130.675,0.0,False,True
coco:35963:8:1000,coco,35963,000000035963.jpg,8,truck,truck,True,0,25,0.0513465665280818,143.7964,0.5911,425.3387,88.6913,0.0,False,True
coco:36660:77:1007,coco,36660,000000036660.jpg,77,cell phone,cell phone,False,4,0,0.6249600648880005,414.6259,70.3296,486.5179,171.8242,0.9381729364395142,True,False
coco:36660:77:1007,coco,36660,000000036660.jpg,77,cell phone,cell phone,False,4,1,0.4996536374092102,271.4124,97.902,363.7089,208.1918,0.9212364554405212,True,False
coco:36660:77:1007,coco,36660,000000036660.jpg,77,cell phone,cell phone,False,4,2,0.4759676456451416,183.1351,131.7665,274.9138,230.4244,0.940673053264618,True,False
coco:36660:77:1007,coco,36660,000000036660.jpg,77,cell phone,cell phone,False,4,3,0.3076198697090149,130.9163,97.5349,182.8505,170.5165,0.9159998297691344,True,False
coco:36660:77:1007,coco,36660,000000036660.jpg,77,cell phone,cell phone,False,4,4,0.1456487625837326,205.7697,151.5144,254.9636,202.6042,0.2950760126113891,False,True
coco:36660:77:1007,coco,36660,000000036660.jpg,77,cell phone,cell phone,False,4,5,0.0515241809189319,182.3662,97.1702,363.9631,230.518,0.4174944162368774,False,True
coco:36660:50:1008,coco,36660,000000036660.jpg,50,spoon,spoon,True,0,0,0.1104625463485717,414.8409,70.6124,486.4756,171.5998,0.0,False,True
coco:36660:50:1008,coco,36660,000000036660.jpg,50,spoon,spoon,True,0,1,0.1063389033079147,271.5963,98.1206,363.6694,208.1158,0.0,False,True
coco:36660:50:1008,coco,36660,000000036660.jpg,50,spoon,spoon,True,0,2,0.1003144681453704,183.5357,131.9026,274.8139,230.272,0.0,False,True
coco:36660:50:1008,coco,36660,000000036660.jpg,50,spoon,spoon,True,0,3,0.07827889919281,131.1793,97.8588,182.9252,170.2305,0.0,False,True
coco:36660:50:1008,coco,36660,000000036660.jpg,50,spoon,spoon,True,0,4,0.0602065175771713,359.2843,189.0836,498.9857,321.5804,0.0,False,True
coco:36660:50:1008,coco,36660,000000036660.jpg,50,spoon,spoon,True,0,5,0.0587145164608955,124.7063,199.6338,143.3796,219.8589,0.0,False,True
coco:36660:79:1009,coco,36660,000000036660.jpg,79,oven,oven,True,0,0,0.1219600886106491,183.3599,131.9513,274.7719,230.3563,0.0,False,True
coco:36660:79:1009,coco,36660,000000036660.jpg,79,oven,oven,True,0,1,0.1206882819533348,271.5273,98.0979,363.6062,208.194,0.0,False,True
coco:36660:79:1009,coco,36660,000000036660.jpg,79,oven,oven,True,0,2,0.1017746925354003,414.7393,70.5355,486.5279,171.7029,0.0,False,True
coco:36660:79:1009,coco,36660,000000036660.jpg,79,oven,oven,True,0,3,0.088019736111164,1.351,-0.1138,499.0685,322.7033,0.0,False,True
coco:36660:79:1009,coco,36660,000000036660.jpg,79,oven,oven,True,0,4,0.0800052285194397,130.9748,97.8108,182.9207,170.3277,0.0,False,True
coco:36660:79:1009,coco,36660,000000036660.jpg,79,oven,oven,True,0,5,0.0660657659173011,359.1815,189.1284,498.9638,321.6034,0.0,False,True
coco:36660:79:1009,coco,36660,000000036660.jpg,79,oven,oven,True,0,6,0.0565291829407215,0.7591,179.3755,151.3077,321.718,0.0,False,True
coco:36861:14:1016,coco,36861,000000036861.jpg,14,parking meter,parking meter,False,2,0,0.5914617776870728,80.2827,32.9858,251.2678,607.5143,0.1548911035060882,False,True
coco:36861:14:1016,coco,36861,000000036861.jpg,14,parking meter,parking meter,False,2,1,0.3301701843738556,70.6217,234.887,93.6196,322.4026,0.0,False,True
coco:36861:14:1016,coco,36861,000000036861.jpg,14,parking meter,parking meter,False,2,2,0.3214145302772522,90.876,33.3372,241.9903,266.7731,0.4313430190086365,False,True
coco:36861:14:1016,coco,36861,000000036861.jpg,14,parking meter,parking meter,False,2,3,0.2214556783437729,70.9715,235.1013,81.8721,270.0118,0.0,False,True
coco:36861:14:1016,coco,36861,000000036861.jpg,14,parking meter,parking meter,False,2,4,0.2166159301996231,169.3983,38.1883,241.9675,234.8295,0.9480453729629515,True,False
coco:36861:14:1016,coco,36861,000000036861.jpg,14,parking meter,parking meter,False,2,5,0.2148696631193161,83.1343,236.1324,93.7033,270.0536,0.0,False,True
coco:36861:14:1016,coco,36861,000000036861.jpg,14,parking meter,parking meter,False,2,6,0.187804028391838,90.9756,33.277,166.8352,266.1557,0.8027494549751282,True,False
coco:36861:14:1016,coco,36861,000000036861.jpg,14,parking meter,parking meter,False,2,7,0.1724004298448562,70.8322,234.9247,82.4011,321.8955,0.0,False,True
coco:36861:14:1016,coco,36861,000000036861.jpg,14,parking meter,parking meter,False,2,8,0.1097153946757316,81.0225,236.0065,93.501,321.2038,0.0,False,True
coco:36861:14:1016,coco,36861,000000036861.jpg,14,parking meter,parking meter,False,2,9,0.0885391533374786,169.6323,38.0967,241.4148,324.3385,0.6722235679626465,True,False
coco:36861:14:1016,coco,36861,000000036861.jpg,14,parking meter,parking meter,False,2,10,0.0858513563871383,169.5434,38.5935,241.9049,138.7836,0.4847679436206817,False,True
coco:36861:14:1016,coco,36861,000000036861.jpg,14,parking meter,parking meter,False,2,11,0.0731953456997871,114.6995,281.951,123.4094,322.9598,0.0,False,True
coco:36861:14:1016,coco,36861,000000036861.jpg,14,parking meter,parking meter,False,2,12,0.0657463446259498,91.003,33.6536,166.4669,137.3666,0.4807578027248382,False,True
coco:36861:14:1016,coco,36861,000000036861.jpg,14,parking meter,parking meter,False,2,13,0.0633610785007476,70.8373,234.9424,93.5749,270.9845,0.0,False,True
coco:36861:14:1016,coco,36861,000000036861.jpg,14,parking meter,parking meter,False,2,14,0.0536070764064788,87.9421,32.1312,244.5562,462.3713,0.225815862417221,False,True
coco:36861:14:1016,coco,36861,000000036861.jpg,14,parking meter,parking meter,False,2,15,0.0530869029462337,78.6392,263.6142,252.7244,607.4082,0.0,False,True
coco:36861:46:1017,coco,36861,000000036861.jpg,46,wine glass,wine glass,True,0,0,0.1684816926717758,78.5143,33.5381,253.0767,607.4946,0.0,False,True
coco:36861:46:1017,coco,36861,000000036861.jpg,46,wine glass,wine glass,True,0,1,0.1130440011620521,70.3526,235.2545,94.018,322.7357,0.0,False,True
coco:36861:46:1017,coco,36861,000000036861.jpg,46,wine glass,wine glass,True,0,2,0.0742438584566116,29.872,134.7488,72.6606,163.4973,0.0,False,True
coco:36861:46:1017,coco,36861,000000036861.jpg,46,wine glass,wine glass,True,0,3,0.0647705346345901,91.5215,33.992,241.5759,266.2638,0.0,False,True
coco:36861:46:1017,coco,36861,000000036861.jpg,46,wine glass,wine glass,True,0,4,0.0596745274960994,29.5752,119.7555,101.9618,163.5543,0.0,False,True
coco:36861:46:1017,coco,36861,000000036861.jpg,46,wine glass,wine glass,True,0,5,0.0504661984741687,70.8555,235.5694,82.0396,270.3496,0.0,False,True
coco:36861:37:1018,coco,36861,000000036861.jpg,37,sports ball,sports ball,True,0,0,0.1335011273622512,82.4581,33.6314,250.6918,607.872,0.0,False,True
coco:36861:37:1018,coco,36861,000000036861.jpg,37,sports ball,sports ball,True,0,1,0.1038608774542808,91.9148,34.0041,241.5257,266.6631,0.0,False,True
coco:36861:37:1018,coco,36861,000000036861.jpg,37,sports ball,sports ball,True,0,2,0.0778292343020439,169.5307,38.4115,241.8446,235.7707,0.0,False,True
coco:36861:37:1018,coco,36861,000000036861.jpg,37,sports ball,sports ball,True,0,3,0.0739636868238449,91.8513,33.98,166.9111,266.4894,0.0,False,True
coco:36861:37:1018,coco,36861,000000036861.jpg,37,sports ball,sports ball,True,0,4,0.0545331202447414,91.7238,34.2972,166.2853,136.418,0.0,False,True
coco:36861:37:1018,coco,36861,000000036861.jpg,37,sports ball,sports ball,True,0,5,0.0529442690312862,169.7944,38.894,241.7964,137.9242,0.0,False,True
coco:37689:1:1025,coco,37689,000000037689.jpg,1,person,person,False,13,0,0.6027615070343018,78.8714,142.8842,91.9999,176.3927,0.0,False,True
coco:37689:1:1025,coco,37689,000000037689.jpg,1,person,person,False,13,1,0.5962988138198853,331.1853,136.5752,366.7734,170.0303,0.8630809783935547,True,False
coco:37689:1:1025,coco,37689,000000037689.jpg,1,person,person,False,13,2,0.5851770043373108,92.2388,147.2488,107.9861,181.2804,0.9599056243896484,True,False
coco:37689:1:1025,coco,37689,000000037689.jpg,1,person,person,False,13,3,0.5521295666694641,61.9696,136.2196,77.9556,170.8059,0.7003645896911621,True,False
coco:37689:1:1025,coco,37689,000000037689.jpg,1,person,person,False,13,4,0.5270882844924927,41.5515,140.8774,59.583,165.162,0.8500193953514099,True,False
coco:37689:1:1025,coco,37689,000000037689.jpg,1,person,person,False,13,5,0.5138988494873047,180.2446,203.8194,193.6911,232.9502,0.2185955047607422,False,True
coco:37689:1:1025,coco,37689,000000037689.jpg,1,person,person,False,13,6,0.5088282227516174,170.4868,204.2215,180.2421,223.5703,0.7866258025169373,True,False
coco:37689:1:1025,coco,37689,000000037689.jpg,1,person,person,False,13,7,0.5035042762756348,158.6791,195.7882,169.8323,217.8476,0.0,False,True
coco:37689:1:1025,coco,37689,000000037689.jpg,1,person,person,False,13,8,0.4970547556877136,29.8897,136.1438,43.4693,159.2363,0.0908909291028976,False,True
coco:37689:1:1025,coco,37689,000000037689.jpg,1,person,person,False,13,9,0.465549498796463,0.9141,124.3703,16.3393,152.4118,0.0,False,True
coco:37689:1:1025,coco,37689,000000037689.jpg,1,person,person,False,13,10,0.4353144466876983,305.7383,272.6514,315.6933,299.524,0.6386033296585083,True,False
coco:37689:1:1025,coco,37689,000000037689.jpg,1,person,person,False,13,11,0.4341768622398376,285.602,263.9946,295.1269,290.4218,0.8825339078903198,True,False
coco:37689:1:1025,coco,37689,000000037689.jpg,1,person,person,False,13,12,0.4312123656272888,199.1602,219.2251,211.4544,245.0561,0.8284747004508972,True,False
coco:37689:1:1025,coco,37689,000000037689.jpg,1,person,person,False,13,13,0.3998549282550812,270.1131,261.1201,280.2344,284.7199,0.2167218029499054,False,True
coco:37689:1:1025,coco,37689,000000037689.jpg,1,person,person,False,13,14,0.392112523317337,15.0556,135.4363,32.1786,155.4072,0.0,False,True
coco:37689:1:1025,coco,37689,000000037689.jpg,1,person,person,False,13,15,0.3913722932338714,226.5636,64.7297,272.9175,104.6612,0.754720151424408,True,False
coco:37689:1:1025,coco,37689,000000037689.jpg,1,person,person,False,13,16,0.3883733451366424,262.6611,256.9692,269.3644,277.5618,0.0,False,True
coco:37689:1:1025,coco,37689,000000037689.jpg,1,person,person,False,13,17,0.3865756392478943,293.0711,271.6556,302.0784,293.8718,0.8805475234985352,True,False
coco:37689:1:1025,coco,37689,000000037689.jpg,1,person,person,False,13,18,0.3682805299758911,189.258,210.7136,195.6244,231.4503,0.8159639239311218,True,False
coco:37689:1:1025,coco,37689,000000037689.jpg,1,person,person,False,13,19,0.3531720638275146,105.7023,163.3376,117.7934,189.5449,0.0568719767034053,False,True
coco:37689:1:1025,coco,37689,000000037689.jpg,1,person,person,False,13,20,0.3426129221916199,278.2941,263.2565,284.9225,286.0951,0.7127165794372559,True,False
coco:37689:1:1025,coco,37689,000000037689.jpg,1,person,person,False,13,21,0.3346558511257171,256.2395,252.6938,263.5567,273.3928,0.0,False,True
coco:37689:1:1025,coco,37689,000000037689.jpg,1,person,person,False,13,22,0.3320523500442505,257.3293,252.7133,263.2725,260.2015,0.0,False,True
coco:37689:1:1025,coco,37689,000000037689.jpg,1,person,person,False,13,23,0.3220459222793579,130.9771,169.8354,142.0587,186.3018,0.0,False,True
coco:37689:1:1025,coco,37689,000000037689.jpg,1,person,person,False,13,24,0.3197399973869324,279.0953,263.2996,284.3171,271.53,0.2452204525470733,False,True
coco:37689:1:1025,coco,37689,000000037689.jpg,1,person,person,False,13,25,0.3171729743480682,316.1296,281.7734,320.6885,301.1179,0.8503794074058533,True,False
coco:37689:1:1025,coco,37689,000000037689.jpg,1,person,person,False,13,26,0.3145510256290436,106.1177,163.4406,117.1073,174.5455,0.0375745669007301,False,True
coco:37689:1:1025,coco,37689,000000037689.jpg,1,person,person,False,13,27,0.3132060766220093,272.7911,261.1695,278.9555,268.702,0.0669437795877456,False,True
coco:37689:1:1025,coco,37689,000000037689.jpg,1,person,person,False,13,28,0.3060463666915893,306.1248,272.6781,313.8566,283.1333,0.345267653465271,False,True
coco:37689:1:1025,coco,37689,000000037689.jpg,1,person,person,False,13,29,0.2918125987052917,24.6562,135.6643,32.7168,155.2656,0.0,False,True
coco:37689:1:1025,coco,37689,000000037689.jpg,1,person,person,False,13,30,0.2840200066566467,105.7074,163.3562,122.3953,191.5877,0.0477756820619106,False,True
coco:37689:1:1025,coco,37689,000000037689.jpg,1,person,person,False,13,31,0.2815700471401214,574.9221,194.814,579.7087,203.6741,0.0,False,True
coco:37689:1:1025,coco,37689,000000037689.jpg,1,person,person,False,13,32,0.2776185274124145,61.7664,139.9672,70.8236,168.638,0.3225231468677521,False,True
coco:37689:1:1025,coco,37689,000000037689.jpg,1,person,person,False,13,33,0.2694624662399292,146.7662,197.7429,157.0977,212.1995,0.0,False,True
coco:37689:1:1025,coco,37689,000000037689.jpg,1,person,person,False,13,34,0.2599064409732818,116.517,169.8589,123.3412,176.775,0.0,False,True
coco:37689:1:1025,coco,37689,000000037689.jpg,1,person,person,False,13,35,0.2579900622367859,115.6813,169.8816,124.6716,192.6686,0.0,False,True
coco:37689:1:1025,coco,37689,000000037689.jpg,1,person,person,False,13,36,0.2541226148605346,285.951,264.05,294.7379,275.8651,0.3639892935752868,False,True
coco:37689:1:1025,coco,37689,000000037689.jpg,1,person,person,False,13,37,0.237857386469841,106.0476,163.3739,122.5268,175.9761,0.039119653403759,False,True
coco:37689:1:1025,coco,37689,000000037689.jpg,1,person,person,False,13,38,0.2332624346017837,263.8329,257.1519,268.1308,262.5789,0.0,False,True
coco:37689:1:1025,coco,37689,000000037689.jpg,1,person,person,False,13,39,0.2265186160802841,130.561,173.8853,142.6408,201.3852,0.0,False,True
coco:37689:1:1025,coco,37689,000000037689.jpg,1,person,person,False,13,40,0.219655767083168,297.1636,271.9302,302.3171,280.5435,0.2040696591138839,False,True
coco:37689:1:1025,coco,37689,000000037689.jpg,1,person,person,False,13,41,0.2047202289104461,319.1237,123.9599,366.7281,185.7979,0.4212394058704376,False,True
coco:37689:1:1025,coco,37689,000000037689.jpg,1,person,person,False,13,42,0.1940178424119949,115.9096,169.7681,130.6537,193.4037,0.0,False,True
coco:37689:1:1025,coco,37689,000000037689.jpg,1,person,person,False,13,43,0.1930987983942031,250.7458,257.8387,256.5322,264.3745,0.0,False,True
coco:37689:1:1025,coco,37689,000000037689.jpg,1,person,person,False,13,44,0.1908849328756332,14.7797,135.7237,26.833,154.8742,0.0,False,True
coco:37689:1:1025,coco,37689,000000037689.jpg,1,person,person,False,13,45,0.1787992417812347,263.5748,257.006,268.5244,265.3719,0.0,False,True
coco:37689:1:1025,coco,37689,000000037689.jpg,1,person,person,False,13,46,0.1781986504793167,292.1927,271.1995,296.5766,278.4151,0.1198141053318977,False,True
coco:37689:1:1025,coco,37689,000000037689.jpg,1,person,person,False,13,47,0.168720006942749,131.4119,173.9225,138.7928,181.6331,0.0,False,True
coco:37689:1:1025,coco,37689,000000037689.jpg,1,person,person,False,13,48,0.1624049544334411,252.0788,253.2728,268.6647,277.4713,0.0,False,True
coco:37689:1:1025,coco,37689,000000037689.jpg,1,person,person,False,13,49,0.1620645821094513,5.6365,140.5435,16.8999,153.1586,0.0,False,True
coco:37689:1:1025,coco,37689,000000037689.jpg,1,person,person,False,13,50,0.1618555337190628,17.4774,135.501,25.9546,145.1929,0.0,False,True
coco:37689:1:1025,coco,37689,000000037689.jpg,1,person,person,False,13,51,0.1580315679311752,319.1277,124.0874,350.4337,185.8397,0.2791742980480194,False,True
coco:37689:1:1025,coco,37689,000000037689.jpg,1,person,person,False,13,52,0.1554289609193802,251.0023,252.8914,263.3249,273.6323,0.0,False,True
coco:37689:1:1025,coco,37689,000000037689.jpg,1,person,person,False,13,53,0.1548795104026794,270.2039,261.1677,283.8069,285.7884,0.4256556928157806,False,True
coco:37689:1:1025,coco,37689,000000037689.jpg,1,person,person,False,13,54,0.1519876271486282,201.1212,64.5737,230.5683,105.3482,0.2021247893571853,False,True
coco:37689:1:1025,coco,37689,000000037689.jpg,1,person,person,False,13,55,0.150258868932724,290.7401,271.6972,296.7855,291.8947,0.3466115295886993,False,True
coco:37689:1:1025,coco,37689,000000037689.jpg,1,person,person,False,13,56,0.1501998901367187,250.6384,257.673,258.1038,270.3117,0.0,False,True
coco:37689:1:1025,coco,37689,000000037689.jpg,1,person,person,False,13,57,0.1489163041114807,131.42,170.0927,139.9806,181.4465,0.0,False,True
coco:37689:1:1025,coco,37689,000000037689.jpg,1,person,person,False,13,58,0.1454987674951553,50.9103,147.53,59.5755,165.024,0.301206886768341,False,True
coco:37689:1:1025,coco,37689,000000037689.jpg,1,person,person,False,13,59,0.1406361162662506,68.6932,136.2361,78.006,170.66,0.5406107902526855,True,False
coco:37689:1:1025,coco,37689,000000037689.jpg,1,person,person,False,13,60,0.1327497661113739,297.4362,272.0419,302.4699,292.4026,0.4617175459861755,False,True
coco:37689:1:1025,coco,37689,000000037689.jpg,1,person,person,False,13,61,0.1295651644468307,130.8048,174.4408,135.674,181.472,0.0,False,True
coco:37689:1:1025,coco,37689,000000037689.jpg,1,person,person,False,13,62,0.120880588889122,586.9916,194.5159,591.9958,200.049,0.0,False,True
coco:37689:1:1025,coco,37689,000000037689.jpg,1,person,person,False,13,63,0.1208332255482673,62.5261,139.9199,69.7835,152.8701,0.1377034932374954,False,True
coco:37689:1:1025,coco,37689,000000037689.jpg,1,person,person,False,13,64,0.120422139763832,5.7475,135.4631,26.2761,153.4606,0.0,False,True
coco:37689:1:1025,coco,37689,000000037689.jpg,1,person,person,False,13,65,0.1199350133538246,123.9554,191.2905,133.2571,200.1451,0.0,False,True
coco:37689:1:1025,coco,37689,000000037689.jpg,1,person,person,False,13,66,0.1167273968458175,2.8451,124.9412,16.1404,140.663,0.0,False,True
coco:37689:1:1025,coco,37689,000000037689.jpg,1,person,person,False,13,67,0.1137719005346298,201.0279,64.3712,273.0674,105.0877,0.756723165512085,True,False
coco:37689:1:1025,coco,37689,000000037689.jpg,1,person,person,False,13,68,0.1128113865852356,140.3438,194.8674,158.408,212.4617,0.0,False,True
coco:37689:1:1025,coco,37689,000000037689.jpg,1,person,person,False,13,69,0.110924519598484,197.5233,228.4888,203.0737,239.3723,0.075981967151165,False,True
coco:37689:1:1025,coco,37689,000000037689.jpg,1,person,person,False,13,70,0.1087303832173347,136.039,175.67,142.693,186.6426,0.0,False,True
coco:37689:1:1025,coco,37689,000000037689.jpg,1,person,person,False,13,71,0.105222962796688,317.3721,281.9907,320.7219,289.5256,0.2786375880241394,False,True
coco:37689:1:1025,coco,37689,000000037689.jpg,1,person,person,False,13,72,0.1047385931015014,99.8494,170.882,106.0994,182.5395,0.1144407838582992,False,True
coco:37689:1:1025,coco,37689,000000037689.jpg,1,person,person,False,13,73,0.1033548489212989,31.1886,143.9082,41.9306,158.6334,0.0522526502609252,False,True
coco:37689:1:1025,coco,37689,000000037689.jpg,1,person,person,False,13,74,0.1006543338298797,32.1877,136.1631,41.7655,146.6568,0.0190935488790273,False,True
coco:37689:1:1025,coco,37689,000000037689.jpg,1,person,person,False,13,75,0.0983805060386657,298.276,271.9352,302.3531,279.4233,0.1392216682434082,False,True
coco:37689:1:1025,coco,37689,000000037689.jpg,1,person,person,False,13,76,0.0969109833240509,164.5719,206.5201,170.1211,217.8725,0.0,False,True
coco:37689:1:1025,coco,37689,000000037689.jpg,1,person,person,False,13,77,0.0963475257158279,15.0453,142.6588,27.235,155.3294,0.0,False,True
coco:37689:1:1025,coco,37689,000000037689.jpg,1,person,person,False,13,78,0.0943986251950264,86.7018,169.8363,93.4485,178.0891,0.0172625798732042,False,True
coco:37689:1:1025,coco,37689,000000037689.jpg,1,person,person,False,13,79,0.0930060446262359,189.4239,210.6903,194.0297,216.6114,0.1621914058923721,False,True
coco:37689:1:1025,coco,37689,000000037689.jpg,1,person,person,False,13,80,0.092131607234478,131.4682,189.9304,140.7464,202.3916,0.0,False,True
coco:37689:1:1025,coco,37689,000000037689.jpg,1,person,person,False,13,81,0.0901931896805763,593.3007,190.808,599.1492,198.6573,0.0,False,True
coco:37689:1:1025,coco,37689,000000037689.jpg,1,person,person,False,13,82,0.0889026746153831,17.6308,135.3374,30.6718,145.846,0.0,False,True
coco:37689:1:1025,coco,37689,000000037689.jpg,1,person,person,False,13,83,0.0886315703392028,0.6795,123.3116,143.483,195.7131,0.0538094192743301,False,True
coco:37689:1:1025,coco,37689,000000037689.jpg,1,person,person,False,13,84,0.0881795808672905,180.5117,203.8008,190.5649,229.7551,0.0651130825281143,False,True
coco:37689:1:1025,coco,37689,000000037689.jpg,1,person,person,False,13,85,0.0852849259972572,165.5351,211.2299,170.2431,217.7918,0.0,False,True
coco:37689:1:1025,coco,37689,000000037689.jpg,1,person,person,False,13,86,0.0825946405529975,0.2104,123.7702,16.1951,132.8087,0.0,False,True
coco:37689:1:1025,coco,37689,000000037689.jpg,1,person,person,False,13,87,0.0822567194700241,34.0333,136.1991,41.4251,143.6887,0.0078074829652905,False,True
coco:37689:1:1025,coco,37689,000000037689.jpg,1,person,person,False,13,88,0.0818584635853767,124.515,191.2222,131.6208,195.5305,0.0,False,True
coco:37689:1:1025,coco,37689,000000037689.jpg,1,person,person,False,13,89,0.0816608890891075,177.3202,219.3522,181.7948,225.8983,0.06246093288064,False,True
coco:37689:1:1025,coco,37689,000000037689.jpg,1,person,person,False,13,90,0.0810436457395553,263.6686,257.1017,267.396,261.8447,0.0,False,True
coco:37689:1:1025,coco,37689,000000037689.jpg,1,person,person,False,13,91,0.0809717625379562,49.5253,141.4023,59.5694,164.9084,0.4691208004951477,False,True
coco:37689:1:1025,coco,37689,000000037689.jpg,1,person,person,False,13,92,0.0800540372729301,135.5362,169.5141,140.0612,175.6512,0.0,False,True
coco:37689:1:1025,coco,37689,000000037689.jpg,1,person,person,False,13,93,0.0788976401090622,250.9914,253.3019,317.37,299.7647,0.0924798771739006,False,True
coco:37689:1:1025,coco,37689,000000037689.jpg,1,person,person,False,13,94,0.0788440480828285,109.8631,163.4128,116.6174,170.7699,0.0,False,True
coco:37689:1:1025,coco,37689,000000037689.jpg,1,person,person,False,13,95,0.0782183557748794,183.0994,203.6919,188.8914,210.0392,0.0,False,True
coco:37689:1:1025,coco,37689,000000037689.jpg,1,person,person,False,13,96,0.0769743546843528,331.126,178.4303,341.5241,185.916,0.0,False,True
coco:37689:1:1025,coco,37689,000000037689.jpg,1,person,person,False,13,97,0.0765552297234535,315.9891,233.4056,327.9881,245.0365,0.0,False,True
coco:37689:1:1025,coco,37689,000000037689.jpg,1,person,person,False,13,98,0.0762953013181686,297.856,271.6808,302.1288,276.5944,0.0894957780838012,False,True
coco:37689:1:1025,coco,37689,000000037689.jpg,1,person,person,False,13,99,0.0727410316467285,189.4467,211.0251,194.5653,227.8442,0.5462770462036133,True,False
coco:37689:1:1025,coco,37689,000000037689.jpg,1,person,person,False,13,100,0.0716036409139633,593.2917,190.2574,603.0561,199.3707,0.0,False,True
coco:37689:1:1025,coco,37689,000000037689.jpg,1,person,person,False,13,101,0.0678239241242408,339.1249,256.3385,347.6366,269.9338,0.0,False,True
coco:37689:1:1025,coco,37689,000000037689.jpg,1,person,person,False,13,102,0.0670475885272026,86.1863,156.0789,93.4917,177.2247,0.0402831546962261,False,True
coco:37689:1:1025,coco,37689,000000037689.jpg,1,person,person,False,13,103,0.0669504925608635,250.6483,257.7257,261.8694,272.5948,0.0,False,True
coco:37689:1:1025,coco,37689,000000037689.jpg,1,person,person,False,13,104,0.0661484524607658,345.7589,174.8962,359.879,186.1233,0.0,False,True
coco:37689:1:1025,coco,37689,000000037689.jpg,1,person,person,False,13,105,0.0648035928606987,286.2233,272.3689,293.1962,290.309,0.4385884404182434,False,True
coco:37689:1:1025,coco,37689,000000037689.jpg,1,person,person,False,13,106,0.0628383606672287,287.8287,264.0383,293.841,271.6153,0.1597180366516113,False,True
coco:37689:1:1025,coco,37689,000000037689.jpg,1,person,person,False,13,107,0.0621373578906059,330.9341,174.6765,359.9777,186.5518,0.0,False,True
coco:37689:1:1025,coco,37689,000000037689.jpg,1,person,person,False,13,108,0.0619945898652076,179.2642,204.6217,185.2783,225.9424,0.0117267128080129,False,True
coco:37689:1:1025,coco,37689,000000037689.jpg,1,person,person,False,13,109,0.059546161442995,204.6541,219.5383,209.7729,225.0534,0.1014257743954658,False,True
coco:37689:1:1025,coco,37689,000000037689.jpg,1,person,person,False,13,110,0.0577011369168758,25.231,135.7255,32.0964,145.5903,0.0,False,True
coco:37689:1:1025,coco,37689,000000037689.jpg,1,person,person,False,13,111,0.0571500435471534,0.0217,133.5449,7.8684,151.3193,0.0,False,True
coco:37689:1:1025,coco,37689,000000037689.jpg,1,person,person,False,13,112,0.05600605905056,7.7343,124.9729,16.1511,132.0245,0.0,False,True
coco:37689:1:1025,coco,37689,000000037689.jpg,1,person,person,False,13,113,0.0556852221488952,137.5621,179.0671,142.9024,186.6681,0.0,False,True
coco:37689:1:1025,coco,37689,000000037689.jpg,1,person,person,False,13,114,0.0555227659642696,197.5823,219.7795,206.8092,240.1644,0.3504270315170288,False,True
coco:37689:1:1025,coco,37689,000000037689.jpg,1,person,person,False,13,115,0.0555120632052421,138.7197,193.9612,147.9648,206.4304,0.0,False,True
coco:37689:1:1025,coco,37689,000000037689.jpg,1,person,person,False,13,116,0.0554515533149242,273.5231,261.279,278.3986,267.2643,0.0406947545707225,False,True
coco:37689:1:1025,coco,37689,000000037689.jpg,1,person,person,False,13,117,0.0553498566150665,355.2185,142.2603,366.6351,156.067,0.1247914358973503,False,True
coco:37689:1:1025,coco,37689,000000037689.jpg,1,person,person,False,13,118,0.0552893653512001,330.8416,177.6726,351.2102,186.4398,0.0,False,True
coco:37689:1:1025,coco,37689,000000037689.jpg,1,person,person,False,13,119,0.0544655546545982,331.5744,136.9147,355.3177,169.1749,0.5716872215270996,True,False
coco:37689:1:1025,coco,37689,000000037689.jpg,1,person,person,False,13,120,0.0541476532816886,265.8468,258.204,270.1937,277.8608,0.0,False,True
coco:37689:1:1025,coco,37689,000000037689.jpg,1,person,person,False,13,121,0.0541002079844474,590.2477,345.9159,600.1334,354.1585,0.0,False,True
coco:37689:1:1025,coco,37689,000000037689.jpg,1,person,person,False,13,122,0.0540162473917007,288.6314,264.091,293.3836,268.4936,0.0733530670404434,False,True
coco:37689:1:1025,coco,37689,000000037689.jpg,1,person,person,False,13,123,0.0540141649544239,153.0119,187.5541,164.6023,194.1629,0.0,False,True
coco:37689:1:1025,coco,37689,000000037689.jpg,1,person,person,False,13,124,0.0524581298232078,306.3726,272.726,311.9223,282.1201,0.2763932347297668,False,True
coco:37689:1:1025,coco,37689,000000037689.jpg,1,person,person,False,13,125,0.0524300746619701,49.0671,140.9326,55.4044,147.5162,0.079538807272911,False,True
coco:37689:1:1025,coco,37689,000000037689.jpg,1,person,person,False,13,126,0.0523445345461368,176.656,209.3454,181.1313,224.8658,0.2220304608345031,False,True
coco:37689:84:1026,coco,37689,000000037689.jpg,84,book,book,True,0,0,0.1335592269897461,200.9688,64.3977,230.6894,105.2554,0.0,False,True
coco:37689:84:1026,coco,37689,000000037689.jpg,84,book,book,True,0,1,0.1250002980232238,319.0095,123.929,349.8662,185.6348,0.0,False,True
coco:37689:84:1026,coco,37689,000000037689.jpg,84,book,book,True,0,2,0.0555274114012718,226.74,66.9135,272.7586,104.6338,0.0,False,True
coco:37689:84:1026,coco,37689,000000037689.jpg,84,book,book,True,0,3,0.0537296719849109,95.1182,168.0811,321.6235,302.1789,0.0,False,True
coco:37689:74:1027,coco,37689,000000037689.jpg,74,mouse,mouse,True,0,0,0.0833544582128524,318.8565,123.9357,349.9798,185.7293,0.0,False,True
coco:37689:74:1027,coco,37689,000000037689.jpg,74,mouse,mouse,True,0,1,0.0693300440907478,226.4672,65.6522,272.7762,104.5794,0.0,False,True
coco:37689:74:1027,coco,37689,000000037689.jpg,74,mouse,mouse,True,0,2,0.0621497556567192,200.8933,64.352,230.5952,105.2306,0.0,False,True
coco:37689:74:1027,coco,37689,000000037689.jpg,74,mouse,mouse,True,0,3,0.0560725256800651,318.4577,123.438,366.7459,185.9209,0.0,False,True
coco:38070:70:1043,coco,38070,000000038070.jpg,70,toilet,toilet,False,1,0,0.8706817030906677,165.6631,37.8818,362.8813,353.81,0.978323757648468,True,False
coco:38070:70:1043,coco,38070,000000038070.jpg,70,toilet,toilet,False,1,1,0.1168738156557083,190.6149,178.3173,333.3881,353.3355,0.401253879070282,False,True
coco:38070:70:1043,coco,38070,000000038070.jpg,70,toilet,toilet,False,1,2,0.0915200933814048,0.2249,251.4761,144.9544,374.3268,0.0,False,True
coco:38070:63:1044,coco,38070,000000038070.jpg,63,couch,couch,True,0,0,0.1519025415182113,165.5066,38.04,362.4045,353.8362,0.0,False,True
coco:38070:63:1044,coco,38070,000000038070.jpg,63,couch,couch,True,0,1,0.0584427341818809,148.1714,135.6225,370.2132,374.2003,0.0,False,True
coco:38070:63:1044,coco,38070,000000038070.jpg,63,couch,couch,True,0,2,0.0536943823099136,0.5232,252.089,144.6829,374.0205,0.0,False,True
coco:38070:54:1045,coco,38070,000000038070.jpg,54,sandwich,sandwich,True,0,0,0.0950707346200943,165.5559,38.1844,362.5844,353.8846,0.0,False,True
coco:39405:43:1064,coco,39405,000000039405.jpg,43,tennis racket,tennis racket,False,2,0,0.0858171433210372,185.7504,218.3913,212.2392,233.3807,0.8422818779945374,True,False
coco:39480:43:1070,coco,39480,000000039480.jpg,43,tennis racket,tennis racket,False,1,0,0.250961035490036,280.4585,291.2586,421.2736,364.422,0.976815104484558,True,False
coco:39480:43:1070,coco,39480,000000039480.jpg,43,tennis racket,tennis racket,False,1,1,0.1085427328944206,564.5722,28.5775,638.9031,70.8264,0.0,False,True
coco:39480:43:1070,coco,39480,000000039480.jpg,43,tennis racket,tennis racket,False,1,2,0.0683892518281936,246.6894,167.593,338.1739,426.0894,0.1387760788202285,False,True
coco:39480:72:1071,coco,39480,000000039480.jpg,72,tv,tv,True,0,0,0.1194231659173965,280.2351,291.3163,421.4279,364.8043,0.0,False,True
coco:39480:72:1071,coco,39480,000000039480.jpg,72,tv,tv,True,0,1,0.0968746170401573,539.0729,19.2614,639.3586,79.4869,0.0,False,True
coco:39480:72:1071,coco,39480,000000039480.jpg,72,tv,tv,True,0,2,0.0913027077913284,246.5545,167.9458,338.1912,426.0008,0.0,False,True
coco:39480:72:1071,coco,39480,000000039480.jpg,72,tv,tv,True,0,3,0.0779323279857635,562.8441,28.1545,638.6297,72.5355,0.0,False,True
coco:39480:72:1071,coco,39480,000000039480.jpg,72,tv,tv,True,0,4,0.0767256915569305,1.4866,0.3029,638.7375,426.5813,0.0,False,True
coco:39480:72:1071,coco,39480,000000039480.jpg,72,tv,tv,True,0,5,0.0512737147510051,94.9726,0.1758,230.2321,30.2037,0.0,False,True
coco:39480:75:1072,coco,39480,000000039480.jpg,75,remote,remote,True,0,0,0.1091487035155296,247.1569,168.2415,337.3813,425.8996,0.0,False,True
coco:39480:75:1072,coco,39480,000000039480.jpg,75,remote,remote,True,0,1,0.0959652364253997,280.468,291.5372,421.1877,364.5632,0.0,False,True
coco:39769:63:1082,coco,39769,000000039769.jpg,63,couch,couch,False,1,0,0.8078339099884033,0.5576,0.603,639.3152,479.0984,0.9858168363571168,True,False
coco:39769:38:1083,coco,39769,000000039769.jpg,38,kite,kite,True,0,0,0.0712292492389679,40.9965,73.2235,175.4057,117.113,0.0,False,True
coco:39769:38:1083,coco,39769,000000039769.jpg,38,kite,kite,True,0,1,0.0570823587477207,9.5968,55.6043,315.6527,473.4531,0.0,False,True
coco:39769:38:1083,coco,39769,000000039769.jpg,38,kite,kite,True,0,2,0.0533270128071308,346.2601,24.4423,638.778,372.6993,0.0,False,True
coco:39769:19:1084,coco,39769,000000039769.jpg,19,horse,horse,True,0,0,0.2137650847434997,10.9382,54.943,316.2037,474.4409,0.0,False,True
coco:39769:19:1084,coco,39769,000000039769.jpg,19,horse,horse,True,0,1,0.1741946935653686,346.4536,23.9236,639.4354,372.8423,0.0,False,True
coco:39769:19:1084,coco,39769,000000039769.jpg,19,horse,horse,True,0,2,0.0567107647657394,40.8409,73.0264,175.381,116.9713,0.0,False,True
coco:40036:64:1097,coco,40036,000000040036.jpg,64,potted plant,potted plant,False,1,0,0.0886803567409515,162.2182,51.4207,585.4919,394.8713,0.0115493172779679,False,True
coco:40036:64:1097,coco,40036,000000040036.jpg,64,potted plant,potted plant,False,1,1,0.0694519057869911,2.7529,1.8428,637.1954,424.2772,0.0062645571306347,False,True
coco:40036:64:1097,coco,40036,000000040036.jpg,64,potted plant,potted plant,False,1,2,0.0513646081089973,2.371,299.7626,441.0415,424.7339,0.0,False,True
coco:40036:13:1098,coco,40036,000000040036.jpg,13,stop sign,stop sign,True,0,0,0.0673733055591583,161.5481,50.7293,584.3369,393.7914,0.0,False,True
coco:40036:84:1099,coco,40036,000000040036.jpg,84,book,book,True,0,0,0.1197784319519996,161.9804,51.3349,584.0418,393.1796,0.0,False,True
coco:40036:84:1099,coco,40036,000000040036.jpg,84,book,book,True,0,1,0.0601289980113506,373.1176,200.2174,401.398,238.2342,0.0,False,True
coco:40036:84:1099,coco,40036,000000040036.jpg,84,book,book,True,0,2,0.0587042495608329,321.5109,88.5099,362.6578,136.6575,0.0,False,True
coco:40036:84:1099,coco,40036,000000040036.jpg,84,book,book,True,0,3,0.054907776415348,521.8154,324.355,546.8201,368.6252,0.0,False,True
coco:40757:1:1106,coco,40757,000000040757.jpg,1,person,person,False,1,0,0.4557263553142547,0.4035,264.8172,396.6875,516.5955,0.920494794845581,True,False
coco:40757:1:1106,coco,40757,000000040757.jpg,1,person,person,False,1,1,0.3055742681026459,86.8574,279.5314,396.6543,469.0415,0.5439707636833191,True,False
coco:40757:1:1106,coco,40757,000000040757.jpg,1,person,person,False,1,2,0.0833605974912643,1.0265,254.6523,423.5082,637.9727,0.6664443016052246,True,False
coco:40757:1:1106,coco,40757,000000040757.jpg,1,person,person,False,1,3,0.0663903057575225,131.8892,82.4925,186.7688,116.3442,0.0,False,True
coco:40757:1:1106,coco,40757,000000040757.jpg,1,person,person,False,1,4,0.0504549816250801,122.6665,499.5578,184.3212,540.1772,0.0184756331145763,False,True
coco:40757:86:1107,coco,40757,000000040757.jpg,86,vase,vase,True,0,0,0.2464600503444671,0.3317,252.2742,160.3707,517.071,0.0,False,True
coco:40757:86:1107,coco,40757,000000040757.jpg,86,vase,vase,True,0,1,0.194189190864563,1.0077,255.8895,424.2357,639.1482,0.0,False,True
coco:40757:86:1107,coco,40757,000000040757.jpg,86,vase,vase,True,0,2,0.1188005283474922,1.5246,252.7775,422.6599,527.6511,0.0,False,True
coco:40757:86:1107,coco,40757,000000040757.jpg,86,vase,vase,True,0,3,0.1080363318324089,31.7788,358.1954,110.7001,431.2512,0.0,False,True
coco:40757:86:1107,coco,40757,000000040757.jpg,86,vase,vase,True,0,4,0.1045284420251846,189.2659,266.7805,424.2915,581.6544,0.0,False,True
coco:40757:86:1107,coco,40757,000000040757.jpg,86,vase,vase,True,0,5,0.0685512870550155,0.7875,0.1905,214.8645,138.7066,0.0,False,True
coco:40757:86:1107,coco,40757,000000040757.jpg,86,vase,vase,True,0,6,0.0635316371917724,190.0255,380.0304,423.8955,582.1633,0.0,False,True
coco:40757:86:1107,coco,40757,000000040757.jpg,86,vase,vase,True,0,7,0.0596349239349365,0.4199,270.5783,57.0416,349.9385,0.0,False,True
coco:40757:86:1107,coco,40757,000000040757.jpg,86,vase,vase,True,0,8,0.057033073157072,279.9246,569.3554,316.1292,593.929,0.0,False,True
coco:40757:86:1107,coco,40757,000000040757.jpg,86,vase,vase,True,0,9,0.0555386953055858,275.7279,372.1421,288.7066,395.4681,0.0,False,True
coco:40757:86:1107,coco,40757,000000040757.jpg,86,vase,vase,True,0,10,0.0516547262668609,150.6922,583.2986,193.5208,627.1672,0.0,False,True
coco:40757:3:1108,coco,40757,000000040757.jpg,3,car,car,True,0,0,0.1248695105314254,262.5802,393.189,304.3017,416.6296,0.0,False,True
coco:40757:3:1108,coco,40757,000000040757.jpg,3,car,car,True,0,1,0.0796673521399498,131.4881,83.5818,186.5892,115.9681,0.0,False,True
coco:40757:3:1108,coco,40757,000000040757.jpg,3,car,car,True,0,2,0.073938250541687,262.4275,372.0464,304.4299,416.7456,0.0,False,True
coco:40757:3:1108,coco,40757,000000040757.jpg,3,car,car,True,0,3,0.0738459005951881,124.0337,499.7082,184.1679,540.0393,0.0,False,True
coco:40757:3:1108,coco,40757,000000040757.jpg,3,car,car,True,0,4,0.0630744695663452,150.662,583.2263,193.609,627.1767,0.0,False,True
coco:40757:3:1108,coco,40757,000000040757.jpg,3,car,car,True,0,5,0.0567036420106887,31.4496,358.3784,110.605,431.3465,0.0,False,True
coco:40757:3:1108,coco,40757,000000040757.jpg,3,car,car,True,0,6,0.0528417862951755,38.3864,531.1398,93.1765,582.6797,0.0,False,True
coco:41635:21:1114,coco,41635,000000041635.jpg,21,cow,cow,False,4,0,0.4477663040161133,205.262,158.9852,415.766,328.5498,0.9325193762779236,True,False
coco:41635:21:1114,coco,41635,000000041635.jpg,21,cow,cow,False,4,1,0.3995234370231628,0.0711,254.4279,31.3395,335.1317,0.9005151987075806,True,False
coco:41635:21:1114,coco,41635,000000041635.jpg,21,cow,cow,False,4,2,0.3819574117660522,0.8823,157.2416,169.034,340.3845,0.6277641654014587,True,False
coco:41635:21:1114,coco,41635,000000041635.jpg,21,cow,cow,False,4,3,0.3772065639495849,1.0375,157.426,250.1093,349.7938,0.9118081331253052,True,False
coco:41635:21:1114,coco,41635,000000041635.jpg,21,cow,cow,False,4,4,0.3398673832416534,204.8836,158.4936,338.714,329.1581,0.5973544716835022,True,False
coco:41635:21:1114,coco,41635,000000041635.jpg,21,cow,cow,False,4,5,0.3350809812545776,338.0862,147.8572,576.7305,317.9468,0.7393931150436401,True,False
coco:41635:21:1114,coco,41635,000000041635.jpg,21,cow,cow,False,4,6,0.3087464869022369,506.7595,184.3624,637.9124,296.1321,0.2979045212268829,False,True
coco:41635:21:1114,coco,41635,000000041635.jpg,21,cow,cow,False,4,7,0.2964862883090973,321.9661,180.8509,416.272,323.4872,0.3975251019001007,False,True
coco:41635:21:1114,coco,41635,000000041635.jpg,21,cow,cow,False,4,8,0.254247099161148,408.9908,147.2412,513.0455,316.3567,0.3325525820255279,False,True
coco:41635:21:1114,coco,41635,000000041635.jpg,21,cow,cow,False,4,9,0.2522241771221161,408.3106,147.1757,575.5751,317.0555,0.52730792760849,True,False
coco:41635:21:1114,coco,41635,000000041635.jpg,21,cow,cow,False,4,10,0.2491159290075302,345.9254,182.2334,415.9838,275.9464,0.1945084631443023,False,True
coco:41635:21:1114,coco,41635,000000041635.jpg,21,cow,cow,False,4,11,0.2400688827037811,506.841,184.1084,576.1334,294.0244,0.1547824442386627,False,True
coco:41635:21:1114,coco,41635,000000041635.jpg,21,cow,cow,False,4,12,0.2384618520736694,332.446,179.448,635.5425,314.9183,0.7574982643127441,True,False
coco:41635:21:1114,coco,41635,000000041635.jpg,21,cow,cow,False,4,13,0.2154581546783447,112.4682,192.5015,251.5555,350.8199,0.4616884291172027,False,True
coco:41635:21:1114,coco,41635,000000041635.jpg,21,cow,cow,False,4,14,0.1968043744564056,1.6122,152.6077,636.106,348.467,0.3742957413196563,False,True
coco:41635:21:1114,coco,41635,000000041635.jpg,21,cow,cow,False,4,15,0.1590504497289657,346.0455,182.2222,414.2357,243.7808,0.1261122822761535,False,True
coco:41635:21:1114,coco,41635,000000041635.jpg,21,cow,cow,False,4,16,0.15370973944664,159.8886,191.7648,182.7413,206.908,0.0079212523996829,False,True
coco:41635:21:1114,coco,41635,000000041635.jpg,21,cow,cow,False,4,17,0.1460063904523849,1.6476,156.8199,412.7736,349.7841,0.5506917834281921,True,False
coco:41635:21:1114,coco,41635,000000041635.jpg,21,cow,cow,False,4,18,0.1453539282083511,239.4352,222.9261,253.9398,249.349,0.0115142241120338,False,True
coco:41635:21:1114,coco,41635,000000041635.jpg,21,cow,cow,False,4,19,0.144799917936325,335.1811,223.2808,367.9863,254.2378,0.0305104367434978,False,True
coco:41635:21:1114,coco,41635,000000041635.jpg,21,cow,cow,False,4,20,0.1362489759922027,201.3719,223.392,415.8339,325.2292,0.6189906597137451,True,False
coco:41635:21:1114,coco,41635,000000041635.jpg,21,cow,cow,False,4,21,0.1334082335233688,541.7026,244.9527,637.7886,291.2472,0.0903992727398872,False,True
coco:41635:21:1114,coco,41635,000000041635.jpg,21,cow,cow,False,4,22,0.1265547722578048,122.5156,159.2823,339.5027,349.6171,0.3949110507965088,False,True
coco:41635:21:1114,coco,41635,000000041635.jpg,21,cow,cow,False,4,23,0.1233557313680648,127.3679,229.698,249.618,350.6729,0.3138827681541443,False,True
coco:41635:21:1114,coco,41635,000000041635.jpg,21,cow,cow,False,4,24,0.1188089922070503,207.1871,150.0665,632.5814,326.9744,0.6164547801017761,True,False
coco:41635:21:1114,coco,41635,000000041635.jpg,21,cow,cow,False,4,25,0.1181386262178421,335.4828,221.6605,413.4473,276.1514,0.1276342868804931,False,True
coco:41635:21:1114,coco,41635,000000041635.jpg,21,cow,cow,False,4,26,0.1163206994533538,328.715,181.0527,369.3727,254.0215,0.0891305580735206,False,True
coco:41635:21:1114,coco,41635,000000041635.jpg,21,cow,cow,False,4,27,0.1146303415298461,331.4105,180.0768,513.2356,316.1124,0.4569521248340606,False,True
coco:41635:21:1114,coco,41635,000000041635.jpg,21,cow,cow,False,4,28,0.1088820695877075,50.8091,189.7211,252.3373,351.0135,0.6745973229408264,True,False
coco:41635:21:1114,coco,41635,000000041635.jpg,21,cow,cow,False,4,29,0.1080043911933898,506.1649,183.6705,638.388,358.8468,0.2933447062969208,False,True
coco:41635:21:1114,coco,41635,000000041635.jpg,21,cow,cow,False,4,30,0.1005298495292663,319.8801,239.9581,415.6099,323.2732,0.2382534891366958,False,True
coco:41635:21:1114,coco,41635,000000041635.jpg,21,cow,cow,False,4,31,0.0957701504230499,194.4723,246.9475,254.9676,284.8015,0.052357405424118,False,True
coco:41635:21:1114,coco,41635,000000041635.jpg,21,cow,cow,False,4,32,0.0937266573309898,329.4025,180.9538,367.3701,230.3145,0.0563042163848876,False,True
coco:41635:21:1114,coco,41635,000000041635.jpg,21,cow,cow,False,4,33,0.0894973203539848,327.4881,210.8721,368.0834,254.3384,0.0530120581388473,False,True
coco:41635:21:1114,coco,41635,000000041635.jpg,21,cow,cow,False,4,34,0.0881552696228027,190.1995,246.2465,254.1915,320.1222,0.0981424748897552,False,True
coco:41635:21:1114,coco,41635,000000041635.jpg,21,cow,cow,False,4,35,0.087389163672924,510.2678,244.56,638.064,294.9643,0.1309062540531158,False,True
coco:41635:21:1114,coco,41635,000000041635.jpg,21,cow,cow,False,4,36,0.087306335568428,507.689,184.4096,575.6621,253.602,0.0955807119607925,False,True
coco:41635:21:1114,coco,41635,000000041635.jpg,21,cow,cow,False,4,37,0.08698420971632,0.251,197.4647,31.4915,336.4215,0.5363826751708984,True,False
coco:41635:21:1114,coco,41635,000000041635.jpg,21,cow,cow,False,4,38,0.0691777616739273,100.4274,192.5495,193.8934,346.2116,0.3246605396270752,False,True
coco:41635:21:1114,coco,41635,000000041635.jpg,21,cow,cow,False,4,39,0.0679713562130928,407.8617,146.6618,636.9221,389.8766,0.5379852652549744,True,False
coco:41635:21:1114,coco,41635,000000041635.jpg,21,cow,cow,False,4,40,0.0679702535271644,334.6057,180.8112,575.1694,255.8781,0.3669897019863128,False,True
coco:41635:21:1114,coco,41635,000000041635.jpg,21,cow,cow,False,4,41,0.0668439343571662,540.9816,244.9182,611.8951,284.9409,0.0576781034469604,False,True
coco:41635:21:1114,coco,41635,000000041635.jpg,21,cow,cow,False,4,42,0.0664871782064437,321.0188,211.1181,370.1806,322.4488,0.1644331067800521,False,True
coco:41635:21:1114,coco,41635,000000041635.jpg,21,cow,cow,False,4,43,0.0643967166543006,158.2661,190.9697,253.403,250.5127,0.1225756481289863,False,True
coco:41635:21:1114,coco,41635,000000041635.jpg,21,cow,cow,False,4,44,0.064147911965847,184.2857,246.4695,253.0052,346.5818,0.1433197855949401,False,True
coco:41635:21:1114,coco,41635,000000041635.jpg,21,cow,cow,False,4,45,0.0626674443483352,239.2619,215.3006,368.2319,255.3304,0.1551024764776229,False,True
coco:41635:21:1114,coco,41635,000000041635.jpg,21,cow,cow,False,4,46,0.062485072761774,206.3371,179.9995,415.5034,280.1255,0.6184535026550293,True,False
coco:41635:21:1114,coco,41635,000000041635.jpg,21,cow,cow,False,4,47,0.0607185028493404,47.9151,159.5294,133.1929,332.1888,0.3198679983615875,False,True
coco:41635:21:1114,coco,41635,000000041635.jpg,21,cow,cow,False,4,48,0.0597038865089416,127.2762,221.6964,337.7072,344.4808,0.2938987612724304,False,True
coco:41635:21:1114,coco,41635,000000041635.jpg,21,cow,cow,False,4,49,0.0593873187899589,99.2286,192.7344,168.0336,333.9709,0.2224368453025818,False,True
coco:41635:21:1114,coco,41635,000000041635.jpg,21,cow,cow,False,4,50,0.0586545132100582,549.5098,244.8257,609.6754,261.3826,0.020244225859642,False,True
coco:41635:21:1114,coco,41635,000000041635.jpg,21,cow,cow,False,4,51,0.0570486448705196,156.6863,192.4126,250.5743,319.873,0.2672500610351562,False,True
coco:41635:21:1114,coco,41635,000000041635.jpg,21,cow,cow,False,4,52,0.0548316724598407,506.4257,245.0005,639.0364,389.5721,0.1384246945381164,False,True
coco:41635:21:1114,coco,41635,000000041635.jpg,21,cow,cow,False,4,53,0.0546683557331562,159.907,191.4411,254.8354,284.7348,0.1873373091220855,False,True
coco:41635:21:1114,coco,41635,000000041635.jpg,21,cow,cow,False,4,54,0.0546372309327125,239.1897,182.0474,414.3447,263.5701,0.4289901852607727,False,True
coco:41635:21:1114,coco,41635,000000041635.jpg,21,cow,cow,False,4,55,0.0546010099351406,0.1897,254.3765,59.5241,340.4348,0.4836879074573517,False,True
coco:41635:21:1114,coco,41635,000000041635.jpg,21,cow,cow,False,4,56,0.0540773533284664,49.9879,191.5005,167.4782,333.8008,0.3826904296875,False,True
coco:41635:21:1114,coco,41635,000000041635.jpg,21,cow,cow,False,4,57,0.0531855076551437,238.8757,219.9812,412.88,277.129,0.2987483441829681,False,True
coco:41635:21:1114,coco,41635,000000041635.jpg,21,cow,cow,False,4,58,0.0524979382753372,330.6634,150.1669,575.1969,258.0099,0.5325122475624084,True,False
coco:41635:21:1114,coco,41635,000000041635.jpg,21,cow,cow,False,4,59,0.0523981265723705,196.912,222.5576,255.2005,284.3003,0.0853756293654441,False,True
coco:41635:21:1114,coco,41635,000000041635.jpg,21,cow,cow,False,4,60,0.0515543408691883,189.7525,221.5533,368.4398,331.4196,0.4586647748947143,False,True
coco:41635:21:1114,coco,41635,000000041635.jpg,21,cow,cow,False,4,61,0.0504300035536289,205.2452,155.0089,511.8067,326.6813,0.6324634552001953,True,False
coco:41635:34:1115,coco,41635,000000041635.jpg,34,frisbee,frisbee,True,0,0,0.1158739030361175,1.2924,150.3605,632.86,344.4771,0.0,False,True
coco:41635:34:1115,coco,41635,000000041635.jpg,34,frisbee,frisbee,True,0,1,0.1021084710955619,344.5727,147.9735,576.3885,316.485,0.0,False,True
coco:41635:34:1115,coco,41635,000000041635.jpg,34,frisbee,frisbee,True,0,2,0.0980723649263382,204.9986,159.508,415.0219,327.125,0.0,False,True
coco:41635:34:1115,coco,41635,000000041635.jpg,34,frisbee,frisbee,True,0,3,0.0804472416639328,0.9817,157.6594,248.6179,345.9362,0.0,False,True
coco:41635:34:1115,coco,41635,000000041635.jpg,34,frisbee,frisbee,True,0,4,0.0762184485793113,1.0679,157.8846,167.7403,336.9523,0.0,False,True
coco:41635:34:1115,coco,41635,000000041635.jpg,34,frisbee,frisbee,True,0,5,0.0640376433730125,205.6378,159.5029,339.5234,326.9184,0.0,False,True
coco:41635:18:1116,coco,41635,000000041635.jpg,18,dog,dog,True,0,0,0.3050715625286102,1.0933,157.153,248.7731,348.3053,0.0,False,True
coco:41635:18:1116,coco,41635,000000041635.jpg,18,dog,dog,True,0,1,0.2800652980804443,204.9946,158.1866,415.5373,327.8312,0.0,False,True
coco:41635:18:1116,coco,41635,000000041635.jpg,18,dog,dog,True,0,2,0.2349417358636856,339.855,147.09,576.8864,317.1302,0.0,False,True
coco:41635:18:1116,coco,41635,000000041635.jpg,18,dog,dog,True,0,3,0.2120936661958694,204.9414,157.9887,339.8813,327.9751,0.0,False,True
coco:41635:18:1116,coco,41635,000000041635.jpg,18,dog,dog,True,0,4,0.1907487958669662,2.4258,149.7854,633.363,344.5096,0.0,False,True
coco:41635:18:1116,coco,41635,000000041635.jpg,18,dog,dog,True,0,5,0.174096331000328,1.0176,156.8883,173.7697,340.6666,0.0,False,True
coco:41635:18:1116,coco,41635,000000041635.jpg,18,dog,dog,True,0,6,0.1604887098073959,323.0197,180.7107,416.3119,322.3646,0.0,False,True
coco:41635:18:1116,coco,41635,000000041635.jpg,18,dog,dog,True,0,7,0.1427233815193176,506.7927,183.8005,637.2379,295.5114,0.0,False,True
coco:41635:18:1116,coco,41635,000000041635.jpg,18,dog,dog,True,0,8,0.1242448091506958,335.5498,179.554,635.0799,312.2377,0.0,False,True
coco:41635:18:1116,coco,41635,000000041635.jpg,18,dog,dog,True,0,9,0.1237370818853378,408.2152,146.899,575.3984,315.4019,0.0,False,True
coco:41635:18:1116,coco,41635,000000041635.jpg,18,dog,dog,True,0,10,0.1206458732485771,409.1792,146.8848,513.1705,314.5111,0.0,False,True
coco:41635:18:1116,coco,41635,000000041635.jpg,18,dog,dog,True,0,11,0.1148460358381271,0.2294,254.2036,31.2788,335.4207,0.0,False,True
coco:41635:18:1116,coco,41635,000000041635.jpg,18,dog,dog,True,0,12,0.1128054335713386,330.3634,180.5159,416.2809,275.9662,0.0,False,True
coco:41635:18:1116,coco,41635,000000041635.jpg,18,dog,dog,True,0,13,0.1116036400198936,1.9355,156.339,413.2065,346.3404,0.0,False,True
coco:41635:18:1116,coco,41635,000000041635.jpg,18,dog,dog,True,0,14,0.1063621267676353,103.7171,191.7382,251.1301,349.2307,0.0,False,True
coco:41635:18:1116,coco,41635,000000041635.jpg,18,dog,dog,True,0,15,0.0945753902196884,506.6873,183.842,576.1077,293.3849,0.0,False,True
coco:41635:18:1116,coco,41635,000000041635.jpg,18,dog,dog,True,0,16,0.0840153992176055,335.3913,222.9716,367.989,254.1295,0.0,False,True
coco:41635:18:1116,coco,41635,000000041635.jpg,18,dog,dog,True,0,17,0.0828196182847023,345.9256,181.6952,414.7547,240.9122,0.0,False,True
coco:41635:18:1116,coco,41635,000000041635.jpg,18,dog,dog,True,0,18,0.0750489607453346,48.141,157.233,185.9913,342.6878,0.0,False,True
coco:41635:18:1116,coco,41635,000000041635.jpg,18,dog,dog,True,0,19,0.0709308236837387,48.0016,157.4085,138.8493,334.7124,0.0,False,True
coco:41635:18:1116,coco,41635,000000041635.jpg,18,dog,dog,True,0,20,0.0702903717756271,345.2162,180.4272,575.8628,297.6926,0.0,False,True
coco:41635:18:1116,coco,41635,000000041635.jpg,18,dog,dog,True,0,21,0.0648197382688522,159.7751,191.1161,183.1127,207.0495,0.0,False,True
coco:41635:18:1116,coco,41635,000000041635.jpg,18,dog,dog,True,0,22,0.0632968544960022,205.486,148.2742,633.502,325.4138,0.0,False,True
coco:41635:18:1116,coco,41635,000000041635.jpg,18,dog,dog,True,0,23,0.0622818209230899,126.4985,229.1542,249.0775,348.5637,0.0,False,True
coco:41635:18:1116,coco,41635,000000041635.jpg,18,dog,dog,True,0,24,0.0615614168345928,318.7026,238.5996,415.6969,322.7846,0.0,False,True
coco:41635:18:1116,coco,41635,000000041635.jpg,18,dog,dog,True,0,25,0.0610253550112247,239.046,223.096,253.9967,249.2743,0.0,False,True
coco:41635:18:1116,coco,41635,000000041635.jpg,18,dog,dog,True,0,26,0.0590437948703765,115.8656,158.8499,414.9637,337.3523,0.0,False,True
coco:41635:18:1116,coco,41635,000000041635.jpg,18,dog,dog,True,0,27,0.0536930859088897,541.5442,244.659,637.154,291.3218,0.0,False,True
coco:41635:18:1116,coco,41635,000000041635.jpg,18,dog,dog,True,0,28,0.0527347140014171,335.2951,221.9665,412.8456,276.8884,0.0,False,True
coco:42628:31:1147,coco,42628,000000042628.jpg,31,handbag,handbag,False,1,0,0.5054048299789429,386.4348,21.9401,396.6301,43.791,0.0,False,True
coco:42628:31:1147,coco,42628,000000042628.jpg,31,handbag,handbag,False,1,1,0.5049596428871155,531.017,30.692,551.2578,50.9053,0.5403245091438293,True,False
coco:42628:31:1147,coco,42628,000000042628.jpg,31,handbag,handbag,False,1,2,0.3490336835384369,519.7985,51.9026,536.305,86.0367,0.0,False,True
coco:42628:31:1147,coco,42628,000000042628.jpg,31,handbag,handbag,False,1,3,0.247062474489212,282.2831,22.5474,294.6295,49.5835,0.0,False,True
coco:42628:31:1147,coco,42628,000000042628.jpg,31,handbag,handbag,False,1,4,0.2457256019115448,272.5532,22.5075,294.7614,50.2768,0.0,False,True
coco:42628:31:1147,coco,42628,000000042628.jpg,31,handbag,handbag,False,1,5,0.2329961210489273,530.9705,14.828,551.3647,51.2268,0.9342559576034546,True,False
coco:42628:31:1147,coco,42628,000000042628.jpg,31,handbag,handbag,False,1,6,0.195206880569458,386.3302,7.0352,413.9205,43.9846,0.0,False,True
coco:42628:31:1147,coco,42628,000000042628.jpg,31,handbag,handbag,False,1,7,0.178480714559555,272.9673,48.5111,281.9017,56.9318,0.0,False,True
coco:42628:31:1147,coco,42628,000000042628.jpg,31,handbag,handbag,False,1,8,0.1080414950847625,547.6381,76.6331,562.463,97.7384,0.0,False,True
coco:42628:31:1147,coco,42628,000000042628.jpg,31,handbag,handbag,False,1,9,0.1048270538449287,362.7524,24.0275,379.1047,46.1195,0.0,False,True
coco:42628:31:1147,coco,42628,000000042628.jpg,31,handbag,handbag,False,1,10,0.0962931662797927,386.4875,0.5038,420.3969,44.0015,0.0,False,True
coco:42628:31:1147,coco,42628,000000042628.jpg,31,handbag,handbag,False,1,11,0.0942975059151649,272.2406,23.1646,280.217,49.8814,0.0,False,True
coco:42628:31:1147,coco,42628,000000042628.jpg,31,handbag,handbag,False,1,12,0.0795436054468154,273.0729,46.3252,294.3501,57.4694,0.0,False,True
coco:42628:31:1147,coco,42628,000000042628.jpg,31,handbag,handbag,False,1,13,0.0754861608147621,272.1823,32.4518,281.4742,56.5996,0.0,False,True
coco:42628:31:1147,coco,42628,000000042628.jpg,31,handbag,handbag,False,1,14,0.0749549642205238,386.2219,8.0378,401.5571,43.9932,0.0,False,True
coco:42628:31:1147,coco,42628,000000042628.jpg,31,handbag,handbag,False,1,15,0.0745915845036506,410.141,-0.0426,421.1801,7.6896,0.0,False,True
coco:42628:31:1147,coco,42628,000000042628.jpg,31,handbag,handbag,False,1,16,0.0707356855273246,460.5402,31.9535,483.8167,44.3767,0.0,False,True
coco:42628:31:1147,coco,42628,000000042628.jpg,31,handbag,handbag,False,1,17,0.068993791937828,225.4214,12.4616,236.1176,37.7071,0.0,False,True
coco:42628:31:1147,coco,42628,000000042628.jpg,31,handbag,handbag,False,1,18,0.0681042745709419,467.6242,43.3122,495.3769,99.5599,0.0,False,True
coco:42628:31:1147,coco,42628,000000042628.jpg,31,handbag,handbag,False,1,19,0.0670869871973991,386.3987,21.4657,422.3782,44.0413,0.0,False,True
coco:42628:31:1147,coco,42628,000000042628.jpg,31,handbag,handbag,False,1,20,0.0642832294106483,460.4546,23.0452,484.3194,44.5051,0.0,False,True
coco:42628:31:1147,coco,42628,000000042628.jpg,31,handbag,handbag,False,1,21,0.063624583184719,490.3187,40.7827,519.9432,71.7096,0.0,False,True
coco:42628:31:1147,coco,42628,000000042628.jpg,31,handbag,handbag,False,1,22,0.0598592273890972,451.3597,0.1948,478.0418,4.1532,0.0,False,True
coco:42628:84:1149,coco,42628,000000042628.jpg,84,book,book,True,0,0,0.2554996013641357,272.2076,22.3536,294.594,49.9659,0.0,False,True
coco:42628:84:1149,coco,42628,000000042628.jpg,84,book,book,True,0,1,0.239268496632576,282.7035,22.5333,294.4826,49.3766,0.0,False,True
coco:42628:84:1149,coco,42628,000000042628.jpg,84,book,book,True,0,2,0.1237305402755737,272.1358,24.0688,280.7835,49.5581,0.0,False,True
coco:42628:84:1149,coco,42628,000000042628.jpg,84,book,book,True,0,3,0.1040659472346305,547.4786,76.2788,562.8309,97.8963,0.0,False,True
coco:42628:84:1149,coco,42628,000000042628.jpg,84,book,book,True,0,4,0.0982876792550087,467.5389,43.8041,495.3938,99.6639,0.0,False,True
coco:42628:84:1149,coco,42628,000000042628.jpg,84,book,book,True,0,5,0.0726948752999305,272.1351,31.5736,279.6989,49.1696,0.0,False,True
coco:42628:84:1149,coco,42628,000000042628.jpg,84,book,book,True,0,6,0.0720797777175903,519.3262,52.0954,536.1093,85.7238,0.0,False,True
coco:42628:84:1149,coco,42628,000000042628.jpg,84,book,book,True,0,7,0.0591625794768333,384.6004,213.1763,460.2429,357.2054,0.0,False,True
coco:42628:84:1149,coco,42628,000000042628.jpg,84,book,book,True,0,8,0.0513298250734806,531.0379,31.0278,551.0471,50.5861,0.0,False,True
coco:43435:42:1158,coco,43435,000000043435.jpg,42,surfboard,surfboard,False,3,0,0.5715159177780151,168.0285,471.1415,205.4484,482.3219,0.6641297936439514,True,False
coco:43435:42:1158,coco,43435,000000043435.jpg,42,surfboard,surfboard,False,3,1,0.2365289777517318,109.8954,471.2177,205.5355,514.5189,0.7766815423965454,True,False
coco:43435:42:1158,coco,43435,000000043435.jpg,42,surfboard,surfboard,False,3,2,0.198468342423439,187.8526,471.4955,205.1131,480.5142,0.2471081167459488,False,True
coco:43435:42:1158,coco,43435,000000043435.jpg,42,surfboard,surfboard,False,3,3,0.1533651947975158,110.2014,451.9034,223.541,514.5,0.4599244296550751,False,True
coco:43435:42:1158,coco,43435,000000043435.jpg,42,surfboard,surfboard,False,3,4,0.1351859867572784,110.4303,485.2458,183.1028,514.3531,0.5901211500167847,True,False
coco:43435:42:1158,coco,43435,000000043435.jpg,42,surfboard,surfboard,False,3,5,0.1339489668607711,168.0496,453.8065,218.1368,482.5561,0.4289149343967438,False,True
coco:43435:42:1158,coco,43435,000000043435.jpg,42,surfboard,surfboard,False,3,6,0.1306040585041046,108.9438,435.2414,254.5293,515.0538,0.2934688627719879,False,True
coco:43435:42:1158,coco,43435,000000043435.jpg,42,surfboard,surfboard,False,3,7,0.1175059899687767,442.5804,268.0086,478.9274,282.1356,0.1143540814518928,False,True
coco:43435:42:1158,coco,43435,000000043435.jpg,42,surfboard,surfboard,False,3,8,0.1029806807637214,168.2437,436.837,255.411,482.7701,0.1539732664823532,False,True
coco:43435:42:1158,coco,43435,000000043435.jpg,42,surfboard,surfboard,False,3,9,0.0967726707458496,463.8884,236.8652,474.3409,243.2781,0.0250604096800088,False,True
coco:43435:42:1158,coco,43435,000000043435.jpg,42,surfboard,surfboard,False,3,10,0.0943133905529975,445.4469,261.2458,471.7566,272.5377,0.1110710725188255,False,True
coco:43435:42:1158,coco,43435,000000043435.jpg,42,surfboard,surfboard,False,3,11,0.0911683663725853,442.1262,229.7071,507.3643,280.7648,0.7678625583648682,True,False
coco:43435:42:1158,coco,43435,000000043435.jpg,42,surfboard,surfboard,False,3,12,0.0907279551029205,461.5748,262.7778,472.1637,269.6628,0.0272567141801118,False,True
coco:43435:42:1158,coco,43435,000000043435.jpg,42,surfboard,surfboard,False,3,13,0.089802086353302,443.2844,254.4165,497.9373,280.1796,0.4335705637931824,False,True
coco:43435:42:1158,coco,43435,000000043435.jpg,42,surfboard,surfboard,False,3,14,0.0856666937470436,167.7123,475.2368,188.2168,482.3265,0.2307655662298202,False,True
coco:43435:42:1158,coco,43435,000000043435.jpg,42,surfboard,surfboard,False,3,15,0.0790508538484573,182.6355,427.7732,215.8028,479.6213,0.1599344462156295,False,True
coco:43435:42:1158,coco,43435,000000043435.jpg,42,surfboard,surfboard,False,3,16,0.0783920437097549,187.8192,457.3442,207.1186,480.4644,0.3286958932876587,False,True
coco:43435:42:1158,coco,43435,000000043435.jpg,42,surfboard,surfboard,False,3,17,0.0615194141864776,464.625,245.1228,480.5026,255.3895,0.0609439946711063,False,True
coco:43435:42:1158,coco,43435,000000043435.jpg,42,surfboard,surfboard,False,3,18,0.0610500574111938,463.0487,221.295,483.622,269.4908,0.2249068319797516,False,True
coco:43435:42:1158,coco,43435,000000043435.jpg,42,surfboard,surfboard,False,3,19,0.0608331151306629,464.4137,236.9262,481.9817,253.8448,0.1111223846673965,False,True
coco:43435:42:1158,coco,43435,000000043435.jpg,42,surfboard,surfboard,False,3,20,0.0603894889354705,441.6522,262.6027,466.6771,276.3373,0.1233794689178466,False,True
coco:43435:42:1158,coco,43435,000000043435.jpg,42,surfboard,surfboard,False,3,21,0.0523375868797302,474.007,241.4661,482.9454,251.5471,0.0336881540715694,False,True
coco:43435:67:1159,coco,43435,000000043435.jpg,67,dining table,dining table,True,0,0,0.0715052559971809,183.1867,427.8674,215.1263,475.173,0.0,False,True
coco:43435:67:1159,coco,43435,000000043435.jpg,67,dining table,dining table,True,0,1,0.0681008696556091,1.0119,-0.0343,637.4254,639.938,0.0,False,True
coco:43435:67:1159,coco,43435,000000043435.jpg,67,dining table,dining table,True,0,2,0.0640309303998947,463.1748,220.9187,483.4646,268.6825,0.0,False,True
coco:44195:36:1173,coco,44195,000000044195.jpg,36,snowboard,snowboard,False,1,0,0.6577156782150269,132.754,259.296,271.6825,334.5981,0.928703784942627,True,False
coco:44195:36:1173,coco,44195,000000044195.jpg,36,snowboard,snowboard,False,1,1,0.1277053952217102,53.3752,86.1051,187.2838,478.3758,0.0762040764093399,False,True
coco:44195:36:1173,coco,44195,000000044195.jpg,36,snowboard,snowboard,False,1,2,0.1031507849693298,159.2206,173.4921,232.0536,407.5662,0.249571293592453,False,True
coco:44195:36:1173,coco,44195,000000044195.jpg,36,snowboard,snowboard,False,1,3,0.0916825905442237,88.6604,449.332,153.3889,478.9827,0.0,False,True
coco:44195:36:1173,coco,44195,000000044195.jpg,36,snowboard,snowboard,False,1,4,0.0907740294933319,194.4277,346.2713,233.433,373.5398,0.0,False,True
coco:44195:36:1173,coco,44195,000000044195.jpg,36,snowboard,snowboard,False,1,5,0.0906692966818809,88.3343,411.9023,186.9834,479.0464,0.0,False,True
coco:44195:36:1173,coco,44195,000000044195.jpg,36,snowboard,snowboard,False,1,6,0.0581697411835193,103.3129,256.042,234.4852,372.9423,0.4517870843410492,False,True
coco:44195:36:1173,coco,44195,000000044195.jpg,36,snowboard,snowboard,False,1,7,0.0550165139138698,133.4114,259.441,213.9517,329.3282,0.5410315990447998,True,False
coco:44195:37:1174,coco,44195,000000044195.jpg,37,sports ball,sports ball,True,0,0,0.1477343291044235,78.0836,112.6883,111.0201,145.4674,0.0,False,True
coco:44195:37:1174,coco,44195,000000044195.jpg,37,sports ball,sports ball,True,0,1,0.1372908055782318,74.5803,86.6634,126.5224,145.2144,0.0,False,True
coco:44195:37:1174,coco,44195,000000044195.jpg,37,sports ball,sports ball,True,0,2,0.1340044736862182,53.1674,86.2545,187.234,477.8129,0.0,False,True
coco:44195:37:1174,coco,44195,000000044195.jpg,37,sports ball,sports ball,True,0,3,0.1294969469308853,74.4037,86.5624,126.7566,123.2429,0.0,False,True
coco:44195:37:1174,coco,44195,000000044195.jpg,37,sports ball,sports ball,True,0,4,0.1235609725117683,133.274,258.6928,271.4543,334.7141,0.0,False,True
coco:44195:37:1174,coco,44195,000000044195.jpg,37,sports ball,sports ball,True,0,5,0.0757464170455932,194.5468,346.5683,233.3165,373.4632,0.0,False,True
coco:44195:37:1174,coco,44195,000000044195.jpg,37,sports ball,sports ball,True,0,6,0.0739256963133812,159.8098,173.8861,232.7991,408.1276,0.0,False,True
coco:44195:37:1174,coco,44195,000000044195.jpg,37,sports ball,sports ball,True,0,7,0.0532906539738178,90.1926,101.2549,126.4103,122.2922,0.0,False,True
coco:44260:53:1176,coco,44260,000000044260.jpg,53,apple,apple,False,6,0,0.7495622038841248,212.063,230.1264,265.9186,275.4926,0.963197946548462,True,False
coco:44260:53:1176,coco,44260,000000044260.jpg,53,apple,apple,False,6,1,0.7247102856636047,159.0998,3.6393,216.3969,56.8063,0.9574016332626344,True,False
coco:44260:53:1176,coco,44260,000000044260.jpg,53,apple,apple,False,6,2,0.6363646984100342,243.2172,72.9652,290.7491,119.8307,0.8653289079666138,True,False
coco:44260:53:1176,coco,44260,000000044260.jpg,53,apple,apple,False,6,3,0.5946003198623657,611.0428,177.5029,639.7499,209.7614,0.9756460189819336,True,False
coco:44260:53:1176,coco,44260,000000044260.jpg,53,apple,apple,False,6,4,0.4967029690742492,351.6974,316.6221,383.9665,346.8062,0.7438551187515259,True,False
coco:44260:53:1176,coco,44260,000000044260.jpg,53,apple,apple,False,6,5,0.4664231240749359,368.541,358.7464,397.6877,383.8121,0.7496590614318848,True,False
coco:44260:53:1176,coco,44260,000000044260.jpg,53,apple,apple,False,6,6,0.4163110554218292,408.5981,368.2153,433.7305,394.5996,0.0,False,True
coco:44260:53:1176,coco,44260,000000044260.jpg,53,apple,apple,False,6,7,0.262595921754837,401.4557,414.4569,423.9139,424.8575,0.0,False,True
coco:44260:53:1176,coco,44260,000000044260.jpg,53,apple,apple,False,6,8,0.2439927458763122,390.9016,414.3465,424.0321,424.8611,0.0,False,True
coco:44260:53:1176,coco,44260,000000044260.jpg,53,apple,apple,False,6,9,0.2324267774820327,353.7327,366.2208,371.1909,387.0825,0.0,False,True
coco:44260:53:1176,coco,44260,000000044260.jpg,53,apple,apple,False,6,10,0.2180515229701995,323.8831,368.4385,346.7123,388.1565,0.0,False,True
coco:44260:53:1176,coco,44260,000000044260.jpg,53,apple,apple,False,6,11,0.2031449079513549,334.7578,369.6086,346.2361,384.5985,0.0,False,True
coco:44260:53:1176,coco,44260,000000044260.jpg,53,apple,apple,False,6,12,0.1907448917627334,354.5066,357.5558,398.1793,387.0458,0.4893449246883392,False,True
coco:44260:53:1176,coco,44260,000000044260.jpg,53,apple,apple,False,6,13,0.1696297526359558,334.3731,369.6326,349.0211,392.3598,0.0,False,True
coco:44260:53:1176,coco,44260,000000044260.jpg,53,apple,apple,False,6,14,0.1526895761489868,353.9864,357.6194,374.0569,386.7139,0.0589487440884113,False,True
coco:44260:53:1176,coco,44260,000000044260.jpg,53,apple,apple,False,6,15,0.1185764744877815,404.0538,361.465,422.3272,383.1686,0.0,False,True
coco:44260:53:1176,coco,44260,000000044260.jpg,53,apple,apple,False,6,16,0.1176829561591148,465.6414,154.2939,552.2742,261.9618,0.0,False,True
coco:44260:53:1176,coco,44260,000000044260.jpg,53,apple,apple,False,6,17,0.111119657754898,441.8481,393.7781,453.7983,405.475,0.0,False,True
coco:44260:53:1176,coco,44260,000000044260.jpg,53,apple,apple,False,6,18,0.108015701174736,445.2652,314.9624,466.3198,330.6233,0.0,False,True
coco:44260:53:1176,coco,44260,000000044260.jpg,53,apple,apple,False,6,19,0.106630191206932,404.4646,360.974,422.1672,373.7666,0.0,False,True
coco:44260:53:1176,coco,44260,000000044260.jpg,53,apple,apple,False,6,20,0.0967010408639907,323.3512,367.8517,334.4409,387.8676,0.0,False,True
coco:44260:53:1176,coco,44260,000000044260.jpg,53,apple,apple,False,6,21,0.0939451232552528,354.1516,359.347,382.6104,386.702,0.2392106056213379,False,True
coco:44260:53:1176,coco,44260,000000044260.jpg,53,apple,apple,False,6,22,0.0918427184224128,368.1415,356.5681,433.689,394.9393,0.2649275362491607,False,True
coco:44260:53:1176,coco,44260,000000044260.jpg,53,apple,apple,False,6,23,0.091212511062622,324.3932,369.1383,350.8321,409.6498,0.0,False,True
coco:44260:53:1176,coco,44260,000000044260.jpg,53,apple,apple,False,6,24,0.0884122252464294,365.2663,125.3498,394.8593,160.8454,0.0,False,True
coco:44260:53:1176,coco,44260,000000044260.jpg,53,apple,apple,False,6,25,0.0858764722943306,240.6587,152.2912,266.411,171.6207,0.0,False,True
coco:44260:53:1176,coco,44260,000000044260.jpg,53,apple,apple,False,6,26,0.0819859579205513,285.2791,235.8277,312.6014,268.0286,0.0,False,True
coco:44260:53:1176,coco,44260,000000044260.jpg,53,apple,apple,False,6,27,0.0819334834814071,365.2136,125.6829,384.885,160.4273,0.0,False,True
coco:44260:53:1176,coco,44260,000000044260.jpg,53,apple,apple,False,6,28,0.0772871226072311,410.6449,35.2754,427.5081,59.999,0.0,False,True
coco:44260:53:1176,coco,44260,000000044260.jpg,53,apple,apple,False,6,29,0.0760101675987243,350.1825,315.7386,433.5764,395.7318,0.1574527472257614,False,True
coco:44260:53:1176,coco,44260,000000044260.jpg,53,apple,apple,False,6,30,0.0758647248148918,333.9391,369.8018,350.6275,407.449,0.0,False,True
coco:44260:53:1176,coco,44260,000000044260.jpg,53,apple,apple,False,6,31,0.0758382603526115,349.0015,85.1152,373.7052,114.7263,0.0,False,True
coco:44260:53:1176,coco,44260,000000044260.jpg,53,apple,apple,False,6,32,0.070141427218914,418.9041,335.8702,435.3807,354.4197,0.0,False,True
coco:44260:53:1176,coco,44260,000000044260.jpg,53,apple,apple,False,6,33,0.0692815259099006,225.4994,122.9294,238.3911,136.851,0.0,False,True
coco:44260:53:1176,coco,44260,000000044260.jpg,53,apple,apple,False,6,34,0.0662020295858383,339.8364,326.9317,355.1607,350.0453,0.1112743392586708,False,True
coco:44260:53:1176,coco,44260,000000044260.jpg,53,apple,apple,False,6,35,0.0658079609274864,332.968,385.8268,350.3942,407.9964,0.0,False,True
coco:44260:53:1176,coco,44260,000000044260.jpg,53,apple,apple,False,6,36,0.0642625987529754,400.5602,403.2903,424.0492,424.7329,0.0,False,True
coco:44260:53:1176,coco,44260,000000044260.jpg,53,apple,apple,False,6,37,0.062734343111515,390.2616,403.3793,424.1585,424.8262,0.0,False,True
coco:44260:53:1176,coco,44260,000000044260.jpg,53,apple,apple,False,6,38,0.0601311698555946,363.7068,89.4214,373.7611,107.1603,0.0,False,True
coco:44260:53:1176,coco,44260,000000044260.jpg,53,apple,apple,False,6,39,0.0597550421953201,378.5759,282.1048,397.3547,302.7059,0.0,False,True
coco:44260:53:1176,coco,44260,000000044260.jpg,53,apple,apple,False,6,40,0.0595932565629482,436.7624,335.2376,455.4266,360.847,0.0,False,True
coco:44260:53:1176,coco,44260,000000044260.jpg,53,apple,apple,False,6,41,0.0569989793002605,364.2371,356.3961,374.9002,368.903,0.0566117763519287,False,True
coco:44260:53:1176,coco,44260,000000044260.jpg,53,apple,apple,False,6,42,0.0551475584506988,450.1836,331.5241,469.9142,366.5068,0.0,False,True
coco:44260:53:1176,coco,44260,000000044260.jpg,53,apple,apple,False,6,43,0.0550829321146011,383.2729,355.5531,392.6274,364.7326,0.1146376952528953,False,True
coco:44260:53:1176,coco,44260,000000044260.jpg,53,apple,apple,False,6,44,0.0547376461327075,389.7827,417.1255,404.8097,424.752,0.0,False,True
coco:44260:53:1176,coco,44260,000000044260.jpg,53,apple,apple,False,6,45,0.0542666986584663,393.5726,362.4483,411.0561,383.5798,0.0387587808072567,False,True
coco:44260:53:1176,coco,44260,000000044260.jpg,53,apple,apple,False,6,46,0.0537401996552944,72.3141,23.697,103.3414,48.0223,0.0,False,True
coco:44260:53:1176,coco,44260,000000044260.jpg,53,apple,apple,False,6,47,0.0535998120903968,403.7061,362.3016,411.5126,372.7255,0.0,False,True
coco:44260:53:1176,coco,44260,000000044260.jpg,53,apple,apple,False,6,48,0.0535299144685268,237.1787,230.9281,266.1614,272.334,0.4870747029781341,False,True
coco:44260:53:1176,coco,44260,000000044260.jpg,53,apple,apple,False,6,49,0.0534159876406192,390.48,310.7011,410.7407,328.4249,0.0,False,True
coco:44260:53:1176,coco,44260,000000044260.jpg,53,apple,apple,False,6,50,0.0510536432266235,390.5807,311.9819,403.848,328.201,0.0,False,True
coco:44260:53:1176,coco,44260,000000044260.jpg,53,apple,apple,False,6,51,0.0504163838922977,336.0416,355.1763,354.4543,382.8024,0.0,False,True
coco:44260:53:1176,coco,44260,000000044260.jpg,53,apple,apple,False,6,52,0.050375547260046,184.4036,7.8828,216.1902,55.8517,0.5168054103851318,True,False
coco:44260:53:1176,coco,44260,000000044260.jpg,53,apple,apple,False,6,53,0.0503435470163822,216.4019,112.6946,228.1831,128.4055,0.0,False,True
coco:44260:72:1177,coco,44260,000000044260.jpg,72,tv,tv,True,0,0,0.2201138585805893,211.8105,229.0191,266.0791,275.8889,0.0,False,True
coco:44260:72:1177,coco,44260,000000044260.jpg,72,tv,tv,True,0,1,0.1943145543336868,1.3192,-0.1897,639.0579,424.7724,0.0,False,True
coco:44260:72:1177,coco,44260,000000044260.jpg,72,tv,tv,True,0,2,0.1775662302970886,158.6676,3.1918,216.6832,57.1998,0.0,False,True
coco:44260:72:1177,coco,44260,000000044260.jpg,72,tv,tv,True,0,3,0.1610873788595199,243.0448,72.3166,290.9284,120.6244,0.0,False,True
coco:44260:72:1177,coco,44260,000000044260.jpg,72,tv,tv,True,0,4,0.1042312458157539,464.9356,153.6029,551.6714,262.2859,0.0,False,True
coco:44260:72:1177,coco,44260,000000044260.jpg,72,tv,tv,True,0,5,0.0733274668455123,610.6363,177.2853,639.256,209.7015,0.0,False,True
coco:44260:72:1177,coco,44260,000000044260.jpg,72,tv,tv,True,0,6,0.0655593425035476,1.098,-0.1756,433.1807,424.2148,0.0,False,True
coco:44260:72:1177,coco,44260,000000044260.jpg,72,tv,tv,True,0,7,0.0563516840338707,102.4789,-0.1905,430.0319,278.0526,0.0,False,True
coco:44260:42:1178,coco,44260,000000044260.jpg,42,surfboard,surfboard,True,0,0,0.1214931458234787,212.1202,229.6071,265.9799,275.6291,0.0,False,True
coco:44260:42:1178,coco,44260,000000044260.jpg,42,surfboard,surfboard,True,0,1,0.1129048243165016,158.8881,3.5315,216.4422,56.8513,0.0,False,True
coco:44260:42:1178,coco,44260,000000044260.jpg,42,surfboard,surfboard,True,0,2,0.0852770805358886,243.3965,72.7115,290.7663,120.2537,0.0,False,True
coco:44260:42:1178,coco,44260,000000044260.jpg,42,surfboard,surfboard,True,0,3,0.0622662864625453,465.6188,154.0413,551.8552,262.3,0.0,False,True
coco:44260:42:1178,coco,44260,000000044260.jpg,42,surfboard,surfboard,True,0,4,0.0593528449535369,1.3635,-0.1007,638.6708,424.8683,0.0,False,True
coco:44260:42:1178,coco,44260,000000044260.jpg,42,surfboard,surfboard,True,0,5,0.0580033063888549,610.971,177.5165,639.4048,209.5048,0.0,False,True
coco:45472:55:1203,coco,45472,000000045472.jpg,55,orange,orange,False,1,0,0.6690465807914734,427.185,255.0581,528.5475,348.2084,0.2471895962953567,False,True
coco:45472:55:1203,coco,45472,000000045472.jpg,55,orange,orange,False,1,1,0.6673720479011536,530.1783,241.7063,624.0645,333.5476,0.2271645814180374,False,True
coco:45472:55:1203,coco,45472,000000045472.jpg,55,orange,orange,False,1,2,0.6518110036849976,465.6973,174.086,563.1602,271.0995,0.2490989118814468,False,True
coco:45472:55:1203,coco,45472,000000045472.jpg,55,orange,orange,False,1,3,0.6085160374641418,411.4252,227.5761,478.6347,305.6064,0.1381639540195465,False,True
coco:45472:55:1203,coco,45472,000000045472.jpg,55,orange,orange,False,1,4,0.189945563673973,517.1729,267.8287,533.5775,298.3047,0.0131711810827255,False,True
coco:45472:55:1203,coco,45472,000000045472.jpg,55,orange,orange,False,1,5,0.1704497784376144,558.367,228.6399,572.5305,245.3272,0.0062266835011541,False,True
coco:45472:55:1203,coco,45472,000000045472.jpg,55,orange,orange,False,1,6,0.1552120000123977,411.8146,173.6492,624.4167,344.8793,0.9590663909912108,True,False
coco:45472:55:1203,coco,45472,000000045472.jpg,55,orange,orange,False,1,7,0.1297646760940551,517.717,228.9422,572.4924,271.7451,0.0617674551904201,False,True
coco:45472:55:1203,coco,45472,000000045472.jpg,55,orange,orange,False,1,8,0.1104228943586349,518.9015,229.7416,572.2336,297.8171,0.0956491976976394,False,True
coco:45472:55:1203,coco,45472,000000045472.jpg,55,orange,orange,False,1,9,0.0876383855938911,518.038,242.6619,563.2492,297.1766,0.0649323314428329,False,True
coco:45472:55:1203,coco,45472,000000045472.jpg,55,orange,orange,False,1,10,0.073396660387516,517.4924,268.0429,533.4423,284.6458,0.0069765942171216,False,True
coco:45472:55:1203,coco,45472,000000045472.jpg,55,orange,orange,False,1,11,0.0709016695618629,465.2937,227.3187,571.8484,254.1902,0.0754336416721344,False,True
coco:45472:55:1203,coco,45472,000000045472.jpg,55,orange,orange,False,1,12,0.063317060470581,439.9226,227.4882,467.7527,238.3157,0.0079385889694094,False,True
coco:45472:55:1203,coco,45472,000000045472.jpg,55,orange,orange,False,1,13,0.0612976364791393,1.171,0.5901,264.0716,373.8286,0.0,False,True
coco:45472:55:1203,coco,45472,000000045472.jpg,55,orange,orange,False,1,14,0.0563319213688373,444.6216,227.6845,478.041,257.4062,0.0261681973934173,False,True
coco:45472:55:1203,coco,45472,000000045472.jpg,55,orange,orange,False,1,15,0.0549234040081501,553.2699,228.2686,573.0702,257.5987,0.0152998147532343,False,True
coco:45472:55:1203,coco,45472,000000045472.jpg,55,orange,orange,False,1,16,0.0527420192956924,412.1571,229.0154,623.4229,346.7692,0.6553975343704224,True,False
coco:45472:90:1204,coco,45472,000000045472.jpg,90,toothbrush,toothbrush,True,0,0,0.3360154330730438,363.6125,172.9655,392.0337,263.8028,0.0,False,True
coco:45472:90:1204,coco,45472,000000045472.jpg,90,toothbrush,toothbrush,True,0,1,0.2926860749721527,350.6352,181.3527,370.1117,266.7325,0.0,False,True
coco:45472:90:1204,coco,45472,000000045472.jpg,90,toothbrush,toothbrush,True,0,2,0.2829627096652984,302.5222,167.7991,392.0214,271.9672,0.0,False,True
coco:45472:90:1204,coco,45472,000000045472.jpg,90,toothbrush,toothbrush,True,0,3,0.2809394598007202,302.6323,190.6575,320.6143,271.5495,0.0,False,True
coco:45472:90:1204,coco,45472,000000045472.jpg,90,toothbrush,toothbrush,True,0,4,0.2799570262432098,308.2605,165.3714,324.3015,271.4274,0.0,False,True
coco:45472:90:1204,coco,45472,000000045472.jpg,90,toothbrush,toothbrush,True,0,5,0.254626452922821,337.6558,181.3109,348.6163,271.3243,0.0,False,True
coco:45472:90:1204,coco,45472,000000045472.jpg,90,toothbrush,toothbrush,True,0,6,0.2404268980026245,325.0853,182.5305,333.6824,272.1749,0.0,False,True
coco:45472:90:1204,coco,45472,000000045472.jpg,90,toothbrush,toothbrush,True,0,7,0.2019885331392288,348.0385,179.5686,356.2259,266.2115,0.0,False,True
coco:45472:90:1204,coco,45472,000000045472.jpg,90,toothbrush,toothbrush,True,0,8,0.1794610023498535,331.607,184.2594,340.9267,271.7905,0.0,False,True
coco:45472:90:1204,coco,45472,000000045472.jpg,90,toothbrush,toothbrush,True,0,9,0.1704045385122299,334.3064,183.9366,342.4687,271.8634,0.0,False,True
coco:45472:90:1204,coco,45472,000000045472.jpg,90,toothbrush,toothbrush,True,0,10,0.1579401046037674,140.1168,1.9229,173.661,111.2645,0.0,False,True
coco:45472:90:1204,coco,45472,000000045472.jpg,90,toothbrush,toothbrush,True,0,11,0.1542245149612426,315.3027,184.3759,326.8839,271.3562,0.0,False,True
coco:45472:90:1204,coco,45472,000000045472.jpg,90,toothbrush,toothbrush,True,0,12,0.1273267418146133,311.8365,192.0517,323.0319,271.8426,0.0,False,True
coco:45472:90:1204,coco,45472,000000045472.jpg,90,toothbrush,toothbrush,True,0,13,0.1247608959674835,360.794,174.4471,371.5001,262.1387,0.0,False,True
coco:45472:90:1204,coco,45472,000000045472.jpg,90,toothbrush,toothbrush,True,0,14,0.0995190665125846,302.8874,178.8455,371.2722,271.7906,0.0,False,True
coco:45472:90:1204,coco,45472,000000045472.jpg,90,toothbrush,toothbrush,True,0,15,0.092078298330307,327.9309,183.4135,334.2922,271.8163,0.0,False,True
coco:45472:90:1204,coco,45472,000000045472.jpg,90,toothbrush,toothbrush,True,0,16,0.0709376186132431,323.3823,182.9967,331.0936,271.8769,0.0,False,True
coco:45472:90:1204,coco,45472,000000045472.jpg,90,toothbrush,toothbrush,True,0,17,0.0706774815917015,167.0982,32.4194,208.698,134.1822,0.0,False,True
coco:45472:90:1204,coco,45472,000000045472.jpg,90,toothbrush,toothbrush,True,0,18,0.0658480301499366,124.7602,1.1656,173.7705,110.8421,0.0,False,True
coco:45472:90:1204,coco,45472,000000045472.jpg,90,toothbrush,toothbrush,True,0,19,0.061537567526102,322.6249,183.4283,328.619,271.4497,0.0,False,True
coco:45472:90:1204,coco,45472,000000045472.jpg,90,toothbrush,toothbrush,True,0,20,0.061515487730503,308.6787,165.1169,323.6853,223.3882,0.0,False,True
coco:45472:90:1204,coco,45472,000000045472.jpg,90,toothbrush,toothbrush,True,0,21,0.0605806335806846,1.5157,0.624,265.6412,376.9103,0.0,False,True
coco:45472:90:1204,coco,45472,000000045472.jpg,90,toothbrush,toothbrush,True,0,22,0.0596312209963798,264.7431,167.4471,393.9366,370.4939,0.0,False,True
coco:45472:90:1204,coco,45472,000000045472.jpg,90,toothbrush,toothbrush,True,0,23,0.0562750771641731,350.7247,138.9327,371.7413,266.468,0.0,False,True
coco:45472:90:1204,coco,45472,000000045472.jpg,90,toothbrush,toothbrush,True,0,24,0.0542311184108257,166.7488,66.6769,179.6465,134.9977,0.0,False,True
coco:45472:90:1204,coco,45472,000000045472.jpg,90,toothbrush,toothbrush,True,0,25,0.0517100393772125,308.2877,165.0795,319.2583,200.5676,0.0,False,True
coco:45472:90:1204,coco,45472,000000045472.jpg,90,toothbrush,toothbrush,True,0,26,0.0515467263758182,302.9379,98.6387,384.985,271.8975,0.0,False,True
coco:45472:90:1204,coco,45472,000000045472.jpg,90,toothbrush,toothbrush,True,0,27,0.0504834316670894,376.2535,174.1878,392.3655,244.9685,0.0,False,True
coco:45472:28:1205,coco,45472,000000045472.jpg,28,umbrella,umbrella,True,0,0,0.1053429692983627,1.3333,0.3994,262.8074,378.4601,0.0,False,True
coco:45472:28:1205,coco,45472,000000045472.jpg,28,umbrella,umbrella,True,0,1,0.0777642056345939,264.4992,228.6552,392.7292,370.8607,0.0,False,True
coco:45472:28:1205,coco,45472,000000045472.jpg,28,umbrella,umbrella,True,0,2,0.0728862285614013,207.0354,9.5715,410.8966,274.6455,0.0,False,True
coco:45472:28:1205,coco,45472,000000045472.jpg,28,umbrella,umbrella,True,0,3,0.0675286576151847,219.3924,0.2737,299.3777,28.2714,0.0,False,True
coco:45472:28:1205,coco,45472,000000045472.jpg,28,umbrella,umbrella,True,0,4,0.0653289258480072,339.1116,0.1317,417.0961,21.7759,0.0,False,True
coco:45472:28:1205,coco,45472,000000045472.jpg,28,umbrella,umbrella,True,0,5,0.0627235770225524,191.8367,7.9594,411.7028,368.9361,0.0,False,True
coco:45472:28:1205,coco,45472,000000045472.jpg,28,umbrella,umbrella,True,0,6,0.0525249950587749,217.4623,0.2102,416.9102,27.7949,0.0,False,True
coco:45472:28:1205,coco,45472,000000045472.jpg,28,umbrella,umbrella,True,0,7,0.0518388114869594,393.4614,276.8314,630.3823,397.0773,0.0,False,True
coco:45550:54:1206,coco,45550,000000045550.jpg,54,sandwich,sandwich,False,1,0,0.5383106470108032,147.5366,305.5681,379.1644,475.2676,0.9426811933517456,True,False
coco:45550:54:1206,coco,45550,000000045550.jpg,54,sandwich,sandwich,False,1,1,0.1082964986562728,218.2935,305.5866,379.1203,394.6851,0.3518831133842468,False,True
coco:45550:54:1206,coco,45550,000000045550.jpg,54,sandwich,sandwich,False,1,2,0.0797644704580307,0.1644,386.679,176.4115,477.4612,0.0466615445911884,False,True
coco:45550:48:1207,coco,45550,000000045550.jpg,48,fork,fork,True,0,0,0.1219356954097747,0.2445,387.2679,175.6817,477.4341,0.0,False,True
coco:45550:48:1207,coco,45550,000000045550.jpg,48,fork,fork,True,0,1,0.1082905828952789,148.842,306.0135,378.1401,474.9703,0.0,False,True
coco:45550:48:1207,coco,45550,000000045550.jpg,48,fork,fork,True,0,2,0.0782431960105896,99.3591,378.5611,207.615,458.1341,0.0,False,True
coco:45550:48:1207,coco,45550,000000045550.jpg,48,fork,fork,True,0,3,0.0699376091361045,239.3753,130.4435,422.4503,188.7253,0.0,False,True
coco:45596:3:1209,coco,45596,000000045596.jpg,3,car,car,False,1,0,0.4021266400814056,326.1731,293.4481,342.489,308.8931,0.634070634841919,True,False
coco:45596:3:1209,coco,45596,000000045596.jpg,3,car,car,False,1,1,0.3041384816169739,265.9773,309.5414,293.056,328.2484,0.0,False,True
coco:45596:3:1209,coco,45596,000000045596.jpg,3,car,car,False,1,2,0.2244036346673965,280.0426,304.5026,309.0077,321.2939,0.0,False,True
coco:45596:3:1209,coco,45596,000000045596.jpg,3,car,car,False,1,3,0.2160833328962326,299.5791,306.9152,308.7734,320.4421,0.0,False,True
coco:45596:3:1209,coco,45596,000000045596.jpg,3,car,car,False,1,4,0.1717866361141204,326.0877,293.4863,342.2308,302.2801,0.2711257636547088,False,True
coco:45596:3:1209,coco,45596,000000045596.jpg,3,car,car,False,1,5,0.1677997261285781,325.6835,296.0151,334.1945,304.6522,0.257848858833313,False,True
coco:45596:3:1209,coco,45596,000000045596.jpg,3,car,car,False,1,6,0.155282586812973,266.0721,306.878,308.751,328.6285,0.0,False,True
coco:45596:3:1209,coco,45596,000000045596.jpg,3,car,car,False,1,7,0.1440148651599884,326.8396,300.1239,342.0005,308.8555,0.6756593585014343,True,False
coco:45596:3:1209,coco,45596,000000045596.jpg,3,car,car,False,1,8,0.142584353685379,299.919,302.7826,320.3023,319.709,0.0,False,True
coco:45596:3:1209,coco,45596,000000045596.jpg,3,car,car,False,1,9,0.1412162482738495,303.9193,302.8476,320.348,311.749,0.0,False,True
coco:45596:3:1209,coco,45596,000000045596.jpg,3,car,car,False,1,10,0.1400616317987442,234.4466,309.4733,292.8895,328.4317,0.0,False,True
coco:45596:3:1209,coco,45596,000000045596.jpg,3,car,car,False,1,11,0.139804258942604,291.8564,305.4512,309.1685,320.8973,0.0,False,True
coco:45596:3:1209,coco,45596,000000045596.jpg,3,car,car,False,1,12,0.1139189675450325,278.5102,302.7714,320.2977,328.8875,0.0,False,True
coco:45596:3:1209,coco,45596,000000045596.jpg,3,car,car,False,1,13,0.0972320064902305,300.1204,303.2784,340.5625,329.5562,0.0830524191260337,False,True
coco:45596:3:1209,coco,45596,000000045596.jpg,3,car,car,False,1,14,0.0961616262793541,299.6601,303.0974,320.8962,329.9014,0.0,False,True
coco:45596:3:1209,coco,45596,000000045596.jpg,3,car,car,False,1,15,0.0952135846018791,300.2316,319.0379,322.1482,330.0355,0.0,False,True
coco:45596:3:1209,coco,45596,000000045596.jpg,3,car,car,False,1,16,0.0793432965874672,276.114,302.415,342.3005,329.1223,0.0636739134788513,False,True
coco:45596:3:1209,coco,45596,000000045596.jpg,3,car,car,False,1,17,0.0788882002234458,301.2737,288.7146,320.3511,312.148,0.0,False,True
coco:45596:3:1209,coco,45596,000000045596.jpg,3,car,car,False,1,18,0.0780523568391799,277.4483,309.3802,292.2661,317.8044,0.0,False,True
coco:45596:3:1209,coco,45596,000000045596.jpg,3,car,car,False,1,19,0.070551797747612,228.2969,314.9515,249.4308,326.7037,0.0,False,True
coco:45596:3:1209,coco,45596,000000045596.jpg,3,car,car,False,1,20,0.0670533329248428,299.3583,306.0995,309.1007,329.1286,0.0,False,True
coco:45596:3:1209,coco,45596,000000045596.jpg,3,car,car,False,1,21,0.0616497546434402,324.4425,318.3686,342.2117,327.9947,0.0,False,True
coco:45596:3:1209,coco,45596,000000045596.jpg,3,car,car,False,1,22,0.0608017891645431,213.5913,319.8684,269.634,338.4052,0.0,False,True
coco:45596:3:1209,coco,45596,000000045596.jpg,3,car,car,False,1,23,0.0591470152139663,212.8113,316.4948,250.3141,338.0058,0.0,False,True
coco:45596:3:1209,coco,45596,000000045596.jpg,3,car,car,False,1,24,0.0542352348566055,277.4901,288.5114,320.0787,328.7453,0.0,False,True
coco:45596:3:1209,coco,45596,000000045596.jpg,3,car,car,False,1,25,0.0534206666052341,325.7099,293.1367,343.0609,327.7083,0.3168615102767944,False,True
coco:45596:3:1209,coco,45596,000000045596.jpg,3,car,car,False,1,26,0.0533544197678566,265.9852,315.1696,281.1972,327.5638,0.0,False,True
coco:45596:3:1209,coco,45596,000000045596.jpg,3,car,car,False,1,27,0.0530499890446662,225.711,315.5557,250.1192,337.1096,0.0,False,True
coco:45596:3:1209,coco,45596,000000045596.jpg,3,car,car,False,1,28,0.0518680587410926,218.0075,282.6239,248.4452,306.066,0.0,False,True
coco:45596:3:1209,coco,45596,000000045596.jpg,3,car,car,False,1,29,0.0517128258943557,301.8428,288.4535,312.7335,292.5104,0.0,False,True
coco:45596:58:1210,coco,45596,000000045596.jpg,58,hot dog,hot dog,True,0,0,0.0535259433090686,50.9042,523.0588,379.8109,638.9608,0.0,False,True
coco:45596:63:1211,coco,45596,000000045596.jpg,63,couch,couch,True,0,0,0.1262564063072204,51.4522,522.8442,379.6072,639.2052,0.0,False,True
coco:45596:63:1211,coco,45596,000000045596.jpg,63,couch,couch,True,0,1,0.0686430484056472,56.8633,383.5749,83.4286,438.2173,0.0,False,True
coco:45596:63:1211,coco,45596,000000045596.jpg,63,couch,couch,True,0,2,0.064403012394905,149.1919,485.3009,229.3299,528.3997,0.0,False,True
coco:45596:63:1211,coco,45596,000000045596.jpg,63,couch,couch,True,0,3,0.0550068952143192,183.254,421.0948,252.7458,479.4577,0.0,False,True
coco:45728:48:1212,coco,45728,000000045728.jpg,48,fork,fork,False,1,0,0.5721808075904846,0.789,25.7802,351.6066,137.6018,0.8195156455039978,True,False
coco:45728:48:1212,coco,45728,000000045728.jpg,48,fork,fork,False,1,1,0.2686260342597961,162.3559,25.9308,351.3821,140.9774,0.4820581078529358,False,True
coco:45728:48:1212,coco,45728,000000045728.jpg,48,fork,fork,False,1,2,0.1632182896137237,235.6131,26.0515,351.5277,124.5308,0.2530385553836822,False,True
coco:45728:48:1212,coco,45728,000000045728.jpg,48,fork,fork,False,1,3,0.1611381322145462,236.5605,25.2605,306.3328,86.5584,0.0948052108287811,False,True
coco:45728:48:1212,coco,45728,000000045728.jpg,48,fork,fork,False,1,4,0.0776999667286872,3.014,29.1308,638.1056,141.4445,0.4984489679336548,False,True
coco:45728:48:1212,coco,45728,000000045728.jpg,48,fork,fork,False,1,5,0.0771771594882011,163.0076,24.9673,309.2998,119.092,0.3052308857440948,False,True
coco:45728:48:1212,coco,45728,000000045728.jpg,48,fork,fork,False,1,6,0.0728394463658332,1.1369,125.1686,639.2151,478.848,0.0403195545077323,False,True
coco:45728:48:1212,coco,45728,000000045728.jpg,48,fork,fork,False,1,7,0.0690237134695053,235.6501,26.1812,638.7025,139.4215,0.1780187934637069,False,True
coco:45728:48:1212,coco,45728,000000045728.jpg,48,fork,fork,False,1,8,0.0625832378864288,236.6786,27.5372,414.8654,146.9867,0.2755581438541412,False,True
coco:45728:48:1212,coco,45728,000000045728.jpg,48,fork,fork,False,1,9,0.0525540150701999,271.3962,39.5849,350.14,120.8304,0.1418140232563018,False,True
coco:45728:48:1212,coco,45728,000000045728.jpg,48,fork,fork,False,1,10,0.0519636385142803,250.106,59.333,638.2889,141.7504,0.1286701560020446,False,True
coco:45728:17:1213,coco,45728,000000045728.jpg,17,cat,cat,True,0,0,0.23018179833889,0.8539,124.6728,639.0331,478.8828,0.0,False,True
coco:45728:17:1213,coco,45728,000000045728.jpg,17,cat,cat,True,0,1,0.1272168606519699,1.1778,1.4387,638.3965,150.5778,0.0,False,True
coco:45728:17:1213,coco,45728,000000045728.jpg,17,cat,cat,True,0,2,0.0823425576090812,1.4256,26.4387,352.9148,150.8884,0.0,False,True
coco:45728:17:1213,coco,45728,000000045728.jpg,17,cat,cat,True,0,3,0.053941760212183,161.3058,26.23,351.8656,154.6169,0.0,False,True
coco:45728:38:1214,coco,45728,000000045728.jpg,38,kite,kite,True,0,0,0.1909780949354171,1.4136,124.7899,639.1667,478.8841,0.0,False,True
coco:46378:17:1224,coco,46378,000000046378.jpg,17,cat,cat,False,1,0,0.5719013810157776,0.4791,0.141,541.7488,240.856,0.8586437106132507,True,False
coco:46378:17:1224,coco,46378,000000046378.jpg,17,cat,cat,False,1,1,0.0793795511126518,274.0494,90.5888,509.8854,344.1954,0.2144945412874221,False,True
coco:46378:17:1224,coco,46378,000000046378.jpg,17,cat,cat,False,1,2,0.0706591457128524,0.3894,0.4408,551.3665,342.8395,0.669225811958313,True,False
coco:46378:17:1224,coco,46378,000000046378.jpg,17,cat,cat,False,1,3,0.0693172812461853,1.3827,91.9776,510.7841,342.6983,0.3993887305259704,False,True
coco:46378:17:1224,coco,46378,000000046378.jpg,17,cat,cat,False,1,4,0.0618356689810752,278.1406,90.3872,378.0489,343.7661,0.098404973745346,False,True
coco:46378:17:1224,coco,46378,000000046378.jpg,17,cat,cat,False,1,5,0.0527152903378009,276.6156,90.2331,440.8148,344.2734,0.155839592218399,False,True
coco:46378:86:1225,coco,46378,000000046378.jpg,86,vase,vase,True,0,0,0.2471897602081298,278.3493,91.0477,374.5801,343.3161,0.0,False,True
coco:46378:86:1225,coco,46378,000000046378.jpg,86,vase,vase,True,0,1,0.225238025188446,1.7619,0.5403,637.6826,358.4686,0.0,False,True
coco:46378:86:1225,coco,46378,000000046378.jpg,86,vase,vase,True,0,2,0.2087460309267044,1.1151,0.3123,513.0715,239.098,0.0,False,True
coco:46378:86:1225,coco,46378,000000046378.jpg,86,vase,vase,True,0,3,0.1822758316993713,275.0479,91.2707,440.4413,344.1224,0.0,False,True
coco:46378:86:1225,coco,46378,000000046378.jpg,86,vase,vase,True,0,4,0.1513084024190902,1.034,205.7522,286.4461,359.0722,0.0,False,True
coco:46378:86:1225,coco,46378,000000046378.jpg,86,vase,vase,True,0,5,0.121122233569622,1.2436,184.8143,507.8067,359.0006,0.0,False,True
coco:46378:86:1225,coco,46378,000000046378.jpg,86,vase,vase,True,0,6,0.1199515089392662,263.8164,91.9972,507.5467,344.1759,0.0,False,True
coco:46378:86:1225,coco,46378,000000046378.jpg,86,vase,vase,True,0,7,0.0985736921429634,1.2675,101.4223,509.2331,358.068,0.0,False,True
coco:46378:86:1225,coco,46378,000000046378.jpg,86,vase,vase,True,0,8,0.0840981304645538,295.3057,91.2546,371.1551,309.6049,0.0,False,True
coco:46378:86:1225,coco,46378,000000046378.jpg,86,vase,vase,True,0,9,0.0596641600131988,313.3195,284.0886,639.0267,359.2083,0.0,False,True
coco:46378:86:1225,coco,46378,000000046378.jpg,86,vase,vase,True,0,10,0.0500384755432605,278.1767,224.0992,373.985,343.5283,0.0,False,True
coco:46378:44:1226,coco,46378,000000046378.jpg,44,bottle,bottle,True,0,0,0.3543332815170288,278.2327,90.2737,373.6266,343.7188,0.0,False,True
coco:46378:44:1226,coco,46378,000000046378.jpg,44,bottle,bottle,True,0,1,0.207909882068634,276.2023,90.4261,440.6062,344.3453,0.0,False,True
coco:46378:44:1226,coco,46378,000000046378.jpg,44,bottle,bottle,True,0,2,0.1106396242976188,2.2672,0.1191,548.7345,241.9299,0.0,False,True
coco:46378:44:1226,coco,46378,000000046378.jpg,44,bottle,bottle,True,0,3,0.0880341082811355,2.0951,92.9083,509.481,357.8555,0.0,False,True
coco:46378:44:1226,coco,46378,000000046378.jpg,44,bottle,bottle,True,0,4,0.0863343775272369,1.6432,0.0369,535.2504,351.1635,0.0,False,True
coco:46378:44:1226,coco,46378,000000046378.jpg,44,bottle,bottle,True,0,5,0.0743520930409431,294.6931,90.7564,372.7817,306.3668,0.0,False,True
coco:46378:44:1226,coco,46378,000000046378.jpg,44,bottle,bottle,True,0,6,0.0708154588937759,295.8165,90.6282,366.5352,253.1024,0.0,False,True
coco:46378:44:1226,coco,46378,000000046378.jpg,44,bottle,bottle,True,0,7,0.0667235106229782,115.8395,210.4402,157.6779,236.4108,0.0,False,True
coco:46378:44:1226,coco,46378,000000046378.jpg,44,bottle,bottle,True,0,8,0.065325066447258,209.2954,336.3909,294.1364,359.6504,0.0,False,True
coco:46378:44:1226,coco,46378,000000046378.jpg,44,bottle,bottle,True,0,9,0.0651162415742874,159.7172,90.8897,509.9619,345.5286,0.0,False,True
coco:46378:44:1226,coco,46378,000000046378.jpg,44,bottle,bottle,True,0,10,0.0608258992433548,1.0948,192.1719,509.285,358.5667,0.0,False,True
coco:46378:44:1226,coco,46378,000000046378.jpg,44,bottle,bottle,True,0,11,0.0601282604038715,401.1689,196.3645,510.3563,236.3229,0.0,False,True
coco:46378:44:1226,coco,46378,000000046378.jpg,44,bottle,bottle,True,0,12,0.0519145391881465,0.5731,207.4557,285.3997,359.3354,0.0,False,True
coco:46463:54:1227,coco,46463,000000046463.jpg,54,sandwich,sandwich,False,1,0,0.7027689218521118,27.1094,66.1778,443.0582,325.6078,0.9692147970199584,True,False
coco:46463:54:1227,coco,46463,000000046463.jpg,54,sandwich,sandwich,False,1,1,0.0547398440539836,60.9799,66.7036,421.9583,176.4701,0.3570030331611633,False,True
coco:46463:15:1228,coco,46463,000000046463.jpg,15,bench,bench,True,0,0,0.186780959367752,28.0118,68.1957,442.659,326.4742,0.0,False,True
coco:46463:15:1228,coco,46463,000000046463.jpg,15,bench,bench,True,0,1,0.1153584495186805,1.4158,-0.13,497.8832,399.8438,0.0,False,True
coco:46463:15:1228,coco,46463,000000046463.jpg,15,bench,bench,True,0,2,0.0844776108860969,164.9682,-0.2354,393.579,87.5904,0.0,False,True
coco:46463:15:1228,coco,46463,000000046463.jpg,15,bench,bench,True,0,3,0.0827220454812049,60.2678,-0.2453,393.5407,87.6857,0.0,False,True
coco:46463:15:1228,coco,46463,000000046463.jpg,15,bench,bench,True,0,4,0.0688582435250282,27.9202,166.4672,442.3076,324.7928,0.0,False,True
coco:46463:86:1229,coco,46463,000000046463.jpg,86,vase,vase,True,0,0,0.2197157889604568,61.7309,0.0706,160.8452,38.7236,0.0,False,True
coco:46463:86:1229,coco,46463,000000046463.jpg,86,vase,vase,True,0,1,0.1169901564717292,234.6806,0.0577,318.7908,40.3369,0.0,False,True
coco:46463:86:1229,coco,46463,000000046463.jpg,86,vase,vase,True,0,2,0.104900524020195,27.7594,71.6933,442.1613,326.3001,0.0,False,True
coco:46463:86:1229,coco,46463,000000046463.jpg,86,vase,vase,True,0,3,0.0991056114435195,1.41,0.0599,497.3823,400.0289,0.0,False,True
coco:46463:86:1229,coco,46463,000000046463.jpg,86,vase,vase,True,0,4,0.0837015956640243,164.0089,-0.1714,393.4078,86.9827,0.0,False,True
coco:46497:9:1230,coco,46497,000000046497.jpg,9,boat,boat,False,1,0,0.4508805871009826,0.103,-0.0311,500.1026,331.9685,0.2586339712142944,False,True
coco:46497:9:1230,coco,46497,000000046497.jpg,9,boat,boat,False,1,1,0.3258264362812042,0.2108,92.827,370.123,331.8058,0.4851564764976501,False,True
coco:46497:9:1230,coco,46497,000000046497.jpg,9,boat,boat,False,1,2,0.1630050539970398,423.4012,253.664,500.0281,331.9611,0.0,False,True
coco:46497:9:1230,coco,46497,000000046497.jpg,9,boat,boat,False,1,3,0.0921817123889923,316.6686,-0.0924,500.0876,331.7763,0.0,False,True
coco:46497:9:1230,coco,46497,000000046497.jpg,9,boat,boat,False,1,4,0.058353766798973,0.2212,170.5,369.6383,331.9204,0.3950143456459045,False,True
coco:46497:9:1230,coco,46497,000000046497.jpg,9,boat,boat,False,1,5,0.0557186566293239,369.4103,253.6401,500.0914,332.0108,0.0,False,True
coco:46497:9:1230,coco,46497,000000046497.jpg,9,boat,boat,False,1,6,0.0516020767390728,130.6763,54.3972,329.8858,331.9541,0.1382494121789932,False,True
coco:46497:13:1232,coco,46497,000000046497.jpg,13,stop sign,stop sign,True,0,0,0.0756419152021408,423.3902,253.9722,499.9318,331.9137,0.0,False,True
coco:46497:13:1232,coco,46497,000000046497.jpg,13,stop sign,stop sign,True,0,1,0.0654069632291793,0.2806,-0.0633,500.2676,331.9367,0.0,False,True
coco:47121:17:1245,coco,47121,000000047121.jpg,17,cat,cat,False,1,0,0.9040760397911072,326.8748,71.6572,639.3269,394.7078,0.9867881536483764,True,False
coco:47121:70:1246,coco,47121,000000047121.jpg,70,toilet,toilet,True,0,0,0.2640615105628967,0.7833,128.18,638.9477,479.3813,0.0,False,True
coco:47121:70:1246,coco,47121,000000047121.jpg,70,toilet,toilet,True,0,1,0.2233606874942779,0.3053,252.961,639.7303,479.1805,0.0,False,True
coco:47121:70:1246,coco,47121,000000047121.jpg,70,toilet,toilet,True,0,2,0.0841311141848564,0.2249,205.4921,70.0857,260.6789,0.0,False,True
coco:47121:70:1246,coco,47121,000000047121.jpg,70,toilet,toilet,True,0,3,0.073999635875225,229.3393,128.0423,363.8136,289.733,0.0,False,True
coco:47121:37:1247,coco,47121,000000047121.jpg,37,sports ball,sports ball,True,0,0,0.0513646118342876,78.8105,106.6154,136.8475,252.0996,0.0,False,True
coco:48153:1:1269,coco,48153,000000048153.jpg,1,person,person,False,1,0,0.5112001895904541,93.9479,74.3092,443.1759,374.4532,0.939389705657959,True,False
coco:48153:1:1269,coco,48153,000000048153.jpg,1,person,person,False,1,1,0.1974523812532425,112.1012,196.3385,441.8683,374.6236,0.53538578748703,True,False
coco:48153:1:1269,coco,48153,000000048153.jpg,1,person,person,False,1,2,0.0677929818630218,125.7352,171.8678,169.4177,185.9669,0.006120846606791,False,True
coco:48153:1:1269,coco,48153,000000048153.jpg,1,person,person,False,1,3,0.0612478666007518,1.2611,0.8243,498.7589,374.5801,0.5411368608474731,True,False
coco:48153:3:1270,coco,48153,000000048153.jpg,3,car,car,True,0,0,0.3556461930274963,0.9031,0.519,499.1407,374.2975,0.0,False,True
coco:48153:3:1270,coco,48153,000000048153.jpg,3,car,car,True,0,1,0.2518694102764129,89.486,73.4628,394.6606,321.9126,0.0,False,True
coco:48153:3:1270,coco,48153,000000048153.jpg,3,car,car,True,0,2,0.0941939949989318,125.8254,171.9495,169.3564,186.0255,0.0,False,True
coco:48153:3:1270,coco,48153,000000048153.jpg,3,car,car,True,0,3,0.0664754584431648,243.7482,73.6641,393.9416,221.0196,0.0,False,True
coco:48153:90:1271,coco,48153,000000048153.jpg,90,toothbrush,toothbrush,True,0,0,0.848319411277771,89.2182,73.5484,394.5913,322.4313,0.0,False,True
coco:50326:62:1319,coco,50326,000000050326.jpg,62,chair,chair,False,1,0,0.6738999485969543,310.9865,0.0769,499.9398,258.7257,0.9824323058128356,True,False
coco:50326:62:1319,coco,50326,000000050326.jpg,62,chair,chair,False,1,1,0.1071091443300247,310.9978,-0.0557,499.8456,374.8914,0.6848416924476624,True,False
coco:50326:62:1319,coco,50326,000000050326.jpg,62,chair,chair,False,1,2,0.0911687090992927,446.737,205.7402,499.9638,258.2065,0.0575087331235408,False,True
coco:50326:62:1319,coco,50326,000000050326.jpg,62,chair,chair,False,1,3,0.0629973635077476,143.7348,260.4677,178.5024,277.7701,0.0,False,True
coco:50326:62:1319,coco,50326,000000050326.jpg,62,chair,chair,False,1,4,0.0620305314660072,123.9575,269.3271,145.6481,286.2509,0.0,False,True
coco:50326:62:1319,coco,50326,000000050326.jpg,62,chair,chair,False,1,5,0.0555799454450607,436.5526,95.7008,499.8616,148.3008,0.0685763508081436,False,True
coco:50326:62:1319,coco,50326,000000050326.jpg,62,chair,chair,False,1,6,0.0545773990452289,123.9706,260.4092,178.4429,286.6165,0.0,False,True
coco:50326:62:1319,coco,50326,000000050326.jpg,62,chair,chair,False,1,7,0.0503874383866786,310.8735,0.0341,489.8295,46.7745,0.1695644408464431,False,True
coco:50326:25:1320,coco,50326,000000050326.jpg,25,giraffe,giraffe,True,0,0,0.0989191681146621,311.1937,0.0405,499.9826,259.5058,0.0,False,True
coco:50326:25:1320,coco,50326,000000050326.jpg,25,giraffe,giraffe,True,0,1,0.0813753455877304,12.5278,26.2058,178.4415,287.1567,0.0,False,True
coco:50326:65:1321,coco,50326,000000050326.jpg,65,bed,bed,True,0,0,0.2225426435470581,310.9617,0.0726,499.9474,259.3882,0.0,False,True
coco:50326:65:1321,coco,50326,000000050326.jpg,65,bed,bed,True,0,1,0.1512770056724548,12.5818,25.8749,178.3875,286.8165,0.0,False,True
coco:50326:65:1321,coco,50326,000000050326.jpg,65,bed,bed,True,0,2,0.1430753767490387,0.1601,-0.0331,500.16,374.9664,0.0,False,True
coco:50326:65:1321,coco,50326,000000050326.jpg,65,bed,bed,True,0,3,0.1128917336463928,436.36,95.5471,499.8477,148.1765,0.0,False,True
coco:50326:65:1321,coco,50326,000000050326.jpg,65,bed,bed,True,0,4,0.0938630029559135,310.8707,-0.0038,499.9453,374.7163,0.0,False,True
coco:50326:65:1321,coco,50326,000000050326.jpg,65,bed,bed,True,0,5,0.0811128690838813,311.0933,0.0495,491.0927,46.8665,0.0,False,True
coco:50638:88:1328,coco,50638,000000050638.jpg,88,teddy bear,teddy bear,False,1,0,0.80363529920578,414.9482,169.9459,486.6169,266.7298,0.9624141454696656,True,False
coco:50638:88:1328,coco,50638,000000050638.jpg,88,teddy bear,teddy bear,False,1,1,0.0862967893481254,355.9669,69.1448,477.0682,379.4871,0.15336275100708,False,True
coco:50638:88:1328,coco,50638,000000050638.jpg,88,teddy bear,teddy bear,False,1,2,0.0846381559967994,414.9598,188.9109,469.8892,266.3773,0.594292163848877,True,False
coco:50638:88:1328,coco,50638,000000050638.jpg,88,teddy bear,teddy bear,False,1,3,0.061132725328207,468.7349,170.022,486.6287,197.5109,0.0708822384476661,False,True
coco:50638:59:1329,coco,50638,000000050638.jpg,59,pizza,pizza,True,0,0,0.1298093944787979,415.1342,169.9768,486.5179,266.5221,0.0,False,True
coco:50638:59:1329,coco,50638,000000050638.jpg,59,pizza,pizza,True,0,1,0.1042196899652481,355.8359,69.4968,479.5931,379.7606,0.0,False,True
coco:50638:2:1330,coco,50638,000000050638.jpg,2,bicycle,bicycle,True,0,0,0.0935191810131073,414.9096,169.6048,486.6736,266.6244,0.0,False,True
coco:50638:2:1330,coco,50638,000000050638.jpg,2,bicycle,bicycle,True,0,1,0.0627537816762924,355.6899,69.3585,485.544,380.1481,0.0,False,True
coco:50679:55:1331,coco,50679,000000050679.jpg,55,orange,orange,False,1,0,0.8897549510002136,132.6677,102.1978,348.9516,315.6447,0.9645980000495912,True,False
coco:50679:55:1331,coco,50679,000000050679.jpg,55,orange,orange,False,1,1,0.0746816843748092,476.1056,170.5906,562.2549,223.7362,0.0,False,True
coco:50679:55:1331,coco,50679,000000050679.jpg,55,orange,orange,False,1,2,0.0660954117774963,345.7074,184.8652,386.2812,220.9291,0.0013360074954107,False,True
coco:50679:90:1332,coco,50679,000000050679.jpg,90,toothbrush,toothbrush,True,0,0,0.0720767676830291,132.9014,102.3941,348.6411,315.9608,0.0,False,True
coco:50679:11:1333,coco,50679,000000050679.jpg,11,fire hydrant,fire hydrant,True,0,0,0.1781852096319198,132.5954,102.0428,349.2146,315.8292,0.0,False,True
coco:50828:75:1337,coco,50828,000000050828.jpg,75,remote,remote,False,1,0,0.3253210484981537,62.7597,235.8889,82.5102,253.0763,0.8908136487007141,True,False
coco:50828:75:1337,coco,50828,000000050828.jpg,75,remote,remote,False,1,1,0.1215069741010665,73.4025,217.9863,111.7553,237.9539,0.0293136723339557,False,True
coco:50828:75:1337,coco,50828,000000050828.jpg,75,remote,remote,False,1,2,0.1083021834492683,0.0558,242.3276,17.0944,252.0686,0.0,False,True
coco:50828:75:1337,coco,50828,000000050828.jpg,75,remote,remote,False,1,3,0.1061042621731758,1.5559,147.9353,605.4482,478.3124,0.0017888017464429,False,True
coco:50828:75:1337,coco,50828,000000050828.jpg,75,remote,remote,False,1,4,0.0812701135873794,145.0175,218.6219,527.3964,478.7339,0.0,False,True
coco:50828:75:1337,coco,50828,000000050828.jpg,75,remote,remote,False,1,5,0.074342168867588,0.114,237.622,16.6386,251.6215,0.0,False,True
coco:50828:75:1337,coco,50828,000000050828.jpg,75,remote,remote,False,1,6,0.0691815689206123,0.088,249.19,18.0961,257.2867,0.0,False,True
coco:50828:75:1337,coco,50828,000000050828.jpg,75,remote,remote,False,1,7,0.0683088675141334,358.3705,295.4002,443.5077,336.355,0.0,False,True
coco:50828:75:1337,coco,50828,000000050828.jpg,75,remote,remote,False,1,8,0.0667585134506225,0.199,230.2842,161.9996,379.9136,0.014741257764399,False,True
coco:50828:75:1337,coco,50828,000000050828.jpg,75,remote,remote,False,1,9,0.0654768198728561,464.0706,244.5967,542.9624,278.9042,0.0,False,True
coco:50828:75:1337,coco,50828,000000050828.jpg,75,remote,remote,False,1,10,0.0654075369238853,61.6785,241.8436,68.14,247.7697,0.0865169763565063,False,True
coco:50828:75:1337,coco,50828,000000050828.jpg,75,remote,remote,False,1,11,0.0644066110253334,330.146,218.2883,605.2883,404.2495,0.0,False,True
coco:50828:75:1337,coco,50828,000000050828.jpg,75,remote,remote,False,1,12,0.0633788779377937,523.0035,275.9987,539.5621,289.2265,0.0,False,True
coco:50828:75:1337,coco,50828,000000050828.jpg,75,remote,remote,False,1,13,0.0592008978128433,8.7862,255.7434,33.0339,266.2057,0.0,False,True
coco:50828:75:1337,coco,50828,000000050828.jpg,75,remote,remote,False,1,14,0.0582742802798748,0.1345,241.3361,26.2729,256.9398,0.0,False,True
coco:50828:75:1337,coco,50828,000000050828.jpg,75,remote,remote,False,1,15,0.0534240379929542,8.7105,244.4406,40.8394,266.2711,0.0,False,True
coco:50828:75:1337,coco,50828,000000050828.jpg,75,remote,remote,False,1,16,0.0509664006531238,61.5199,235.335,72.6,247.3723,0.3155818581581116,False,True
coco:50828:75:1337,coco,50828,000000050828.jpg,75,remote,remote,False,1,17,0.0506803877651691,523.3525,280.086,536.6501,288.5562,0.0,False,True
coco:50828:15:1338,coco,50828,000000050828.jpg,15,bench,bench,True,0,0,0.1341962963342666,1.6802,148.1711,606.083,478.7114,0.0,False,True
coco:50828:15:1338,coco,50828,000000050828.jpg,15,bench,bench,True,0,1,0.1274895519018173,330.8282,218.8129,605.4376,404.1574,0.0,False,True
coco:50828:15:1338,coco,50828,000000050828.jpg,15,bench,bench,True,0,2,0.1260689944028854,145.5331,218.942,529.0912,479.2039,0.0,False,True
coco:50828:15:1338,coco,50828,000000050828.jpg,15,bench,bench,True,0,3,0.0793634131550788,0.7374,270.1394,124.754,479.0532,0.0,False,True
coco:50828:15:1338,coco,50828,000000050828.jpg,15,bench,bench,True,0,4,0.0693190619349479,0.5552,230.3944,162.1003,380.1765,0.0,False,True
coco:50828:15:1338,coco,50828,000000050828.jpg,15,bench,bench,True,0,5,0.0526805855333805,87.4573,334.2182,159.8796,410.8337,0.0,False,True
coco:50896:67:1343,coco,50896,000000050896.jpg,67,dining table,dining table,False,1,0,0.3275640606880188,0.4093,0.4194,639.9468,639.4864,0.9710502028465272,True,False
coco:50896:14:1344,coco,50896,000000050896.jpg,14,parking meter,parking meter,True,0,0,0.059266559779644,46.9671,59.1129,578.7756,588.5882,0.0,False,True
coco:50896:73:1345,coco,50896,000000050896.jpg,73,laptop,laptop,True,0,0,0.0954374372959137,50.5504,62.3687,568.9874,583.6482,0.0,False,True
coco:50896:73:1345,coco,50896,000000050896.jpg,73,laptop,laptop,True,0,1,0.078823909163475,0.7865,-0.4011,639.4744,638.6256,0.0,False,True
coco:50896:73:1345,coco,50896,000000050896.jpg,73,laptop,laptop,True,0,2,0.0632807686924934,190.4208,155.4108,331.2473,297.4001,0.0,False,True
coco:50896:73:1345,coco,50896,000000050896.jpg,73,laptop,laptop,True,0,3,0.0621542632579803,200.1565,87.2173,335.006,183.6424,0.0,False,True
coco:50896:73:1345,coco,50896,000000050896.jpg,73,laptop,laptop,True,0,4,0.0589611530303955,336.2551,122.595,471.5508,244.4774,0.0,False,True
coco:50896:73:1345,coco,50896,000000050896.jpg,73,laptop,laptop,True,0,5,0.0557867437601089,440.6768,215.5335,559.4023,358.1981,0.0,False,True
coco:50896:73:1345,coco,50896,000000050896.jpg,73,laptop,laptop,True,0,6,0.0551890656352043,379.7068,332.9207,531.5567,486.5267,0.0,False,True
coco:51309:19:1352,coco,51309,000000051309.jpg,19,horse,horse,False,4,0,0.7601364850997925,333.0792,79.8039,624.7372,273.4653,0.9118118286132812,True,False
coco:51309:19:1352,coco,51309,000000051309.jpg,19,horse,horse,False,4,1,0.7456572651863098,71.3939,46.8639,340.8146,273.2469,0.971850574016571,True,False
coco:51309:19:1352,coco,51309,000000051309.jpg,19,horse,horse,False,4,2,0.7364699840545654,7.9431,161.6677,205.3913,280.3827,0.9069840908050536,True,False
coco:51309:19:1352,coco,51309,000000051309.jpg,19,horse,horse,False,4,3,0.4673285782337188,200.6167,95.8042,465.466,273.3116,0.508665144443512,True,False
coco:51309:19:1352,coco,51309,000000051309.jpg,19,horse,horse,False,4,4,0.3680451512336731,284.8442,75.3218,474.6864,270.1459,0.4705702364444732,False,True
coco:51309:19:1352,coco,51309,000000051309.jpg,19,horse,horse,False,4,5,0.1869522035121917,201.2294,97.7351,349.838,272.5706,0.9051963090896606,True,False
coco:51309:19:1352,coco,51309,000000051309.jpg,19,horse,horse,False,4,6,0.1654280722141266,463.2366,98.101,625.1339,267.097,0.4483736455440521,False,True
coco:51309:19:1352,coco,51309,000000051309.jpg,19,horse,horse,False,4,7,0.148332804441452,406.373,75.6007,474.3885,92.5525,0.0125381592661142,False,True
coco:51309:19:1352,coco,51309,000000051309.jpg,19,horse,horse,False,4,8,0.1232108101248741,77.2879,76.0917,474.7761,273.9223,0.5870705842971802,True,False
coco:51309:19:1352,coco,51309,000000051309.jpg,19,horse,horse,False,4,9,0.1222098022699356,238.6366,174.2602,465.9132,270.0888,0.3086601197719574,False,True
coco:51309:19:1352,coco,51309,000000051309.jpg,19,horse,horse,False,4,10,0.1161725223064422,238.3104,175.1104,343.1741,269.7423,0.4149694144725799,False,True
coco:51309:19:1352,coco,51309,000000051309.jpg,19,horse,horse,False,4,11,0.1065803244709968,399.1516,75.4631,475.6588,262.1423,0.2298875600099563,False,True
coco:51309:19:1352,coco,51309,000000051309.jpg,19,horse,horse,False,4,12,0.1023348197340965,200.7356,80.4436,624.8219,273.9971,0.7268770933151245,True,False
coco:51309:19:1352,coco,51309,000000051309.jpg,19,horse,horse,False,4,13,0.0929640308022499,285.0246,188.5257,375.4187,270.4096,0.2082137167453766,False,True
coco:51309:19:1352,coco,51309,000000051309.jpg,19,horse,horse,False,4,14,0.0915112942457199,75.4585,100.2505,298.6381,272.3497,0.6166701316833496,True,False
coco:51309:19:1352,coco,51309,000000051309.jpg,19,horse,horse,False,4,15,0.0898594930768013,360.747,171.1099,466.7441,269.0566,0.1740073412656784,False,True
coco:51309:19:1352,coco,51309,000000051309.jpg,19,horse,horse,False,4,16,0.0868345499038696,321.808,190.7806,375.5815,268.4291,0.0881080776453018,False,True
coco:51309:19:1352,coco,51309,000000051309.jpg,19,horse,horse,False,4,17,0.0847349539399147,333.4837,77.5276,528.4626,271.673,0.6136096715927124,True,False
coco:51309:19:1352,coco,51309,000000051309.jpg,19,horse,horse,False,4,18,0.0832935199141502,293.7843,75.5564,474.4639,110.9212,0.0787078216671943,False,True
coco:51309:19:1352,coco,51309,000000051309.jpg,19,horse,horse,False,4,19,0.081574909389019,230.8791,75.998,503.7169,271.5462,0.4803926944732666,False,True
coco:51309:19:1352,coco,51309,000000051309.jpg,19,horse,horse,False,4,20,0.0811142027378082,237.967,175.1642,290.462,268.3501,0.204560175538063,False,True
coco:51309:19:1352,coco,51309,000000051309.jpg,19,horse,horse,False,4,21,0.0789946839213371,199.4196,174.01,290.5678,273.634,0.3298953771591186,False,True
coco:51309:19:1352,coco,51309,000000051309.jpg,19,horse,horse,False,4,22,0.0761376768350601,570.7044,100.5688,612.0199,188.7788,0.0610821433365345,False,True
coco:51309:19:1352,coco,51309,000000051309.jpg,19,horse,horse,False,4,23,0.0695984587073326,460.4263,149.6873,578.4195,265.893,0.2298095673322677,False,True
coco:51309:19:1352,coco,51309,000000051309.jpg,19,horse,horse,False,4,24,0.0686371624469757,284.7678,188.5077,345.0959,270.1613,0.2059908807277679,False,True
coco:51309:19:1352,coco,51309,000000051309.jpg,19,horse,horse,False,4,25,0.0678233802318573,406.9199,76.2758,537.6793,268.8622,0.4060312211513519,False,True
coco:51309:19:1352,coco,51309,000000051309.jpg,19,horse,horse,False,4,26,0.0674056857824325,451.6244,177.0138,507.0614,265.8167,0.0825106874108314,False,True
coco:51309:19:1352,coco,51309,000000051309.jpg,19,horse,horse,False,4,27,0.0652133598923683,71.0721,95.1034,225.5838,272.2758,0.4415963888168335,False,True
coco:51309:19:1352,coco,51309,000000051309.jpg,19,horse,horse,False,4,28,0.0645185261964798,284.4311,96.7366,348.7402,270.1686,0.4308290183544159,False,True
coco:51309:19:1352,coco,51309,000000051309.jpg,19,horse,horse,False,4,29,0.0626149922609329,452.5228,99.4112,610.6323,233.1322,0.3543569445610046,False,True
coco:51309:19:1352,coco,51309,000000051309.jpg,19,horse,horse,False,4,30,0.0613177083432674,321.5937,191.834,345.6305,267.6935,0.0762499496340751,False,True
coco:51309:19:1352,coco,51309,000000051309.jpg,19,horse,horse,False,4,31,0.061084397137165,79.7107,161.7084,204.8406,272.5562,0.6216422915458679,True,False
coco:51309:19:1352,coco,51309,000000051309.jpg,19,horse,horse,False,4,32,0.0609931126236915,463.2712,146.6379,633.626,266.5211,0.3133276700973511,False,True
coco:51309:19:1352,coco,51309,000000051309.jpg,19,horse,horse,False,4,33,0.06072998046875,121.8272,174.1923,289.2726,272.2588,0.2860370576381683,False,True
coco:51309:19:1352,coco,51309,000000051309.jpg,19,horse,horse,False,4,34,0.0560196116566658,67.658,46.5593,625.2518,275.1916,0.4859707355499267,False,True
coco:51309:19:1352,coco,51309,000000051309.jpg,19,horse,horse,False,4,35,0.0552984699606895,570.6096,92.2956,639.1733,209.7311,0.0992029979825019,False,True
coco:51309:19:1352,coco,51309,000000051309.jpg,19,horse,horse,False,4,36,0.051582396030426,452.925,175.4053,541.9384,266.5141,0.1359248906373977,False,True
coco:51309:70:1353,coco,51309,000000051309.jpg,70,toilet,toilet,True,0,0,0.0911376401782035,74.1634,47.4266,341.428,273.4841,0.0,False,True
coco:51309:70:1353,coco,51309,000000051309.jpg,70,toilet,toilet,True,0,1,0.0711277574300766,333.2174,82.2774,624.6965,273.8833,0.0,False,True
coco:51309:23:1354,coco,51309,000000051309.jpg,23,bear,bear,True,0,0,0.1602370589971542,72.4424,47.2728,341.038,273.5929,0.0,False,True
coco:51309:23:1354,coco,51309,000000051309.jpg,23,bear,bear,True,0,1,0.1466431021690368,332.9233,80.9234,624.5736,273.4239,0.0,False,True
coco:51309:23:1354,coco,51309,000000051309.jpg,23,bear,bear,True,0,2,0.0977352261543273,200.6861,79.4624,473.0907,274.1994,0.0,False,True
coco:51309:23:1354,coco,51309,000000051309.jpg,23,bear,bear,True,0,3,0.0964411795139312,8.5423,161.6909,204.2763,280.3345,0.0,False,True
coco:51309:23:1354,coco,51309,000000051309.jpg,23,bear,bear,True,0,4,0.0511657074093818,285.3044,76.7373,473.7975,270.7959,0.0,False,True
coco:51712:35:1367,coco,51712,000000051712.jpg,35,skis,skis,False,1,0,0.7598397731781006,80.057,259.8773,330.4869,331.796,0.973818302154541,True,False
coco:51712:35:1367,coco,51712,000000051712.jpg,35,skis,skis,False,1,1,0.091272197663784,149.3637,273.1678,294.3547,330.8372,0.4526975750923157,False,True
coco:51712:35:1367,coco,51712,000000051712.jpg,35,skis,skis,False,1,2,0.0889924243092536,81.4117,259.9395,225.1623,312.6118,0.4099330306053161,False,True
coco:51712:35:1367,coco,51712,000000051712.jpg,35,skis,skis,False,1,3,0.0742330551147461,149.4454,268.573,226.2766,308.9107,0.1677921861410141,False,True
coco:51712:35:1367,coco,51712,000000051712.jpg,35,skis,skis,False,1,4,0.0740306004881858,105.1815,272.757,216.7,312.1609,0.2379075437784195,False,True
coco:51712:35:1367,coco,51712,000000051712.jpg,35,skis,skis,False,1,5,0.0636345967650413,258.1403,179.0669,300.3349,235.3379,0.0,False,True
coco:51712:35:1367,coco,51712,000000051712.jpg,35,skis,skis,False,1,6,0.0555030889809131,124.698,286.9592,294.6164,330.9442,0.4046385884284973,False,True
coco:51712:35:1367,coco,51712,000000051712.jpg,35,skis,skis,False,1,7,0.0510971620678901,219.436,296.1637,330.2446,330.7776,0.2076568156480789,False,True
coco:51712:27:1369,coco,51712,000000051712.jpg,27,backpack,backpack,True,0,0,0.24479740858078,184.8939,59.7762,283.986,172.8935,0.0,False,True
coco:51712:27:1369,coco,51712,000000051712.jpg,27,backpack,backpack,True,0,1,0.0979444608092308,251.3059,59.691,285.1946,110.3913,0.0,False,True
coco:51712:27:1369,coco,51712,000000051712.jpg,27,backpack,backpack,True,0,2,0.091210052371025,148.921,51.7836,307.0139,302.3577,0.0,False,True
coco:51712:27:1369,coco,51712,000000051712.jpg,27,backpack,backpack,True,0,3,0.0867940708994865,199.7698,67.2895,265.86,139.4896,0.0,False,True
coco:51712:27:1369,coco,51712,000000051712.jpg,27,backpack,backpack,True,0,4,0.0658693462610244,79.739,259.7491,330.5658,331.9561,0.0,False,True
coco:51712:27:1369,coco,51712,000000051712.jpg,27,backpack,backpack,True,0,5,0.0586239248514175,183.6319,62.6911,263.5975,154.847,0.0,False,True
coco:51712:27:1369,coco,51712,000000051712.jpg,27,backpack,backpack,True,0,6,0.0573569796979427,179.9369,50.7618,308.1049,202.1056,0.0,False,True
coco:51712:27:1369,coco,51712,000000051712.jpg,27,backpack,backpack,True,0,7,0.0531722754240036,53.143,51.8576,329.2004,331.3592,0.0,False,True
coco:51738:33:1370,coco,51738,000000051738.jpg,33,suitcase,suitcase,False,1,0,0.4548617601394653,0.28,157.5435,53.4397,281.5735,0.577714741230011,True,False
coco:51738:33:1370,coco,51738,000000051738.jpg,33,suitcase,suitcase,False,1,1,0.1837987005710601,0.6915,206.6614,53.3476,281.7125,0.9575183987617492,True,False
coco:51738:33:1370,coco,51738,000000051738.jpg,33,suitcase,suitcase,False,1,2,0.1068704202771186,109.2715,116.8744,498.1442,374.3442,0.0,False,True
coco:51738:33:1370,coco,51738,000000051738.jpg,33,suitcase,suitcase,False,1,3,0.0790940150618553,75.7456,218.7965,131.3621,280.704,0.0,False,True
coco:51738:33:1370,coco,51738,000000051738.jpg,33,suitcase,suitcase,False,1,4,0.0717701837420463,85.4552,185.6563,124.137,227.5647,0.0,False,True
coco:51738:33:1370,coco,51738,000000051738.jpg,33,suitcase,suitcase,False,1,5,0.0558350048959255,75.5926,162.1471,217.4799,281.2414,0.0,False,True
coco:51738:52:1372,coco,51738,000000051738.jpg,52,banana,banana,True,0,0,0.0957217961549758,110.0657,116.7916,497.7923,373.854,0.0,False,True
coco:52507:42:1397,coco,52507,000000052507.jpg,42,surfboard,surfboard,False,1,0,0.8900299668312073,65.9256,143.0045,256.7024,248.1716,0.992801070213318,True,False
coco:52507:42:1397,coco,52507,000000052507.jpg,42,surfboard,surfboard,False,1,1,0.0523653663694858,107.0058,107.3303,189.689,289.4983,0.3296290040016174,False,True
coco:52507:24:1398,coco,52507,000000052507.jpg,24,zebra,zebra,True,0,0,0.1780909597873687,66.4471,142.9401,256.2195,247.6716,0.0,False,True
coco:52507:24:1398,coco,52507,000000052507.jpg,24,zebra,zebra,True,0,1,0.1221229210495948,103.28,107.1343,183.9893,288.3526,0.0,False,True
coco:52507:24:1398,coco,52507,000000052507.jpg,24,zebra,zebra,True,0,2,0.0849525481462478,66.314,107.1535,256.1623,289.5543,0.0,False,True
coco:52507:27:1399,coco,52507,000000052507.jpg,27,backpack,backpack,True,0,0,0.1509221792221069,66.3331,142.6963,256.3206,247.6622,0.0,False,True
coco:52507:27:1399,coco,52507,000000052507.jpg,27,backpack,backpack,True,0,1,0.075798749923706,103.1659,106.943,184.4542,288.4618,0.0,False,True
coco:52507:27:1399,coco,52507,000000052507.jpg,27,backpack,backpack,True,0,2,0.065191313624382,66.3735,107.3703,256.6223,289.7227,0.0,False,True
coco:53624:22:1418,coco,53624,000000053624.jpg,22,elephant,elephant,False,1,0,0.9618771076202391,245.938,107.4391,407.9859,383.1138,0.9677208065986632,True,False
coco:53624:22:1418,coco,53624,000000053624.jpg,22,elephant,elephant,False,1,1,0.0922935679554939,141.4126,24.1906,328.1857,89.6219,0.0,False,True
coco:53624:22:1418,coco,53624,000000053624.jpg,22,elephant,elephant,False,1,2,0.0919412970542907,199.1376,24.2325,328.1797,74.5761,0.0,False,True
coco:53624:22:1418,coco,53624,000000053624.jpg,22,elephant,elephant,False,1,3,0.0580518841743469,199.521,33.8079,295.4291,74.5488,0.0,False,True
coco:53624:22:1418,coco,53624,000000053624.jpg,22,elephant,elephant,False,1,4,0.0545676313340663,141.4148,42.2434,264.7956,89.1883,0.0,False,True
coco:53624:38:1420,coco,53624,000000053624.jpg,38,kite,kite,True,0,0,0.1437317430973053,246.2509,107.7171,407.7287,382.7004,0.0,False,True
coco:53624:38:1420,coco,53624,000000053624.jpg,38,kite,kite,True,0,1,0.0588833913207054,141.7733,24.4939,327.7089,89.4671,0.0,False,True
coco:53624:38:1420,coco,53624,000000053624.jpg,38,kite,kite,True,0,2,0.0524625852704048,1.4758,349.3581,638.9263,426.5192,0.0,False,True
coco:54164:1:1433,coco,54164,000000054164.jpg,1,person,person,False,1,0,0.9297530651092528,184.3843,103.019,326.1255,341.6749,0.9325793385505676,True,False
coco:54164:41:1434,coco,54164,000000054164.jpg,41,skateboard,skateboard,True,0,0,0.2570789456367492,139.4073,317.0403,265.976,351.9838,0.0,False,True
coco:54164:41:1434,coco,54164,000000054164.jpg,41,skateboard,skateboard,True,0,1,0.1230629980564117,182.5347,103.036,325.8643,343.6042,0.0,False,True
coco:54164:41:1434,coco,54164,000000054164.jpg,41,skateboard,skateboard,True,0,2,0.1083725243806839,138.9649,315.1674,303.876,353.9208,0.0,False,True
coco:54164:41:1434,coco,54164,000000054164.jpg,41,skateboard,skateboard,True,0,3,0.0580463968217372,134.6959,306.9921,301.3791,364.3886,0.0,False,True
coco:54164:41:1434,coco,54164,000000054164.jpg,41,skateboard,skateboard,True,0,4,0.0556521080434322,190.8708,333.2365,259.3565,350.1242,0.0,False,True
coco:54164:20:1435,coco,54164,000000054164.jpg,20,sheep,sheep,True,0,0,0.1213431358337402,183.8096,103.2845,325.6882,341.6946,0.0,False,True
coco:55528:90:1475,coco,55528,000000055528.jpg,90,toothbrush,toothbrush,False,1,0,0.4460429251194,447.0871,111.8939,465.4698,220.091,0.6470946669578552,True,False
coco:55528:90:1475,coco,55528,000000055528.jpg,90,toothbrush,toothbrush,False,1,1,0.2613112330436706,447.1541,111.9517,466.0021,270.6522,0.5046910047531128,True,False
coco:55528:90:1475,coco,55528,000000055528.jpg,90,toothbrush,toothbrush,False,1,2,0.207164317369461,456.9296,169.9771,464.9714,219.936,0.1377488523721695,False,True
coco:55528:90:1475,coco,55528,000000055528.jpg,90,toothbrush,toothbrush,False,1,3,0.2008635103702545,615.7017,461.6101,639.7677,479.67,0.0,False,True
coco:55528:90:1475,coco,55528,000000055528.jpg,90,toothbrush,toothbrush,False,1,4,0.1885596215724945,447.1649,112.195,461.6182,140.9358,0.1383230686187744,False,True
coco:55528:90:1475,coco,55528,000000055528.jpg,90,toothbrush,toothbrush,False,1,5,0.178371861577034,453.1784,169.4031,465.1892,271.5549,0.1712397933006286,False,True
coco:55528:90:1475,coco,55528,000000055528.jpg,90,toothbrush,toothbrush,False,1,6,0.1086142882704734,441.1879,107.929,475.6849,275.0947,0.5000481605529785,True,False
coco:55528:90:1475,coco,55528,000000055528.jpg,90,toothbrush,toothbrush,False,1,7,0.1054638028144836,447.0521,103.685,467.5665,141.3526,0.2017599940299987,False,True
coco:55528:90:1475,coco,55528,000000055528.jpg,90,toothbrush,toothbrush,False,1,8,0.0991845950484275,447.0302,112.488,464.8584,172.817,0.3548512160778045,False,True
coco:55528:90:1475,coco,55528,000000055528.jpg,90,toothbrush,toothbrush,False,1,9,0.0824112221598625,402.2899,162.7906,430.0402,171.2041,0.0,False,True
coco:55528:90:1475,coco,55528,000000055528.jpg,90,toothbrush,toothbrush,False,1,10,0.0684426501393318,440.8178,104.5152,480.7114,232.1519,0.5663214325904846,True,False
coco:55528:90:1475,coco,55528,000000055528.jpg,90,toothbrush,toothbrush,False,1,11,0.066675029695034,438.3594,112.0196,464.5625,270.8655,0.3468740284442901,False,True
coco:55528:90:1475,coco,55528,000000055528.jpg,90,toothbrush,toothbrush,False,1,12,0.066498227417469,433.9024,101.2196,491.6199,247.7809,0.340890496969223,False,True
coco:55528:90:1475,coco,55528,000000055528.jpg,90,toothbrush,toothbrush,False,1,13,0.0597954988479614,445.2179,111.6002,530.3583,324.8513,0.1569675356149673,False,True
coco:55528:90:1475,coco,55528,000000055528.jpg,90,toothbrush,toothbrush,False,1,14,0.0594458691775798,440.1741,169.3584,465.3563,270.3962,0.1950047463178634,False,True
coco:55528:90:1475,coco,55528,000000055528.jpg,90,toothbrush,toothbrush,False,1,15,0.0547624938189983,446.8559,111.61,472.1334,183.2921,0.5960518717765808,True,False
coco:55528:90:1475,coco,55528,000000055528.jpg,90,toothbrush,toothbrush,False,1,16,0.0532181486487388,436.7618,106.3534,490.6465,297.1138,0.2805355787277221,False,True
coco:57149:7:1499,coco,57149,000000057149.jpg,7,train,train,False,1,0,0.8822025060653687,48.2229,202.7917,521.3003,309.9468,0.7161139249801636,True,False
coco:57149:7:1499,coco,57149,000000057149.jpg,7,train,train,False,1,1,0.1004366502165794,119.2737,200.6151,411.5504,224.0199,0.0805217549204826,False,True
coco:57149:7:1499,coco,57149,000000057149.jpg,7,train,train,False,1,2,0.0824508443474769,0.754,201.4195,412.6223,224.8621,0.082148477435112,False,True
coco:57149:7:1499,coco,57149,000000057149.jpg,7,train,train,False,1,3,0.0743716284632682,0.7256,200.8331,411.9958,258.9978,0.2893872857093811,False,True
coco:57149:7:1499,coco,57149,000000057149.jpg,7,train,train,False,1,4,0.0687669813632965,0.0906,201.3801,413.0392,308.6339,0.5008362531661987,True,False
coco:57149:58:1500,coco,57149,000000057149.jpg,58,hot dog,hot dog,True,0,0,0.1212321445345878,53.7788,201.9067,521.63,309.0056,0.0,False,True
coco:57149:58:1500,coco,57149,000000057149.jpg,58,hot dog,hot dog,True,0,1,0.052601721137762,269.0353,265.0886,467.267,425.3424,0.0,False,True
coco:57149:81:1501,coco,57149,000000057149.jpg,81,sink,sink,True,0,0,0.2049807608127594,269.0335,263.8517,467.2333,425.4779,0.0,False,True
coco:57149:81:1501,coco,57149,000000057149.jpg,81,sink,sink,True,0,1,0.0886657610535621,54.4772,203.0933,521.2425,310.2154,0.0,False,True
coco:57149:81:1501,coco,57149,000000057149.jpg,81,sink,sink,True,0,2,0.0580684728920459,389.9062,297.205,417.9944,311.3209,0.0,False,True
coco:57238:62:1508,coco,57238,000000057238.jpg,62,chair,chair,False,2,0,0.5960572957992554,32.7304,187.0911,116.7394,345.6718,0.9312127232551576,True,False
coco:57238:62:1508,coco,57238,000000057238.jpg,62,chair,chair,False,2,1,0.5014044046401978,0.0943,216.3691,34.1301,372.3447,0.9821934700012208,True,False
coco:57238:62:1508,coco,57238,000000057238.jpg,62,chair,chair,False,2,2,0.1408574283123016,0.1421,216.7141,61.2156,349.9942,0.5088202357292175,True,False
coco:57238:62:1508,coco,57238,000000057238.jpg,62,chair,chair,False,2,3,0.1030304357409477,0.1309,216.9715,22.258,333.7549,0.4846323430538177,False,True
coco:57238:62:1508,coco,57238,000000057238.jpg,62,chair,chair,False,2,4,0.0973548963665962,0.1478,216.5252,38.2818,282.9932,0.4007719755172729,False,True
coco:57238:62:1508,coco,57238,000000057238.jpg,62,chair,chair,False,2,5,0.0775684788823127,0.0854,217.0364,19.2994,277.1124,0.216100588440895,False,True
coco:57238:62:1508,coco,57238,000000057238.jpg,62,chair,chair,False,2,6,0.0577315092086792,0.4483,186.879,116.3804,371.7442,0.5751436948776245,True,False
coco:57238:62:1508,coco,57238,000000057238.jpg,62,chair,chair,False,2,7,0.0555430501699447,0.0514,261.595,17.8631,333.8575,0.2426552772521972,False,True
coco:57238:62:1508,coco,57238,000000057238.jpg,62,chair,chair,False,2,8,0.054966315627098,0.1204,216.8671,56.544,283.392,0.3321118056774139,False,True
coco:57238:62:1508,coco,57238,000000057238.jpg,62,chair,chair,False,2,9,0.0506916865706443,44.4995,187.7123,102.0539,259.2046,0.3310602605342865,False,True
coco:57238:34:1509,coco,57238,000000057238.jpg,34,frisbee,frisbee,True,0,0,0.077533446252346,164.8893,55.1577,374.3209,499.4693,0.0,False,True
coco:57238:31:1510,coco,57238,000000057238.jpg,31,handbag,handbag,True,0,0,0.1349279582500457,0.1223,274.2396,37.8465,320.1667,0.0,False,True
coco:57238:31:1510,coco,57238,000000057238.jpg,31,handbag,handbag,True,0,1,0.1328336000442505,0.0706,274.7172,18.567,306.7364,0.0,False,True
coco:57238:31:1510,coco,57238,000000057238.jpg,31,handbag,handbag,True,0,2,0.1041144952178001,0.1391,274.5431,19.8886,318.4551,0.0,False,True
coco:57238:31:1510,coco,57238,000000057238.jpg,31,handbag,handbag,True,0,3,0.0887974426150322,86.7419,188.4593,115.9616,264.2541,0.0,False,True
coco:57238:31:1510,coco,57238,000000057238.jpg,31,handbag,handbag,True,0,4,0.0752568691968917,164.25,54.5129,374.2473,499.2578,0.0,False,True
coco:57238:31:1510,coco,57238,000000057238.jpg,31,handbag,handbag,True,0,5,0.0711110457777977,76.2797,206.551,125.9283,277.7409,0.0,False,True
coco:58029:70:1526,coco,58029,000000058029.jpg,70,toilet,toilet,False,1,0,0.8289535641670227,111.5707,352.9428,279.7213,477.4398,0.9836198687553406,True,False
coco:58029:70:1526,coco,58029,000000058029.jpg,70,toilet,toilet,False,1,1,0.0931182503700256,111.419,438.049,212.1193,477.537,0.1896903365850448,False,True
coco:58029:38:1527,coco,58029,000000058029.jpg,38,kite,kite,True,0,0,0.0567530170083045,333.4982,66.6706,486.1886,384.3491,0.0,False,True
coco:58029:57:1528,coco,58029,000000058029.jpg,57,carrot,carrot,True,0,0,0.0847455337643623,333.928,66.6909,485.5684,384.24,0.0,False,True
coco:58029:57:1528,coco,58029,000000058029.jpg,57,carrot,carrot,True,0,1,0.0685524344444274,111.0432,353.0265,280.0388,477.5833,0.0,False,True
coco:58029:57:1528,coco,58029,000000058029.jpg,57,carrot,carrot,True,0,2,0.0599499940872192,0.6807,136.4384,111.8456,476.9325,0.0,False,True
coco:58029:57:1528,coco,58029,000000058029.jpg,57,carrot,carrot,True,0,3,0.0598828643560409,306.4596,415.4228,472.8982,477.451,0.0,False,True
coco:58111:84:1529,coco,58111,000000058111.jpg,84,book,book,False,5,0,0.2649037539958954,0.6413,0.1119,306.6773,129.8459,0.1182101294398307,False,True
coco:58111:84:1529,coco,58111,000000058111.jpg,84,book,book,False,5,1,0.2416508644819259,0.2559,22.7021,143.3509,59.6332,0.8881069421768188,True,False
coco:58111:84:1529,coco,58111,000000058111.jpg,84,book,book,False,5,2,0.2280145734548568,176.4345,0.1692,307.5278,29.1611,0.2866927981376648,False,True
coco:58111:84:1529,coco,58111,000000058111.jpg,84,book,book,False,5,3,0.1957671791315078,29.4187,143.3328,456.1326,222.976,0.0,False,True
coco:58111:84:1529,coco,58111,000000058111.jpg,84,book,book,False,5,4,0.1928042024374008,0.309,87.2935,124.5148,122.7131,0.0993081927299499,False,True
coco:58111:84:1529,coco,58111,000000058111.jpg,84,book,book,False,5,5,0.1911568194627761,152.9532,16.6245,237.1028,59.0315,0.6247535347938538,True,False
coco:58111:84:1529,coco,58111,000000058111.jpg,84,book,book,False,5,6,0.1823917776346206,0.2877,69.3176,122.2806,98.2572,0.7260041832923889,True,False
coco:58111:84:1529,coco,58111,000000058111.jpg,84,book,book,False,5,7,0.1790251731872558,0.2992,1.1171,145.4396,128.8634,0.2531304657459259,False,True
coco:58111:84:1529,coco,58111,000000058111.jpg,84,book,book,False,5,8,0.178835242986679,0.3209,53.06,119.6161,81.8764,0.3912781476974487,False,True
coco:58111:84:1529,coco,58111,000000058111.jpg,84,book,book,False,5,9,0.1734979450702667,28.5386,140.2865,457.7909,293.7095,0.0,False,True
coco:58111:84:1529,coco,58111,000000058111.jpg,84,book,book,False,5,10,0.1705859899520874,152.7541,16.8204,206.5593,54.0237,0.7689740657806396,True,False
coco:58111:84:1529,coco,58111,000000058111.jpg,84,book,book,False,5,11,0.1663689613342285,0.1537,0.0557,89.1169,22.1542,0.0,False,True
coco:58111:84:1529,coco,58111,000000058111.jpg,84,book,book,False,5,12,0.1640659421682357,4.9331,136.0728,498.4245,488.8967,0.0,False,True
coco:58111:84:1529,coco,58111,000000058111.jpg,84,book,book,False,5,13,0.1510405242443084,0.3213,110.4686,106.9763,134.0704,0.0,False,True
coco:58111:84:1529,coco,58111,000000058111.jpg,84,book,book,False,5,14,0.1317077726125717,165.5102,9.962,256.4521,43.8461,0.9506986737251282,True,False
coco:58111:84:1529,coco,58111,000000058111.jpg,84,book,book,False,5,15,0.1279286742210388,0.5108,0.2571,152.1288,25.113,0.015219229273498,False,True
coco:58111:84:1529,coco,58111,000000058111.jpg,84,book,book,False,5,16,0.1213944107294082,29.4871,143.849,159.3375,223.5022,0.0,False,True
coco:58111:84:1529,coco,58111,000000058111.jpg,84,book,book,False,5,17,0.119256392121315,425.4077,182.7838,456.1125,202.6655,0.0,False,True
coco:58111:84:1529,coco,58111,000000058111.jpg,84,book,book,False,5,18,0.1154627278447151,91.4838,-0.0276,162.0314,21.2623,0.0134106799960136,False,True
coco:58111:84:1529,coco,58111,000000058111.jpg,84,book,book,False,5,19,0.1142139136791229,152.7225,9.7291,306.1088,58.7302,0.4142783880233764,False,True
coco:58111:84:1529,coco,58111,000000058111.jpg,84,book,book,False,5,20,0.1129751577973365,153.4643,16.8258,348.7148,58.5042,0.2866290807723999,False,True
coco:58111:84:1529,coco,58111,000000058111.jpg,84,book,book,False,5,21,0.1089964136481285,140.0981,54.6602,209.3795,85.4064,0.0011641463497653,False,True
coco:58111:84:1529,coco,58111,000000058111.jpg,84,book,book,False,5,22,0.1060110405087471,153.8776,0.1829,238.8505,31.3741,0.3610183596611023,False,True
coco:58111:84:1529,coco,58111,000000058111.jpg,84,book,book,False,5,23,0.1033023819327354,167.3548,9.5234,238.5111,31.4802,0.4822319149971008,False,True
coco:58111:84:1529,coco,58111,000000058111.jpg,84,book,book,False,5,24,0.1028263494372367,166.2297,10.4167,213.773,39.3631,0.4319883584976196,False,True
coco:58111:84:1529,coco,58111,000000058111.jpg,84,book,book,False,5,25,0.1018979400396347,154.0522,17.1901,253.9524,44.4406,0.6837881803512573,True,False
coco:58111:84:1529,coco,58111,000000058111.jpg,84,book,book,False,5,26,0.0982954204082489,140.5115,36.0286,192.7217,61.0282,0.2146040797233581,False,True
coco:58111:84:1529,coco,58111,000000058111.jpg,84,book,book,False,5,27,0.0975227653980255,139.8139,57.1553,189.0943,85.0649,5.755703750764951e-05,False,True
coco:58111:84:1529,coco,58111,000000058111.jpg,84,book,book,False,5,28,0.0951568782329559,100.7494,0.0173,194.6067,19.7701,0.0568344518542289,False,True
coco:58111:84:1529,coco,58111,000000058111.jpg,84,book,book,False,5,29,0.0886041522026062,0.5402,68.8366,121.1351,88.5554,0.718619167804718,True,False
coco:58111:84:1529,coco,58111,000000058111.jpg,84,book,book,False,5,30,0.088303618133068,0.2608,70.1867,124.2815,122.7673,0.4016561508178711,False,True
coco:58111:84:1529,coco,58111,000000058111.jpg,84,book,book,False,5,31,0.0868138745427131,155.5576,0.4219,307.2005,43.5401,0.4551199674606323,False,True
coco:58111:84:1529,coco,58111,000000058111.jpg,84,book,book,False,5,32,0.0851980522274971,98.7689,0.0693,238.2028,31.0276,0.2509351968765259,False,True
coco:58111:84:1529,coco,58111,000000058111.jpg,84,book,book,False,5,33,0.0843734890222549,208.9483,21.2787,351.2821,43.9202,0.2086481750011444,False,True
coco:58111:84:1529,coco,58111,000000058111.jpg,84,book,book,False,5,34,0.0842757895588874,153.3027,14.2908,306.6057,44.6346,0.5438045859336853,True,False
coco:58111:84:1529,coco,58111,000000058111.jpg,84,book,book,False,5,35,0.0826397389173507,116.5091,52.3622,191.3631,86.2679,0.0317175611853599,False,True
coco:58111:84:1529,coco,58111,000000058111.jpg,84,book,book,False,5,36,0.0784841254353523,203.5232,23.859,306.8823,44.1452,0.2645654380321502,False,True
coco:58111:84:1529,coco,58111,000000058111.jpg,84,book,book,False,5,37,0.078460656106472,232.327,2.6473,307.2018,27.0669,0.0936100780963897,False,True
coco:58111:84:1529,coco,58111,000000058111.jpg,84,book,book,False,5,38,0.0779700949788093,139.9961,1.4029,307.1038,84.8907,0.2231849581003189,False,True
coco:58111:84:1529,coco,58111,000000058111.jpg,84,book,book,False,5,39,0.0776760354638099,196.0217,34.4058,244.7259,59.5002,0.1291716545820236,False,True
coco:58111:84:1529,coco,58111,000000058111.jpg,84,book,book,False,5,40,0.0770142376422882,18.3592,7.4558,89.5969,21.1713,0.0,False,True
coco:58111:84:1529,coco,58111,000000058111.jpg,84,book,book,False,5,41,0.0760404616594314,195.6152,21.7534,351.4014,59.3835,0.1860082000494003,False,True
coco:58111:84:1529,coco,58111,000000058111.jpg,84,book,book,False,5,42,0.0753669366240501,101.2204,-0.0328,159.3217,10.2484,0.0,False,True
coco:58111:84:1529,coco,58111,000000058111.jpg,84,book,book,False,5,43,0.0742871090769767,157.6805,290.489,499.0494,489.3492,0.0,False,True
coco:58111:84:1529,coco,58111,000000058111.jpg,84,book,book,False,5,44,0.0684132426977157,195.9082,37.5163,231.8211,59.2972,0.1095711067318916,False,True
coco:58111:84:1529,coco,58111,000000058111.jpg,84,book,book,False,5,45,0.0673848837614059,116.1213,54.2006,146.0312,87.0982,0.0476578809320926,False,True
coco:58111:84:1529,coco,58111,000000058111.jpg,84,book,book,False,5,46,0.0635851770639419,89.0867,0.1048,238.5977,59.6251,0.2615911364555359,False,True
coco:58111:84:1529,coco,58111,000000058111.jpg,84,book,book,False,5,47,0.0623566359281539,88.2546,4.0454,142.8086,24.7638,0.0051203365437686,False,True
coco:58111:84:1529,coco,58111,000000058111.jpg,84,book,book,False,5,48,0.062112882733345,0.5174,21.4749,142.4688,38.8571,0.4064063727855682,False,True
coco:58111:84:1529,coco,58111,000000058111.jpg,84,book,book,False,5,49,0.0613896138966083,0.7404,0.505,307.2535,60.7018,0.2543656229972839,False,True
coco:58111:84:1529,coco,58111,000000058111.jpg,84,book,book,False,5,50,0.0606885887682437,156.9774,0.2389,196.6379,19.0052,0.0734878182411193,False,True
coco:58111:84:1529,coco,58111,000000058111.jpg,84,book,book,False,5,51,0.0603005066514015,0.1438,51.4456,189.8615,83.0321,0.2857135832309723,False,True
coco:58111:84:1529,coco,58111,000000058111.jpg,84,book,book,False,5,52,0.0594953894615173,136.4483,49.6248,191.0809,62.266,0.0289634764194488,False,True
coco:58111:84:1529,coco,58111,000000058111.jpg,84,book,book,False,5,53,0.0594437308609485,0.2645,1.2206,143.7126,59.3656,0.5626968741416931,True,False
coco:58111:84:1529,coco,58111,000000058111.jpg,84,book,book,False,5,54,0.0593431033194065,89.0148,0.1721,197.9282,28.0355,0.1127452328801155,False,True
coco:58111:84:1529,coco,58111,000000058111.jpg,84,book,book,False,5,55,0.0586297586560249,139.8802,17.8592,199.0152,60.0645,0.4940336048603058,False,True
coco:58111:84:1529,coco,58111,000000058111.jpg,84,book,book,False,5,56,0.0580098964273929,-0.2156,0.1795,499.7697,153.2662,0.0613178014755249,False,True
coco:58111:84:1529,coco,58111,000000058111.jpg,84,book,book,False,5,57,0.0576595962047576,141.4603,18.1295,350.0459,83.0825,0.1673671007156372,False,True
coco:58111:84:1529,coco,58111,000000058111.jpg,84,book,book,False,5,58,0.0574365854263305,138.8687,18.7243,208.7338,83.3245,0.3777888119220733,False,True
coco:58111:84:1529,coco,58111,000000058111.jpg,84,book,book,False,5,59,0.0566426515579223,0.4118,10.5749,142.0414,29.8756,0.120232492685318,False,True
coco:58111:84:1529,coco,58111,000000058111.jpg,84,book,book,False,5,60,0.0560666099190712,0.4651,41.906,142.7207,60.9199,0.4162623584270477,False,True
coco:58111:84:1529,coco,58111,000000058111.jpg,84,book,book,False,5,61,0.0554373227059841,152.1143,2.8184,247.3411,43.155,0.6179617047309875,True,False
coco:58111:84:1529,coco,58111,000000058111.jpg,84,book,book,False,5,62,0.0544947274029254,0.3821,80.1195,116.8274,101.4685,0.3455496728420257,False,True
coco:58111:84:1529,coco,58111,000000058111.jpg,84,book,book,False,5,63,0.0544761456549167,1.7067,0.2375,306.6969,31.3043,0.1793362647294998,False,True
coco:58111:84:1529,coco,58111,000000058111.jpg,84,book,book,False,5,64,0.0534749776124954,234.3031,11.1382,307.0995,27.6522,0.0962989777326583,False,True
coco:58111:84:1529,coco,58111,000000058111.jpg,84,book,book,False,5,65,0.0529841445386409,89.2621,13.5814,157.018,38.2406,0.1347114443778991,False,True
coco:58111:84:1529,coco,58111,000000058111.jpg,84,book,book,False,5,66,0.0527502223849296,89.2578,0.024,165.2004,36.0856,0.0941428840160369,False,True
coco:58111:84:1529,coco,58111,000000058111.jpg,84,book,book,False,5,67,0.0521708615124225,151.0295,0.2557,220.6148,36.6779,0.380057543516159,False,True
coco:58111:84:1529,coco,58111,000000058111.jpg,84,book,book,False,5,68,0.0513089150190353,88.6085,0.235,209.2798,84.0148,0.1960188001394271,False,True
coco:58111:84:1529,coco,58111,000000058111.jpg,84,book,book,False,5,69,0.0509099625051021,120.8377,74.9403,144.9099,87.9778,0.0175481457263231,False,True
coco:58111:84:1529,coco,58111,000000058111.jpg,84,book,book,False,5,70,0.0508487075567245,149.6439,1.5566,169.2235,19.7199,0.0230866279453039,False,True
coco:58111:84:1529,coco,58111,000000058111.jpg,84,book,book,False,5,71,0.0504431128501892,0.3192,105.8298,108.6958,124.0304,0.0,False,True
coco:58111:84:1529,coco,58111,000000058111.jpg,84,book,book,False,5,72,0.0501814000308513,111.9025,53.4595,145.6913,78.4735,0.0409806594252586,False,True
coco:58111:55:1531,coco,58111,000000058111.jpg,55,orange,orange,True,0,0,0.0944947153329849,88.7239,20.7014,492.1561,319.9439,0.0,False,True
coco:58111:55:1531,coco,58111,000000058111.jpg,55,orange,orange,True,0,1,0.0942981615662574,1.3288,-0.099,498.8383,489.6561,0.0,False,True
coco:58393:1:1538,coco,58393,000000058393.jpg,1,person,person,False,2,0,0.5015194416046143,411.6605,180.2278,534.1008,416.3447,0.2038246542215347,False,True
coco:58393:1:1538,coco,58393,000000058393.jpg,1,person,person,False,2,1,0.3409378826618194,345.2226,165.5027,417.9054,240.8543,0.3673826456069946,False,True
coco:58393:1:1538,coco,58393,000000058393.jpg,1,person,person,False,2,2,0.3193531334400177,343.4121,165.6196,533.9352,416.591,0.296033501625061,False,True
coco:58393:1:1538,coco,58393,000000058393.jpg,1,person,person,False,2,3,0.307389497756958,411.6058,180.6619,533.7708,241.42,0.4908125698566437,False,True
coco:58393:1:1538,coco,58393,000000058393.jpg,1,person,person,False,2,4,0.2485021948814392,345.2454,165.6473,533.758,241.6928,0.9406474232673644,True,False
coco:58393:1:1538,coco,58393,000000058393.jpg,1,person,person,False,2,5,0.2224640846252441,327.6724,165.0509,419.3661,340.5589,0.231316328048706,False,True
coco:58393:1:1538,coco,58393,000000058393.jpg,1,person,person,False,2,6,0.1685560047626495,345.1828,165.2347,473.5335,241.1827,0.6491026878356934,True,False
coco:58393:1:1538,coco,58393,000000058393.jpg,1,person,person,False,2,7,0.1416770368814468,328.7758,165.1879,417.852,290.6075,0.2796451151371002,False,True
coco:58393:1:1538,coco,58393,000000058393.jpg,1,person,person,False,2,8,0.0972659140825271,411.09,181.3558,474.5006,240.7863,0.6212412118911743,True,False
coco:58393:1:1538,coco,58393,000000058393.jpg,1,person,person,False,2,9,0.0951137915253639,334.0598,165.5866,533.5776,340.5122,0.4056651294231415,False,True
coco:58393:1:1538,coco,58393,000000058393.jpg,1,person,person,False,2,10,0.0878002569079399,330.0131,164.9413,474.5394,334.2778,0.3412017524242401,False,True
coco:58393:1:1538,coco,58393,000000058393.jpg,1,person,person,False,2,11,0.0793058276176452,414.0468,180.0342,558.8126,340.5418,0.238206461071968,False,True
coco:58393:1:1538,coco,58393,000000058393.jpg,1,person,person,False,2,12,0.0671828165650367,338.944,164.8816,534.1678,286.3172,0.6049637198448181,True,False
coco:58393:1:1538,coco,58393,000000058393.jpg,1,person,person,False,2,13,0.053653422743082,468.8031,216.454,533.501,241.2106,0.1055766120553016,False,True
coco:58393:1:1538,coco,58393,000000058393.jpg,1,person,person,False,2,14,0.0516742207109928,410.9979,179.8761,533.6593,274.2823,0.3933203220367431,False,True
coco:58393:7:1539,coco,58393,000000058393.jpg,7,train,train,True,0,0,0.2361136525869369,45.4232,238.2865,613.597,465.6749,0.0,False,True
coco:58393:7:1539,coco,58393,000000058393.jpg,7,train,train,True,0,1,0.0693165510892868,18.1033,154.8595,624.064,465.5261,0.0,False,True
coco:58393:7:1539,coco,58393,000000058393.jpg,7,train,train,True,0,2,0.0526128932833671,2.1981,1.6808,636.3934,477.4103,0.0,False,True
coco:58393:21:1540,coco,58393,000000058393.jpg,21,cow,cow,True,0,0,0.0894174724817276,45.5363,238.731,602.8291,464.8951,0.0,False,True
coco:58636:74:1544,coco,58636,000000058636.jpg,74,mouse,mouse,True,0,0,0.1098462343215942,108.3236,134.6482,326.7382,308.194,0.0,False,True
coco:58636:74:1544,coco,58636,000000058636.jpg,74,mouse,mouse,True,0,1,0.0870111808180809,43.2515,299.7205,321.4338,377.1756,0.0,False,True
coco:58636:74:1544,coco,58636,000000058636.jpg,74,mouse,mouse,True,0,2,0.0592954382300376,381.5729,220.7925,455.8238,416.1305,0.0,False,True
coco:58636:80:1545,coco,58636,000000058636.jpg,80,toaster,toaster,True,0,0,0.0551414862275123,108.1984,134.5285,326.6516,308.2961,0.0,False,True
coco:59635:2:1561,coco,59635,000000059635.jpg,2,bicycle,bicycle,False,5,0,0.4188582301139831,257.3629,384.653,284.2123,411.9165,0.812299907207489,True,False
coco:59635:2:1561,coco,59635,000000059635.jpg,2,bicycle,bicycle,False,5,1,0.3815250396728515,257.5832,70.0064,281.6061,97.5122,0.830088198184967,True,False
coco:59635:2:1561,coco,59635,000000059635.jpg,2,bicycle,bicycle,False,5,2,0.3488513529300689,243.7284,73.6323,263.2767,91.7472,0.7012048959732056,True,False
coco:59635:2:1561,coco,59635,000000059635.jpg,2,bicycle,bicycle,False,5,3,0.3142236769199371,244.1139,388.2385,264.339,406.2057,0.1293402910232544,False,True
coco:59635:2:1561,coco,59635,000000059635.jpg,2,bicycle,bicycle,False,5,4,0.2605162262916565,322.7767,70.2199,343.9006,92.0021,0.487291544675827,False,True
coco:59635:2:1561,coco,59635,000000059635.jpg,2,bicycle,bicycle,False,5,5,0.2291223704814911,323.3952,383.6688,343.8663,406.322,0.4497848451137543,False,True
coco:59635:2:1561,coco,59635,000000059635.jpg,2,bicycle,bicycle,False,5,6,0.2253988087177276,257.0755,68.8485,342.583,97.6279,0.2305208593606948,False,True
coco:59635:2:1561,coco,59635,000000059635.jpg,2,bicycle,bicycle,False,5,7,0.1945273280143737,54.8616,142.2872,77.0277,164.4557,0.0,False,True
coco:59635:2:1561,coco,59635,000000059635.jpg,2,bicycle,bicycle,False,5,8,0.1930337399244308,243.7116,70.6412,277.6898,96.9723,0.5702984929084778,True,False
coco:59635:2:1561,coco,59635,000000059635.jpg,2,bicycle,bicycle,False,5,9,0.1907711178064346,257.3732,52.4108,343.0849,97.7538,0.146860584616661,False,True
coco:59635:2:1561,coco,59635,000000059635.jpg,2,bicycle,bicycle,False,5,10,0.1655239760875702,179.1589,401.6836,208.1987,435.7151,0.0,False,True
coco:59635:2:1561,coco,59635,000000059635.jpg,2,bicycle,bicycle,False,5,11,0.1629156172275543,244.2439,384.4957,273.8489,406.8943,0.3651764690876007,False,True
coco:59635:2:1561,coco,59635,000000059635.jpg,2,bicycle,bicycle,False,5,12,0.1617718935012817,257.0979,384.2821,340.8799,412.0918,0.2758552730083465,False,True
coco:59635:2:1561,coco,59635,000000059635.jpg,2,bicycle,bicycle,False,5,13,0.1542690992355346,323.5016,389.4534,341.6492,406.1316,0.2956928312778473,False,True
coco:59635:2:1561,coco,59635,000000059635.jpg,2,bicycle,bicycle,False,5,14,0.1528008729219436,54.9512,140.4992,98.7508,164.4461,0.0,False,True
coco:59635:2:1561,coco,59635,000000059635.jpg,2,bicycle,bicycle,False,5,15,0.1470316499471664,322.6402,74.5435,333.7827,91.3933,0.6686681509017944,True,False
coco:59635:2:1561,coco,59635,000000059635.jpg,2,bicycle,bicycle,False,5,16,0.1460605561733245,256.6174,384.1474,304.6501,412.0761,0.4753298461437225,False,True
coco:59635:2:1561,coco,59635,000000059635.jpg,2,bicycle,bicycle,False,5,17,0.1419151872396469,54.8446,136.5522,119.5406,164.476,0.0,False,True
coco:59635:2:1561,coco,59635,000000059635.jpg,2,bicycle,bicycle,False,5,18,0.1254963278770446,257.6747,52.4595,287.2883,97.6018,0.4154614508152008,False,True
coco:59635:2:1561,coco,59635,000000059635.jpg,2,bicycle,bicycle,False,5,19,0.1230948641896247,322.4937,69.0118,353.3231,92.5477,0.3090087175369262,False,True
coco:59635:2:1561,coco,59635,000000059635.jpg,2,bicycle,bicycle,False,5,20,0.122671402990818,257.3135,369.0675,342.0737,411.9341,0.1883724629878997,False,True
coco:59635:2:1561,coco,59635,000000059635.jpg,2,bicycle,bicycle,False,5,21,0.1081365123391151,463.2045,85.8883,485.6348,118.1079,0.0,False,True
coco:59635:2:1561,coco,59635,000000059635.jpg,2,bicycle,bicycle,False,5,22,0.1070691347122192,54.4013,448.9573,119.6754,479.1025,0.0,False,True
coco:59635:2:1561,coco,59635,000000059635.jpg,2,bicycle,bicycle,False,5,23,0.104312963783741,195.947,101.534,210.7979,120.8521,0.0,False,True
coco:59635:2:1561,coco,59635,000000059635.jpg,2,bicycle,bicycle,False,5,24,0.1035331115126609,323.377,390.0557,333.4854,405.7878,0.1007567048072815,False,True
coco:59635:2:1561,coco,59635,000000059635.jpg,2,bicycle,bicycle,False,5,25,0.099609762430191,54.4982,453.7499,102.0822,479.277,0.0,False,True
coco:59635:2:1561,coco,59635,000000059635.jpg,2,bicycle,bicycle,False,5,26,0.0961469784379005,243.9678,52.9868,286.5885,91.8031,0.2640075385570526,False,True
coco:59635:2:1561,coco,59635,000000059635.jpg,2,bicycle,bicycle,False,5,27,0.0944155529141426,257.2384,368.9852,305.0771,412.2487,0.3344505429267883,False,True
coco:59635:2:1561,coco,59635,000000059635.jpg,2,bicycle,bicycle,False,5,28,0.0918771028518676,365.9292,71.0755,377.205,90.4758,0.0,False,True
coco:59635:2:1561,coco,59635,000000059635.jpg,2,bicycle,bicycle,False,5,29,0.0903355628252029,343.3022,72.7268,373.9758,92.21,0.0,False,True
coco:59635:2:1561,coco,59635,000000059635.jpg,2,bicycle,bicycle,False,5,30,0.0886405631899833,257.3666,396.0292,282.9167,411.7638,0.5060690641403198,True,False
coco:59635:2:1561,coco,59635,000000059635.jpg,2,bicycle,bicycle,False,5,31,0.088232971727848,257.3206,369.1135,289.64,411.9494,0.4915834367275238,False,True
coco:59635:2:1561,coco,59635,000000059635.jpg,2,bicycle,bicycle,False,5,32,0.0830893889069557,341.6335,79.1735,353.4561,92.1528,0.0,False,True
coco:59635:2:1561,coco,59635,000000059635.jpg,2,bicycle,bicycle,False,5,33,0.0800029039382934,244.0503,393.9732,258.6474,405.6467,0.0149091985076665,False,True
coco:59635:2:1561,coco,59635,000000059635.jpg,2,bicycle,bicycle,False,5,34,0.078423261642456,3.2182,84.4875,12.1248,97.1986,0.0,False,True
coco:59635:2:1561,coco,59635,000000059635.jpg,2,bicycle,bicycle,False,5,35,0.0771122872829437,322.5992,68.9644,374.1512,92.665,0.1835107952356338,False,True
coco:59635:2:1561,coco,59635,000000059635.jpg,2,bicycle,bicycle,False,5,36,0.0747170522809028,184.5236,401.16,204.3161,415.0141,0.0,False,True
coco:59635:2:1561,coco,59635,000000059635.jpg,2,bicycle,bicycle,False,5,37,0.0728652849793434,367.8644,386.7545,390.722,407.0617,0.0,False,True
coco:59635:2:1561,coco,59635,000000059635.jpg,2,bicycle,bicycle,False,5,38,0.0721837505698204,462.546,86.3059,485.1549,102.4866,0.0,False,True
coco:59635:2:1561,coco,59635,000000059635.jpg,2,bicycle,bicycle,False,5,39,0.0698581561446189,54.2334,445.8213,172.9348,479.2331,0.0,False,True
coco:59635:2:1561,coco,59635,000000059635.jpg,2,bicycle,bicycle,False,5,40,0.0689738765358924,342.3326,393.918,351.2265,406.5266,0.1782624274492263,False,True
coco:59635:2:1561,coco,59635,000000059635.jpg,2,bicycle,bicycle,False,5,41,0.068916730582714,54.3029,431.03,118.6032,479.3943,0.0,False,True
coco:59635:2:1561,coco,59635,000000059635.jpg,2,bicycle,bicycle,False,5,42,0.0645442605018615,322.9846,384.2111,373.0027,407.2058,0.4675181210041046,False,True
coco:59635:2:1561,coco,59635,000000059635.jpg,2,bicycle,bicycle,False,5,43,0.0644684061408042,366.5071,387.4124,376.5769,405.0901,0.0,False,True
coco:59635:2:1561,coco,59635,000000059635.jpg,2,bicycle,bicycle,False,5,44,0.0635194331407547,322.4033,67.2152,416.7526,92.6727,0.0933493599295616,False,True
coco:59635:2:1561,coco,59635,000000059635.jpg,2,bicycle,bicycle,False,5,45,0.0608792416751384,394.8201,68.5088,418.4821,93.2465,0.0,False,True
coco:59635:2:1561,coco,59635,000000059635.jpg,2,bicycle,bicycle,False,5,46,0.060583371669054,257.1131,65.3654,308.5916,97.746,0.3418565690517425,False,True
coco:59635:2:1561,coco,59635,000000059635.jpg,2,bicycle,bicycle,False,5,47,0.0585379041731357,348.5125,386.2227,373.922,406.1538,0.0969986096024513,False,True
coco:59635:2:1561,coco,59635,000000059635.jpg,2,bicycle,bicycle,False,5,48,0.0579155385494232,257.3975,386.0751,275.6736,411.7506,0.659492015838623,True,False
coco:59635:2:1561,coco,59635,000000059635.jpg,2,bicycle,bicycle,False,5,49,0.057151410728693,367.3958,65.1206,416.1934,91.4015,0.0,False,True
coco:59635:2:1561,coco,59635,000000059635.jpg,2,bicycle,bicycle,False,5,50,0.054558627307415,54.7762,118.0756,119.4419,164.6301,0.0,False,True
coco:59635:2:1561,coco,59635,000000059635.jpg,2,bicycle,bicycle,False,5,51,0.0545250996947288,255.7917,383.6023,377.8357,412.0812,0.1914509534835815,False,True
coco:59635:2:1561,coco,59635,000000059635.jpg,2,bicycle,bicycle,False,5,52,0.0537529624998569,3.3319,73.521,29.4646,97.0605,0.0,False,True
coco:59635:2:1561,coco,59635,000000059635.jpg,2,bicycle,bicycle,False,5,53,0.0533093959093093,196.6941,427.746,211.8034,439.5636,0.0,False,True
coco:59635:2:1561,coco,59635,000000059635.jpg,2,bicycle,bicycle,False,5,54,0.0527890175580978,54.8622,118.0535,97.611,164.6494,0.0,False,True
coco:59635:2:1561,coco,59635,000000059635.jpg,2,bicycle,bicycle,False,5,55,0.0516566671431064,373.6537,388.4669,391.5216,409.9463,0.0,False,True
coco:59635:2:1561,coco,59635,000000059635.jpg,2,bicycle,bicycle,False,5,56,0.0512162558734416,333.1563,78.3958,352.7926,92.0573,0.1212882921099662,False,True
coco:59635:2:1561,coco,59635,000000059635.jpg,2,bicycle,bicycle,False,5,57,0.0503307916224002,191.2858,414.0515,209.8931,437.2171,0.0,False,True
coco:59635:2:1561,coco,59635,000000059635.jpg,2,bicycle,bicycle,False,5,58,0.0500998497009277,322.0871,53.5797,345.5961,92.2563,0.2465938478708267,False,True
coco:59635:34:1562,coco,59635,000000059635.jpg,34,frisbee,frisbee,True,0,0,0.3071287274360657,171.7968,423.378,224.4095,467.4565,0.0,False,True
coco:59635:34:1562,coco,59635,000000059635.jpg,34,frisbee,frisbee,True,0,1,0.2202249318361282,309.1037,505.0293,421.4132,639.3636,0.0,False,True
coco:59635:34:1562,coco,59635,000000059635.jpg,34,frisbee,frisbee,True,0,2,0.1708129048347473,136.2996,177.6264,197.9085,282.8885,0.0,False,True
coco:59635:34:1562,coco,59635,000000059635.jpg,34,frisbee,frisbee,True,0,3,0.1462373882532119,136.4236,150.9242,236.2101,283.2181,0.0,False,True
coco:59635:34:1562,coco,59635,000000059635.jpg,34,frisbee,frisbee,True,0,4,0.1379350870847702,55.5,135.715,119.9669,148.605,0.0,False,True
coco:59635:34:1562,coco,59635,000000059635.jpg,34,frisbee,frisbee,True,0,5,0.1208922639489173,182.7563,109.4208,194.179,149.7113,0.0,False,True
coco:59635:34:1562,coco,59635,000000059635.jpg,34,frisbee,frisbee,True,0,6,0.0747622475028038,54.9677,449.8804,118.9133,461.8973,0.0,False,True
coco:59635:38:1563,coco,59635,000000059635.jpg,38,kite,kite,True,0,0,0.1739000380039215,308.9648,504.8441,424.1768,639.2609,0.0,False,True
coco:59635:38:1563,coco,59635,000000059635.jpg,38,kite,kite,True,0,1,0.1533642709255218,135.9417,176.6819,198.2276,283.0858,0.0,False,True
coco:59635:38:1563,coco,59635,000000059635.jpg,38,kite,kite,True,0,2,0.1398375183343887,171.7695,423.2666,224.4168,467.5488,0.0,False,True
coco:59635:38:1563,coco,59635,000000059635.jpg,38,kite,kite,True,0,3,0.1337060034275055,135.8932,148.1844,227.7181,283.3754,0.0,False,True
coco:59635:38:1563,coco,59635,000000059635.jpg,38,kite,kite,True,0,4,0.0920376777648925,54.1847,448.494,120.5125,478.6516,0.0,False,True
coco:59635:38:1563,coco,59635,000000059635.jpg,38,kite,kite,True,0,5,0.0916390866041183,54.5471,135.8707,119.799,164.4677,0.0,False,True
coco:59635:38:1563,coco,59635,000000059635.jpg,38,kite,kite,True,0,6,0.0912519246339798,132.6364,118.9905,250.1207,325.5303,0.0,False,True
coco:59635:38:1563,coco,59635,000000059635.jpg,38,kite,kite,True,0,7,0.0888983905315399,182.465,108.9752,194.249,149.8258,0.0,False,True
coco:59635:38:1563,coco,59635,000000059635.jpg,38,kite,kite,True,0,8,0.0834532305598259,54.7043,135.7834,119.8363,150.6653,0.0,False,True
coco:59635:38:1563,coco,59635,000000059635.jpg,38,kite,kite,True,0,9,0.0814181491732597,128.4937,149.1267,225.9683,325.1535,0.0,False,True
coco:59635:38:1563,coco,59635,000000059635.jpg,38,kite,kite,True,0,10,0.0769267529249191,271.5177,174.0772,375.486,315.8677,0.0,False,True
coco:59635:38:1563,coco,59635,000000059635.jpg,38,kite,kite,True,0,11,0.0611106567084789,54.5578,142.2298,71.6979,164.7988,0.0,False,True
coco:59635:38:1563,coco,59635,000000059635.jpg,38,kite,kite,True,0,12,0.0605147220194339,54.4375,117.9698,119.9341,164.6819,0.0,False,True
coco:59635:38:1563,coco,59635,000000059635.jpg,38,kite,kite,True,0,13,0.053293626755476,128.5843,177.0264,198.2671,325.5574,0.0,False,True
coco:59635:38:1563,coco,59635,000000059635.jpg,38,kite,kite,True,0,14,0.051598597317934,182.543,100.853,207.3407,151.2169,0.0,False,True
coco:59635:38:1563,coco,59635,000000059635.jpg,38,kite,kite,True,0,15,0.051501091569662,171.626,327.8692,224.7787,467.6717,0.0,False,True
coco:59635:38:1563,coco,59635,000000059635.jpg,38,kite,kite,True,0,16,0.0508198924362659,54.5873,448.8247,120.0953,463.7901,0.0,False,True
coco:59920:70:1564,coco,59920,000000059920.jpg,70,toilet,toilet,False,2,0,0.6028507947921753,231.9185,317.5928,426.5573,639.1434,0.969162106513977,True,False
coco:59920:70:1564,coco,59920,000000059920.jpg,70,toilet,toilet,False,2,1,0.3422626852989197,0.3908,398.0682,135.8327,562.472,0.864142894744873,True,False
coco:59920:70:1564,coco,59920,000000059920.jpg,70,toilet,toilet,False,2,2,0.2226042747497558,231.989,493.3988,390.4443,639.1378,0.3510518372058868,False,True
coco:59920:70:1564,coco,59920,000000059920.jpg,70,toilet,toilet,False,2,3,0.0958888158202171,0.0829,397.8133,15.3478,440.7998,0.0171424765139818,False,True
coco:59920:70:1564,coco,59920,000000059920.jpg,70,toilet,toilet,False,2,4,0.0733794942498207,345.648,317.1723,426.5563,495.9707,0.2356581538915634,False,True
coco:59920:70:1564,coco,59920,000000059920.jpg,70,toilet,toilet,False,2,5,0.0664938613772392,0.229,397.4948,26.0668,639.2484,0.1673427671194076,False,True
coco:59920:70:1564,coco,59920,000000059920.jpg,70,toilet,toilet,False,2,6,0.0600103810429573,345.0517,316.8846,426.6415,638.949,0.4165021181106567,False,True
coco:59920:70:1564,coco,59920,000000059920.jpg,70,toilet,toilet,False,2,7,0.0537368059158325,0.7752,284.3082,136.1209,562.9418,0.5163282752037048,True,False
coco:59920:85:1565,coco,59920,000000059920.jpg,85,clock,clock,True,0,0,0.1741705536842346,24.3737,0.9475,376.3011,499.5301,0.0,False,True
coco:59920:85:1565,coco,59920,000000059920.jpg,85,clock,clock,True,0,1,0.1292028129100799,314.639,27.7917,344.4841,60.6237,0.0,False,True
coco:59920:85:1565,coco,59920,000000059920.jpg,85,clock,clock,True,0,2,0.1277796030044555,95.0978,59.6945,117.1984,86.8615,0.0,False,True
coco:59920:85:1565,coco,59920,000000059920.jpg,85,clock,clock,True,0,3,0.1250998824834823,143.2508,54.0852,166.0464,81.3462,0.0,False,True
coco:59920:85:1565,coco,59920,000000059920.jpg,85,clock,clock,True,0,4,0.122634045779705,252.2684,37.3038,279.4406,67.7022,0.0,False,True
coco:59920:85:1565,coco,59920,000000059920.jpg,85,clock,clock,True,0,5,0.1195648983120918,195.3649,46.2807,220.2241,75.2225,0.0,False,True
coco:59920:85:1565,coco,59920,000000059920.jpg,85,clock,clock,True,0,6,0.0981787890195846,147.6225,114.3836,170.1681,140.1349,0.0,False,True
coco:59920:85:1565,coco,59920,000000059920.jpg,85,clock,clock,True,0,7,0.0917245373129844,315.1894,98.327,343.1623,128.0696,0.0,False,True
coco:59920:85:1565,coco,59920,000000059920.jpg,85,clock,clock,True,0,8,0.0883618146181106,1.3005,-0.817,426.0468,637.9963,0.0,False,True
coco:59920:85:1565,coco,59920,000000059920.jpg,85,clock,clock,True,0,9,0.0862180963158607,254.1564,103.5863,280.2626,132.1893,0.0,False,True
coco:59920:85:1565,coco,59920,000000059920.jpg,85,clock,clock,True,0,10,0.085954837501049,364.6162,0.3094,426.5384,335.2117,0.0,False,True
coco:59920:85:1565,coco,59920,000000059920.jpg,85,clock,clock,True,0,11,0.0839799121022224,101.5781,118.3432,121.8571,143.0304,0.0,False,True
coco:59920:85:1565,coco,59920,000000059920.jpg,85,clock,clock,True,0,12,0.0839400365948677,198.4859,108.8753,222.1384,136.2747,0.0,False,True
coco:59920:85:1565,coco,59920,000000059920.jpg,85,clock,clock,True,0,13,0.0770134925842285,409.5919,0.9462,426.5781,37.9328,0.0,False,True
coco:59920:85:1565,coco,59920,000000059920.jpg,85,clock,clock,True,0,14,0.0651271417737007,106.0543,172.5326,126.1625,196.6609,0.0,False,True
coco:59920:85:1565,coco,59920,000000059920.jpg,85,clock,clock,True,0,15,0.0601134784519672,65.068,174.7495,83.8329,197.8313,0.0,False,True
coco:59920:85:1565,coco,59920,000000059920.jpg,85,clock,clock,True,0,16,0.0583413317799568,405.1964,84.6244,426.7384,119.7018,0.0,False,True
coco:59920:85:1565,coco,59920,000000059920.jpg,85,clock,clock,True,0,17,0.0566892996430397,315.2604,164.222,342.1354,192.4576,0.0,False,True
coco:59920:85:1565,coco,59920,000000059920.jpg,85,clock,clock,True,0,18,0.0554510913789272,402.1909,162.6761,424.5248,195.4306,0.0,False,True
coco:59920:85:1565,coco,59920,000000059920.jpg,85,clock,clock,True,0,19,0.0504935570061206,371.2411,20.2239,382.7461,52.7222,0.0,False,True
coco:59920:50:1566,coco,59920,000000059920.jpg,50,spoon,spoon,True,0,0,0.1442182064056396,195.8298,235.7226,238.0504,285.4475,0.0,False,True
coco:59920:50:1566,coco,59920,000000059920.jpg,50,spoon,spoon,True,0,1,0.1331145316362381,203.877,244.1129,229.7857,285.3889,0.0,False,True
coco:59920:50:1566,coco,59920,000000059920.jpg,50,spoon,spoon,True,0,2,0.0865592136979103,1.4552,419.5651,136.1144,562.6215,0.0,False,True
coco:59920:50:1566,coco,59920,000000059920.jpg,50,spoon,spoon,True,0,3,0.0829670801758766,14.5248,420.2547,45.1936,448.9261,0.0,False,True
coco:59920:50:1566,coco,59920,000000059920.jpg,50,spoon,spoon,True,0,4,0.0774763077497482,231.6181,318.0499,426.0851,638.4412,0.0,False,True
coco:59920:50:1566,coco,59920,000000059920.jpg,50,spoon,spoon,True,0,5,0.0757795721292495,186.2486,0.2084,228.7069,36.7043,0.0,False,True
coco:59920:50:1566,coco,59920,000000059920.jpg,50,spoon,spoon,True,0,6,0.0708445087075233,186.4517,1.6485,208.0133,36.4095,0.0,False,True
coco:59920:50:1566,coco,59920,000000059920.jpg,50,spoon,spoon,True,0,7,0.0632434412837028,200.2525,0.3197,228.7934,26.2801,0.0,False,True
coco:59920:50:1566,coco,59920,000000059920.jpg,50,spoon,spoon,True,0,8,0.053579494357109,231.9511,493.256,390.4579,638.5668,0.0,False,True
coco:60090:7:1570,coco,60090,000000060090.jpg,7,train,train,False,1,0,0.9291661977767944,224.9975,97.8122,491.4495,344.3774,0.9708880186080932,True,False
coco:60090:7:1570,coco,60090,000000060090.jpg,7,train,train,False,1,1,0.2299498617649078,1.2885,166.4114,201.4327,206.5612,0.0,False,True
coco:60090:7:1570,coco,60090,000000060090.jpg,7,train,train,False,1,2,0.1087400093674659,1.2465,169.9413,135.1122,204.9603,0.0,False,True
coco:60090:7:1570,coco,60090,000000060090.jpg,7,train,train,False,1,3,0.0992743298411369,99.3838,163.1877,201.6499,204.7574,0.0,False,True
coco:60090:7:1570,coco,60090,000000060090.jpg,7,train,train,False,1,4,0.058552611619234,98.9645,163.0124,166.227,205.1441,0.0,False,True
coco:60090:55:1571,coco,60090,000000060090.jpg,55,orange,orange,True,0,0,0.182166501879692,225.3771,98.0236,491.6747,343.4741,0.0,False,True
coco:60090:84:1572,coco,60090,000000060090.jpg,84,book,book,True,0,0,0.1113743856549263,225.5386,97.9898,491.3969,342.8605,0.0,False,True
coco:60090:84:1572,coco,60090,000000060090.jpg,84,book,book,True,0,1,0.0653024688363075,424.0124,55.4362,468.285,100.7447,0.0,False,True
coco:60102:1:1573,coco,60102,000000060102.jpg,1,person,person,False,2,0,0.7536712288856506,0.1655,105.4245,308.3734,359.3876,0.9772703647613524,True,False
coco:60102:1:1573,coco,60102,000000060102.jpg,1,person,person,False,2,1,0.6943947076797485,196.8546,0.5551,631.381,359.2992,0.9927284121513368,True,False
coco:60102:1:1573,coco,60102,000000060102.jpg,1,person,person,False,2,2,0.1345971524715423,2.3142,0.7246,632.4224,359.1498,0.6919353604316711,True,False
coco:60102:1:1573,coco,60102,000000060102.jpg,1,person,person,False,2,3,0.0646411925554275,328.335,148.4802,347.9616,171.8278,0.0029182925354689,False,True
coco:60102:1:1573,coco,60102,000000060102.jpg,1,person,person,False,2,4,0.0641169473528862,97.8466,94.0981,131.0148,123.2871,0.0077046435326337,False,True
coco:60102:1:1573,coco,60102,000000060102.jpg,1,person,person,False,2,5,0.0510419532656669,37.0839,18.5411,149.2931,129.8513,0.0317671969532966,False,True
coco:60102:17:1574,coco,60102,000000060102.jpg,17,cat,cat,True,0,0,0.0886894017457962,36.6529,18.5794,149.5025,130.1656,0.0,False,True
coco:60102:17:1574,coco,60102,000000060102.jpg,17,cat,cat,True,0,1,0.0682142898440361,0.6922,106.1026,309.3455,359.1693,0.0,False,True
coco:60102:20:1575,coco,60102,000000060102.jpg,20,sheep,sheep,True,0,0,0.1301471590995788,36.8196,18.641,149.4754,130.0703,0.0,False,True
coco:60102:20:1575,coco,60102,000000060102.jpg,20,sheep,sheep,True,0,1,0.0665248185396194,0.6853,106.2877,308.5735,359.2907,0.0,False,True
coco:60102:20:1575,coco,60102,000000060102.jpg,20,sheep,sheep,True,0,2,0.065136894583702,196.5731,0.5996,631.5051,358.7641,0.0,False,True
coco:60102:20:1575,coco,60102,000000060102.jpg,20,sheep,sheep,True,0,3,0.0524497628211975,2.279,0.2196,633.3992,358.9654,0.0,False,True
coco:61108:3:1609,coco,61108,000000061108.jpg,3,car,car,False,4,0,0.4527775645256042,463.049,2.8667,489.9313,26.3983,0.9096177220344543,True,False
coco:61108:3:1609,coco,61108,000000061108.jpg,3,car,car,False,4,1,0.3721227943897247,549.4965,5.871,584.7905,21.4274,0.532817542552948,True,False
coco:61108:3:1609,coco,61108,000000061108.jpg,3,car,car,False,4,2,0.3606779277324676,490.5208,5.6936,512.7853,19.2829,0.6520771980285645,True,False
coco:61108:3:1609,coco,61108,000000061108.jpg,3,car,car,False,4,3,0.2951918542385101,443.338,2.815,490.1824,26.6816,0.5400784015655518,True,False
coco:61108:3:1609,coco,61108,000000061108.jpg,3,car,car,False,4,4,0.28090500831604,508.3776,1.5352,530.7476,15.6869,0.0061540659517049,False,True
coco:61108:3:1609,coco,61108,000000061108.jpg,3,car,car,False,4,5,0.1680840104818344,528.8632,6.7155,547.6171,19.7261,0.6636329889297485,True,False
coco:61108:3:1609,coco,61108,000000061108.jpg,3,car,car,False,4,6,0.1633777469396591,220.8913,0.3002,308.95,33.2326,0.0,False,True
coco:61108:3:1609,coco,61108,000000061108.jpg,3,car,car,False,4,7,0.1615200638771057,627.584,15.6998,639.8244,39.0305,0.0,False,True
coco:61108:3:1609,coco,61108,000000061108.jpg,3,car,car,False,4,8,0.160754457116127,426.1405,5.7002,449.6211,25.0118,0.0,False,True
coco:61108:3:1609,coco,61108,000000061108.jpg,3,car,car,False,4,9,0.1597334593534469,441.1959,6.6625,451.8655,24.3694,0.0,False,True
coco:61108:3:1609,coco,61108,000000061108.jpg,3,car,car,False,4,10,0.1550280600786209,587.0091,14.65,639.7658,37.9158,0.0,False,True
coco:61108:3:1609,coco,61108,000000061108.jpg,3,car,car,False,4,11,0.1398359537124633,529.9573,4.6894,585.0801,21.2403,0.3288504183292389,False,True
coco:61108:3:1609,coco,61108,000000061108.jpg,3,car,car,False,4,12,0.1327444314956665,627.8827,15.7598,639.7266,31.8633,0.0,False,True
coco:61108:3:1609,coco,61108,000000061108.jpg,3,car,car,False,4,13,0.1208781898021698,352.0842,0.5303,444.6732,27.5949,0.0,False,True
coco:61108:3:1609,coco,61108,000000061108.jpg,3,car,car,False,4,14,0.115430936217308,386.1588,0.6714,444.3397,26.5108,0.0,False,True
coco:61108:3:1609,coco,61108,000000061108.jpg,3,car,car,False,4,15,0.1056980267167091,425.5638,7.4363,442.982,25.8909,0.0,False,True
coco:61108:3:1609,coco,61108,000000061108.jpg,3,car,car,False,4,16,0.104948803782463,483.2617,11.0546,490.2342,24.6273,0.1300591230392456,False,True
coco:61108:3:1609,coco,61108,000000061108.jpg,3,car,car,False,4,17,0.0926627740263938,490.3014,1.9553,530.868,19.0337,0.3097442984580993,False,True
coco:61108:3:1609,coco,61108,000000061108.jpg,3,car,car,False,4,18,0.0915981829166412,426.0927,6.5478,440.6529,18.1123,0.0,False,True
coco:61108:3:1609,coco,61108,000000061108.jpg,3,car,car,False,4,19,0.0896236598491668,490.1378,6.0429,501.7095,18.7869,0.604592502117157,True,False
coco:61108:3:1609,coco,61108,000000061108.jpg,3,car,car,False,4,20,0.0886965692043304,352.33,3.329,405.4197,27.4874,0.0,False,True
coco:61108:3:1609,coco,61108,000000061108.jpg,3,car,car,False,4,21,0.0845896303653717,223.715,0.1839,281.0615,15.2708,0.0,False,True
coco:61108:3:1609,coco,61108,000000061108.jpg,3,car,car,False,4,22,0.0789213255047798,586.0345,16.714,600.7612,32.4245,0.0015085181221365,False,True
coco:61108:3:1609,coco,61108,000000061108.jpg,3,car,car,False,4,23,0.0782214477658271,425.8773,1.8318,447.8477,17.8127,0.0,False,True
coco:61108:3:1609,coco,61108,000000061108.jpg,3,car,car,False,4,24,0.0769884958863258,194.2297,0.377,239.8933,15.8292,0.0,False,True
coco:61108:3:1609,coco,61108,000000061108.jpg,3,car,car,False,4,25,0.0665086954832077,194.4225,0.2501,279.1593,35.2585,0.0,False,True
coco:61108:3:1609,coco,61108,000000061108.jpg,3,car,car,False,4,26,0.0657988712191581,342.7102,10.1799,369.2513,28.4385,0.0,False,True
coco:61108:3:1609,coco,61108,000000061108.jpg,3,car,car,False,4,27,0.065282329916954,222.2268,0.171,281.2073,31.6925,0.0,False,True
coco:61108:3:1609,coco,61108,000000061108.jpg,3,car,car,False,4,28,0.0645927116274833,194.329,1.249,245.1557,35.5781,0.0,False,True
coco:61108:3:1609,coco,61108,000000061108.jpg,3,car,car,False,4,29,0.0644994601607322,195.3992,0.442,311.2362,48.6485,0.0,False,True
coco:61108:3:1609,coco,61108,000000061108.jpg,3,car,car,False,4,30,0.0644694715738296,123.6208,124.0965,638.0057,478.137,0.0,False,True
coco:61108:3:1609,coco,61108,000000061108.jpg,3,car,car,False,4,31,0.0642704293131828,195.0324,0.2088,368.9595,35.5791,0.0,False,True
coco:61108:3:1609,coco,61108,000000061108.jpg,3,car,car,False,4,32,0.0637296140193939,406.8799,7.5474,442.6681,26.2394,0.0,False,True
coco:61108:3:1609,coco,61108,000000061108.jpg,3,car,car,False,4,33,0.0597157441079616,194.0004,0.3269,213.9717,15.1273,0.0,False,True
coco:61108:3:1609,coco,61108,000000061108.jpg,3,car,car,False,4,34,0.0579595491290092,530.4282,4.1159,563.2717,19.7899,0.5323253273963928,True,False
coco:61108:3:1609,coco,61108,000000061108.jpg,3,car,car,False,4,35,0.0545149333775043,586.1296,2.5284,639.7681,39.3037,0.000344889354892,False,True
coco:61108:3:1609,coco,61108,000000061108.jpg,3,car,car,False,4,36,0.0537554696202278,627.5323,3.286,639.9688,39.5636,0.0,False,True
coco:61108:24:1610,coco,61108,000000061108.jpg,24,zebra,zebra,True,0,0,0.1276599466800689,118.7738,127.1659,636.877,477.9235,0.0,False,True
coco:61108:24:1610,coco,61108,000000061108.jpg,24,zebra,zebra,True,0,1,0.0944976210594177,119.6967,178.5177,223.622,301.3694,0.0,False,True
coco:61108:24:1610,coco,61108,000000061108.jpg,24,zebra,zebra,True,0,2,0.0814736410975456,117.379,181.2719,262.5378,364.4424,0.0,False,True
coco:61108:24:1610,coco,61108,000000061108.jpg,24,zebra,zebra,True,0,3,0.0529208406805992,1.8638,0.5246,638.4255,479.0841,0.0,False,True
coco:61108:87:1611,coco,61108,000000061108.jpg,87,scissors,scissors,True,0,0,0.083389788866043,117.8472,123.4868,635.9089,477.8204,0.0,False,True
coco:61108:87:1611,coco,61108,000000061108.jpg,87,scissors,scissors,True,0,1,0.0519327484071254,118.2728,212.2347,262.7527,364.6371,0.0,False,True
coco:62025:70:1639,coco,62025,000000062025.jpg,70,toilet,toilet,False,1,0,0.5589097142219543,43.7701,535.7616,207.9005,639.4415,0.90200674533844,True,False
coco:62025:70:1639,coco,62025,000000062025.jpg,70,toilet,toilet,False,1,1,0.2596698105335235,28.9499,462.6234,207.928,639.4342,0.4977842569351196,False,True
coco:62025:70:1639,coco,62025,000000062025.jpg,70,toilet,toilet,False,1,2,0.066891573369503,19.7361,355.6314,207.7524,639.1911,0.2954524457454681,False,True
coco:62025:70:1639,coco,62025,000000062025.jpg,70,toilet,toilet,False,1,3,0.0522685460746288,28.5753,462.2932,89.2141,540.0945,0.0089872702956199,False,True
coco:62025:89:1640,coco,62025,000000062025.jpg,89,hair drier,hair drier,True,0,0,0.1874791979789734,28.2021,462.1031,90.4625,540.4951,0.0,False,True
coco:62025:89:1640,coco,62025,000000062025.jpg,89,hair drier,hair drier,True,0,1,0.1091495603322982,201.104,285.7781,222.6861,304.8434,0.0,False,True
coco:62025:89:1640,coco,62025,000000062025.jpg,89,hair drier,hair drier,True,0,2,0.103909395635128,191.3963,350.6885,374.2497,457.1577,0.0,False,True
coco:62025:89:1640,coco,62025,000000062025.jpg,89,hair drier,hair drier,True,0,3,0.083420917391777,43.8963,536.0059,207.9919,639.3043,0.0,False,True
coco:62025:89:1640,coco,62025,000000062025.jpg,89,hair drier,hair drier,True,0,4,0.0759020000696182,1.3695,2.6002,220.4671,253.8781,0.0,False,True
coco:62025:89:1640,coco,62025,000000062025.jpg,89,hair drier,hair drier,True,0,5,0.063921995460987,192.0538,279.7103,222.3754,305.4889,0.0,False,True
coco:62025:89:1640,coco,62025,000000062025.jpg,89,hair drier,hair drier,True,0,6,0.0526788383722305,189.3177,279.6171,250.1539,315.5132,0.0,False,True
coco:62025:89:1640,coco,62025,000000062025.jpg,89,hair drier,hair drier,True,0,7,0.0510737374424934,142.6567,68.9899,178.0961,120.8162,0.0,False,True
coco:62025:55:1641,coco,62025,000000062025.jpg,55,orange,orange,True,0,0,0.078301265835762,191.7698,357.662,373.8663,456.2593,0.0,False,True
coco:62025:55:1641,coco,62025,000000062025.jpg,55,orange,orange,True,0,1,0.0681652724742889,1.114,2.0277,231.5964,253.8678,0.0,False,True
coco:62025:55:1641,coco,62025,000000062025.jpg,55,orange,orange,True,0,2,0.0516242161393165,44.2038,536.3076,208.0059,639.1139,0.0,False,True
coco:62692:43:1651,coco,62692,000000062692.jpg,43,tennis racket,tennis racket,False,2,0,0.1695827543735504,73.516,394.7926,214.1133,499.1646,0.028091287240386,False,True
coco:62692:43:1651,coco,62692,000000062692.jpg,43,tennis racket,tennis racket,False,2,1,0.1331066638231277,104.9275,285.942,293.2932,546.9464,0.0091114453971385,False,True
coco:62692:43:1651,coco,62692,000000062692.jpg,43,tennis racket,tennis racket,False,2,2,0.1149692833423614,73.6652,433.8788,136.8556,499.2359,0.0,False,True
coco:62692:43:1651,coco,62692,000000062692.jpg,43,tennis racket,tennis racket,False,2,3,0.1094580218195915,190.391,394.7416,214.0704,414.2566,0.6765804290771484,True,False
coco:62692:43:1651,coco,62692,000000062692.jpg,43,tennis racket,tennis racket,False,2,4,0.084353968501091,17.3896,441.3102,101.4674,496.7009,0.0,False,True
coco:62692:43:1651,coco,62692,000000062692.jpg,43,tennis racket,tennis racket,False,2,5,0.0559853911399841,18.8832,433.1267,136.7446,499.1301,0.0,False,True
coco:62692:11:1653,coco,62692,000000062692.jpg,11,fire hydrant,fire hydrant,True,0,0,0.1514179408550262,105.1363,286.0976,293.2105,547.1707,0.0,False,True
coco:63740:76:1669,coco,63740,000000063740.jpg,76,keyboard,keyboard,False,2,0,0.8923627734184265,229.2178,330.235,593.1237,410.1996,0.9595186710357666,True,False
coco:63740:76:1669,coco,63740,000000063740.jpg,76,keyboard,keyboard,False,2,1,0.0691031292080879,282.9481,121.7776,324.3717,133.8225,0.0,False,True
coco:63740:76:1669,coco,63740,000000063740.jpg,76,keyboard,keyboard,False,2,2,0.0529449917376041,206.7798,29.2782,410.0257,211.421,0.0011595038231462,False,True
coco:63740:76:1669,coco,63740,000000063740.jpg,76,keyboard,keyboard,False,2,3,0.0517790392041206,50.2417,213.2669,78.7146,228.8913,0.0,False,True
coco:63740:37:1670,coco,63740,000000063740.jpg,37,sports ball,sports ball,True,0,0,0.0797718539834022,263.7146,292.945,307.0862,331.4602,0.0,False,True
coco:63740:37:1670,coco,63740,000000063740.jpg,37,sports ball,sports ball,True,0,1,0.0595757588744163,229.6114,330.8627,592.871,409.8484,0.0,False,True
coco:63740:3:1671,coco,63740,000000063740.jpg,3,car,car,True,0,0,0.0927141681313514,270.0082,256.3598,330.0327,311.0348,0.0,False,True
coco:63740:3:1671,coco,63740,000000063740.jpg,3,car,car,True,0,1,0.078139379620552,76.4801,151.9239,125.8787,178.7262,0.0,False,True
coco:63740:3:1671,coco,63740,000000063740.jpg,3,car,car,True,0,2,0.0750148817896843,116.1234,290.9013,174.5934,364.6702,0.0,False,True
coco:63740:3:1671,coco,63740,000000063740.jpg,3,car,car,True,0,3,0.0691419094800949,391.3895,50.8426,615.8712,254.1987,0.0,False,True
coco:63740:3:1671,coco,63740,000000063740.jpg,3,car,car,True,0,4,0.0655544474720954,65.4592,151.9917,125.9895,185.2199,0.0,False,True
coco:63740:3:1671,coco,63740,000000063740.jpg,3,car,car,True,0,5,0.0649490356445312,247.0649,105.4285,281.679,125.1742,0.0,False,True
coco:63740:3:1671,coco,63740,000000063740.jpg,3,car,car,True,0,6,0.0646316483616828,46.722,160.7997,109.516,187.1176,0.0,False,True
coco:63740:3:1671,coco,63740,000000063740.jpg,3,car,car,True,0,7,0.0622842349112033,281.1228,108.9734,301.5929,120.9102,0.0,False,True
coco:63740:3:1671,coco,63740,000000063740.jpg,3,car,car,True,0,8,0.0571182407438755,155.6068,237.6714,183.9666,273.1039,0.0,False,True
coco:63740:3:1671,coco,63740,000000063740.jpg,3,car,car,True,0,9,0.0570519119501113,437.5167,83.4258,516.9775,177.59,0.0,False,True
coco:63740:3:1671,coco,63740,000000063740.jpg,3,car,car,True,0,10,0.0568395480513572,206.3091,29.2103,410.2286,314.6499,0.0,False,True
coco:63740:3:1671,coco,63740,000000063740.jpg,3,car,car,True,0,11,0.0540213622152805,135.3615,234.3348,203.1138,293.0993,0.0,False,True
coco:63740:3:1671,coco,63740,000000063740.jpg,3,car,car,True,0,12,0.0533611848950386,64.8192,160.7412,109.4891,185.6837,0.0,False,True
coco:63965:50:1672,coco,63965,000000063965.jpg,50,spoon,spoon,False,1,0,0.4569025337696075,62.8557,180.5296,525.113,297.529,0.1693505048751831,False,True
coco:63965:50:1672,coco,63965,000000063965.jpg,50,spoon,spoon,False,1,1,0.2160583734512329,62.2131,180.3177,164.4398,272.3745,0.9727339148521424,True,False
coco:63965:50:1672,coco,63965,000000063965.jpg,50,spoon,spoon,False,1,2,0.2114028036594391,62.2911,180.1619,247.4374,295.9005,0.427426129579544,False,True
coco:63965:50:1672,coco,63965,000000063965.jpg,50,spoon,spoon,False,1,3,0.1738054752349853,182.2595,219.4063,524.7711,297.6942,0.0,False,True
coco:63965:50:1672,coco,63965,000000063965.jpg,50,spoon,spoon,False,1,4,0.0860153064131736,183.1493,220.2565,475.9496,276.3726,0.0,False,True
coco:63965:50:1672,coco,63965,000000063965.jpg,50,spoon,spoon,False,1,5,0.0647663697600364,182.77,220.7997,244.1925,267.8105,0.0,False,True
coco:63965:50:1672,coco,63965,000000063965.jpg,50,spoon,spoon,False,1,6,0.0635761022567749,304.7545,118.559,442.4043,182.5805,0.0,False,True
coco:63965:50:1672,coco,63965,000000063965.jpg,50,spoon,spoon,False,1,7,0.0633414313197135,196.7309,118.4674,474.5853,275.7249,0.0,False,True
coco:63965:50:1672,coco,63965,000000063965.jpg,50,spoon,spoon,False,1,8,0.0605995170772075,63.339,118.6382,526.2418,298.4202,0.1097661629319191,False,True
coco:63965:50:1672,coco,63965,000000063965.jpg,50,spoon,spoon,False,1,9,0.0521998256444931,62.1061,180.4532,365.22,274.1675,0.3224349915981293,False,True
coco:63965:77:1673,coco,63965,000000063965.jpg,77,cell phone,cell phone,True,0,0,0.2821467220783233,182.5763,219.2248,525.0496,298.431,0.0,False,True
coco:63965:77:1673,coco,63965,000000063965.jpg,77,cell phone,cell phone,True,0,1,0.1831926107406616,204.8225,118.4907,472.8012,276.7543,0.0,False,True
coco:63965:77:1673,coco,63965,000000063965.jpg,77,cell phone,cell phone,True,0,2,0.1627817153930664,62.8258,180.1419,525.0339,298.9641,0.0,False,True
coco:63965:77:1673,coco,63965,000000063965.jpg,77,cell phone,cell phone,True,0,3,0.1069767922163009,62.1194,180.3291,162.6369,272.1855,0.0,False,True
coco:63965:77:1673,coco,63965,000000063965.jpg,77,cell phone,cell phone,True,0,4,0.1034696921706199,182.6437,118.0701,525.0178,298.1247,0.0,False,True
coco:63965:77:1673,coco,63965,000000063965.jpg,77,cell phone,cell phone,True,0,5,0.0878331810235977,304.5661,118.4968,442.2803,182.8652,0.0,False,True
coco:63965:77:1673,coco,63965,000000063965.jpg,77,cell phone,cell phone,True,0,6,0.058672621846199,2.1543,0.487,638.0441,426.4893,0.0,False,True
coco:63965:77:1673,coco,63965,000000063965.jpg,77,cell phone,cell phone,True,0,7,0.0517581477761268,183.046,221.0801,243.4255,266.062,0.0,False,True
coco:63965:77:1673,coco,63965,000000063965.jpg,77,cell phone,cell phone,True,0,8,0.0511409491300582,61.9885,180.1712,248.0025,295.9767,0.0,False,True
coco:63965:13:1674,coco,63965,000000063965.jpg,13,stop sign,stop sign,True,0,0,0.1329554170370102,206.6524,118.2597,472.7099,276.7419,0.0,False,True
coco:63965:13:1674,coco,63965,000000063965.jpg,13,stop sign,stop sign,True,0,1,0.1007484123110771,184.3781,117.5005,525.184,298.2117,0.0,False,True
coco:63965:13:1674,coco,63965,000000063965.jpg,13,stop sign,stop sign,True,0,2,0.0968622490763664,304.3824,118.433,442.2854,183.0779,0.0,False,True
coco:63965:13:1674,coco,63965,000000063965.jpg,13,stop sign,stop sign,True,0,3,0.0651431679725647,2.7395,0.0072,637.7035,426.8816,0.0,False,True
coco:63965:13:1674,coco,63965,000000063965.jpg,13,stop sign,stop sign,True,0,4,0.0509245581924915,303.4818,118.4495,471.4231,274.9668,0.0,False,True
coco:63965:13:1674,coco,63965,000000063965.jpg,13,stop sign,stop sign,True,0,5,0.050684917718172,183.9456,220.0761,525.0266,297.9811,0.0,False,True
coco:64718:43:1695,coco,64718,000000064718.jpg,43,tennis racket,tennis racket,False,1,0,0.4708302915096283,63.3326,123.4222,143.7899,268.7728,0.942664623260498,True,False
coco:64718:43:1695,coco,64718,000000064718.jpg,43,tennis racket,tennis racket,False,1,1,0.1592440158128738,118.679,41.8287,432.6774,462.7997,0.0248756501823663,False,True
coco:64718:43:1695,coco,64718,000000064718.jpg,43,tennis racket,tennis racket,False,1,2,0.1201794743537902,324.5844,55.5203,350.6972,80.395,0.0,False,True
coco:64718:43:1695,coco,64718,000000064718.jpg,43,tennis racket,tennis racket,False,1,3,0.0996457561850547,324.4706,0.3893,350.2811,80.6541,0.0,False,True
coco:64718:43:1695,coco,64718,000000064718.jpg,43,tennis racket,tennis racket,False,1,4,0.0795942544937133,131.9481,252.8272,143.5087,269.1431,0.0121489102020859,False,True
coco:64718:43:1695,coco,64718,000000064718.jpg,43,tennis racket,tennis racket,False,1,5,0.0620596669614315,46.4419,106.8641,190.2065,293.6057,0.4106256067752838,False,True
coco:64718:43:1695,coco,64718,000000064718.jpg,43,tennis racket,tennis racket,False,1,6,0.0585810206830501,328.5987,0.2991,343.8909,58.7741,0.0,False,True
coco:64718:43:1695,coco,64718,000000064718.jpg,43,tennis racket,tennis racket,False,1,7,0.0565031990408897,63.6045,123.44,120.3612,214.7838,0.449833869934082,False,True
coco:64718:28:1696,coco,64718,000000064718.jpg,28,umbrella,umbrella,True,0,0,0.1781167984008789,63.6306,123.7818,143.5307,267.9487,0.0,False,True
coco:64718:28:1696,coco,64718,000000064718.jpg,28,umbrella,umbrella,True,0,1,0.0778146460652351,324.6477,55.4546,350.7593,80.4607,0.0,False,True
coco:64718:28:1696,coco,64718,000000064718.jpg,28,umbrella,umbrella,True,0,2,0.0710432827472686,328.262,0.2019,344.5152,58.3383,0.0,False,True
coco:64718:28:1696,coco,64718,000000064718.jpg,28,umbrella,umbrella,True,0,3,0.0509444959461689,118.8215,0.7387,433.5202,462.4276,0.0,False,True
coco:66038:28:1725,coco,66038,000000066038.jpg,28,umbrella,umbrella,False,4,0,0.7613692283630371,329.2518,157.1339,517.175,340.8966,0.9740718603134156,True,False
coco:66038:28:1725,coco,66038,000000066038.jpg,28,umbrella,umbrella,False,4,1,0.7147794365882874,157.9672,155.8652,345.4365,335.4659,0.8740872144699097,True,False
coco:66038:28:1725,coco,66038,000000066038.jpg,28,umbrella,umbrella,False,4,2,0.711214005947113,62.2105,159.6028,182.9635,289.4778,0.3561522662639618,False,True
coco:66038:28:1725,coco,66038,000000066038.jpg,28,umbrella,umbrella,False,4,3,0.683980405330658,469.0333,162.2077,603.7082,284.688,0.9317411184310912,True,False
coco:66038:28:1725,coco,66038,000000066038.jpg,28,umbrella,umbrella,False,4,4,0.2867403030395508,133.9412,196.0007,219.606,227.0207,0.0696499124169349,False,True
coco:66038:28:1725,coco,66038,000000066038.jpg,28,umbrella,umbrella,False,4,5,0.2794853150844574,134.0078,194.3691,269.2278,293.7602,0.3526977896690368,False,True
coco:66038:28:1725,coco,66038,000000066038.jpg,28,umbrella,umbrella,False,4,6,0.2237207442522049,134.6669,194.7985,277.7656,335.5791,0.5295386910438538,True,False
coco:66038:28:1725,coco,66038,000000066038.jpg,28,umbrella,umbrella,False,4,7,0.2027995884418487,133.8556,190.2975,297.616,226.5886,0.1558706015348434,False,True
coco:66038:28:1725,coco,66038,000000066038.jpg,28,umbrella,umbrella,False,4,8,0.1907063126564026,219.2946,189.3622,298.4319,259.6763,0.1462656706571579,False,True
coco:66038:28:1725,coco,66038,000000066038.jpg,28,umbrella,umbrella,False,4,9,0.1822411715984344,218.8456,190.0425,297.6318,296.4897,0.2204468846321106,False,True
coco:66038:28:1725,coco,66038,000000066038.jpg,28,umbrella,umbrella,False,4,10,0.1702605187892913,133.7801,193.7974,257.6458,265.9597,0.2340402007102966,False,True
coco:66038:28:1725,coco,66038,000000066038.jpg,28,umbrella,umbrella,False,4,11,0.1431917250156402,133.9055,195.0292,221.5183,267.1008,0.1653942614793777,False,True
coco:66038:28:1725,coco,66038,000000066038.jpg,28,umbrella,umbrella,False,4,12,0.1298202872276306,219.0349,190.0617,298.7368,214.3457,0.0508754178881645,False,True
coco:66038:28:1725,coco,66038,000000066038.jpg,28,umbrella,umbrella,False,4,13,0.1202409341931343,134.2223,156.131,345.3658,226.7052,0.3846279084682464,False,True
coco:66038:28:1725,coco,66038,000000066038.jpg,28,umbrella,umbrella,False,4,14,0.1199949085712432,162.1425,155.7874,345.3265,260.7911,0.4965068995952606,False,True
coco:66038:28:1725,coco,66038,000000066038.jpg,28,umbrella,umbrella,False,4,15,0.1133277863264083,159.2644,193.9094,257.056,256.6734,0.16133613884449,False,True
coco:66038:28:1725,coco,66038,000000066038.jpg,28,umbrella,umbrella,False,4,16,0.1045498922467231,235.3404,238.199,268.8196,292.3423,0.0476473681628704,False,True
coco:66038:28:1725,coco,66038,000000066038.jpg,28,umbrella,umbrella,False,4,17,0.1040485054254531,234.7691,228.9604,275.821,335.7542,0.1152388975024223,False,True
coco:66038:28:1725,coco,66038,000000066038.jpg,28,umbrella,umbrella,False,4,18,0.0987725481390953,62.3398,159.8512,182.9169,207.9753,0.9482924938201904,True,False
coco:66038:28:1725,coco,66038,000000066038.jpg,28,umbrella,umbrella,False,4,19,0.09854007512331,196.3506,156.8468,300.712,298.5436,0.3879304528236389,False,True
coco:66038:28:1725,coco,66038,000000066038.jpg,28,umbrella,umbrella,False,4,20,0.0971631333231926,329.066,157.4718,516.4933,205.0538,0.2583030164241791,False,True
coco:66038:28:1725,coco,66038,000000066038.jpg,28,umbrella,umbrella,False,4,21,0.0953736379742622,218.8708,194.089,271.097,297.9171,0.1425351202487945,False,True
coco:66038:28:1725,coco,66038,000000066038.jpg,28,umbrella,umbrella,False,4,22,0.0892193168401718,158.022,189.9789,296.6661,256.6601,0.2430098354816436,False,True
coco:66038:28:1725,coco,66038,000000066038.jpg,28,umbrella,umbrella,False,4,23,0.0885079503059387,8.1477,360.1961,46.8489,386.8554,0.0,False,True
coco:66038:28:1725,coco,66038,000000066038.jpg,28,umbrella,umbrella,False,4,24,0.0884831249713897,161.2309,189.0597,298.9919,215.6045,0.0961223617196083,False,True
coco:66038:28:1725,coco,66038,000000066038.jpg,28,umbrella,umbrella,False,4,25,0.0879218578338623,220.141,195.4454,276.4915,335.4314,0.2073488533496856,False,True
coco:66038:28:1725,coco,66038,000000066038.jpg,28,umbrella,umbrella,False,4,26,0.0865270793437957,219.3308,194.8971,259.1558,260.0009,0.0681525021791458,False,True
coco:66038:28:1725,coco,66038,000000066038.jpg,28,umbrella,umbrella,False,4,27,0.0803885161876678,196.3159,156.0822,345.0761,207.5222,0.1966156512498855,False,True
coco:66038:28:1725,coco,66038,000000066038.jpg,28,umbrella,umbrella,False,4,28,0.0802276730537414,468.9691,162.7356,603.5975,212.6191,0.3772656917572021,False,True
coco:66038:28:1725,coco,66038,000000066038.jpg,28,umbrella,umbrella,False,4,29,0.0771968215703964,196.3413,156.5962,307.3097,214.0293,0.1659819334745407,False,True
coco:66038:28:1725,coco,66038,000000066038.jpg,28,umbrella,umbrella,False,4,30,0.072716511785984,133.6174,194.9416,178.7105,226.521,0.0758906006813049,False,True
coco:66038:28:1725,coco,66038,000000066038.jpg,28,umbrella,umbrella,False,4,31,0.0669223740696907,470.6718,189.5013,603.2466,212.3713,0.1759334355592727,False,True
coco:66038:28:1725,coco,66038,000000066038.jpg,28,umbrella,umbrella,False,4,32,0.0593554638326168,91.782,183.3192,166.5762,207.2659,0.2961789071559906,False,True
coco:66038:28:1725,coco,66038,000000066038.jpg,28,umbrella,umbrella,False,4,33,0.0590370930731296,133.9091,174.2415,219.9501,226.9015,0.1816704124212265,False,True
coco:66038:28:1725,coco,66038,000000066038.jpg,28,umbrella,umbrella,False,4,34,0.0556715317070484,219.2898,195.7298,257.8594,214.4326,0.0189614221453666,False,True
coco:66038:28:1725,coco,66038,000000066038.jpg,28,umbrella,umbrella,False,4,35,0.0555004402995109,213.9088,156.6571,304.6952,259.1757,0.2434825152158737,False,True
coco:66038:28:1725,coco,66038,000000066038.jpg,28,umbrella,umbrella,False,4,36,0.053627073764801,159.324,193.6789,256.4128,217.3795,0.0604849494993686,False,True
coco:66926:60:1758,coco,66926,000000066926.jpg,60,donut,donut,False,12,0,0.8321975469589233,0.3725,139.4207,320.5081,427.019,0.9837746620178224,True,False
coco:66926:60:1758,coco,66926,000000066926.jpg,60,donut,donut,False,12,1,0.8187441825866699,150.5073,198.8383,639.6803,479.2805,0.9667080640792848,True,False
coco:66926:60:1758,coco,66926,000000066926.jpg,60,donut,donut,False,12,2,0.8185224533081055,451.6765,44.7747,639.3925,228.1207,0.9753400087356568,True,False
coco:66926:60:1758,coco,66926,000000066926.jpg,60,donut,donut,False,12,3,0.8136386275291443,230.5838,38.2287,500.4344,212.905,0.9332998394966124,True,False
coco:66926:60:1758,coco,66926,000000066926.jpg,60,donut,donut,False,12,4,0.7798764705657959,103.8075,31.9637,305.0242,154.569,0.9692382216453552,True,False
coco:66926:60:1758,coco,66926,000000066926.jpg,60,donut,donut,False,12,5,0.7403354644775391,7.9802,40.445,170.2056,126.0983,0.9412433505058287,True,False
coco:66926:60:1758,coco,66926,000000066926.jpg,60,donut,donut,False,12,6,0.7132965326309204,0.2902,119.6721,137.2285,220.5555,0.9380375146865844,True,False
coco:66926:60:1758,coco,66926,000000066926.jpg,60,donut,donut,False,12,7,0.6583033800125122,357.5972,0.159,549.2089,61.8897,0.8199872374534607,True,False
coco:66926:60:1758,coco,66926,000000066926.jpg,60,donut,donut,False,12,8,0.5666587352752686,542.6847,0.1572,639.4909,52.4363,0.4051300883293152,False,True
coco:66926:60:1758,coco,66926,000000066926.jpg,60,donut,donut,False,12,9,0.5209463834762573,147.623,0.1037,368.0266,62.6408,0.5681244730949402,True,False
coco:66926:60:1758,coco,66926,000000066926.jpg,60,donut,donut,False,12,10,0.4794581830501556,0.0352,99.1752,36.9563,137.9744,0.7315788865089417,True,False
coco:66926:60:1758,coco,66926,000000066926.jpg,60,donut,donut,False,12,11,0.3339382708072662,241.1604,0.2022,367.4221,62.1266,0.9037905335426332,True,False
coco:66926:60:1758,coco,66926,000000066926.jpg,60,donut,donut,False,12,12,0.3015419542789459,147.1881,0.0322,257.0127,51.612,0.8622784614562988,True,False
coco:66926:60:1758,coco,66926,000000066926.jpg,60,donut,donut,False,12,13,0.1395469009876251,357.3912,0.1857,639.2449,61.2227,0.5951074957847595,True,False
coco:66926:60:1758,coco,66926,000000066926.jpg,60,donut,donut,False,12,14,0.1345887631177902,147.1942,0.1381,306.8055,51.4614,0.594261646270752,True,False
coco:66926:60:1758,coco,66926,000000066926.jpg,60,donut,donut,False,12,15,0.1304191946983337,0.1517,99.1623,37.098,191.1112,0.3611242473125458,False,True
coco:66926:60:1758,coco,66926,000000066926.jpg,60,donut,donut,False,12,16,0.0941993221640586,0.661,2.1881,639.4308,477.3729,0.4367417097091675,False,True
coco:66926:60:1758,coco,66926,000000066926.jpg,60,donut,donut,False,12,17,0.0930306836962699,147.5134,0.4986,549.7771,63.852,0.4361311495304107,False,True
coco:66926:60:1758,coco,66926,000000066926.jpg,60,donut,donut,False,12,18,0.0644519850611686,448.5004,174.5019,460.924,199.3421,0.0070986659266054,False,True
coco:66926:60:1758,coco,66926,000000066926.jpg,60,donut,donut,False,12,19,0.0641981661319732,0.1375,0.0874,50.5195,17.5111,0.0,False,True
coco:66926:60:1758,coco,66926,000000066926.jpg,60,donut,donut,False,12,20,0.0535545982420444,490.9252,0.3545,639.2358,73.0087,0.869141161441803,True,False
coco:66926:70:1759,coco,66926,000000066926.jpg,70,toilet,toilet,True,0,0,0.2093912065029144,0.9141,0.1398,639.0994,479.6464,0.0,False,True
coco:66926:70:1759,coco,66926,000000066926.jpg,70,toilet,toilet,True,0,1,0.1769048124551773,150.8121,199.1629,639.3226,479.0949,0.0,False,True
coco:66926:70:1759,coco,66926,000000066926.jpg,70,toilet,toilet,True,0,2,0.0814356431365013,8.1756,40.608,170.3926,127.2172,0.0,False,True
coco:66926:70:1759,coco,66926,000000066926.jpg,70,toilet,toilet,True,0,3,0.0744736194610595,357.9096,0.0245,548.3474,61.9097,0.0,False,True
coco:66926:70:1759,coco,66926,000000066926.jpg,70,toilet,toilet,True,0,4,0.0723981112241745,0.5152,138.8863,319.8529,427.026,0.0,False,True
coco:66926:70:1759,coco,66926,000000066926.jpg,70,toilet,toilet,True,0,5,0.0719876140356063,230.5643,38.7684,499.8614,212.4041,0.0,False,True
coco:66926:70:1759,coco,66926,000000066926.jpg,70,toilet,toilet,True,0,6,0.0684992969036102,452.1652,45.3857,639.0577,227.8454,0.0,False,True
coco:66926:70:1759,coco,66926,000000066926.jpg,70,toilet,toilet,True,0,7,0.0660848692059516,148.0078,-0.0244,366.6406,62.1823,0.0,False,True
coco:66926:70:1759,coco,66926,000000066926.jpg,70,toilet,toilet,True,0,8,0.0642487034201622,104.1846,32.5319,304.8037,154.5408,0.0,False,True
coco:66926:70:1759,coco,66926,000000066926.jpg,70,toilet,toilet,True,0,9,0.0568094067275524,542.5551,0.3507,638.944,52.6312,0.0,False,True
coco:66926:70:1759,coco,66926,000000066926.jpg,70,toilet,toilet,True,0,10,0.0564786717295646,0.3704,119.943,136.846,219.484,0.0,False,True
coco:66926:17:1760,coco,66926,000000066926.jpg,17,cat,cat,True,0,0,0.1331336349248886,150.5335,199.1589,639.2391,478.9506,0.0,False,True
coco:66926:17:1760,coco,66926,000000066926.jpg,17,cat,cat,True,0,1,0.1115650683641433,0.6152,138.1324,320.0292,427.16,0.0,False,True
coco:66926:17:1760,coco,66926,000000066926.jpg,17,cat,cat,True,0,2,0.1101074144244194,452.3471,45.2153,639.0537,228.2564,0.0,False,True
coco:66926:17:1760,coco,66926,000000066926.jpg,17,cat,cat,True,0,3,0.1080380454659462,8.1223,40.4086,170.6148,126.644,0.0,False,True
coco:66926:17:1760,coco,66926,000000066926.jpg,17,cat,cat,True,0,4,0.102590873837471,230.5106,38.8051,499.787,212.5402,0.0,False,True
coco:66926:17:1760,coco,66926,000000066926.jpg,17,cat,cat,True,0,5,0.0994436889886856,103.9894,32.5629,304.8669,154.5654,0.0,False,True
coco:66926:17:1760,coco,66926,000000066926.jpg,17,cat,cat,True,0,6,0.0901048183441162,147.7579,-0.0332,365.9349,62.0603,0.0,False,True
coco:66926:17:1760,coco,66926,000000066926.jpg,17,cat,cat,True,0,7,0.0823366269469261,0.5041,119.9754,136.6577,218.9181,0.0,False,True
coco:66926:17:1760,coco,66926,000000066926.jpg,17,cat,cat,True,0,8,0.0728219002485275,357.6724,0.0658,548.3926,61.9068,0.0,False,True
coco:66926:17:1760,coco,66926,000000066926.jpg,17,cat,cat,True,0,9,0.058362353593111,542.6182,0.3676,638.5698,52.7488,0.0,False,True
coco:66926:17:1760,coco,66926,000000066926.jpg,17,cat,cat,True,0,10,0.0526873096823692,1.4042,0.867,638.4241,478.0226,0.0,False,True
coco:66926:17:1760,coco,66926,000000066926.jpg,17,cat,cat,True,0,11,0.0500504188239574,357.6059,0.0302,638.2791,61.7236,0.0,False,True
coco:67310:1:1767,coco,67310,000000067310.jpg,1,person,person,False,5,0,0.8629150986671448,11.9536,97.0515,240.8745,369.7451,0.8948217630386353,True,False
coco:67310:1:1767,coco,67310,000000067310.jpg,1,person,person,False,5,1,0.6961185336112976,185.1144,402.3592,246.6169,527.2187,0.9605324864387512,True,False
coco:67310:1:1767,coco,67310,000000067310.jpg,1,person,person,False,5,2,0.6761989593505859,134.6899,425.3886,200.3931,522.0125,0.7068901062011719,True,False
coco:67310:1:1767,coco,67310,000000067310.jpg,1,person,person,False,5,3,0.4269267320632934,133.0593,432.5581,161.6236,482.4125,0.5071755647659302,True,False
coco:67310:1:1767,coco,67310,000000067310.jpg,1,person,person,False,5,4,0.3649526238441467,132.9334,432.547,162.3202,517.7064,0.8271731734275818,True,False
coco:67310:1:1767,coco,67310,000000067310.jpg,1,person,person,False,5,5,0.3551484048366546,291.3231,357.5261,321.4387,397.4747,0.0,False,True
coco:67310:1:1767,coco,67310,000000067310.jpg,1,person,person,False,5,6,0.3529757559299469,0.0505,410.3278,25.7507,470.679,0.0,False,True
coco:67310:1:1767,coco,67310,000000067310.jpg,1,person,person,False,5,7,0.3275391757488251,186.0954,412.0805,208.6395,446.2416,0.7518010139465332,True,False
coco:67310:1:1767,coco,67310,000000067310.jpg,1,person,person,False,5,8,0.2928238213062286,184.0385,411.9265,210.0294,516.0897,0.337585985660553,False,True
coco:67310:1:1767,coco,67310,000000067310.jpg,1,person,person,False,5,9,0.2288637310266494,148.9732,412.2047,208.5247,521.5746,0.8583189845085144,True,False
coco:67310:1:1767,coco,67310,000000067310.jpg,1,person,person,False,5,10,0.1699609905481338,0.0716,410.3511,45.7817,470.4418,0.0,False,True
coco:67310:1:1767,coco,67310,000000067310.jpg,1,person,person,False,5,11,0.1584474891424179,388.0033,381.1691,408.6343,412.6128,0.0,False,True
coco:67310:1:1767,coco,67310,000000067310.jpg,1,person,person,False,5,12,0.138497993350029,290.8637,357.5043,321.9037,435.285,0.0,False,True
coco:67310:1:1767,coco,67310,000000067310.jpg,1,person,person,False,5,13,0.1218781247735023,185.8675,411.9356,210.0657,469.4209,0.6217041611671448,True,False
coco:67310:1:1767,coco,67310,000000067310.jpg,1,person,person,False,5,14,0.1196220368146896,319.7263,411.2918,334.2202,430.6812,0.0,False,True
coco:67310:1:1767,coco,67310,000000067310.jpg,1,person,person,False,5,15,0.1181332468986511,246.7672,351.08,264.205,396.3166,0.0,False,True
coco:67310:1:1767,coco,67310,000000067310.jpg,1,person,person,False,5,16,0.102463461458683,133.4697,433.0513,152.3164,474.4603,0.2956190407276153,False,True
coco:67310:1:1767,coco,67310,000000067310.jpg,1,person,person,False,5,17,0.1008735671639442,257.4093,439.3152,277.1234,472.3945,0.0,False,True
coco:67310:1:1767,coco,67310,000000067310.jpg,1,person,person,False,5,18,0.0987639278173446,282.128,357.6168,321.8029,459.6387,0.0,False,True
coco:67310:1:1767,coco,67310,000000067310.jpg,1,person,person,False,5,19,0.0966257229447364,0.1198,410.4557,18.1924,439.2333,0.0,False,True
coco:67310:1:1767,coco,67310,000000067310.jpg,1,person,person,False,5,20,0.0941110700368881,149.7593,439.5369,162.6862,457.0447,0.0742731168866157,False,True
coco:67310:1:1767,coco,67310,000000067310.jpg,1,person,person,False,5,21,0.0924571529030799,273.2424,357.5371,321.6904,438.8907,0.0,False,True
coco:67310:1:1767,coco,67310,000000067310.jpg,1,person,person,False,5,22,0.0888693109154701,184.5673,466.1959,206.5184,515.7069,0.1930293887853622,False,True
coco:67310:1:1767,coco,67310,000000067310.jpg,1,person,person,False,5,23,0.0753309354186058,281.7092,432.094,307.4568,460.4454,0.0,False,True
coco:67310:1:1767,coco,67310,000000067310.jpg,1,person,person,False,5,24,0.073288656771183,137.1562,432.6265,160.9855,458.6873,0.2391319870948791,False,True
coco:67310:1:1767,coco,67310,000000067310.jpg,1,person,person,False,5,25,0.0715820044279098,154.6084,425.6048,200.0704,485.4636,0.4833266139030456,False,True
coco:67310:1:1767,coco,67310,000000067310.jpg,1,person,person,False,5,26,0.0708243399858474,245.0703,438.4606,276.341,476.0989,0.0026498427614569,False,True
coco:67310:1:1767,coco,67310,000000067310.jpg,1,person,person,False,5,27,0.0660204291343689,281.2954,398.3793,319.1789,460.9274,0.0,False,True
coco:67310:1:1767,coco,67310,000000067310.jpg,1,person,person,False,5,28,0.0660104230046272,246.0289,405.01,277.2578,474.7685,0.0,False,True
coco:67310:1:1767,coco,67310,000000067310.jpg,1,person,person,False,5,29,0.06280417740345,250.9653,378.7367,275.1645,428.2626,0.0,False,True
coco:67310:1:1767,coco,67310,000000067310.jpg,1,person,person,False,5,30,0.0595882907509803,120.4448,287.289,229.3303,385.3138,0.1533659547567367,False,True
coco:67310:1:1767,coco,67310,000000067310.jpg,1,person,person,False,5,31,0.0592223368585109,145.0924,439.8208,163.0459,477.3098,0.2218241393566131,False,True
coco:67310:1:1767,coco,67310,000000067310.jpg,1,person,person,False,5,32,0.0589412935078144,258.1847,357.5979,321.7772,466.6444,0.0,False,True
coco:67310:1:1767,coco,67310,000000067310.jpg,1,person,person,False,5,33,0.058874987065792,259.3234,438.7378,284.617,467.5464,0.0,False,True
coco:67310:1:1767,coco,67310,000000067310.jpg,1,person,person,False,5,34,0.058016400784254,298.762,407.6687,319.549,435.4486,0.0,False,True
coco:67310:1:1767,coco,67310,000000067310.jpg,1,person,person,False,5,35,0.0579001754522323,0.1323,436.0715,24.558,470.5922,0.0,False,True
coco:67310:1:1767,coco,67310,000000067310.jpg,1,person,person,False,5,36,0.056677009910345,135.0157,402.8278,246.5673,525.9559,0.5328294038772583,True,False
coco:67310:1:1767,coco,67310,000000067310.jpg,1,person,person,False,5,37,0.0566223673522472,271.5256,416.6967,286.9886,439.9868,0.0,False,True
coco:67310:1:1767,coco,67310,000000067310.jpg,1,person,person,False,5,38,0.0564343780279159,44.0318,432.7985,65.2468,455.3693,0.0,False,True
coco:67310:1:1767,coco,67310,000000067310.jpg,1,person,person,False,5,39,0.0563877746462821,258.8117,415.6703,287.6519,467.3535,0.0,False,True
coco:67310:1:1767,coco,67310,000000067310.jpg,1,person,person,False,5,40,0.0559739433228969,151.148,412.2523,207.9443,483.9896,0.5155491232872009,True,False
coco:67310:1:1767,coco,67310,000000067310.jpg,1,person,person,False,5,41,0.0553591847419738,185.8646,411.5669,222.5093,450.9967,0.5464378595352173,True,False
coco:67310:1:1767,coco,67310,000000067310.jpg,1,person,person,False,5,42,0.0545765720307827,244.2358,351.5919,277.1266,475.2757,0.0090271271765232,False,True
coco:67310:1:1767,coco,67310,000000067310.jpg,1,person,person,False,5,43,0.053746435791254,259.8301,439.2446,276.644,451.3797,0.0,False,True
coco:67310:1:1767,coco,67310,000000067310.jpg,1,person,person,False,5,44,0.0509169772267341,246.0096,351.771,265.3336,428.1906,0.0,False,True
coco:67310:1:1767,coco,67310,000000067310.jpg,1,person,person,False,5,45,0.0507570207118988,183.9561,426.6759,200.9734,515.1671,0.2674585282802582,False,True
coco:67310:55:1768,coco,67310,000000067310.jpg,55,orange,orange,True,0,0,0.0919267907738685,120.8446,287.3322,229.0706,385.2888,0.0,False,True
coco:67310:55:1768,coco,67310,000000067310.jpg,55,orange,orange,True,0,1,0.0642644613981247,11.9592,97.0023,238.343,382.8087,0.0,False,True
coco:67315:32:1770,coco,67315,000000067315.jpg,32,tie,tie,False,2,0,0.7885432243347168,121.7457,2.0963,325.1114,425.6253,0.942367434501648,True,False
coco:67315:32:1770,coco,67315,000000067315.jpg,32,tie,tie,False,2,1,0.3403980135917663,485.2161,0.2612,639.3677,426.2855,0.5304183959960938,True,False
coco:67315:32:1770,coco,67315,000000067315.jpg,32,tie,tie,False,2,2,0.1821648329496383,456.994,3.1778,590.7723,425.3656,0.2898324429988861,False,True
coco:67315:32:1770,coco,67315,000000067315.jpg,32,tie,tie,False,2,3,0.1388202160596847,519.4457,0.5988,639.1396,297.7276,0.9768386483192444,True,False
coco:67315:32:1770,coco,67315,000000067315.jpg,32,tie,tie,False,2,4,0.1176618188619613,49.3811,3.4542,99.8748,56.7415,0.0,False,True
coco:67315:32:1770,coco,67315,000000067315.jpg,32,tie,tie,False,2,5,0.1001830101013183,0.3015,78.9279,34.9394,195.6278,0.0,False,True
coco:67315:32:1770,coco,67315,000000067315.jpg,32,tie,tie,False,2,6,0.0977368205785751,0.8092,0.917,589.6031,425.8204,0.3252890408039093,False,True
coco:67315:32:1770,coco,67315,000000067315.jpg,32,tie,tie,False,2,7,0.0814952626824379,0.5833,1.271,326.8209,425.5834,0.5869445204734802,True,False
coco:67315:32:1770,coco,67315,000000067315.jpg,32,tie,tie,False,2,8,0.0580472759902477,48.9758,3.2492,118.0172,74.1426,0.0,False,True
coco:67315:32:1770,coco,67315,000000067315.jpg,32,tie,tie,False,2,9,0.0560431219637393,2.3099,329.6651,133.4318,394.2566,0.0023856482002884,False,True
coco:67315:11:1771,coco,67315,000000067315.jpg,11,fire hydrant,fire hydrant,True,0,0,0.0887465327978134,2.3741,-0.0459,637.6338,426.6081,0.0,False,True
coco:67315:42:1772,coco,67315,000000067315.jpg,42,surfboard,surfboard,True,0,0,0.1387739926576614,0.6375,0.2096,206.8796,151.2795,0.0,False,True
coco:67315:42:1772,coco,67315,000000067315.jpg,42,surfboard,surfboard,True,0,1,0.1036498397588729,1.5412,0.2173,638.2656,426.6335,0.0,False,True
coco:67315:42:1772,coco,67315,000000067315.jpg,42,surfboard,surfboard,True,0,2,0.1026313602924346,484.8899,-0.456,639.5087,426.4786,0.0,False,True
coco:67315:42:1772,coco,67315,000000067315.jpg,42,surfboard,surfboard,True,0,3,0.0889792963862419,49.2561,3.4762,100.0345,56.6132,0.0,False,True
coco:67315:42:1772,coco,67315,000000067315.jpg,42,surfboard,surfboard,True,0,4,0.063015416264534,0.3418,78.0379,35.1567,196.9608,0.0,False,True
coco:67315:42:1772,coco,67315,000000067315.jpg,42,surfboard,surfboard,True,0,5,0.0605256967246532,122.4147,1.3481,325.4023,426.1482,0.0,False,True
coco:67315:42:1772,coco,67315,000000067315.jpg,42,surfboard,surfboard,True,0,6,0.0564113222062587,484.7162,4.8114,593.4163,425.5916,0.0,False,True
coco:67315:42:1772,coco,67315,000000067315.jpg,42,surfboard,surfboard,True,0,7,0.0509319044649601,28.6305,0.0857,100.081,57.2101,0.0,False,True
coco:67406:1:1773,coco,67406,000000067406.jpg,1,person,person,False,3,0,0.8366097211837769,173.8302,252.5849,198.4664,315.0336,0.959023416042328,True,False
coco:67406:1:1773,coco,67406,000000067406.jpg,1,person,person,False,3,1,0.8118302822113037,111.4619,259.4586,131.661,316.1108,0.9450371265411376,True,False
coco:67406:1:1773,coco,67406,000000067406.jpg,1,person,person,False,3,2,0.5505310297012329,378.6521,276.5042,387.4593,297.3069,0.9438260197639464,True,False
coco:67406:1:1773,coco,67406,000000067406.jpg,1,person,person,False,3,3,0.0879494845867157,231.5569,192.7296,322.1789,273.8987,0.0,False,True
coco:67406:76:1774,coco,67406,000000067406.jpg,76,keyboard,keyboard,True,0,0,0.1229886040091514,231.5259,192.5177,322.1893,273.998,0.0,False,True
coco:67406:42:1775,coco,67406,000000067406.jpg,42,surfboard,surfboard,True,0,0,0.1522609740495681,231.4022,193.0577,321.9117,274.0072,0.0,False,True
coco:67616:1:1779,coco,67616,000000067616.jpg,1,person,person,False,5,0,0.8266671299934387,0.3256,342.7653,53.5832,477.1779,0.9607095718383788,True,False
coco:67616:1:1779,coco,67616,000000067616.jpg,1,person,person,False,5,1,0.6058558225631714,83.1312,361.7683,121.7448,437.6664,0.3550046682357788,False,True
coco:67616:1:1779,coco,67616,000000067616.jpg,1,person,person,False,5,2,0.5617527365684509,159.9811,361.5427,189.4186,437.0858,0.4264059066772461,False,True
coco:67616:1:1779,coco,67616,000000067616.jpg,1,person,person,False,5,3,0.494981437921524,137.33,365.5658,171.4515,438.1193,0.1859805434942245,False,True
coco:67616:1:1779,coco,67616,000000067616.jpg,1,person,person,False,5,4,0.4397813677787781,115.4569,363.7813,170.968,439.8979,0.4214499294757843,False,True
coco:67616:1:1779,coco,67616,000000067616.jpg,1,person,person,False,5,5,0.2898765206336975,137.7086,365.6243,157.9861,394.7202,0.7627356648445129,True,False
coco:67616:1:1779,coco,67616,000000067616.jpg,1,person,person,False,5,6,0.2815445959568023,115.3694,363.7604,152.6834,439.8028,0.6225612163543701,True,False
coco:67616:1:1779,coco,67616,000000067616.jpg,1,person,person,False,5,7,0.2232536375522613,162.3813,361.6632,189.0923,398.2789,0.9364488124847412,True,False
coco:67616:1:1779,coco,67616,000000067616.jpg,1,person,person,False,5,8,0.1260636299848556,83.2727,361.9408,113.2684,402.3602,0.8382365107536316,True,False
coco:67616:1:1779,coco,67616,000000067616.jpg,1,person,person,False,5,9,0.1224156245589256,137.4553,365.7984,158.4634,436.9089,0.3012311160564422,False,True
coco:67616:1:1779,coco,67616,000000067616.jpg,1,person,person,False,5,10,0.1061340197920799,317.0811,373.9203,324.0234,387.0524,0.0,False,True
coco:67616:1:1779,coco,67616,000000067616.jpg,1,person,person,False,5,11,0.1057885289192199,170.9108,361.7542,187.4224,380.9189,0.331723004579544,False,True
coco:67616:1:1779,coco,67616,000000067616.jpg,1,person,person,False,5,12,0.0981535837054252,198.0927,195.0172,209.9438,210.4162,0.0,False,True
coco:67616:1:1779,coco,67616,000000067616.jpg,1,person,person,False,5,13,0.0929564163088798,584.2054,354.1485,599.3215,366.6213,0.0,False,True
coco:67616:1:1779,coco,67616,000000067616.jpg,1,person,person,False,5,14,0.0929016470909118,341.0344,375.6757,352.3536,387.5185,0.0,False,True
coco:67616:1:1779,coco,67616,000000067616.jpg,1,person,person,False,5,15,0.0819276049733161,319.7561,370.7408,334.6353,388.562,0.0,False,True
coco:67616:1:1779,coco,67616,000000067616.jpg,1,person,person,False,5,16,0.0815291926264762,188.0844,385.7146,199.2126,398.1432,0.0001768698566593,False,True
coco:67616:1:1779,coco,67616,000000067616.jpg,1,person,person,False,5,17,0.0680374577641487,359.6779,371.7839,367.5293,387.0353,0.0,False,True
coco:67616:1:1779,coco,67616,000000067616.jpg,1,person,person,False,5,18,0.0676149725914001,537.7026,365.4307,554.2174,380.5295,0.0,False,True
coco:67616:1:1779,coco,67616,000000067616.jpg,1,person,person,False,5,19,0.0672464668750763,322.7339,386.7331,331.1465,403.0066,0.0,False,True
coco:67616:1:1779,coco,67616,000000067616.jpg,1,person,person,False,5,20,0.0668165907263755,436.0709,359.8604,450.764,377.0009,0.0,False,True
coco:67616:1:1779,coco,67616,000000067616.jpg,1,person,person,False,5,21,0.0655200257897377,299.265,369.2209,309.1845,383.4727,0.0,False,True
coco:67616:1:1779,coco,67616,000000067616.jpg,1,person,person,False,5,22,0.0632835701107978,175.5034,363.0691,199.126,398.0676,0.330353170633316,False,True
coco:67616:1:1779,coco,67616,000000067616.jpg,1,person,person,False,5,23,0.0627037808299064,175.696,363.7285,199.552,440.4469,0.1810133308172226,False,True
coco:67616:1:1779,coco,67616,000000067616.jpg,1,person,person,False,5,24,0.0595496669411659,320.5379,386.5518,335.109,427.1451,0.0,False,True
coco:67616:1:1779,coco,67616,000000067616.jpg,1,person,person,False,5,25,0.0585690438747406,187.5329,385.3649,199.782,440.0428,0.0044696563854813,False,True
coco:67616:1:1779,coco,67616,000000067616.jpg,1,person,person,False,5,26,0.0579179748892784,604.9653,356.0998,614.6838,368.8542,0.0,False,True
coco:67616:1:1779,coco,67616,000000067616.jpg,1,person,person,False,5,27,0.057493008673191,305.2271,378.3977,310.672,386.6271,0.0,False,True
coco:67616:1:1779,coco,67616,000000067616.jpg,1,person,person,False,5,28,0.0564276725053787,320.5195,369.0696,328.2204,378.7078,0.0,False,True
coco:67616:1:1779,coco,67616,000000067616.jpg,1,person,person,False,5,29,0.0559639483690261,175.6307,362.3047,189.3445,397.7267,0.4451030194759369,False,True
coco:67616:1:1779,coco,67616,000000067616.jpg,1,person,person,False,5,30,0.0558932125568389,251.4511,382.5586,264.1924,395.3272,0.0,False,True
coco:67616:1:1779,coco,67616,000000067616.jpg,1,person,person,False,5,31,0.0556169040501117,339.8938,375.3748,354.9507,422.6181,0.0,False,True
coco:67616:1:1779,coco,67616,000000067616.jpg,1,person,person,False,5,32,0.0532198175787925,298.9721,369.5367,304.7601,382.309,0.0,False,True
coco:67616:1:1779,coco,67616,000000067616.jpg,1,person,person,False,5,33,0.0528421886265277,115.6383,363.6948,150.6879,406.3997,0.7710511088371277,True,False
coco:67616:1:1779,coco,67616,000000067616.jpg,1,person,person,False,5,34,0.0519309602677822,426.1591,357.1948,450.5731,377.4806,0.0,False,True
coco:67616:1:1779,coco,67616,000000067616.jpg,1,person,person,False,5,35,0.0514386780560016,319.7943,375.0245,354.4942,425.4868,0.0,False,True
coco:67616:1:1779,coco,67616,000000067616.jpg,1,person,person,False,5,36,0.051168892532587,126.9438,363.8524,139.1674,378.992,0.0953309759497642,False,True
coco:67616:1:1779,coco,67616,000000067616.jpg,1,person,person,False,5,37,0.0501308105885982,83.4084,361.8531,151.7154,440.8087,0.3599404096603393,False,True
coco:67616:4:1780,coco,67616,000000067616.jpg,4,motorcycle,motorcycle,True,0,0,0.3104713857173919,311.7859,382.1054,349.2178,442.3586,0.0,False,True
coco:67616:4:1780,coco,67616,000000067616.jpg,4,motorcycle,motorcycle,True,0,1,0.0682198703289032,323.0765,384.7932,347.5022,423.9711,0.0,False,True
coco:67616:4:1780,coco,67616,000000067616.jpg,4,motorcycle,motorcycle,True,0,2,0.0652192756533622,391.1414,340.4862,537.2286,444.5295,0.0,False,True
coco:67616:4:1780,coco,67616,000000067616.jpg,4,motorcycle,motorcycle,True,0,3,0.059933602809906,268.8882,378.3347,286.8128,387.1061,0.0,False,True
coco:67616:4:1780,coco,67616,000000067616.jpg,4,motorcycle,motorcycle,True,0,4,0.0584481991827487,253.0894,357.6445,281.6336,369.4288,0.0,False,True
coco:67616:4:1780,coco,67616,000000067616.jpg,4,motorcycle,motorcycle,True,0,5,0.0583725236356258,214.3248,384.4862,249.2341,440.0452,0.0,False,True
coco:67616:4:1780,coco,67616,000000067616.jpg,4,motorcycle,motorcycle,True,0,6,0.0540976971387863,320.4496,384.0652,335.8641,425.7528,0.0,False,True
coco:67616:7:1781,coco,67616,000000067616.jpg,7,train,train,True,0,0,0.0686051622033119,1.4098,0.0783,638.8678,443.3393,0.0,False,True
coco:67616:7:1781,coco,67616,000000067616.jpg,7,train,train,True,0,1,0.0597749501466751,391.046,340.4829,537.0208,444.5109,0.0,False,True
coco:68078:18:1785,coco,68078,000000068078.jpg,18,dog,dog,False,1,0,0.7570291757583618,28.3826,491.6475,103.6704,626.2318,0.9570300579071044,True,False
coco:68078:18:1785,coco,68078,000000068078.jpg,18,dog,dog,False,1,1,0.0646499693393707,29.4318,491.8558,85.4641,551.1494,0.3388985097408294,False,True
coco:68078:1:1786,coco,68078,000000068078.jpg,1,person,person,True,0,0,0.3912575840950012,28.6916,491.8231,103.4188,625.3445,0.0,False,True
coco:68078:78:1787,coco,68078,000000068078.jpg,78,microwave,microwave,True,0,0,0.1323512643575668,176.4131,347.2753,359.5291,639.0695,0.0,False,True
coco:68078:78:1787,coco,68078,000000068078.jpg,78,microwave,microwave,True,0,1,0.1179085150361061,196.0765,0.3904,316.3584,223.8945,0.0,False,True
coco:68078:78:1787,coco,68078,000000068078.jpg,78,microwave,microwave,True,0,2,0.0925876796245575,141.72,296.4026,309.1576,400.5608,0.0,False,True
coco:68078:78:1787,coco,68078,000000068078.jpg,78,microwave,microwave,True,0,3,0.0825269520282745,28.8149,492.0509,103.3824,626.4359,0.0,False,True
coco:68078:78:1787,coco,68078,000000068078.jpg,78,microwave,microwave,True,0,4,0.0540022850036621,273.9873,278.9752,301.7556,348.0509,0.0,False,True
coco:68078:78:1787,coco,68078,000000068078.jpg,78,microwave,microwave,True,0,5,0.0533152557909488,216.6869,291.8598,268.3605,332.2145,0.0,False,True
coco:68933:24:1809,coco,68933,000000068933.jpg,24,zebra,zebra,False,3,0,0.7898404598236084,143.6803,51.1753,270.9936,273.8591,0.9803293943405152,True,False
coco:68933:24:1809,coco,68933,000000068933.jpg,24,zebra,zebra,False,3,1,0.7847552299499512,278.4178,50.0164,496.0806,256.6831,0.9785147905349731,True,False
coco:68933:24:1809,coco,68933,000000068933.jpg,24,zebra,zebra,False,3,2,0.7175821661949158,11.8725,60.9331,140.5579,295.2884,0.8319776654243469,True,False
coco:68933:24:1809,coco,68933,000000068933.jpg,24,zebra,zebra,False,3,3,0.1281130313873291,12.3088,84.1027,90.7175,296.4119,0.4719951450824737,False,True
coco:68933:24:1809,coco,68933,000000068933.jpg,24,zebra,zebra,False,3,4,0.1186027079820633,278.4373,49.8874,406.4439,240.1384,0.5389580130577087,True,False
coco:68933:24:1809,coco,68933,000000068933.jpg,24,zebra,zebra,False,3,5,0.0835126787424087,11.8008,48.6906,496.8174,293.6984,0.3733792304992676,False,True
coco:68933:24:1809,coco,68933,000000068933.jpg,24,zebra,zebra,False,3,6,0.081439085304737,52.8839,61.2591,140.2625,238.9148,0.5612894296646118,True,False
coco:68933:24:1809,coco,68933,000000068933.jpg,24,zebra,zebra,False,3,7,0.0636489614844322,311.4194,50.3075,401.5109,75.788,0.0517373904585838,False,True
coco:68933:24:1809,coco,68933,000000068933.jpg,24,zebra,zebra,False,3,8,0.0620815940201282,11.6395,146.8494,90.3406,296.427,0.3095752298831939,False,True
coco:68933:24:1809,coco,68933,000000068933.jpg,24,zebra,zebra,False,3,9,0.0544885843992233,179.8646,51.5115,270.1115,251.5094,0.634992241859436,True,False
coco:68933:24:1809,coco,68933,000000068933.jpg,24,zebra,zebra,False,3,10,0.0522012300789356,309.5261,51.2097,455.9503,243.3063,0.6339367628097534,True,False
coco:68933:24:1809,coco,68933,000000068933.jpg,24,zebra,zebra,False,3,11,0.0509957894682884,13.637,61.7044,101.6433,256.6998,0.6204992532730103,True,False
coco:68933:74:1810,coco,68933,000000068933.jpg,74,mouse,mouse,True,0,0,0.156815692782402,11.819,61.2528,140.467,295.8575,0.0,False,True
coco:68933:74:1810,coco,68933,000000068933.jpg,74,mouse,mouse,True,0,1,0.155898630619049,278.4811,50.1469,495.2419,256.6054,0.0,False,True
coco:68933:74:1810,coco,68933,000000068933.jpg,74,mouse,mouse,True,0,2,0.1241456642746925,143.5528,51.3337,271.1088,273.6578,0.0,False,True
coco:68933:74:1810,coco,68933,000000068933.jpg,74,mouse,mouse,True,0,3,0.0505549907684326,11.9351,46.5235,494.8411,293.0549,0.0,False,True
coco:68933:64:1811,coco,68933,000000068933.jpg,64,potted plant,potted plant,True,0,0,0.1137597188353538,131.4726,22.5966,188.0586,82.9246,0.0,False,True
coco:69138:8:1815,coco,69138,000000069138.jpg,8,truck,truck,False,1,0,0.4901758730411529,30.4899,216.784,106.4687,355.8399,0.7220550179481506,True,False
coco:69138:8:1815,coco,69138,000000069138.jpg,8,truck,truck,False,1,1,0.3856580555438995,57.7498,170.2386,107.4365,220.6813,0.177259549498558,False,True
coco:69138:8:1815,coco,69138,000000069138.jpg,8,truck,truck,False,1,2,0.1652558743953704,27.5425,170.632,107.3946,314.9282,0.7216438055038452,True,False
coco:69138:8:1815,coco,69138,000000069138.jpg,8,truck,truck,False,1,3,0.1484479010105133,29.3693,217.093,279.7593,355.7451,0.2659279108047485,False,True
coco:69138:8:1815,coco,69138,000000069138.jpg,8,truck,truck,False,1,4,0.1028008460998535,1.0149,0.5057,370.3128,317.5966,0.0896782651543617,False,True
coco:69138:8:1815,coco,69138,000000069138.jpg,8,truck,truck,False,1,5,0.0981513932347297,28.0399,241.5317,46.5047,315.9242,0.0695898681879043,False,True
coco:69138:8:1815,coco,69138,000000069138.jpg,8,truck,truck,False,1,6,0.084819309413433,40.2061,170.2119,107.6612,240.1907,0.3340368568897247,False,True
coco:69138:8:1815,coco,69138,000000069138.jpg,8,truck,truck,False,1,7,0.0669756680727005,18.9677,112.8457,368.1931,319.1041,0.1452894359827041,False,True
coco:69138:8:1815,coco,69138,000000069138.jpg,8,truck,truck,False,1,8,0.0627578720450401,98.8038,133.2316,252.736,548.2257,0.0192946121096611,False,True
coco:69138:8:1815,coco,69138,000000069138.jpg,8,truck,truck,False,1,9,0.0595516823232173,0.534,0.594,370.823,118.1725,0.0,False,True
coco:69138:8:1815,coco,69138,000000069138.jpg,8,truck,truck,False,1,10,0.0537808239459991,41.5739,216.9189,106.5317,235.6601,0.088922806084156,False,True
coco:69138:8:1815,coco,69138,000000069138.jpg,8,truck,truck,False,1,11,0.0531654134392738,56.6906,168.8677,300.1548,303.6741,0.1665217578411102,False,True
coco:69138:39:1816,coco,69138,000000069138.jpg,39,baseball bat,baseball bat,True,0,0,0.0713070780038833,99.0629,132.4133,253.4323,546.6199,0.0,False,True
coco:69138:19:1817,coco,69138,000000069138.jpg,19,horse,horse,True,0,0,0.2418618351221084,165.4845,186.0872,200.222,225.869,0.0,False,True
coco:69138:19:1817,coco,69138,000000069138.jpg,19,horse,horse,True,0,1,0.1743123829364776,59.243,251.4551,87.9208,279.4761,0.0,False,True
coco:69138:19:1817,coco,69138,000000069138.jpg,19,horse,horse,True,0,2,0.138148158788681,99.1023,132.9239,252.9505,546.6613,0.0,False,True
coco:69138:19:1817,coco,69138,000000069138.jpg,19,horse,horse,True,0,3,0.0866534784436225,142.8221,157.9026,228.4788,249.5417,0.0,False,True
coco:69138:19:1817,coco,69138,000000069138.jpg,19,horse,horse,True,0,4,0.0793708711862564,76.5404,195.2462,105.9058,210.3114,0.0,False,True
coco:69138:19:1817,coco,69138,000000069138.jpg,19,horse,horse,True,0,5,0.0701392814517021,31.2163,217.0458,106.3833,355.7507,0.0,False,True
coco:69138:19:1817,coco,69138,000000069138.jpg,19,horse,horse,True,0,6,0.0575045719742774,57.6291,170.5626,107.3947,220.8006,0.0,False,True
coco:69138:19:1817,coco,69138,000000069138.jpg,19,horse,horse,True,0,7,0.0573821291327476,64.3608,252.3993,78.3814,278.2888,0.0,False,True
coco:69138:19:1817,coco,69138,000000069138.jpg,19,horse,horse,True,0,8,0.0530958697199821,167.2861,186.089,197.3483,208.9246,0.0,False,True
coco:69356:1:1824,coco,69356,000000069356.jpg,1,person,person,False,6,0,0.842670202255249,73.8649,106.3084,181.4157,492.1313,0.958290696144104,True,False
coco:69356:1:1824,coco,69356,000000069356.jpg,1,person,person,False,6,1,0.8250287175178528,417.0925,132.2048,525.4453,458.369,0.9763679504394532,True,False
coco:69356:1:1824,coco,69356,000000069356.jpg,1,person,person,False,6,2,0.7577952146530151,567.5105,114.0171,633.5627,374.9298,0.911080837249756,True,False
coco:69356:1:1824,coco,69356,000000069356.jpg,1,person,person,False,6,3,0.5644920468330383,436.3409,156.9886,458.3324,187.5878,0.6467183232307434,True,False
coco:69356:1:1824,coco,69356,000000069356.jpg,1,person,person,False,6,4,0.467751681804657,626.4991,155.8371,639.9378,264.9725,0.959836721420288,True,False
coco:69356:1:1824,coco,69356,000000069356.jpg,1,person,person,False,6,5,0.4132651388645172,560.1498,154.9886,577.6461,200.1875,0.8031148314476013,True,False
coco:69356:1:1824,coco,69356,000000069356.jpg,1,person,person,False,6,6,0.2402260154485702,518.4726,157.4952,524.5639,177.4985,0.0033662796486169,False,True
coco:69356:1:1824,coco,69356,000000069356.jpg,1,person,person,False,6,7,0.2170515805482864,526.2049,148.4569,539.2624,186.4515,0.0012805821606889,False,True
coco:69356:1:1824,coco,69356,000000069356.jpg,1,person,person,False,6,8,0.1985997259616851,518.6908,157.5363,524.245,170.1513,0.0019357374403625,False,True
coco:69356:1:1824,coco,69356,000000069356.jpg,1,person,person,False,6,9,0.1677109152078628,390.7152,168.5624,420.1304,201.1359,0.0028665848076343,False,True
coco:69356:1:1824,coco,69356,000000069356.jpg,1,person,person,False,6,10,0.1619599610567093,0.0395,147.3701,10.9095,174.7921,0.0,False,True
coco:69356:1:1824,coco,69356,000000069356.jpg,1,person,person,False,6,11,0.153970181941986,523.796,160.8369,530.0678,180.0897,0.0019355722470209,False,True
coco:69356:1:1824,coco,69356,000000069356.jpg,1,person,person,False,6,12,0.1339692175388336,614.0651,150.9013,623.8837,158.2712,0.0044518155045807,False,True
coco:69356:1:1824,coco,69356,000000069356.jpg,1,person,person,False,6,13,0.129032701253891,527.7489,148.6053,535.7902,185.3428,0.0,False,True
coco:69356:1:1824,coco,69356,000000069356.jpg,1,person,person,False,6,14,0.1273608803749084,618.1213,155.8993,639.7487,265.0903,0.5920571684837341,True,False
coco:69356:1:1824,coco,69356,000000069356.jpg,1,person,person,False,6,15,0.1257518082857132,617.928,210.7209,633.7061,263.4148,0.1917216330766677,False,True
coco:69356:1:1824,coco,69356,000000069356.jpg,1,person,person,False,6,16,0.1209693923592567,450.2881,156.2332,458.2492,173.3451,0.114272728562355,False,True
coco:69356:1:1824,coco,69356,000000069356.jpg,1,person,person,False,6,17,0.1179127618670463,405.0193,164.6709,420.7521,200.8395,0.0038337181322276,False,True
coco:69356:1:1824,coco,69356,000000069356.jpg,1,person,person,False,6,18,0.1128448992967605,501.1944,152.2887,508.1054,174.3433,0.00421091215685,False,True
coco:69356:1:1824,coco,69356,000000069356.jpg,1,person,person,False,6,19,0.1082937642931938,534.3853,153.7224,540.7629,177.7286,0.0,False,True
coco:69356:1:1824,coco,69356,000000069356.jpg,1,person,person,False,6,20,0.1055351495742797,626.6756,156.1245,639.9886,219.2535,0.5508968830108643,True,False
coco:69356:1:1824,coco,69356,000000069356.jpg,1,person,person,False,6,21,0.1026127114892005,534.8687,154.028,540.4342,171.4603,0.0,False,True
coco:69356:1:1824,coco,69356,000000069356.jpg,1,person,person,False,6,22,0.1006636321544647,634.8632,150.0011,639.8923,169.6728,0.046499527990818,False,True
coco:69356:1:1824,coco,69356,000000069356.jpg,1,person,person,False,6,23,0.0910953655838966,436.1293,173.3859,442.675,187.6204,0.0990002378821373,False,True
coco:69356:1:1824,coco,69356,000000069356.jpg,1,person,person,False,6,24,0.0896481946110725,559.9194,159.0881,571.2436,200.0358,0.497277557849884,False,True
coco:69356:1:1824,coco,69356,000000069356.jpg,1,person,person,False,6,25,0.0854404419660568,508.1464,157.3393,514.2988,184.8666,0.0046789394691586,False,True
coco:69356:1:1824,coco,69356,000000069356.jpg,1,person,person,False,6,26,0.0844513401389122,0.0728,147.4539,8.7071,164.8084,0.0,False,True
coco:69356:1:1824,coco,69356,000000069356.jpg,1,person,person,False,6,27,0.0803592205047607,613.3163,150.7941,627.3806,179.2278,0.0246023405343294,False,True
coco:69356:1:1824,coco,69356,000000069356.jpg,1,person,person,False,6,28,0.0781497210264206,614.149,150.9738,619.3839,157.9391,0.0022432103287428,False,True
coco:69356:1:1824,coco,69356,000000069356.jpg,1,person,person,False,6,29,0.0769791454076767,560.5742,173.7343,575.374,200.0692,0.417974442243576,False,True
coco:69356:1:1824,coco,69356,000000069356.jpg,1,person,person,False,6,30,0.0765375420451164,560.894,152.4961,633.7266,263.9647,0.3893908560276031,False,True
coco:69356:1:1824,coco,69356,000000069356.jpg,1,person,person,False,6,31,0.0755959674715995,435.9583,159.3606,445.5093,187.0903,0.2877912819385528,False,True
coco:69356:1:1824,coco,69356,000000069356.jpg,1,person,person,False,6,32,0.0748048648238182,418.9336,156.893,459.1339,436.4671,0.3105010688304901,False,True
coco:69356:1:1824,coco,69356,000000069356.jpg,1,person,person,False,6,33,0.0739082694053649,502.7847,151.1824,507.8412,165.3893,0.0019847021903842,False,True
coco:69356:1:1824,coco,69356,000000069356.jpg,1,person,person,False,6,34,0.0738825052976608,507.579,146.7679,514.9839,185.4389,0.0079111428931355,False,True
coco:69356:1:1824,coco,69356,000000069356.jpg,1,person,person,False,6,35,0.0733157694339752,635.2353,155.1553,639.9398,170.3036,0.0461821928620338,False,True
coco:69356:1:1824,coco,69356,000000069356.jpg,1,person,person,False,6,36,0.0727138742804527,618.7043,211.283,632.9064,245.0603,0.1207517832517623,False,True
coco:69356:1:1824,coco,69356,000000069356.jpg,1,person,person,False,6,37,0.0721129029989242,529.3823,148.7091,535.9962,165.3074,0.0,False,True
coco:69356:1:1824,coco,69356,000000069356.jpg,1,person,person,False,6,38,0.0720097869634628,626.1302,153.9772,639.9078,380.4708,0.4839285016059875,False,True
coco:69356:1:1824,coco,69356,000000069356.jpg,1,person,person,False,6,39,0.069909892976284,424.7768,156.8318,459.0566,243.7498,0.2156084477901458,False,True
coco:69356:1:1824,coco,69356,000000069356.jpg,1,person,person,False,6,40,0.0698916390538215,527.1343,148.3591,541.2681,203.612,0.0004569456505123,False,True
coco:69356:1:1824,coco,69356,000000069356.jpg,1,person,person,False,6,41,0.065334677696228,624.9406,149.7082,633.9226,157.9703,0.0124329095706343,False,True
coco:69356:1:1824,coco,69356,000000069356.jpg,1,person,person,False,6,42,0.0651641339063644,501.2881,158.97,507.6785,174.9342,0.0028184463735669,False,True
coco:69356:1:1824,coco,69356,000000069356.jpg,1,person,person,False,6,43,0.0641730949282646,498.942,139.1125,511.5987,175.4576,0.0127086993306875,False,True
coco:69356:1:1824,coco,69356,000000069356.jpg,1,person,person,False,6,44,0.0633629187941551,93.3112,140.008,107.6022,157.5438,0.0063021592795848,False,True
coco:69356:1:1824,coco,69356,000000069356.jpg,1,person,person,False,6,45,0.0617683194577693,93.0386,132.5897,110.7911,157.4288,0.0110891135409474,False,True
coco:69356:1:1824,coco,69356,000000069356.jpg,1,person,person,False,6,46,0.0602868534624576,0.0888,134.2495,25.8834,175.0237,0.0,False,True
coco:69356:1:1824,coco,69356,000000069356.jpg,1,person,person,False,6,47,0.0598503239452838,619.5818,240.7205,632.7498,244.7386,0.016139717772603,False,True
coco:69356:1:1824,coco,69356,000000069356.jpg,1,person,person,False,6,48,0.058128722012043,130.3913,156.6363,152.5466,202.628,0.0256246048957109,False,True
coco:69356:1:1824,coco,69356,000000069356.jpg,1,person,person,False,6,49,0.0573427453637123,414.949,164.0695,420.3763,174.1912,0.0009799679974094,False,True
coco:69356:1:1824,coco,69356,000000069356.jpg,1,person,person,False,6,50,0.0550684034824371,401.2409,170.866,416.9251,200.7952,4.496581823332235e-05,False,True
coco:69356:1:1824,coco,69356,000000069356.jpg,1,person,person,False,6,51,0.0542836338281631,418.7447,173.1801,495.7925,437.5465,0.5627346634864807,True,False
coco:69356:1:1824,coco,69356,000000069356.jpg,1,person,person,False,6,52,0.0531032904982566,493.1338,139.0113,502.6343,177.5319,0.0101105701178312,False,True
coco:69356:1:1824,coco,69356,000000069356.jpg,1,person,person,False,6,53,0.0527433231472969,560.1556,153.4437,625.7995,201.1161,0.2354686856269836,False,True
coco:69356:1:1824,coco,69356,000000069356.jpg,1,person,person,False,6,54,0.052241139113903,493.4915,156.5084,499.7848,178.4369,0.0038126246072351,False,True
coco:69356:1:1824,coco,69356,000000069356.jpg,1,person,person,False,6,55,0.0521446652710437,525.2433,161.0866,529.9407,171.5314,0.0006334276404231,False,True
coco:69356:1:1824,coco,69356,000000069356.jpg,1,person,person,False,6,56,0.050941452383995,243.5259,202.5555,282.7782,244.5729,0.0,False,True
coco:69356:1:1824,coco,69356,000000069356.jpg,1,person,person,False,6,57,0.0507756471633911,532.2235,152.5038,540.9139,203.4559,0.0,False,True
coco:69356:50:1825,coco,69356,000000069356.jpg,50,spoon,spoon,True,0,0,0.0904002413153648,42.6804,252.2369,74.0508,262.1153,0.0,False,True
coco:69356:50:1825,coco,69356,000000069356.jpg,50,spoon,spoon,True,0,1,0.0838827788829803,161.2914,246.2819,175.7846,257.401,0.0,False,True
coco:69356:50:1825,coco,69356,000000069356.jpg,50,spoon,spoon,True,0,2,0.078776404261589,160.9937,246.2804,176.1635,265.0657,0.0,False,True
coco:69356:50:1825,coco,69356,000000069356.jpg,50,spoon,spoon,True,0,3,0.075012594461441,109.3082,135.8838,142.8083,163.4721,0.0,False,True
coco:69356:50:1825,coco,69356,000000069356.jpg,50,spoon,spoon,True,0,4,0.0552112758159637,75.2458,106.6961,179.286,491.6452,0.0,False,True
coco:69356:50:1825,coco,69356,000000069356.jpg,50,spoon,spoon,True,0,5,0.0515094995498657,184.9453,355.4644,294.1739,500.5824,0.0,False,True
coco:69356:50:1825,coco,69356,000000069356.jpg,50,spoon,spoon,True,0,6,0.0503886453807354,94.4014,136.4669,143.5216,163.7494,0.0,False,True
coco:69356:50:1825,coco,69356,000000069356.jpg,50,spoon,spoon,True,0,7,0.050216045230627,564.2584,237.3966,591.1663,281.1159,0.0,False,True
coco:69356:60:1826,coco,69356,000000069356.jpg,60,donut,donut,True,0,0,0.0819929838180542,417.8477,132.5562,523.9576,458.7227,0.0,False,True
coco:69356:60:1826,coco,69356,000000069356.jpg,60,donut,donut,True,0,1,0.0710094943642616,185.0466,360.2753,293.9705,500.4922,0.0,False,True
coco:69356:60:1826,coco,69356,000000069356.jpg,60,donut,donut,True,0,2,0.0615421310067176,27.984,157.3892,80.405,244.8473,0.0,False,True
coco:69356:60:1826,coco,69356,000000069356.jpg,60,donut,donut,True,0,3,0.0580233968794345,283.2225,313.461,364.1812,377.5502,0.0,False,True
coco:69356:60:1826,coco,69356,000000069356.jpg,60,donut,donut,True,0,4,0.0565795302391052,191.7606,272.8593,284.0829,356.4939,0.0,False,True
coco:69356:60:1826,coco,69356,000000069356.jpg,60,donut,donut,True,0,5,0.0547628998756408,221.6328,257.0644,323.6842,318.4622,0.0,False,True
coco:72813:65:1872,coco,72813,000000072813.jpg,65,bed,bed,False,1,0,0.7575838565826416,0.2855,181.4588,639.5659,479.486,0.8759932518005371,True,False
coco:72813:65:1872,coco,72813,000000072813.jpg,65,bed,bed,False,1,1,0.1024603173136711,0.471,150.0604,455.813,478.4897,0.6950616836547852,True,False
coco:72813:65:1872,coco,72813,000000072813.jpg,65,bed,bed,False,1,2,0.0940562859177589,1.1073,1.3308,638.6457,478.5727,0.6889234781265259,True,False
coco:72813:65:1872,coco,72813,000000072813.jpg,65,bed,bed,False,1,3,0.0516878850758075,73.1064,158.4037,181.2373,195.0478,0.0187805276364088,False,True
coco:72813:85:1873,coco,72813,000000072813.jpg,85,clock,clock,True,0,0,0.3399483859539032,153.1471,0.0337,191.1671,33.6541,0.0,False,True
coco:72813:85:1873,coco,72813,000000072813.jpg,85,clock,clock,True,0,1,0.3361348509788513,115.041,0.2435,154.2539,34.8403,0.0,False,True
coco:72813:85:1873,coco,72813,000000072813.jpg,85,clock,clock,True,0,2,0.0745811387896537,52.9817,31.6428,202.2243,168.3823,0.0,False,True
coco:72813:85:1873,coco,72813,000000072813.jpg,85,clock,clock,True,0,3,0.0732245445251464,50.2339,0.1057,111.1678,34.8822,0.0,False,True
coco:72813:85:1873,coco,72813,000000072813.jpg,85,clock,clock,True,0,4,0.0691476166248321,115.0557,0.0335,191.1364,34.6701,0.0,False,True
coco:72813:85:1873,coco,72813,000000072813.jpg,85,clock,clock,True,0,5,0.0643244981765747,230.1639,133.2868,497.1925,319.6648,0.0,False,True
coco:72813:85:1873,coco,72813,000000072813.jpg,85,clock,clock,True,0,6,0.0615473389625549,71.0565,12.9858,93.62,34.4161,0.0,False,True
coco:72813:85:1873,coco,72813,000000072813.jpg,85,clock,clock,True,0,7,0.0546855963766574,67.2625,22.7401,94.0473,35.2527,0.0,False,True
coco:72813:85:1873,coco,72813,000000072813.jpg,85,clock,clock,True,0,8,0.0508412420749664,73.4522,158.6445,182.1311,195.329,0.0,False,True
coco:72813:31:1874,coco,72813,000000072813.jpg,31,handbag,handbag,True,0,0,0.4377612173557281,182.6617,93.2476,300.2957,157.2611,0.0,False,True
coco:72813:31:1874,coco,72813,000000072813.jpg,31,handbag,handbag,True,0,1,0.2980544865131378,150.074,93.3671,301.3735,193.7575,0.0,False,True
coco:72813:31:1874,coco,72813,000000072813.jpg,31,handbag,handbag,True,0,2,0.1374352723360061,0.7065,191.6774,294.3629,354.1873,0.0,False,True
coco:72813:31:1874,coco,72813,000000072813.jpg,31,handbag,handbag,True,0,3,0.1340264827013015,149.5993,151.3418,260.8035,193.812,0.0,False,True
coco:72813:31:1874,coco,72813,000000072813.jpg,31,handbag,handbag,True,0,4,0.1213669255375862,195.0799,93.2762,300.9963,136.2673,0.0,False,True
coco:72813:31:1874,coco,72813,000000072813.jpg,31,handbag,handbag,True,0,5,0.1056212931871414,31.5991,184.0674,76.9903,211.1884,0.0,False,True
coco:72813:31:1874,coco,72813,000000072813.jpg,31,handbag,handbag,True,0,6,0.0980752259492874,195.5946,93.292,286.5331,122.0103,0.0,False,True
coco:72813:31:1874,coco,72813,000000072813.jpg,31,handbag,handbag,True,0,7,0.0979597344994545,0.368,401.0399,146.9076,479.4142,0.0,False,True
coco:72813:31:1874,coco,72813,000000072813.jpg,31,handbag,handbag,True,0,8,0.0959453284740448,52.5171,31.8843,202.1286,169.4832,0.0,False,True
coco:72813:31:1874,coco,72813,000000072813.jpg,31,handbag,handbag,True,0,9,0.072365403175354,182.5984,93.2981,241.8858,156.2392,0.0,False,True
coco:72813:31:1874,coco,72813,000000072813.jpg,31,handbag,handbag,True,0,10,0.0714782774448394,150.6096,93.6503,455.6003,205.6844,0.0,False,True
coco:72813:31:1874,coco,72813,000000072813.jpg,31,handbag,handbag,True,0,11,0.0688203424215316,264.393,104.6779,286.2563,121.1514,0.0,False,True
coco:72813:31:1874,coco,72813,000000072813.jpg,31,handbag,handbag,True,0,12,0.0634631067514419,150.053,148.8959,455.1454,205.8146,0.0,False,True
coco:72813:31:1874,coco,72813,000000072813.jpg,31,handbag,handbag,True,0,13,0.0616332739591598,457.4743,305.3543,639.379,479.2937,0.0,False,True
coco:72813:31:1874,coco,72813,000000072813.jpg,31,handbag,handbag,True,0,14,0.0583630166947841,263.9644,104.3177,302.0279,136.0894,0.0,False,True
coco:72813:31:1874,coco,72813,000000072813.jpg,31,handbag,handbag,True,0,15,0.0560512766242027,195.5184,93.187,240.2256,113.2943,0.0,False,True
coco:72813:31:1874,coco,72813,000000072813.jpg,31,handbag,handbag,True,0,16,0.054215807467699,228.8977,205.2886,284.0715,277.3483,0.0,False,True
coco:72813:31:1874,coco,72813,000000072813.jpg,31,handbag,handbag,True,0,17,0.0541812777519226,149.7406,132.5095,297.3737,194.0354,0.0,False,True
coco:73118:88:1878,coco,73118,000000073118.jpg,88,teddy bear,teddy bear,False,2,0,0.5727177262306213,0.2228,175.6519,321.4718,610.9508,0.8371692299842834,True,False
coco:73118:88:1878,coco,73118,000000073118.jpg,88,teddy bear,teddy bear,False,2,1,0.4012323021888733,174.7712,39.9997,611.4538,610.9958,0.8576242923736572,True,False
coco:73118:88:1878,coco,73118,000000073118.jpg,88,teddy bear,teddy bear,False,2,2,0.2417866289615631,0.2184,175.418,273.9909,505.7173,0.7671562433242798,True,False
coco:73118:43:1879,coco,73118,000000073118.jpg,43,tennis racket,tennis racket,True,0,0,0.1052427440881729,1.2854,40.1644,610.9725,611.1947,0.0,False,True
coco:73118:43:1879,coco,73118,000000073118.jpg,43,tennis racket,tennis racket,True,0,1,0.0511232241988182,0.9985,176.4584,271.5607,503.1674,0.0,False,True
coco:73118:38:1880,coco,73118,000000073118.jpg,38,kite,kite,True,0,0,0.2428580969572067,1.4655,39.9735,610.9005,610.6995,0.0,False,True
coco:73118:38:1880,coco,73118,000000073118.jpg,38,kite,kite,True,0,1,0.0839137881994247,1.1532,175.9051,272.355,504.4459,0.0,False,True
coco:74058:1:1896,coco,74058,000000074058.jpg,1,person,person,False,5,0,0.823392927646637,125.4903,170.8103,214.4352,300.1238,0.7076923251152039,True,False
coco:74058:1:1896,coco,74058,000000074058.jpg,1,person,person,False,5,1,0.755480945110321,24.0407,155.0786,103.7647,340.9288,0.8843604326248169,True,False
coco:74058:1:1896,coco,74058,000000074058.jpg,1,person,person,False,5,2,0.4292265474796295,249.1326,195.5313,283.1842,264.8596,0.2053052335977554,False,True
coco:74058:1:1896,coco,74058,000000074058.jpg,1,person,person,False,5,3,0.4093452095985412,286.9299,199.2459,316.4193,256.472,0.4859631657600403,False,True
coco:74058:1:1896,coco,74058,000000074058.jpg,1,person,person,False,5,4,0.3190388679504394,276.7485,199.9621,293.9821,248.7178,0.3629047870635986,False,True
coco:74058:1:1896,coco,74058,000000074058.jpg,1,person,person,False,5,5,0.270546406507492,0.086,238.3608,23.8157,278.2266,0.0,False,True
coco:74058:1:1896,coco,74058,000000074058.jpg,1,person,person,False,5,6,0.2621846497058868,277.4667,200.0436,293.5945,220.0123,0.8084204196929932,True,False
coco:74058:1:1896,coco,74058,000000074058.jpg,1,person,person,False,5,7,0.2359640747308731,225.7967,197.0692,250.5534,255.6638,0.0,False,True
coco:74058:1:1896,coco,74058,000000074058.jpg,1,person,person,False,5,8,0.1948714554309845,0.0786,255.0497,23.5949,277.9644,0.0,False,True
coco:74058:1:1896,coco,74058,000000074058.jpg,1,person,person,False,5,9,0.1901054978370666,308.7619,209.3342,327.4998,244.1394,0.1113937273621559,False,True
coco:74058:1:1896,coco,74058,000000074058.jpg,1,person,person,False,5,10,0.1822293400764465,226.0266,197.0348,240.2078,213.9171,0.0,False,True
coco:74058:1:1896,coco,74058,000000074058.jpg,1,person,person,False,5,11,0.1799104809761047,250.6005,195.4714,269.2505,255.3135,0.3765376806259155,False,True
coco:74058:1:1896,coco,74058,000000074058.jpg,1,person,person,False,5,12,0.1700794696807861,251.7413,195.4457,268.6815,214.9883,0.3848530650138855,False,True
coco:74058:1:1896,coco,74058,000000074058.jpg,1,person,person,False,5,13,0.1678809970617294,381.9353,219.3203,388.0199,232.0852,0.0,False,True
coco:74058:1:1896,coco,74058,000000074058.jpg,1,person,person,False,5,14,0.1659530401229858,216.8664,198.469,233.6994,230.0753,0.0,False,True
coco:74058:1:1896,coco,74058,000000074058.jpg,1,person,person,False,5,15,0.1619417816400528,225.7843,196.9842,247.8526,230.6021,0.0,False,True
coco:74058:1:1896,coco,74058,000000074058.jpg,1,person,person,False,5,16,0.1598058044910431,0.0944,238.1358,25.5487,351.9859,0.0,False,True
coco:74058:1:1896,coco,74058,000000074058.jpg,1,person,person,False,5,17,0.1553780436515808,330.8847,209.3404,339.0616,233.5475,0.0,False,True
coco:74058:1:1896,coco,74058,000000074058.jpg,1,person,person,False,5,18,0.144991248846054,250.511,195.5522,269.5722,231.5125,0.6223261952400208,True,False
coco:74058:1:1896,coco,74058,000000074058.jpg,1,person,person,False,5,19,0.1420741528272628,225.433,197.0712,239.5379,230.4439,0.0,False,True
coco:74058:1:1896,coco,74058,000000074058.jpg,1,person,person,False,5,20,0.1408963352441787,0.0228,238.0806,56.1063,341.2199,0.1701236516237259,False,True
coco:74058:1:1896,coco,74058,000000074058.jpg,1,person,person,False,5,21,0.1372973769903183,232.2332,197.0583,245.8239,213.893,0.0,False,True
coco:74058:1:1896,coco,74058,000000074058.jpg,1,person,person,False,5,22,0.1321634501218795,284.0763,172.2082,293.847,192.4689,0.0,False,True
coco:74058:1:1896,coco,74058,000000074058.jpg,1,person,person,False,5,23,0.1254406422376632,290.6681,199.604,316.0309,224.1548,0.7092750072479248,True,False
coco:74058:1:1896,coco,74058,000000074058.jpg,1,person,person,False,5,24,0.1233895793557167,0.0199,237.9182,37.7765,330.6024,0.0597926974296569,False,True
coco:74058:1:1896,coco,74058,000000074058.jpg,1,person,person,False,5,25,0.122734434902668,59.9053,154.5314,101.6533,311.8668,0.4823949635028839,False,True
coco:74058:1:1896,coco,74058,000000074058.jpg,1,person,person,False,5,26,0.1176941841840744,0.1448,238.437,24.5276,318.4626,0.0,False,True
coco:74058:1:1896,coco,74058,000000074058.jpg,1,person,person,False,5,27,0.1136155053973198,104.8205,172.3844,114.5479,185.4259,0.0,False,True
coco:74058:1:1896,coco,74058,000000074058.jpg,1,person,person,False,5,28,0.1127588152885437,233.2852,198.6911,250.5821,255.669,0.0,False,True
coco:74058:1:1896,coco,74058,000000074058.jpg,1,person,person,False,5,29,0.1121798455715179,82.4208,172.7596,118.9342,311.5143,0.1765438020229339,False,True
coco:74058:1:1896,coco,74058,000000074058.jpg,1,person,person,False,5,30,0.1110966578125953,331.6394,209.2099,338.2907,219.4639,0.0,False,True
coco:74058:1:1896,coco,74058,000000074058.jpg,1,person,person,False,5,31,0.1091417968273162,275.1559,172.1338,293.9109,192.7836,0.0,False,True
coco:74058:1:1896,coco,74058,000000074058.jpg,1,person,person,False,5,32,0.108219526708126,577.2439,204.8633,639.7875,426.3543,0.0,False,True
coco:74058:1:1896,coco,74058,000000074058.jpg,1,person,person,False,5,33,0.1065992638468742,290.1968,209.0077,308.3724,223.8477,0.3072385787963867,False,True
coco:74058:1:1896,coco,74058,000000074058.jpg,1,person,person,False,5,34,0.105495661497116,217.3418,198.5694,228.4932,213.8554,0.0,False,True
coco:74058:1:1896,coco,74058,000000074058.jpg,1,person,person,False,5,35,0.1051338389515876,305.4894,209.4306,316.2449,223.5748,0.1732844114303589,False,True
coco:74058:1:1896,coco,74058,000000074058.jpg,1,person,person,False,5,36,0.1039676666259765,0.2893,238.2556,54.9076,426.4817,0.1264814883470535,False,True
coco:74058:1:1896,coco,74058,000000074058.jpg,1,person,person,False,5,37,0.101228080689907,252.1356,195.6147,278.7098,216.8363,0.3800800442695617,False,True
coco:74058:1:1896,coco,74058,000000074058.jpg,1,person,person,False,5,38,0.0997679308056831,294.5261,199.3276,315.5827,248.1522,0.4624359905719757,False,True
coco:74058:1:1896,coco,74058,000000074058.jpg,1,person,person,False,5,39,0.0972093269228935,305.0795,209.2387,316.7699,243.9425,0.2054190635681152,False,True
coco:74058:1:1896,coco,74058,000000074058.jpg,1,person,person,False,5,40,0.0969501137733459,225.6256,203.3226,233.1169,213.8533,0.0,False,True
coco:74058:1:1896,coco,74058,000000074058.jpg,1,person,person,False,5,41,0.0969281792640686,286.8448,210.0714,307.9475,253.8749,0.2593101561069488,False,True
coco:74058:1:1896,coco,74058,000000074058.jpg,1,person,person,False,5,42,0.0948138684034347,0.3557,238.514,14.0896,257.7778,0.0,False,True
coco:74058:1:1896,coco,74058,000000074058.jpg,1,person,person,False,5,43,0.0943722203373909,100.806,172.5378,115.9394,206.6322,0.0031742996070533,False,True
coco:74058:1:1896,coco,74058,000000074058.jpg,1,person,person,False,5,44,0.0943611115217208,22.7976,188.1806,31.31,202.585,0.0039801029488444,False,True
coco:74058:1:1896,coco,74058,000000074058.jpg,1,person,person,False,5,45,0.0940359085798263,215.9866,198.7595,236.0641,257.4624,0.0,False,True
coco:74058:1:1896,coco,74058,000000074058.jpg,1,person,person,False,5,46,0.0939617380499839,341.2811,208.8047,352.7719,232.9251,0.0,False,True
coco:74058:1:1896,coco,74058,000000074058.jpg,1,person,person,False,5,47,0.0936227291822433,304.9775,200.8652,327.4651,244.3748,0.212730586528778,False,True
coco:74058:1:1896,coco,74058,000000074058.jpg,1,person,person,False,5,48,0.0935378819704055,290.6693,208.5054,315.9836,224.1129,0.4500423371791839,False,True
coco:74058:1:1896,coco,74058,000000074058.jpg,1,person,person,False,5,49,0.0923810303211212,397.2589,218.5952,405.04,240.1422,0.0,False,True
coco:74058:1:1896,coco,74058,000000074058.jpg,1,person,person,False,5,50,0.0911871045827865,581.3847,205.562,639.8473,347.288,0.0,False,True
coco:74058:1:1896,coco,74058,000000074058.jpg,1,person,person,False,5,51,0.0903124436736106,224.7356,204.0184,234.1868,230.4707,0.0,False,True
coco:74058:1:1896,coco,74058,000000074058.jpg,1,person,person,False,5,52,0.0890372917056083,312.184,198.2858,325.0064,216.1786,0.0832912325859069,False,True
coco:74058:1:1896,coco,74058,000000074058.jpg,1,person,person,False,5,53,0.0885161831974983,561.3019,215.1443,566.8366,226.0844,0.0,False,True
coco:74058:1:1896,coco,74058,000000074058.jpg,1,person,person,False,5,54,0.0884440168738365,387.6696,217.1809,394.0299,233.0857,0.0,False,True
coco:74058:1:1896,coco,74058,000000074058.jpg,1,person,person,False,5,55,0.0867747589945793,250.511,198.994,259.372,214.4964,0.0788314193487167,False,True
coco:74058:1:1896,coco,74058,000000074058.jpg,1,person,person,False,5,56,0.0843337327241897,44.4136,177.6716,105.0222,311.782,0.5727964043617249,True,False
coco:74058:1:1896,coco,74058,000000074058.jpg,1,person,person,False,5,57,0.084041528403759,250.8301,195.3252,282.7836,233.4088,0.3982831239700317,False,True
coco:74058:1:1896,coco,74058,000000074058.jpg,1,person,person,False,5,58,0.0823422372341156,258.5082,195.6857,268.0819,206.2953,0.1911184042692184,False,True
coco:74058:1:1896,coco,74058,000000074058.jpg,1,person,person,False,5,59,0.0815504640340805,404.5099,216.55,410.9497,226.8225,0.0,False,True
coco:74058:1:1896,coco,74058,000000074058.jpg,1,person,person,False,5,60,0.0804759934544563,159.3328,193.6219,183.6725,210.7427,0.0475532189011573,False,True
coco:74058:1:1896,coco,74058,000000074058.jpg,1,person,person,False,5,61,0.0794727802276611,0.1164,181.6002,23.9239,278.5105,0.0,False,True
coco:74058:1:1896,coco,74058,000000074058.jpg,1,person,person,False,5,62,0.0789440497756004,233.2509,196.8003,239.8911,201.988,0.0,False,True
coco:74058:1:1896,coco,74058,000000074058.jpg,1,person,person,False,5,63,0.0783375650644302,0.1009,238.403,36.1096,301.4753,0.0358643755316734,False,True
coco:74058:1:1896,coco,74058,000000074058.jpg,1,person,person,False,5,64,0.0776363983750343,178.0547,201.3372,184.4421,210.4464,0.0066395727917551,False,True
coco:74058:1:1896,coco,74058,000000074058.jpg,1,person,person,False,5,65,0.0773997381329536,82.8069,286.3608,98.6655,311.1902,0.0300504472106695,False,True
coco:74058:1:1896,coco,74058,000000074058.jpg,1,person,person,False,5,66,0.0753437206149101,0.0095,160.4061,8.0257,178.7734,0.0,False,True
coco:74058:1:1896,coco,74058,000000074058.jpg,1,person,person,False,5,67,0.0747627541422844,381.8949,219.9366,386.1013,231.5867,0.0,False,True
coco:74058:1:1896,coco,74058,000000074058.jpg,1,person,person,False,5,68,0.0746682584285736,340.8958,210.3111,345.6041,218.2703,0.0,False,True
coco:74058:1:1896,coco,74058,000000074058.jpg,1,person,person,False,5,69,0.0743993148207664,400.6496,218.4005,405.1188,226.1915,0.0,False,True
coco:74058:1:1896,coco,74058,000000074058.jpg,1,person,person,False,5,70,0.0742286145687103,232.9797,198.6366,249.3983,230.5009,0.0,False,True
coco:74058:1:1896,coco,74058,000000074058.jpg,1,person,person,False,5,71,0.0739771276712417,112.6553,169.5296,121.7691,185.1796,0.0,False,True
coco:74058:1:1896,coco,74058,000000074058.jpg,1,person,person,False,5,72,0.0732995867729187,22.5848,188.0646,32.436,216.4664,0.0102178175002336,False,True
coco:74058:1:1896,coco,74058,000000074058.jpg,1,person,person,False,5,73,0.072915069758892,340.1952,210.4661,347.1035,232.0493,0.0,False,True
coco:74058:1:1896,coco,74058,000000074058.jpg,1,person,person,False,5,74,0.0729022771120071,470.4462,203.1975,489.0463,221.6005,0.0,False,True
coco:74058:1:1896,coco,74058,000000074058.jpg,1,person,person,False,5,75,0.0725960955023765,169.4942,27.7872,384.7787,263.1561,0.0483901835978031,False,True
coco:74058:1:1896,coco,74058,000000074058.jpg,1,person,person,False,5,76,0.0721346363425254,54.916,285.2868,98.753,313.7661,0.0952773243188858,False,True
coco:74058:1:1896,coco,74058,000000074058.jpg,1,person,person,False,5,77,0.0715678110718727,583.4361,222.3896,593.4895,232.4551,0.0,False,True
coco:74058:1:1896,coco,74058,000000074058.jpg,1,person,person,False,5,78,0.0715499296784401,352.0737,210.6364,359.2556,224.4688,0.0,False,True
coco:74058:1:1896,coco,74058,000000074058.jpg,1,person,person,False,5,79,0.07122702896595,264.7786,200.5037,293.5225,264.7411,0.1606848239898681,False,True
coco:74058:1:1896,coco,74058,000000074058.jpg,1,person,person,False,5,80,0.0705075785517692,272.2449,197.0927,280.6369,214.4822,0.1571210920810699,False,True
coco:74058:1:1896,coco,74058,000000074058.jpg,1,person,person,False,5,81,0.0700304806232452,351.35,210.3298,359.4345,236.6556,0.0,False,True
coco:74058:1:1896,coco,74058,000000074058.jpg,1,person,person,False,5,82,0.0687684193253517,177.08,201.3387,185.2892,220.243,0.0177094545215368,False,True
coco:74058:1:1896,coco,74058,000000074058.jpg,1,person,person,False,5,83,0.068163938820362,370.568,214.2792,374.2996,223.8539,0.0,False,True
coco:74058:1:1896,coco,74058,000000074058.jpg,1,person,person,False,5,84,0.0669050216674804,15.6457,97.9115,44.6026,155.6857,0.0,False,True
coco:74058:1:1896,coco,74058,000000074058.jpg,1,person,person,False,5,85,0.0668942034244537,587.2848,224.3961,593.4565,232.3073,0.0,False,True
coco:74058:1:1896,coco,74058,000000074058.jpg,1,person,person,False,5,86,0.0662449300289154,159.4518,198.9315,183.3326,210.4095,0.0312791243195533,False,True
coco:74058:1:1896,coco,74058,000000074058.jpg,1,person,person,False,5,87,0.0658910572528839,298.6571,198.882,316.5945,223.0992,0.494808554649353,False,True
coco:74058:1:1896,coco,74058,000000074058.jpg,1,person,person,False,5,88,0.0647075325250625,0.1284,181.1765,37.6414,340.6598,0.0871709659695625,False,True
coco:74058:1:1896,coco,74058,000000074058.jpg,1,person,person,False,5,89,0.0644756779074668,381.1291,212.295,388.4532,232.036,0.0,False,True
coco:74058:1:1896,coco,74058,000000074058.jpg,1,person,person,False,5,90,0.0635011792182922,0.0326,160.3719,11.4553,199.4604,0.0,False,True
coco:74058:1:1896,coco,74058,000000074058.jpg,1,person,person,False,5,91,0.0621293261647224,285.3715,199.772,293.2138,212.9214,0.3183082938194275,False,True
coco:74058:1:1896,coco,74058,000000074058.jpg,1,person,person,False,5,92,0.0620383396744728,351.0657,197.9362,359.6965,209.8696,0.0,False,True
coco:74058:1:1896,coco,74058,000000074058.jpg,1,person,person,False,5,93,0.061960682272911,388.5629,216.9934,397.0863,239.7865,0.0,False,True
coco:74058:1:1896,coco,74058,000000074058.jpg,1,person,person,False,5,94,0.0617359168827533,104.2076,169.3838,121.263,187.1026,0.0,False,True
coco:74058:1:1896,coco,74058,000000074058.jpg,1,person,person,False,5,95,0.0616934671998024,274.6486,172.1674,294.2505,211.865,0.2431051582098007,False,True
coco:74058:1:1896,coco,74058,000000074058.jpg,1,person,person,False,5,96,0.0615971982479095,311.5883,220.9173,327.2559,244.0173,0.0316688679158687,False,True
coco:74058:1:1896,coco,74058,000000074058.jpg,1,person,person,False,5,97,0.0612901411950588,9.9214,181.6554,27.4283,202.1351,0.0,False,True
coco:74058:1:1896,coco,74058,000000074058.jpg,1,person,person,False,5,98,0.0607196688652038,12.1592,97.7567,44.9069,200.0565,0.0454825870692729,False,True
coco:74058:1:1896,coco,74058,000000074058.jpg,1,person,person,False,5,99,0.0597813688218593,175.8053,180.5913,187.279,203.8172,0.0304099842905998,False,True
coco:74058:1:1896,coco,74058,000000074058.jpg,1,person,person,False,5,100,0.0587755814194679,98.5011,172.307,121.4496,234.6799,0.0155533235520124,False,True
coco:74058:1:1896,coco,74058,000000074058.jpg,1,person,person,False,5,101,0.0584144778549671,522.7705,226.0888,538.0224,240.8237,0.0,False,True
coco:74058:1:1896,coco,74058,000000074058.jpg,1,person,person,False,5,102,0.0573265217244625,310.4995,202.6336,317.4624,214.7751,0.0893300324678421,False,True
coco:74058:1:1896,coco,74058,000000074058.jpg,1,person,person,False,5,103,0.0573190860450267,274.7541,175.9998,283.9911,191.7275,0.0,False,True
coco:74058:1:1896,coco,74058,000000074058.jpg,1,person,person,False,5,104,0.057178471237421,9.9141,183.0122,18.6422,201.0244,0.0,False,True
coco:74058:1:1896,coco,74058,000000074058.jpg,1,person,person,False,5,105,0.0570865236222744,299.698,188.4888,316.2027,212.2888,0.2181697934865951,False,True
coco:74058:1:1896,coco,74058,000000074058.jpg,1,person,person,False,5,106,0.0568763799965381,287.2325,210.0068,294.0726,221.073,0.1573357135057449,False,True
coco:74058:1:1896,coco,74058,000000074058.jpg,1,person,person,False,5,107,0.056390780955553,159.4766,193.3883,176.8737,209.2776,0.0315443873405456,False,True
coco:74058:1:1896,coco,74058,000000074058.jpg,1,person,person,False,5,108,0.0559135861694812,8.1813,182.3755,31.62,224.7281,0.0120105454698205,False,True
coco:74058:1:1896,coco,74058,000000074058.jpg,1,person,person,False,5,109,0.0553929023444652,288.8726,209.1576,315.8183,247.8127,0.3583381474018097,False,True
coco:74058:1:1896,coco,74058,000000074058.jpg,1,person,person,False,5,110,0.0552323199808597,315.9427,210.0321,323.9349,217.4833,0.0084748500958085,False,True
coco:74058:1:1896,coco,74058,000000074058.jpg,1,person,person,False,5,111,0.0546548329293727,300.1169,208.616,308.5083,215.0716,0.0617056004703044,False,True
coco:74058:1:1896,coco,74058,000000074058.jpg,1,person,person,False,5,112,0.0543834492564201,0.1143,238.4149,29.3389,426.257,0.008713143877685,False,True
coco:74058:1:1896,coco,74058,000000074058.jpg,1,person,person,False,5,113,0.0541937984526157,159.655,197.9417,183.7669,220.3566,0.0616750866174697,False,True
coco:74058:1:1896,coco,74058,000000074058.jpg,1,person,person,False,5,114,0.0541539043188095,0.1204,237.3253,72.9447,324.0999,0.2535634338855743,False,True
coco:74058:1:1896,coco,74058,000000074058.jpg,1,person,person,False,5,115,0.0540596432983875,591.5248,217.0716,596.6113,232.2054,0.0,False,True
coco:74058:1:1896,coco,74058,000000074058.jpg,1,person,person,False,5,116,0.0538599714636802,615.4837,205.5601,639.7384,247.0033,0.0,False,True
coco:74058:1:1896,coco,74058,000000074058.jpg,1,person,person,False,5,117,0.0537397228181362,606.2647,209.8159,611.1964,219.9195,0.0,False,True
coco:74058:1:1896,coco,74058,000000074058.jpg,1,person,person,False,5,118,0.0537305623292923,350.6573,198.8631,360.5697,223.448,0.0,False,True
coco:74058:1:1896,coco,74058,000000074058.jpg,1,person,person,False,5,119,0.0535579770803451,251.2451,188.5476,261.2143,203.7035,0.057439811527729,False,True
coco:74058:1:1896,coco,74058,000000074058.jpg,1,person,person,False,5,120,0.0535238832235336,402.4613,216.7277,411.2744,234.6995,0.0,False,True
coco:74058:1:1896,coco,74058,000000074058.jpg,1,person,person,False,5,121,0.0534670129418373,159.016,170.9641,186.7207,208.2006,0.1177235543727874,False,True
coco:74058:1:1896,coco,74058,000000074058.jpg,1,person,person,False,5,122,0.0524150319397449,204.0167,198.2686,235.777,264.1236,0.0,False,True
coco:74058:1:1896,coco,74058,000000074058.jpg,1,person,person,False,5,123,0.0520233139395713,0.0993,160.9453,23.8766,351.3239,0.0,False,True
coco:74058:1:1896,coco,74058,000000074058.jpg,1,person,person,False,5,124,0.0519840642809867,234.2309,201.1534,247.1326,214.8719,0.0,False,True
coco:74058:1:1896,coco,74058,000000074058.jpg,1,person,person,False,5,125,0.0516606941819191,0.4435,93.4437,44.8993,155.3056,0.0,False,True
coco:74058:1:1896,coco,74058,000000074058.jpg,1,person,person,False,5,126,0.0511636510491371,277.0067,209.6018,292.4206,226.6865,0.2805716395378113,False,True
coco:74058:1:1896,coco,74058,000000074058.jpg,1,person,person,False,5,127,0.0511226579546928,370.8333,213.9391,373.6955,221.2998,0.0,False,True
coco:74058:1:1896,coco,74058,000000074058.jpg,1,person,person,False,5,128,0.051037635654211,285.5087,134.3549,384.3793,242.7769,0.0818959474563598,False,True
coco:74058:18:1897,coco,74058,000000074058.jpg,18,dog,dog,True,0,0,0.0906551405787468,286.4402,221.2069,315.479,257.633,0.0,False,True
coco:74058:18:1897,coco,74058,000000074058.jpg,18,dog,dog,True,0,1,0.0690971165895462,52.7826,56.1696,99.9064,117.0107,0.0,False,True
coco:74058:18:1897,coco,74058,000000074058.jpg,18,dog,dog,True,0,2,0.06374142318964,414.3503,202.9386,556.3431,357.5596,0.0,False,True
coco:74058:18:1897,coco,74058,000000074058.jpg,18,dog,dog,True,0,3,0.058447740972042,462.2478,214.0326,556.0424,357.6612,0.0,False,True
coco:74058:27:1898,coco,74058,000000074058.jpg,27,backpack,backpack,True,0,0,0.1021818071603775,438.7055,207.8053,486.822,252.589,0.0,False,True
coco:74058:27:1898,coco,74058,000000074058.jpg,27,backpack,backpack,True,0,1,0.0986493304371833,54.7233,56.7691,99.816,116.9224,0.0,False,True
coco:74058:27:1898,coco,74058,000000074058.jpg,27,backpack,backpack,True,0,2,0.0904476940631866,0.5679,92.0066,44.5388,153.2737,0.0,False,True
coco:74058:27:1898,coco,74058,000000074058.jpg,27,backpack,backpack,True,0,3,0.0877203196287155,24.5048,256.3735,44.9931,294.6222,0.0,False,True
coco:74058:27:1898,coco,74058,000000074058.jpg,27,backpack,backpack,True,0,4,0.0720893070101738,61.6886,92.4981,82.1862,116.9314,0.0,False,True
coco:74058:27:1898,coco,74058,000000074058.jpg,27,backpack,backpack,True,0,5,0.0713315457105636,402.107,237.1454,427.8946,268.7752,0.0,False,True
coco:74058:27:1898,coco,74058,000000074058.jpg,27,backpack,backpack,True,0,6,0.0678335800766944,402.1806,221.7942,430.7765,268.9192,0.0,False,True
coco:74058:27:1898,coco,74058,000000074058.jpg,27,backpack,backpack,True,0,7,0.0645107850432396,311.5732,220.7637,327.5411,243.14,0.0,False,True
coco:74058:27:1898,coco,74058,000000074058.jpg,27,backpack,backpack,True,0,8,0.0606578215956687,493.5711,213.2591,524.9023,265.1746,0.0,False,True
coco:74058:27:1898,coco,74058,000000074058.jpg,27,backpack,backpack,True,0,9,0.0594400838017463,24.4724,256.1562,72.4739,324.9324,0.0,False,True
coco:74058:27:1898,coco,74058,000000074058.jpg,27,backpack,backpack,True,0,10,0.0552067831158638,402.1539,238.4336,418.4036,266.2206,0.0,False,True
coco:74058:27:1898,coco,74058,000000074058.jpg,27,backpack,backpack,True,0,11,0.0535184256732463,466.5352,199.5151,495.3561,224.2552,0.0,False,True
coco:74058:27:1898,coco,74058,000000074058.jpg,27,backpack,backpack,True,0,12,0.0522555112838745,418.4787,204.3264,556.2745,357.6613,0.0,False,True
coco:74200:1:1902,coco,74200,000000074200.jpg,1,person,person,False,6,0,0.7277597188949585,477.9183,384.1828,491.8808,422.5747,0.9204601049423218,True,False
coco:74200:1:1902,coco,74200,000000074200.jpg,1,person,person,False,6,1,0.676040530204773,445.9127,383.9001,460.7147,422.9473,0.814530074596405,True,False
coco:74200:1:1902,coco,74200,000000074200.jpg,1,person,person,False,6,2,0.4650768041610718,401.4611,380.7538,410.5822,402.4391,0.0,False,True
coco:74200:1:1902,coco,74200,000000074200.jpg,1,person,person,False,6,3,0.4584695994853973,0.1145,0.3011,47.7302,112.354,0.7915643453598022,True,False
coco:74200:1:1902,coco,74200,000000074200.jpg,1,person,person,False,6,4,0.3789774477481842,418.5437,348.3105,429.4153,373.3633,0.9183075428009032,True,False
coco:74200:1:1902,coco,74200,000000074200.jpg,1,person,person,False,6,5,0.3779435455799103,387.1956,354.4397,396.0035,376.0388,0.1943242698907852,False,True
coco:74200:1:1902,coco,74200,000000074200.jpg,1,person,person,False,6,6,0.3642248809337616,409.6833,382.7097,416.0802,402.1233,0.0,False,True
coco:74200:1:1902,coco,74200,000000074200.jpg,1,person,person,False,6,7,0.3262175917625427,389.7975,385.4748,398.7816,402.6437,0.0,False,True
coco:74200:1:1902,coco,74200,000000074200.jpg,1,person,person,False,6,8,0.294351577758789,403.2331,342.2746,414.5152,366.1218,0.6544893383979797,True,False
coco:74200:1:1902,coco,74200,000000074200.jpg,1,person,person,False,6,9,0.2813203036785126,412.1277,348.0758,429.2616,373.7562,0.5719383358955383,True,False
coco:74200:1:1902,coco,74200,000000074200.jpg,1,person,person,False,6,10,0.2288577556610107,394.8258,349.4229,408.5996,375.3174,0.3573368191719055,False,True
coco:74200:1:1902,coco,74200,000000074200.jpg,1,person,person,False,6,11,0.2288224399089813,395.0887,349.1291,405.497,367.3453,0.5472321510314941,True,False
coco:74200:1:1902,coco,74200,000000074200.jpg,1,person,person,False,6,12,0.1685914844274521,593.4596,388.8801,608.4018,417.7374,0.0,False,True
coco:74200:1:1902,coco,74200,000000074200.jpg,1,person,person,False,6,13,0.1493509113788604,397.6878,360.9331,409.9823,375.4805,0.159765288233757,False,True
coco:74200:1:1902,coco,74200,000000074200.jpg,1,person,person,False,6,14,0.1450478583574295,387.164,347.5911,396.9863,376.0856,0.3231263160705566,False,True
coco:74200:1:1902,coco,74200,000000074200.jpg,1,person,person,False,6,15,0.143533706665039,593.7916,391.1919,601.7806,416.4696,0.0,False,True
coco:74200:1:1902,coco,74200,000000074200.jpg,1,person,person,False,6,16,0.1424199640750885,412.1737,339.8019,421.3754,360.9042,0.140367329120636,False,True
coco:74200:1:1902,coco,74200,000000074200.jpg,1,person,person,False,6,17,0.1410486549139022,362.7314,369.121,369.8081,382.8315,0.0,False,True
coco:74200:1:1902,coco,74200,000000074200.jpg,1,person,person,False,6,18,0.1392795592546463,414.4435,339.2628,422.0157,353.0337,0.0456989221274852,False,True
coco:74200:1:1902,coco,74200,000000074200.jpg,1,person,person,False,6,19,0.1261445432901382,600.7201,392.8569,608.6533,416.8069,0.0,False,True
coco:74200:1:1902,coco,74200,000000074200.jpg,1,person,person,False,6,20,0.1246276870369911,421.6065,335.4002,428.5594,348.9973,0.026305079460144,False,True
coco:74200:1:1902,coco,74200,000000074200.jpg,1,person,person,False,6,21,0.1196405515074729,388.0298,347.8383,396.7182,368.1815,0.4057923257350921,False,True
coco:74200:1:1902,coco,74200,000000074200.jpg,1,person,person,False,6,22,0.1157743856310844,358.4941,367.5478,365.3152,383.2285,0.0,False,True
coco:74200:1:1902,coco,74200,000000074200.jpg,1,person,person,False,6,23,0.1142079755663871,491.6478,390.1483,496.7192,401.9948,0.0,False,True
coco:74200:1:1902,coco,74200,000000074200.jpg,1,person,person,False,6,24,0.1136246249079704,408.45,341.9973,417.8717,370.5196,0.4770147502422333,False,True
coco:74200:1:1902,coco,74200,000000074200.jpg,1,person,person,False,6,25,0.1130559667944908,410.9258,362.8801,419.9302,374.2179,0.096545860171318,False,True
coco:74200:1:1902,coco,74200,000000074200.jpg,1,person,person,False,6,26,0.1126284301280975,411.3944,340.385,418.5083,356.7948,0.1502707004547119,False,True
coco:74200:1:1902,coco,74200,000000074200.jpg,1,person,person,False,6,27,0.1077644675970077,389.2567,347.364,397.9715,365.2016,0.504083514213562,True,False
coco:74200:1:1902,coco,74200,000000074200.jpg,1,person,person,False,6,28,0.1071966215968132,394.7626,366.9573,402.5791,376.0027,0.002718471456319,False,True
coco:74200:1:1902,coco,74200,000000074200.jpg,1,person,person,False,6,29,0.1060956716537475,0.1894,0.3903,47.8359,284.8188,0.3656859993934631,False,True
coco:74200:1:1902,coco,74200,000000074200.jpg,1,person,person,False,6,30,0.1044065654277801,366.4771,368.6962,370.7496,382.377,0.0,False,True
coco:74200:1:1902,coco,74200,000000074200.jpg,1,person,person,False,6,31,0.1040917113423347,357.0818,345.6307,371.0461,382.5424,0.0,False,True
coco:74200:1:1902,coco,74200,000000074200.jpg,1,person,person,False,6,32,0.1030726805329322,402.2215,369.1646,408.3085,375.7305,0.0285804308950901,False,True
coco:74200:1:1902,coco,74200,000000074200.jpg,1,person,person,False,6,33,0.1026409491896629,33.2422,385.0568,48.1789,406.6216,0.0,False,True
coco:74200:1:1902,coco,74200,000000074200.jpg,1,person,person,False,6,34,0.100695714354515,71.8039,378.1664,85.1588,401.61,0.0,False,True
coco:74200:1:1902,coco,74200,000000074200.jpg,1,person,person,False,6,35,0.0998214110732078,420.4252,348.1576,428.9427,361.387,0.4158954322338104,False,True
coco:74200:1:1902,coco,74200,000000074200.jpg,1,person,person,False,6,36,0.0997896045446395,396.2127,386.3817,402.696,402.6938,0.0,False,True
coco:74200:1:1902,coco,74200,000000074200.jpg,1,person,person,False,6,37,0.0966746658086776,350.1292,368.6061,360.6898,385.0272,0.0,False,True
coco:74200:1:1902,coco,74200,000000074200.jpg,1,person,person,False,6,38,0.0891574770212173,389.2206,347.0505,396.1513,357.4123,0.2176192253828048,False,True
coco:74200:1:1902,coco,74200,000000074200.jpg,1,person,person,False,6,39,0.0861110761761665,71.4582,378.3331,88.6389,426.0714,0.0,False,True
coco:74200:1:1902,coco,74200,000000074200.jpg,1,person,person,False,6,40,0.0847068354487419,388.1171,336.6325,429.3092,375.4971,0.2454582005739212,False,True
coco:74200:1:1902,coco,74200,000000074200.jpg,1,person,person,False,6,41,0.0835755169391632,403.854,380.9669,410.4918,401.5468,0.0,False,True
coco:74200:1:1902,coco,74200,000000074200.jpg,1,person,person,False,6,42,0.0788654834032058,428.337,0.3819,638.5278,431.4446,0.0066378535702824,False,True
coco:74200:1:1902,coco,74200,000000074200.jpg,1,person,person,False,6,43,0.0783220753073692,0.3556,-0.4446,47.9374,479.5435,0.2242237031459808,False,True
coco:74200:1:1902,coco,74200,000000074200.jpg,1,person,person,False,6,44,0.0772773697972297,401.8506,343.2863,409.215,361.3273,0.3122382164001465,False,True
coco:74200:1:1902,coco,74200,000000074200.jpg,1,person,person,False,6,45,0.0749036818742752,32.8303,375.9616,51.6223,406.6355,0.0,False,True
coco:74200:1:1902,coco,74200,000000074200.jpg,1,person,person,False,6,46,0.0735799819231033,393.7042,423.3237,400.5583,432.6387,0.0,False,True
coco:74200:1:1902,coco,74200,000000074200.jpg,1,person,person,False,6,47,0.0729066357016563,258.042,-0.0922,411.7104,303.7543,0.0,False,True
coco:74200:1:1902,coco,74200,000000074200.jpg,1,person,person,False,6,48,0.0713889226317405,349.9393,345.3998,371.1219,384.8998,0.0,False,True
coco:74200:1:1902,coco,74200,000000074200.jpg,1,person,person,False,6,49,0.070422776043415,397.5077,341.6127,405.0375,351.0168,0.0686410069465637,False,True
coco:74200:1:1902,coco,74200,000000074200.jpg,1,person,person,False,6,50,0.0702796652913093,73.1128,378.1418,82.3975,392.473,0.0,False,True
coco:74200:1:1902,coco,74200,000000074200.jpg,1,person,person,False,6,51,0.0694515034556388,145.7081,300.9578,159.7761,320.9174,0.0,False,True
coco:74200:1:1902,coco,74200,000000074200.jpg,1,person,person,False,6,52,0.0688981711864471,401.0862,424.4507,407.5436,432.3425,0.0,False,True
coco:74200:1:1902,coco,74200,000000074200.jpg,1,person,person,False,6,53,0.0680477544665336,137.7303,250.0332,172.5224,300.1801,0.0,False,True
coco:74200:1:1902,coco,74200,000000074200.jpg,1,person,person,False,6,54,0.0678176805377006,496.3452,371.6128,506.2354,385.4139,0.0,False,True
coco:74200:1:1902,coco,74200,000000074200.jpg,1,person,person,False,6,55,0.0663949102163314,388.4301,385.2679,399.2975,423.1956,0.0,False,True
coco:74200:1:1902,coco,74200,000000074200.jpg,1,person,person,False,6,56,0.0655333772301673,357.6482,345.0565,370.8423,366.5905,0.0,False,True
coco:74200:1:1902,coco,74200,000000074200.jpg,1,person,person,False,6,57,0.0654697343707084,410.1726,339.0434,416.4525,348.2122,0.0762147307395935,False,True
coco:74200:1:1902,coco,74200,000000074200.jpg,1,person,person,False,6,58,0.0634842067956924,387.1603,355.1913,393.5762,375.7142,0.121959701180458,False,True
coco:74200:1:1902,coco,74200,000000074200.jpg,1,person,person,False,6,59,0.0627075061202049,119.0513,310.0454,129.7336,320.8629,0.0,False,True
coco:74200:1:1902,coco,74200,000000074200.jpg,1,person,person,False,6,60,0.061216901987791,389.1193,381.9142,395.6633,390.6674,0.0,False,True
coco:74200:1:1902,coco,74200,000000074200.jpg,1,person,person,False,6,61,0.0610060766339302,403.1227,341.887,415.4564,373.9913,0.7909870147705078,True,False
coco:74200:1:1902,coco,74200,000000074200.jpg,1,person,person,False,6,62,0.0609502978622913,394.0745,423.7563,407.1292,432.7549,0.0,False,True
coco:74200:1:1902,coco,74200,000000074200.jpg,1,person,person,False,6,63,0.0605089738965034,397.3117,360.4646,408.9843,368.5994,0.1305664777755737,False,True
coco:74200:1:1902,coco,74200,000000074200.jpg,1,person,person,False,6,64,0.0587247461080551,72.4964,392.6882,88.1276,426.2312,0.0,False,True
coco:74200:1:1902,coco,74200,000000074200.jpg,1,person,person,False,6,65,0.0575627833604812,103.6738,405.6134,111.3098,421.7634,0.0,False,True
coco:74200:1:1902,coco,74200,000000074200.jpg,1,person,person,False,6,66,0.0571471415460109,348.8795,350.7585,356.3574,367.6926,0.0,False,True
coco:74200:1:1902,coco,74200,000000074200.jpg,1,person,person,False,6,67,0.056175485253334,387.4691,348.2673,406.5146,376.0673,0.5124397873878479,True,False
coco:74200:1:1902,coco,74200,000000074200.jpg,1,person,person,False,6,68,0.0548560582101345,349.22,264.3586,418.009,280.6057,0.0,False,True
coco:74200:1:1902,coco,74200,000000074200.jpg,1,person,person,False,6,69,0.0537726208567619,54.5689,377.303,86.3443,416.9277,0.0,False,True
coco:74200:1:1902,coco,74200,000000074200.jpg,1,person,person,False,6,70,0.05324013158679,46.6678,81.754,143.0879,336.9859,0.0115283392369747,False,True
coco:74200:1:1902,coco,74200,000000074200.jpg,1,person,person,False,6,71,0.0530024729669094,348.4476,317.7064,371.4868,384.9942,0.0,False,True
coco:74200:1:1902,coco,74200,000000074200.jpg,1,person,person,False,6,72,0.0524888299405574,410.6096,338.3673,417.0751,346.3348,0.0449308082461357,False,True
coco:74200:1:1902,coco,74200,000000074200.jpg,1,person,person,False,6,73,0.0522896312177181,404.2775,380.6427,409.2433,388.3018,0.0,False,True
coco:74200:1:1902,coco,74200,000000074200.jpg,1,person,person,False,6,74,0.0508749261498451,412.7916,365.375,419.1419,374.2075,0.0457851588726043,False,True
coco:74200:1:1902,coco,74200,000000074200.jpg,1,person,person,False,6,75,0.0508472025394439,349.4881,264.2599,418.4127,290.5006,0.0,False,True
coco:74200:1:1902,coco,74200,000000074200.jpg,1,person,person,False,6,76,0.0506016388535499,452.4667,361.4129,458.4692,367.5389,0.0,False,True
coco:74200:1:1902,coco,74200,000000074200.jpg,1,person,person,False,6,77,0.0504406467080116,69.3888,321.3084,79.1062,339.9968,0.0,False,True
coco:74200:9:1903,coco,74200,000000074200.jpg,9,boat,boat,True,0,0,0.3544632196426391,428.0909,0.2457,638.9933,431.4109,0.0,False,True
coco:74200:9:1903,coco,74200,000000074200.jpg,9,boat,boat,True,0,1,0.3040010035037994,257.4741,0.0383,412.429,304.0214,0.0,False,True
coco:74200:9:1903,coco,74200,000000074200.jpg,9,boat,boat,True,0,2,0.2903068959712982,1.0727,0.5514,638.9888,477.4564,0.0,False,True
coco:74200:9:1903,coco,74200,000000074200.jpg,9,boat,boat,True,0,3,0.2472618073225021,46.6097,81.5264,142.7077,362.4259,0.0,False,True
coco:74200:9:1903,coco,74200,000000074200.jpg,9,boat,boat,True,0,4,0.1080470532178878,258.3177,0.572,639.0452,431.5847,0.0,False,True
coco:74200:9:1903,coco,74200,000000074200.jpg,9,boat,boat,True,0,5,0.1076292693614959,257.6409,-0.241,415.2671,430.0679,0.0,False,True
coco:74200:9:1903,coco,74200,000000074200.jpg,9,boat,boat,True,0,6,0.1019535735249519,1.7947,1.2433,411.762,430.4081,0.0,False,True
coco:74200:9:1903,coco,74200,000000074200.jpg,9,boat,boat,True,0,7,0.0917996913194656,515.5298,375.7269,582.3156,431.8555,0.0,False,True
coco:74200:9:1903,coco,74200,000000074200.jpg,9,boat,boat,True,0,8,0.0851186141371727,515.8426,375.9929,560.0422,406.6357,0.0,False,True
coco:74200:9:1903,coco,74200,000000074200.jpg,9,boat,boat,True,0,9,0.0844465345144271,58.653,0.3324,383.4349,267.383,0.0,False,True
coco:74200:9:1903,coco,74200,000000074200.jpg,9,boat,boat,True,0,10,0.0782837346196174,42.2787,0.0678,379.7264,75.7278,0.0,False,True
coco:74200:9:1903,coco,74200,000000074200.jpg,9,boat,boat,True,0,11,0.075895220041275,130.0481,267.1628,261.8271,403.4162,0.0,False,True
coco:74200:9:1903,coco,74200,000000074200.jpg,9,boat,boat,True,0,12,0.0724812000989914,0.5725,431.5157,639.8466,479.3301,0.0,False,True
coco:74200:9:1903,coco,74200,000000074200.jpg,9,boat,boat,True,0,13,0.0696296244859695,430.6524,341.3816,518.757,434.037,0.0,False,True
coco:74200:9:1903,coco,74200,000000074200.jpg,9,boat,boat,True,0,14,0.062683068215847,598.9863,161.5271,639.6056,299.2149,0.0,False,True
coco:74200:9:1903,coco,74200,000000074200.jpg,9,boat,boat,True,0,15,0.0623853467404842,515.064,375.0082,638.8748,431.6259,0.0,False,True
coco:74200:9:1903,coco,74200,000000074200.jpg,9,boat,boat,True,0,16,0.0612455233931541,554.3389,161.7893,639.056,300.0441,0.0,False,True
coco:74200:9:1903,coco,74200,000000074200.jpg,9,boat,boat,True,0,17,0.0611897744238376,169.8826,297.7035,327.5129,436.0384,0.0,False,True
coco:74200:9:1903,coco,74200,000000074200.jpg,9,boat,boat,True,0,18,0.0609831511974334,552.9774,405.0494,569.8657,414.7195,0.0,False,True
coco:74200:9:1903,coco,74200,000000074200.jpg,9,boat,boat,True,0,19,0.0593785755336284,370.4056,308.0118,434.7119,421.1876,0.0,False,True
coco:74200:9:1903,coco,74200,000000074200.jpg,9,boat,boat,True,0,20,0.0579059645533561,122.6659,111.9842,300.37,265.412,0.0,False,True
coco:74200:9:1903,coco,74200,000000074200.jpg,9,boat,boat,True,0,21,0.057513952255249,346.9348,307.6796,403.2871,392.3654,0.0,False,True
coco:74200:9:1903,coco,74200,000000074200.jpg,9,boat,boat,True,0,22,0.053182728588581,554.8652,161.5071,629.5023,264.9206,0.0,False,True
coco:74200:9:1903,coco,74200,000000074200.jpg,9,boat,boat,True,0,23,0.0516726784408092,438.1209,357.0364,508.3532,423.4354,0.0,False,True
coco:74200:9:1903,coco,74200,000000074200.jpg,9,boat,boat,True,0,24,0.0507236719131469,525.7142,397.6384,581.3669,431.6404,0.0,False,True
coco:74200:9:1903,coco,74200,000000074200.jpg,9,boat,boat,True,0,25,0.0504042170941829,462.1345,271.9068,638.991,429.2076,0.0,False,True
coco:74200:67:1904,coco,74200,000000074200.jpg,67,dining table,dining table,True,0,0,0.1562631875276565,0.7019,430.9409,639.5378,479.3233,0.0,False,True
coco:74200:67:1904,coco,74200,000000074200.jpg,67,dining table,dining table,True,0,1,0.1547316610813141,54.0437,338.7758,109.6037,433.3446,0.0,False,True
coco:74200:67:1904,coco,74200,000000074200.jpg,67,dining table,dining table,True,0,2,0.099293902516365,374.231,264.6559,418.1156,289.2373,0.0,False,True
coco:74200:67:1904,coco,74200,000000074200.jpg,67,dining table,dining table,True,0,3,0.0927227362990379,61.3611,339.0876,106.4397,369.4634,0.0,False,True
coco:74200:67:1904,coco,74200,000000074200.jpg,67,dining table,dining table,True,0,4,0.089960902929306,0.9343,406.228,639.0649,479.0644,0.0,False,True
coco:74200:67:1904,coco,74200,000000074200.jpg,67,dining table,dining table,True,0,5,0.0839763134717941,8.6132,367.564,157.1648,432.0411,0.0,False,True
coco:74200:67:1904,coco,74200,000000074200.jpg,67,dining table,dining table,True,0,6,0.0762220695614814,1.3219,369.4224,639.0026,479.0694,0.0,False,True
coco:74200:67:1904,coco,74200,000000074200.jpg,67,dining table,dining table,True,0,7,0.0755598545074462,48.1793,338.0358,145.0405,433.5983,0.0,False,True
coco:74200:67:1904,coco,74200,000000074200.jpg,67,dining table,dining table,True,0,8,0.0755014270544052,61.2981,339.0009,104.8763,348.0969,0.0,False,True
coco:74200:67:1904,coco,74200,000000074200.jpg,67,dining table,dining table,True,0,9,0.0753060430288314,1.5038,0.4276,638.6782,477.8718,0.0,False,True
coco:74200:67:1904,coco,74200,000000074200.jpg,67,dining table,dining table,True,0,10,0.0744883045554161,326.7374,286.2996,421.7077,435.1032,0.0,False,True
coco:74200:67:1904,coco,74200,000000074200.jpg,67,dining table,dining table,True,0,11,0.0741474404931068,46.8409,82.0331,142.7842,349.5823,0.0,False,True
coco:74200:67:1904,coco,74200,000000074200.jpg,67,dining table,dining table,True,0,12,0.0715487077832222,1.1457,294.6374,639.3112,478.7723,0.0,False,True
coco:74200:67:1904,coco,74200,000000074200.jpg,67,dining table,dining table,True,0,13,0.070578895509243,430.7814,341.0719,518.722,433.5081,0.0,False,True
coco:74200:67:1904,coco,74200,000000074200.jpg,67,dining table,dining table,True,0,14,0.070178173482418,375.3876,264.6866,417.7377,281.4827,0.0,False,True
coco:74200:67:1904,coco,74200,000000074200.jpg,67,dining table,dining table,True,0,15,0.0670234039425849,160.0614,264.4226,417.8,320.6041,0.0,False,True
coco:74200:67:1904,coco,74200,000000074200.jpg,67,dining table,dining table,True,0,16,0.0641790628433227,170.2081,297.048,327.8284,435.779,0.0,False,True
coco:74200:67:1904,coco,74200,000000074200.jpg,67,dining table,dining table,True,0,17,0.0640789717435836,257.8348,0.3643,411.8289,304.6938,0.0,False,True
coco:74200:67:1904,coco,74200,000000074200.jpg,67,dining table,dining table,True,0,18,0.0593016743659973,350.2623,264.3895,418.1234,289.3237,0.0,False,True
coco:74200:67:1904,coco,74200,000000074200.jpg,67,dining table,dining table,True,0,19,0.0568387731909751,9.1494,369.153,61.9795,432.0017,0.0,False,True
coco:74457:42:1911,coco,74457,000000074457.jpg,42,surfboard,surfboard,False,1,0,0.8895379304885864,370.0126,184.9066,542.9416,231.2742,0.9251314401626588,True,False
coco:74457:44:1912,coco,74457,000000074457.jpg,44,bottle,bottle,True,0,0,0.1587806344032287,377.4568,208.6379,382.3924,221.0215,0.0,False,True
coco:74457:44:1912,coco,74457,000000074457.jpg,44,bottle,bottle,True,0,1,0.0982134938240051,371.0028,184.5693,542.5753,230.8264,0.0,False,True
coco:74457:44:1912,coco,74457,000000074457.jpg,44,bottle,bottle,True,0,2,0.0912991538643837,134.6153,205.7717,138.5325,209.7439,0.0,False,True
coco:74457:44:1912,coco,74457,000000074457.jpg,44,bottle,bottle,True,0,3,0.0688016265630722,374.4202,203.9144,382.5778,221.2523,0.0,False,True
coco:74457:44:1912,coco,74457,000000074457.jpg,44,bottle,bottle,True,0,4,0.0674546957015991,438.2507,158.3076,450.5229,167.9137,0.0,False,True
coco:74457:44:1912,coco,74457,000000074457.jpg,44,bottle,bottle,True,0,5,0.0505340248346328,439.0562,163.946,450.2304,168.4545,0.0,False,True
coco:74457:88:1913,coco,74457,000000074457.jpg,88,teddy bear,teddy bear,True,0,0,0.0878661572933197,370.8113,184.5876,542.5109,231.2156,0.0,False,True
coco:74457:88:1913,coco,74457,000000074457.jpg,88,teddy bear,teddy bear,True,0,1,0.0540047101676464,431.5053,157.8045,472.1384,248.4727,0.0,False,True
coco:76211:85:1932,coco,76211,000000076211.jpg,85,clock,clock,False,1,0,0.8621754050254822,369.252,172.5791,441.2713,245.6292,0.490370512008667,False,True
coco:76211:32:1933,coco,76211,000000076211.jpg,32,tie,tie,True,0,0,0.1023348197340965,370.2823,173.4924,441.3399,245.4236,0.0,False,True
coco:76211:32:1933,coco,76211,000000076211.jpg,32,tie,tie,True,0,1,0.0949387848377227,528.1868,291.6671,639.405,392.0003,0.0,False,True
coco:76211:32:1933,coco,76211,000000076211.jpg,32,tie,tie,True,0,2,0.0804998725652694,377.4591,181.5139,427.8577,232.14,0.0,False,True
coco:76211:32:1933,coco,76211,000000076211.jpg,32,tie,tie,True,0,3,0.0800904855132103,73.9295,345.6596,89.9018,383.4743,0.0,False,True
coco:76211:32:1933,coco,76211,000000076211.jpg,32,tie,tie,True,0,4,0.0717068389058113,37.3306,367.1295,47.5065,383.4194,0.0,False,True
coco:76211:32:1933,coco,76211,000000076211.jpg,32,tie,tie,True,0,5,0.0575701221823692,389.9548,305.699,486.1041,449.5938,0.0,False,True
coco:76211:32:1933,coco,76211,000000076211.jpg,32,tie,tie,True,0,6,0.0571620464324951,21.6582,346.5374,38.8594,383.2188,0.0,False,True
coco:76211:32:1933,coco,76211,000000076211.jpg,32,tie,tie,True,0,7,0.0564343221485614,47.12,348.7791,65.4182,382.6219,0.0,False,True
coco:76211:32:1933,coco,76211,000000076211.jpg,32,tie,tie,True,0,8,0.0562214292585849,613.4435,370.0403,625.4711,384.5558,0.0,False,True
coco:76211:13:1934,coco,76211,000000076211.jpg,13,stop sign,stop sign,True,0,0,0.1947252303361892,369.7315,172.8594,441.5266,245.6692,0.0,False,True
coco:76211:13:1934,coco,76211,000000076211.jpg,13,stop sign,stop sign,True,0,1,0.0690514594316482,2.0148,-0.0626,638.5168,472.9893,0.0,False,True
coco:76211:13:1934,coco,76211,000000076211.jpg,13,stop sign,stop sign,True,0,2,0.0614133290946483,375.8107,179.8989,428.6814,234.811,0.0,False,True
coco:76211:13:1934,coco,76211,000000076211.jpg,13,stop sign,stop sign,True,0,3,0.0580026768147945,527.1941,290.1067,638.9536,393.6678,0.0,False,True
coco:76211:13:1934,coco,76211,000000076211.jpg,13,stop sign,stop sign,True,0,4,0.0541491918265819,389.5266,305.3855,485.4486,449.9606,0.0,False,True
coco:76468:62:1944,coco,76468,000000076468.jpg,62,chair,chair,False,10,0,0.5030021071434021,442.7231,420.6977,537.931,479.8893,0.9389826655387878,True,False
coco:76468:62:1944,coco,76468,000000076468.jpg,62,chair,chair,False,10,1,0.4471867382526397,543.1035,424.707,639.769,479.8176,0.8538060784339905,True,False
coco:76468:62:1944,coco,76468,000000076468.jpg,62,chair,chair,False,10,2,0.4097854793071747,104.9511,55.6668,127.7841,70.2931,0.0,False,True
coco:76468:62:1944,coco,76468,000000076468.jpg,62,chair,chair,False,10,3,0.4078558087348938,130.0062,56.0765,153.7891,71.448,0.0,False,True
coco:76468:62:1944,coco,76468,000000076468.jpg,62,chair,chair,False,10,4,0.4033925533294678,128.8119,70.2406,151.7856,85.5683,0.0,False,True
coco:76468:62:1944,coco,76468,000000076468.jpg,62,chair,chair,False,10,5,0.4027646780014038,81.5011,69.7303,104.0239,85.1272,0.0,False,True
coco:76468:62:1944,coco,76468,000000076468.jpg,62,chair,chair,False,10,6,0.4005647897720337,137.7502,112.3937,162.2772,130.0959,0.0433780811727047,False,True
coco:76468:62:1944,coco,76468,000000076468.jpg,62,chair,chair,False,10,7,0.399360716342926,32.1598,192.0082,57.4535,202.1236,0.0,False,True
coco:76468:62:1944,coco,76468,000000076468.jpg,62,chair,chair,False,10,8,0.3992261886596679,125.3368,84.0148,148.324,99.6105,0.0,False,True
coco:76468:62:1944,coco,76468,000000076468.jpg,62,chair,chair,False,10,9,0.39899742603302,112.6597,191.3082,139.7952,201.8945,0.0,False,True
coco:76468:62:1944,coco,76468,000000076468.jpg,62,chair,chair,False,10,10,0.3970105648040771,104.9986,69.1164,128.1582,84.9574,0.0,False,True
coco:76468:62:1944,coco,76468,000000076468.jpg,62,chair,chair,False,10,11,0.3963167369365692,326.1371,17.9224,346.0046,30.9983,0.0,False,True
coco:76468:62:1944,coco,76468,000000076468.jpg,62,chair,chair,False,10,12,0.3949112296104431,284.9043,18.4363,304.9534,32.7861,0.0,False,True
coco:76468:62:1944,coco,76468,000000076468.jpg,62,chair,chair,False,10,13,0.3928802609443664,304.8936,18.1838,326.0307,32.3748,0.0,False,True
coco:76468:62:1944,coco,76468,000000076468.jpg,62,chair,chair,False,10,14,0.3898964524269104,94.3912,178.0181,120.4343,192.6909,0.0,False,True
coco:76468:62:1944,coco,76468,000000076468.jpg,62,chair,chair,False,10,15,0.3892120122909546,23.1092,144.1802,44.6378,158.4488,0.0,False,True
coco:76468:62:1944,coco,76468,000000076468.jpg,62,chair,chair,False,10,16,0.3892083764076233,160.1025,128.3394,185.2596,146.9167,0.8945023417472839,True,False
coco:76468:62:1944,coco,76468,000000076468.jpg,62,chair,chair,False,10,17,0.3886742293834686,99.7105,83.2078,123.9546,99.2044,0.0,False,True
coco:76468:62:1944,coco,76468,000000076468.jpg,62,chair,chair,False,10,18,0.3877662718296051,444.9324,162.3585,470.5423,178.8257,0.0,False,True
coco:76468:62:1944,coco,76468,000000076468.jpg,62,chair,chair,False,10,19,0.3868356943130493,120.9103,98.0021,144.4412,115.8181,0.0,False,True
coco:76468:62:1944,coco,76468,000000076468.jpg,62,chair,chair,False,10,20,0.3854216337203979,85.4801,111.8056,110.3851,129.3656,0.7920961380004883,True,False
coco:76468:62:1944,coco,76468,000000076468.jpg,62,chair,chair,False,10,21,0.3825866281986236,256.4396,30.4123,278.2827,44.7017,0.0,False,True
coco:76468:62:1944,coco,76468,000000076468.jpg,62,chair,chair,False,10,22,0.3822474479675293,351.8675,42.6846,373.3963,56.4713,0.0,False,True
coco:76468:62:1944,coco,76468,000000076468.jpg,62,chair,chair,False,10,23,0.3818576037883758,141.6502,191.1706,167.1003,201.9235,0.0,False,True
coco:76468:62:1944,coco,76468,000000076468.jpg,62,chair,chair,False,10,24,0.3817285597324371,279.3451,112.1095,302.1666,129.5633,0.0,False,True
coco:76468:62:1944,coco,76468,000000076468.jpg,62,chair,chair,False,10,25,0.381580650806427,152.7007,70.623,175.22,85.5051,0.0,False,True
coco:76468:62:1944,coco,76468,000000076468.jpg,62,chair,chair,False,10,26,0.3813266456127167,59.4555,191.9184,86.0725,201.898,0.0,False,True
coco:76468:62:1944,coco,76468,000000076468.jpg,62,chair,chair,False,10,27,0.3804785311222076,164.3251,111.5144,187.7802,129.4273,0.0321978367865085,False,True
coco:76468:62:1944,coco,76468,000000076468.jpg,62,chair,chair,False,10,28,0.3804690837860107,133.3223,127.8497,158.6191,145.6436,0.9050859808921814,True,False
coco:76468:62:1944,coco,76468,000000076468.jpg,62,chair,chair,False,10,29,0.3803496658802032,278.6792,30.5873,301.0991,44.77,0.0,False,True
coco:76468:62:1944,coco,76468,000000076468.jpg,62,chair,chair,False,10,30,0.3803379833698272,47.078,97.5375,70.4368,111.6248,0.0,False,True
coco:76468:62:1944,coco,76468,000000076468.jpg,62,chair,chair,False,10,31,0.3784331381320953,327.6076,97.488,351.6215,113.1342,0.073932759463787,False,True
coco:76468:62:1944,coco,76468,000000076468.jpg,62,chair,chair,False,10,32,0.3778285384178161,550.8497,161.4042,576.6315,180.7496,0.0,False,True
coco:76468:62:1944,coco,76468,000000076468.jpg,62,chair,chair,False,10,33,0.3767572343349457,499.7134,127.4218,524.5115,144.6832,0.0,False,True
coco:76468:62:1944,coco,76468,000000076468.jpg,62,chair,chair,False,10,34,0.3758998215198517,325.3329,112.2099,348.7343,128.2215,0.7757930755615234,True,False
coco:76468:62:1944,coco,76468,000000076468.jpg,62,chair,chair,False,10,35,0.3756194710731506,67.4256,178.3192,93.4845,194.9759,0.0,False,True
coco:76468:62:1944,coco,76468,000000076468.jpg,62,chair,chair,False,10,36,0.3753216862678528,392.5774,161.9848,417.9419,179.4885,0.0,False,True
coco:76468:62:1944,coco,76468,000000076468.jpg,62,chair,chair,False,10,37,0.3750912249088287,301.9548,111.95,325.505,128.7039,0.8575960397720337,True,False
coco:76468:62:1944,coco,76468,000000076468.jpg,62,chair,chair,False,10,38,0.3748588562011719,418.9678,162.5141,444.1123,179.373,0.0,False,True
coco:76468:62:1944,coco,76468,000000076468.jpg,62,chair,chair,False,10,39,0.3748448193073272,450.2404,144.6567,475.6233,164.0207,0.0,False,True
coco:76468:62:1944,coco,76468,000000076468.jpg,62,chair,chair,False,10,40,0.3743017911911011,129.63,143.8307,154.5403,162.1357,0.0723140388727188,False,True
coco:76468:62:1944,coco,76468,000000076468.jpg,62,chair,chair,False,10,41,0.374245285987854,180.6622,56.1321,203.6121,71.7425,0.0,False,True
coco:76468:62:1944,coco,76468,000000076468.jpg,62,chair,chair,False,10,42,0.3742132782936096,414.6896,16.6516,435.2826,29.4369,0.0,False,True
coco:76468:62:1944,coco,76468,000000076468.jpg,62,chair,chair,False,10,43,0.3739120066165924,246.1408,111.5672,271.0871,129.1157,0.0,False,True
coco:76468:62:1944,coco,76468,000000076468.jpg,62,chair,chair,False,10,44,0.3734488189220428,98.916,161.5604,125.1881,178.4728,0.0,False,True
coco:76468:62:1944,coco,76468,000000076468.jpg,62,chair,chair,False,10,45,0.3728483021259308,435.7097,16.043,457.6444,28.7033,0.0,False,True
coco:76468:62:1944,coco,76468,000000076468.jpg,62,chair,chair,False,10,46,0.3726943135261535,327.8475,30.0815,347.0292,44.4287,0.0,False,True
coco:76468:62:1944,coco,76468,000000076468.jpg,62,chair,chair,False,10,47,0.3723025321960449,474.736,145.067,500.8591,163.6916,0.0,False,True
coco:76468:62:1944,coco,76468,000000076468.jpg,62,chair,chair,False,10,48,0.3717091083526611,351.6813,97.0508,373.3367,111.8837,0.0,False,True
coco:76468:62:1944,coco,76468,000000076468.jpg,62,chair,chair,False,10,49,0.3711326122283935,520.2559,80.3664,544.4447,96.4709,0.0,False,True
coco:76468:62:1944,coco,76468,000000076468.jpg,62,chair,chair,False,10,50,0.3704997599124908,373.2269,41.7972,395.0176,56.3325,0.0,False,True
coco:76468:62:1944,coco,76468,000000076468.jpg,62,chair,chair,False,10,51,0.3700395822525024,548.1505,11.6485,570.517,25.9454,0.0,False,True
coco:76468:62:1944,coco,76468,000000076468.jpg,62,chair,chair,False,10,52,0.3695014119148254,545.11,80.0637,569.2343,97.0623,0.0,False,True
coco:76468:62:1944,coco,76468,000000076468.jpg,62,chair,chair,False,10,53,0.3684237599372864,458.3807,15.6842,479.2686,27.5464,0.0,False,True
coco:76468:62:1944,coco,76468,000000076468.jpg,62,chair,chair,False,10,54,0.3677744269371032,470.7698,161.5414,497.1348,179.685,0.0,False,True
coco:76468:62:1944,coco,76468,000000076468.jpg,62,chair,chair,False,10,55,0.3672209978103637,87.648,190.411,113.4116,201.9734,0.0,False,True
coco:76468:62:1944,coco,76468,000000076468.jpg,62,chair,chair,False,10,56,0.3667888343334198,281.5316,43.0491,303.9769,58.1342,0.0,False,True
coco:76468:62:1944,coco,76468,000000076468.jpg,62,chair,chair,False,10,57,0.3667834103107452,526.0738,126.9178,550.3934,144.1522,0.0,False,True
coco:76468:62:1944,coco,76468,000000076468.jpg,62,chair,chair,False,10,58,0.3666970133781433,395.8814,28.1915,419.1509,43.0641,0.0,False,True
coco:76468:62:1944,coco,76468,000000076468.jpg,62,chair,chair,False,10,59,0.3657184839248657,304.4701,97.2383,327.7166,113.4368,0.0351744815707206,False,True
coco:76468:62:1944,coco,76468,000000076468.jpg,62,chair,chair,False,10,60,0.3654537498950958,1.624,83.1605,20.9989,98.4131,0.0,False,True
coco:76468:62:1944,coco,76468,000000076468.jpg,62,chair,chair,False,10,61,0.365217000246048,353.2047,82.4254,376.2209,97.705,0.0021563365589827,False,True
coco:76468:62:1944,coco,76468,000000076468.jpg,62,chair,chair,False,10,62,0.364182710647583,391.6709,16.5468,413.2769,29.8661,0.0,False,True
coco:76468:62:1944,coco,76468,000000076468.jpg,62,chair,chair,False,10,63,0.3639269769191742,307.2971,83.1305,330.0222,98.8966,0.0,False,True
coco:76468:62:1944,coco,76468,000000076468.jpg,62,chair,chair,False,10,64,0.3635655641555786,586.1592,162.4584,603.8993,175.8745,0.0,False,True
coco:76468:62:1944,coco,76468,000000076468.jpg,62,chair,chair,False,10,65,0.3631711900234222,351.307,68.403,374.4373,83.8848,0.0,False,True
coco:76468:62:1944,coco,76468,000000076468.jpg,62,chair,chair,False,10,66,0.3629991114139557,494.7566,95.1919,519.4055,112.1183,0.0,False,True
coco:76468:62:1944,coco,76468,000000076468.jpg,62,chair,chair,False,10,67,0.3625614047050476,258.219,43.056,280.8499,57.9164,0.0,False,True
coco:76468:62:1944,coco,76468,000000076468.jpg,62,chair,chair,False,10,68,0.3619793057441711,1.49,128.3475,23.4955,144.9174,0.0,False,True
coco:76468:62:1944,coco,76468,000000076468.jpg,62,chair,chair,False,10,69,0.361247569322586,501.4507,143.9739,524.9769,162.0504,0.0,False,True
coco:76468:62:1944,coco,76468,000000076468.jpg,62,chair,chair,False,10,70,0.3609994649887085,555.5569,143.4355,577.2883,161.7434,0.0,False,True
coco:76468:62:1944,coco,76468,000000076468.jpg,62,chair,chair,False,10,71,0.3584619760513305,517.1678,110.4743,542.9057,127.7029,0.0,False,True
coco:76468:62:1944,coco,76468,000000076468.jpg,62,chair,chair,False,10,72,0.358457863330841,306.9166,70.2454,330.5762,85.0192,0.0,False,True
coco:76468:62:1944,coco,76468,000000076468.jpg,62,chair,chair,False,10,73,0.3581770956516266,497.3763,161.6156,517.3918,182.329,0.0,False,True
coco:76468:62:1944,coco,76468,000000076468.jpg,62,chair,chair,False,10,74,0.3580700159072876,597.1966,93.6945,618.3469,110.4107,0.0,False,True
coco:76468:62:1944,coco,76468,000000076468.jpg,62,chair,chair,False,10,75,0.3558326363563537,370.448,55.2725,392.3365,69.7014,0.0402721129357814,False,True
coco:76468:62:1944,coco,76468,000000076468.jpg,62,chair,chair,False,10,76,0.3556011021137237,419.9231,27.9713,441.1473,41.3757,0.0,False,True
coco:76468:62:1944,coco,76468,000000076468.jpg,62,chair,chair,False,10,77,0.3554754853248596,149.3265,83.4999,172.4324,99.1635,0.0,False,True
coco:76468:62:1944,coco,76468,000000076468.jpg,62,chair,chair,False,10,78,0.3553620874881744,495.5577,80.4046,520.1995,97.3594,0.0,False,True
coco:76468:62:1944,coco,76468,000000076468.jpg,62,chair,chair,False,10,79,0.3551615178585052,350.1654,55.5894,370.6361,69.7216,0.0,False,True
coco:76468:62:1944,coco,76468,000000076468.jpg,62,chair,chair,False,10,80,0.3533923625946045,620.1666,110.1568,639.9309,128.1325,0.0,False,True
coco:76468:62:1944,coco,76468,000000076468.jpg,62,chair,chair,False,10,81,0.3512032032012939,327.7336,127.8006,349.152,144.8618,0.0,False,True
coco:76468:62:1944,coco,76468,000000076468.jpg,62,chair,chair,False,10,82,0.3497782945632934,394.7417,40.8541,416.494,55.3764,0.0,False,True
coco:76468:62:1944,coco,76468,000000076468.jpg,62,chair,chair,False,10,83,0.3497481942176819,155.7915,143.7708,181.2766,161.5502,0.1101208105683326,False,True
coco:76468:62:1944,coco,76468,000000076468.jpg,62,chair,chair,False,10,84,0.3494950532913208,305.0902,30.6436,327.0065,43.8917,0.0,False,True
coco:76468:62:1944,coco,76468,000000076468.jpg,62,chair,chair,False,10,85,0.3492208123207092,540.2015,24.3185,562.3716,39.2764,0.0,False,True
coco:76468:62:1944,coco,76468,000000076468.jpg,62,chair,chair,False,10,86,0.3491002917289734,511.301,65.6233,534.8707,81.6444,0.0,False,True
coco:76468:62:1944,coco,76468,000000076468.jpg,62,chair,chair,False,10,87,0.348607987165451,492.2033,111.1416,517.1776,128.6317,0.0,False,True
coco:76468:62:1944,coco,76468,000000076468.jpg,62,chair,chair,False,10,88,0.3476334512233734,276.9169,55.4423,299.6884,69.1732,0.0,False,True
coco:76468:62:1944,coco,76468,000000076468.jpg,62,chair,chair,False,10,89,0.3460947871208191,3.5994,143.9315,21.8745,159.4241,0.0,False,True
coco:76468:62:1944,coco,76468,000000076468.jpg,62,chair,chair,False,10,90,0.3456931710243225,112.129,111.7895,136.3975,129.0228,0.0026111940387636,False,True
coco:76468:62:1944,coco,76468,000000076468.jpg,62,chair,chair,False,10,91,0.344074547290802,435.5117,53.6129,458.1401,67.7956,0.0,False,True
coco:76468:62:1944,coco,76468,000000076468.jpg,62,chair,chair,False,10,92,0.3438220620155334,255.5523,56.3772,277.2989,70.1133,0.0,False,True
coco:76468:62:1944,coco,76468,000000076468.jpg,62,chair,chair,False,10,93,0.3428800404071808,54.469,144.47,74.0041,159.1491,0.0,False,True
coco:76468:62:1944,coco,76468,000000076468.jpg,62,chair,chair,False,10,94,0.3422369956970215,375.0269,68.1981,396.5246,82.9248,0.817598283290863,True,False
coco:76468:62:1944,coco,76468,000000076468.jpg,62,chair,chair,False,10,95,0.3416290879249573,64.1486,68.8274,79.6982,84.0792,0.0,False,True
coco:76468:62:1944,coco,76468,000000076468.jpg,62,chair,chair,False,10,96,0.3408516049385071,563.344,22.6481,583.5865,37.8715,0.0,False,True
coco:76468:62:1944,coco,76468,000000076468.jpg,62,chair,chair,False,10,97,0.3396794497966766,279.4251,128.1819,303.8665,144.074,0.0001639195979805,False,True
coco:76468:62:1944,coco,76468,000000076468.jpg,62,chair,chair,False,10,98,0.3392950892448425,95.5771,97.8635,119.6444,113.4038,0.0142070418223738,False,True
coco:76468:62:1944,coco,76468,000000076468.jpg,62,chair,chair,False,10,99,0.3381554782390594,71.4514,98.535,94.8926,112.2586,0.0022941136267036,False,True
coco:76468:62:1944,coco,76468,000000076468.jpg,62,chair,chair,False,10,100,0.3375805020332336,519.3303,94.8695,543.6665,111.8253,0.0,False,True
coco:76468:62:1944,coco,76468,000000076468.jpg,62,chair,chair,False,10,101,0.3346667885780334,592.7936,109.8568,620.2083,127.6313,0.0,False,True
coco:76468:62:1944,coco,76468,000000076468.jpg,62,chair,chair,False,10,102,0.3346351683139801,394.902,179.0602,423.1543,201.6099,0.0,False,True
coco:76468:62:1944,coco,76468,000000076468.jpg,62,chair,chair,False,10,103,0.3337522149085998,64.4311,111.8056,84.4568,127.7929,0.9270973205566406,True,False
coco:76468:62:1944,coco,76468,000000076468.jpg,62,chair,chair,False,10,104,0.3337229788303375,243.8151,128.0909,268.426,144.59,0.0,False,True
coco:76468:62:1944,coco,76468,000000076468.jpg,62,chair,chair,False,10,105,0.3331981301307678,480.2645,13.7808,495.3912,27.0871,0.0,False,True
coco:76468:62:1944,coco,76468,000000076468.jpg,62,chair,chair,False,10,106,0.3314189016819,600.1567,35.5765,622.6227,49.4845,0.0,False,True
coco:76468:62:1944,coco,76468,000000076468.jpg,62,chair,chair,False,10,107,0.3290097117424011,304.4854,128.367,327.7535,146.6639,0.0028719916008412,False,True
coco:76468:62:1944,coco,76468,000000076468.jpg,62,chair,chair,False,10,108,0.3288091421127319,441.1352,67.4416,459.0674,82.5801,0.0,False,True
coco:76468:62:1944,coco,76468,000000076468.jpg,62,chair,chair,False,10,109,0.3257198929786682,529.9788,12.5522,547.0996,25.7264,0.0,False,True
coco:76468:62:1944,coco,76468,000000076468.jpg,62,chair,chair,False,10,110,0.325328379869461,547.6592,179.3375,567.0043,196.5609,0.0,False,True
coco:76468:62:1944,coco,76468,000000076468.jpg,62,chair,chair,False,10,111,0.3250026702880859,544.0389,94.62,568.9785,110.9677,0.0,False,True
coco:76468:62:1944,coco,76468,000000076468.jpg,62,chair,chair,False,10,112,0.3209973871707916,367.2527,179.4366,395.2269,201.479,0.4102490246295929,False,True
coco:76468:62:1944,coco,76468,000000076468.jpg,62,chair,chair,False,10,113,0.3204540014266968,595.5578,49.2561,619.4631,63.3563,0.0,False,True
coco:76468:62:1944,coco,76468,000000076468.jpg,62,chair,chair,False,10,114,0.3199286460876465,76.3182,83.0423,99.361,100.4178,0.0,False,True
coco:76468:62:1944,coco,76468,000000076468.jpg,62,chair,chair,False,10,115,0.3198593258857727,247.8062,142.7254,266.5267,158.6942,0.0,False,True
coco:76468:62:1944,coco,76468,000000076468.jpg,62,chair,chair,False,10,116,0.3167386949062347,39.265,68.7306,56.7388,81.1454,0.0,False,True
coco:76468:62:1944,coco,76468,000000076468.jpg,62,chair,chair,False,10,117,0.3155980706214905,514.8701,38.0086,528.6509,51.297,0.0,False,True
coco:76468:62:1944,coco,76468,000000076468.jpg,62,chair,chair,False,10,118,0.3145572245121002,0.1253,97.9526,16.4982,111.2468,0.0,False,True
coco:76468:62:1944,coco,76468,000000076468.jpg,62,chair,chair,False,10,119,0.3137163519859314,543.3763,109.8381,561.7362,126.0401,0.0,False,True
coco:76468:62:1944,coco,76468,000000076468.jpg,62,chair,chair,False,10,120,0.3133273720741272,282.1499,143.7399,301.1002,157.7032,0.0,False,True
coco:76468:62:1944,coco,76468,000000076468.jpg,62,chair,chair,False,10,121,0.3117533326148987,360.1372,144.3058,372.0583,156.8206,0.0,False,True
coco:76468:62:1944,coco,76468,000000076468.jpg,62,chair,chair,False,10,122,0.3058921694755554,328.7909,143.9476,350.7305,157.0712,0.0,False,True
coco:76468:62:1944,coco,76468,000000076468.jpg,62,chair,chair,False,10,123,0.3056491017341614,537.1736,143.9826,554.689,160.7342,0.0,False,True
coco:76468:62:1944,coco,76468,000000076468.jpg,62,chair,chair,False,10,124,0.3055403232574463,275.2881,69.1078,297.7328,82.7238,0.0,False,True
coco:76468:62:1944,coco,76468,000000076468.jpg,62,chair,chair,False,10,125,0.305524617433548,74.4065,144.2433,101.8159,159.5971,0.0,False,True
coco:76468:62:1944,coco,76468,000000076468.jpg,62,chair,chair,False,10,126,0.2999831438064575,424.1775,179.029,450.1625,193.7224,0.0,False,True
coco:76468:62:1944,coco,76468,000000076468.jpg,62,chair,chair,False,10,127,0.2999573051929474,381.4361,144.017,397.4817,157.6023,0.0,False,True
coco:76468:62:1944,coco,76468,000000076468.jpg,62,chair,chair,False,10,128,0.29937344789505,585.2056,63.9169,602.6304,75.45,0.0,False,True
coco:76468:62:1944,coco,76468,000000076468.jpg,62,chair,chair,False,10,129,0.2953269481658935,179.1742,0.0025,199.9393,8.3816,0.0,False,True
coco:76468:62:1944,coco,76468,000000076468.jpg,62,chair,chair,False,10,130,0.2920311093330383,421.5859,192.2876,444.864,202.367,0.0,False,True
coco:76468:62:1944,coco,76468,000000076468.jpg,62,chair,chair,False,10,131,0.2914258241653442,175.8584,70.5741,199.0764,84.8856,0.0,False,True
coco:76468:62:1944,coco,76468,000000076468.jpg,62,chair,chair,False,10,132,0.287862628698349,80.9318,127.8421,106.7097,146.066,0.1101855561137199,False,True
coco:76468:62:1944,coco,76468,000000076468.jpg,62,chair,chair,False,10,133,0.2863093912601471,571.1715,11.2915,585.3506,23.4739,0.0,False,True
coco:76468:62:1944,coco,76468,000000076468.jpg,62,chair,chair,False,10,134,0.2839996218681335,111.7747,127.7542,132.6792,144.2849,0.0,False,True
coco:76468:62:1944,coco,76468,000000076468.jpg,62,chair,chair,False,10,135,0.2833124995231628,348.5642,113.182,357.4158,125.0872,0.0,False,True
coco:76468:62:1944,coco,76468,000000076468.jpg,62,chair,chair,False,10,136,0.2815889418125152,486.7574,179.273,508.4569,200.2987,0.0,False,True
coco:76468:62:1944,coco,76468,000000076468.jpg,62,chair,chair,False,10,137,0.2814871966838836,552.978,37.3996,575.9422,59.1232,0.0,False,True
coco:76468:62:1944,coco,76468,000000076468.jpg,62,chair,chair,False,10,138,0.2811286449432373,347.47,179.2955,367.2336,201.3517,0.0079697286710143,False,True
coco:76468:62:1944,coco,76468,000000076468.jpg,62,chair,chair,False,10,139,0.2764025926589966,540.0954,161.8689,551.6339,175.8404,0.0,False,True
coco:76468:62:1944,coco,76468,000000076468.jpg,62,chair,chair,False,10,140,0.2744620442390442,135.2588,160.9743,151.5268,177.3374,0.0,False,True
coco:76468:62:1944,coco,76468,000000076468.jpg,62,chair,chair,False,10,141,0.2740260660648346,457.7332,54.4474,469.633,65.8922,0.0,False,True
coco:76468:62:1944,coco,76468,000000076468.jpg,62,chair,chair,False,10,142,0.2726827263832092,158.0056,-0.0046,178.1209,8.1501,0.0,False,True
coco:76468:62:1944,coco,76468,000000076468.jpg,62,chair,chair,False,10,143,0.2716419696807861,411.6609,128.047,426.1194,141.3019,0.0,False,True
coco:76468:62:1944,coco,76468,000000076468.jpg,62,chair,chair,False,10,144,0.271513819694519,392.0656,55.0185,405.6149,68.0425,0.0,False,True
coco:76468:62:1944,coco,76468,000000076468.jpg,62,chair,chair,False,10,145,0.2666245102882385,294.6355,82.737,307.568,96.4987,0.0,False,True
coco:76468:62:1944,coco,76468,000000076468.jpg,62,chair,chair,False,10,146,0.2661440372467041,367.2,192.1431,392.6066,201.635,0.8843657374382019,True,False
coco:76468:62:1944,coco,76468,000000076468.jpg,62,chair,chair,False,10,147,0.2624948918819427,633.2161,127.2284,639.9045,139.4305,0.0,False,True
coco:76468:62:1944,coco,76468,000000076468.jpg,62,chair,chair,False,10,148,0.2619657218456268,429.2772,110.2411,444.1877,124.8453,0.0,False,True
coco:76468:62:1944,coco,76468,000000076468.jpg,62,chair,chair,False,10,149,0.2596350908279419,263.6529,177.7014,285.8083,200.5996,0.0,False,True
coco:76468:62:1944,coco,76468,000000076468.jpg,62,chair,chair,False,10,150,0.2581145465373993,403.9799,420.5165,541.0402,479.8321,0.7019421458244324,True,False
coco:76468:62:1944,coco,76468,000000076468.jpg,62,chair,chair,False,10,151,0.2569262981414795,347.6842,179.2013,366.8591,192.7764,0.0003475565463304,False,True
coco:76468:62:1944,coco,76468,000000076468.jpg,62,chair,chair,False,10,152,0.2537862360477447,366.7412,108.4364,380.8575,123.4049,0.0,False,True
coco:76468:62:1944,coco,76468,000000076468.jpg,62,chair,chair,False,10,153,0.2535815238952636,394.2109,192.2422,420.6173,201.8459,0.0,False,True
coco:76468:62:1944,coco,76468,000000076468.jpg,62,chair,chair,False,10,154,0.2526178359985351,471.7736,26.872,489.7952,43.5829,0.0,False,True
coco:76468:62:1944,coco,76468,000000076468.jpg,62,chair,chair,False,10,155,0.2516965866088867,152.7018,159.993,178.6073,180.4243,0.0,False,True
coco:76468:62:1944,coco,76468,000000076468.jpg,62,chair,chair,False,10,156,0.2496419250965118,368.5919,179.3427,395.1165,194.6133,0.115477330982685,False,True
coco:76468:62:1944,coco,76468,000000076468.jpg,62,chair,chair,False,10,157,0.2496145963668823,263.9049,177.5349,285.7286,190.7543,0.0,False,True
coco:76468:62:1944,coco,76468,000000076468.jpg,62,chair,chair,False,10,158,0.2491822242736816,173.8958,82.8931,197.059,95.5098,0.0,False,True
coco:76468:62:1944,coco,76468,000000076468.jpg,62,chair,chair,False,10,159,0.2491016834974289,413.3725,81.9886,424.2149,92.9147,0.0,False,True
coco:76468:62:1944,coco,76468,000000076468.jpg,62,chair,chair,False,10,160,0.2489480078220367,467.8696,111.8977,478.6197,122.4891,0.0,False,True
coco:76468:62:1944,coco,76468,000000076468.jpg,62,chair,chair,False,10,161,0.2446082532405853,506.0263,13.3581,518.5411,22.409,0.0,False,True
coco:76468:62:1944,coco,76468,000000076468.jpg,62,chair,chair,False,10,162,0.2423523515462875,348.854,112.163,370.0135,125.4072,0.0,False,True
coco:76468:62:1944,coco,76468,000000076468.jpg,62,chair,chair,False,10,163,0.2409093528985977,485.8484,81.9879,495.4552,94.4834,0.0,False,True
coco:76468:62:1944,coco,76468,000000076468.jpg,62,chair,chair,False,10,164,0.2392961233854293,381.1685,144.0536,397.598,165.45,0.0,False,True
coco:76468:62:1944,coco,76468,000000076468.jpg,62,chair,chair,False,10,165,0.2381811887025833,43.5268,121.3379,55.803,131.0012,0.0,False,True
coco:76468:62:1944,coco,76468,000000076468.jpg,62,chair,chair,False,10,166,0.2374764084815979,138.1579,0.0222,157.2153,8.1836,0.0,False,True
coco:76468:62:1944,coco,76468,000000076468.jpg,62,chair,chair,False,10,167,0.237086072564125,571.406,108.9253,581.6542,119.9342,0.0,False,True
coco:76468:62:1944,coco,76468,000000076468.jpg,62,chair,chair,False,10,168,0.2345539927482605,421.9369,179.0282,450.0216,201.8702,0.0,False,True
coco:76468:62:1944,coco,76468,000000076468.jpg,62,chair,chair,False,10,169,0.2312044501304626,348.0491,190.7925,366.3008,201.587,0.0,False,True
coco:76468:62:1944,coco,76468,000000076468.jpg,62,chair,chair,False,10,170,0.2297204583883285,561.8524,78.6727,578.5375,95.6207,0.0,False,True
coco:76468:62:1944,coco,76468,000000076468.jpg,62,chair,chair,False,10,171,0.2270602881908416,253.3919,69.0244,274.9934,81.5624,0.0,False,True
coco:76468:62:1944,coco,76468,000000076468.jpg,62,chair,chair,False,10,172,0.2213927805423736,87.8847,144.0787,102.5511,159.3955,0.0,False,True
coco:76468:62:1944,coco,76468,000000076468.jpg,62,chair,chair,False,10,173,0.2200829982757568,540.8019,37.7426,552.3365,47.67,0.0,False,True
coco:76468:62:1944,coco,76468,000000076468.jpg,62,chair,chair,False,10,174,0.2186716347932815,64.4059,111.9793,84.3753,135.5527,0.6269614696502686,True,False
coco:76468:62:1944,coco,76468,000000076468.jpg,62,chair,chair,False,10,175,0.2160519659519195,300.8674,176.4601,313.5845,187.7915,0.0,False,True
coco:76468:62:1944,coco,76468,000000076468.jpg,62,chair,chair,False,10,176,0.2139750570058822,487.4649,178.9975,508.4227,192.7734,0.0,False,True
coco:76468:62:1944,coco,76468,000000076468.jpg,62,chair,chair,False,10,177,0.2138382643461227,274.9203,69.3653,297.6963,93.1107,0.0,False,True
coco:76468:62:1944,coco,76468,000000076468.jpg,62,chair,chair,False,10,178,0.2126120328903198,135.03,160.8309,151.4866,188.5805,0.0,False,True
coco:76468:62:1944,coco,76468,000000076468.jpg,62,chair,chair,False,10,179,0.2091803401708603,413.4528,54.991,424.8943,65.3229,0.0,False,True
coco:76468:62:1944,coco,76468,000000076468.jpg,62,chair,chair,False,10,180,0.2080652862787246,389.3033,82.9885,399.8776,93.8435,0.0261277593672275,False,True
coco:76468:62:1944,coco,76468,000000076468.jpg,62,chair,chair,False,10,181,0.2077191472053527,0.1554,98.0808,16.3688,117.8044,0.0,False,True
coco:76468:62:1944,coco,76468,000000076468.jpg,62,chair,chair,False,10,182,0.206121414899826,570.2771,79.7268,581.6019,96.6876,0.0,False,True
coco:76468:62:1944,coco,76468,000000076468.jpg,62,chair,chair,False,10,183,0.2045851498842239,605.5319,126.2614,619.4678,141.6714,0.0,False,True
coco:76468:62:1944,coco,76468,000000076468.jpg,62,chair,chair,False,10,184,0.204308196902275,264.8767,188.9715,283.6287,200.6858,0.0,False,True
coco:76468:62:1944,coco,76468,000000076468.jpg,62,chair,chair,False,10,185,0.2042789906263351,396.2412,179.1072,423.064,194.3245,0.0,False,True
coco:76468:62:1944,coco,76468,000000076468.jpg,62,chair,chair,False,10,186,0.2006800770759582,264.2876,69.6831,275.1252,81.1278,0.0,False,True
coco:76468:62:1944,coco,76468,000000076468.jpg,62,chair,chair,False,10,187,0.1965495645999908,376.906,81.7238,399.4951,94.3263,0.1040986329317092,False,True
coco:76468:62:1944,coco,76468,000000076468.jpg,62,chair,chair,False,10,188,0.1960295885801315,314.0177,42.5301,328.8472,53.9753,0.0,False,True
coco:76468:62:1944,coco,76468,000000076468.jpg,62,chair,chair,False,10,189,0.1952010244131088,305.9634,42.3669,328.7118,56.1648,0.0,False,True
coco:76468:62:1944,coco,76468,000000076468.jpg,62,chair,chair,False,10,190,0.1937284171581268,164.7715,160.0771,179.167,180.132,0.0,False,True
coco:76468:62:1944,coco,76468,000000076468.jpg,62,chair,chair,False,10,191,0.1908471584320068,602.7413,144.6898,611.7017,156.3368,0.0,False,True
coco:76468:62:1944,coco,76468,000000076468.jpg,62,chair,chair,False,10,192,0.1873881816864013,606.7907,125.0851,633.0872,141.3104,0.0,False,True
coco:76468:62:1944,coco,76468,000000076468.jpg,62,chair,chair,False,10,193,0.1873132735490799,391.3686,16.7115,413.4007,39.2397,0.0,False,True
coco:76468:62:1944,coco,76468,000000076468.jpg,62,chair,chair,False,10,194,0.1849427372217178,474.3029,81.1599,495.4895,94.663,0.0,False,True
coco:76468:62:1944,coco,76468,000000076468.jpg,62,chair,chair,False,10,195,0.184920534491539,49.6527,49.7063,74.7084,68.9488,0.0,False,True
coco:76468:62:1944,coco,76468,000000076468.jpg,62,chair,chair,False,10,196,0.1842357665300369,422.3413,0.0315,443.7166,7.1949,0.0,False,True
coco:76468:62:1944,coco,76468,000000076468.jpg,62,chair,chair,False,10,197,0.1828027367591858,441.071,0.0394,456.741,7.5928,0.0,False,True
coco:76468:62:1944,coco,76468,000000076468.jpg,62,chair,chair,False,10,198,0.1807208359241485,243.8223,128.1549,268.4305,157.7328,0.0,False,True
coco:76468:62:1944,coco,76468,000000076468.jpg,62,chair,chair,False,10,199,0.1805220395326614,274.8702,80.5261,287.3467,94.1568,0.0,False,True
coco:76468:62:1944,coco,76468,000000076468.jpg,62,chair,chair,False,10,200,0.1783710122108459,435.6023,81.4547,446.5491,94.8397,0.0,False,True
coco:76468:62:1944,coco,76468,000000076468.jpg,62,chair,chair,False,10,201,0.1745162159204483,175.1517,70.7915,199.1571,93.0357,0.0,False,True
coco:76468:62:1944,coco,76468,000000076468.jpg,62,chair,chair,False,10,202,0.1737238615751266,365.1514,172.015,385.9078,186.4125,0.0,False,True
coco:76468:62:1944,coco,76468,000000076468.jpg,62,chair,chair,False,10,203,0.1734600663185119,569.2467,144.7134,579.9481,161.6041,0.0,False,True
coco:76468:62:1944,coco,76468,000000076468.jpg,62,chair,chair,False,10,204,0.1715072095394134,402.6498,127.7245,424.206,141.4594,0.0,False,True
coco:76468:62:1944,coco,76468,000000076468.jpg,62,chair,chair,False,10,205,0.1682653129100799,420.9659,119.8428,438.4138,131.764,0.0,False,True
coco:76468:62:1944,coco,76468,000000076468.jpg,62,chair,chair,False,10,206,0.1673959046602249,215.097,18.6759,230.8169,28.3158,0.0,False,True
coco:76468:62:1944,coco,76468,000000076468.jpg,62,chair,chair,False,10,207,0.1651522517204284,393.017,54.7125,422.2466,67.644,0.0,False,True
coco:76468:62:1944,coco,76468,000000076468.jpg,62,chair,chair,False,10,208,0.1649907976388931,155.2082,143.8099,181.1628,180.0304,0.0694670602679252,False,True
coco:76468:62:1944,coco,76468,000000076468.jpg,62,chair,chair,False,10,209,0.1592276990413665,265.682,145.6182,274.8935,158.3658,0.0,False,True
coco:76468:62:1944,coco,76468,000000076468.jpg,62,chair,chair,False,10,210,0.1545295119285583,443.5231,111.6261,467.0276,122.885,0.0,False,True
coco:76468:62:1944,coco,76468,000000076468.jpg,62,chair,chair,False,10,211,0.1533355265855789,307.6149,141.1577,319.9826,153.5483,0.0,False,True
coco:76468:62:1944,coco,76468,000000076468.jpg,62,chair,chair,False,10,212,0.1525906473398208,381.0535,154.6974,396.2737,167.0468,0.0,False,True
coco:76468:62:1944,coco,76468,000000076468.jpg,62,chair,chair,False,10,213,0.1523357033729553,414.6849,41.6086,434.6668,63.839,0.0,False,True
coco:76468:62:1944,coco,76468,000000076468.jpg,62,chair,chair,False,10,214,0.1499616205692291,152.1947,159.59,180.045,187.1406,0.0,False,True
coco:76468:62:1944,coco,76468,000000076468.jpg,62,chair,chair,False,10,215,0.1489249765872955,279.4771,128.3997,303.5934,156.8313,1.0796498827403411e-05,False,True
coco:76468:62:1944,coco,76468,000000076468.jpg,62,chair,chair,False,10,216,0.1486800611019134,70.3631,127.2157,80.0603,139.0959,0.0022131782025098,False,True
coco:76468:62:1944,coco,76468,000000076468.jpg,62,chair,chair,False,10,217,0.1485429257154464,570.561,79.9805,594.6078,96.4144,0.0,False,True
coco:76468:62:1944,coco,76468,000000076468.jpg,62,chair,chair,False,10,218,0.1484308391809463,327.6057,128.0745,350.6122,156.0875,0.0,False,True
coco:76468:62:1944,coco,76468,000000076468.jpg,62,chair,chair,False,10,219,0.1483615785837173,592.6748,109.914,620.2859,140.1865,0.0,False,True
coco:76468:62:1944,coco,76468,000000076468.jpg,62,chair,chair,False,10,220,0.1479169726371765,66.3529,123.83,81.8591,137.9058,0.1164828985929489,False,True
coco:76468:62:1944,coco,76468,000000076468.jpg,62,chair,chair,False,10,221,0.1470566987991333,1.3069,128.4726,23.4611,157.9241,0.0,False,True
coco:76468:62:1944,coco,76468,000000076468.jpg,62,chair,chair,False,10,222,0.1458845883607864,449.5972,27.129,463.382,37.6012,0.0,False,True
coco:76468:62:1944,coco,76468,000000076468.jpg,62,chair,chair,False,10,223,0.1457953602075576,420.0039,104.1779,434.4599,114.7705,0.0,False,True
coco:76468:62:1944,coco,76468,000000076468.jpg,62,chair,chair,False,10,224,0.1450300812721252,422.0359,110.3617,444.0137,131.447,0.0,False,True
coco:76468:62:1944,coco,76468,000000076468.jpg,62,chair,chair,False,10,225,0.1449869275093078,308.5953,185.6927,324.2178,201.437,0.0,False,True
coco:76468:62:1944,coco,76468,000000076468.jpg,62,chair,chair,False,10,226,0.1437652558088302,54.3654,144.4569,74.142,170.4602,0.0,False,True
coco:76468:62:1944,coco,76468,000000076468.jpg,62,chair,chair,False,10,227,0.1387632042169571,384.97,0.1058,403.6597,8.0562,0.0,False,True
coco:76468:62:1944,coco,76468,000000076468.jpg,62,chair,chair,False,10,228,0.1352026909589767,457.8036,54.1298,483.0249,65.8896,0.0,False,True
coco:76468:62:1944,coco,76468,000000076468.jpg,62,chair,chair,False,10,229,0.1343504339456558,622.436,182.2299,639.7808,203.015,0.0,False,True
coco:76468:62:1944,coco,76468,000000076468.jpg,62,chair,chair,False,10,230,0.1343153417110443,111.8199,111.9812,136.1771,141.9929,0.0340300314128398,False,True
coco:76468:62:1944,coco,76468,000000076468.jpg,62,chair,chair,False,10,231,0.132751852273941,403.6677,467.9944,540.8757,480.0949,0.1819828301668167,False,True
coco:76468:62:1944,coco,76468,000000076468.jpg,62,chair,chair,False,10,232,0.132609024643898,25.3691,95.6935,35.3224,104.4144,0.0,False,True
coco:76468:62:1944,coco,76468,000000076468.jpg,62,chair,chair,False,10,233,0.132058173418045,4.3298,0.5263,34.7346,7.0212,0.0,False,True
coco:76468:62:1944,coco,76468,000000076468.jpg,62,chair,chair,False,10,234,0.131927952170372,491.9487,31.2193,511.0693,41.0802,0.0,False,True
coco:76468:62:1944,coco,76468,000000076468.jpg,62,chair,chair,False,10,235,0.1313394010066986,91.9236,0.2623,112.5724,8.5286,0.0,False,True
coco:76468:62:1944,coco,76468,000000076468.jpg,62,chair,chair,False,10,236,0.1308043450117111,49.3063,50.2884,55.8954,68.0332,0.0,False,True
coco:76468:62:1944,coco,76468,000000076468.jpg,62,chair,chair,False,10,237,0.1306522935628891,456.2991,0.3313,476.7146,7.6502,0.0,False,True
coco:76468:62:1944,coco,76468,000000076468.jpg,62,chair,chair,False,10,238,0.1305166035890579,476.9659,0.1371,499.5529,6.6984,0.0,False,True
coco:76468:62:1944,coco,76468,000000076468.jpg,62,chair,chair,False,10,239,0.1304951608180999,595.771,35.7413,622.4102,63.0117,0.0,False,True
coco:76468:62:1944,coco,76468,000000076468.jpg,62,chair,chair,False,10,240,0.130157008767128,48.9234,125.9551,79.0278,140.3268,0.0270428229123353,False,True
coco:76468:62:1944,coco,76468,000000076468.jpg,62,chair,chair,False,10,241,0.1294822245836258,39.2431,68.6874,56.6244,99.8673,0.0,False,True
coco:76468:62:1944,coco,76468,000000076468.jpg,62,chair,chair,False,10,242,0.129321202635765,109.503,127.2679,132.6833,156.5853,0.0048734811134636,False,True
coco:76468:62:1944,coco,76468,000000076468.jpg,62,chair,chair,False,10,243,0.1272784620523452,445.1838,82.0629,467.1687,95.7188,0.0,False,True
coco:76468:62:1944,coco,76468,000000076468.jpg,62,chair,chair,False,10,244,0.1271258741617202,307.4198,139.6802,326.9528,153.7448,0.0,False,True
coco:76468:62:1944,coco,76468,000000076468.jpg,62,chair,chair,False,10,245,0.1262767612934112,505.9847,187.8096,530.6204,202.0825,0.0,False,True
coco:76468:62:1944,coco,76468,000000076468.jpg,62,chair,chair,False,10,246,0.125865176320076,620.0506,110.0483,639.9362,136.945,0.0,False,True
coco:76468:62:1944,coco,76468,000000076468.jpg,62,chair,chair,False,10,247,0.1256865710020065,543.5951,94.8382,568.7986,124.8648,0.0,False,True
coco:76468:62:1944,coco,76468,000000076468.jpg,62,chair,chair,False,10,248,0.1235463321208953,49.4343,80.4308,74.6669,97.7559,0.0,False,True
coco:76468:62:1944,coco,76468,000000076468.jpg,62,chair,chair,False,10,249,0.1225045844912529,633.1487,127.1368,639.9114,152.5165,0.0,False,True
coco:76468:62:1944,coco,76468,000000076468.jpg,62,chair,chair,False,10,250,0.1212747022509574,395.8873,90.2645,419.7151,108.0605,0.0,False,True
coco:76468:62:1944,coco,76468,000000076468.jpg,62,chair,chair,False,10,251,0.1209761202335357,103.588,140.9492,129.142,161.0556,0.0,False,True
coco:76468:62:1944,coco,76468,000000076468.jpg,62,chair,chair,False,10,252,0.1198058575391769,471.3891,185.1559,502.5268,202.2643,0.0,False,True
coco:76468:62:1944,coco,76468,000000076468.jpg,62,chair,chair,False,10,253,0.1183270290493965,371.954,96.4279,379.6391,109.4307,0.0,False,True
coco:76468:62:1944,coco,76468,000000076468.jpg,62,chair,chair,False,10,254,0.117880068719387,58.1508,0.1368,79.0222,7.5201,0.0,False,True
coco:76468:62:1944,coco,76468,000000076468.jpg,62,chair,chair,False,10,255,0.1177398487925529,257.0211,0.2404,277.0393,9.4933,0.0,False,True
coco:76468:62:1944,coco,76468,000000076468.jpg,62,chair,chair,False,10,256,0.1176865398883819,492.1914,30.7359,511.1507,38.2307,0.0,False,True
coco:76468:62:1944,coco,76468,000000076468.jpg,62,chair,chair,False,10,257,0.1176503449678421,92.5878,0.072,120.6975,9.0526,0.0,False,True
coco:76468:62:1944,coco,76468,000000076468.jpg,62,chair,chair,False,10,258,0.1176204532384872,458.4706,112.0274,467.7444,120.8266,0.0,False,True
coco:76468:62:1944,coco,76468,000000076468.jpg,62,chair,chair,False,10,259,0.1175202429294586,372.9968,94.8532,395.1565,110.3381,0.0,False,True
coco:76468:62:1944,coco,76468,000000076468.jpg,62,chair,chair,False,10,260,0.1154105067253112,288.7257,0.2228,319.3613,9.0337,0.0,False,True
coco:76468:62:1944,coco,76468,000000076468.jpg,62,chair,chair,False,10,261,0.1151766553521156,481.5013,185.217,504.7317,201.6935,0.0,False,True
coco:76468:62:1944,coco,76468,000000076468.jpg,62,chair,chair,False,10,262,0.1144326329231262,495.5892,33.1308,510.8732,49.9189,0.0,False,True
coco:76468:62:1944,coco,76468,000000076468.jpg,62,chair,chair,False,10,263,0.1139466241002082,123.5853,0.2613,143.794,8.7206,0.0,False,True
coco:76468:62:1944,coco,76468,000000076468.jpg,62,chair,chair,False,10,264,0.1135025173425674,8.843,76.2672,21.945,84.2414,0.0,False,True
coco:76468:62:1944,coco,76468,000000076468.jpg,62,chair,chair,False,10,265,0.1122305914759635,501.894,1.4622,520.4235,13.201,0.0,False,True
coco:76468:62:1944,coco,76468,000000076468.jpg,62,chair,chair,False,10,266,0.1103463843464851,468.0935,93.8143,494.3027,111.7663,0.0,False,True
coco:76468:62:1944,coco,76468,000000076468.jpg,62,chair,chair,False,10,267,0.1103411614894867,71.9042,83.385,99.0881,111.5886,0.0,False,True
coco:76468:62:1944,coco,76468,000000076468.jpg,62,chair,chair,False,10,268,0.1102500408887863,287.4873,176.904,312.9161,187.7398,0.0,False,True
coco:76468:62:1944,coco,76468,000000076468.jpg,62,chair,chair,False,10,269,0.110151320695877,265.9289,140.9017,281.8563,157.7477,0.0,False,True
coco:76468:62:1944,coco,76468,000000076468.jpg,62,chair,chair,False,10,270,0.1101017370820045,364.5404,0.1723,386.6959,12.6836,0.0,False,True
coco:76468:62:1944,coco,76468,000000076468.jpg,62,chair,chair,False,10,271,0.1089861690998077,524.9535,64.4382,537.0033,79.7135,0.0,False,True
coco:76468:62:1944,coco,76468,000000076468.jpg,62,chair,chair,False,10,272,0.1087790504097938,0.57,155.6267,20.4804,179.7545,0.0,False,True
coco:76468:62:1944,coco,76468,000000076468.jpg,62,chair,chair,False,10,273,0.1081613525748252,573.7937,49.2903,588.8193,59.0009,0.0,False,True
coco:76468:62:1944,coco,76468,000000076468.jpg,62,chair,chair,False,10,274,0.1074002161622047,118.735,140.7917,130.823,159.0016,0.0,False,True
coco:76468:62:1944,coco,76468,000000076468.jpg,62,chair,chair,False,10,275,0.1073730140924453,-0.0393,54.1291,1.9798,71.5307,0.0,False,True
coco:76468:62:1944,coco,76468,000000076468.jpg,62,chair,chair,False,10,276,0.1073141917586326,530.6367,37.4372,552.4469,48.7318,0.0,False,True
coco:76468:62:1944,coco,76468,000000076468.jpg,62,chair,chair,False,10,277,0.107167400419712,301.5588,93.1244,318.1506,106.7267,0.0,False,True
coco:76468:62:1944,coco,76468,000000076468.jpg,62,chair,chair,False,10,278,0.107116475701332,44.552,121.5772,79.392,136.2713,0.1149398982524871,False,True
coco:76468:62:1944,coco,76468,000000076468.jpg,62,chair,chair,False,10,279,0.1065513864159584,620.1371,120.9913,639.2682,136.9032,0.0,False,True
coco:76468:62:1944,coco,76468,000000076468.jpg,62,chair,chair,False,10,280,0.1063604205846786,318.4529,0.4057,340.4622,9.6405,0.0,False,True
coco:76468:62:1944,coco,76468,000000076468.jpg,62,chair,chair,False,10,281,0.1056937202811241,255.3021,56.6967,276.8166,79.9143,0.0,False,True
coco:76468:62:1944,coco,76468,000000076468.jpg,62,chair,chair,False,10,282,0.1049038842320442,361.1557,155.5892,373.7716,171.4919,0.0,False,True
coco:76468:62:1944,coco,76468,000000076468.jpg,62,chair,chair,False,10,283,0.1039461493492126,282.3155,182.4445,309.4223,200.3427,0.0,False,True
coco:76468:62:1944,coco,76468,000000076468.jpg,62,chair,chair,False,10,284,0.103884607553482,164.8947,122.3303,187.3441,131.3206,0.1024855226278305,False,True
coco:76468:62:1944,coco,76468,000000076468.jpg,62,chair,chair,False,10,285,0.1027295440435409,217.9084,0.6242,239.1812,9.7239,0.0,False,True
coco:76468:62:1944,coco,76468,000000076468.jpg,62,chair,chair,False,10,286,0.1024277657270431,635.1934,34.0019,639.9715,44.2879,0.0,False,True
coco:76468:62:1944,coco,76468,000000076468.jpg,62,chair,chair,False,10,287,0.1017776727676391,440.1116,26.1292,463.216,37.3022,0.0,False,True
coco:76468:62:1944,coco,76468,000000076468.jpg,62,chair,chair,False,10,288,0.1010583639144897,208.3589,27.3518,235.6501,43.5159,0.0,False,True
coco:76468:62:1944,coco,76468,000000076468.jpg,62,chair,chair,False,10,289,0.1007396653294563,470.5033,185.9564,490.5681,201.9753,0.0,False,True
coco:76468:62:1944,coco,76468,000000076468.jpg,62,chair,chair,False,10,290,0.1007046326994896,206.2963,18.4782,236.6003,43.5859,0.0,False,True
coco:76468:62:1944,coco,76468,000000076468.jpg,62,chair,chair,False,10,291,0.1005954816937446,629.8399,136.2207,639.9208,155.1898,0.0,False,True
coco:76468:62:1944,coco,76468,000000076468.jpg,62,chair,chair,False,10,292,0.1003781557083129,-0.0103,184.5227,3.9476,202.3762,0.0,False,True
coco:76468:62:1944,coco,76468,000000076468.jpg,62,chair,chair,False,10,293,0.0999197363853454,369.6973,143.0646,382.3209,157.1149,0.0,False,True
coco:76468:62:1944,coco,76468,000000076468.jpg,62,chair,chair,False,10,294,0.0997326970100402,275.6713,0.1465,292.8371,9.2755,0.0,False,True
coco:76468:62:1944,coco,76468,000000076468.jpg,62,chair,chair,False,10,295,0.0996312946081161,486.9448,37.0459,504.9406,50.8437,0.0,False,True
coco:76468:62:1944,coco,76468,000000076468.jpg,62,chair,chair,False,10,296,0.0995690301060676,592.4456,72.4456,605.8886,89.4781,0.0,False,True
coco:76468:62:1944,coco,76468,000000076468.jpg,62,chair,chair,False,10,297,0.0991046726703643,0.0042,183.3957,2.2702,202.2072,0.0,False,True
coco:76468:62:1944,coco,76468,000000076468.jpg,62,chair,chair,False,10,298,0.0986280441284179,123.5687,160.6792,150.9967,191.1879,0.0,False,True
coco:76468:62:1944,coco,76468,000000076468.jpg,62,chair,chair,False,10,299,0.0984122902154922,26.3783,91.8568,46.1513,104.328,0.0,False,True
coco:76468:77:1946,coco,76468,000000076468.jpg,77,cell phone,cell phone,True,0,0,0.0702126324176788,57.0036,132.7505,64.9952,138.255,0.0,False,True
coco:76468:77:1946,coco,76468,000000076468.jpg,77,cell phone,cell phone,True,0,1,0.0701960921287536,250.0517,151.6105,256.3405,158.1313,0.0,False,True
coco:76468:77:1946,coco,76468,000000076468.jpg,77,cell phone,cell phone,True,0,2,0.0657557100057601,246.0156,250.9896,274.8982,294.3773,0.0,False,True
coco:76468:77:1946,coco,76468,000000076468.jpg,77,cell phone,cell phone,True,0,3,0.0596014410257339,444.04,39.2815,449.5414,45.4011,0.0,False,True
coco:76468:77:1946,coco,76468,000000076468.jpg,77,cell phone,cell phone,True,0,4,0.0557908751070499,307.4133,47.8562,311.7248,53.3291,0.0,False,True
coco:76468:77:1946,coco,76468,000000076468.jpg,77,cell phone,cell phone,True,0,5,0.0548608861863613,273.837,158.945,279.1586,164.8032,0.0,False,True
coco:77595:73:1962,coco,77595,000000077595.jpg,73,laptop,laptop,False,1,0,0.5837950110435486,0.209,0.3028,291.3844,424.142,0.9772205352783204,True,False
coco:77595:73:1962,coco,77595,000000077595.jpg,73,laptop,laptop,False,1,1,0.1897453963756561,0.2021,-0.2349,457.0701,424.7539,0.6213106513023376,True,False
coco:77595:44:1964,coco,77595,000000077595.jpg,44,bottle,bottle,True,0,0,0.1964978128671646,0.3469,-0.3402,290.5512,424.6443,0.0,False,True
coco:77595:44:1964,coco,77595,000000077595.jpg,44,bottle,bottle,True,0,1,0.0935389026999473,228.9609,83.2832,531.4257,422.654,0.0,False,True
coco:77595:44:1964,coco,77595,000000077595.jpg,44,bottle,bottle,True,0,2,0.0619476437568664,344.5164,158.5068,418.0643,179.4419,0.0,False,True
coco:77595:44:1964,coco,77595,000000077595.jpg,44,bottle,bottle,True,0,3,0.0562675148248672,254.1191,319.3133,295.6393,358.9748,0.0,False,True
coco:77595:44:1964,coco,77595,000000077595.jpg,44,bottle,bottle,True,0,4,0.0530560873448848,53.6403,239.7169,69.6594,255.9684,0.0,False,True
coco:77595:44:1964,coco,77595,000000077595.jpg,44,bottle,bottle,True,0,5,0.0511793419718742,298.6332,82.9285,460.248,278.461,0.0,False,True
coco:78170:1:1968,coco,78170,000000078170.jpg,1,person,person,False,2,0,0.8346035480499268,0.5722,255.3821,241.4478,544.9417,0.926116108894348,True,False
coco:78170:1:1968,coco,78170,000000078170.jpg,1,person,person,False,2,1,0.8213616609573364,496.5608,203.9583,622.7881,435.7568,0.9228693246841432,True,False
coco:78170:1:1968,coco,78170,000000078170.jpg,1,person,person,False,2,2,0.0672854110598564,15.7963,314.3118,107.0646,424.8748,0.1452737748622894,False,True
coco:78170:1:1968,coco,78170,000000078170.jpg,1,person,person,False,2,3,0.0658166408538818,495.9708,361.7654,533.3958,435.566,0.0797647759318351,False,True
coco:78170:1:1968,coco,78170,000000078170.jpg,1,person,person,False,2,4,0.0523811504244804,1.1069,312.7341,109.6432,527.0838,0.3217843770980835,False,True
coco:78170:1:1968,coco,78170,000000078170.jpg,1,person,person,False,2,5,0.0516976416110992,44.194,408.6332,99.8037,435.5225,0.0215271413326263,False,True
coco:78170:1:1968,coco,78170,000000078170.jpg,1,person,person,False,2,6,0.0515898950397968,44.3538,408.6727,100.2352,447.0712,0.0308915320783853,False,True
coco:78170:42:1970,coco,78170,000000078170.jpg,42,surfboard,surfboard,True,0,0,0.0664049312472343,1.0509,-0.0343,638.9931,639.8071,0.0,False,True
coco:78170:42:1970,coco,78170,000000078170.jpg,42,surfboard,surfboard,True,0,1,0.0628612786531448,1.0989,240.0472,310.3889,555.7131,0.0,False,True
coco:79031:1:2004,coco,79031,000000079031.jpg,1,person,person,False,1,0,0.8896924257278442,60.8405,0.1092,332.4436,370.3342,0.9919253587722778,True,False
coco:79031:1:2004,coco,79031,000000079031.jpg,1,person,person,False,1,1,0.0669474378228187,0.661,266.8631,601.8098,425.7434,0.1662939637899398,False,True
coco:79031:1:2004,coco,79031,000000079031.jpg,1,person,person,False,1,2,0.0666917636990547,265.5018,49.8555,290.2482,76.4288,0.0065929307602345,False,True
coco:79031:39:2005,coco,79031,000000079031.jpg,39,baseball bat,baseball bat,True,0,0,0.0991252809762954,1.2906,258.7197,601.228,425.5537,0.0,False,True
coco:79031:65:2006,coco,79031,000000079031.jpg,65,bed,bed,True,0,0,0.0790960937738418,1.2793,261.3344,601.5439,425.5099,0.0,False,True
coco:79031:65:2006,coco,79031,000000079031.jpg,65,bed,bed,True,0,1,0.058733481913805,59.5272,0.3349,332.1367,371.0444,0.0,False,True
coco:79565:25:2022,coco,79565,000000079565.jpg,25,giraffe,giraffe,False,2,0,0.8895139098167419,222.8728,93.9861,404.929,324.5836,0.9103830456733704,True,False
coco:79565:25:2022,coco,79565,000000079565.jpg,25,giraffe,giraffe,False,2,1,0.8764889240264893,127.7783,148.0794,220.2853,321.0563,0.9482269287109376,True,False
coco:79565:25:2022,coco,79565,000000079565.jpg,25,giraffe,giraffe,False,2,2,0.0632605478167533,127.3175,92.742,405.8015,325.3279,0.625124454498291,True,False
coco:79565:82:2023,coco,79565,000000079565.jpg,82,refrigerator,refrigerator,True,0,0,0.3881264626979828,222.2474,94.1118,404.744,324.4087,0.0,False,True
coco:79565:82:2023,coco,79565,000000079565.jpg,82,refrigerator,refrigerator,True,0,1,0.3461235761642456,127.7095,148.3331,220.1831,320.6566,0.0,False,True
coco:79565:82:2023,coco,79565,000000079565.jpg,82,refrigerator,refrigerator,True,0,2,0.0558887608349323,127.1149,93.1421,405.1953,324.298,0.0,False,True
coco:79565:3:2024,coco,79565,000000079565.jpg,3,car,car,True,0,0,0.1667799353599548,332.0335,203.1846,360.1007,210.1126,0.0,False,True
coco:79565:3:2024,coco,79565,000000079565.jpg,3,car,car,True,0,1,0.1212107762694358,332.111,203.1909,352.0479,209.7919,0.0,False,True
coco:79565:3:2024,coco,79565,000000079565.jpg,3,car,car,True,0,2,0.0616878569126129,221.7137,94.3235,404.5044,324.475,0.0,False,True
coco:79565:3:2024,coco,79565,000000079565.jpg,3,car,car,True,0,3,0.0519296564161777,332.0197,203.4901,338.2509,209.3537,0.0,False,True
coco:80022:37:2037,coco,80022,000000080022.jpg,37,sports ball,sports ball,False,1,0,0.4203322529792785,306.0139,248.5332,324.0457,265.9242,0.763458788394928,True,False
coco:80022:37:2037,coco,80022,000000080022.jpg,37,sports ball,sports ball,False,1,1,0.1582947373390197,271.6432,106.0125,427.4802,424.9604,0.0082639493048191,False,True
coco:80022:37:2037,coco,80022,000000080022.jpg,37,sports ball,sports ball,False,1,2,0.1329257488250732,299.4632,242.3883,330.2275,271.3789,0.4605461061000824,False,True
coco:80022:37:2037,coco,80022,000000080022.jpg,37,sports ball,sports ball,False,1,3,0.0985707268118858,295.2002,239.821,336.7543,275.8304,0.2745038866996765,False,True
coco:80022:37:2037,coco,80022,000000080022.jpg,37,sports ball,sports ball,False,1,4,0.0662069842219352,284.7208,246.8714,398.4708,310.1888,0.0570299737155437,False,True
coco:80022:37:2037,coco,80022,000000080022.jpg,37,sports ball,sports ball,False,1,5,0.0620406009256839,291.9041,231.8583,341.3993,281.7175,0.1664447039365768,False,True
coco:80022:58:2038,coco,80022,000000080022.jpg,58,hot dog,hot dog,True,0,0,0.088097907602787,272.2057,106.4601,427.1575,424.6965,0.0,False,True
coco:80022:58:2038,coco,80022,000000080022.jpg,58,hot dog,hot dog,True,0,1,0.0613674186170101,305.985,248.5236,323.9351,266.0422,0.0,False,True
coco:80022:28:2039,coco,80022,000000080022.jpg,28,umbrella,umbrella,True,0,0,0.079273872077465,284.7002,246.9244,398.2543,310.241,0.0,False,True
coco:80022:28:2039,coco,80022,000000080022.jpg,28,umbrella,umbrella,True,0,1,0.0720246061682701,1.5222,0.2842,638.6171,424.7829,0.0,False,True
coco:80022:28:2039,coco,80022,000000080022.jpg,28,umbrella,umbrella,True,0,2,0.0642132759094238,305.9641,248.5379,324.0755,266.1112,0.0,False,True
coco:80659:1:2058,coco,80659,000000080659.jpg,1,person,person,False,3,0,0.8407860994338989,401.8505,61.2748,540.6399,252.7215,0.9696820974349976,True,False
coco:80659:1:2058,coco,80659,000000080659.jpg,1,person,person,False,3,1,0.8043906688690186,141.7892,60.986,280.8338,232.0314,0.9478931427001952,True,False
coco:80659:1:2058,coco,80659,000000080659.jpg,1,person,person,False,3,2,0.6992840766906738,248.3671,61.1275,350.075,163.0138,0.9060528874397278,True,False
coco:80659:1:2058,coco,80659,000000080659.jpg,1,person,person,False,3,3,0.1290720403194427,247.7505,60.568,364.2066,301.4224,0.3616311252117157,False,True
coco:80659:1:2058,coco,80659,000000080659.jpg,1,person,person,False,3,4,0.053188182413578,0.1189,192.0645,122.2015,327.1259,0.0,False,True
coco:80659:1:2058,coco,80659,000000080659.jpg,1,person,person,False,3,5,0.0527787879109382,234.8116,96.1616,639.1009,407.4334,0.1699740886688232,False,True
coco:80659:1:2058,coco,80659,000000080659.jpg,1,person,person,False,3,6,0.0522555410861969,289.998,89.7008,349.9099,157.5075,0.3696004748344421,False,True
coco:80659:1:2058,coco,80659,000000080659.jpg,1,person,person,False,3,7,0.050253290683031,141.6384,60.3312,369.0813,306.4575,0.4239405393600464,False,True
coco:80949:73:2070,coco,80949,000000080949.jpg,73,laptop,laptop,False,1,0,0.8809999227523804,4.4928,0.1403,638.8464,415.0171,0.9777888059616088,True,False
coco:80949:85:2071,coco,80949,000000080949.jpg,85,clock,clock,True,0,0,0.1747651994228363,3.1212,0.2777,638.6305,417.3287,0.0,False,True
coco:80949:85:2071,coco,80949,000000080949.jpg,85,clock,clock,True,0,1,0.1735982149839401,76.8187,0.2575,572.9447,371.3187,0.0,False,True
coco:80949:85:2071,coco,80949,000000080949.jpg,85,clock,clock,True,0,2,0.0546855591237545,88.6422,0.0551,528.6674,171.4259,0.0,False,True
coco:80949:11:2072,coco,80949,000000080949.jpg,11,fire hydrant,fire hydrant,True,0,0,0.0861017704010009,4.0792,-0.5614,637.1631,419.9659,0.0,False,True
coco:82715:1:2103,coco,82715,000000082715.jpg,1,person,person,False,1,0,0.9213050007820128,171.7968,120.0308,305.3061,206.6757,0.9658372402191162,True,False
coco:82715:76:2104,coco,82715,000000082715.jpg,76,keyboard,keyboard,True,0,0,0.0911138281226158,211.3449,70.3848,333.2192,207.8109,0.0,False,True
coco:82715:76:2104,coco,82715,000000082715.jpg,76,keyboard,keyboard,True,0,1,0.0571103207767009,258.8337,70.496,333.2811,184.2158,0.0,False,True
coco:82715:73:2105,coco,82715,000000082715.jpg,73,laptop,laptop,True,0,0,0.1654967069625854,211.372,70.3626,333.2439,208.0251,0.0,False,True
coco:82715:73:2105,coco,82715,000000082715.jpg,73,laptop,laptop,True,0,1,0.1365464478731155,171.5628,118.6329,305.2035,208.5049,0.0,False,True
coco:82715:73:2105,coco,82715,000000082715.jpg,73,laptop,laptop,True,0,2,0.0719111859798431,260.7357,70.61,333.3958,179.8594,0.0,False,True
coco:82765:65:2106,coco,82765,000000082765.jpg,65,bed,bed,False,1,0,0.7383729815483093,0.5676,310.9195,425.342,639.0729,0.9293344020843506,True,False
coco:82765:65:2106,coco,82765,000000082765.jpg,65,bed,bed,False,1,1,0.1053221523761749,154.0509,272.5959,424.3439,373.273,0.1496988236904144,False,True
coco:82765:65:2106,coco,82765,000000082765.jpg,65,bed,bed,False,1,2,0.0951361209154129,154.4492,297.2454,392.7235,369.944,0.1154889091849327,False,True
coco:82765:65:2106,coco,82765,000000082765.jpg,65,bed,bed,False,1,3,0.0883375629782676,0.4454,311.4927,191.0592,435.26,0.1572884619235992,False,True
coco:82765:65:2106,coco,82765,000000082765.jpg,65,bed,bed,False,1,4,0.0843117013573646,0.855,1.1651,425.0644,638.4565,0.547454297542572,True,False
coco:82765:65:2106,coco,82765,000000082765.jpg,65,bed,bed,False,1,5,0.081741489470005,0.54,424.8522,425.2291,639.0312,0.6064357161521912,True,False
coco:82765:65:2106,coco,82765,000000082765.jpg,65,bed,bed,False,1,6,0.0708239525556564,0.4978,272.1762,425.2427,447.3763,0.4323170483112335,False,True
coco:82765:65:2106,coco,82765,000000082765.jpg,65,bed,bed,False,1,7,0.069129541516304,0.4567,368.3772,157.2443,439.8697,0.0747323632240295,False,True
coco:82765:65:2106,coco,82765,000000082765.jpg,65,bed,bed,False,1,8,0.065576396882534,156.706,272.9651,425.0666,462.0757,0.3034995794296264,False,True
coco:82765:3:2107,coco,82765,000000082765.jpg,3,car,car,True,0,0,0.0858159661293029,55.1437,432.251,331.2639,526.8171,0.0,False,True
coco:82765:3:2107,coco,82765,000000082765.jpg,3,car,car,True,0,1,0.0530319437384605,0.9748,273.132,425.283,637.7987,0.0,False,True
coco:82765:28:2108,coco,82765,000000082765.jpg,28,umbrella,umbrella,True,0,0,0.1998736411333084,0.8056,312.5072,190.8238,394.2709,0.0,False,True
coco:82765:28:2108,coco,82765,000000082765.jpg,28,umbrella,umbrella,True,0,1,0.1512961536645889,155.1738,298.1358,391.8611,369.3677,0.0,False,True
coco:82765:28:2108,coco,82765,000000082765.jpg,28,umbrella,umbrella,True,0,2,0.1143969297409057,55.4772,432.5419,331.1016,526.4849,0.0,False,True
coco:82765:28:2108,coco,82765,000000082765.jpg,28,umbrella,umbrella,True,0,3,0.099277064204216,0.8473,312.4007,190.7265,429.9307,0.0,False,True
coco:82765:28:2108,coco,82765,000000082765.jpg,28,umbrella,umbrella,True,0,4,0.0823381766676902,1.062,310.9977,425.0843,639.0185,0.0,False,True
coco:82765:28:2108,coco,82765,000000082765.jpg,28,umbrella,umbrella,True,0,5,0.0787172615528106,385.0076,271.466,425.3083,317.2268,0.0,False,True
coco:82765:28:2108,coco,82765,000000082765.jpg,28,umbrella,umbrella,True,0,6,0.0595203265547752,0.7521,368.6598,157.5998,434.2073,0.0,False,True
coco:82765:28:2108,coco,82765,000000082765.jpg,28,umbrella,umbrella,True,0,7,0.0578695051372051,165.3841,317.2859,425.1623,470.7363,0.0,False,True
coco:82846:6:2118,coco,82846,000000082846.jpg,6,bus,bus,False,1,0,0.9123651385307312,84.762,166.724,564.9761,439.2975,0.96024352312088,True,False
coco:82846:49:2119,coco,82846,000000082846.jpg,49,knife,knife,True,0,0,0.1013403907418251,85.9327,167.3783,563.856,438.8694,0.0,False,True
coco:82846:78:2120,coco,82846,000000082846.jpg,78,microwave,microwave,True,0,0,0.195786714553833,85.516,167.0097,563.7072,438.8961,0.0,False,True
coco:82986:34:2121,coco,82986,000000082986.jpg,34,frisbee,frisbee,False,1,0,0.7442955374717712,415.1335,49.7113,444.1779,56.4641,0.7845889329910278,True,False
coco:82986:34:2121,coco,82986,000000082986.jpg,34,frisbee,frisbee,False,1,1,0.1628449857234954,619.4156,135.8301,639.6296,146.741,0.0,False,True
coco:82986:34:2121,coco,82986,000000082986.jpg,34,frisbee,frisbee,False,1,2,0.1309048235416412,152.44,103.9085,192.7263,112.5416,0.0,False,True
coco:82986:34:2121,coco,82986,000000082986.jpg,34,frisbee,frisbee,False,1,3,0.0548463091254234,408.5419,41.9219,450.7081,63.6567,0.2723139524459839,False,True
coco:82986:72:2122,coco,82986,000000082986.jpg,72,tv,tv,True,0,0,0.3206698596477508,162.3045,148.0988,201.1626,180.857,0.0,False,True
coco:82986:72:2122,coco,82986,000000082986.jpg,72,tv,tv,True,0,1,0.1335380673408508,162.0718,80.0261,201.2946,181.1936,0.0,False,True
coco:82986:72:2122,coco,82986,000000082986.jpg,72,tv,tv,True,0,2,0.090419203042984,619.0666,135.5912,639.2405,147.6499,0.0,False,True
coco:82986:72:2122,coco,82986,000000082986.jpg,72,tv,tv,True,0,3,0.0779259502887725,414.9842,49.4802,444.1782,56.8594,0.0,False,True
coco:82986:72:2122,coco,82986,000000082986.jpg,72,tv,tv,True,0,4,0.0662298426032066,152.3267,103.7504,192.594,112.9237,0.0,False,True
coco:82986:72:2122,coco,82986,000000082986.jpg,72,tv,tv,True,0,5,0.0661119669675827,472.2524,105.8992,522.1195,168.5696,0.0,False,True
coco:82986:72:2122,coco,82986,000000082986.jpg,72,tv,tv,True,0,6,0.0643433928489685,74.7,102.0419,193.4455,241.4102,0.0,False,True
coco:82986:72:2122,coco,82986,000000082986.jpg,72,tv,tv,True,0,7,0.0631051212549209,84.6983,172.3338,121.8786,242.5452,0.0,False,True
coco:82986:72:2122,coco,82986,000000082986.jpg,72,tv,tv,True,0,8,0.056838933378458,457.0989,74.7948,542.8458,240.1998,0.0,False,True
coco:83540:1:2133,coco,83540,000000083540.jpg,1,person,person,False,1,0,0.8666939735412598,334.9268,247.0128,379.0769,416.8507,0.9146503210067748,True,False
coco:83540:50:2134,coco,83540,000000083540.jpg,50,spoon,spoon,True,0,0,0.0615233816206455,371.552,308.5983,426.3095,414.188,0.0,False,True
coco:83540:77:2135,coco,83540,000000083540.jpg,77,cell phone,cell phone,True,0,0,0.0969167649745941,334.082,246.8,379.2512,417.1026,0.0,False,True
coco:83540:77:2135,coco,83540,000000083540.jpg,77,cell phone,cell phone,True,0,1,0.070433422923088,363.9214,302.1483,378.3409,320.2138,0.0,False,True
coco:83540:77:2135,coco,83540,000000083540.jpg,77,cell phone,cell phone,True,0,2,0.0549064241349697,368.1295,301.7954,426.8694,414.6183,0.0,False,True
coco:83540:77:2135,coco,83540,000000083540.jpg,77,cell phone,cell phone,True,0,3,0.0520461983978748,289.002,404.1067,461.0629,419.1381,0.0,False,True
coco:84031:1:2136,coco,84031,000000084031.jpg,1,person,person,False,13,0,0.8121839761734009,97.376,216.3487,168.1608,360.085,0.9747571349143982,True,False
coco:84031:1:2136,coco,84031,000000084031.jpg,1,person,person,False,13,1,0.7458675503730774,280.1992,187.8184,377.068,335.8433,0.98321133852005,True,False
coco:84031:1:2136,coco,84031,000000084031.jpg,1,person,person,False,13,2,0.7364869117736816,182.6698,254.0523,296.2872,351.5139,0.8337488770484924,True,False
coco:84031:1:2136,coco,84031,000000084031.jpg,1,person,person,False,13,3,0.6419359445571899,61.9209,32.3675,78.5146,61.9709,0.8240665197372437,True,False
coco:84031:1:2136,coco,84031,000000084031.jpg,1,person,person,False,13,4,0.582281768321991,0.0475,219.9154,17.3175,274.9959,0.4034725427627563,False,True
coco:84031:1:2136,coco,84031,000000084031.jpg,1,person,person,False,13,5,0.5783969759941101,9.5617,216.854,35.213,273.5129,0.7080914378166199,True,False
coco:84031:1:2136,coco,84031,000000084031.jpg,1,person,person,False,13,6,0.5759234428405762,102.2204,215.6682,118.3123,264.9797,0.8874034881591797,True,False
coco:84031:1:2136,coco,84031,000000084031.jpg,1,person,person,False,13,7,0.5634399056434631,104.467,42.1406,115.3652,66.7458,0.0,False,True
coco:84031:1:2136,coco,84031,000000084031.jpg,1,person,person,False,13,8,0.5399688482284546,112.0965,42.5035,124.1613,68.3894,0.0,False,True
coco:84031:1:2136,coco,84031,000000084031.jpg,1,person,person,False,13,9,0.5330379009246826,278.7121,5.6428,289.5155,17.5576,0.0,False,True
coco:84031:1:2136,coco,84031,000000084031.jpg,1,person,person,False,13,10,0.5205217599868774,27.1943,212.7136,46.2793,272.3799,0.8750109076499939,True,False
coco:84031:1:2136,coco,84031,000000084031.jpg,1,person,person,False,13,11,0.5136151909828186,46.7545,213.1187,66.9231,270.4151,0.8460595607757568,True,False
coco:84031:1:2136,coco,84031,000000084031.jpg,1,person,person,False,13,12,0.5052877068519592,82.9435,211.9029,104.367,267.5679,0.0330887921154499,False,True
coco:84031:1:2136,coco,84031,000000084031.jpg,1,person,person,False,13,13,0.4996366798877716,61.1306,210.4476,80.1695,269.1093,0.7809994220733643,True,False
coco:84031:1:2136,coco,84031,000000084031.jpg,1,person,person,False,13,14,0.4994609355926513,271.5476,4.125,278.7226,15.8747,0.0,False,True
coco:84031:1:2136,coco,84031,000000084031.jpg,1,person,person,False,13,15,0.4967114627361297,319.4683,128.0442,333.2384,155.9846,0.0,False,True
coco:84031:1:2136,coco,84031,000000084031.jpg,1,person,person,False,13,16,0.467365562915802,266.1419,125.4225,277.9717,153.7018,0.0,False,True
coco:84031:1:2136,coco,84031,000000084031.jpg,1,person,person,False,13,17,0.4614618122577667,545.1102,199.3461,555.5401,227.4268,0.0,False,True
coco:84031:1:2136,coco,84031,000000084031.jpg,1,person,person,False,13,18,0.4600622653961181,19.1673,29.0132,29.5994,55.2258,0.0,False,True
coco:84031:1:2136,coco,84031,000000084031.jpg,1,person,person,False,13,19,0.4566451609134674,8.014,26.9975,20.9692,54.3108,0.0,False,True
coco:84031:1:2136,coco,84031,000000084031.jpg,1,person,person,False,13,20,0.4493606984615326,308.8965,73.5962,318.0587,88.6009,0.0,False,True
coco:84031:1:2136,coco,84031,000000084031.jpg,1,person,person,False,13,21,0.4478122591972351,249.1034,125.5314,267.0038,153.1292,0.0,False,True
coco:84031:1:2136,coco,84031,000000084031.jpg,1,person,person,False,13,22,0.4390018880367279,317.4982,75.2587,326.0108,89.4621,0.0,False,True
coco:84031:1:2136,coco,84031,000000084031.jpg,1,person,person,False,13,23,0.4356237649917602,198.2918,57.235,207.7732,79.1666,0.0,False,True
coco:84031:1:2136,coco,84031,000000084031.jpg,1,person,person,False,13,24,0.4345398247241974,397.3533,186.0871,408.2352,204.4467,0.8107204437255859,True,False
coco:84031:1:2136,coco,84031,000000084031.jpg,1,person,person,False,13,25,0.4280374050140381,496.5342,185.0622,505.3514,207.8614,0.0,False,True
coco:84031:1:2136,coco,84031,000000084031.jpg,1,person,person,False,13,26,0.4189128875732422,372.5348,186.0316,381.5139,204.2363,0.0052263978868722,False,True
coco:84031:1:2136,coco,84031,000000084031.jpg,1,person,person,False,13,27,0.4182287752628326,206.407,54.8329,217.2435,80.5224,0.0,False,True
coco:84031:1:2136,coco,84031,000000084031.jpg,1,person,person,False,13,28,0.4123870730400085,242.5378,182.193,249.8645,203.3353,0.0,False,True
coco:84031:1:2136,coco,84031,000000084031.jpg,1,person,person,False,13,29,0.4070349633693695,253.5137,184.8792,265.0613,210.0653,0.7950253486633301,True,False
coco:84031:1:2136,coco,84031,000000084031.jpg,1,person,person,False,13,30,0.3971205651760101,463.439,184.0434,473.3041,203.5449,0.0,False,True
coco:84031:1:2136,coco,84031,000000084031.jpg,1,person,person,False,13,31,0.3965928256511688,239.3875,60.8257,247.3878,72.6233,0.0,False,True
coco:84031:1:2136,coco,84031,000000084031.jpg,1,person,person,False,13,32,0.3895643055438995,71.97,211.4937,88.2219,268.2545,0.2916009128093719,False,True
coco:84031:1:2136,coco,84031,000000084031.jpg,1,person,person,False,13,33,0.3856596052646637,273.1664,64.9417,279.502,83.6437,0.0,False,True
coco:84031:1:2136,coco,84031,000000084031.jpg,1,person,person,False,13,34,0.3825608193874359,223.2862,201.9388,234.444,252.933,0.1477092951536178,False,True
coco:84031:1:2136,coco,84031,000000084031.jpg,1,person,person,False,13,35,0.3825013935565948,519.0753,199.2125,529.3002,229.5433,0.0,False,True
coco:84031:1:2136,coco,84031,000000084031.jpg,1,person,person,False,13,36,0.3822540938854217,283.0143,185.9457,290.7228,200.1913,0.0072333542630076,False,True
coco:84031:1:2136,coco,84031,000000084031.jpg,1,person,person,False,13,37,0.3822265565395355,0.0364,26.9749,10.4912,52.8092,0.0,False,True
coco:84031:1:2136,coco,84031,000000084031.jpg,1,person,person,False,13,38,0.3765794038772583,381.3831,187.6172,391.1433,201.2745,0.0,False,True
coco:84031:1:2136,coco,84031,000000084031.jpg,1,person,person,False,13,39,0.3707001805305481,269.865,184.9183,281.4203,202.7146,0.0018256301991641,False,True
coco:84031:1:2136,coco,84031,000000084031.jpg,1,person,person,False,13,40,0.3705658912658691,311.6785,185.7136,323.7797,205.8098,0.0160497743636369,False,True
coco:84031:1:2136,coco,84031,000000084031.jpg,1,person,person,False,13,41,0.3694930672645569,167.8507,118.5394,180.2443,137.2455,0.0,False,True
coco:84031:1:2136,coco,84031,000000084031.jpg,1,person,person,False,13,42,0.36754110455513,160.0426,49.8263,170.0409,66.4002,0.0,False,True
coco:84031:1:2136,coco,84031,000000084031.jpg,1,person,person,False,13,43,0.3621786534786224,248.0688,183.5202,256.2976,202.1567,0.0518409125506877,False,True
coco:84031:1:2136,coco,84031,000000084031.jpg,1,person,person,False,13,44,0.3619603812694549,168.3091,118.4978,179.5089,130.3657,0.0,False,True
coco:84031:1:2136,coco,84031,000000084031.jpg,1,person,person,False,13,45,0.3546266853809356,434.2805,92.1943,446.8518,110.337,0.0,False,True
coco:84031:1:2136,coco,84031,000000084031.jpg,1,person,person,False,13,46,0.3452464640140533,231.8452,204.8132,243.3374,253.3183,0.3420831263065338,False,True
coco:84031:1:2136,coco,84031,000000084031.jpg,1,person,person,False,13,47,0.3402539789676666,238.8415,206.4334,254.7292,251.4453,0.0632578656077385,False,True
coco:84031:1:2136,coco,84031,000000084031.jpg,1,person,person,False,13,48,0.3383557200431824,533.3407,199.7104,539.8462,220.3445,0.0,False,True
coco:84031:1:2136,coco,84031,000000084031.jpg,1,person,person,False,13,49,0.3381606936454773,169.2816,48.3538,177.749,62.2249,0.0,False,True
coco:84031:1:2136,coco,84031,000000084031.jpg,1,person,person,False,13,50,0.3373519778251648,525.7865,197.3184,534.5757,228.6235,0.0,False,True
coco:84031:1:2136,coco,84031,000000084031.jpg,1,person,person,False,13,51,0.3285041451454162,434.3451,92.2715,440.526,101.2182,0.0,False,True
coco:84031:1:2136,coco,84031,000000084031.jpg,1,person,person,False,13,52,0.3244668543338775,270.7758,202.7233,284.426,250.1668,0.0148732485249638,False,True
coco:84031:1:2136,coco,84031,000000084031.jpg,1,person,person,False,13,53,0.3225374817848205,239.2857,60.7725,247.6877,80.2039,0.0,False,True
coco:84031:1:2136,coco,84031,000000084031.jpg,1,person,person,False,13,54,0.3223825097084045,155.4409,47.8342,164.2384,66.9705,0.0,False,True
coco:84031:1:2136,coco,84031,000000084031.jpg,1,person,person,False,13,55,0.3216011822223663,278.7616,69.906,288.8256,90.2638,0.0,False,True
coco:84031:1:2136,coco,84031,000000084031.jpg,1,person,person,False,13,56,0.3145795464515686,214.1683,206.4501,226.5376,254.5437,0.9100329875946044,True,False
coco:84031:1:2136,coco,84031,000000084031.jpg,1,person,person,False,13,57,0.3105984032154083,288.237,202.9611,300.1103,249.1719,0.0379504859447479,False,True
coco:84031:1:2136,coco,84031,000000084031.jpg,1,person,person,False,13,58,0.3086846768856048,302.6894,198.9664,311.4965,213.5416,0.0088786836713552,False,True
coco:84031:1:2136,coco,84031,000000084031.jpg,1,person,person,False,13,59,0.3086840212345123,417.5491,185.0533,424.0322,198.4322,0.0,False,True
coco:84031:1:2136,coco,84031,000000084031.jpg,1,person,person,False,13,60,0.3035141825675964,261.9167,203.6753,273.1379,250.1798,0.0282876621931791,False,True
coco:84031:1:2136,coco,84031,000000084031.jpg,1,person,person,False,13,61,0.302986592054367,261.479,125.3184,270.3008,153.3809,0.0,False,True
coco:84031:1:2136,coco,84031,000000084031.jpg,1,person,person,False,13,62,0.3023413121700287,346.6538,186.7092,354.0524,197.8334,0.0056927017867565,False,True
coco:84031:1:2136,coco,84031,000000084031.jpg,1,person,person,False,13,63,0.3000806868076324,341.7872,214.2146,353.9727,263.1515,0.0412456840276718,False,True
coco:84031:1:2136,coco,84031,000000084031.jpg,1,person,person,False,13,64,0.2975026071071625,253.4574,207.6033,264.4584,251.0376,0.024837952107191,False,True
coco:84031:1:2136,coco,84031,000000084031.jpg,1,person,person,False,13,65,0.2966937124729156,336.8284,183.091,341.659,189.2726,0.0008852647733874,False,True
coco:84031:1:2136,coco,84031,000000084031.jpg,1,person,person,False,13,66,0.2941142916679382,155.3236,47.7628,160.0763,59.3139,0.0,False,True
coco:84031:1:2136,coco,84031,000000084031.jpg,1,person,person,False,13,67,0.2882694005966186,280.8433,200.2173,291.5479,249.8621,0.0367573648691177,False,True
coco:84031:1:2136,coco,84031,000000084031.jpg,1,person,person,False,13,68,0.2828375399112701,339.5996,193.3234,360.8116,263.627,0.1031480580568313,False,True
coco:84031:1:2136,coco,84031,000000084031.jpg,1,person,person,False,13,69,0.2809272408485412,341.7534,185.8708,347.7264,196.904,0.004247416742146,False,True
coco:84031:1:2136,coco,84031,000000084031.jpg,1,person,person,False,13,70,0.2772826552391052,482.7391,197.0151,493.7659,231.5383,0.0,False,True
coco:84031:1:2136,coco,84031,000000084031.jpg,1,person,person,False,13,71,0.2762130796909332,168.1169,48.4199,183.8615,76.1914,0.0,False,True
coco:84031:1:2136,coco,84031,000000084031.jpg,1,person,person,False,13,72,0.2724408507347107,434.1827,92.2526,441.0254,109.8991,0.0,False,True
coco:84031:1:2136,coco,84031,000000084031.jpg,1,person,person,False,13,73,0.2718721032142639,297.0913,202.5204,309.6089,247.0286,0.0385355539619922,False,True
coco:84031:1:2136,coco,84031,000000084031.jpg,1,person,person,False,13,74,0.2637746632099151,214.6396,198.8291,222.8735,210.3917,0.0359851717948913,False,True
coco:84031:1:2136,coco,84031,000000084031.jpg,1,person,person,False,13,75,0.2589595317840576,341.2468,193.2917,355.3101,263.0154,0.0678218454122543,False,True
coco:84031:1:2136,coco,84031,000000084031.jpg,1,person,person,False,13,76,0.2576596140861511,447.0512,199.308,455.685,235.3512,0.0,False,True
coco:84031:1:2136,coco,84031,000000084031.jpg,1,person,person,False,13,77,0.2529238164424896,463.5188,184.1185,469.6663,198.9286,0.0,False,True
coco:84031:1:2136,coco,84031,000000084031.jpg,1,person,person,False,13,78,0.2506875693798065,40.203,215.1571,55.5471,270.685,0.3180433213710785,False,True
coco:84031:1:2136,coco,84031,000000084031.jpg,1,person,person,False,13,79,0.2487272471189499,234.1111,199.6118,242.8754,208.781,0.1133508458733558,False,True
coco:84031:1:2136,coco,84031,000000084031.jpg,1,person,person,False,13,80,0.2454469203948974,341.8451,136.9069,354.0149,157.2097,0.0,False,True
coco:84031:1:2136,coco,84031,000000084031.jpg,1,person,person,False,13,81,0.2408230304718017,168.283,48.3928,178.1009,66.9439,0.0,False,True
coco:84031:1:2136,coco,84031,000000084031.jpg,1,person,person,False,13,82,0.2405929714441299,159.8114,49.8551,170.3958,74.4399,0.0,False,True
coco:84031:1:2136,coco,84031,000000084031.jpg,1,person,person,False,13,83,0.2392947673797607,273.2875,64.8138,288.3489,90.1373,0.0,False,True
coco:84031:1:2136,coco,84031,000000084031.jpg,1,person,person,False,13,84,0.238620325922966,269.2337,184.9808,282.634,208.3596,0.0042478614486753,False,True
coco:84031:1:2136,coco,84031,000000084031.jpg,1,person,person,False,13,85,0.2356816679239273,418.4382,187.9517,425.7423,199.3874,0.0,False,True
coco:84031:1:2136,coco,84031,000000084031.jpg,1,person,person,False,13,86,0.2348830103874206,437.4418,201.3204,447.9918,235.7808,0.0,False,True
coco:84031:1:2136,coco,84031,000000084031.jpg,1,person,person,False,13,87,0.2304071485996246,213.0715,58.2979,224.3613,81.0171,0.0,False,True
coco:84031:1:2136,coco,84031,000000084031.jpg,1,person,person,False,13,88,0.2291308790445327,453.5112,203.1552,464.1608,234.97,0.0,False,True
coco:84031:1:2136,coco,84031,000000084031.jpg,1,person,person,False,13,89,0.2283578068017959,213.2405,58.5727,220.8121,75.7958,0.0,False,True
coco:84031:1:2136,coco,84031,000000084031.jpg,1,person,person,False,13,90,0.2251879572868347,273.3319,64.9129,278.5794,75.4868,0.0,False,True
coco:84031:1:2136,coco,84031,000000084031.jpg,1,person,person,False,13,91,0.2159503400325775,423.2598,202.3481,433.4095,236.9514,0.0,False,True
coco:84031:1:2136,coco,84031,000000084031.jpg,1,person,person,False,13,92,0.2146866619586944,256.6349,125.3008,267.9017,153.231,0.0,False,True
coco:84031:1:2136,coco,84031,000000084031.jpg,1,person,person,False,13,93,0.2121485620737075,390.925,202.9065,402.7617,240.0309,0.0,False,True
coco:84031:1:2136,coco,84031,000000084031.jpg,1,person,person,False,13,94,0.2118816971778869,471.3837,198.862,481.8051,232.8089,0.0,False,True
coco:84031:1:2136,coco,84031,000000084031.jpg,1,person,person,False,13,95,0.2099194377660751,429.9655,199.0668,438.8925,235.5861,0.0,False,True
coco:84031:1:2136,coco,84031,000000084031.jpg,1,person,person,False,13,96,0.2076245099306106,400.8531,202.0318,410.9042,239.1748,0.0100527433678507,False,True
coco:84031:1:2136,coco,84031,000000084031.jpg,1,person,person,False,13,97,0.2066361159086227,417.3392,184.9573,421.4462,196.7685,0.0,False,True
coco:84031:1:2136,coco,84031,000000084031.jpg,1,person,person,False,13,98,0.2062160372734069,491.4423,200.2133,500.1886,231.3294,0.0,False,True
coco:84031:1:2136,coco,84031,000000084031.jpg,1,person,person,False,13,99,0.2032462358474731,27.4283,212.6123,55.4495,271.4818,0.591404378414154,True,False
coco:84031:1:2136,coco,84031,000000084031.jpg,1,person,person,False,13,100,0.2031241506338119,462.52,201.4694,472.2204,233.7173,0.0,False,True
coco:84031:1:2136,coco,84031,000000084031.jpg,1,person,person,False,13,101,0.2000658214092254,372.1588,205.674,380.8951,240.6496,0.0112387696281075,False,True
coco:84031:1:2136,coco,84031,000000084031.jpg,1,person,person,False,13,102,0.1981615126132965,206.6288,54.7858,216.5577,67.5491,0.0,False,True
coco:84031:1:2136,coco,84031,000000084031.jpg,1,person,person,False,13,103,0.1979868710041046,408.2289,202.5947,420.2245,238.9197,0.0,False,True
coco:84031:1:2136,coco,84031,000000084031.jpg,1,person,person,False,13,104,0.1950401663780212,468.0505,188.9629,473.8729,204.4956,0.0,False,True
coco:84031:1:2136,coco,84031,000000084031.jpg,1,person,person,False,13,105,0.1946657299995422,335.0763,207.29,353.9692,263.4624,0.0734048560261726,False,True
coco:84031:1:2136,coco,84031,000000084031.jpg,1,person,person,False,13,106,0.1922308057546615,248.6313,127.7051,260.1745,152.4846,0.0,False,True
coco:84031:1:2136,coco,84031,000000084031.jpg,1,person,person,False,13,107,0.1914698183536529,279.1958,69.9148,287.7869,83.278,0.0,False,True
coco:84031:1:2136,coco,84031,000000084031.jpg,1,person,person,False,13,108,0.1906252801418304,213.5935,58.5182,219.3159,67.5587,0.0,False,True
coco:84031:1:2136,coco,84031,000000084031.jpg,1,person,person,False,13,109,0.1899436116218567,233.7439,199.8118,244.1149,214.2592,0.2629023492336273,False,True
coco:84031:1:2136,coco,84031,000000084031.jpg,1,person,person,False,13,110,0.1893371045589447,393.541,148.3396,401.1199,159.2755,0.0,False,True
coco:84031:1:2136,coco,84031,000000084031.jpg,1,person,person,False,13,111,0.1886364370584488,379.7827,199.0662,391.8488,240.0818,0.0,False,True
coco:84031:1:2136,coco,84031,000000084031.jpg,1,person,person,False,13,112,0.1872305423021316,240.4308,201.5835,250.0875,217.9337,0.0541536435484886,False,True
coco:84031:1:2136,coco,84031,000000084031.jpg,1,person,person,False,13,113,0.1865467280149459,309.4801,73.4916,316.6885,81.6247,0.0,False,True
coco:84031:1:2136,coco,84031,000000084031.jpg,1,person,person,False,13,114,0.181720033288002,273.3116,64.7652,286.3198,83.7715,0.0,False,True
coco:84031:1:2136,coco,84031,000000084031.jpg,1,person,person,False,13,115,0.1802639663219452,412.0915,197.8439,419.5969,209.5079,0.0,False,True
coco:84031:1:2136,coco,84031,000000084031.jpg,1,person,person,False,13,116,0.1791719943284988,308.9458,73.5413,325.737,89.5227,0.0,False,True
coco:84031:1:2136,coco,84031,000000084031.jpg,1,person,person,False,13,117,0.1782128810882568,548.7713,199.3393,555.3826,207.2578,0.0,False,True
coco:84031:1:2136,coco,84031,000000084031.jpg,1,person,person,False,13,118,0.1734844893217086,345.1585,186.6604,354.4168,205.0892,0.0118012465536594,False,True
coco:84031:1:2136,coco,84031,000000084031.jpg,1,person,person,False,13,119,0.1729554980993271,361.6054,201.0847,373.6152,242.3246,0.034257423132658,False,True
coco:84031:1:2136,coco,84031,000000084031.jpg,1,person,person,False,13,120,0.1715696007013321,198.7754,57.2452,207.2148,68.7457,0.0,False,True
coco:84031:1:2136,coco,84031,000000084031.jpg,1,person,person,False,13,121,0.1711778938770294,314.0605,185.7629,322.6137,197.3029,0.0063167577609419,False,True
coco:84031:1:2136,coco,84031,000000084031.jpg,1,person,person,False,13,122,0.1685975939035415,420.2741,188.6182,425.4003,198.1873,0.0,False,True
coco:84031:1:2136,coco,84031,000000084031.jpg,1,person,person,False,13,123,0.1681187897920608,236.3888,207.1073,246.7277,252.6578,0.1622595638036728,False,True
coco:84031:1:2136,coco,84031,000000084031.jpg,1,person,person,False,13,124,0.1653488129377365,362.8754,201.7059,379.9896,241.5878,0.038218431174755,False,True
coco:84031:1:2136,coco,84031,000000084031.jpg,1,person,person,False,13,125,0.1642675250768661,87.8829,212.7395,95.5211,223.1782,0.0,False,True
coco:84031:1:2136,coco,84031,000000084031.jpg,1,person,person,False,13,126,0.1633719354867935,277.8771,186.2658,284.8367,199.8168,0.0046251667663455,False,True
coco:84031:1:2136,coco,84031,000000084031.jpg,1,person,person,False,13,127,0.1602420657873153,418.5035,199.5648,426.0456,236.3068,0.0,False,True
coco:84031:1:2136,coco,84031,000000084031.jpg,1,person,person,False,13,128,0.159898355603218,81.9965,45.5089,91.2477,63.7805,0.0,False,True
coco:84031:1:2136,coco,84031,000000084031.jpg,1,person,person,False,13,129,0.1596816480159759,337.1694,183.4628,346.5779,196.5626,0.0064570717513561,False,True
coco:84031:1:2136,coco,84031,000000084031.jpg,1,person,person,False,13,130,0.1588477492332458,382.7064,198.9854,391.8206,212.092,0.0,False,True
coco:84031:1:2136,coco,84031,000000084031.jpg,1,person,person,False,13,131,0.156635507941246,347.1163,195.3644,358.9586,212.0213,0.0136437490582466,False,True
coco:84031:1:2136,coco,84031,000000084031.jpg,1,person,person,False,13,132,0.1565926969051361,340.7585,193.5527,373.026,263.4002,0.1558897048234939,False,True
coco:84031:1:2136,coco,84031,000000084031.jpg,1,person,person,False,13,133,0.1551461964845657,270.8902,197.4241,280.3949,210.0775,0.000551403791178,False,True
coco:84031:1:2136,coco,84031,000000084031.jpg,1,person,person,False,13,134,0.1549205631017685,459.9461,201.9893,468.9075,234.1449,0.0,False,True
coco:84031:1:2136,coco,84031,000000084031.jpg,1,person,person,False,13,135,0.152782455086708,248.2405,126.8986,257.3063,146.7886,0.0,False,True
coco:84031:1:2136,coco,84031,000000084031.jpg,1,person,person,False,13,136,0.1506714820861816,167.4701,118.4794,183.5954,149.5949,0.0,False,True
coco:84031:1:2136,coco,84031,000000084031.jpg,1,person,person,False,13,137,0.1506182551383972,447.6061,199.3418,455.2913,210.3692,0.0,False,True
coco:84031:1:2136,coco,84031,000000084031.jpg,1,person,person,False,13,138,0.1496715396642685,479.6332,204.0834,490.9997,232.7928,0.0,False,True
coco:84031:1:2136,coco,84031,000000084031.jpg,1,person,person,False,13,139,0.1466283053159713,83.2096,45.6516,91.1378,56.1715,0.0,False,True
coco:84031:1:2136,coco,84031,000000084031.jpg,1,person,person,False,13,140,0.1464861780405044,396.0683,94.7712,403.9827,105.0863,0.0,False,True
coco:84031:1:2136,coco,84031,000000084031.jpg,1,person,person,False,13,141,0.1460799425840377,281.8495,199.8874,290.7247,213.7928,0.0085361553356051,False,True
coco:84031:1:2136,coco,84031,000000084031.jpg,1,person,person,False,13,142,0.1443392932415008,350.3145,197.4589,359.4585,212.266,0.0093649625778198,False,True
coco:84031:1:2136,coco,84031,000000084031.jpg,1,person,person,False,13,143,0.1437486112117767,497.0685,185.1042,505.1611,195.768,0.0,False,True
coco:84031:1:2136,coco,84031,000000084031.jpg,1,person,person,False,13,144,0.1428983956575393,248.6851,124.9143,278.1736,153.8448,0.0,False,True
coco:84031:1:2136,coco,84031,000000084031.jpg,1,person,person,False,13,145,0.1405115872621536,364.472,200.8828,372.8831,212.3684,0.0066820601932704,False,True
coco:84031:1:2136,coco,84031,000000084031.jpg,1,person,person,False,13,146,0.1400031149387359,460.3603,196.4657,466.8306,205.9055,0.0,False,True
coco:84031:1:2136,coco,84031,000000084031.jpg,1,person,person,False,13,147,0.1391385644674301,261.8891,203.3935,271.6293,217.0295,0.0619069933891296,False,True
coco:84031:1:2136,coco,84031,000000084031.jpg,1,person,person,False,13,148,0.1383625566959381,302.2627,198.8956,311.6035,246.2581,0.0305997096002101,False,True
coco:84031:1:2136,coco,84031,000000084031.jpg,1,person,person,False,13,149,0.1351601332426071,234.0431,200.2881,248.5682,251.7892,0.1903393119573593,False,True
coco:84031:1:2136,coco,84031,000000084031.jpg,1,person,person,False,13,150,0.1339684128761291,214.3105,199.0371,224.1593,221.3311,0.2022255212068557,False,True
coco:84031:1:2136,coco,84031,000000084031.jpg,1,person,person,False,13,151,0.133938267827034,246.4361,205.0319,256.4888,250.713,0.0087157897651195,False,True
coco:84031:1:2136,coco,84031,000000084031.jpg,1,person,person,False,13,152,0.1336732357740402,270.785,197.0927,278.9006,204.4205,0.0,False,True
coco:84031:1:2136,coco,84031,000000084031.jpg,1,person,person,False,13,153,0.1335576474666595,437.1604,151.3532,444.6096,161.1927,0.0,False,True
coco:84031:1:2136,coco,84031,000000084031.jpg,1,person,person,False,13,154,0.1317885965108871,495.6799,185.4856,499.7605,196.7672,0.0,False,True
coco:84031:1:2136,coco,84031,000000084031.jpg,1,person,person,False,13,155,0.1312211006879806,493.0944,200.027,500.5081,211.3983,0.0,False,True
coco:84031:1:2136,coco,84031,000000084031.jpg,1,person,person,False,13,156,0.1303765326738357,223.3248,201.7276,233.2198,215.2527,0.076129674911499,False,True
coco:84031:1:2136,coco,84031,000000084031.jpg,1,person,person,False,13,157,0.1301642656326294,281.5642,137.4645,292.6692,154.6377,0.0,False,True
coco:84031:1:2136,coco,84031,000000084031.jpg,1,person,person,False,13,158,0.1297496408224105,544.7678,200.6786,551.6396,227.494,0.0,False,True
coco:84031:1:2136,coco,84031,000000084031.jpg,1,person,person,False,13,159,0.1297064870595932,360.1641,203.0424,366.2379,213.0817,0.0042176665738224,False,True
coco:84031:1:2136,coco,84031,000000084031.jpg,1,person,person,False,13,160,0.1284894943237304,483.2545,197.0682,492.9789,207.939,0.0,False,True
coco:84031:1:2136,coco,84031,000000084031.jpg,1,person,person,False,13,161,0.1279637217521667,248.6282,183.184,254.8675,191.6767,0.0,False,True
coco:84031:1:2136,coco,84031,000000084031.jpg,1,person,person,False,13,162,0.1278658807277679,349.8049,196.9176,360.0388,233.1903,0.025675781071186,False,True
coco:84031:1:2136,coco,84031,000000084031.jpg,1,person,person,False,13,163,0.1271334439516067,214.7176,198.8646,221.0912,207.9367,0.0043129217810928,False,True
coco:84031:1:2136,coco,84031,000000084031.jpg,1,person,person,False,13,164,0.1270157992839813,378.0461,201.7174,386.4037,211.3689,0.0,False,True
coco:84031:1:2136,coco,84031,000000084031.jpg,1,person,person,False,13,165,0.126204565167427,467.7899,203.2296,475.7787,233.2025,0.0,False,True
coco:84031:1:2136,coco,84031,000000084031.jpg,1,person,person,False,13,166,0.1259088516235351,267.8583,125.5468,277.8016,138.1033,0.0,False,True
coco:84031:1:2136,coco,84031,000000084031.jpg,1,person,person,False,13,167,0.1256789118051529,234.034,199.9148,247.9822,217.9055,0.2799890637397766,False,True
coco:84031:1:2136,coco,84031,000000084031.jpg,1,person,person,False,13,168,0.1255869716405868,214.1636,206.6988,220.8987,252.4433,0.5081784129142761,True,False
coco:84031:1:2136,coco,84031,000000084031.jpg,1,person,person,False,13,169,0.1238846778869628,261.2929,125.3984,268.1291,137.1018,0.0,False,True
coco:84031:1:2136,coco,84031,000000084031.jpg,1,person,person,False,13,170,0.1226963773369789,383.8817,198.9091,393.0696,240.1718,0.0,False,True
coco:84031:1:2136,coco,84031,000000084031.jpg,1,person,person,False,13,171,0.1225092783570289,14.8098,29.8141,23.1439,53.9908,0.0,False,True
coco:84031:1:2136,coco,84031,000000084031.jpg,1,person,person,False,13,172,0.1217595264315605,472.5507,198.3589,481.7812,210.4447,0.0,False,True
coco:84031:1:2136,coco,84031,000000084031.jpg,1,person,person,False,13,173,0.1215227171778678,342.5103,185.7734,347.3605,192.1655,0.0018598831957206,False,True
coco:84031:1:2136,coco,84031,000000084031.jpg,1,person,person,False,13,174,0.1210861727595329,430.8919,198.8717,438.3763,211.2037,0.0,False,True
coco:84031:1:2136,coco,84031,000000084031.jpg,1,person,person,False,13,175,0.1186561435461044,266.7499,195.0913,273.832,206.5589,0.0,False,True
coco:84031:1:2136,coco,84031,000000084031.jpg,1,person,person,False,13,176,0.1180900633335113,474.8059,199.068,482.5616,232.6882,0.0,False,True
coco:84031:1:2136,coco,84031,000000084031.jpg,1,person,person,False,13,177,0.1172606721520423,159.959,49.482,175.9349,66.3008,0.0,False,True
coco:84031:1:2136,coco,84031,000000084031.jpg,1,person,person,False,13,178,0.1169281676411628,232.5728,203.4664,239.9181,214.2515,0.3013894259929657,False,True
coco:84031:1:2136,coco,84031,000000084031.jpg,1,person,person,False,13,179,0.1158437728881836,318.1544,185.5184,324.1603,195.1579,0.0035451606381684,False,True
coco:84031:1:2136,coco,84031,000000084031.jpg,1,person,person,False,13,180,0.1141107976436615,310.4881,188.0886,316.73,207.1096,0.0082120951265096,False,True
coco:84031:1:2136,coco,84031,000000084031.jpg,1,person,person,False,13,181,0.1139329001307487,468.2724,189.5513,473.7,198.8164,0.0,False,True
coco:84031:1:2136,coco,84031,000000084031.jpg,1,person,person,False,13,182,0.1138831600546836,533.7396,200.0461,539.4766,207.5444,0.0,False,True
coco:84031:1:2136,coco,84031,000000084031.jpg,1,person,person,False,13,183,0.1130342707037925,320.2052,128.2389,329.9346,146.2384,0.0,False,True
coco:84031:1:2136,coco,84031,000000084031.jpg,1,person,person,False,13,184,0.1122154518961906,248.4423,127.1464,256.199,137.2231,0.0,False,True
coco:84031:1:2136,coco,84031,000000084031.jpg,1,person,person,False,13,185,0.1122015491127967,521.6462,199.1313,528.8679,207.7416,0.0,False,True
coco:84031:1:2136,coco,84031,000000084031.jpg,1,person,person,False,13,186,0.1107015684247016,395.4393,196.3517,401.2232,208.2373,0.1120904460549354,False,True
coco:84031:1:2136,coco,84031,000000084031.jpg,1,person,person,False,13,187,0.1088959202170372,438.1364,200.4914,447.0179,211.2289,0.0,False,True
coco:84031:1:2136,coco,84031,000000084031.jpg,1,person,person,False,13,188,0.1083320677280426,477.1424,204.0795,484.5523,232.9758,0.0,False,True
coco:84031:1:2136,coco,84031,000000084031.jpg,1,person,person,False,13,189,0.1070824265480041,566.594,195.4291,570.7318,205.8091,0.0,False,True
coco:84031:1:2136,coco,84031,000000084031.jpg,1,person,person,False,13,190,0.1060725301504135,376.6416,201.9121,386.5493,240.2879,0.0005392946768552,False,True
coco:84031:1:2136,coco,84031,000000084031.jpg,1,person,person,False,13,191,0.1055299490690231,93.1685,211.7556,104.8831,266.7585,0.0673210546374321,False,True
coco:84031:1:2136,coco,84031,000000084031.jpg,1,person,person,False,13,192,0.1037660539150238,248.9926,203.7498,256.2152,215.6685,0.0190552175045013,False,True
coco:84031:1:2136,coco,84031,000000084031.jpg,1,person,person,False,13,193,0.1031814664602279,342.9704,185.6569,353.9092,199.0798,0.0094203678891062,False,True
coco:84031:1:2136,coco,84031,000000084031.jpg,1,person,person,False,13,194,0.1006096005439758,341.248,185.6825,347.9512,202.0521,0.0071518695913255,False,True
coco:84031:1:2136,coco,84031,000000084031.jpg,1,person,person,False,13,195,0.100232794880867,419.8455,197.4229,428.36,209.5291,0.0,False,True
coco:84031:1:2136,coco,84031,000000084031.jpg,1,person,person,False,13,196,0.0988139286637306,341.6353,137.8687,348.4878,156.8526,0.0,False,True
coco:84031:1:2136,coco,84031,000000084031.jpg,1,person,person,False,13,197,0.0985976085066795,527.9349,197.0951,533.9695,207.1769,0.0,False,True
coco:84031:1:2136,coco,84031,000000084031.jpg,1,person,person,False,13,198,0.0983954891562461,541.068,196.8522,544.8843,206.5987,0.0,False,True
coco:84031:1:2136,coco,84031,000000084031.jpg,1,person,person,False,13,199,0.098140187561512,296.1242,202.6011,305.2798,214.3004,0.0074087777175009,False,True
coco:84031:1:2136,coco,84031,000000084031.jpg,1,person,person,False,13,200,0.097883254289627,361.7505,196.1718,500.2154,239.695,0.0331457592546939,False,True
coco:84031:1:2136,coco,84031,000000084031.jpg,1,person,person,False,13,201,0.0952804684638977,214.3989,182.1808,310.3474,251.9463,0.104324035346508,False,True
coco:84031:1:2136,coco,84031,000000084031.jpg,1,person,person,False,13,202,0.0945248380303382,247.7551,183.581,256.6125,212.0486,0.0775706842541694,False,True
coco:84031:1:2136,coco,84031,000000084031.jpg,1,person,person,False,13,203,0.0944119617342948,199.292,57.2745,206.4355,64.9333,0.0,False,True
coco:84031:1:2136,coco,84031,000000084031.jpg,1,person,person,False,13,204,0.0943564102053642,311.2551,186.8983,317.9853,206.2197,0.0089943334460258,False,True
coco:84031:1:2136,coco,84031,000000084031.jpg,1,person,person,False,13,205,0.093516007065773,310.6418,187.4676,315.4771,199.1133,0.003894887631759,False,True
coco:84031:1:2136,coco,84031,000000084031.jpg,1,person,person,False,13,206,0.0920360311865806,296.639,202.6117,307.3154,216.2923,0.0101025188341736,False,True
coco:84031:1:2136,coco,84031,000000084031.jpg,1,person,person,False,13,207,0.0911664217710495,0.0174,219.8934,8.1207,261.1183,0.1253550201654434,False,True
coco:84031:1:2136,coco,84031,000000084031.jpg,1,person,person,False,13,208,0.0910360589623451,524.6081,198.9232,530.0271,207.1056,0.0,False,True
coco:84031:1:2136,coco,84031,000000084031.jpg,1,person,person,False,13,209,0.090887613594532,356.5897,203.2691,366.0056,232.3578,0.0189446881413459,False,True
coco:84031:1:2136,coco,84031,000000084031.jpg,1,person,person,False,13,210,0.0906432718038559,237.1627,206.7555,247.2937,221.8188,0.2393294870853424,False,True
coco:84031:1:2136,coco,84031,000000084031.jpg,1,person,person,False,13,211,0.0901695787906646,526.9613,197.3403,534.6023,212.4082,0.0,False,True
coco:84031:1:2136,coco,84031,000000084031.jpg,1,person,person,False,13,212,0.0899238809943199,13.508,28.8115,21.1507,40.8911,0.0,False,True
coco:84031:1:2136,coco,84031,000000084031.jpg,1,person,person,False,13,213,0.0898250266909599,523.0934,197.4807,539.4204,220.577,0.0,False,True
coco:84031:1:2136,coco,84031,000000084031.jpg,1,person,person,False,13,214,0.0891837924718856,370.7411,201.5079,378.433,211.4187,0.0041831373237073,False,True
coco:84031:1:2136,coco,84031,000000084031.jpg,1,person,person,False,13,215,0.0885627195239067,437.0782,151.7116,441.6411,160.8947,0.0,False,True
coco:84031:1:2136,coco,84031,000000084031.jpg,1,person,person,False,13,216,0.0884923338890075,400.698,201.4798,408.6579,211.2716,0.0412831269204616,False,True
coco:84031:1:2136,coco,84031,000000084031.jpg,1,person,person,False,13,217,0.0879864022135734,548.225,199.3812,555.7573,226.2133,0.0,False,True
coco:84031:1:2136,coco,84031,000000084031.jpg,1,person,person,False,13,218,0.0877482146024704,316.0705,192.964,324.2108,205.3096,0.0069511346518993,False,True
coco:84031:1:2136,coco,84031,000000084031.jpg,1,person,person,False,13,219,0.0869033113121986,281.2102,130.0506,293.6441,154.8737,0.0,False,True
coco:84031:1:2136,coco,84031,000000084031.jpg,1,person,person,False,13,220,0.0865261182188987,338.4436,186.8334,353.8188,235.8137,0.0520887859165668,False,True
coco:84031:1:2136,coco,84031,000000084031.jpg,1,person,person,False,13,221,0.0858164504170417,471.9296,198.3853,481.6855,217.7585,0.0,False,True
coco:84031:1:2136,coco,84031,000000084031.jpg,1,person,person,False,13,222,0.0854788720607757,17.664,209.0006,29.0561,218.6792,0.0148443430662155,False,True
coco:84031:1:2136,coco,84031,000000084031.jpg,1,person,person,False,13,223,0.0847215354442596,208.9615,136.0844,221.0519,151.1896,0.0,False,True
coco:84031:1:2136,coco,84031,000000084031.jpg,1,person,person,False,13,224,0.0836686789989471,217.3503,129.5237,225.8961,151.1852,0.0,False,True
coco:84031:1:2136,coco,84031,000000084031.jpg,1,person,person,False,13,225,0.0825702920556068,0.1009,210.41,118.2096,273.8157,0.2208072990179062,False,True
coco:84031:1:2136,coco,84031,000000084031.jpg,1,person,person,False,13,226,0.0820490047335624,87.0473,211.8392,104.2168,228.9946,0.0156069546937942,False,True
coco:84031:1:2136,coco,84031,000000084031.jpg,1,person,person,False,13,227,0.0814458802342414,390.8691,92.5831,403.9777,105.1904,0.0,False,True
coco:84031:1:2136,coco,84031,000000084031.jpg,1,person,person,False,13,228,0.0813924968242645,160.253,48.6416,183.5547,76.0175,0.0,False,True
coco:84031:1:2136,coco,84031,000000084031.jpg,1,person,person,False,13,229,0.0813485234975814,223.3408,201.6496,230.5141,208.7376,0.0062729413621127,False,True
coco:84031:1:2136,coco,84031,000000084031.jpg,1,person,person,False,13,230,0.0810751169919967,376.835,147.6868,381.5523,158.397,0.0,False,True
coco:84031:1:2136,coco,84031,000000084031.jpg,1,person,person,False,13,231,0.0800452753901481,61.5185,210.4885,73.8625,228.4386,0.1755174696445465,False,True
coco:84031:1:2136,coco,84031,000000084031.jpg,1,person,person,False,13,232,0.0797777399420738,277.0838,185.3893,283.4405,198.2322,0.0029481535311788,False,True
coco:84031:1:2136,coco,84031,000000084031.jpg,1,person,person,False,13,233,0.0796633139252662,244.1246,201.2919,254.2475,217.9794,0.0,False,True
coco:84031:1:2136,coco,84031,000000084031.jpg,1,person,person,False,13,234,0.0793642476201057,277.9321,193.518,284.8017,203.4841,0.0034709875471889,False,True
coco:84031:1:2136,coco,84031,000000084031.jpg,1,person,person,False,13,235,0.0791750773787498,342.4193,144.9124,351.482,157.1346,0.0,False,True
coco:84031:1:2136,coco,84031,000000084031.jpg,1,person,person,False,13,236,0.0788577944040298,423.306,150.125,427.5646,160.4483,0.0,False,True
coco:84031:1:2136,coco,84031,000000084031.jpg,1,person,person,False,13,237,0.0787752270698547,434.4331,199.9282,442.3378,235.4189,0.0,False,True
coco:84031:1:2136,coco,84031,000000084031.jpg,1,person,person,False,13,238,0.0774236693978309,339.5164,192.2093,354.2891,211.6279,0.0198418442159891,False,True
coco:84031:1:2136,coco,84031,000000084031.jpg,1,person,person,False,13,239,0.0772177502512931,407.653,202.5607,414.7044,210.9914,0.0003943615593016,False,True
coco:84031:1:2136,coco,84031,000000084031.jpg,1,person,person,False,13,240,0.0769590213894844,239.4052,61.7254,243.9457,71.9179,0.0,False,True
coco:84031:1:2136,coco,84031,000000084031.jpg,1,person,person,False,13,241,0.0765929296612739,458.8474,202.542,466.8118,234.2672,0.0,False,True
coco:84031:1:2136,coco,84031,000000084031.jpg,1,person,person,False,13,242,0.0759906619787216,565.498,155.15,571.9566,166.8367,0.0,False,True
coco:84031:1:2136,coco,84031,000000084031.jpg,1,person,person,False,13,243,0.0758833736181259,304.0915,185.4343,369.7072,264.053,0.3495463132858276,False,True
coco:84031:1:2136,coco,84031,000000084031.jpg,1,person,person,False,13,244,0.0754680633544921,282.8021,199.5157,290.3553,208.3758,0.0046288450248539,False,True
coco:84031:1:2136,coco,84031,000000084031.jpg,1,person,person,False,13,245,0.0751401558518409,278.786,202.9891,287.8458,249.6457,0.026012010872364,False,True
coco:84031:1:2136,coco,84031,000000084031.jpg,1,person,person,False,13,246,0.0748638957738876,47.2479,209.6262,54.0719,215.9353,0.0123594980686903,False,True
coco:84031:1:2136,coco,84031,000000084031.jpg,1,person,person,False,13,247,0.0748472213745117,335.0632,207.6039,353.1512,236.8507,0.036590926349163,False,True
coco:84031:1:2136,coco,84031,000000084031.jpg,1,person,person,False,13,248,0.0746596381068229,72.4606,211.5979,87.849,234.7517,0.1411180794239044,False,True
coco:84031:1:2136,coco,84031,000000084031.jpg,1,person,person,False,13,249,0.07436004281044,272.5855,201.3777,280.5446,209.9976,0.000465785007691,False,True
coco:84031:1:2136,coco,84031,000000084031.jpg,1,person,person,False,13,250,0.0743312463164329,272.0169,4.3237,289.1821,17.7498,0.0,False,True
coco:84031:1:2136,coco,84031,000000084031.jpg,1,person,person,False,13,251,0.0739689320325851,342.4384,186.1277,357.8203,210.2209,0.0250964146107435,False,True
coco:84031:1:2136,coco,84031,000000084031.jpg,1,person,person,False,13,252,0.0734265148639679,271.2426,185.3493,279.3078,197.0579,0.0,False,True
coco:84031:1:2136,coco,84031,000000084031.jpg,1,person,person,False,13,253,0.0733447521924972,242.466,200.9854,249.4506,206.9315,0.0,False,True
coco:84031:1:2136,coco,84031,000000084031.jpg,1,person,person,False,13,254,0.0732272490859031,234.9482,199.5892,241.8547,205.0031,0.0030711342114955,False,True
coco:84031:1:2136,coco,84031,000000084031.jpg,1,person,person,False,13,255,0.0730723440647125,27.4347,212.7157,45.4468,234.9606,0.337174504995346,False,True
coco:84031:1:2136,coco,84031,000000084031.jpg,1,person,person,False,13,256,0.0730457529425621,416.42,186.0841,425.6072,207.2271,0.0,False,True
coco:84031:1:2136,coco,84031,000000084031.jpg,1,person,person,False,13,257,0.0715386196970939,318.2338,75.4321,325.924,83.4996,0.0,False,True
coco:84031:1:2136,coco,84031,000000084031.jpg,1,person,person,False,13,258,0.0710733383893966,268.7439,190.3178,275.1583,202.1444,0.0,False,True
coco:84031:1:2136,coco,84031,000000084031.jpg,1,person,person,False,13,259,0.0707275494933128,253.5679,207.5017,262.7888,216.586,0.0476223267614841,False,True
coco:84031:1:2136,coco,84031,000000084031.jpg,1,person,person,False,13,260,0.0704650580883026,198.6523,55.8055,223.9563,80.8669,0.0,False,True
coco:84031:1:2136,coco,84031,000000084031.jpg,1,person,person,False,13,261,0.0702354982495307,303.5898,198.8968,308.6731,203.6272,0.0016632006736472,False,True
coco:84031:1:2136,coco,84031,000000084031.jpg,1,person,person,False,13,262,0.0701328441500663,354.8506,202.9347,365.2429,241.1308,0.0274555180221796,False,True
coco:84031:1:2136,coco,84031,000000084031.jpg,1,person,person,False,13,263,0.0699733719229698,391.1145,202.9989,398.9059,211.7547,0.0,False,True
coco:84031:1:2136,coco,84031,000000084031.jpg,1,person,person,False,13,264,0.0688250958919525,579.455,192.346,583.6309,205.6376,0.0,False,True
coco:84031:1:2136,coco,84031,000000084031.jpg,1,person,person,False,13,265,0.0682704150676727,418.3901,198.4904,424.4146,209.5157,0.0,False,True
coco:84031:1:2136,coco,84031,000000084031.jpg,1,person,person,False,13,266,0.0674072876572609,126.3573,54.4463,138.0775,69.756,0.0,False,True
coco:84031:1:2136,coco,84031,000000084031.jpg,1,person,person,False,13,267,0.0667704120278358,61.9888,32.3346,73.7282,45.8028,0.2865424752235412,False,True
coco:84031:1:2136,coco,84031,000000084031.jpg,1,person,person,False,13,268,0.0661986097693443,19.5207,28.4077,26.4138,44.5874,0.0,False,True
coco:84031:1:2136,coco,84031,000000084031.jpg,1,person,person,False,13,269,0.06613190472126,83.1662,212.166,94.9237,226.5267,0.0,False,True
coco:84031:1:2136,coco,84031,000000084031.jpg,1,person,person,False,13,270,0.0658484995365142,286.6457,76.5432,295.0792,90.6584,0.0,False,True
coco:84031:1:2136,coco,84031,000000084031.jpg,1,person,person,False,13,271,0.0658232793211937,366.1373,200.5783,371.283,205.5408,0.0017662328900769,False,True
coco:84031:1:2136,coco,84031,000000084031.jpg,1,person,person,False,13,272,0.0656166151165962,209.0974,130.5095,225.3159,151.4007,0.0,False,True
coco:84031:1:2136,coco,84031,000000084031.jpg,1,person,person,False,13,273,0.0653801932930946,209.0355,136.5171,214.7115,150.8613,0.0,False,True
coco:84031:1:2136,coco,84031,000000084031.jpg,1,person,person,False,13,274,0.0652101337909698,372.3442,185.9564,381.9746,239.3064,0.0161119345575571,False,True
coco:84031:1:2136,coco,84031,000000084031.jpg,1,person,person,False,13,275,0.0646561980247497,372.6578,185.7709,390.6431,204.397,0.0050634541548788,False,True
coco:84031:1:2136,coco,84031,000000084031.jpg,1,person,person,False,13,276,0.0643781274557113,365.1375,33.0968,372.592,37.2737,0.0,False,True
coco:84031:1:2136,coco,84031,000000084031.jpg,1,person,person,False,13,277,0.0636109933257103,418.6362,197.9214,426.9902,218.197,0.0,False,True
coco:84031:1:2136,coco,84031,000000084031.jpg,1,person,person,False,13,278,0.0632892102003097,335.5185,184.4237,353.1139,262.9081,0.0925971865653991,False,True
coco:84031:1:2136,coco,84031,000000084031.jpg,1,person,person,False,13,279,0.06297367811203,264.4598,202.7649,270.574,207.9984,0.0209425594657659,False,True
coco:84031:1:2136,coco,84031,000000084031.jpg,1,person,person,False,13,280,0.0625616237521171,474.7382,151.6069,483.0683,163.0786,0.0,False,True
coco:84031:1:2136,coco,84031,000000084031.jpg,1,person,person,False,13,281,0.0615244656801223,229.9943,204.5478,238.9254,252.8717,0.324598103761673,False,True
coco:84031:1:2136,coco,84031,000000084031.jpg,1,person,person,False,13,282,0.0614077411592006,370.3713,200.3957,377.2913,209.3812,0.0040254537016153,False,True
coco:84031:1:2136,coco,84031,000000084031.jpg,1,person,person,False,13,283,0.0611097291111946,508.6971,155.7756,513.7249,164.0493,0.0,False,True
coco:84031:1:2136,coco,84031,000000084031.jpg,1,person,person,False,13,284,0.0609127543866634,312.0683,195.3269,318.1553,207.7344,0.0052238376811146,False,True
coco:84031:1:2136,coco,84031,000000084031.jpg,1,person,person,False,13,285,0.0607646107673645,310.5358,186.5796,356.1302,262.37,0.2388585805892944,False,True
coco:84031:1:2136,coco,84031,000000084031.jpg,1,person,person,False,13,286,0.0604161731898784,45.3361,210.5947,55.1526,228.2793,0.0985685735940933,False,True
coco:84031:1:2136,coco,84031,000000084031.jpg,1,person,person,False,13,287,0.0601417236030101,418.6831,198.8392,424.9728,219.168,0.0,False,True
coco:84031:1:2136,coco,84031,000000084031.jpg,1,person,person,False,13,288,0.0599608272314071,248.3204,200.2857,255.5098,207.7307,0.009780740365386,False,True
coco:84031:1:2136,coco,84031,000000084031.jpg,1,person,person,False,13,289,0.0589654892683029,438.9358,199.8426,446.8293,209.1473,0.0,False,True
coco:84031:1:2136,coco,84031,000000084031.jpg,1,person,person,False,13,290,0.0589054934680461,38.5142,249.6236,57.9055,271.3033,0.1637925058603286,False,True
coco:84031:1:2136,coco,84031,000000084031.jpg,1,person,person,False,13,291,0.0589054226875305,312.1641,74.3022,319.3244,88.7631,0.0,False,True
coco:84031:1:2136,coco,84031,000000084031.jpg,1,person,person,False,13,292,0.0580850392580032,-0.2942,219.5207,15.1211,260.3766,0.2842779457569122,False,True
coco:84031:1:2136,coco,84031,000000084031.jpg,1,person,person,False,13,293,0.0578157156705856,289.0701,202.6689,296.254,212.1888,0.0047303289175033,False,True
coco:84031:1:2136,coco,84031,000000084031.jpg,1,person,person,False,13,294,0.0577619560062885,275.7706,259.5471,296.2069,282.1006,0.0254979114979505,False,True
coco:84031:1:2136,coco,84031,000000084031.jpg,1,person,person,False,13,295,0.0573758371174335,313.1378,196.5453,321.0388,207.6611,0.0060747042298316,False,True
coco:84031:1:2136,coco,84031,000000084031.jpg,1,person,person,False,13,296,0.0567723177373409,104.5905,41.8753,112.8093,54.7564,0.0,False,True
coco:84031:1:2136,coco,84031,000000084031.jpg,1,person,person,False,13,297,0.0565604865550994,580.4389,191.9014,591.3947,205.52,0.0,False,True
coco:84031:1:2136,coco,84031,000000084031.jpg,1,person,person,False,13,298,0.0564483888447284,460.5619,201.0173,467.3575,210.715,0.0,False,True
coco:84031:1:2136,coco,84031,000000084031.jpg,1,person,person,False,13,299,0.0563306026160717,0.4188,27.1785,8.3719,39.2924,0.0,False,True
coco:84241:44:2142,coco,84241,000000084241.jpg,44,bottle,bottle,False,2,0,0.4412548243999481,434.1017,40.6218,454.8969,98.6007,0.9108523726463318,True,False
coco:84241:44:2142,coco,84241,000000084241.jpg,44,bottle,bottle,False,2,1,0.391483336687088,62.7837,32.4652,77.0657,82.3262,0.0,False,True
coco:84241:44:2142,coco,84241,000000084241.jpg,44,bottle,bottle,False,2,2,0.3023283183574676,235.0895,244.02,255.0459,299.0045,0.0,False,True
coco:84241:44:2142,coco,84241,000000084241.jpg,44,bottle,bottle,False,2,3,0.2673935890197754,146.9491,77.8674,156.457,96.5891,0.0,False,True
coco:84241:44:2142,coco,84241,000000084241.jpg,44,bottle,bottle,False,2,4,0.2427725344896316,42.0946,16.7724,66.2059,81.6132,0.0,False,True
coco:84241:44:2142,coco,84241,000000084241.jpg,44,bottle,bottle,False,2,5,0.2214748561382293,42.1231,43.9469,51.2804,80.0725,0.0,False,True
coco:84241:44:2142,coco,84241,000000084241.jpg,44,bottle,bottle,False,2,6,0.2174827307462692,42.1533,43.6254,63.5049,81.7853,0.0,False,True
coco:84241:44:2142,coco,84241,000000084241.jpg,44,bottle,bottle,False,2,7,0.1768513023853302,42.1853,60.6818,63.3099,81.7626,0.0,False,True
coco:84241:44:2142,coco,84241,000000084241.jpg,44,bottle,bottle,False,2,8,0.1680219620466232,0.0465,39.883,7.8876,75.1374,0.0,False,True
coco:84241:44:2142,coco,84241,000000084241.jpg,44,bottle,bottle,False,2,9,0.1620667427778244,461.1685,71.0134,483.4409,97.8817,0.0,False,True
coco:84241:44:2142,coco,84241,000000084241.jpg,44,bottle,bottle,False,2,10,0.1604147553443908,49.8814,16.7686,66.157,62.7615,0.0,False,True
coco:84241:44:2142,coco,84241,000000084241.jpg,44,bottle,bottle,False,2,11,0.1587897092103958,439.2101,70.6615,462.3699,100.3226,0.3119711875915527,False,True
coco:84241:44:2142,coco,84241,000000084241.jpg,44,bottle,bottle,False,2,12,0.144148588180542,505.5434,42.8637,525.1445,101.0798,0.8525676727294922,True,False
coco:84241:44:2142,coco,84241,000000084241.jpg,44,bottle,bottle,False,2,13,0.1373763233423233,514.6861,43.0215,525.84,100.909,0.520037829875946,True,False
coco:84241:44:2142,coco,84241,000000084241.jpg,44,bottle,bottle,False,2,14,0.131762146949768,287.039,0.1848,310.8366,41.9393,0.0,False,True
coco:84241:44:2142,coco,84241,000000084241.jpg,44,bottle,bottle,False,2,15,0.1145022362470626,433.5824,47.9825,444.7671,97.1192,0.3935877084732055,False,True
coco:84241:44:2142,coco,84241,000000084241.jpg,44,bottle,bottle,False,2,16,0.0996669083833694,31.0176,116.365,40.7547,183.749,0.0,False,True
coco:84241:44:2142,coco,84241,000000084241.jpg,44,bottle,bottle,False,2,17,0.099023625254631,171.8788,76.8307,190.4899,98.5525,0.0,False,True
coco:84241:44:2142,coco,84241,000000084241.jpg,44,bottle,bottle,False,2,18,0.0976603031158447,519.5948,60.175,548.7868,102.6009,0.1052534729242324,False,True
coco:84241:44:2142,coco,84241,000000084241.jpg,44,bottle,bottle,False,2,19,0.0973032042384147,42.9794,43.9381,50.9347,64.0633,0.0,False,True
coco:84241:44:2142,coco,84241,000000084241.jpg,44,bottle,bottle,False,2,20,0.0903575271368026,346.9692,0.0786,375.7527,8.2758,0.0,False,True
coco:84241:44:2142,coco,84241,000000084241.jpg,44,bottle,bottle,False,2,21,0.0849984511733055,330.1992,0.0308,342.9719,6.5928,0.0,False,True
coco:84241:44:2142,coco,84241,000000084241.jpg,44,bottle,bottle,False,2,22,0.0845502763986587,172.0318,77.575,203.5232,97.8467,0.0,False,True
coco:84241:44:2142,coco,84241,000000084241.jpg,44,bottle,bottle,False,2,23,0.0839967206120491,477.7398,241.9647,511.4119,278.1058,0.0,False,True
coco:84241:44:2142,coco,84241,000000084241.jpg,44,bottle,bottle,False,2,24,0.082028642296791,439.3177,70.7539,454.5828,99.7536,0.3344338536262512,False,True
coco:84241:44:2142,coco,84241,000000084241.jpg,44,bottle,bottle,False,2,25,0.0820091813802719,285.3655,0.2255,311.1767,72.2512,0.0,False,True
coco:84241:44:2142,coco,84241,000000084241.jpg,44,bottle,bottle,False,2,26,0.0817430689930915,442.0367,40.7533,454.6492,71.8332,0.2961395382881164,False,True
coco:84241:44:2142,coco,84241,000000084241.jpg,44,bottle,bottle,False,2,27,0.0764618292450904,171.9236,76.802,184.3723,98.4612,0.0,False,True
coco:84241:44:2142,coco,84241,000000084241.jpg,44,bottle,bottle,False,2,28,0.0753704085946083,424.3149,45.1259,435.8665,95.9832,0.0522659420967102,False,True
coco:84241:44:2142,coco,84241,000000084241.jpg,44,bottle,bottle,False,2,29,0.0730689689517021,192.325,125.2111,202.0541,143.5683,0.0,False,True
coco:84241:44:2142,coco,84241,000000084241.jpg,44,bottle,bottle,False,2,30,0.0724535435438156,363.2833,36.1723,406.2363,99.4839,0.0,False,True
coco:84241:44:2142,coco,84241,000000084241.jpg,44,bottle,bottle,False,2,31,0.0706214532256126,248.602,106.3772,268.8504,165.2242,0.0,False,True
coco:84241:44:2142,coco,84241,000000084241.jpg,44,bottle,bottle,False,2,32,0.0686161592602729,50.5332,16.6851,64.6913,39.838,0.0,False,True
coco:84241:44:2142,coco,84241,000000084241.jpg,44,bottle,bottle,False,2,33,0.0678842887282371,301.3675,27.3986,312.6946,69.4188,0.0,False,True
coco:84241:44:2142,coco,84241,000000084241.jpg,44,bottle,bottle,False,2,34,0.0678362175822258,174.22,0.1325,191.073,35.1584,0.0,False,True
coco:84241:44:2142,coco,84241,000000084241.jpg,44,bottle,bottle,False,2,35,0.0677820742130279,414.788,42.298,434.8479,96.2054,0.0193731766194105,False,True
coco:84241:44:2142,coco,84241,000000084241.jpg,44,bottle,bottle,False,2,36,0.0676155164837837,478.6816,63.8058,486.1276,93.81,0.0,False,True
coco:84241:44:2142,coco,84241,000000084241.jpg,44,bottle,bottle,False,2,37,0.0658230260014534,520.5352,75.2126,545.4216,102.4844,0.0710019320249557,False,True
coco:84241:44:2142,coco,84241,000000084241.jpg,44,bottle,bottle,False,2,38,0.0652278661727905,267.4737,11.05,287.8002,48.9192,0.0,False,True
coco:84241:44:2142,coco,84241,000000084241.jpg,44,bottle,bottle,False,2,39,0.0646397247910499,398.7693,32.0351,406.5662,45.4487,0.0,False,True
coco:84241:44:2142,coco,84241,000000084241.jpg,44,bottle,bottle,False,2,40,0.0635465160012245,67.5098,32.5463,76.9921,51.2379,0.0,False,True
coco:84241:44:2142,coco,84241,000000084241.jpg,44,bottle,bottle,False,2,41,0.0625490248203277,414.4521,41.8766,428.6761,95.3601,0.0,False,True
coco:84241:44:2142,coco,84241,000000084241.jpg,44,bottle,bottle,False,2,42,0.0613997802138328,424.8384,45.0285,435.0105,63.6809,0.0126111358404159,False,True
coco:84241:44:2142,coco,84241,000000084241.jpg,44,bottle,bottle,False,2,43,0.0610821582376956,212.2377,333.8752,242.5613,375.9492,0.0,False,True
coco:84241:44:2142,coco,84241,000000084241.jpg,44,bottle,bottle,False,2,44,0.0604836493730545,435.8577,40.8406,454.614,72.1706,0.4439403414726257,False,True
coco:84241:44:2142,coco,84241,000000084241.jpg,44,bottle,bottle,False,2,45,0.0585771836340427,305.8609,172.0891,352.0606,200.9641,0.0,False,True
coco:84241:44:2142,coco,84241,000000084241.jpg,44,bottle,bottle,False,2,46,0.0574499368667602,187.8932,5.1529,240.3206,36.3179,0.0,False,True
coco:84241:44:2142,coco,84241,000000084241.jpg,44,bottle,bottle,False,2,47,0.0563833825290203,393.0764,32.3113,406.4862,59.4713,0.0,False,True
coco:84241:44:2142,coco,84241,000000084241.jpg,44,bottle,bottle,False,2,48,0.0563071221113204,455.7509,71.4364,463.3121,98.0702,0.0,False,True
coco:84241:44:2142,coco,84241,000000084241.jpg,44,bottle,bottle,False,2,49,0.055636778473854,254.9783,106.3691,268.969,136.1916,0.0,False,True
coco:84241:44:2142,coco,84241,000000084241.jpg,44,bottle,bottle,False,2,50,0.055126566439867,172.1038,77.3107,191.0224,122.9974,0.0,False,True
coco:84241:44:2142,coco,84241,000000084241.jpg,44,bottle,bottle,False,2,51,0.0545530058443546,249.2448,9.1847,287.6976,49.238,0.0,False,True
coco:84241:44:2142,coco,84241,000000084241.jpg,44,bottle,bottle,False,2,52,0.0545081794261932,521.4115,256.2025,532.0078,266.0788,0.0,False,True
coco:84241:44:2142,coco,84241,000000084241.jpg,44,bottle,bottle,False,2,53,0.054060373455286,515.1542,42.8951,524.9048,66.8349,0.2070759981870651,False,True
coco:84241:44:2142,coco,84241,000000084241.jpg,44,bottle,bottle,False,2,54,0.0529846958816051,309.2167,0.141,342.9931,9.8657,0.0,False,True
coco:84241:44:2142,coco,84241,000000084241.jpg,44,bottle,bottle,False,2,55,0.0501342937350273,299.0792,69.2258,310.0031,89.1729,0.0,False,True
coco:84241:39:2143,coco,84241,000000084241.jpg,39,baseball bat,baseball bat,True,0,0,0.0629519149661064,246.7995,0.5103,334.8885,393.9055,0.0,False,True
coco:84241:39:2143,coco,84241,000000084241.jpg,39,baseball bat,baseball bat,True,0,1,0.0502065196633338,339.4804,286.6865,440.1471,362.8587,0.0,False,True
coco:84431:59:2151,coco,84431,000000084431.jpg,59,pizza,pizza,False,1,0,0.7428680062294006,15.5807,255.0552,323.7021,537.7162,0.962552845478058,True,False
coco:84431:59:2151,coco,84431,000000084431.jpg,59,pizza,pizza,False,1,1,0.1279334872961044,2.5976,254.8014,360.073,638.2935,0.6301326751708984,True,False
coco:84431:59:2151,coco,84431,000000084431.jpg,59,pizza,pizza,False,1,2,0.0586491376161575,106.1409,266.7342,320.5352,475.0816,0.5170909762382507,True,False
coco:84431:7:2152,coco,84431,000000084431.jpg,7,train,train,True,0,0,0.2368598580360412,15.9873,254.9597,323.4176,537.1892,0.0,False,True
coco:84431:7:2152,coco,84431,000000084431.jpg,7,train,train,True,0,1,0.152009829878807,86.7371,70.6498,251.0198,193.409,0.0,False,True
coco:84431:7:2152,coco,84431,000000084431.jpg,7,train,train,True,0,2,0.0696955546736717,2.6797,251.7945,359.779,635.5375,0.0,False,True
coco:84431:36:2153,coco,84431,000000084431.jpg,36,snowboard,snowboard,True,0,0,0.1236458346247673,16.0845,255.0799,323.0824,537.8135,0.0,False,True
coco:84431:36:2153,coco,84431,000000084431.jpg,36,snowboard,snowboard,True,0,1,0.1021808013319969,1.7808,249.7945,360.0429,637.6641,0.0,False,True
coco:84431:36:2153,coco,84431,000000084431.jpg,36,snowboard,snowboard,True,0,2,0.0696945637464523,86.5226,70.4771,251.3165,193.1298,0.0,False,True
coco:84477:28:2154,coco,84477,000000084477.jpg,28,umbrella,umbrella,False,1,0,0.8630377650260925,229.7931,35.037,626.9725,362.5101,0.9735431671142578,True,False
coco:84477:28:2154,coco,84477,000000084477.jpg,28,umbrella,umbrella,False,1,1,0.1295658648014068,229.7437,34.8261,627.1431,188.6915,0.4550744593143463,False,True
coco:84477:28:2154,coco,84477,000000084477.jpg,28,umbrella,umbrella,False,1,2,0.0588334053754806,207.0158,239.943,385.143,392.5237,0.1377087980508804,False,True
coco:84477:39:2155,coco,84477,000000084477.jpg,39,baseball bat,baseball bat,True,0,0,0.0913149565458297,230.3634,35.4117,626.4043,362.3287,0.0,False,True
coco:84477:3:2156,coco,84477,000000084477.jpg,3,car,car,True,0,0,0.1143932119011879,230.0543,35.0083,626.6956,362.2217,0.0,False,True
coco:84477:3:2156,coco,84477,000000084477.jpg,3,car,car,True,0,1,0.110624186694622,207.3915,240.2048,385.1828,392.0653,0.0,False,True
coco:84477:3:2156,coco,84477,000000084477.jpg,3,car,car,True,0,2,0.0508411638438701,48.4341,168.6753,56.9033,173.0849,0.0,False,True
coco:84664:50:2163,coco,84664,000000084664.jpg,50,spoon,spoon,False,1,0,0.3788513243198395,243.7854,383.3661,361.1898,478.0035,0.8521581292152405,True,False
coco:84664:50:2163,coco,84664,000000084664.jpg,50,spoon,spoon,False,1,1,0.3103377521038055,243.9185,280.1619,485.8452,478.1606,0.2631033658981323,False,True
coco:84664:50:2163,coco,84664,000000084664.jpg,50,spoon,spoon,False,1,2,0.184485986828804,346.7429,80.6639,560.3314,255.775,0.0,False,True
coco:84664:50:2163,coco,84664,000000084664.jpg,50,spoon,spoon,False,1,3,0.1554926633834839,242.7582,134.6565,588.1319,478.0234,0.1076422557234764,False,True
coco:84664:50:2163,coco,84664,000000084664.jpg,50,spoon,spoon,False,1,4,0.1491186618804931,243.796,374.4941,420.7516,477.7787,0.6850441694259644,True,False
coco:84664:50:2163,coco,84664,000000084664.jpg,50,spoon,spoon,False,1,5,0.130874678492546,243.5623,339.9843,393.7726,478.1655,0.60584557056427,True,False
coco:84664:50:2163,coco,84664,000000084664.jpg,50,spoon,spoon,False,1,6,0.0951153188943862,243.6807,359.6481,468.7289,477.673,0.4738359451293945,False,True
coco:84664:50:2163,coco,84664,000000084664.jpg,50,spoon,spoon,False,1,7,0.0724094957113266,180.4069,383.1654,360.5872,481.2709,0.5811851620674133,True,False
coco:84664:50:2163,coco,84664,000000084664.jpg,50,spoon,spoon,False,1,8,0.0586022995412349,370.9987,119.0881,496.4049,245.0616,0.0,False,True
coco:84664:50:2163,coco,84664,000000084664.jpg,50,spoon,spoon,False,1,9,0.0535194911062717,573.3022,0.1968,611.4665,137.7005,0.0,False,True
coco:84664:50:2163,coco,84664,000000084664.jpg,50,spoon,spoon,False,1,10,0.0514830313622951,243.2112,292.6512,407.8239,477.9868,0.415063738822937,False,True
coco:84664:7:2164,coco,84664,000000084664.jpg,7,train,train,True,0,0,0.0583029836416244,370.8573,118.7805,496.182,244.8489,0.0,False,True
coco:84664:7:2164,coco,84664,000000084664.jpg,7,train,train,True,0,1,0.0512418523430824,346.8517,81.4527,558.7668,254.2372,0.0,False,True
coco:85195:61:2178,coco,85195,000000085195.jpg,61,cake,cake,False,1,0,0.7846816778182983,261.759,104.8748,476.2595,292.2418,0.935013234615326,True,False
coco:85195:61:2178,coco,85195,000000085195.jpg,61,cake,cake,False,1,1,0.0580010078847408,197.0281,103.9774,480.7532,365.9885,0.5482323169708252,True,False
coco:85195:11:2179,coco,85195,000000085195.jpg,11,fire hydrant,fire hydrant,True,0,0,0.0643319636583328,1.8284,93.4562,638.7825,477.6778,0.0,False,True
coco:85195:13:2180,coco,85195,000000085195.jpg,13,stop sign,stop sign,True,0,0,0.135618194937706,1.7478,92.7047,638.7822,478.2487,0.0,False,True
coco:85195:13:2180,coco,85195,000000085195.jpg,13,stop sign,stop sign,True,0,1,0.1227793619036674,196.8956,103.7579,483.4933,367.4794,0.0,False,True
coco:85195:13:2180,coco,85195,000000085195.jpg,13,stop sign,stop sign,True,0,2,0.0836682990193367,544.1373,115.9855,639.2287,185.3919,0.0,False,True
coco:85195:13:2180,coco,85195,000000085195.jpg,13,stop sign,stop sign,True,0,3,0.0778780654072761,196.4644,206.8806,484.9005,367.4748,0.0,False,True
coco:85195:13:2180,coco,85195,000000085195.jpg,13,stop sign,stop sign,True,0,4,0.0678941160440445,75.6153,116.5092,190.4601,168.8897,0.0,False,True
coco:85329:1:2181,coco,85329,000000085329.jpg,1,person,person,False,1,0,0.9020468592643738,250.0714,39.6207,598.7335,409.4537,0.9805547595024108,True,False
coco:85329:86:2182,coco,85329,000000085329.jpg,86,vase,vase,True,0,0,0.3868173956871032,249.3448,40.3291,597.8628,408.8643,0.0,False,True
coco:85329:86:2182,coco,85329,000000085329.jpg,86,vase,vase,True,0,1,0.3402135670185089,356.1304,272.7689,467.4179,408.6855,0.0,False,True
coco:85329:86:2182,coco,85329,000000085329.jpg,86,vase,vase,True,0,2,0.1593687236309051,395.4328,338.6021,440.3725,408.9204,0.0,False,True
coco:85329:86:2182,coco,85329,000000085329.jpg,86,vase,vase,True,0,3,0.0716958716511726,292.5913,40.5602,539.5437,404.3471,0.0,False,True
coco:85329:86:2182,coco,85329,000000085329.jpg,86,vase,vase,True,0,4,0.0633673071861267,3.6415,1.5432,635.9466,425.458,0.0,False,True
coco:85329:86:2182,coco,85329,000000085329.jpg,86,vase,vase,True,0,5,0.0546340495347976,291.1765,39.5914,567.8315,315.9213,0.0,False,True
coco:85329:86:2182,coco,85329,000000085329.jpg,86,vase,vase,True,0,6,0.0510892644524574,372.1378,334.0576,465.1736,408.8951,0.0,False,True
coco:85329:86:2182,coco,85329,000000085329.jpg,86,vase,vase,True,0,7,0.0501645468175411,328.2917,102.4659,497.261,285.3054,0.0,False,True
coco:85329:40:2183,coco,85329,000000085329.jpg,40,baseball glove,baseball glove,True,0,0,0.0715286284685134,246.6417,40.384,597.7963,408.3458,0.0,False,True
coco:85329:40:2183,coco,85329,000000085329.jpg,40,baseball glove,baseball glove,True,0,1,0.0574303455650806,356.2951,272.2841,466.8342,408.4736,0.0,False,True
coco:85682:1:2196,coco,85682,000000085682.jpg,1,person,person,False,13,0,0.753788948059082,207.4303,234.8771,216.3417,254.672,0.943978190422058,True,False
coco:85682:1:2196,coco,85682,000000085682.jpg,1,person,person,False,13,1,0.7334602475166321,274.176,274.9844,284.8983,305.4005,0.8524165749549866,True,False
coco:85682:1:2196,coco,85682,000000085682.jpg,1,person,person,False,13,2,0.7172963619232178,401.4544,289.8331,424.7765,370.3419,0.894669234752655,True,False
coco:85682:1:2196,coco,85682,000000085682.jpg,1,person,person,False,13,3,0.7135934829711914,477.7597,314.38,507.6665,407.585,0.9192354679107666,True,False
coco:85682:1:2196,coco,85682,000000085682.jpg,1,person,person,False,13,4,0.6997039914131165,425.9056,293.6792,462.0952,394.6704,0.0039368360303342,False,True
coco:85682:1:2196,coco,85682,000000085682.jpg,1,person,person,False,13,5,0.6925706267356873,366.5774,290.8094,387.1249,356.9285,0.5853907465934753,True,False
coco:85682:1:2196,coco,85682,000000085682.jpg,1,person,person,False,13,6,0.6876806020736694,384.704,315.885,405.2799,376.9983,0.1308654099702835,False,True
coco:85682:1:2196,coco,85682,000000085682.jpg,1,person,person,False,13,7,0.6821752190589905,511.4154,317.9873,551.2004,426.4596,0.9343634247779846,True,False
coco:85682:1:2196,coco,85682,000000085682.jpg,1,person,person,False,13,8,0.6456473469734192,383.6804,290.8108,396.1682,323.3985,0.9101372957229614,True,False
coco:85682:1:2196,coco,85682,000000085682.jpg,1,person,person,False,13,9,0.605944812297821,607.2059,308.0714,639.8851,426.3785,0.3830765783786773,False,True
coco:85682:1:2196,coco,85682,000000085682.jpg,1,person,person,False,13,10,0.6047757267951965,159.4848,216.5532,165.983,230.4397,0.0,False,True
coco:85682:1:2196,coco,85682,000000085682.jpg,1,person,person,False,13,11,0.5278087854385376,374.6169,322.972,390.3135,366.1053,0.8409991264343262,True,False
coco:85682:1:2196,coco,85682,000000085682.jpg,1,person,person,False,13,12,0.5099985003471375,469.0176,310.4351,487.2082,394.8995,0.7440382242202759,True,False
coco:85682:1:2196,coco,85682,000000085682.jpg,1,person,person,False,13,13,0.5028000473976135,145.9955,208.6994,152.9132,222.2805,0.0,False,True
coco:85682:1:2196,coco,85682,000000085682.jpg,1,person,person,False,13,14,0.4887598156929016,330.7194,299.6375,366.6266,354.3813,0.5765824913978577,True,False
coco:85682:1:2196,coco,85682,000000085682.jpg,1,person,person,False,13,15,0.4536944031715393,126.9576,211.5159,130.8208,218.6067,0.0,False,True
coco:85682:1:2196,coco,85682,000000085682.jpg,1,person,person,False,13,16,0.4152336716651916,542.262,326.3619,573.5798,375.8538,0.0954364240169525,False,True
coco:85682:1:2196,coco,85682,000000085682.jpg,1,person,person,False,13,17,0.3879665434360504,334.3533,284.3608,364.2692,352.7588,0.4161969423294067,False,True
coco:85682:1:2196,coco,85682,000000085682.jpg,1,person,person,False,13,18,0.3785264492034912,120.8557,206.0325,125.7893,216.545,0.0,False,True
coco:85682:1:2196,coco,85682,000000085682.jpg,1,person,person,False,13,19,0.3578316271305084,540.8909,326.3969,574.5383,424.5835,0.1783492118120193,False,True
coco:85682:1:2196,coco,85682,000000085682.jpg,1,person,person,False,13,20,0.3510893881320953,335.3495,284.2466,367.2116,324.711,0.3712281882762909,False,True
coco:85682:1:2196,coco,85682,000000085682.jpg,1,person,person,False,13,21,0.3394366800785064,115.6169,204.0549,119.471,214.0015,0.5321522355079651,True,False
coco:85682:1:2196,coco,85682,000000085682.jpg,1,person,person,False,13,22,0.3313334286212921,150.9939,208.9434,155.0361,219.8235,0.0,False,True
coco:85682:1:2196,coco,85682,000000085682.jpg,1,person,person,False,13,23,0.3067179918289184,468.9942,310.388,486.7877,369.4389,0.7179787158966064,True,False
coco:85682:1:2196,coco,85682,000000085682.jpg,1,person,person,False,13,24,0.3032238781452179,111.4269,204.1873,114.7901,212.7372,0.0,False,True
coco:85682:1:2196,coco,85682,000000085682.jpg,1,person,person,False,13,25,0.2812124788761139,62.9361,198.8634,66.7345,205.1498,0.0,False,True
coco:85682:1:2196,coco,85682,000000085682.jpg,1,person,person,False,13,26,0.2699990570545196,436.6292,290.5211,462.5718,381.5628,0.0,False,True
coco:85682:1:2196,coco,85682,000000085682.jpg,1,person,person,False,13,27,0.256130963563919,109.2449,203.1788,112.8345,210.5665,0.0,False,True
coco:85682:1:2196,coco,85682,000000085682.jpg,1,person,person,False,13,28,0.2325585484504699,145.8406,209.5685,150.6881,222.1675,0.0,False,True
coco:85682:1:2196,coco,85682,000000085682.jpg,1,person,person,False,13,29,0.2283396869897842,607.3459,308.2865,639.5418,353.8056,0.9564800262451172,True,False
coco:85682:1:2196,coco,85682,000000085682.jpg,1,person,person,False,13,30,0.2226950973272323,437.6234,289.718,462.1297,322.0096,0.0,False,True
coco:85682:1:2196,coco,85682,000000085682.jpg,1,person,person,False,13,31,0.2225654870271682,335.7536,284.2284,353.8541,308.9306,0.8201048374176025,True,False
coco:85682:1:2196,coco,85682,000000085682.jpg,1,person,person,False,13,32,0.221936821937561,66.762,199.2082,69.9897,205.3607,0.0,False,True
coco:85682:1:2196,coco,85682,000000085682.jpg,1,person,person,False,13,33,0.2000299096107483,108.9692,202.8551,112.1449,208.4708,0.0,False,True
coco:85682:1:2196,coco,85682,000000085682.jpg,1,person,person,False,13,34,0.1975419968366623,334.8137,284.3319,354.7552,326.3324,0.5376460552215576,True,False
coco:85682:1:2196,coco,85682,000000085682.jpg,1,person,person,False,13,35,0.1923902779817581,450.3859,296.9207,462.7662,377.598,0.0,False,True
coco:85682:1:2196,coco,85682,000000085682.jpg,1,person,person,False,13,36,0.1915055215358734,105.6408,196.0129,108.7647,201.8902,0.0,False,True
coco:85682:1:2196,coco,85682,000000085682.jpg,1,person,person,False,13,37,0.178373247385025,540.4235,358.4113,570.0101,425.2103,0.1477665901184082,False,True
coco:85682:1:2196,coco,85682,000000085682.jpg,1,person,person,False,13,38,0.1681253165006637,451.771,297.1125,461.8789,321.6623,0.0,False,True
coco:85682:1:2196,coco,85682,000000085682.jpg,1,person,person,False,13,39,0.1554926335811615,335.6269,290.8933,343.2007,308.4925,0.2647032141685486,False,True
coco:85682:1:2196,coco,85682,000000085682.jpg,1,person,person,False,13,40,0.15294049680233,619.5359,322.4884,639.9033,426.1929,0.2144572585821151,False,True
coco:85682:1:2196,coco,85682,000000085682.jpg,1,person,person,False,13,41,0.1456212997436523,17.0322,186.067,20.8195,194.07,0.0,False,True
coco:85682:1:2196,coco,85682,000000085682.jpg,1,person,person,False,13,42,0.1379055976867675,508.5915,318.0258,534.0604,397.446,0.3912067413330078,False,True
coco:85682:1:2196,coco,85682,000000085682.jpg,1,person,person,False,13,43,0.1315911710262298,618.1592,360.442,639.8362,426.4344,0.0,False,True
coco:85682:1:2196,coco,85682,000000085682.jpg,1,person,person,False,13,44,0.1276949197053909,437.9473,289.9266,451.3136,300.8224,0.0,False,True
coco:85682:1:2196,coco,85682,000000085682.jpg,1,person,person,False,13,45,0.1264094114303589,419.0246,296.987,426.7152,340.8666,0.1640209555625915,False,True
coco:85682:1:2196,coco,85682,000000085682.jpg,1,person,person,False,13,46,0.1235785260796547,607.2015,340.3193,619.4434,353.8512,0.1065592765808105,False,True
coco:85682:1:2196,coco,85682,000000085682.jpg,1,person,person,False,13,47,0.1203797534108161,380.1291,307.774,392.0383,332.0196,0.2376254200935363,False,True
coco:85682:1:2196,coco,85682,000000085682.jpg,1,person,person,False,13,48,0.1173586174845695,358.9303,309.799,367.2934,324.0608,0.0610507912933826,False,True
coco:85682:1:2196,coco,85682,000000085682.jpg,1,person,person,False,13,49,0.1141823753714561,511.4226,318.5081,572.7108,426.0132,0.6681994795799255,True,False
coco:85682:1:2196,coco,85682,000000085682.jpg,1,person,person,False,13,50,0.1134287640452385,382.974,306.8965,392.4588,323.8618,0.3422594368457794,False,True
coco:85682:1:2196,coco,85682,000000085682.jpg,1,person,person,False,13,51,0.1106269508600235,336.6447,302.0099,352.8369,354.0923,0.6711898446083069,True,False
coco:85682:1:2196,coco,85682,000000085682.jpg,1,person,person,False,13,52,0.1068514734506607,331.1683,301.7162,352.0323,352.8116,0.837455153465271,True,False
coco:85682:1:2196,coco,85682,000000085682.jpg,1,person,person,False,13,53,0.1022833660244941,92.9807,183.0299,97.1593,193.882,0.0,False,True
coco:85682:1:2196,coco,85682,000000085682.jpg,1,person,person,False,13,54,0.1009902656078338,617.4585,308.4648,639.5228,352.0896,0.629898726940155,True,False
coco:85682:1:2196,coco,85682,000000085682.jpg,1,person,person,False,13,55,0.1005104929208755,49.3695,198.5365,53.061,201.8716,0.0,False,True
coco:85682:1:2196,coco,85682,000000085682.jpg,1,person,person,False,13,56,0.1003009751439094,383.3064,307.9998,389.9811,322.9296,0.2223172932863235,False,True
coco:85682:1:2196,coco,85682,000000085682.jpg,1,person,person,False,13,57,0.0996594652533531,525.1455,360.2074,570.4152,426.1568,0.3201351761817932,False,True
coco:85682:1:2196,coco,85682,000000085682.jpg,1,person,person,False,13,58,0.0964356958866119,42.191,185.5998,47.2076,196.0367,0.0,False,True
coco:85682:1:2196,coco,85682,000000085682.jpg,1,person,person,False,13,59,0.095563106238842,426.6576,302.9458,444.4882,380.937,0.0,False,True
coco:85682:1:2196,coco,85682,000000085682.jpg,1,person,person,False,13,60,0.0948143601417541,529.9238,236.6242,560.3835,270.0608,0.0,False,True
coco:85682:1:2196,coco,85682,000000085682.jpg,1,person,person,False,13,61,0.0928141549229621,420.2941,297.1244,426.6974,324.8332,0.0856265574693679,False,True
coco:85682:1:2196,coco,85682,000000085682.jpg,1,person,person,False,13,62,0.0913665518164634,373.9357,328.5616,382.749,357.7338,0.3202673494815826,False,True
coco:85682:1:2196,coco,85682,000000085682.jpg,1,person,person,False,13,63,0.0893705263733863,449.6413,266.7838,485.3254,283.6484,0.0,False,True
coco:85682:1:2196,coco,85682,000000085682.jpg,1,person,person,False,13,64,0.0885652676224708,477.0676,270.7824,485.2981,284.4102,0.0,False,True
coco:85682:1:2196,coco,85682,000000085682.jpg,1,person,person,False,13,65,0.0878152847290039,8.0789,183.7539,13.0588,189.8848,0.0,False,True
coco:85682:1:2196,coco,85682,000000085682.jpg,1,person,person,False,13,66,0.08722735196352,116.276,204.4429,118.9266,213.676,0.5832206606864929,True,False
coco:85682:1:2196,coco,85682,000000085682.jpg,1,person,person,False,13,67,0.0854223668575286,430.1573,328.8643,442.8099,379.9477,0.0,False,True
coco:85682:1:2196,coco,85682,000000085682.jpg,1,person,person,False,13,68,0.0806845724582672,379.6652,321.5,390.8537,331.7408,0.1191514283418655,False,True
coco:85682:1:2196,coco,85682,000000085682.jpg,1,person,person,False,13,69,0.0793976038694381,464.0335,319.2287,473.6328,370.8791,0.0931068882346153,False,True
coco:85682:1:2196,coco,85682,000000085682.jpg,1,person,person,False,13,70,0.079206146299839,331.8187,290.495,344.8903,326.7945,0.2243834286928177,False,True
coco:85682:1:2196,coco,85682,000000085682.jpg,1,person,person,False,13,71,0.07867032289505,118.4762,206.3064,121.8245,214.9421,0.0675881877541542,False,True
coco:85682:1:2196,coco,85682,000000085682.jpg,1,person,person,False,13,72,0.07853464782238,24.9904,186.6806,29.5333,193.4937,0.0,False,True
coco:85682:1:2196,coco,85682,000000085682.jpg,1,person,person,False,13,73,0.0772998109459877,437.7545,289.9146,452.346,307.6106,0.0,False,True
coco:85682:1:2196,coco,85682,000000085682.jpg,1,person,person,False,13,74,0.0766745135188102,449.6388,267.8066,465.6934,279.6856,0.0,False,True
coco:85682:1:2196,coco,85682,000000085682.jpg,1,person,person,False,13,75,0.0760580524802208,149.9257,208.688,154.1725,220.7667,0.0,False,True
coco:85682:1:2196,coco,85682,000000085682.jpg,1,person,person,False,13,76,0.075988583266735,546.3084,237.9707,561.0952,270.0575,0.0,False,True
coco:85682:1:2196,coco,85682,000000085682.jpg,1,person,person,False,13,77,0.075858898460865,449.589,266.9666,477.2856,281.369,0.0,False,True
coco:85682:1:2196,coco,85682,000000085682.jpg,1,person,person,False,13,78,0.0745793655514717,465.8136,267.2161,477.1289,281.9396,0.0,False,True
coco:85682:1:2196,coco,85682,000000085682.jpg,1,person,person,False,13,79,0.074088841676712,374.7926,322.4097,390.1088,344.5098,0.4343889653682709,False,True
coco:85682:1:2196,coco,85682,000000085682.jpg,1,person,person,False,13,80,0.0738718435168266,607.3682,307.7545,639.583,374.2262,0.6839526891708374,True,False
coco:85682:1:2196,coco,85682,000000085682.jpg,1,person,person,False,13,81,0.0735199674963951,617.9841,360.1666,639.8308,390.3206,0.0,False,True
coco:85682:1:2196,coco,85682,000000085682.jpg,1,person,person,False,13,82,0.0727767124772071,108.9702,203.3413,111.7363,210.2587,0.0,False,True
coco:85682:1:2196,coco,85682,000000085682.jpg,1,person,person,False,13,83,0.0716865882277488,512.1083,318.1866,549.3392,382.5765,0.5272771120071411,True,False
coco:85682:1:2196,coco,85682,000000085682.jpg,1,person,person,False,13,84,0.071302630007267,351.1921,304.1242,367.6219,324.2231,0.1189742982387542,False,True
coco:85682:1:2196,coco,85682,000000085682.jpg,1,person,person,False,13,85,0.0707225427031517,449.5663,268.6812,457.433,279.064,0.0,False,True
coco:85682:1:2196,coco,85682,000000085682.jpg,1,person,person,False,13,86,0.0705408975481987,513.3086,318.2036,534.0983,335.6317,0.0795520544052124,False,True
coco:85682:1:2196,coco,85682,000000085682.jpg,1,person,person,False,13,87,0.0702109187841415,476.8957,265.5198,486.0881,284.4287,0.0,False,True
coco:85682:1:2196,coco,85682,000000085682.jpg,1,person,person,False,13,88,0.0700306817889213,510.0131,370.5339,570.4846,425.7335,0.420208215713501,False,True
coco:85682:1:2196,coco,85682,000000085682.jpg,1,person,person,False,13,89,0.0692982822656631,515.8245,279.0471,525.213,292.0346,0.0,False,True
coco:85682:1:2196,coco,85682,000000085682.jpg,1,person,person,False,13,90,0.069254070520401,464.4572,319.362,470.0046,330.6442,0.0,False,True
coco:85682:1:2196,coco,85682,000000085682.jpg,1,person,person,False,13,91,0.0684928819537162,469.8022,310.4464,486.6303,346.6255,0.4693255424499511,False,True
coco:85682:1:2196,coco,85682,000000085682.jpg,1,person,person,False,13,92,0.0683841407299041,625.7271,362.0207,639.8864,426.5096,0.0,False,True
coco:85682:1:2196,coco,85682,000000085682.jpg,1,person,person,False,13,93,0.0680962577462196,524.0345,331.8049,552.4386,425.9172,0.5874190330505371,True,False
coco:85682:1:2196,coco,85682,000000085682.jpg,1,person,person,False,13,94,0.0680306702852249,606.9251,340.3304,636.3203,425.0653,0.1095838546752929,False,True
coco:85682:1:2196,coco,85682,000000085682.jpg,1,person,person,False,13,95,0.0680293664336204,617.7719,359.9701,639.6119,375.3683,0.0,False,True
coco:85682:1:2196,coco,85682,000000085682.jpg,1,person,person,False,13,96,0.0659082382917404,464.2533,319.1976,478.2198,371.0747,0.2538866102695465,False,True
coco:85682:1:2196,coco,85682,000000085682.jpg,1,person,person,False,13,97,0.0652387738227844,249.0049,227.1434,253.0533,235.5682,0.0,False,True
coco:85682:1:2196,coco,85682,000000085682.jpg,1,person,person,False,13,98,0.0635368451476097,530.7273,236.8304,558.1715,260.7575,0.0,False,True
coco:85682:1:2196,coco,85682,000000085682.jpg,1,person,person,False,13,99,0.0615459904074668,120.8734,209.5675,124.3716,216.4037,0.0,False,True
coco:85682:1:2196,coco,85682,000000085682.jpg,1,person,person,False,13,100,0.0613633394241333,273.6478,283.1452,278.7085,304.3815,0.2808985114097595,False,True
coco:85682:1:2196,coco,85682,000000085682.jpg,1,person,person,False,13,101,0.0609414987266063,459.0178,267.0019,466.9214,279.5081,0.0,False,True
coco:85682:1:2196,coco,85682,000000085682.jpg,1,person,person,False,13,102,0.0606817752122879,161.5339,216.4946,165.6008,221.3005,0.0,False,True
coco:85682:1:2196,coco,85682,000000085682.jpg,1,person,person,False,13,103,0.0606002546846866,131.8782,199.9373,135.6969,207.9212,0.0,False,True
coco:85682:1:2196,coco,85682,000000085682.jpg,1,person,person,False,13,104,0.060490570962429,451.7306,296.9005,462.5397,343.5293,0.0,False,True
coco:85682:1:2196,coco,85682,000000085682.jpg,1,person,person,False,13,105,0.0604701451957225,512.5906,323.8087,574.7472,378.9747,0.3882111608982086,False,True
coco:85682:1:2196,coco,85682,000000085682.jpg,1,person,person,False,13,106,0.0603522956371307,606.976,340.4035,628.1079,401.6933,0.1112854182720184,False,True
coco:85682:1:2196,coco,85682,000000085682.jpg,1,person,person,False,13,107,0.0603472404181957,607.0977,340.2517,639.8367,391.2161,0.1628672778606414,False,True
coco:85682:1:2196,coco,85682,000000085682.jpg,1,person,person,False,13,108,0.0597367547452449,548.6876,244.455,562.0873,270.5331,0.0,False,True
coco:85682:1:2196,coco,85682,000000085682.jpg,1,person,person,False,13,109,0.0595217049121856,35.8947,185.8804,41.0601,195.4064,0.0,False,True
coco:85682:1:2196,coco,85682,000000085682.jpg,1,person,person,False,13,110,0.0590996220707893,29.6937,187.8027,34.6871,194.3437,0.0,False,True
coco:85682:1:2196,coco,85682,000000085682.jpg,1,person,person,False,13,111,0.0590199790894985,511.2894,318.1208,526.1466,381.3668,0.2064856588840484,False,True
coco:85682:1:2196,coco,85682,000000085682.jpg,1,person,person,False,13,112,0.059011735022068,548.1053,253.8578,557.9919,270.101,0.0,False,True
coco:85682:1:2196,coco,85682,000000085682.jpg,1,person,person,False,13,113,0.0587989017367363,192.965,203.4129,195.7525,208.4901,0.0,False,True
coco:85682:1:2196,coco,85682,000000085682.jpg,1,person,person,False,13,114,0.0587095357477664,98.8487,187.8875,103.4767,195.1064,0.0,False,True
coco:85682:1:2196,coco,85682,000000085682.jpg,1,person,person,False,13,115,0.0577773861587047,501.5529,272.3919,514.3908,289.8602,0.0,False,True
coco:85682:1:2196,coco,85682,000000085682.jpg,1,person,person,False,13,116,0.0576274022459983,513.3519,318.4986,524.795,333.6815,0.0382802411913871,False,True
coco:85682:1:2196,coco,85682,000000085682.jpg,1,person,person,False,13,117,0.0574167035520076,149.1251,208.9526,152.8046,221.2953,0.0,False,True
coco:85682:1:2196,coco,85682,000000085682.jpg,1,person,person,False,13,118,0.0572405941784381,45.3333,185.1663,48.9553,195.8738,0.0,False,True
coco:85682:1:2196,coco,85682,000000085682.jpg,1,person,person,False,13,119,0.056658137589693,525.3023,389.3895,550.4488,426.2268,0.2009917199611663,False,True
coco:85682:1:2196,coco,85682,000000085682.jpg,1,person,person,False,13,120,0.055432915687561,67.3515,183.0852,71.1038,193.0665,0.0,False,True
coco:85682:1:2196,coco,85682,000000085682.jpg,1,person,person,False,13,121,0.0554199181497097,426.1974,289.6165,462.7424,340.0646,0.0,False,True
coco:85682:1:2196,coco,85682,000000085682.jpg,1,person,person,False,13,122,0.0551289394497871,470.8299,310.4659,486.2468,323.7314,0.1708836555480957,False,True
coco:85682:1:2196,coco,85682,000000085682.jpg,1,person,person,False,13,123,0.0546972937881946,54.7801,187.9656,59.1961,197.4395,0.0,False,True
coco:85682:1:2196,coco,85682,000000085682.jpg,1,person,person,False,13,124,0.0546817034482955,380.6106,290.9659,396.1174,354.4607,0.4186306893825531,False,True
coco:85682:1:2196,coco,85682,000000085682.jpg,1,person,person,False,13,125,0.0537213198840618,3.9558,183.2963,8.6625,189.2576,0.0,False,True
coco:85682:1:2196,coco,85682,000000085682.jpg,1,person,person,False,13,126,0.0536661967635154,275.7542,275.1562,284.4706,287.0868,0.2718033790588379,False,True
coco:85682:1:2196,coco,85682,000000085682.jpg,1,person,person,False,13,127,0.0534289106726646,557.0984,326.9818,575.3112,362.6795,0.0,False,True
coco:85682:1:2196,coco,85682,000000085682.jpg,1,person,person,False,13,128,0.0534271411597728,370.7164,290.7815,381.0699,299.0128,0.0436224266886711,False,True
coco:85682:1:2196,coco,85682,000000085682.jpg,1,person,person,False,13,129,0.0534024275839328,39.3396,184.3882,43.9051,195.852,0.0,False,True
coco:85682:1:2196,coco,85682,000000085682.jpg,1,person,person,False,13,130,0.0533150508999824,509.6175,377.537,531.7642,418.191,0.1862341612577438,False,True
coco:85682:1:2196,coco,85682,000000085682.jpg,1,person,person,False,13,131,0.0532709322869777,546.9097,358.6213,553.7128,372.6369,0.0187028665095567,False,True
coco:85682:1:2196,coco,85682,000000085682.jpg,1,person,person,False,13,132,0.0531770773231983,375.0198,291.1401,396.1515,358.7359,0.3193638920783996,False,True
coco:85682:1:2196,coco,85682,000000085682.jpg,1,person,person,False,13,133,0.0528393946588039,207.5514,244.6036,212.6731,254.479,0.2936602830886841,False,True
coco:85682:1:2196,coco,85682,000000085682.jpg,1,person,person,False,13,134,0.0523765012621879,62.788,198.9115,65.7502,204.9829,0.0,False,True
coco:85682:1:2196,coco,85682,000000085682.jpg,1,person,person,False,13,135,0.0522597804665565,7.7508,184.0412,10.7135,189.5684,0.0,False,True
coco:85682:1:2196,coco,85682,000000085682.jpg,1,person,person,False,13,136,0.0518534146249294,451.7393,297.3057,469.7577,330.8464,0.0,False,True
coco:85682:1:2196,coco,85682,000000085682.jpg,1,person,person,False,13,137,0.0502477623522281,194.9943,202.7788,198.1485,208.3204,0.0,False,True
coco:86755:1:2217,coco,86755,000000086755.jpg,1,person,person,False,2,0,0.5722739100456238,324.7146,218.9306,384.1848,326.4006,0.8359637260437012,True,False
coco:86755:1:2217,coco,86755,000000086755.jpg,1,person,person,False,2,1,0.4996835887432098,329.1495,203.4111,384.9319,301.2527,0.6372711658477783,True,False
coco:86755:1:2217,coco,86755,000000086755.jpg,1,person,person,False,2,2,0.0948477238416671,365.6206,219.5261,394.791,300.1871,0.3080715239048004,False,True
coco:86755:1:2217,coco,86755,000000086755.jpg,1,person,person,False,2,3,0.0815291777253151,335.755,203.4741,373.6485,243.4192,0.3311764895915985,False,True
coco:86755:88:2218,coco,86755,000000086755.jpg,88,teddy bear,teddy bear,True,0,0,0.2008518278598785,329.0795,203.4035,394.3474,300.3987,0.0,False,True
coco:86755:88:2218,coco,86755,000000086755.jpg,88,teddy bear,teddy bear,True,0,1,0.1101089715957641,295.4345,202.5318,413.8419,331.6707,0.0,False,True
coco:86755:88:2218,coco,86755,000000086755.jpg,88,teddy bear,teddy bear,True,0,2,0.0724340602755546,335.5584,203.4786,373.2915,243.6522,0.0,False,True
coco:86755:88:2218,coco,86755,000000086755.jpg,88,teddy bear,teddy bear,True,0,3,0.070176713168621,324.7554,218.383,395.0178,325.9905,0.0,False,True
coco:87875:11:2241,coco,87875,000000087875.jpg,11,fire hydrant,fire hydrant,False,1,0,0.9285658597946168,151.8741,169.011,301.4273,485.9494,0.9333856105804444,True,False
coco:87875:53:2242,coco,87875,000000087875.jpg,53,apple,apple,True,0,0,0.1111287251114845,152.1897,168.9068,301.338,484.9881,0.0,False,True
coco:87875:16:2243,coco,87875,000000087875.jpg,16,bird,bird,True,0,0,0.0994037687778472,151.9635,169.0032,301.5932,484.7297,0.0,False,True
coco:88462:13:2265,coco,88462,000000088462.jpg,13,stop sign,stop sign,False,1,0,0.585946261882782,336.7163,164.1199,349.5915,187.2797,0.7713528275489807,True,False
coco:88462:13:2265,coco,88462,000000088462.jpg,13,stop sign,stop sign,False,1,1,0.1720831096172332,303.1122,52.9629,639.3983,272.099,0.0052458229474723,False,True
coco:88462:13:2265,coco,88462,000000088462.jpg,13,stop sign,stop sign,False,1,2,0.092701256275177,97.3495,126.6339,109.8663,145.4254,0.0,False,True
coco:88462:13:2265,coco,88462,000000088462.jpg,13,stop sign,stop sign,False,1,3,0.0867591872811317,97.5951,127.2821,109.6921,139.1331,0.0,False,True
coco:88462:13:2265,coco,88462,000000088462.jpg,13,stop sign,stop sign,False,1,4,0.0794611275196075,42.008,158.5544,53.6036,169.572,0.0,False,True
coco:88462:13:2265,coco,88462,000000088462.jpg,13,stop sign,stop sign,False,1,5,0.0774519070982933,61.111,166.9286,76.5499,176.8964,0.0,False,True
coco:88462:13:2265,coco,88462,000000088462.jpg,13,stop sign,stop sign,False,1,6,0.0612643659114837,97.5791,127.6872,104.121,137.7956,0.0,False,True
coco:88462:13:2265,coco,88462,000000088462.jpg,13,stop sign,stop sign,False,1,7,0.0539978928864002,60.2752,164.4161,77.3162,184.2697,0.0,False,True
coco:88462:47:2266,coco,88462,000000088462.jpg,47,cup,cup,True,0,0,0.0526932254433631,432.6123,153.5506,440.5729,159.5449,0.0,False,True
coco:88951:15:2274,coco,88951,000000088951.jpg,15,bench,bench,False,1,0,0.8671731352806091,68.3939,234.3286,173.8794,325.9405,0.8996103405952454,True,False
coco:88951:57:2275,coco,88951,000000088951.jpg,57,carrot,carrot,True,0,0,0.1092137917876243,242.1076,297.0251,292.4957,338.599,0.0,False,True
coco:88951:57:2275,coco,88951,000000088951.jpg,57,carrot,carrot,True,0,1,0.0736436694860458,128.6542,187.1096,234.1995,319.8093,0.0,False,True
coco:88951:57:2275,coco,88951,000000088951.jpg,57,carrot,carrot,True,0,2,0.0532662905752658,69.2603,234.3007,194.2115,326.172,0.0,False,True
coco:89556:11:2292,coco,89556,000000089556.jpg,11,fire hydrant,fire hydrant,False,1,0,0.9018388986587524,237.1051,267.0889,307.6263,388.5341,0.9029794335365297,True,False
coco:89556:11:2292,coco,89556,000000089556.jpg,11,fire hydrant,fire hydrant,False,1,1,0.0663154423236846,622.5797,242.504,639.5415,331.8458,0.0,False,True
coco:89556:2:2293,coco,89556,000000089556.jpg,2,bicycle,bicycle,True,0,0,0.0881467834115028,392.9015,131.8469,412.0055,150.0468,0.0,False,True
coco:89556:2:2293,coco,89556,000000089556.jpg,2,bicycle,bicycle,True,0,1,0.0676601603627204,0.7447,166.5303,303.8098,388.0767,0.0,False,True
coco:89556:2:2293,coco,89556,000000089556.jpg,2,bicycle,bicycle,True,0,2,0.0606882534921169,320.6434,130.1964,622.879,330.5014,0.0,False,True
coco:89556:2:2293,coco,89556,000000089556.jpg,2,bicycle,bicycle,True,0,3,0.0574631318449974,237.4404,267.1536,307.4429,388.3529,0.0,False,True
coco:89556:78:2294,coco,89556,000000089556.jpg,78,microwave,microwave,True,0,0,0.1116890460252761,320.4111,130.3784,624.2645,326.2173,0.0,False,True
coco:89556:78:2294,coco,89556,000000089556.jpg,78,microwave,microwave,True,0,1,0.0992596223950386,0.9168,166.7698,300.9232,388.0824,0.0,False,True
coco:90891:1:2331,coco,90891,000000090891.jpg,1,person,person,False,5,0,0.8064965605735779,240.4478,180.2206,365.9688,406.1034,0.9206551313400269,True,False
coco:90891:1:2331,coco,90891,000000090891.jpg,1,person,person,False,5,1,0.7921630144119263,52.2817,109.2133,167.1606,430.3653,0.936665177345276,True,False
coco:90891:1:2331,coco,90891,000000090891.jpg,1,person,person,False,5,2,0.7807439565658569,142.5245,189.8717,234.8862,372.2203,0.9707015752792358,True,False
coco:90891:1:2331,coco,90891,000000090891.jpg,1,person,person,False,5,3,0.7402418851852417,515.6768,142.6145,608.0922,377.0671,0.9374358057975768,True,False
coco:90891:1:2331,coco,90891,000000090891.jpg,1,person,person,False,5,4,0.7396737933158875,427.6769,182.6997,538.7906,366.2612,0.9495406150817872,True,False
coco:90891:1:2331,coco,90891,000000090891.jpg,1,person,person,False,5,5,0.1699804812669754,0.1516,213.8588,21.9799,281.7765,0.0,False,True
coco:90891:1:2331,coco,90891,000000090891.jpg,1,person,person,False,5,6,0.1050975248217582,410.2058,0.2503,462.5051,145.2462,0.0,False,True
coco:90891:1:2331,coco,90891,000000090891.jpg,1,person,person,False,5,7,0.1020194515585899,0.2811,179.3509,43.0377,281.951,0.0,False,True
coco:90891:1:2331,coco,90891,000000090891.jpg,1,person,person,False,5,8,0.0745702385902404,11.3993,179.9158,44.1511,231.5746,0.0,False,True
coco:90891:1:2331,coco,90891,000000090891.jpg,1,person,person,False,5,9,0.0677754208445549,4.01,214.0867,21.3971,241.1869,0.0,False,True
coco:90891:1:2331,coco,90891,000000090891.jpg,1,person,person,False,5,10,0.0632038190960884,194.9746,33.7042,298.1865,114.6483,0.0,False,True
coco:90891:1:2331,coco,90891,000000090891.jpg,1,person,person,False,5,11,0.0622041970491409,3.2833,178.1989,44.6657,236.6812,0.0,False,True
coco:90891:1:2331,coco,90891,000000090891.jpg,1,person,person,False,5,12,0.0619167946279048,195.2791,34.0629,260.207,114.873,0.0,False,True
coco:90891:1:2331,coco,90891,000000090891.jpg,1,person,person,False,5,13,0.0609612204134464,209.6805,0.5078,260.5664,114.2268,0.0,False,True
coco:90891:1:2331,coco,90891,000000090891.jpg,1,person,person,False,5,14,0.0590636245906353,0.1955,214.0608,21.4247,252.6464,0.0,False,True
coco:90891:1:2331,coco,90891,000000090891.jpg,1,person,person,False,5,15,0.0506116636097431,154.0075,36.6916,216.7649,116.7895,0.0027516249101608,False,True
coco:90891:1:2331,coco,90891,000000090891.jpg,1,person,person,False,5,16,0.0505167208611965,491.683,181.8523,538.6689,354.6924,0.3779163658618927,False,True
coco:90891:87:2332,coco,90891,000000090891.jpg,87,scissors,scissors,True,0,0,0.0783847346901893,564.9949,260.2324,582.3887,321.1366,0.0,False,True
coco:90891:87:2332,coco,90891,000000090891.jpg,87,scissors,scissors,True,0,1,0.0711421594023704,553.8041,258.2913,637.9243,401.8745,0.0,False,True
coco:90891:87:2332,coco,90891,000000090891.jpg,87,scissors,scissors,True,0,2,0.0585756413638591,552.509,317.4384,638.6016,370.1892,0.0,False,True
coco:90891:87:2332,coco,90891,000000090891.jpg,87,scissors,scissors,True,0,3,0.0502495318651199,388.3841,185.5659,459.6158,212.8838,0.0,False,True
coco:90891:15:2333,coco,90891,000000090891.jpg,15,bench,bench,True,0,0,0.302941232919693,166.4434,314.5051,386.4026,419.0372,0.0,False,True
coco:90891:15:2333,coco,90891,000000090891.jpg,15,bench,bench,True,0,1,0.2904755175113678,167.9531,314.1201,251.6224,381.5842,0.0,False,True
coco:90891:15:2333,coco,90891,000000090891.jpg,15,bench,bench,True,0,2,0.2720785439014435,329.8395,356.2238,386.973,419.6194,0.0,False,True
coco:90891:15:2333,coco,90891,000000090891.jpg,15,bench,bench,True,0,3,0.2634291648864746,166.7748,314.3939,333.5316,407.9445,0.0,False,True
coco:90891:15:2333,coco,90891,000000090891.jpg,15,bench,bench,True,0,4,0.2094695121049881,151.0397,272.4689,385.3804,418.3536,0.0,False,True
coco:90891:15:2333,coco,90891,000000090891.jpg,15,bench,bench,True,0,5,0.1829327791929245,249.7115,351.2308,334.6342,407.8928,0.0,False,True
coco:90891:15:2333,coco,90891,000000090891.jpg,15,bench,bench,True,0,6,0.1675979495048523,166.5425,273.2107,251.155,380.8436,0.0,False,True
coco:90891:15:2333,coco,90891,000000090891.jpg,15,bench,bench,True,0,7,0.1673758625984192,285.9867,353.4087,334.8278,408.1705,0.0,False,True
coco:90891:15:2333,coco,90891,000000090891.jpg,15,bench,bench,True,0,8,0.1637334525585174,251.2472,351.8982,386.1987,419.2805,0.0,False,True
coco:90891:15:2333,coco,90891,000000090891.jpg,15,bench,bench,True,0,9,0.1571484059095382,143.5435,239.798,250.9158,381.3171,0.0,False,True
coco:90891:15:2333,coco,90891,000000090891.jpg,15,bench,bench,True,0,10,0.1447734534740448,143.428,240.2237,332.4838,408.0876,0.0,False,True
coco:90891:15:2333,coco,90891,000000090891.jpg,15,bench,bench,True,0,11,0.1401730626821518,304.8226,206.7212,435.2622,253.3446,0.0,False,True
coco:90891:15:2333,coco,90891,000000090891.jpg,15,bench,bench,True,0,12,0.1227186322212219,329.7074,344.5771,418.9586,418.9102,0.0,False,True
coco:90891:15:2333,coco,90891,000000090891.jpg,15,bench,bench,True,0,13,0.0967184603214263,168.4859,342.9313,334.3253,406.9765,0.0,False,True
coco:90891:15:2333,coco,90891,000000090891.jpg,15,bench,bench,True,0,14,0.0899398177862167,141.8011,188.1954,435.3075,253.4549,0.0,False,True
coco:90891:15:2333,coco,90891,000000090891.jpg,15,bench,bench,True,0,15,0.0852736607193946,170.0414,343.9491,384.1893,417.6312,0.0,False,True
coco:90891:15:2333,coco,90891,000000090891.jpg,15,bench,bench,True,0,16,0.0786335915327072,216.6267,203.1536,435.0206,253.6555,0.0,False,True
coco:90891:15:2333,coco,90891,000000090891.jpg,15,bench,bench,True,0,17,0.071736142039299,1.624,307.2532,385.6695,419.3554,0.0,False,True
coco:90891:15:2333,coco,90891,000000090891.jpg,15,bench,bench,True,0,18,0.0716603845357894,302.6084,176.816,518.9711,253.3192,0.0,False,True
coco:90891:15:2333,coco,90891,000000090891.jpg,15,bench,bench,True,0,19,0.067928098142147,594.0164,254.1537,639.3711,344.4165,0.0,False,True
coco:90891:15:2333,coco,90891,000000090891.jpg,15,bench,bench,True,0,20,0.0672847926616668,329.7009,355.5285,388.3592,377.8709,0.0,False,True
coco:90891:15:2333,coco,90891,000000090891.jpg,15,bench,bench,True,0,21,0.0664579421281814,611.3696,281.5064,639.3993,345.0462,0.0,False,True
coco:90891:15:2333,coco,90891,000000090891.jpg,15,bench,bench,True,0,22,0.0641431584954261,189.4586,315.644,245.7407,356.2459,0.0,False,True
coco:90891:15:2333,coco,90891,000000090891.jpg,15,bench,bench,True,0,23,0.0615996569395065,154.4553,34.2729,298.2666,120.0686,0.0,False,True
coco:90891:15:2333,coco,90891,000000090891.jpg,15,bench,bench,True,0,24,0.0588496029376983,140.7411,188.0653,240.8074,375.8888,0.0,False,True
coco:90891:15:2333,coco,90891,000000090891.jpg,15,bench,bench,True,0,25,0.0567322298884391,330.2698,351.9602,460.3393,420.2306,0.0,False,True
coco:90891:15:2333,coco,90891,000000090891.jpg,15,bench,bench,True,0,26,0.0565511770546436,228.2513,272.8338,248.0808,317.7844,0.0,False,True
coco:90891:15:2333,coco,90891,000000090891.jpg,15,bench,bench,True,0,27,0.0565381981432437,141.8585,176.928,517.6328,253.9874,0.0,False,True
coco:90891:15:2333,coco,90891,000000090891.jpg,15,bench,bench,True,0,28,0.0564819872379303,0.8813,240.7462,385.038,419.6816,0.0,False,True
coco:90891:15:2333,coco,90891,000000090891.jpg,15,bench,bench,True,0,29,0.0534037500619888,140.4027,187.9702,225.7601,243.3043,0.0,False,True
coco:90891:15:2333,coco,90891,000000090891.jpg,15,bench,bench,True,0,30,0.0519500561058521,368.5196,176.5999,519.269,252.2467,0.0,False,True
coco:90891:15:2333,coco,90891,000000090891.jpg,15,bench,bench,True,0,31,0.0518976375460624,154.4897,56.6737,216.083,122.0814,0.0,False,True
coco:90891:15:2333,coco,90891,000000090891.jpg,15,bench,bench,True,0,32,0.0507557913661003,234.5419,274.4618,381.2123,417.6093,0.0,False,True
coco:91619:13:2349,coco,91619,000000091619.jpg,13,stop sign,stop sign,False,1,0,0.7207419872283936,136.7176,257.4411,258.9842,356.0337,0.9137141108512878,True,False
coco:91619:13:2349,coco,91619,000000091619.jpg,13,stop sign,stop sign,False,1,1,0.28069868683815,169.398,328.4726,235.4051,376.5182,0.1323390454053878,False,True
coco:91619:37:2350,coco,91619,000000091619.jpg,37,sports ball,sports ball,True,0,0,0.1383311301469802,135.7296,257.4972,258.5784,356.3535,0.0,False,True
coco:91619:37:2350,coco,91619,000000091619.jpg,37,sports ball,sports ball,True,0,1,0.0922102108597755,135.1153,230.8981,258.3158,375.3065,0.0,False,True
coco:91619:37:2350,coco,91619,000000091619.jpg,37,sports ball,sports ball,True,0,2,0.066594623029232,169.4389,329.1385,235.2434,376.0027,0.0,False,True
coco:91619:20:2351,coco,91619,000000091619.jpg,20,sheep,sheep,True,0,0,0.0970544591546058,136.3443,257.4662,258.4242,355.1545,0.0,False,True
coco:92124:81:2367,coco,92124,000000092124.jpg,81,sink,sink,False,1,0,0.6712979674339294,212.6485,352.0161,354.6102,425.1437,0.967210292816162,True,False
coco:92124:81:2367,coco,92124,000000092124.jpg,81,sink,sink,False,1,1,0.1536566317081451,212.4733,352.4696,354.8723,540.7315,0.38350510597229,False,True
coco:92124:81:2367,coco,92124,000000092124.jpg,81,sink,sink,False,1,2,0.1217394545674324,250.2083,495.0728,359.7273,639.1191,0.0,False,True
coco:92124:81:2367,coco,92124,000000092124.jpg,81,sink,sink,False,1,3,0.0932953879237175,250.0294,386.2883,359.7339,639.2768,0.1209660544991493,False,True
coco:92124:81:2367,coco,92124,000000092124.jpg,81,sink,sink,False,1,4,0.0505362674593925,340.6778,386.5052,359.8184,503.5426,0.0465921461582183,False,True
coco:92124:39:2368,coco,92124,000000092124.jpg,39,baseball bat,baseball bat,True,0,0,0.0546777509152889,259.0824,111.9956,349.81,285.1888,0.0,False,True
coco:92660:56:2376,coco,92660,000000092660.jpg,56,broccoli,broccoli,False,13,0,0.48196542263031,200.8895,115.2655,597.9489,337.0032,0.0780546739697456,False,True
coco:92660:56:2376,coco,92660,000000092660.jpg,56,broccoli,broccoli,False,13,1,0.4401733875274658,210.8252,252.6132,269.7353,316.1493,0.8042333722114563,True,False
coco:92660:56:2376,coco,92660,000000092660.jpg,56,broccoli,broccoli,False,13,2,0.3051764965057373,305.509,257.3919,395.8961,336.9451,0.9152613282203674,True,False
coco:92660:56:2376,coco,92660,000000092660.jpg,56,broccoli,broccoli,False,13,3,0.3015441596508026,539.3624,191.8314,597.2486,237.0586,0.8177302479743958,True,False
coco:92660:56:2376,coco,92660,000000092660.jpg,56,broccoli,broccoli,False,13,4,0.3007352948188782,320.6835,241.9727,398.4319,283.7049,0.2298015356063842,False,True
coco:92660:56:2376,coco,92660,000000092660.jpg,56,broccoli,broccoli,False,13,5,0.2964183688163757,199.6833,225.5381,228.7253,278.5363,0.1272916942834854,False,True
coco:92660:56:2376,coco,92660,000000092660.jpg,56,broccoli,broccoli,False,13,6,0.2941488325595855,280.1751,198.9743,332.7895,246.7334,0.3818453848361969,False,True
coco:92660:56:2376,coco,92660,000000092660.jpg,56,broccoli,broccoli,False,13,7,0.2916265726089477,269.9587,239.106,316.7502,275.3504,0.2429494112730026,False,True
coco:92660:56:2376,coco,92660,000000092660.jpg,56,broccoli,broccoli,False,13,8,0.2820992171764374,226.6678,227.2798,269.5197,262.5903,0.9006836414337158,True,False
coco:92660:56:2376,coco,92660,000000092660.jpg,56,broccoli,broccoli,False,13,9,0.280659556388855,326.2668,172.187,370.3848,212.9308,0.1920313984155655,False,True
coco:92660:56:2376,coco,92660,000000092660.jpg,56,broccoli,broccoli,False,13,10,0.2750432789325714,329.3928,209.3139,363.3025,246.7268,0.1088379546999931,False,True
coco:92660:56:2376,coco,92660,000000092660.jpg,56,broccoli,broccoli,False,13,11,0.2742893397808075,325.6915,139.7285,364.4939,172.1714,0.0468125082552433,False,True
coco:92660:56:2376,coco,92660,000000092660.jpg,56,broccoli,broccoli,False,13,12,0.272978812456131,402.1968,140.9507,446.4938,178.7348,0.0645477995276451,False,True
coco:92660:56:2376,coco,92660,000000092660.jpg,56,broccoli,broccoli,False,13,13,0.2725721299648285,507.0684,219.3146,572.8497,268.7109,0.7342345714569092,True,False
coco:92660:56:2376,coco,92660,000000092660.jpg,56,broccoli,broccoli,False,13,14,0.2574103772640228,512.6525,169.7689,563.5249,208.3059,0.1147762238979339,False,True
coco:92660:56:2376,coco,92660,000000092660.jpg,56,broccoli,broccoli,False,13,15,0.2555486857891083,247.2349,197.3902,300.6296,252.9162,0.4285290837287903,False,True
coco:92660:56:2376,coco,92660,000000092660.jpg,56,broccoli,broccoli,False,13,16,0.2549654841423034,359.4279,192.5181,403.9836,226.433,0.3202017545700073,False,True
coco:92660:56:2376,coco,92660,000000092660.jpg,56,broccoli,broccoli,False,13,17,0.2520015239715576,470.7824,229.2627,543.0276,281.9985,0.7323358058929443,True,False
coco:92660:56:2376,coco,92660,000000092660.jpg,56,broccoli,broccoli,False,13,18,0.2510638236999511,424.9423,121.133,469.6107,150.5918,0.7946572303771973,True,False
coco:92660:56:2376,coco,92660,000000092660.jpg,56,broccoli,broccoli,False,13,19,0.2498537898063659,404.0788,193.7064,468.1851,237.1302,0.1268614530563354,False,True
coco:92660:56:2376,coco,92660,000000092660.jpg,56,broccoli,broccoli,False,13,20,0.2494040429592132,427.5333,175.5504,476.3441,205.7235,0.9291087985038756,True,False
coco:92660:56:2376,coco,92660,000000092660.jpg,56,broccoli,broccoli,False,13,21,0.2485636621713638,493.1118,142.8221,532.8276,168.5844,0.211648017168045,False,True
coco:92660:56:2376,coco,92660,000000092660.jpg,56,broccoli,broccoli,False,13,22,0.2483334392309188,384.6422,232.5807,438.668,285.9433,0.0375840179622173,False,True
coco:92660:56:2376,coco,92660,000000092660.jpg,56,broccoli,broccoli,False,13,23,0.2370852380990982,284.0518,156.0719,338.1411,195.5647,0.0,False,True
coco:92660:56:2376,coco,92660,000000092660.jpg,56,broccoli,broccoli,False,13,24,0.2320017963647842,363.7231,136.4471,404.6689,162.4883,0.0388614162802696,False,True
coco:92660:56:2376,coco,92660,000000092660.jpg,56,broccoli,broccoli,False,13,25,0.2286156117916107,369.5934,167.7073,412.179,192.1109,0.514832615852356,True,False
coco:92660:56:2376,coco,92660,000000092660.jpg,56,broccoli,broccoli,False,13,26,0.2211678475141525,428.8893,231.263,541.6594,295.6322,0.5726063251495361,True,False
coco:92660:56:2376,coco,92660,000000092660.jpg,56,broccoli,broccoli,False,13,27,0.2176112681627273,390.5342,281.087,425.4676,311.8053,0.0291487872600555,False,True
coco:92660:56:2376,coco,92660,000000092660.jpg,56,broccoli,broccoli,False,13,28,0.2157616168260574,559.5309,222.2438,595.3292,260.3534,0.125593900680542,False,True
coco:92660:56:2376,coco,92660,000000092660.jpg,56,broccoli,broccoli,False,13,29,0.2095927298069,463.6405,192.3497,523.0574,231.9542,0.3952755928039551,False,True
coco:92660:56:2376,coco,92660,000000092660.jpg,56,broccoli,broccoli,False,13,30,0.2013219445943832,459.3551,137.62,495.2095,159.6201,0.1169129312038421,False,True
coco:92660:56:2376,coco,92660,000000092660.jpg,56,broccoli,broccoli,False,13,31,0.1997639387845993,539.2913,192.072,597.503,260.2228,0.5591381192207336,True,False
coco:92660:56:2376,coco,92660,000000092660.jpg,56,broccoli,broccoli,False,13,32,0.192545011639595,412.189,114.1467,446.6084,131.3373,0.1346393823623657,False,True
coco:92660:56:2376,coco,92660,000000092660.jpg,56,broccoli,broccoli,False,13,33,0.1840127408504486,475.5708,161.0289,519.4902,187.1843,0.3656341135501861,False,True
coco:92660:56:2376,coco,92660,000000092660.jpg,56,broccoli,broccoli,False,13,34,0.1825135648250579,385.9602,120.7923,419.5294,138.6443,0.0,False,True
coco:92660:56:2376,coco,92660,000000092660.jpg,56,broccoli,broccoli,False,13,35,0.1819473356008529,353.9656,158.4802,386.0484,180.1336,0.3192013502120971,False,True
coco:92660:56:2376,coco,92660,000000092660.jpg,56,broccoli,broccoli,False,13,36,0.1817568391561508,199.8119,225.7882,269.0834,278.51,0.3850096464157104,False,True
coco:92660:56:2376,coco,92660,000000092660.jpg,56,broccoli,broccoli,False,13,37,0.1710692048072815,354.782,232.2068,381.7334,255.7259,0.009623316116631,False,True
coco:92660:56:2376,coco,92660,000000092660.jpg,56,broccoli,broccoli,False,13,38,0.1704961359500885,247.659,196.3571,332.349,252.9405,0.707564115524292,True,False
coco:92660:56:2376,coco,92660,000000092660.jpg,56,broccoli,broccoli,False,13,39,0.1683604568243026,460.1207,192.1268,498.2126,222.8375,0.8217234015464783,True,False
coco:92660:56:2376,coco,92660,000000092660.jpg,56,broccoli,broccoli,False,13,40,0.1662818640470504,471.4143,219.497,572.5816,281.091,0.5539469122886658,True,False
coco:92660:56:2376,coco,92660,000000092660.jpg,56,broccoli,broccoli,False,13,41,0.1647401303052902,363.3537,136.6922,404.9818,173.0527,0.1872512698173523,False,True
coco:92660:56:2376,coco,92660,000000092660.jpg,56,broccoli,broccoli,False,13,42,0.1634967774152755,353.9474,158.7867,389.1599,189.4919,0.512317955493927,True,False
coco:92660:56:2376,coco,92660,000000092660.jpg,56,broccoli,broccoli,False,13,43,0.1633506119251251,283.7859,165.7326,325.8256,195.1464,0.0,False,True
coco:92660:56:2376,coco,92660,000000092660.jpg,56,broccoli,broccoli,False,13,44,0.155628353357315,385.3659,232.589,432.4769,270.0906,0.0159877501428127,False,True
coco:92660:56:2376,coco,92660,000000092660.jpg,56,broccoli,broccoli,False,13,45,0.1533736884593963,502.0042,158.7372,554.1077,186.8233,0.0818382948637008,False,True
coco:92660:56:2376,coco,92660,000000092660.jpg,56,broccoli,broccoli,False,13,46,0.151000902056694,422.0802,78.7477,475.476,99.5798,0.0,False,True
coco:92660:56:2376,coco,92660,000000092660.jpg,56,broccoli,broccoli,False,13,47,0.1491713374853134,385.1697,231.5023,487.8471,294.2827,0.0941930934786796,False,True
coco:92660:56:2376,coco,92660,000000092660.jpg,56,broccoli,broccoli,False,13,48,0.1481719017028808,200.2247,225.6399,270.3934,316.1797,0.624693751335144,True,False
coco:92660:56:2376,coco,92660,000000092660.jpg,56,broccoli,broccoli,False,13,49,0.1479440182447433,450.8824,165.9217,493.3099,187.295,0.1410681456327438,False,True
coco:92660:56:2376,coco,92660,000000092660.jpg,56,broccoli,broccoli,False,13,50,0.147029235959053,304.6143,240.8618,424.4348,337.1343,0.5957450270652771,True,False
coco:92660:56:2376,coco,92660,000000092660.jpg,56,broccoli,broccoli,False,13,51,0.1469039022922516,429.494,256.607,535.7823,296.0047,0.3735410571098327,False,True
coco:92660:56:2376,coco,92660,000000092660.jpg,56,broccoli,broccoli,False,13,52,0.1467394977807998,468.3558,76.5541,515.7853,97.1777,0.0,False,True
coco:92660:56:2376,coco,92660,000000092660.jpg,56,broccoli,broccoli,False,13,53,0.1457428783178329,421.5872,76.5787,515.7196,99.7035,0.0,False,True
coco:92660:56:2376,coco,92660,000000092660.jpg,56,broccoli,broccoli,False,13,54,0.1423166692256927,304.5221,153.6886,342.0757,193.5184,0.0059054642915725,False,True
coco:92660:56:2376,coco,92660,000000092660.jpg,56,broccoli,broccoli,False,13,55,0.1421311646699905,493.8494,196.0226,523.0413,230.3201,0.0837798565626144,False,True
coco:92660:56:2376,coco,92660,000000092660.jpg,56,broccoli,broccoli,False,13,56,0.1413711756467819,475.5677,161.3481,505.2823,185.0023,0.3658155500888824,False,True
coco:92660:56:2376,coco,92660,000000092660.jpg,56,broccoli,broccoli,False,13,57,0.1406086683273315,526.6215,158.8025,554.3303,183.4948,0.0,False,True
coco:92660:56:2376,coco,92660,000000092660.jpg,56,broccoli,broccoli,False,13,58,0.1387481838464737,470.8895,229.0976,499.7324,256.3249,0.1483640670776367,False,True
coco:92660:56:2376,coco,92660,000000092660.jpg,56,broccoli,broccoli,False,13,59,0.1379085183143615,429.0553,220.1858,572.6171,295.7446,0.4570501148700714,False,True
coco:92660:56:2376,coco,92660,000000092660.jpg,56,broccoli,broccoli,False,13,60,0.132446750998497,304.8996,153.1089,335.5352,174.2096,0.0,False,True
coco:92660:56:2376,coco,92660,000000092660.jpg,56,broccoli,broccoli,False,13,61,0.1296845972537994,385.951,120.9397,425.6062,149.851,0.0067047644406557,False,True
coco:92660:56:2376,coco,92660,000000092660.jpg,56,broccoli,broccoli,False,13,62,0.1295788884162902,110.615,202.5868,145.703,225.4683,0.0,False,True
coco:92660:56:2376,coco,92660,000000092660.jpg,56,broccoli,broccoli,False,13,63,0.1289145499467849,428.8286,261.6626,502.8195,295.7711,0.1608541458845138,False,True
coco:92660:56:2376,coco,92660,000000092660.jpg,56,broccoli,broccoli,False,13,64,0.126931607723236,408.594,130.7806,432.5447,150.0065,0.0768369361758232,False,True
coco:92660:56:2376,coco,92660,000000092660.jpg,56,broccoli,broccoli,False,13,65,0.1245843917131424,386.2554,114.5866,471.3126,151.0606,0.3680324256420135,False,True
coco:92660:56:2376,coco,92660,000000092660.jpg,56,broccoli,broccoli,False,13,66,0.1245445311069488,320.2744,241.9414,424.3932,311.3807,0.4025793373584747,False,True
coco:92660:56:2376,coco,92660,000000092660.jpg,56,broccoli,broccoli,False,13,67,0.1183103919029235,427.4533,175.7474,452.1678,202.4674,0.4490190744400024,False,True
coco:92660:56:2376,coco,92660,000000092660.jpg,56,broccoli,broccoli,False,13,68,0.1162938699126243,28.7171,114.2863,622.0602,341.9292,0.0508784390985965,False,True
coco:92660:56:2376,coco,92660,000000092660.jpg,56,broccoli,broccoli,False,13,69,0.1152920126914978,448.6413,150.0911,492.4128,185.0601,0.2209702134132385,False,True
coco:92660:56:2376,coco,92660,000000092660.jpg,56,broccoli,broccoli,False,13,70,0.1079542711377143,280.8177,199.2184,363.0335,247.7349,0.3243261277675628,False,True
coco:92660:56:2376,coco,92660,000000092660.jpg,56,broccoli,broccoli,False,13,71,0.1071314960718154,475.017,138.9982,495.5953,158.3184,0.1325201392173767,False,True
coco:92660:56:2376,coco,92660,000000092660.jpg,56,broccoli,broccoli,False,13,72,0.1060357391834259,476.2616,142.9411,532.9703,186.2626,0.3756777942180633,False,True
coco:92660:56:2376,coco,92660,000000092660.jpg,56,broccoli,broccoli,False,13,73,0.1053120493888855,353.8885,158.8414,408.6467,191.8837,0.8546401858329773,True,False
coco:92660:56:2376,coco,92660,000000092660.jpg,56,broccoli,broccoli,False,13,74,0.1047979667782783,451.7002,137.8275,495.4156,171.6263,0.2142778635025024,False,True
coco:92660:56:2376,coco,92660,000000092660.jpg,56,broccoli,broccoli,False,13,75,0.1040978208184242,343.6118,280.1225,395.7542,332.7817,0.3995498120784759,False,True
coco:92660:56:2376,coco,92660,000000092660.jpg,56,broccoli,broccoli,False,13,76,0.1022700145840644,412.147,114.7218,470.325,150.6098,0.5253281593322754,True,False
coco:92660:56:2376,coco,92660,000000092660.jpg,56,broccoli,broccoli,False,13,77,0.098440982401371,386.6446,155.2412,405.9902,176.1559,0.1515618860721588,False,True
coco:92660:56:2376,coco,92660,000000092660.jpg,56,broccoli,broccoli,False,13,78,0.098323293030262,384.8196,232.1194,449.5665,303.6668,0.0530652776360511,False,True
coco:92660:56:2376,coco,92660,000000092660.jpg,56,broccoli,broccoli,False,13,79,0.0975484997034072,305.3451,139.7039,364.4932,174.3725,0.0442310571670532,False,True
coco:92660:56:2376,coco,92660,000000092660.jpg,56,broccoli,broccoli,False,13,80,0.0970618054270744,385.0129,220.3596,413.6947,240.2433,0.0805042088031768,False,True
coco:92660:56:2376,coco,92660,000000092660.jpg,56,broccoli,broccoli,False,13,81,0.0963992998003959,383.7812,244.1707,421.7106,285.9795,0.0466377176344394,False,True
coco:92660:56:2376,coco,92660,000000092660.jpg,56,broccoli,broccoli,False,13,82,0.0962937548756599,418.7909,289.0631,452.6198,312.2034,0.0,False,True
coco:92660:56:2376,coco,92660,000000092660.jpg,56,broccoli,broccoli,False,13,83,0.096251830458641,255.2054,195.6909,286.6631,223.1239,0.1275314837694168,False,True
coco:92660:56:2376,coco,92660,000000092660.jpg,56,broccoli,broccoli,False,13,84,0.095976784825325,385.9702,199.3078,413.7011,238.3354,0.1994803845882415,False,True
coco:92660:56:2376,coco,92660,000000092660.jpg,56,broccoli,broccoli,False,13,85,0.0958028063178062,470.9447,229.4472,500.6155,267.5222,0.2136402875185012,False,True
coco:92660:56:2376,coco,92660,000000092660.jpg,56,broccoli,broccoli,False,13,86,0.0949588641524314,334.1797,231.7658,381.9051,259.3728,0.0166341010481119,False,True
coco:92660:56:2376,coco,92660,000000092660.jpg,56,broccoli,broccoli,False,13,87,0.0947583988308906,359.7333,181.537,429.1473,226.2311,0.5946139693260193,True,False
coco:92660:56:2376,coco,92660,000000092660.jpg,56,broccoli,broccoli,False,13,88,0.0934450328350067,450.0128,192.2613,498.1378,232.0978,0.5857568383216858,True,False
coco:92660:56:2376,coco,92660,000000092660.jpg,56,broccoli,broccoli,False,13,89,0.0933339372277259,387.6066,266.1873,428.218,310.9974,0.0558096729218959,False,True
coco:92660:56:2376,coco,92660,000000092660.jpg,56,broccoli,broccoli,False,13,90,0.0921110808849334,137.2116,195.3235,158.6028,210.6574,0.0,False,True
coco:92660:56:2376,coco,92660,000000092660.jpg,56,broccoli,broccoli,False,13,91,0.0899089947342872,431.4688,289.4771,452.6277,313.2198,0.0,False,True
coco:92660:56:2376,coco,92660,000000092660.jpg,56,broccoli,broccoli,False,13,92,0.0898324325680732,385.6796,131.056,412.0544,151.7934,0.0,False,True
coco:92660:56:2376,coco,92660,000000092660.jpg,56,broccoli,broccoli,False,13,93,0.0890018716454505,100.0107,170.3539,122.7467,189.6627,0.0,False,True
coco:92660:56:2376,coco,92660,000000092660.jpg,56,broccoli,broccoli,False,13,94,0.0881537720561027,305.5202,256.8618,343.0622,299.2395,0.2159077525138855,False,True
coco:92660:56:2376,coco,92660,000000092660.jpg,56,broccoli,broccoli,False,13,95,0.0881239175796508,305.0568,257.3856,346.9586,333.1963,0.4404316544532776,False,True
coco:92660:56:2376,coco,92660,000000092660.jpg,56,broccoli,broccoli,False,13,96,0.0879381299018859,411.9943,174.3795,451.2903,200.9734,0.3111139833927154,False,True
coco:92660:56:2376,coco,92660,000000092660.jpg,56,broccoli,broccoli,False,13,97,0.0878920331597328,391.0703,281.0634,451.9372,313.1313,0.0252988971769809,False,True
coco:92660:56:2376,coco,92660,000000092660.jpg,56,broccoli,broccoli,False,13,98,0.0878578573465347,159.6811,176.0721,181.6562,188.4127,0.0,False,True
coco:92660:56:2376,coco,92660,000000092660.jpg,56,broccoli,broccoli,False,13,99,0.0873006954789161,427.2276,262.2942,458.7073,293.7075,0.0,False,True
coco:92660:56:2376,coco,92660,000000092660.jpg,56,broccoli,broccoli,False,13,100,0.0844467133283615,386.2423,114.2422,446.1805,138.4841,0.1569076180458068,False,True
coco:92660:56:2376,coco,92660,000000092660.jpg,56,broccoli,broccoli,False,13,101,0.0843140184879303,444.4818,207.8083,473.9026,237.7681,0.1148886233568191,False,True
coco:92660:56:2376,coco,92660,000000092660.jpg,56,broccoli,broccoli,False,13,102,0.0826043710112571,319.6448,166.6929,343.2884,195.5743,0.011589610017836,False,True
coco:92660:56:2376,coco,92660,000000092660.jpg,56,broccoli,broccoli,False,13,103,0.0825865566730499,493.2906,233.2928,543.4901,281.8693,0.4840209484100342,False,True
coco:92660:56:2376,coco,92660,000000092660.jpg,56,broccoli,broccoli,False,13,104,0.0818275213241577,537.9829,233.1698,572.91,268.6062,0.279755175113678,False,True
coco:92660:56:2376,coco,92660,000000092660.jpg,56,broccoli,broccoli,False,13,105,0.0814208760857582,327.3633,171.6733,404.0617,226.1507,0.5216397047042847,True,False
coco:92660:56:2376,coco,92660,000000092660.jpg,56,broccoli,broccoli,False,13,106,0.0808047652244567,284.1704,139.8995,364.443,195.6651,0.0630472153425216,False,True
coco:92660:56:2376,coco,92660,000000092660.jpg,56,broccoli,broccoli,False,13,107,0.0804651901125907,567.7579,203.0153,597.4216,227.7567,0.2727398872375488,False,True
coco:92660:56:2376,coco,92660,000000092660.jpg,56,broccoli,broccoli,False,13,108,0.0800540596246719,539.5778,216.5888,595.3307,260.1228,0.3143923878669739,False,True
coco:92660:56:2376,coco,92660,000000092660.jpg,56,broccoli,broccoli,False,13,109,0.0798608660697937,427.3331,175.6893,497.3272,223.5083,0.4088289737701416,False,True
coco:92660:56:2376,coco,92660,000000092660.jpg,56,broccoli,broccoli,False,13,110,0.0798296555876731,129.2388,172.7195,151.5729,186.8357,0.0,False,True
coco:92660:56:2376,coco,92660,000000092660.jpg,56,broccoli,broccoli,False,13,111,0.0780123397707939,421.6875,233.6111,488.7225,293.2913,0.1232847198843956,False,True
coco:92660:56:2376,coco,92660,000000092660.jpg,56,broccoli,broccoli,False,13,112,0.0779924169182777,392.4192,261.7888,422.2258,286.8639,0.0182314198464155,False,True
coco:92660:56:2376,coco,92660,000000092660.jpg,56,broccoli,broccoli,False,13,113,0.0776872038841247,444.7953,219.7982,466.8231,237.8154,0.0086371144279837,False,True
coco:92660:56:2376,coco,92660,000000092660.jpg,56,broccoli,broccoli,False,13,114,0.0766999423503875,427.6465,164.7198,493.2269,204.6511,0.5097031593322754,True,False
coco:92660:56:2376,coco,92660,000000092660.jpg,56,broccoli,broccoli,False,13,115,0.0766841024160385,411.5909,174.2336,430.7963,188.3902,0.0263131689280271,False,True
coco:92660:56:2376,coco,92660,000000092660.jpg,56,broccoli,broccoli,False,13,116,0.0762868970632553,248.2796,217.0655,298.1138,252.3836,0.2621698975563049,False,True
coco:92660:56:2376,coco,92660,000000092660.jpg,56,broccoli,broccoli,False,13,117,0.0754038542509079,498.4453,162.0742,521.8206,187.1634,0.1478041857481002,False,True
coco:92660:56:2376,coco,92660,000000092660.jpg,56,broccoli,broccoli,False,13,118,0.0752673149108886,503.5086,159.3937,563.2283,208.1378,0.0913967341184616,False,True
coco:92660:56:2376,coco,92660,000000092660.jpg,56,broccoli,broccoli,False,13,119,0.0726628899574279,375.0086,136.6602,404.2215,156.9389,0.0,False,True
coco:92660:56:2376,coco,92660,000000092660.jpg,56,broccoli,broccoli,False,13,120,0.0726474523544311,492.6717,143.1309,553.847,184.4843,0.1709602624177932,False,True
coco:92660:56:2376,coco,92660,000000092660.jpg,56,broccoli,broccoli,False,13,121,0.0719327628612518,273.0074,274.5787,314.3958,327.1996,0.0549981817603111,False,True
coco:92660:56:2376,coco,92660,000000092660.jpg,56,broccoli,broccoli,False,13,122,0.0689127221703529,284.7724,156.5009,369.7117,212.9832,0.121160551905632,False,True
coco:92660:56:2376,coco,92660,000000092660.jpg,56,broccoli,broccoli,False,13,123,0.0687347427010536,437.2751,158.28,463.6882,179.2697,0.0517178475856781,False,True
coco:92660:56:2376,coco,92660,000000092660.jpg,56,broccoli,broccoli,False,13,124,0.0682716369628906,426.4901,243.744,495.9799,295.588,0.1672416925430297,False,True
coco:92660:56:2376,coco,92660,000000092660.jpg,56,broccoli,broccoli,False,13,125,0.0673861876130104,305.8705,240.6856,398.3084,299.5143,0.4309821724891662,False,True
coco:92660:56:2376,coco,92660,000000092660.jpg,56,broccoli,broccoli,False,13,126,0.0672186017036438,174.488,212.2037,217.487,231.3985,0.0,False,True
coco:92660:56:2376,coco,92660,000000092660.jpg,56,broccoli,broccoli,False,13,127,0.0671047940850257,518.8634,261.4377,543.4862,283.263,0.1066684946417808,False,True
coco:92660:56:2376,coco,92660,000000092660.jpg,56,broccoli,broccoli,False,13,128,0.0663305222988128,428.7515,191.6562,597.3011,295.9306,0.2836204469203949,False,True
coco:92660:56:2376,coco,92660,000000092660.jpg,56,broccoli,broccoli,False,13,129,0.0662454441189765,476.6202,143.2465,562.2027,207.7448,0.1665436327457428,False,True
coco:92660:56:2376,coco,92660,000000092660.jpg,56,broccoli,broccoli,False,13,130,0.0659916624426841,553.3287,203.1105,597.0789,233.0885,0.4873939752578735,False,True
coco:92660:56:2376,coco,92660,000000092660.jpg,56,broccoli,broccoli,False,13,131,0.0658898800611496,210.4351,185.4249,225.9812,202.1652,0.0,False,True
coco:92660:56:2376,coco,92660,000000092660.jpg,56,broccoli,broccoli,False,13,132,0.0654153525829315,64.3891,256.7038,110.5203,277.2722,0.0,False,True
coco:92660:56:2376,coco,92660,000000092660.jpg,56,broccoli,broccoli,False,13,133,0.0647696480154991,430.1077,157.3403,458.0559,178.3292,0.0392088890075683,False,True
coco:92660:56:2376,coco,92660,000000092660.jpg,56,broccoli,broccoli,False,13,134,0.0646765008568763,70.6728,179.3251,96.4084,199.3851,0.0,False,True
coco:92660:56:2376,coco,92660,000000092660.jpg,56,broccoli,broccoli,False,13,135,0.0646620541810989,158.7395,210.8354,217.6608,247.9013,0.0,False,True
coco:92660:56:2376,coco,92660,000000092660.jpg,56,broccoli,broccoli,False,13,136,0.0643864646553993,370.7212,154.1575,402.8915,175.6591,0.2342375665903091,False,True
coco:92660:56:2376,coco,92660,000000092660.jpg,56,broccoli,broccoli,False,13,137,0.063644029200077,387.9319,197.3462,406.301,226.2716,0.1125897169113159,False,True
coco:92660:56:2376,coco,92660,000000092660.jpg,56,broccoli,broccoli,False,13,138,0.0634899660944938,321.6828,232.6216,381.9686,272.0954,0.0916580334305763,False,True
coco:92660:56:2376,coco,92660,000000092660.jpg,56,broccoli,broccoli,False,13,139,0.0620017535984516,418.551,290.7841,435.9565,307.2648,0.0,False,True
coco:92660:56:2376,coco,92660,000000092660.jpg,56,broccoli,broccoli,False,13,140,0.0619576722383499,386.976,181.4923,429.655,222.5312,0.3176879286766052,False,True
coco:92660:56:2376,coco,92660,000000092660.jpg,56,broccoli,broccoli,False,13,141,0.0613389946520328,212.2256,155.2046,244.3982,182.1634,0.0,False,True
coco:92660:56:2376,coco,92660,000000092660.jpg,56,broccoli,broccoli,False,13,142,0.0610991604626178,457.4622,149.4529,490.516,172.6232,0.2472563087940216,False,True
coco:92660:56:2376,coco,92660,000000092660.jpg,56,broccoli,broccoli,False,13,143,0.0600297562777996,289.3744,120.1381,563.1457,230.3778,0.1443136185407638,False,True
coco:92660:56:2376,coco,92660,000000092660.jpg,56,broccoli,broccoli,False,13,144,0.0599068105220794,200.4936,196.0885,332.7134,316.1328,0.4046378135681152,False,True
coco:92660:56:2376,coco,92660,000000092660.jpg,56,broccoli,broccoli,False,13,145,0.0594561360776424,243.0218,180.6533,272.4149,195.6201,0.0,False,True
coco:92660:56:2376,coco,92660,000000092660.jpg,56,broccoli,broccoli,False,13,146,0.0592870153486728,369.1364,167.9476,428.9116,223.4599,0.4494245052337646,False,True
coco:92660:56:2376,coco,92660,000000092660.jpg,56,broccoli,broccoli,False,13,147,0.0587037354707717,109.619,202.5606,146.5926,239.1547,0.0,False,True
coco:92660:56:2376,coco,92660,000000092660.jpg,56,broccoli,broccoli,False,13,148,0.0585550516843795,102.0052,223.7979,156.3255,256.5747,0.0,False,True
coco:92660:56:2376,coco,92660,000000092660.jpg,56,broccoli,broccoli,False,13,149,0.0581947453320026,364.7314,135.8438,445.2999,179.1217,0.210452452301979,False,True
coco:92660:56:2376,coco,92660,000000092660.jpg,56,broccoli,broccoli,False,13,150,0.0578315556049346,158.5426,210.638,192.7167,245.5717,0.0,False,True
coco:92660:56:2376,coco,92660,000000092660.jpg,56,broccoli,broccoli,False,13,151,0.057418804615736,199.4818,257.779,220.0421,278.994,0.0621993653476238,False,True
coco:92660:56:2376,coco,92660,000000092660.jpg,56,broccoli,broccoli,False,13,152,0.0570978932082653,418.8245,263.3412,459.446,308.4409,0.0,False,True
coco:92660:56:2376,coco,92660,000000092660.jpg,56,broccoli,broccoli,False,13,153,0.0570800602436065,353.1928,216.7337,381.9293,255.3305,0.0936419516801834,False,True
coco:92660:56:2376,coco,92660,000000092660.jpg,56,broccoli,broccoli,False,13,154,0.0566117018461227,464.0887,192.3673,572.4075,268.4271,0.4502389430999756,False,True
coco:92660:56:2376,coco,92660,000000092660.jpg,56,broccoli,broccoli,False,13,155,0.0564886443316936,446.8207,146.0739,473.1532,167.0607,0.0062731988728046,False,True
coco:92660:56:2376,coco,92660,000000092660.jpg,56,broccoli,broccoli,False,13,156,0.0561114698648452,142.2185,221.3525,225.9254,282.1362,0.0734935328364372,False,True
coco:92660:56:2376,coco,92660,000000092660.jpg,56,broccoli,broccoli,False,13,157,0.0561071932315826,447.8988,138.8626,495.1745,180.9577,0.2151335477828979,False,True
coco:92660:56:2376,coco,92660,000000092660.jpg,56,broccoli,broccoli,False,13,158,0.0558371022343635,355.2058,233.7191,429.6563,308.3589,0.2028897106647491,False,True
coco:92660:56:2376,coco,92660,000000092660.jpg,56,broccoli,broccoli,False,13,159,0.0555198267102241,186.2901,158.5451,207.0426,181.2467,0.0,False,True
coco:92660:56:2376,coco,92660,000000092660.jpg,56,broccoli,broccoli,False,13,160,0.0551856495440006,475.0484,208.6624,499.5529,231.9424,0.1970981955528259,False,True
coco:92660:56:2376,coco,92660,000000092660.jpg,56,broccoli,broccoli,False,13,161,0.0544025674462318,325.9062,137.2612,404.3464,175.5651,0.1950369924306869,False,True
coco:92660:56:2376,coco,92660,000000092660.jpg,56,broccoli,broccoli,False,13,162,0.0538382306694984,440.2439,149.7251,466.0836,177.5726,0.0238546580076217,False,True
coco:92660:56:2376,coco,92660,000000092660.jpg,56,broccoli,broccoli,False,13,163,0.0535888522863388,101.4844,239.6293,141.6517,256.6422,0.0,False,True
coco:92660:56:2376,coco,92660,000000092660.jpg,56,broccoli,broccoli,False,13,164,0.0534093789756298,448.9431,145.4774,474.1952,161.1493,0.0155574493110179,False,True
coco:92660:56:2376,coco,92660,000000092660.jpg,56,broccoli,broccoli,False,13,165,0.0533518493175506,464.715,137.1408,486.9548,151.052,0.0550047494471073,False,True
coco:92660:56:2376,coco,92660,000000092660.jpg,56,broccoli,broccoli,False,13,166,0.0527875125408172,418.7909,251.4255,460.1021,293.6202,0.0,False,True
coco:92660:56:2376,coco,92660,000000092660.jpg,56,broccoli,broccoli,False,13,167,0.0527519732713699,404.0479,191.1253,496.9659,237.2166,0.2734174430370331,False,True
coco:92660:56:2376,coco,92660,000000092660.jpg,56,broccoli,broccoli,False,13,168,0.0525102391839027,209.6561,185.343,233.3304,216.7482,0.0,False,True
coco:92660:56:2376,coco,92660,000000092660.jpg,56,broccoli,broccoli,False,13,169,0.0522738136351108,471.2585,229.1984,514.3607,265.9145,0.3061089217662811,False,True
coco:92660:56:2376,coco,92660,000000092660.jpg,56,broccoli,broccoli,False,13,170,0.0517152957618236,361.3121,188.0972,469.0171,237.4368,0.4123558402061462,False,True
coco:92660:56:2376,coco,92660,000000092660.jpg,56,broccoli,broccoli,False,13,171,0.0509175509214401,44.2612,122.8046,350.5351,280.9652,0.1358514279127121,False,True
coco:92660:56:2376,coco,92660,000000092660.jpg,56,broccoli,broccoli,False,13,172,0.0507537052035331,227.0849,226.9967,315.819,275.7256,0.4001660346984863,False,True
coco:92660:77:2377,coco,92660,000000092660.jpg,77,cell phone,cell phone,True,0,0,0.1811024248600006,445.2563,63.6498,479.0723,76.8597,0.0,False,True
coco:92660:77:2377,coco,92660,000000092660.jpg,77,cell phone,cell phone,True,0,1,0.1709898859262466,24.5014,115.3207,628.808,358.6058,0.0,False,True
coco:92660:77:2377,coco,92660,000000092660.jpg,77,cell phone,cell phone,True,0,2,0.0878279060125351,276.2393,50.5169,292.6522,68.7603,0.0,False,True
coco:92660:77:2377,coco,92660,000000092660.jpg,77,cell phone,cell phone,True,0,3,0.0738406032323837,399.1251,50.7734,420.2062,69.9034,0.0,False,True
coco:92660:77:2377,coco,92660,000000092660.jpg,77,cell phone,cell phone,True,0,4,0.0721141621470451,0.5098,0.179,87.2337,159.16,0.0,False,True
coco:92660:77:2377,coco,92660,000000092660.jpg,77,cell phone,cell phone,True,0,5,0.0503483638167381,420.5743,0.0215,480.3065,7.9304,0.0,False,True
coco:92660:75:2378,coco,92660,000000092660.jpg,75,remote,remote,True,0,0,0.2125052213668823,24.3816,116.253,628.3983,357.9071,0.0,False,True
coco:92660:75:2378,coco,92660,000000092660.jpg,75,remote,remote,True,0,1,0.081043854355812,445.418,63.6423,478.9523,76.6052,0.0,False,True
coco:92660:75:2378,coco,92660,000000092660.jpg,75,remote,remote,True,0,2,0.0586859695613384,298.3001,72.4996,547.8755,131.2825,0.0,False,True
coco:92660:75:2378,coco,92660,000000092660.jpg,75,remote,remote,True,0,3,0.051362257450819,190.468,15.339,279.4814,113.2194,0.0,False,True
coco:93965:24:2400,coco,93965,000000093965.jpg,24,zebra,zebra,False,2,0,0.8188642263412476,56.6983,96.5785,429.3701,423.8315,0.9866328239440918,True,False
coco:93965:24:2400,coco,93965,000000093965.jpg,24,zebra,zebra,False,2,1,0.7296865582466125,420.8395,46.1394,550.8033,220.4281,0.97296404838562,True,False
coco:93965:24:2400,coco,93965,000000093965.jpg,24,zebra,zebra,False,2,2,0.0639863908290863,54.7589,44.4964,551.4342,424.7782,0.6495278477668762,True,False
coco:93965:24:2400,coco,93965,000000093965.jpg,24,zebra,zebra,False,2,3,0.0571100525557994,466.7408,132.9407,520.1693,196.0356,0.1479515433311462,False,True
coco:93965:19:2401,coco,93965,000000093965.jpg,19,horse,horse,True,0,0,0.7779121398925781,56.756,96.5316,429.4764,423.8991,0.0,False,True
coco:93965:19:2401,coco,93965,000000093965.jpg,19,horse,horse,True,0,1,0.3744192123413086,421.0563,46.2428,550.727,220.2641,0.0,False,True
coco:93965:19:2401,coco,93965,000000093965.jpg,19,horse,horse,True,0,2,0.0754707902669906,467.3596,132.9727,520.4305,195.7584,0.0,False,True
coco:93965:50:2402,coco,93965,000000093965.jpg,50,spoon,spoon,True,0,0,0.215407520532608,106.2649,400.094,147.6616,424.636,0.0,False,True
coco:93965:50:2402,coco,93965,000000093965.jpg,50,spoon,spoon,True,0,1,0.1797562390565872,57.1523,97.1846,429.6009,423.9852,0.0,False,True
coco:93965:50:2402,coco,93965,000000093965.jpg,50,spoon,spoon,True,0,2,0.140236034989357,106.2786,402.2035,125.7071,422.651,0.0,False,True
coco:93965:50:2402,coco,93965,000000093965.jpg,50,spoon,spoon,True,0,3,0.1248515844345092,421.01,46.8994,551.0527,219.9385,0.0,False,True
coco:93965:50:2402,coco,93965,000000093965.jpg,50,spoon,spoon,True,0,4,0.0993991866707801,125.6237,400.2947,147.6516,423.8089,0.0,False,True
coco:95843:6:2442,coco,95843,000000095843.jpg,6,bus,bus,False,1,0,0.94455087184906,127.2594,63.2831,569.9829,393.391,0.9769140481948853,True,False
coco:95843:62:2443,coco,95843,000000095843.jpg,62,chair,chair,True,0,0,0.2143734544515609,460.2419,273.4307,485.0325,307.485,0.0,False,True
coco:95843:62:2443,coco,95843,000000095843.jpg,62,chair,chair,True,0,1,0.2080089598894119,421.6042,281.4522,462.6602,327.9706,0.0,False,True
coco:95843:62:2443,coco,95843,000000095843.jpg,62,chair,chair,True,0,2,0.1994930952787399,360.9839,240.3639,395.7598,281.1523,0.0,False,True
coco:95843:62:2443,coco,95843,000000095843.jpg,62,chair,chair,True,0,3,0.1757132858037948,387.0043,258.8784,407.0423,296.0513,0.0,False,True
coco:95843:62:2443,coco,95843,000000095843.jpg,62,chair,chair,True,0,4,0.15529166162014,362.4472,240.2344,396.4148,268.3213,0.0,False,True
coco:95843:62:2443,coco,95843,000000095843.jpg,62,chair,chair,True,0,5,0.1528928875923156,459.8047,273.2076,502.2751,320.7163,0.0,False,True
coco:95843:62:2443,coco,95843,000000095843.jpg,62,chair,chair,True,0,6,0.143822506070137,242.4697,249.8648,269.972,277.6867,0.0,False,True
coco:95843:62:2443,coco,95843,000000095843.jpg,62,chair,chair,True,0,7,0.1404069513082504,421.4882,282.152,440.0426,326.9969,0.0,False,True
coco:95843:62:2443,coco,95843,000000095843.jpg,62,chair,chair,True,0,8,0.1354935020208358,148.5791,244.8953,167.1773,264.3745,0.0,False,True
coco:95843:62:2443,coco,95843,000000095843.jpg,62,chair,chair,True,0,9,0.1329148858785629,174.1476,241.2955,208.5124,270.2398,0.0,False,True
coco:95843:62:2443,coco,95843,000000095843.jpg,62,chair,chair,True,0,10,0.1302316039800644,129.09,64.179,572.8419,393.2259,0.0,False,True
coco:95843:62:2443,coco,95843,000000095843.jpg,62,chair,chair,True,0,11,0.1300365477800369,208.9407,244.6908,239.7607,274.2161,0.0,False,True
coco:95843:62:2443,coco,95843,000000095843.jpg,62,chair,chair,True,0,12,0.1212330609560012,359.8753,241.491,383.2666,280.5956,0.0,False,True
coco:95843:62:2443,coco,95843,000000095843.jpg,62,chair,chair,True,0,13,0.120285540819168,460.6038,271.126,501.2182,307.7867,0.0,False,True
coco:95843:62:2443,coco,95843,000000095843.jpg,62,chair,chair,True,0,14,0.1126014739274978,208.0368,233.5609,240.0319,273.6907,0.0,False,True
coco:95843:62:2443,coco,95843,000000095843.jpg,62,chair,chair,True,0,15,0.1051631197333335,173.6035,247.9781,195.6295,268.8148,0.0,False,True
coco:95843:62:2443,coco,95843,000000095843.jpg,62,chair,chair,True,0,16,0.10346270352602,147.8307,235.7655,175.5824,265.5089,0.0,False,True
coco:95843:62:2443,coco,95843,000000095843.jpg,62,chair,chair,True,0,17,0.1026960313320159,421.6721,271.8283,482.5245,327.6232,0.0,False,True
coco:95843:62:2443,coco,95843,000000095843.jpg,62,chair,chair,True,0,18,0.0999483168125152,277.6646,256.9882,306.2725,281.7975,0.0,False,True
coco:95843:62:2443,coco,95843,000000095843.jpg,62,chair,chair,True,0,19,0.0971317514777183,361.4741,241.276,383.1246,266.7054,0.0,False,True
coco:95843:62:2443,coco,95843,000000095843.jpg,62,chair,chair,True,0,20,0.0926369056105613,422.8744,280.9162,463.5198,308.9734,0.0,False,True
coco:95843:62:2443,coco,95843,000000095843.jpg,62,chair,chair,True,0,21,0.0890432521700859,144.1044,242.8254,174.1701,265.5138,0.0,False,True
coco:95843:62:2443,coco,95843,000000095843.jpg,62,chair,chair,True,0,22,0.0870982855558395,377.6596,240.2134,397.3083,263.9479,0.0,False,True
coco:95843:62:2443,coco,95843,000000095843.jpg,62,chair,chair,True,0,23,0.0850325673818588,210.7569,254.6629,233.0966,273.8911,0.0,False,True
coco:95843:62:2443,coco,95843,000000095843.jpg,62,chair,chair,True,0,24,0.0837024599313736,443.52,284.173,468.1266,327.1871,0.0,False,True
coco:95843:62:2443,coco,95843,000000095843.jpg,62,chair,chair,True,0,25,0.0808411091566085,446.2582,283.7325,468.9169,310.4567,0.0,False,True
coco:95843:62:2443,coco,95843,000000095843.jpg,62,chair,chair,True,0,26,0.0777078121900558,239.0175,225.5277,273.1346,277.5209,0.0,False,True
coco:95843:62:2443,coco,95843,000000095843.jpg,62,chair,chair,True,0,27,0.0773830115795135,462.0058,273.0278,482.8397,288.0394,0.0,False,True
coco:95843:62:2443,coco,95843,000000095843.jpg,62,chair,chair,True,0,28,0.076837807893753,422.6162,282.0049,439.6359,307.3765,0.0,False,True
coco:95843:62:2443,coco,95843,000000095843.jpg,62,chair,chair,True,0,29,0.0746750459074974,162.6981,245.175,175.1538,265.7025,0.0,False,True
coco:95843:62:2443,coco,95843,000000095843.jpg,62,chair,chair,True,0,30,0.0729882344603538,359.634,232.8237,408.2825,283.4982,0.0,False,True
coco:95843:62:2443,coco,95843,000000095843.jpg,62,chair,chair,True,0,31,0.0721051394939422,141.0802,241.4971,151.4397,261.1608,0.0,False,True
coco:95843:62:2443,coco,95843,000000095843.jpg,62,chair,chair,True,0,32,0.0696827992796897,446.4582,284.3437,464.4919,305.7271,0.0,False,True
coco:95843:62:2443,coco,95843,000000095843.jpg,62,chair,chair,True,0,33,0.0677798688411712,380.5359,247.4801,397.2639,266.4613,0.0,False,True
coco:95843:62:2443,coco,95843,000000095843.jpg,62,chair,chair,True,0,34,0.0672474429011344,458.6923,283.32,473.5809,306.9399,0.0,False,True
coco:95843:62:2443,coco,95843,000000095843.jpg,62,chair,chair,True,0,35,0.0646064132452011,446.0903,283.2245,480.4275,324.4834,0.0,False,True
coco:95843:62:2443,coco,95843,000000095843.jpg,62,chair,chair,True,0,36,0.0619787834584713,380.679,258.8505,407.8952,320.9797,0.0,False,True
coco:95843:62:2443,coco,95843,000000095843.jpg,62,chair,chair,True,0,37,0.0614462457597255,349.657,242.484,382.5489,282.098,0.0,False,True
coco:95843:62:2443,coco,95843,000000095843.jpg,62,chair,chair,True,0,38,0.0579691044986248,237.7698,240.094,271.7589,277.6576,0.0,False,True
coco:95843:62:2443,coco,95843,000000095843.jpg,62,chair,chair,True,0,39,0.0570481047034263,359.6677,252.5863,382.1124,280.9842,0.0,False,True
coco:95843:62:2443,coco,95843,000000095843.jpg,62,chair,chair,True,0,40,0.0568459033966064,190.3755,246.3149,208.1708,270.4641,0.0,False,True
coco:95843:62:2443,coco,95843,000000095843.jpg,62,chair,chair,True,0,41,0.0562532134354114,268.9077,254.711,281.9448,278.9824,0.0,False,True
coco:95843:62:2443,coco,95843,000000095843.jpg,62,chair,chair,True,0,42,0.0558745078742504,422.6661,272.8693,482.6918,307.8646,0.0,False,True
coco:95843:62:2443,coco,95843,000000095843.jpg,62,chair,chair,True,0,43,0.0547009967267513,421.235,271.6433,462.3385,308.3089,0.0,False,True
coco:95843:62:2443,coco,95843,000000095843.jpg,62,chair,chair,True,0,44,0.0518238507211208,420.3295,273.7415,445.5451,307.0671,0.0,False,True
coco:95843:62:2443,coco,95843,000000095843.jpg,62,chair,chair,True,0,45,0.051148097962141,398.0153,281.4907,440.0999,328.924,0.0,False,True
coco:95843:14:2444,coco,95843,000000095843.jpg,14,parking meter,parking meter,True,0,0,0.0749449655413627,127.9784,63.5913,571.8057,393.334,0.0,False,True
coco:95899:13:2448,coco,95899,000000095899.jpg,13,stop sign,stop sign,False,1,0,0.8233729600906372,22.5723,77.1222,283.8119,313.4772,0.9712268710136414,True,False
coco:95899:13:2448,coco,95899,000000095899.jpg,13,stop sign,stop sign,False,1,1,0.1100891008973121,257.1607,214.8881,609.1806,368.1441,0.0231053158640861,False,True
coco:95899:36:2449,coco,95899,000000095899.jpg,36,snowboard,snowboard,True,0,0,0.2531831860542297,257.3405,214.811,608.9678,367.5226,0.0,False,True
coco:95899:36:2449,coco,95899,000000095899.jpg,36,snowboard,snowboard,True,0,1,0.2225072085857391,22.5942,77.1595,283.9009,312.8933,0.0,False,True
coco:95899:36:2449,coco,95899,000000095899.jpg,36,snowboard,snowboard,True,0,2,0.0651158615946769,281.6112,-0.0681,578.5548,218.9955,0.0,False,True
coco:95899:36:2449,coco,95899,000000095899.jpg,36,snowboard,snowboard,True,0,3,0.0555467084050178,2.0702,-0.4592,636.9903,479.5003,0.0,False,True
coco:95899:36:2449,coco,95899,000000095899.jpg,36,snowboard,snowboard,True,0,4,0.0527617000043392,262.4374,0.2951,592.9542,478.7012,0.0,False,True
coco:95899:58:2450,coco,95899,000000095899.jpg,58,hot dog,hot dog,True,0,0,0.1503395140171051,22.7905,77.29,283.8831,312.8663,0.0,False,True
coco:95899:58:2450,coco,95899,000000095899.jpg,58,hot dog,hot dog,True,0,1,0.1032100468873977,257.8976,214.8796,608.3246,368.1644,0.0,False,True
coco:96001:28:2451,coco,96001,000000096001.jpg,28,umbrella,umbrella,False,1,0,0.2937600314617157,0.2853,194.8737,639.429,379.7788,0.9846109747886658,True,False
coco:96001:28:2451,coco,96001,000000096001.jpg,28,umbrella,umbrella,False,1,1,0.1034292206168174,44.6375,58.7899,183.7631,155.865,0.0,False,True
coco:96001:28:2451,coco,96001,000000096001.jpg,28,umbrella,umbrella,False,1,2,0.0832628235220909,233.4897,118.4315,308.1373,193.1165,0.0,False,True
coco:96001:28:2451,coco,96001,000000096001.jpg,28,umbrella,umbrella,False,1,3,0.0644867122173309,299.0136,0.2198,586.2885,182.9312,0.0,False,True
coco:96001:28:2451,coco,96001,000000096001.jpg,28,umbrella,umbrella,False,1,4,0.0636971890926361,228.235,3.4906,296.1214,65.1226,0.0,False,True
coco:96001:28:2451,coco,96001,000000096001.jpg,28,umbrella,umbrella,False,1,5,0.0626127496361732,1.1522,0.9977,638.5498,383.2799,0.4759461283683777,False,True
coco:96001:28:2451,coco,96001,000000096001.jpg,28,umbrella,umbrella,False,1,6,0.0558718182146549,407.0213,268.4415,639.1146,379.2387,0.2186401039361953,False,True
coco:96001:28:2451,coco,96001,000000096001.jpg,28,umbrella,umbrella,False,1,7,0.0535226054489612,407.3766,268.7428,576.2837,332.7738,0.0926982834935188,False,True
coco:96001:86:2452,coco,96001,000000096001.jpg,86,vase,vase,True,0,0,0.2134019583463668,44.6542,58.7502,183.8406,155.9856,0.0,False,True
coco:96001:86:2452,coco,96001,000000096001.jpg,86,vase,vase,True,0,1,0.2126465290784835,233.3237,118.2266,308.1945,193.0318,0.0,False,True
coco:96001:86:2452,coco,96001,000000096001.jpg,86,vase,vase,True,0,2,0.2050709128379821,405.0005,112.8079,512.1466,265.0615,0.0,False,True
coco:96001:86:2452,coco,96001,000000096001.jpg,86,vase,vase,True,0,3,0.1897044032812118,72.7344,0.1825,118.8279,63.6479,0.0,False,True
coco:96001:86:2452,coco,96001,000000096001.jpg,86,vase,vase,True,0,4,0.148019254207611,228.2538,3.6069,296.1075,65.0267,0.0,False,True
coco:96001:86:2452,coco,96001,000000096001.jpg,86,vase,vase,True,0,5,0.1350733339786529,291.354,0.1524,362.0562,39.6835,0.0,False,True
coco:96001:86:2452,coco,96001,000000096001.jpg,86,vase,vase,True,0,6,0.1244965866208076,124.5261,20.1555,166.4096,60.8044,0.0,False,True
coco:96001:86:2452,coco,96001,000000096001.jpg,86,vase,vase,True,0,7,0.0954316556453704,0.0541,194.9829,639.978,379.9202,0.0,False,True
coco:96001:86:2452,coco,96001,000000096001.jpg,86,vase,vase,True,0,8,0.0904630571603775,151.0545,0.1835,235.8614,53.8427,0.0,False,True
coco:96001:86:2452,coco,96001,000000096001.jpg,86,vase,vase,True,0,9,0.0903447568416595,292.1899,6.076,337.6136,39.2966,0.0,False,True
coco:96001:86:2452,coco,96001,000000096001.jpg,86,vase,vase,True,0,10,0.0834097415208816,411.277,160.6486,511.7952,264.8222,0.0,False,True
coco:96001:86:2452,coco,96001,000000096001.jpg,86,vase,vase,True,0,11,0.0733978897333145,298.5218,0.2992,586.0705,182.2347,0.0,False,True
coco:96001:86:2452,coco,96001,000000096001.jpg,86,vase,vase,True,0,12,0.0705539509654045,0.2586,0.11,51.1044,51.1306,0.0,False,True
coco:96001:86:2452,coco,96001,000000096001.jpg,86,vase,vase,True,0,13,0.0660238340497016,391.2943,37.9415,430.9631,97.0954,0.0,False,True
coco:96001:86:2452,coco,96001,000000096001.jpg,86,vase,vase,True,0,14,0.0553862191736698,586.5643,50.7556,639.5617,104.8832,0.0,False,True
coco:96001:86:2452,coco,96001,000000096001.jpg,86,vase,vase,True,0,15,0.0511536113917827,111.4076,180.1257,257.3483,248.2709,0.0,False,True
coco:96001:24:2453,coco,96001,000000096001.jpg,24,zebra,zebra,True,0,0,0.1702239215373993,404.6182,112.3789,511.9303,264.9953,0.0,False,True
coco:96001:24:2453,coco,96001,000000096001.jpg,24,zebra,zebra,True,0,1,0.1366588324308395,0.3571,194.4699,639.4468,380.1906,0.0,False,True
coco:96001:24:2453,coco,96001,000000096001.jpg,24,zebra,zebra,True,0,2,0.0923622399568557,44.803,58.8484,183.642,155.7846,0.0,False,True
coco:96001:24:2453,coco,96001,000000096001.jpg,24,zebra,zebra,True,0,3,0.078696608543396,233.4878,118.3697,308.2418,193.197,0.0,False,True
coco:96001:24:2453,coco,96001,000000096001.jpg,24,zebra,zebra,True,0,4,0.0688474550843238,298.8596,0.7216,585.918,182.5315,0.0,False,True
coco:96001:24:2453,coco,96001,000000096001.jpg,24,zebra,zebra,True,0,5,0.0656550303101539,228.1833,3.1403,296.4761,65.1251,0.0,False,True
coco:96001:24:2453,coco,96001,000000096001.jpg,24,zebra,zebra,True,0,6,0.0636987835168838,1.1001,0.3123,638.5635,423.6272,0.0,False,True
coco:96001:24:2453,coco,96001,000000096001.jpg,24,zebra,zebra,True,0,7,0.0600265190005302,391.1361,38.0836,430.9821,97.0025,0.0,False,True
coco:96001:24:2453,coco,96001,000000096001.jpg,24,zebra,zebra,True,0,8,0.0585478544235229,72.3316,90.9158,116.9707,138.933,0.0,False,True
coco:96001:24:2453,coco,96001,000000096001.jpg,24,zebra,zebra,True,0,9,0.0555709674954414,150.649,-0.0334,234.675,53.845,0.0,False,True
coco:96001:24:2453,coco,96001,000000096001.jpg,24,zebra,zebra,True,0,10,0.05021483451128,586.6841,50.6344,639.2202,79.9207,0.0,False,True
coco:96427:43:2454,coco,96427,000000096427.jpg,43,tennis racket,tennis racket,False,1,0,0.2287490367889404,44.8258,135.0613,299.8665,258.5142,0.275890588760376,False,True
coco:96427:43:2454,coco,96427,000000096427.jpg,43,tennis racket,tennis racket,False,1,1,0.1807263195514679,106.4201,135.8562,285.2153,252.6037,0.2571572363376617,False,True
coco:96427:43:2454,coco,96427,000000096427.jpg,43,tennis racket,tennis racket,False,1,2,0.0596716627478599,43.0122,177.3312,207.5284,239.5348,0.8222835063934326,True,False
coco:96427:43:2454,coco,96427,000000096427.jpg,43,tennis racket,tennis racket,False,1,3,0.0573960728943347,43.7343,135.6353,212.746,239.7601,0.4904640018939972,False,True
coco:96427:7:2455,coco,96427,000000096427.jpg,7,train,train,True,0,0,0.1136199235916137,0.9815,0.1436,639.48,426.6931,0.0,False,True
coco:96427:7:2455,coco,96427,000000096427.jpg,7,train,train,True,0,1,0.1079876571893692,51.936,135.0743,292.5314,259.6136,0.0,False,True
coco:96427:7:2455,coco,96427,000000096427.jpg,7,train,train,True,0,2,0.0973117426037788,114.4689,136.8942,284.7695,253.9267,0.0,False,True
coco:96427:7:2455,coco,96427,000000096427.jpg,7,train,train,True,0,3,0.0730411633849144,244.2931,90.8035,396.722,425.8552,0.0,False,True
coco:96427:7:2455,coco,96427,000000096427.jpg,7,train,train,True,0,4,0.0691570863127708,44.6603,177.9198,285.3308,252.1597,0.0,False,True
coco:96427:79:2456,coco,96427,000000096427.jpg,79,oven,oven,True,0,0,0.0672764405608177,243.9578,90.9718,396.9868,425.9731,0.0,False,True
coco:96427:79:2456,coco,96427,000000096427.jpg,79,oven,oven,True,0,1,0.0646007508039474,1.4577,-0.1482,638.5878,426.7594,0.0,False,True
coco:96427:79:2456,coco,96427,000000096427.jpg,79,oven,oven,True,0,2,0.0531855523586273,52.8172,135.3682,291.7815,259.6118,0.0,False,True
coco:96549:5:2460,coco,96549,000000096549.jpg,5,airplane,airplane,False,1,0,0.8866981863975525,62.0936,10.2248,630.578,170.283,0.9776851534843444,True,False
coco:96549:33:2461,coco,96549,000000096549.jpg,33,suitcase,suitcase,True,0,0,0.3547534942626953,62.3565,10.578,630.3802,170.1907,0.0,False,True
coco:96549:55:2462,coco,96549,000000096549.jpg,55,orange,orange,True,0,0,0.2158367335796356,62.4678,10.5317,630.1619,170.2183,0.0,False,True
coco:97230:22:2472,coco,97230,000000097230.jpg,22,elephant,elephant,False,2,0,0.8529533743858337,83.7736,169.836,327.1432,345.3237,0.9838907718658448,True,False
coco:97230:22:2472,coco,97230,000000097230.jpg,22,elephant,elephant,False,2,1,0.7805084586143494,368.7234,193.7694,584.9677,307.2611,0.7362386584281921,True,False
coco:97230:22:2472,coco,97230,000000097230.jpg,22,elephant,elephant,False,2,2,0.078191727399826,368.7092,193.6687,585.4727,359.0098,0.5084191560745239,True,False
coco:97230:22:2472,coco,97230,000000097230.jpg,22,elephant,elephant,False,2,3,0.0715703591704368,82.7995,169.963,586.4465,346.0641,0.4773714244365692,False,True
coco:97230:82:2473,coco,97230,000000097230.jpg,82,refrigerator,refrigerator,True,0,0,0.3219483196735382,83.338,170.0883,326.5797,344.3488,0.0,False,True
coco:97230:82:2473,coco,97230,000000097230.jpg,82,refrigerator,refrigerator,True,0,1,0.1830800920724868,368.9389,193.9243,584.7446,316.6797,0.0,False,True
coco:97230:76:2474,coco,97230,000000097230.jpg,76,keyboard,keyboard,True,0,0,0.1465529948472976,83.6786,170.395,326.4072,344.0833,0.0,False,True
coco:97230:76:2474,coco,97230,000000097230.jpg,76,keyboard,keyboard,True,0,1,0.0943843275308609,369.2581,194.3356,584.6776,308.8337,0.0,False,True
coco:97679:3:2484,coco,97679,000000097679.jpg,3,car,car,False,2,0,0.764188289642334,102.4143,185.274,524.8633,378.9585,0.8582698106765747,True,False
coco:97679:3:2484,coco,97679,000000097679.jpg,3,car,car,False,2,1,0.6005625128746033,343.6453,171.1541,633.4258,327.7134,0.8717904090881348,True,False
coco:97679:3:2484,coco,97679,000000097679.jpg,3,car,car,False,2,2,0.1231081634759903,332.2385,178.9386,440.6627,236.7759,0.0985447168350219,False,True
coco:97679:3:2484,coco,97679,000000097679.jpg,3,car,car,False,2,3,0.1160342246294021,334.9626,184.1799,514.1144,234.7869,0.1642403304576873,False,True
coco:97679:3:2484,coco,97679,000000097679.jpg,3,car,car,False,2,4,0.0858134031295776,336.1786,162.9098,515.2288,234.4302,0.2318348884582519,False,True
coco:97679:3:2484,coco,97679,000000097679.jpg,3,car,car,False,2,5,0.0757270976901054,216.8285,186.1979,525.5781,326.9217,0.4704805910587311,False,True
coco:97679:3:2484,coco,97679,000000097679.jpg,3,car,car,False,2,6,0.0740645602345466,350.0563,170.0623,604.3478,231.8253,0.3210254907608032,False,True
coco:97679:3:2484,coco,97679,000000097679.jpg,3,car,car,False,2,7,0.0706134289503097,216.1173,185.3603,424.0742,247.9107,0.1438193768262863,False,True
coco:97679:3:2484,coco,97679,000000097679.jpg,3,car,car,False,2,8,0.0692409053444862,356.4596,176.5525,439.8165,223.5925,0.0817268565297126,False,True
coco:97679:3:2484,coco,97679,000000097679.jpg,3,car,car,False,2,9,0.0624431073665618,275.6478,186.38,428.4925,247.9041,0.1039703786373138,False,True
coco:97679:3:2484,coco,97679,000000097679.jpg,3,car,car,False,2,10,0.0533839985728263,214.0784,169.3333,634.2255,327.3997,0.6203514933586121,True,False
coco:97679:3:2484,coco,97679,000000097679.jpg,3,car,car,False,2,11,0.0529950037598609,396.8782,198.348,514.8213,230.0157,0.0797629952430725,False,True
coco:97679:87:2485,coco,97679,000000097679.jpg,87,scissors,scissors,True,0,0,0.0639754384756088,102.5942,180.2132,524.7147,378.5323,0.0,False,True
coco:97679:63:2486,coco,97679,000000097679.jpg,63,couch,couch,True,0,0,0.2078219056129455,102.8062,183.8741,524.6429,378.7488,0.0,False,True
coco:97679:63:2486,coco,97679,000000097679.jpg,63,couch,couch,True,0,1,0.1322977393865585,353.7184,164.2473,633.2345,326.9307,0.0,False,True
coco:98261:16:2499,coco,98261,000000098261.jpg,16,bird,bird,False,2,0,0.6953714489936829,193.241,65.1617,319.9777,205.2556,0.7694270014762878,True,False
coco:98261:16:2499,coco,98261,000000098261.jpg,16,bird,bird,False,2,1,0.6429476141929626,18.2824,27.5911,214.4328,155.7689,0.8959410190582275,True,False
coco:98261:16:2499,coco,98261,000000098261.jpg,16,bird,bird,False,2,2,0.2239392846822738,18.3649,27.6428,214.0134,109.197,0.6708992719650269,True,False
coco:98261:16:2499,coco,98261,000000098261.jpg,16,bird,bird,False,2,3,0.1672371923923492,206.1158,65.137,320.0725,151.9,0.7109002470970154,True,False
coco:98261:16:2499,coco,98261,000000098261.jpg,16,bird,bird,False,2,4,0.1427353173494339,81.6195,27.7781,214.0033,89.2064,0.3488747477531433,False,True
coco:98261:16:2499,coco,98261,000000098261.jpg,16,bird,bird,False,2,5,0.0910793617367744,18.0136,27.2551,320.0545,205.6753,0.4244465231895447,False,True
coco:98261:16:2499,coco,98261,000000098261.jpg,16,bird,bird,False,2,6,0.0833606347441673,62.6167,27.4795,214.1095,125.2089,0.6348114609718323,True,False
coco:98261:16:2499,coco,98261,000000098261.jpg,16,bird,bird,False,2,7,0.0711115375161171,262.8904,92.2991,319.9967,151.6832,0.2432850748300552,False,True
coco:98261:16:2499,coco,98261,000000098261.jpg,16,bird,bird,False,2,8,0.0678353682160377,63.132,49.1293,212.0342,155.6672,0.589671790599823,True,False
coco:98261:16:2499,coco,98261,000000098261.jpg,16,bird,bird,False,2,9,0.0563744157552719,193.8196,92.8477,310.8072,171.2681,0.665352463722229,True,False
coco:98261:16:2499,coco,98261,000000098261.jpg,16,bird,bird,False,2,10,0.0521986931562423,207.4004,65.3037,252.6578,92.7703,0.0901525467634201,False,True
coco:98261:52:2500,coco,98261,000000098261.jpg,52,banana,banana,True,0,0,0.3421412408351898,18.6144,27.6945,214.3754,153.165,0.0,False,True
coco:98261:52:2500,coco,98261,000000098261.jpg,52,banana,banana,True,0,1,0.2310094982385635,193.3653,65.2977,319.9686,202.6159,0.0,False,True
coco:98261:52:2500,coco,98261,000000098261.jpg,52,banana,banana,True,0,2,0.052489623427391,82.3829,27.888,213.8168,89.8299,0.0,False,True
coco:98261:52:2500,coco,98261,000000098261.jpg,52,banana,banana,True,0,3,0.0512322448194026,80.4202,27.6317,214.1344,146.5566,0.0,False,True
coco:98261:52:2500,coco,98261,000000098261.jpg,52,banana,banana,True,0,4,0.0507522001862525,206.7972,65.39,252.4933,92.934,0.0,False,True
coco:98261:47:2501,coco,98261,000000098261.jpg,47,cup,cup,True,0,0,0.2234047204256057,18.5559,27.7762,214.4417,152.0148,0.0,False,True
coco:98261:47:2501,coco,98261,000000098261.jpg,47,cup,cup,True,0,1,0.1457506120204925,193.6954,65.4941,320.0256,202.5155,0.0,False,True
coco:98261:47:2501,coco,98261,000000098261.jpg,47,cup,cup,True,0,2,0.0537042915821075,207.768,65.55,252.5531,93.0338,0.0,False,True
coco:98520:5:2510,coco,98520,000000098520.jpg,5,airplane,airplane,False,1,0,0.9377599954605104,86.3909,128.6187,618.9126,282.7586,0.967651069164276,True,False
coco:98520:5:2510,coco,98520,000000098520.jpg,5,airplane,airplane,False,1,1,0.1382997930049896,455.6008,154.5523,483.8673,185.2604,0.0104578090831637,False,True
coco:98520:5:2510,coco,98520,000000098520.jpg,5,airplane,airplane,False,1,2,0.0850981473922729,567.2592,170.2543,601.3805,193.9897,0.0097574414685368,False,True
coco:98520:5:2510,coco,98520,000000098520.jpg,5,airplane,airplane,False,1,3,0.0536850169301033,455.2304,154.1433,509.8416,190.2348,0.0237465463578701,False,True
coco:98520:74:2511,coco,98520,000000098520.jpg,74,mouse,mouse,True,0,0,0.113992340862751,86.4089,128.8805,618.5729,282.6081,0.0,False,True
coco:98520:39:2512,coco,98520,000000098520.jpg,39,baseball bat,baseball bat,True,0,0,0.0527911260724067,86.6208,129.0997,618.3016,282.5289,0.0,False,True
coco:99428:75:2546,coco,99428,000000099428.jpg,75,remote,remote,False,1,0,0.373090535402298,25.6975,46.8591,587.5873,247.2308,0.9840286374092102,True,False
coco:99428:75:2546,coco,99428,000000099428.jpg,75,remote,remote,False,1,1,0.2368235886096954,33.6319,167.7841,586.1539,362.6209,0.2522748112678528,False,True
coco:99428:75:2546,coco,99428,000000099428.jpg,75,remote,remote,False,1,2,0.2159980237483978,247.216,76.7503,307.4102,140.8717,0.0342917814850807,False,True
coco:99428:75:2546,coco,99428,000000099428.jpg,75,remote,remote,False,1,3,0.1893547028303146,73.3354,256.8751,574.1727,408.8449,0.0,False,True
coco:99428:75:2546,coco,99428,000000099428.jpg,75,remote,remote,False,1,4,0.1623892188072204,581.1638,211.2654,629.8643,276.4595,0.0015320561360567,False,True
coco:99428:75:2546,coco,99428,000000099428.jpg,75,remote,remote,False,1,5,0.1421265304088592,565.0846,235.9131,616.5416,296.0002,0.002205753698945,False,True
coco:99428:75:2546,coco,99428,000000099428.jpg,75,remote,remote,False,1,6,0.1308475732803344,72.2912,255.9578,574.4916,474.7855,0.0,False,True
coco:99428:75:2546,coco,99428,000000099428.jpg,75,remote,remote,False,1,7,0.1278705894947052,322.3041,67.8912,387.6475,130.4737,0.0363317690789699,False,True
coco:99428:75:2546,coco,99428,000000099428.jpg,75,remote,remote,False,1,8,0.1155227124691009,72.233,306.2053,638.5259,476.1504,0.0,False,True
coco:99428:75:2546,coco,99428,000000099428.jpg,75,remote,remote,False,1,9,0.100376471877098,25.0144,44.6825,630.6245,474.9472,0.4319556951522827,False,True
coco:99428:75:2546,coco,99428,000000099428.jpg,75,remote,remote,False,1,10,0.0925475433468818,564.011,210.8416,629.9797,296.0103,0.0069715483114123,False,True
coco:99428:75:2546,coco,99428,000000099428.jpg,75,remote,remote,False,1,11,0.0794471427798271,37.2946,168.7429,589.7764,474.8884,0.1828280985355377,False,True
coco:99428:75:2546,coco,99428,000000099428.jpg,75,remote,remote,False,1,12,0.0748247876763343,267.3489,108.3457,306.957,140.5614,0.0113366162404418,False,True
coco:99428:75:2546,coco,99428,000000099428.jpg,75,remote,remote,False,1,13,0.0710610449314117,529.9819,168.8418,629.7219,295.641,0.0367449298501014,False,True
coco:99428:75:2546,coco,99428,000000099428.jpg,75,remote,remote,False,1,14,0.0618533305823802,528.9986,168.5994,576.5936,202.5707,0.0143649950623512,False,True
coco:99428:75:2546,coco,99428,000000099428.jpg,75,remote,remote,False,1,15,0.0532279014587402,28.4091,46.2091,591.0674,363.5379,0.6299941539764404,True,False
coco:99428:51:2547,coco,99428,000000099428.jpg,51,bowl,bowl,True,0,0,0.1011234670877456,25.9912,47.3002,587.9557,247.7812,0.0,False,True
coco:99428:51:2547,coco,99428,000000099428.jpg,51,bowl,bowl,True,0,1,0.0662662759423255,33.6562,167.8302,586.1979,363.2548,0.0,False,True
coco:99428:18:2548,coco,99428,000000099428.jpg,18,dog,dog,True,0,0,0.1169824823737144,25.8585,47.108,587.7215,247.7928,0.0,False,True
coco:99428:18:2548,coco,99428,000000099428.jpg,18,dog,dog,True,0,1,0.1089334562420845,33.8345,167.8017,586.5592,362.977,0.0,False,True
coco:99428:18:2548,coco,99428,000000099428.jpg,18,dog,dog,True,0,2,0.0738362371921539,27.2551,46.3062,629.6996,476.6458,0.0,False,True
coco:99428:18:2548,coco,99428,000000099428.jpg,18,dog,dog,True,0,3,0.0665137097239494,72.2168,307.6046,638.5673,477.5069,0.0,False,True
coco:100238:34:2552,coco,100238,000000100238.jpg,34,frisbee,frisbee,False,3,0,0.8083159923553467,265.67,241.9686,349.774,300.4203,0.951484739780426,True,False
coco:100238:34:2552,coco,100238,000000100238.jpg,34,frisbee,frisbee,False,3,1,0.7698568105697632,67.3446,237.04,142.7522,303.0442,0.9472936391830444,True,False
coco:100238:34:2552,coco,100238,000000100238.jpg,34,frisbee,frisbee,False,3,2,0.7467831373214722,416.5655,97.1567,492.5724,174.8044,0.9624775648117064,True,False
coco:100238:34:2552,coco,100238,000000100238.jpg,34,frisbee,frisbee,False,3,3,0.2496632039546966,230.3573,134.2538,272.8994,141.5114,0.0,False,True
coco:100238:34:2552,coco,100238,000000100238.jpg,34,frisbee,frisbee,False,3,4,0.1578703969717025,605.7921,470.5117,639.6855,479.8393,0.0,False,True
coco:100238:34:2552,coco,100238,000000100238.jpg,34,frisbee,frisbee,False,3,5,0.08276978880167,250.1451,165.4124,269.9823,176.1001,0.0,False,True
coco:100238:34:2552,coco,100238,000000100238.jpg,34,frisbee,frisbee,False,3,6,0.0504229590296745,378.3316,123.3343,395.7799,145.6245,0.0,False,True
coco:100428:1:2561,coco,100428,000000100428.jpg,1,person,person,False,2,0,0.8073079586029053,259.3967,93.2462,622.2618,490.5396,0.9550780653953552,True,False
coco:100428:1:2561,coco,100428,000000100428.jpg,1,person,person,False,2,1,0.419922798871994,117.1712,86.7638,313.528,490.5289,0.6541785597801208,True,False
coco:100428:1:2561,coco,100428,000000100428.jpg,1,person,person,False,2,2,0.3030755221843719,117.2665,86.84,248.8881,490.3107,0.960303783416748,True,False
coco:100428:1:2561,coco,100428,000000100428.jpg,1,person,person,False,2,3,0.0881237834692001,115.9994,86.977,444.4683,490.0543,0.3917140662670135,False,True
coco:100428:6:2562,coco,100428,000000100428.jpg,6,bus,bus,True,0,0,0.1908009797334671,2.3306,-0.0555,637.5466,490.942,0.0,False,True
coco:100428:6:2562,coco,100428,000000100428.jpg,6,bus,bus,True,0,1,0.0652996972203254,88.2618,0.6392,238.89,489.6138,0.0,False,True
coco:100428:6:2562,coco,100428,000000100428.jpg,6,bus,bus,True,0,2,0.0619506388902664,115.1431,85.1606,617.0137,489.6461,0.0,False,True
coco:100428:6:2562,coco,100428,000000100428.jpg,6,bus,bus,True,0,3,0.0521791502833366,184.0665,231.3428,592.592,488.9755,0.0,False,True
coco:100510:19:2567,coco,100510,000000100510.jpg,19,horse,horse,False,1,0,0.9441030025482178,21.8643,72.0679,367.8431,344.2568,0.9666367173194884,True,False
coco:100510:11:2568,coco,100510,000000100510.jpg,11,fire hydrant,fire hydrant,True,0,0,0.0762598365545272,575.3519,184.8391,592.2566,227.0963,0.0,False,True
coco:102356:1:2602,coco,102356,000000102356.jpg,1,person,person,False,1,0,0.8536665439605713,163.1533,47.2589,404.7291,413.9924,0.9642035961151124,True,False
coco:102356:44:2603,coco,102356,000000102356.jpg,44,bottle,bottle,True,0,0,0.1072560250759124,387.2328,229.4635,421.5258,253.0533,0.0,False,True
coco:102356:44:2603,coco,102356,000000102356.jpg,44,bottle,bottle,True,0,1,0.0995434746146202,375.3074,225.9039,421.2358,253.2851,0.0,False,True
coco:102356:44:2603,coco,102356,000000102356.jpg,44,bottle,bottle,True,0,2,0.0921341031789779,283.3726,219.0223,346.6301,282.1619,0.0,False,True
coco:102356:44:2603,coco,102356,000000102356.jpg,44,bottle,bottle,True,0,3,0.0836671963334083,292.5251,287.0609,342.8761,336.0775,0.0,False,True
coco:102356:44:2603,coco,102356,000000102356.jpg,44,bottle,bottle,True,0,4,0.0832607671618461,160.7805,216.5972,195.9855,232.2862,0.0,False,True
coco:102356:44:2603,coco,102356,000000102356.jpg,44,bottle,bottle,True,0,5,0.0656948909163475,9.0622,189.6827,406.9823,633.8574,0.0,False,True
coco:102356:44:2603,coco,102356,000000102356.jpg,44,bottle,bottle,True,0,6,0.0635275766253471,160.6566,219.5933,195.4286,237.3209,0.0,False,True
coco:102356:44:2603,coco,102356,000000102356.jpg,44,bottle,bottle,True,0,7,0.0569144561886787,161.5285,199.1006,404.0269,634.6467,0.0,False,True
coco:102356:44:2603,coco,102356,000000102356.jpg,44,bottle,bottle,True,0,8,0.0505551472306251,375.2671,229.716,393.786,245.9881,0.0,False,True
coco:102356:72:2604,coco,102356,000000102356.jpg,72,tv,tv,True,0,0,0.1266595721244812,7.4275,68.9556,406.2196,633.863,0.0,False,True
coco:102356:72:2604,coco,102356,000000102356.jpg,72,tv,tv,True,0,1,0.097620278596878,9.0471,225.14,196.2577,380.4398,0.0,False,True
coco:102356:72:2604,coco,102356,000000102356.jpg,72,tv,tv,True,0,2,0.086462952196598,162.5055,198.0425,404.4275,635.1157,0.0,False,True
coco:102356:72:2604,coco,102356,000000102356.jpg,72,tv,tv,True,0,3,0.0648410990834236,162.5467,48.3054,404.8665,416.2002,0.0,False,True
coco:102356:72:2604,coco,102356,000000102356.jpg,72,tv,tv,True,0,4,0.0507539808750152,8.8674,171.3573,245.2903,384.3246,0.0,False,True
coco:102820:61:2617,coco,102820,000000102820.jpg,61,cake,cake,False,1,0,0.9181952476501464,41.2733,484.7968,257.3575,580.1032,0.837084949016571,True,False
coco:102820:86:2618,coco,102820,000000102820.jpg,86,vase,vase,True,0,0,0.285582423210144,43.7065,484.9796,254.3296,579.9257,0.0,False,True
coco:102820:86:2618,coco,102820,000000102820.jpg,86,vase,vase,True,0,1,0.1342640370130539,10.8815,519.4264,309.0677,597.6458,0.0,False,True
coco:102820:86:2618,coco,102820,000000102820.jpg,86,vase,vase,True,0,2,0.1010844409465789,15.1607,14.8143,410.5848,524.4342,0.0,False,True
coco:102820:86:2618,coco,102820,000000102820.jpg,86,vase,vase,True,0,3,0.0759316533803939,40.0399,536.1982,258.0681,580.6192,0.0,False,True
coco:102820:86:2618,coco,102820,000000102820.jpg,86,vase,vase,True,0,4,0.063287541270256,58.713,51.8858,167.2592,124.612,0.0,False,True
coco:102820:81:2619,coco,102820,000000102820.jpg,81,sink,sink,True,0,0,0.1981186419725418,41.261,485.2415,256.0186,580.373,0.0,False,True
coco:102820:81:2619,coco,102820,000000102820.jpg,81,sink,sink,True,0,1,0.0908405780792236,10.7643,518.1288,309.2859,597.4413,0.0,False,True
coco:102820:81:2619,coco,102820,000000102820.jpg,81,sink,sink,True,0,2,0.0772438421845436,15.0589,16.1482,410.569,525.0455,0.0,False,True
coco:102820:81:2619,coco,102820,000000102820.jpg,81,sink,sink,True,0,3,0.0639825463294982,58.161,51.5675,167.0234,123.5729,0.0,False,True
coco:102820:81:2619,coco,102820,000000102820.jpg,81,sink,sink,True,0,4,0.0627231746912002,16.8866,182.8556,410.1467,523.489,0.0,False,True
coco:104424:1:2635,coco,104424,000000104424.jpg,1,person,person,False,1,0,0.8987106084823608,151.0747,163.8763,261.7992,541.8716,0.9326189756393432,True,False
coco:104424:1:2635,coco,104424,000000104424.jpg,1,person,person,False,1,1,0.0777371749281883,329.682,407.7256,423.833,638.473,0.0,False,True
coco:104424:77:2636,coco,104424,000000104424.jpg,77,cell phone,cell phone,True,0,0,0.1950164437294006,215.3882,186.4482,309.3832,326.431,0.0,False,True
coco:104424:77:2636,coco,104424,000000104424.jpg,77,cell phone,cell phone,True,0,1,0.0862177610397338,151.3361,164.8653,262.438,541.8097,0.0,False,True
coco:104424:7:2637,coco,104424,000000104424.jpg,7,train,train,True,0,0,0.1615147143602371,219.381,186.6596,309.4457,313.1668,0.0,False,True
coco:104424:7:2637,coco,104424,000000104424.jpg,7,train,train,True,0,1,0.1322452276945114,151.6746,165.3483,262.3532,541.6964,0.0,False,True
coco:104424:7:2637,coco,104424,000000104424.jpg,7,train,train,True,0,2,0.0860228538513183,96.8125,359.3688,102.7835,366.3755,0.0,False,True
coco:104424:7:2637,coco,104424,000000104424.jpg,7,train,train,True,0,3,0.0802504569292068,149.2515,164.5532,308.2239,542.3627,0.0,False,True
coco:104424:7:2637,coco,104424,000000104424.jpg,7,train,train,True,0,4,0.0628078877925872,2.0411,173.4754,421.8174,344.0538,0.0,False,True
coco:104612:56:2647,coco,104612,000000104612.jpg,56,broccoli,broccoli,False,12,0,0.5244669914245605,496.375,301.29,593.1135,377.2324,0.6564414501190186,True,False
coco:104612:56:2647,coco,104612,000000104612.jpg,56,broccoli,broccoli,False,12,1,0.4740373194217682,258.2125,364.4368,362.93,424.945,0.0966150537133216,False,True
coco:104612:56:2647,coco,104612,000000104612.jpg,56,broccoli,broccoli,False,12,2,0.4648954570293426,419.7424,96.3089,537.1636,160.2262,0.921740710735321,True,False
coco:104612:56:2647,coco,104612,000000104612.jpg,56,broccoli,broccoli,False,12,3,0.4292445480823517,411.7772,334.8831,508.4191,443.3975,0.0261014904826879,False,True
coco:104612:56:2647,coco,104612,000000104612.jpg,56,broccoli,broccoli,False,12,4,0.4285365343093872,72.5904,115.1813,159.8619,198.2966,0.319280743598938,False,True
coco:104612:56:2647,coco,104612,000000104612.jpg,56,broccoli,broccoli,False,12,5,0.4279075860977173,153.9151,134.0766,324.2757,332.4975,0.9576117396354676,True,False
coco:104612:56:2647,coco,104612,000000104612.jpg,56,broccoli,broccoli,False,12,6,0.4247375726699829,470.6445,230.4586,524.9983,297.5196,0.4680438041687011,False,True
coco:104612:56:2647,coco,104612,000000104612.jpg,56,broccoli,broccoli,False,12,7,0.4149535000324249,150.376,90.3372,237.4464,145.6662,0.6825295686721802,True,False
coco:104612:56:2647,coco,104612,000000104612.jpg,56,broccoli,broccoli,False,12,8,0.4122418165206909,244.8106,110.9146,308.7242,152.4844,0.031043941155076,False,True
coco:104612:56:2647,coco,104612,000000104612.jpg,56,broccoli,broccoli,False,12,9,0.4106117784976959,53.0665,285.0914,162.89,404.1041,0.5085851550102234,True,False
coco:104612:56:2647,coco,104612,000000104612.jpg,56,broccoli,broccoli,False,12,10,0.3900516331195831,394.6548,46.7929,453.6151,111.078,0.7980833053588867,True,False
coco:104612:56:2647,coco,104612,000000104612.jpg,56,broccoli,broccoli,False,12,11,0.3590330481529236,52.2879,248.7683,107.0464,292.9508,0.1169893369078636,False,True
coco:104612:56:2647,coco,104612,000000104612.jpg,56,broccoli,broccoli,False,12,12,0.3522357940673828,546.5023,237.1732,568.8882,270.6852,0.0,False,True
coco:104612:56:2647,coco,104612,000000104612.jpg,56,broccoli,broccoli,False,12,13,0.3398111760616302,318.5052,237.0611,410.6997,303.2034,0.4177264869213104,False,True
coco:104612:56:2647,coco,104612,000000104612.jpg,56,broccoli,broccoli,False,12,14,0.3301706612110138,149.7131,275.6678,293.5053,422.903,0.9178428053855896,True,False
coco:104612:56:2647,coco,104612,000000104612.jpg,56,broccoli,broccoli,False,12,15,0.3237777948379516,469.2565,284.6944,501.9361,338.4668,0.2465274184942245,False,True
coco:104612:56:2647,coco,104612,000000104612.jpg,56,broccoli,broccoli,False,12,16,0.323768138885498,35.3487,180.0303,134.4395,272.9151,0.4463333189487457,False,True
coco:104612:56:2647,coco,104612,000000104612.jpg,56,broccoli,broccoli,False,12,17,0.3221157491207123,502.3534,154.1274,558.2961,192.7317,0.0337066426873207,False,True
coco:104612:56:2647,coco,104612,000000104612.jpg,56,broccoli,broccoli,False,12,18,0.3115653395652771,318.8983,201.6942,456.6005,303.9416,0.91743004322052,True,False
coco:104612:56:2647,coco,104612,000000104612.jpg,56,broccoli,broccoli,False,12,19,0.2999500334262848,310.4393,82.929,357.0093,148.4362,0.0057393945753574,False,True
coco:104612:56:2647,coco,104612,000000104612.jpg,56,broccoli,broccoli,False,12,20,0.2893290817737579,53.0197,285.2154,139.6653,378.1358,0.8185833096504211,True,False
coco:104612:56:2647,coco,104612,000000104612.jpg,56,broccoli,broccoli,False,12,21,0.2856112718582153,394.3995,43.0436,491.6952,111.4343,0.4593789577484131,False,True
coco:104612:56:2647,coco,104612,000000104612.jpg,56,broccoli,broccoli,False,12,22,0.2847954928874969,428.9268,43.3592,493.183,77.8925,0.1123996078968048,False,True
coco:104612:56:2647,coco,104612,000000104612.jpg,56,broccoli,broccoli,False,12,23,0.2846445143222809,34.9693,180.131,113.7357,257.2306,0.2887772917747497,False,True
coco:104612:56:2647,coco,104612,000000104612.jpg,56,broccoli,broccoli,False,12,24,0.2839877605438232,140.9956,268.1409,179.9548,314.4851,0.0548997893929481,False,True
coco:104612:56:2647,coco,104612,000000104612.jpg,56,broccoli,broccoli,False,12,25,0.2655543386936188,34.107,33.3226,632.7984,440.7913,0.1385525166988372,False,True
coco:104612:56:2647,coco,104612,000000104612.jpg,56,broccoli,broccoli,False,12,26,0.2622630596160888,320.8218,306.4404,374.6594,367.9977,0.0042441939003765,False,True
coco:104612:56:2647,coco,104612,000000104612.jpg,56,broccoli,broccoli,False,12,27,0.2603297531604767,127.8254,75.9542,189.1114,127.5773,0.1762984693050384,False,True
coco:104612:56:2647,coco,104612,000000104612.jpg,56,broccoli,broccoli,False,12,28,0.2569144070148468,113.8392,321.1478,163.325,403.8562,0.801673173904419,True,False
coco:104612:56:2647,coco,104612,000000104612.jpg,56,broccoli,broccoli,False,12,29,0.2403949350118637,468.8162,230.595,525.2645,338.0895,0.7446499466896057,True,False
coco:104612:56:2647,coco,104612,000000104612.jpg,56,broccoli,broccoli,False,12,30,0.2272427529096603,154.0312,133.9883,261.8195,194.9006,0.1839619427919387,False,True
coco:104612:56:2647,coco,104612,000000104612.jpg,56,broccoli,broccoli,False,12,31,0.2230480462312698,189.6366,34.0373,262.4431,63.1912,0.0,False,True
coco:104612:56:2647,coco,104612,000000104612.jpg,56,broccoli,broccoli,False,12,32,0.2201959490776062,189.6915,34.2174,229.9541,62.8437,0.0,False,True
coco:104612:56:2647,coco,104612,000000104612.jpg,56,broccoli,broccoli,False,12,33,0.2180899381637573,390.2849,201.5006,427.9224,243.4989,0.1098505854606628,False,True
coco:104612:56:2647,coco,104612,000000104612.jpg,56,broccoli,broccoli,False,12,34,0.2170649021863937,463.353,149.8062,558.2986,192.8445,0.0921543836593627,False,True
coco:104612:56:2647,coco,104612,000000104612.jpg,56,broccoli,broccoli,False,12,35,0.215232640504837,369.2427,201.4935,458.631,296.978,0.5635301470756531,True,False
coco:104612:56:2647,coco,104612,000000104612.jpg,56,broccoli,broccoli,False,12,36,0.2146150320768356,222.856,332.3444,294.9144,394.3403,0.1936731040477752,False,True
coco:104612:56:2647,coco,104612,000000104612.jpg,56,broccoli,broccoli,False,12,37,0.2126681357622146,366.2729,313.4422,438.3014,353.7704,0.0,False,True
coco:104612:56:2647,coco,104612,000000104612.jpg,56,broccoli,broccoli,False,12,38,0.2098816931247711,231.8361,38.472,262.5454,54.8788,0.0,False,True
coco:104612:56:2647,coco,104612,000000104612.jpg,56,broccoli,broccoli,False,12,39,0.2088512629270553,165.1431,34.633,262.3723,80.1423,0.0,False,True
coco:104612:56:2647,coco,104612,000000104612.jpg,56,broccoli,broccoli,False,12,40,0.2011491805315017,481.5955,104.5431,537.0853,160.3465,0.3896782696247101,False,True
coco:104612:56:2647,coco,104612,000000104612.jpg,56,broccoli,broccoli,False,12,41,0.1968041658401489,34.7768,190.1025,81.5321,257.0043,0.1388284862041473,False,True
coco:104612:56:2647,coco,104612,000000104612.jpg,56,broccoli,broccoli,False,12,42,0.1920105665922165,221.8216,49.6579,254.098,98.8048,0.0014191650552675,False,True
coco:104612:56:2647,coco,104612,000000104612.jpg,56,broccoli,broccoli,False,12,43,0.1892205029726028,304.6511,63.1518,356.8508,148.7674,0.0077284858562052,False,True
coco:104612:56:2647,coco,104612,000000104612.jpg,56,broccoli,broccoli,False,12,44,0.1864989995956421,153.6873,134.1143,263.139,233.3722,0.3054493069648742,False,True
coco:104612:56:2647,coco,104612,000000104612.jpg,56,broccoli,broccoli,False,12,45,0.1846911907196045,195.4953,374.3772,264.0035,425.9703,0.1463556438684463,False,True
coco:104612:56:2647,coco,104612,000000104612.jpg,56,broccoli,broccoli,False,12,46,0.1821592599153518,416.5092,229.6029,459.2343,295.2837,0.1786521971225738,False,True
coco:104612:56:2647,coco,104612,000000104612.jpg,56,broccoli,broccoli,False,12,47,0.179155483841896,320.904,306.424,437.5149,367.817,0.0037902516778558,False,True
coco:104612:56:2647,coco,104612,000000104612.jpg,56,broccoli,broccoli,False,12,48,0.1787537485361099,163.1256,35.7336,230.2145,78.0462,0.0,False,True
coco:104612:56:2647,coco,104612,000000104612.jpg,56,broccoli,broccoli,False,12,49,0.175443559885025,140.9756,243.1423,221.4275,314.1505,0.1319339424371719,False,True
coco:104612:56:2647,coco,104612,000000104612.jpg,56,broccoli,broccoli,False,12,50,0.1704738438129425,149.8596,274.5652,261.504,379.636,0.5085574984550476,True,False
coco:104612:56:2647,coco,104612,000000104612.jpg,56,broccoli,broccoli,False,12,51,0.1667736023664474,370.7202,201.7615,427.8478,248.3435,0.1864211112260818,False,True
coco:104612:56:2647,coco,104612,000000104612.jpg,56,broccoli,broccoli,False,12,52,0.1655220687389373,78.4875,207.2439,134.742,272.8456,0.1975301802158355,False,True
coco:104612:56:2647,coco,104612,000000104612.jpg,56,broccoli,broccoli,False,12,53,0.159877210855484,181.9997,311.369,294.1095,394.4602,0.4038496613502502,False,True
coco:104612:56:2647,coco,104612,000000104612.jpg,56,broccoli,broccoli,False,12,54,0.1570139229297638,395.1453,43.7118,537.9141,160.4022,0.4449195265769958,False,True
coco:104612:56:2647,coco,104612,000000104612.jpg,56,broccoli,broccoli,False,12,55,0.15655417740345,318.5798,234.3374,453.516,303.8773,0.6293049454689026,True,False
coco:104612:56:2647,coco,104612,000000104612.jpg,56,broccoli,broccoli,False,12,56,0.1547462344169616,198.3264,333.7459,294.5626,423.3604,0.3738850653171539,False,True
coco:104612:56:2647,coco,104612,000000104612.jpg,56,broccoli,broccoli,False,12,57,0.1529321670532226,174.1007,242.6095,222.5436,298.0205,0.0794172212481498,False,True
coco:104612:56:2647,coco,104612,000000104612.jpg,56,broccoli,broccoli,False,12,58,0.1528027951717376,52.6631,208.3554,134.5007,292.776,0.3482634127140045,False,True
coco:104612:56:2647,coco,104612,000000104612.jpg,56,broccoli,broccoli,False,12,59,0.1465203911066055,394.2333,41.9347,558.0547,191.5508,0.3242043554782867,False,True
coco:104612:56:2647,coco,104612,000000104612.jpg,56,broccoli,broccoli,False,12,60,0.1427253484725952,304.2652,62.3171,330.2552,88.3916,0.0,False,True
coco:104612:56:2647,coco,104612,000000104612.jpg,56,broccoli,broccoli,False,12,61,0.1413388103246688,419.9081,96.2681,558.1414,192.4047,0.5816137194633484,True,False
coco:104612:56:2647,coco,104612,000000104612.jpg,56,broccoli,broccoli,False,12,62,0.1404052078723907,463.1357,150.1035,501.6638,167.7556,0.0635894984006881,False,True
coco:104612:56:2647,coco,104612,000000104612.jpg,56,broccoli,broccoli,False,12,63,0.1390325278043747,179.0507,180.035,323.4904,331.5948,0.6476775407791138,True,False
coco:104612:56:2647,coco,104612,000000104612.jpg,56,broccoli,broccoli,False,12,64,0.1389992088079452,189.1688,34.5235,262.1439,85.5241,0.0,False,True
coco:104612:56:2647,coco,104612,000000104612.jpg,56,broccoli,broccoli,False,12,65,0.1377833932638168,98.9188,207.5204,135.5486,272.8918,0.1281692385673523,False,True
coco:104612:56:2647,coco,104612,000000104612.jpg,56,broccoli,broccoli,False,12,66,0.1367600858211517,411.5052,285.0494,509.1894,443.2919,0.0929118245840072,False,True
coco:104612:56:2647,coco,104612,000000104612.jpg,56,broccoli,broccoli,False,12,67,0.1354332268238067,258.2336,306.6503,373.6967,424.8044,0.1614683270454406,False,True
coco:104612:56:2647,coco,104612,000000104612.jpg,56,broccoli,broccoli,False,12,68,0.1312196254730224,181.7448,312.7701,241.9176,376.039,0.1650485545396804,False,True
coco:104612:56:2647,coco,104612,000000104612.jpg,56,broccoli,broccoli,False,12,69,0.1283123195171356,317.9642,201.5805,456.6305,365.452,0.5826593041419983,True,False
coco:104612:56:2647,coco,104612,000000104612.jpg,56,broccoli,broccoli,False,12,70,0.1203714460134506,428.951,43.6486,473.3823,73.7803,0.1176605895161628,False,True
coco:104612:56:2647,coco,104612,000000104612.jpg,56,broccoli,broccoli,False,12,71,0.120346687734127,127.6488,93.3185,160.5271,123.2047,0.0491018258035182,False,True
coco:104612:56:2647,coco,104612,000000104612.jpg,56,broccoli,broccoli,False,12,72,0.1197682544589042,186.8055,48.3152,253.6364,99.0462,0.0073148738592863,False,True
coco:104612:56:2647,coco,104612,000000104612.jpg,56,broccoli,broccoli,False,12,73,0.1195155456662178,217.974,188.4518,324.0681,331.6768,0.4495713114738464,False,True
coco:104612:56:2647,coco,104612,000000104612.jpg,56,broccoli,broccoli,False,12,74,0.117487832903862,62.8481,180.0914,113.9669,224.5361,0.1216078698635101,False,True
coco:104612:56:2647,coco,104612,000000104612.jpg,56,broccoli,broccoli,False,12,75,0.1101394593715667,411.5982,368.9783,439.7911,395.55,0.0,False,True
coco:104612:56:2647,coco,104612,000000104612.jpg,56,broccoli,broccoli,False,12,76,0.1087281629443168,221.9745,50.0145,308.4619,151.947,0.0349444709718227,False,True
coco:104612:56:2647,coco,104612,000000104612.jpg,56,broccoli,broccoli,False,12,77,0.1070875376462936,478.8019,151.0034,501.8344,167.4081,0.0357859320938587,False,True
coco:104612:56:2647,coco,104612,000000104612.jpg,56,broccoli,broccoli,False,12,78,0.1048375219106674,244.3618,63.9762,356.8864,152.0652,0.0324916467070579,False,True
coco:104612:56:2647,coco,104612,000000104612.jpg,56,broccoli,broccoli,False,12,79,0.1047981828451156,390.0833,201.6682,441.0912,267.5964,0.23667873442173,False,True
coco:104612:56:2647,coco,104612,000000104612.jpg,56,broccoli,broccoli,False,12,80,0.1047079712152481,411.8624,284.6404,502.0839,395.7141,0.1008774563670158,False,True
coco:104612:56:2647,coco,104612,000000104612.jpg,56,broccoli,broccoli,False,12,81,0.1042585223913192,469.467,230.9221,593.2519,377.5833,0.2914184033870697,False,True
coco:104612:56:2647,coco,104612,000000104612.jpg,56,broccoli,broccoli,False,12,82,0.1040064096450805,72.4563,76.9724,188.3176,196.7587,0.2336137890815735,False,True
coco:104612:56:2647,coco,104612,000000104612.jpg,56,broccoli,broccoli,False,12,83,0.1028808653354644,156.9789,189.9292,193.0754,234.5787,0.0476836785674095,False,True
coco:104612:56:2647,coco,104612,000000104612.jpg,56,broccoli,broccoli,False,12,84,0.1023174300789833,471.256,231.1981,568.7898,297.4724,0.3618211448192596,False,True
coco:104612:56:2647,coco,104612,000000104612.jpg,56,broccoli,broccoli,False,12,85,0.0999735593795776,416.5057,229.3977,439.492,259.7166,0.0500173904001712,False,True
coco:104612:56:2647,coco,104612,000000104612.jpg,56,broccoli,broccoli,False,12,86,0.0983971580862999,52.1363,250.0491,140.1946,371.8051,0.6293001770973206,True,False
coco:104612:56:2647,coco,104612,000000104612.jpg,56,broccoli,broccoli,False,12,87,0.0954632833600044,429.0034,257.9618,459.5953,295.2084,0.0690448209643364,False,True
coco:104612:56:2647,coco,104612,000000104612.jpg,56,broccoli,broccoli,False,12,88,0.0943404361605644,35.2923,115.4785,159.9211,269.6621,0.7752307653427124,True,False
coco:104612:56:2647,coco,104612,000000104612.jpg,56,broccoli,broccoli,False,12,89,0.0941913500428199,199.257,394.3295,235.93,424.7745,0.0470317788422107,False,True
coco:104612:56:2647,coco,104612,000000104612.jpg,56,broccoli,broccoli,False,12,90,0.0927989333868026,503.2267,154.4084,544.0444,181.2199,0.0357096120715141,False,True
coco:104612:56:2647,coco,104612,000000104612.jpg,56,broccoli,broccoli,False,12,91,0.0926299840211868,37.0207,35.1028,461.6887,428.1904,0.2024756819009781,False,True
coco:104612:56:2647,coco,104612,000000104612.jpg,56,broccoli,broccoli,False,12,92,0.090891495347023,310.804,96.6346,339.8398,132.2177,0.0,False,True
coco:104612:56:2647,coco,104612,000000104612.jpg,56,broccoli,broccoli,False,12,93,0.0891955718398094,168.9298,134.0536,261.3416,176.2392,0.1790994554758072,False,True
coco:104612:56:2647,coco,104612,000000104612.jpg,56,broccoli,broccoli,False,12,94,0.0891562700271606,151.485,75.795,189.2361,104.7894,0.0496521927416324,False,True
coco:104612:56:2647,coco,104612,000000104612.jpg,56,broccoli,broccoli,False,12,95,0.0889470651745796,469.08,232.9413,568.8318,338.0613,0.5045378804206848,True,False
coco:104612:56:2647,coco,104612,000000104612.jpg,56,broccoli,broccoli,False,12,96,0.0877733379602432,200.6518,389.8921,261.2559,425.2356,0.0891819074749946,False,True
coco:104612:56:2647,coco,104612,000000104612.jpg,56,broccoli,broccoli,False,12,97,0.0875035300850868,150.0794,275.4315,361.7159,425.8397,0.695759654045105,True,False
coco:104612:56:2647,coco,104612,000000104612.jpg,56,broccoli,broccoli,False,12,98,0.0849355608224868,471.168,262.4705,519.3916,297.9615,0.2863782942295074,False,True
coco:104612:56:2647,coco,104612,000000104612.jpg,56,broccoli,broccoli,False,12,99,0.0846203118562698,180.8451,313.2715,265.3193,422.5701,0.4002763032913208,False,True
coco:104612:56:2647,coco,104612,000000104612.jpg,56,broccoli,broccoli,False,12,100,0.0841153711080551,177.8643,239.2918,322.6472,333.7968,0.4048187732696533,False,True
coco:104612:56:2647,coco,104612,000000104612.jpg,56,broccoli,broccoli,False,12,101,0.0835950300097465,412.0102,335.4183,507.8553,399.0246,0.0345901437103748,False,True
coco:104612:56:2647,coco,104612,000000104612.jpg,56,broccoli,broccoli,False,12,102,0.083464540541172,222.5592,38.5344,262.5652,86.3219,0.0,False,True
coco:104612:56:2647,coco,104612,000000104612.jpg,56,broccoli,broccoli,False,12,103,0.0829199105501174,127.0748,35.8882,262.8118,134.9683,0.1964612901210785,False,True
coco:104612:56:2647,coco,104612,000000104612.jpg,56,broccoli,broccoli,False,12,104,0.0826078131794929,455.2341,63.0815,508.1107,91.6952,0.1306496113538742,False,True
coco:104612:56:2647,coco,104612,000000104612.jpg,56,broccoli,broccoli,False,12,105,0.0825699940323829,411.8033,230.9796,525.095,443.2686,0.1971261501312255,False,True
coco:104612:56:2647,coco,104612,000000104612.jpg,56,broccoli,broccoli,False,12,106,0.0822024345397949,37.2966,40.6623,332.3696,424.967,0.2980620265007019,False,True
coco:104612:56:2647,coco,104612,000000104612.jpg,56,broccoli,broccoli,False,12,107,0.0821690261363983,180.4031,242.785,221.4453,278.1512,0.0429444275796413,False,True
coco:104612:56:2647,coco,104612,000000104612.jpg,56,broccoli,broccoli,False,12,108,0.081948198378086,411.0602,230.9712,593.1405,442.9459,0.1370733827352523,False,True
coco:104612:56:2647,coco,104612,000000104612.jpg,56,broccoli,broccoli,False,12,109,0.0803575739264488,174.4125,241.5801,247.5382,299.9246,0.1262287646532058,False,True
coco:104612:56:2647,coco,104612,000000104612.jpg,56,broccoli,broccoli,False,12,110,0.0795044526457786,236.1756,236.23,323.5359,334.505,0.253213495016098,False,True
coco:104612:56:2647,coco,104612,000000104612.jpg,56,broccoli,broccoli,False,12,111,0.0780598297715187,193.6729,274.0101,240.573,323.1475,0.09990955889225,False,True
coco:104612:56:2647,coco,104612,000000104612.jpg,56,broccoli,broccoli,False,12,112,0.0776962116360664,153.2266,134.3518,219.5253,194.4855,0.1928364485502243,False,True
coco:104612:56:2647,coco,104612,000000104612.jpg,56,broccoli,broccoli,False,12,113,0.0771447718143463,163.9899,168.3648,279.7248,243.6777,0.2578825950622558,False,True
coco:104612:56:2647,coco,104612,000000104612.jpg,56,broccoli,broccoli,False,12,114,0.0757288858294487,318.113,237.576,439.0802,354.0904,0.3775613903999328,False,True
coco:104612:56:2647,coco,104612,000000104612.jpg,56,broccoli,broccoli,False,12,115,0.075337067246437,392.4858,229.6195,458.0594,298.2892,0.3044031262397766,False,True
coco:104612:56:2647,coco,104612,000000104612.jpg,56,broccoli,broccoli,False,12,116,0.0750788524746894,193.1441,375.1259,237.5426,423.6302,0.0933619141578674,False,True
coco:104612:56:2647,coco,104612,000000104612.jpg,56,broccoli,broccoli,False,12,117,0.07487154006958,265.0847,330.9823,321.1587,373.7663,0.0656254366040229,False,True
coco:104612:56:2647,coco,104612,000000104612.jpg,56,broccoli,broccoli,False,12,118,0.0742607861757278,334.0169,201.5282,427.9242,268.2326,0.438205748796463,False,True
coco:104612:56:2647,coco,104612,000000104612.jpg,56,broccoli,broccoli,False,12,119,0.0740159749984741,36.0768,181.2526,168.1525,404.3675,0.3252704739570617,False,True
coco:104612:56:2647,coco,104612,000000104612.jpg,56,broccoli,broccoli,False,12,120,0.0739714205265045,173.8259,168.6047,281.0583,273.1293,0.3316141664981842,False,True
coco:104612:56:2647,coco,104612,000000104612.jpg,56,broccoli,broccoli,False,12,121,0.0738768130540847,141.0116,241.4134,248.386,321.1978,0.2090549767017364,False,True
coco:104612:56:2647,coco,104612,000000104612.jpg,56,broccoli,broccoli,False,12,122,0.0738094672560691,470.0712,264.7357,506.2173,297.0394,0.1817503124475479,False,True
coco:104612:56:2647,coco,104612,000000104612.jpg,56,broccoli,broccoli,False,12,123,0.0737302228808403,65.3888,180.3172,114.6072,253.5747,0.1929924935102462,False,True
coco:104612:56:2647,coco,104612,000000104612.jpg,56,broccoli,broccoli,False,12,124,0.0728555545210838,127.7905,93.845,163.8542,142.2339,0.1053808033466339,False,True
coco:104612:56:2647,coco,104612,000000104612.jpg,56,broccoli,broccoli,False,12,125,0.0727628320455551,282.536,334.2514,321.9078,371.2028,0.0298012737184762,False,True
coco:104612:56:2647,coco,104612,000000104612.jpg,56,broccoli,broccoli,False,12,126,0.0723206475377082,149.887,286.7155,243.3851,416.6033,0.5264925956726074,True,False
coco:104612:56:2647,coco,104612,000000104612.jpg,56,broccoli,broccoli,False,12,127,0.072114497423172,154.3476,133.1035,318.8111,255.9875,0.5686448812484741,True,False
coco:104612:56:2647,coco,104612,000000104612.jpg,56,broccoli,broccoli,False,12,128,0.0717933028936386,77.5186,214.6672,111.148,255.8689,0.074164368212223,False,True
coco:104612:56:2647,coco,104612,000000104612.jpg,56,broccoli,broccoli,False,12,129,0.0717790573835372,304.5126,62.075,350.1924,98.8846,0.0,False,True
coco:104612:56:2647,coco,104612,000000104612.jpg,56,broccoli,broccoli,False,12,130,0.0711715146899223,249.4175,334.2035,295.3094,392.1147,0.1152177602052688,False,True
coco:104612:56:2647,coco,104612,000000104612.jpg,56,broccoli,broccoli,False,12,131,0.0711069852113723,154.806,134.1456,273.7644,288.9568,0.5263662338256836,True,False
coco:104612:56:2647,coco,104612,000000104612.jpg,56,broccoli,broccoli,False,12,132,0.0694542005658149,448.5944,221.2982,462.1064,233.4994,0.0056970468722283,False,True
coco:104612:56:2647,coco,104612,000000104612.jpg,56,broccoli,broccoli,False,12,133,0.0692076757550239,175.4959,242.4764,268.3222,325.8083,0.2288603037595749,False,True
coco:104612:56:2647,coco,104612,000000104612.jpg,56,broccoli,broccoli,False,12,134,0.0689859315752983,419.6872,95.8708,486.6624,149.6214,0.4380132555961609,False,True
coco:104612:56:2647,coco,104612,000000104612.jpg,56,broccoli,broccoli,False,12,135,0.0678593814373016,223.2275,333.8721,362.6733,425.2162,0.2461480051279068,False,True
coco:104612:56:2647,coco,104612,000000104612.jpg,56,broccoli,broccoli,False,12,136,0.0672312602400779,478.7627,150.3484,543.345,181.5727,0.084062360227108,False,True
coco:104612:56:2647,coco,104612,000000104612.jpg,56,broccoli,broccoli,False,12,137,0.0670087337493896,158.0927,55.2116,198.7609,78.4593,0.0,False,True
coco:104612:56:2647,coco,104612,000000104612.jpg,56,broccoli,broccoli,False,12,138,0.0668097212910652,51.8433,247.9567,133.684,319.4173,0.2635335922241211,False,True
coco:104612:56:2647,coco,104612,000000104612.jpg,56,broccoli,broccoli,False,12,139,0.0665569826960563,140.7509,267.8677,220.7845,317.3944,0.132875382900238,False,True
coco:104612:56:2647,coco,104612,000000104612.jpg,56,broccoli,broccoli,False,12,140,0.066263772547245,127.5826,74.4,161.883,107.1158,0.0194721668958663,False,True
coco:104612:56:2647,coco,104612,000000104612.jpg,56,broccoli,broccoli,False,12,141,0.0660368427634239,483.9673,230.323,522.8135,271.6367,0.2168848067522049,False,True
coco:104612:56:2647,coco,104612,000000104612.jpg,56,broccoli,broccoli,False,12,142,0.0652098283171653,244.4604,95.5211,355.5658,152.2697,0.0359221510589122,False,True
coco:104612:56:2647,coco,104612,000000104612.jpg,56,broccoli,broccoli,False,12,143,0.064866118133068,181.2634,90.0752,226.7855,107.5682,0.0914856120944023,False,True
coco:104612:56:2647,coco,104612,000000104612.jpg,56,broccoli,broccoli,False,12,144,0.0645431950688362,190.2035,44.7312,253.5238,84.8056,0.0,False,True
coco:104612:56:2647,coco,104612,000000104612.jpg,56,broccoli,broccoli,False,12,145,0.0643786489963531,479.383,104.8254,558.1136,192.7553,0.297844648361206,False,True
coco:104612:56:2647,coco,104612,000000104612.jpg,56,broccoli,broccoli,False,12,146,0.0642396658658981,222.9324,304.408,322.8165,393.8568,0.2825164496898651,False,True
coco:104612:56:2647,coco,104612,000000104612.jpg,56,broccoli,broccoli,False,12,147,0.0640651434659957,462.9387,150.567,479.2139,161.4271,0.0222428441047668,False,True
coco:104612:56:2647,coco,104612,000000104612.jpg,56,broccoli,broccoli,False,12,148,0.0635444447398185,263.5809,333.6681,298.0016,375.4238,0.0623097829520702,False,True
coco:104612:56:2647,coco,104612,000000104612.jpg,56,broccoli,broccoli,False,12,149,0.0633590444922447,152.5185,343.7052,183.0794,400.2991,0.0749817490577697,False,True
coco:104612:56:2647,coco,104612,000000104612.jpg,56,broccoli,broccoli,False,12,150,0.0632498860359191,72.4894,89.8308,238.3319,199.3179,0.2513104677200317,False,True
coco:104612:56:2647,coco,104612,000000104612.jpg,56,broccoli,broccoli,False,12,151,0.0625668689608573,118.1289,194.6624,192.7203,313.8191,0.1284054666757583,False,True
coco:104612:56:2647,coco,104612,000000104612.jpg,56,broccoli,broccoli,False,12,152,0.0623166896402835,49.2858,264.8266,72.7155,294.3282,0.0302813313901424,False,True
coco:104612:56:2647,coco,104612,000000104612.jpg,56,broccoli,broccoli,False,12,153,0.0622726939618587,174.4597,242.9285,241.701,321.0098,0.1553358137607574,False,True
coco:104612:56:2647,coco,104612,000000104612.jpg,56,broccoli,broccoli,False,12,154,0.0619913563132286,258.568,311.1498,438.2013,424.4116,0.1263504028320312,False,True
coco:104612:56:2647,coco,104612,000000104612.jpg,56,broccoli,broccoli,False,12,155,0.0615099593997001,391.8138,38.7887,418.9059,57.3464,0.0716320127248764,False,True
coco:104612:56:2647,coco,104612,000000104612.jpg,56,broccoli,broccoli,False,12,156,0.0612156316637992,279.0944,69.2332,301.8405,90.6863,0.0,False,True
coco:104612:56:2647,coco,104612,000000104612.jpg,56,broccoli,broccoli,False,12,157,0.0609975941479206,254.529,303.1302,323.2597,371.0117,0.130661591887474,False,True
coco:104612:56:2647,coco,104612,000000104612.jpg,56,broccoli,broccoli,False,12,158,0.0604038350284099,258.42,201.7729,454.101,424.5979,0.3164717555046081,False,True
coco:104612:56:2647,coco,104612,000000104612.jpg,56,broccoli,broccoli,False,12,159,0.0603178031742572,318.7126,238.9747,385.5159,302.347,0.2959608435630798,False,True
coco:104612:56:2647,coco,104612,000000104612.jpg,56,broccoli,broccoli,False,12,160,0.0599557533860206,64.6798,179.269,133.7808,225.2372,0.1700210273265838,False,True
coco:104612:56:2647,coco,104612,000000104612.jpg,56,broccoli,broccoli,False,12,161,0.0598232522606849,65.8978,180.5516,134.6885,272.2295,0.3375634253025055,False,True
coco:104612:56:2647,coco,104612,000000104612.jpg,56,broccoli,broccoli,False,12,162,0.0598217919468879,433.8628,230.485,525.832,340.822,0.4654282033443451,False,True
coco:104612:56:2647,coco,104612,000000104612.jpg,56,broccoli,broccoli,False,12,163,0.0597854480147361,411.661,340.3933,443.7715,395.2307,0.0,False,True
coco:104612:56:2647,coco,104612,000000104612.jpg,56,broccoli,broccoli,False,12,164,0.0596834905445575,99.3971,197.9088,180.7666,309.979,0.2054457068443298,False,True
coco:104612:56:2647,coco,104612,000000104612.jpg,56,broccoli,broccoli,False,12,165,0.0590592138469219,366.1368,285.2558,501.7904,354.1097,0.1034285649657249,False,True
coco:104612:56:2647,coco,104612,000000104612.jpg,56,broccoli,broccoli,False,12,166,0.0579250231385231,166.0285,59.3961,195.4111,78.8793,0.0,False,True
coco:104612:56:2647,coco,104612,000000104612.jpg,56,broccoli,broccoli,False,12,167,0.0569012388586998,470.1549,266.0578,523.7837,338.0224,0.603829026222229,True,False
coco:104612:56:2647,coco,104612,000000104612.jpg,56,broccoli,broccoli,False,12,168,0.0560212880373001,367.2876,201.5362,428.2006,265.0001,0.2709770202636719,False,True
coco:104612:56:2647,coco,104612,000000104612.jpg,56,broccoli,broccoli,False,12,169,0.0557006075978279,144.3958,134.1537,323.2236,421.5661,0.6371052265167236,True,False
coco:104612:56:2647,coco,104612,000000104612.jpg,56,broccoli,broccoli,False,12,170,0.054694827646017,221.2693,49.1056,255.6226,129.9326,0.0384935140609741,False,True
coco:104612:56:2647,coco,104612,000000104612.jpg,56,broccoli,broccoli,False,12,171,0.0544021129608154,450.5228,191.7241,491.752,222.8639,0.0061556831933557,False,True
coco:104612:56:2647,coco,104612,000000104612.jpg,56,broccoli,broccoli,False,12,172,0.0543888323009014,295.4447,331.3947,323.9151,369.7802,0.0101033169776201,False,True
coco:104612:56:2647,coco,104612,000000104612.jpg,56,broccoli,broccoli,False,12,173,0.0540064014494419,131.7181,194.5823,164.0305,257.8438,0.063704527914524,False,True
coco:104612:56:2647,coco,104612,000000104612.jpg,56,broccoli,broccoli,False,12,174,0.0536187551915645,83.9415,115.2659,146.6258,148.5061,0.099267765879631,False,True
coco:104612:56:2647,coco,104612,000000104612.jpg,56,broccoli,broccoli,False,12,175,0.0532523095607757,35.9567,179.9627,179.3619,313.1582,0.4631017446517944,False,True
coco:104612:56:2647,coco,104612,000000104612.jpg,56,broccoli,broccoli,False,12,176,0.053196046501398,411.592,365.8102,507.9849,402.4263,0.0008270306861959,False,True
coco:104612:56:2647,coco,104612,000000104612.jpg,56,broccoli,broccoli,False,12,177,0.0521581098437309,140.772,211.0734,258.813,313.4675,0.2955926954746246,False,True
coco:104612:56:2647,coco,104612,000000104612.jpg,56,broccoli,broccoli,False,12,178,0.0516117289662361,181.9712,274.7008,243.1918,374.1286,0.2638924717903137,False,True
coco:104612:56:2647,coco,104612,000000104612.jpg,56,broccoli,broccoli,False,12,179,0.0513442419469356,149.5131,288.5759,214.7294,375.6049,0.2460602074861526,False,True
coco:104612:56:2647,coco,104612,000000104612.jpg,56,broccoli,broccoli,False,12,180,0.0512660667300224,162.0393,46.1729,356.1125,152.0019,0.1714950501918792,False,True
coco:104612:56:2647,coco,104612,000000104612.jpg,56,broccoli,broccoli,False,12,181,0.0510453023016452,365.6949,201.5729,440.8649,280.8967,0.4193126261234283,False,True
coco:104612:56:2647,coco,104612,000000104612.jpg,56,broccoli,broccoli,False,12,182,0.0500305965542793,127.8237,35.4842,228.8794,121.143,0.1617922633886337,False,True
coco:104612:51:2648,coco,104612,000000104612.jpg,51,bowl,bowl,True,0,0,0.8745731115341187,0.7123,0.5929,638.6625,479.0214,0.0,False,True
coco:104612:72:2649,coco,104612,000000104612.jpg,72,tv,tv,True,0,0,0.2890542149543762,1.4989,1.2353,638.0301,478.693,0.0,False,True
coco:104612:72:2649,coco,104612,000000104612.jpg,72,tv,tv,True,0,1,0.0505150631070137,153.7675,134.1992,324.4462,334.733,0.0,False,True
coco:104669:55:2656,coco,104669,000000104669.jpg,55,orange,orange,False,1,0,0.4147973954677582,286.4543,127.3102,378.3427,213.5191,0.7970771193504333,True,False
coco:104669:55:2656,coco,104669,000000104669.jpg,55,orange,orange,False,1,1,0.2246866524219513,243.5698,47.7391,295.8302,100.2179,0.0,False,True
coco:104669:55:2656,coco,104669,000000104669.jpg,55,orange,orange,False,1,2,0.2221975922584533,278.7631,75.2944,334.8952,133.7466,0.0172137543559074,False,True
coco:104669:55:2656,coco,104669,000000104669.jpg,55,orange,orange,False,1,3,0.2001570165157318,235.5028,122.932,288.5049,172.5996,0.0023907199501991,False,True
coco:104669:55:2656,coco,104669,000000104669.jpg,55,orange,orange,False,1,4,0.1854593604803085,318.748,182.5062,385.8783,244.0087,0.2756647169589996,False,True
coco:104669:55:2656,coco,104669,000000104669.jpg,55,orange,orange,False,1,5,0.1646438539028167,287.3782,175.9499,378.7889,215.7988,0.3899024724960327,False,True
coco:104669:55:2656,coco,104669,000000104669.jpg,55,orange,orange,False,1,6,0.1532128304243087,282.7059,126.587,343.303,181.2366,0.2972188591957092,False,True
coco:104669:55:2656,coco,104669,000000104669.jpg,55,orange,orange,False,1,7,0.1361262053251266,150.0642,225.5596,192.9907,263.6795,0.0,False,True
coco:104669:55:2656,coco,104669,000000104669.jpg,55,orange,orange,False,1,8,0.1345085650682449,328.4677,127.4696,378.1599,181.5195,0.2775208353996277,False,True
coco:104669:55:2656,coco,104669,000000104669.jpg,55,orange,orange,False,1,9,0.1289550364017486,286.0452,127.2396,385.158,243.8529,0.8025140762329102,True,False
coco:104669:55:2656,coco,104669,000000104669.jpg,55,orange,orange,False,1,10,0.1228370368480682,287.7153,177.2484,385.7091,244.1646,0.4398998320102691,False,True
coco:104669:55:2656,coco,104669,000000104669.jpg,55,orange,orange,False,1,11,0.117477111518383,318.5813,176.5074,379.332,216.3065,0.2606715857982635,False,True
coco:104669:55:2656,coco,104669,000000104669.jpg,55,orange,orange,False,1,12,0.1098722890019416,286.8509,181.0121,322.8111,215.6866,0.1302106529474258,False,True
coco:104669:55:2656,coco,104669,000000104669.jpg,55,orange,orange,False,1,13,0.106191448867321,318.6785,181.6798,365.7747,216.4184,0.1763876527547836,False,True
coco:104669:55:2656,coco,104669,000000104669.jpg,55,orange,orange,False,1,14,0.1040428280830383,44.6871,22.8846,409.6319,354.701,0.0765958726406097,False,True
coco:104669:55:2656,coco,104669,000000104669.jpg,55,orange,orange,False,1,15,0.1018988564610481,175.9032,238.7488,209.4368,265.2896,0.0,False,True
coco:104669:55:2656,coco,104669,000000104669.jpg,55,orange,orange,False,1,16,0.0926815196871757,322.4821,213.5489,381.0681,244.1932,0.0913399681448936,False,True
coco:104669:55:2656,coco,104669,000000104669.jpg,55,orange,orange,False,1,17,0.0891824811697006,235.0454,186.7975,264.3424,216.1025,0.0,False,True
coco:104669:55:2656,coco,104669,000000104669.jpg,55,orange,orange,False,1,18,0.0874864161014556,368.2933,176.4667,379.2308,192.143,0.0184856094419956,False,True
coco:104669:55:2656,coco,104669,000000104669.jpg,55,orange,orange,False,1,19,0.0871773138642311,166.0708,225.6468,192.7853,240.2093,0.0,False,True
coco:104669:55:2656,coco,104669,000000104669.jpg,55,orange,orange,False,1,20,0.0851762518286705,208.8461,214.3042,229.505,249.5799,0.0,False,True
coco:104669:55:2656,coco,104669,000000104669.jpg,55,orange,orange,False,1,21,0.0778108760714531,150.6483,248.5745,172.3936,263.8501,0.0,False,True
coco:104669:55:2656,coco,104669,000000104669.jpg,55,orange,orange,False,1,22,0.0772075727581977,247.7096,162.2901,300.4339,212.1744,0.0556617341935634,False,True
coco:104669:55:2656,coco,104669,000000104669.jpg,55,orange,orange,False,1,23,0.0753489434719085,195.5099,204.8496,217.7394,247.496,0.0,False,True
coco:104669:55:2656,coco,104669,000000104669.jpg,55,orange,orange,False,1,24,0.0730778872966766,319.102,182.9973,385.9546,221.0629,0.2453579604625702,False,True
coco:104669:55:2656,coco,104669,000000104669.jpg,55,orange,orange,False,1,25,0.0707380026578903,358.803,185.8471,386.0883,220.7685,0.0791297331452369,False,True
coco:104669:55:2656,coco,104669,000000104669.jpg,55,orange,orange,False,1,26,0.0692039728164672,175.4563,237.289,231.3031,322.6179,0.0,False,True
coco:104669:55:2656,coco,104669,000000104669.jpg,55,orange,orange,False,1,27,0.0642891377210617,239.356,47.6187,379.3326,215.9834,0.3186548054218292,False,True
coco:104669:55:2656,coco,104669,000000104669.jpg,55,orange,orange,False,1,28,0.0626057609915733,287.8867,179.3375,365.754,230.8959,0.4171812832355499,False,True
coco:104669:55:2656,coco,104669,000000104669.jpg,55,orange,orange,False,1,29,0.062277041375637,351.5361,216.1962,381.2776,243.7879,0.0396141000092029,False,True
coco:104669:55:2656,coco,104669,000000104669.jpg,55,orange,orange,False,1,30,0.0616688542068004,286.9011,180.6205,324.5345,229.7013,0.1925780922174453,False,True
coco:104669:55:2656,coco,104669,000000104669.jpg,55,orange,orange,False,1,31,0.0606837011873722,232.4282,253.2041,247.4072,269.1537,0.0,False,True
coco:104669:55:2656,coco,104669,000000104669.jpg,55,orange,orange,False,1,32,0.060181513428688,292.8163,189.6,321.5803,214.982,0.078712873160839,False,True
coco:104669:55:2656,coco,104669,000000104669.jpg,55,orange,orange,False,1,33,0.0554147735238075,199.7213,260.4845,283.4567,327.5432,0.0,False,True
coco:104669:55:2656,coco,104669,000000104669.jpg,55,orange,orange,False,1,34,0.0513159483671188,186.3464,299.6486,211.3876,353.5167,0.0,False,True
coco:104669:55:2656,coco,104669,000000104669.jpg,55,orange,orange,False,1,35,0.050703827291727,219.578,171.6241,238.9646,242.5693,0.0,False,True
coco:104669:7:2657,coco,104669,000000104669.jpg,7,train,train,True,0,0,0.0928343161940574,44.6418,22.8936,408.7465,353.4638,0.0,False,True
coco:104669:7:2657,coco,104669,000000104669.jpg,7,train,train,True,0,1,0.0581124983727932,94.789,24.7456,252.2025,242.7574,0.0,False,True
coco:104669:18:2658,coco,104669,000000104669.jpg,18,dog,dog,True,0,0,0.1672595888376236,94.9991,24.6509,252.2882,242.6748,0.0,False,True
coco:104669:18:2658,coco,104669,000000104669.jpg,18,dog,dog,True,0,1,0.0867794007062912,44.3748,22.9045,410.1441,352.4046,0.0,False,True
coco:106048:6:2686,coco,106048,000000106048.jpg,6,bus,bus,False,1,0,0.9397037029266356,144.3332,62.3726,523.3719,322.0159,0.9715638160705566,True,False
coco:106048:37:2687,coco,106048,000000106048.jpg,37,sports ball,sports ball,True,0,0,0.1165686324238777,144.3991,62.8183,524.0229,321.4773,0.0,False,True
coco:106048:53:2688,coco,106048,000000106048.jpg,53,apple,apple,True,0,0,0.0653422772884368,144.1345,62.6959,524.0134,321.7141,0.0,False,True
coco:106266:59:2692,coco,106266,000000106266.jpg,59,pizza,pizza,False,1,0,0.4405823051929474,0.8755,0.5328,605.9735,479.3964,0.1103521808981895,False,True
coco:106266:59:2692,coco,106266,000000106266.jpg,59,pizza,pizza,False,1,1,0.3629615008831024,0.2549,118.5975,234.0587,337.1893,0.0,False,True
coco:106266:59:2692,coco,106266,000000106266.jpg,59,pizza,pizza,False,1,2,0.3496337234973907,83.9952,287.2838,328.2555,479.4848,0.0,False,True
coco:106266:59:2692,coco,106266,000000106266.jpg,59,pizza,pizza,False,1,3,0.3437300026416778,139.4728,3.0609,348.2168,173.4832,0.0,False,True
coco:106266:59:2692,coco,106266,000000106266.jpg,59,pizza,pizza,False,1,4,0.3069241046905517,341.263,0.1115,582.2346,212.7438,0.0,False,True
coco:106266:59:2692,coco,106266,000000106266.jpg,59,pizza,pizza,False,1,5,0.2870306670665741,293.7407,228.3307,604.69,479.3401,0.3886302411556244,False,True
coco:106266:59:2692,coco,106266,000000106266.jpg,59,pizza,pizza,False,1,6,0.2838602364063263,229.8295,107.2611,436.1668,317.9752,0.0308210831135511,False,True
coco:106266:59:2692,coco,106266,000000106266.jpg,59,pizza,pizza,False,1,7,0.2352124601602554,409.5545,228.603,604.7269,391.7364,0.8927704691886902,True,False
coco:106266:59:2692,coco,106266,000000106266.jpg,59,pizza,pizza,False,1,8,0.2230133563280105,229.8851,144.149,399.1519,318.0481,0.0,False,True
coco:106266:59:2692,coco,106266,000000106266.jpg,59,pizza,pizza,False,1,9,0.2205194681882858,294.1306,326.7061,543.0151,479.4438,0.1462461352348327,False,True
coco:106266:59:2692,coco,106266,000000106266.jpg,59,pizza,pizza,False,1,10,0.1981666833162307,284.5871,107.047,436.2678,217.5948,0.0,False,True
coco:106266:59:2692,coco,106266,000000106266.jpg,59,pizza,pizza,False,1,11,0.1744413524866104,500.8462,171.3965,603.7467,277.492,0.1426260322332382,False,True
coco:106266:59:2692,coco,106266,000000106266.jpg,59,pizza,pizza,False,1,12,0.1486885547637939,83.9148,227.1204,604.7433,479.3928,0.2343485057353973,False,True
coco:106266:59:2692,coco,106266,000000106266.jpg,59,pizza,pizza,False,1,13,0.0807462260127067,241.3225,107.361,436.3581,237.9624,0.006656187120825,False,True
coco:106266:59:2692,coco,106266,000000106266.jpg,59,pizza,pizza,False,1,14,0.078751765191555,344.0377,70.6811,494.6594,199.1653,0.0,False,True
coco:106266:59:2692,coco,106266,000000106266.jpg,59,pizza,pizza,False,1,15,0.076799139380455,341.0075,0.3364,464.0665,81.4572,0.0,False,True
coco:106266:59:2692,coco,106266,000000106266.jpg,59,pizza,pizza,False,1,16,0.0699093714356422,301.5615,249.1258,419.0831,338.1548,0.0136156557127833,False,True
coco:106266:59:2692,coco,106266,000000106266.jpg,59,pizza,pizza,False,1,17,0.0697428286075592,293.3287,0.0325,605.1991,479.2627,0.2139440178871154,False,True
coco:106266:59:2692,coco,106266,000000106266.jpg,59,pizza,pizza,False,1,18,0.0696776583790779,84.1618,287.2746,507.2181,479.3595,0.0990451499819755,False,True
coco:106266:59:2692,coco,106266,000000106266.jpg,59,pizza,pizza,False,1,19,0.0675022527575492,83.8678,242.0322,424.0162,478.6933,0.0156816132366657,False,True
coco:106266:59:2692,coco,106266,000000106266.jpg,59,pizza,pizza,False,1,20,0.0670619085431099,229.6589,1.1528,583.1486,317.588,0.1278851330280304,False,True
coco:106266:59:2692,coco,106266,000000106266.jpg,59,pizza,pizza,False,1,21,0.0516525097191333,84.8248,332.6363,301.9641,479.2729,0.0,False,True
coco:106266:1:2693,coco,106266,000000106266.jpg,1,person,person,True,0,0,0.3615299463272095,278.4891,0.1911,537.658,59.6376,0.0,False,True
coco:106266:1:2693,coco,106266,000000106266.jpg,1,person,person,True,0,1,0.2053646743297577,1.4881,0.5351,605.8915,479.8032,0.0,False,True
coco:106266:1:2693,coco,106266,000000106266.jpg,1,person,person,True,0,2,0.1376511007547378,139.7955,3.3834,348.4037,173.0716,0.0,False,True
coco:106266:1:2693,coco,106266,000000106266.jpg,1,person,person,True,0,3,0.1324122101068496,138.9939,0.4218,537.1944,173.3934,0.0,False,True
coco:106266:1:2693,coco,106266,000000106266.jpg,1,person,person,True,0,4,0.1289738267660141,502.1768,29.8002,537.5266,58.9756,0.0,False,True
coco:106266:1:2693,coco,106266,000000106266.jpg,1,person,person,True,0,5,0.1215382367372512,278.2068,0.1026,465.5972,16.3686,0.0,False,True
coco:106266:1:2693,coco,106266,000000106266.jpg,1,person,person,True,0,6,0.1135110184550285,341.9449,1.6965,580.7102,212.3751,0.0,False,True
coco:106266:1:2693,coco,106266,000000106266.jpg,1,person,person,True,0,7,0.1037353500723838,87.8351,0.1425,538.0305,62.1066,0.0,False,True
coco:106266:1:2693,coco,106266,000000106266.jpg,1,person,person,True,0,8,0.089617982506752,0.4018,118.5973,233.7542,336.9345,0.0,False,True
coco:106266:1:2693,coco,106266,000000106266.jpg,1,person,person,True,0,9,0.079243890941143,229.9049,107.8926,436.6562,318.247,0.0,False,True
coco:106266:1:2693,coco,106266,000000106266.jpg,1,person,person,True,0,10,0.0761595666408538,230.8354,1.7323,604.6863,478.4242,0.0,False,True
coco:106266:1:2693,coco,106266,000000106266.jpg,1,person,person,True,0,11,0.0758890882134437,228.2944,1.4873,581.1663,319.4688,0.0,False,True
coco:106266:1:2693,coco,106266,000000106266.jpg,1,person,person,True,0,12,0.0753387212753295,341.2841,0.7745,602.929,276.4135,0.0,False,True
coco:106266:1:2693,coco,106266,000000106266.jpg,1,person,person,True,0,13,0.0717603713274002,281.1896,0.7081,544.1907,211.2033,0.0,False,True
coco:106266:1:2693,coco,106266,000000106266.jpg,1,person,person,True,0,14,0.0676394775509834,185.6501,0.0319,466.3556,17.2641,0.0,False,True
coco:106266:1:2693,coco,106266,000000106266.jpg,1,person,person,True,0,15,0.0673136711120605,84.1996,288.6157,333.768,479.373,0.0,False,True
coco:106266:1:2693,coco,106266,000000106266.jpg,1,person,person,True,0,16,0.0644619241356849,278.1703,0.2812,537.8174,112.6436,0.0,False,True
coco:106266:1:2693,coco,106266,000000106266.jpg,1,person,person,True,0,17,0.0637262612581253,342.3428,1.8729,537.9185,179.7007,0.0,False,True
coco:106266:1:2693,coco,106266,000000106266.jpg,1,person,person,True,0,18,0.0619044080376625,440.2992,0.5485,537.4937,59.2919,0.0,False,True
coco:106266:1:2693,coco,106266,000000106266.jpg,1,person,person,True,0,19,0.0603041537106037,278.5759,0.4392,637.3749,123.952,0.0,False,True
coco:106266:1:2693,coco,106266,000000106266.jpg,1,person,person,True,0,20,0.0576118864119052,13.5861,0.4391,537.6592,107.5862,0.0,False,True
coco:106266:1:2693,coco,106266,000000106266.jpg,1,person,person,True,0,21,0.0572267808020114,230.1223,144.3561,398.0023,318.1087,0.0,False,True
coco:106266:1:2693,coco,106266,000000106266.jpg,1,person,person,True,0,22,0.0550230257213115,84.1956,227.9059,604.5286,479.3507,0.0,False,True
coco:106266:1:2693,coco,106266,000000106266.jpg,1,person,person,True,0,23,0.0541713461279869,284.79,107.3908,436.3494,216.8224,0.0,False,True
coco:106266:1:2693,coco,106266,000000106266.jpg,1,person,person,True,0,24,0.0539713948965072,433.6413,0.1619,465.3247,12.7398,0.0,False,True
coco:106266:1:2693,coco,106266,000000106266.jpg,1,person,person,True,0,25,0.0538222678005695,293.4226,227.9815,604.4528,479.2623,0.0,False,True
coco:106266:1:2693,coco,106266,000000106266.jpg,1,person,person,True,0,26,0.0536745525896549,0.8123,1.1427,538.3511,336.1859,0.0,False,True
coco:106266:1:2693,coco,106266,000000106266.jpg,1,person,person,True,0,27,0.0508500449359416,341.8434,1.7061,581.7673,131.0851,0.0,False,True
coco:106266:38:2694,coco,106266,000000106266.jpg,38,kite,kite,True,0,0,0.0962352603673935,140.2053,3.7139,348.1119,173.3417,0.0,False,True
coco:106266:38:2694,coco,106266,000000106266.jpg,38,kite,kite,True,0,1,0.0873667672276496,301.3092,247.8963,418.2271,339.0211,0.0,False,True
coco:106266:38:2694,coco,106266,000000106266.jpg,38,kite,kite,True,0,2,0.0763293951749801,0.7637,119.0318,233.7999,336.7023,0.0,False,True
coco:106266:38:2694,coco,106266,000000106266.jpg,38,kite,kite,True,0,3,0.0552878752350807,2.3444,0.0414,636.3844,480.006,0.0,False,True
coco:106281:7:2695,coco,106281,000000106281.jpg,7,train,train,False,2,0,0.8704846501350403,96.2777,62.1877,292.9712,424.4962,0.9046601057052612,True,False
coco:106281:7:2695,coco,106281,000000106281.jpg,7,train,train,False,2,1,0.595526933670044,141.9142,40.9789,352.6364,140.6912,0.7320828437805176,True,False
coco:106281:7:2695,coco,106281,000000106281.jpg,7,train,train,False,2,2,0.1951959431171417,228.7685,59.8959,352.1838,140.6858,0.6311380863189697,True,False
coco:106281:7:2695,coco,106281,000000106281.jpg,7,train,train,False,2,3,0.135385662317276,137.9888,41.0281,188.7499,76.0144,0.008783807978034,False,True
coco:106281:7:2695,coco,106281,000000106281.jpg,7,train,train,False,2,4,0.1315345466136932,138.9201,39.8515,227.6748,75.8433,0.0690692216157913,False,True
coco:106281:7:2695,coco,106281,000000106281.jpg,7,train,train,False,2,5,0.0911414101719856,344.3922,19.536,639.5571,137.2241,0.0118565168231725,False,True
coco:106281:7:2695,coco,106281,000000106281.jpg,7,train,train,False,2,6,0.0892989188432693,268.5694,69.72,352.1455,140.6674,0.3741672039031982,False,True
coco:106281:7:2695,coco,106281,000000106281.jpg,7,train,train,False,2,7,0.0885071232914924,88.4764,37.1888,188.1666,77.7499,0.0098220622166991,False,True
coco:106281:7:2695,coco,106281,000000106281.jpg,7,train,train,False,2,8,0.0884103775024414,188.0838,66.1813,264.866,153.4864,0.3496710062026977,False,True
coco:106281:7:2695,coco,106281,000000106281.jpg,7,train,train,False,2,9,0.086352027952671,0.3668,2.1418,72.9692,247.5384,0.0,False,True
coco:106281:7:2695,coco,106281,000000106281.jpg,7,train,train,False,2,10,0.0783242881298065,140.1715,39.9634,269.5082,105.5344,0.2569056749343872,False,True
coco:106281:7:2695,coco,106281,000000106281.jpg,7,train,train,False,2,11,0.0762306526303291,88.5626,35.5607,128.3039,78.4329,0.0033199414610862,False,True
coco:106281:7:2695,coco,106281,000000106281.jpg,7,train,train,False,2,12,0.0700454339385032,70.4303,32.6323,139.2359,79.5004,0.0052075264975428,False,True
coco:106281:7:2695,coco,106281,000000106281.jpg,7,train,train,False,2,13,0.0656332001090049,141.4216,18.2308,639.7292,139.6889,0.2514867782592773,False,True
coco:106281:7:2695,coco,106281,000000106281.jpg,7,train,train,False,2,14,0.0651819258928299,181.3668,47.257,270.1101,105.7654,0.3147609829902649,False,True
coco:106281:7:2695,coco,106281,000000106281.jpg,7,train,train,False,2,15,0.0607550479471683,70.2007,30.4993,352.7259,140.7454,0.4950680732727051,False,True
coco:106281:7:2695,coco,106281,000000106281.jpg,7,train,train,False,2,16,0.0570814833045005,181.0086,48.7867,227.3933,66.391,0.049819178879261,False,True
coco:106281:7:2695,coco,106281,000000106281.jpg,7,train,train,False,2,17,0.0567969754338264,262.0689,18.3827,343.7402,67.8583,0.0873973593115806,False,True
coco:106281:7:2695,coco,106281,000000106281.jpg,7,train,train,False,2,18,0.0540051609277725,157.4732,41.1029,227.3215,66.3532,0.047386635094881,False,True
coco:106281:65:2696,coco,106281,000000106281.jpg,65,bed,bed,True,0,0,0.2572734653949737,96.4154,65.3531,292.6461,424.2054,0.0,False,True
coco:106281:65:2696,coco,106281,000000106281.jpg,65,bed,bed,True,0,1,0.1356279999017715,146.1142,40.9589,352.1402,140.4832,0.0,False,True
coco:106281:65:2696,coco,106281,000000106281.jpg,65,bed,bed,True,0,2,0.0591802820563316,228.9395,59.2622,351.7745,139.7568,0.0,False,True
coco:106281:65:2696,coco,106281,000000106281.jpg,65,bed,bed,True,0,3,0.0529886521399021,188.9172,69.5759,263.4202,151.6891,0.0,False,True
coco:106281:37:2697,coco,106281,000000106281.jpg,37,sports ball,sports ball,True,0,0,0.1221090406179428,96.416,66.0547,292.6098,424.2219,0.0,False,True
coco:106281:37:2697,coco,106281,000000106281.jpg,37,sports ball,sports ball,True,0,1,0.088133729994297,146.625,41.5423,352.4781,140.3842,0.0,False,True
coco:106389:87:2701,coco,106389,000000106389.jpg,87,scissors,scissors,False,2,0,0.4502799808979034,599.6075,94.0182,617.4307,131.1871,0.8444687724113464,True,False
coco:106389:87:2701,coco,106389,000000106389.jpg,87,scissors,scissors,False,2,1,0.3263408243656158,613.8835,131.4346,631.4763,150.958,0.0,False,True
coco:106389:87:2701,coco,106389,000000106389.jpg,87,scissors,scissors,False,2,2,0.268348217010498,613.7888,131.9721,621.2872,149.8389,0.0,False,True
coco:106389:87:2701,coco,106389,000000106389.jpg,87,scissors,scissors,False,2,3,0.2656987905502319,621.3547,132.9415,631.3811,150.9827,0.0,False,True
coco:106389:87:2701,coco,106389,000000106389.jpg,87,scissors,scissors,False,2,4,0.195297360420227,590.3326,93.9207,617.3307,131.9433,0.5449661016464233,True,False
coco:106389:87:2701,coco,106389,000000106389.jpg,87,scissors,scissors,False,2,5,0.1948577761650085,590.204,109.8315,608.8506,131.8427,0.8768212795257568,True,False
coco:106389:87:2701,coco,106389,000000106389.jpg,87,scissors,scissors,False,2,6,0.091643214225769,590.0458,110.7111,598.3856,129.9075,0.3445973694324493,False,True
coco:106389:87:2701,coco,106389,000000106389.jpg,87,scissors,scissors,False,2,7,0.0843089893460273,615.4418,66.0325,639.7408,83.3316,0.0,False,True
coco:106389:87:2701,coco,106389,000000106389.jpg,87,scissors,scissors,False,2,8,0.080935537815094,590.0273,93.9518,632.2004,150.7246,0.2336530536413192,False,True
coco:106389:87:2701,coco,106389,000000106389.jpg,87,scissors,scissors,False,2,9,0.0740356370806694,606.9083,131.6063,632.2732,165.0396,0.0007377046858891,False,True
coco:106389:87:2701,coco,106389,000000106389.jpg,87,scissors,scissors,False,2,10,0.0523488335311412,91.0125,82.0385,233.3917,271.6497,0.0,False,True
coco:106389:79:2703,coco,106389,000000106389.jpg,79,oven,oven,True,0,0,0.225654050707817,0.6854,38.4787,315.6034,478.5676,0.0,False,True
coco:106389:79:2703,coco,106389,000000106389.jpg,79,oven,oven,True,0,1,0.1030643656849861,0.8339,1.1618,639.018,479.0111,0.0,False,True
coco:106389:79:2703,coco,106389,000000106389.jpg,79,oven,oven,True,0,2,0.0927443355321884,1.5905,32.6732,315.858,204.2386,0.0,False,True
coco:106389:79:2703,coco,106389,000000106389.jpg,79,oven,oven,True,0,3,0.0845254808664321,90.2641,82.3165,233.7449,272.2039,0.0,False,True
coco:106389:79:2703,coco,106389,000000106389.jpg,79,oven,oven,True,0,4,0.0798957869410514,0.1105,2.7061,434.5785,477.9137,0.0,False,True
coco:106389:79:2703,coco,106389,000000106389.jpg,79,oven,oven,True,0,5,0.0748553276062011,2.3182,1.1105,438.0692,205.7701,0.0,False,True
coco:106389:79:2703,coco,106389,000000106389.jpg,79,oven,oven,True,0,6,0.073113277554512,309.8232,22.9718,635.3889,329.5601,0.0,False,True
coco:106389:79:2703,coco,106389,000000106389.jpg,79,oven,oven,True,0,7,0.0619281642138958,2.1296,32.6438,314.8553,152.8722,0.0,False,True
coco:106389:79:2703,coco,106389,000000106389.jpg,79,oven,oven,True,0,8,0.0525088012218475,459.5316,136.3802,639.0588,386.5894,0.0,False,True
coco:106389:79:2703,coco,106389,000000106389.jpg,79,oven,oven,True,0,9,0.0506574511528015,118.8456,32.7875,313.9574,150.974,0.0,False,True
coco:106563:85:2704,coco,106563,000000106563.jpg,85,clock,clock,False,1,0,0.9046273827552797,261.6674,462.3504,350.0008,551.2893,0.964927077293396,True,False
coco:106563:85:2704,coco,106563,000000106563.jpg,85,clock,clock,False,1,1,0.0657325536012649,171.6526,370.9074,442.0949,610.9157,0.1222475320100784,False,True
coco:106563:48:2705,coco,106563,000000106563.jpg,48,fork,fork,True,0,0,0.1009024530649185,262.6236,462.7774,349.0006,551.0048,0.0,False,True
coco:106563:37:2706,coco,106563,000000106563.jpg,37,sports ball,sports ball,True,0,0,0.0965617671608924,262.3493,462.8951,349.3805,551.1873,0.0,False,True
coco:106757:1:2707,coco,106757,000000106757.jpg,1,person,person,False,2,0,0.8358187675476074,212.0762,229.2362,425.4471,639.1925,0.9622349739074708,True,False
coco:106757:1:2707,coco,106757,000000106757.jpg,1,person,person,False,2,1,0.3144820928573608,285.8098,189.6674,293.133,210.035,0.0,False,True
coco:106757:1:2707,coco,106757,000000106757.jpg,1,person,person,False,2,2,0.216641217470169,280.0194,193.3186,287.0686,206.3374,0.0472410432994365,False,True
coco:106757:1:2707,coco,106757,000000106757.jpg,1,person,person,False,2,3,0.1846300363540649,275.6105,192.0509,281.2193,202.1951,0.6743270754814148,True,False
coco:106757:1:2707,coco,106757,000000106757.jpg,1,person,person,False,2,4,0.098292626440525,281.8402,193.1667,287.3192,205.6023,0.0,False,True
coco:106757:1:2707,coco,106757,000000106757.jpg,1,person,person,False,2,5,0.087589256465435,0.5063,35.3483,300.96,638.574,0.1578496992588043,False,True
coco:106757:1:2707,coco,106757,000000106757.jpg,1,person,person,False,2,6,0.0851029753684997,275.3008,191.9832,279.5925,199.7066,0.4874055385589599,False,True
coco:106757:1:2707,coco,106757,000000106757.jpg,1,person,person,False,2,7,0.0789570584893226,276.2857,192.4304,287.2981,206.9078,0.2369229346513748,False,True
coco:106757:1:2707,coco,106757,000000106757.jpg,1,person,person,False,2,8,0.0722273290157318,276.2878,189.7951,293.096,210.1744,0.1120066717267036,False,True
coco:106757:1:2707,coco,106757,000000106757.jpg,1,person,person,False,2,9,0.0514863617718219,296.2712,196.5697,302.6129,205.9877,0.0,False,True
coco:106757:23:2708,coco,106757,000000106757.jpg,23,bear,bear,True,0,0,0.5548398494720459,0.555,35.0197,302.5514,638.9287,0.0,False,True
coco:106757:23:2708,coco,106757,000000106757.jpg,23,bear,bear,True,0,1,0.0546909607946872,2.0409,35.2801,302.9387,440.6703,0.0,False,True
coco:106757:13:2709,coco,106757,000000106757.jpg,13,stop sign,stop sign,True,0,0,0.1829963773488998,1.6298,34.7073,423.3819,637.7366,0.0,False,True
coco:106757:13:2709,coco,106757,000000106757.jpg,13,stop sign,stop sign,True,0,1,0.1253760308027267,286.1743,189.5061,292.9154,209.4535,0.0,False,True
coco:106757:13:2709,coco,106757,000000106757.jpg,13,stop sign,stop sign,True,0,2,0.0872060433030128,287.2458,193.8316,292.3221,203.9609,0.0,False,True
coco:106757:13:2709,coco,106757,000000106757.jpg,13,stop sign,stop sign,True,0,3,0.0656275078654289,212.9938,228.307,424.7211,637.4958,0.0,False,True
coco:106757:13:2709,coco,106757,000000106757.jpg,13,stop sign,stop sign,True,0,4,0.0573741905391216,275.9197,189.1442,311.6011,210.8853,0.0,False,True
coco:107094:27:2719,coco,107094,000000107094.jpg,27,backpack,backpack,False,1,0,0.4545705318450928,554.8833,133.7624,619.0549,251.4682,0.2975772321224212,False,True
coco:107094:27:2719,coco,107094,000000107094.jpg,27,backpack,backpack,False,1,1,0.1347406506538391,476.0194,133.6086,600.0958,293.0852,0.0514072440564632,False,True
coco:107094:27:2719,coco,107094,000000107094.jpg,27,backpack,backpack,False,1,2,0.0884136706590652,502.6706,132.0414,618.7783,252.3624,0.1599571853876114,False,True
coco:107094:27:2719,coco,107094,000000107094.jpg,27,backpack,backpack,False,1,3,0.073841281235218,471.1958,210.2811,550.0254,290.8973,0.0,False,True
coco:107094:27:2719,coco,107094,000000107094.jpg,27,backpack,backpack,False,1,4,0.0674205049872398,469.6553,211.2828,503.0903,287.2783,0.0,False,True
coco:107094:27:2719,coco,107094,000000107094.jpg,27,backpack,backpack,False,1,5,0.0613082870841026,522.787,134.1407,609.9468,284.2299,0.1237842664122581,False,True
coco:107094:27:2719,coco,107094,000000107094.jpg,27,backpack,backpack,False,1,6,0.060468204319477,585.1086,188.1661,619.3296,251.6253,0.9055439829826356,True,False
coco:107094:27:2719,coco,107094,000000107094.jpg,27,backpack,backpack,False,1,7,0.0584687106311321,473.7715,82.0902,611.4716,424.1238,0.0374901704490184,False,True
coco:107094:27:2719,coco,107094,000000107094.jpg,27,backpack,backpack,False,1,8,0.0558671541512012,555.1448,133.6982,609.6115,198.0491,0.0450700968503952,False,True
coco:107094:27:2719,coco,107094,000000107094.jpg,27,backpack,backpack,False,1,9,0.0525025874376297,499.8851,133.3284,584.665,252.6242,0.0098065426573157,False,True
coco:107094:27:2719,coco,107094,000000107094.jpg,27,backpack,backpack,False,1,10,0.051601693034172,363.6336,361.0864,610.7557,425.8329,0.0,False,True
coco:107094:58:2720,coco,107094,000000107094.jpg,58,hot dog,hot dog,True,0,0,0.1783435940742492,364.1565,361.235,611.645,425.6013,0.0,False,True
coco:107094:58:2720,coco,107094,000000107094.jpg,58,hot dog,hot dog,True,0,1,0.1735116690397262,254.0045,201.8061,360.8536,283.4873,0.0,False,True
coco:107094:58:2720,coco,107094,000000107094.jpg,58,hot dog,hot dog,True,0,2,0.15341816842556,474.4502,82.1686,618.3167,424.8132,0.0,False,True
coco:107094:58:2720,coco,107094,000000107094.jpg,58,hot dog,hot dog,True,0,3,0.1484526842832565,162.763,217.5963,268.988,296.5978,0.0,False,True
coco:107094:58:2720,coco,107094,000000107094.jpg,58,hot dog,hot dog,True,0,4,0.1453041136264801,584.9123,188.1668,619.219,251.635,0.0,False,True
coco:107094:58:2720,coco,107094,000000107094.jpg,58,hot dog,hot dog,True,0,5,0.0871009528636932,384.4261,232.7637,480.6934,292.7354,0.0,False,True
coco:107094:58:2720,coco,107094,000000107094.jpg,58,hot dog,hot dog,True,0,6,0.0819129571318626,163.4233,206.9565,480.8308,298.0004,0.0,False,True
coco:107094:58:2720,coco,107094,000000107094.jpg,58,hot dog,hot dog,True,0,7,0.0755018070340156,163.4164,209.5031,361.1764,297.5782,0.0,False,True
coco:107094:58:2720,coco,107094,000000107094.jpg,58,hot dog,hot dog,True,0,8,0.0686788186430931,2.0382,148.6867,162.84,298.743,0.0,False,True
coco:107094:47:2721,coco,107094,000000107094.jpg,47,cup,cup,True,0,0,0.2047188878059387,514.8737,210.6374,533.7184,238.6517,0.0,False,True
coco:107094:47:2721,coco,107094,000000107094.jpg,47,cup,cup,True,0,1,0.109050877392292,476.9002,211.8648,497.8753,239.6185,0.0,False,True
coco:107094:47:2721,coco,107094,000000107094.jpg,47,cup,cup,True,0,2,0.1024253591895103,476.3311,211.7284,489.6784,235.1706,0.0,False,True
coco:107094:47:2721,coco,107094,000000107094.jpg,47,cup,cup,True,0,3,0.0882567092776298,585.2875,189.2946,619.1323,251.3589,0.0,False,True
coco:107094:47:2721,coco,107094,000000107094.jpg,47,cup,cup,True,0,4,0.0825550630688667,511.6539,82.5608,554.2653,119.6329,0.0,False,True
coco:107094:47:2721,coco,107094,000000107094.jpg,47,cup,cup,True,0,5,0.0617620758712291,476.8486,237.346,501.8549,286.2719,0.0,False,True
coco:107094:47:2721,coco,107094,000000107094.jpg,47,cup,cup,True,0,6,0.0606260485947132,519.2802,82.2218,532.4976,93.741,0.0,False,True
coco:107094:47:2721,coco,107094,000000107094.jpg,47,cup,cup,True,0,7,0.0574191808700561,162.5724,215.1197,257.7639,295.4945,0.0,False,True
coco:107226:2:2722,coco,107226,000000107226.jpg,2,bicycle,bicycle,False,1,0,0.6177602410316467,326.9171,248.9766,479.4179,491.7488,0.5928764343261719,True,False
coco:107226:2:2722,coco,107226,000000107226.jpg,2,bicycle,bicycle,False,1,1,0.2762823104858398,169.3949,222.0356,294.6959,355.6029,0.0,False,True
coco:107226:2:2722,coco,107226,000000107226.jpg,2,bicycle,bicycle,False,1,2,0.2654833495616913,169.0393,222.8664,354.5031,408.8439,0.0,False,True
coco:107226:2:2722,coco,107226,000000107226.jpg,2,bicycle,bicycle,False,1,3,0.1824760138988495,76.0276,222.0328,297.5379,509.553,0.0,False,True
coco:107226:2:2722,coco,107226,000000107226.jpg,2,bicycle,bicycle,False,1,4,0.169047936797142,352.623,248.6299,479.1122,432.9451,0.5762320160865784,True,False
coco:107226:2:2722,coco,107226,000000107226.jpg,2,bicycle,bicycle,False,1,5,0.1323717087507248,169.8707,224.7922,288.2797,311.4603,0.0,False,True
coco:107226:2:2722,coco,107226,000000107226.jpg,2,bicycle,bicycle,False,1,6,0.1111354678869247,386.9044,250.7139,479.1128,490.6389,0.976770281791687,True,False
coco:107226:2:2722,coco,107226,000000107226.jpg,2,bicycle,bicycle,False,1,7,0.094849869608879,148.3158,221.5143,296.0842,493.0636,0.0,False,True
coco:107226:2:2722,coco,107226,000000107226.jpg,2,bicycle,bicycle,False,1,8,0.0865719988942146,135.6089,223.0713,292.0249,382.57,0.0,False,True
coco:107226:2:2722,coco,107226,000000107226.jpg,2,bicycle,bicycle,False,1,9,0.074732169508934,325.0542,252.7188,413.2407,430.4185,0.1428180783987045,False,True
coco:107226:2:2722,coco,107226,000000107226.jpg,2,bicycle,bicycle,False,1,10,0.0712136253714561,324.4142,312.3402,408.6745,429.085,0.0880435183644294,False,True
coco:107226:2:2722,coco,107226,000000107226.jpg,2,bicycle,bicycle,False,1,11,0.0629903674125671,353.9883,248.4143,478.8232,364.5146,0.3882819414138794,False,True
coco:107226:2:2722,coco,107226,000000107226.jpg,2,bicycle,bicycle,False,1,12,0.0615508891642093,76.2889,219.6109,478.8442,506.2406,0.1891254037618637,False,True
coco:107226:2:2722,coco,107226,000000107226.jpg,2,bicycle,bicycle,False,1,13,0.0598399266600608,223.5876,299.6995,354.7032,408.1378,0.0,False,True
coco:107226:2:2722,coco,107226,000000107226.jpg,2,bicycle,bicycle,False,1,14,0.0560660921037197,0.2893,281.015,157.618,587.7393,0.0,False,True
coco:107226:2:2722,coco,107226,000000107226.jpg,2,bicycle,bicycle,False,1,15,0.0549345389008522,74.9169,281.3731,157.8329,509.4745,0.0,False,True
coco:107226:57:2723,coco,107226,000000107226.jpg,57,carrot,carrot,True,0,0,0.097971111536026,147.9598,290.9372,252.9412,497.1231,0.0,False,True
coco:107226:57:2723,coco,107226,000000107226.jpg,57,carrot,carrot,True,0,1,0.0862717777490615,0.3505,281.1855,157.4758,586.9691,0.0,False,True
coco:107226:57:2723,coco,107226,000000107226.jpg,57,carrot,carrot,True,0,2,0.0550776198506355,338.9898,248.9983,479.3245,492.0663,0.0,False,True
coco:107226:57:2723,coco,107226,000000107226.jpg,57,carrot,carrot,True,0,3,0.0537327863276004,106.0367,282.2621,252.988,497.3882,0.0,False,True
coco:108503:42:2749,coco,108503,000000108503.jpg,42,surfboard,surfboard,False,2,0,0.7127003073692322,315.212,337.0593,358.3716,373.3368,0.9307800531387328,True,False
coco:108503:42:2749,coco,108503,000000108503.jpg,42,surfboard,surfboard,False,2,1,0.6486341953277588,362.3561,338.9429,405.882,378.1363,0.9447962045669556,True,False
coco:108503:42:2749,coco,108503,000000108503.jpg,42,surfboard,surfboard,False,2,2,0.1337242126464843,314.9305,337.0223,405.7518,377.7484,0.4317046701908111,False,True
coco:108503:42:2749,coco,108503,000000108503.jpg,42,surfboard,surfboard,False,2,3,0.0657330974936485,383.4402,351.2986,405.7191,378.0988,0.3600541055202484,False,True
coco:108503:42:2749,coco,108503,000000108503.jpg,42,surfboard,surfboard,False,2,4,0.0591693669557571,79.7279,266.6199,87.2612,273.1433,0.0,False,True
coco:108503:13:2751,coco,108503,000000108503.jpg,13,stop sign,stop sign,True,0,0,0.1821909099817276,345.6032,360.4183,355.6599,371.3016,0.0,False,True
coco:108503:13:2751,coco,108503,000000108503.jpg,13,stop sign,stop sign,True,0,1,0.1712801456451416,37.6484,258.5439,43.6538,263.9713,0.0,False,True
coco:108503:13:2751,coco,108503,000000108503.jpg,13,stop sign,stop sign,True,0,2,0.1615931242704391,79.4833,266.5813,87.3449,273.3945,0.0,False,True
coco:108503:13:2751,coco,108503,000000108503.jpg,13,stop sign,stop sign,True,0,3,0.1536712050437927,315.3682,337.2258,358.1357,373.3682,0.0,False,True
coco:108503:13:2751,coco,108503,000000108503.jpg,13,stop sign,stop sign,True,0,4,0.132544457912445,1.5254,258.3407,7.3141,264.7295,0.0,False,True
coco:108503:13:2751,coco,108503,000000108503.jpg,13,stop sign,stop sign,True,0,5,0.0963536873459816,360.9021,338.5731,405.3918,378.3377,0.0,False,True
coco:108503:13:2751,coco,108503,000000108503.jpg,13,stop sign,stop sign,True,0,6,0.0737577676773071,343.0685,357.2226,357.4811,373.0377,0.0,False,True
coco:108503:13:2751,coco,108503,000000108503.jpg,13,stop sign,stop sign,True,0,7,0.0686068907380104,291.6199,242.0277,295.8551,246.8174,0.0,False,True
coco:108503:13:2751,coco,108503,000000108503.jpg,13,stop sign,stop sign,True,0,8,0.0617564208805561,1.2268,322.6104,639.5205,426.1069,0.0,False,True
coco:108503:13:2751,coco,108503,000000108503.jpg,13,stop sign,stop sign,True,0,9,0.0617068447172641,423.2498,232.9037,429.1355,239.8986,0.0,False,True
coco:108503:13:2751,coco,108503,000000108503.jpg,13,stop sign,stop sign,True,0,10,0.0616238713264465,85.8823,260.7556,90.725,266.4431,0.0,False,True
coco:108503:13:2751,coco,108503,000000108503.jpg,13,stop sign,stop sign,True,0,11,0.0588004849851131,0.9304,252.1447,639.4763,401.231,0.0,False,True
coco:108503:13:2751,coco,108503,000000108503.jpg,13,stop sign,stop sign,True,0,12,0.05472157523036,346.1658,361.242,354.6149,368.6382,0.0,False,True
coco:109992:1:2782,coco,109992,000000109992.jpg,1,person,person,False,1,0,0.7113887667655945,25.7578,203.1439,92.5828,320.1106,0.963727593421936,True,False
coco:109992:1:2782,coco,109992,000000109992.jpg,1,person,person,False,1,1,0.2558895349502563,26.7948,226.5841,71.3072,318.801,0.5098424553871155,True,False
coco:109992:1:2782,coco,109992,000000109992.jpg,1,person,person,False,1,2,0.1917364448308944,31.9234,200.6659,72.8162,317.8911,0.5721353888511658,True,False
coco:109992:1:2782,coco,109992,000000109992.jpg,1,person,person,False,1,3,0.1733515113592147,395.1502,199.5991,402.4344,217.9186,0.0,False,True
coco:109992:1:2782,coco,109992,000000109992.jpg,1,person,person,False,1,4,0.1359957307577133,37.1094,228.0347,49.0175,282.5926,0.0806945115327835,False,True
coco:109992:1:2782,coco,109992,000000109992.jpg,1,person,person,False,1,5,0.1213790327310562,409.9555,203.0207,421.253,218.6793,0.0,False,True
coco:109992:1:2782,coco,109992,000000109992.jpg,1,person,person,False,1,6,0.1030922904610633,624.783,220.5364,638.1036,239.5655,0.0,False,True
coco:109992:1:2782,coco,109992,000000109992.jpg,1,person,person,False,1,7,0.1023737043142318,409.8024,196.3899,421.2787,218.5996,0.0,False,True
coco:109992:1:2782,coco,109992,000000109992.jpg,1,person,person,False,1,8,0.098876416683197,55.7998,190.4468,64.9168,209.5204,0.0066281808540225,False,True
coco:109992:1:2782,coco,109992,000000109992.jpg,1,person,person,False,1,9,0.086703173816204,55.4344,190.3595,70.3311,212.2161,0.0155975995585322,False,True
coco:109992:1:2782,coco,109992,000000109992.jpg,1,person,person,False,1,10,0.0737274438142776,161.4271,202.1017,167.8198,217.4882,0.0,False,True
coco:109992:1:2782,coco,109992,000000109992.jpg,1,person,person,False,1,11,0.0657934173941612,44.575,199.1842,51.0667,205.4459,0.0014991625212132,False,True
coco:109992:1:2782,coco,109992,000000109992.jpg,1,person,person,False,1,12,0.0617341697216033,35.3091,199.9492,55.6823,283.1158,0.1994314938783645,False,True
coco:109992:1:2782,coco,109992,000000109992.jpg,1,person,person,False,1,13,0.0611104145646095,36.5454,199.4892,51.8456,275.7926,0.1361728906631469,False,True
coco:109992:1:2782,coco,109992,000000109992.jpg,1,person,person,False,1,14,0.0576966665685176,55.3982,190.4496,66.271,217.1119,0.017956081777811,False,True
coco:109992:1:2782,coco,109992,000000109992.jpg,1,person,person,False,1,15,0.0564277879893779,521.2842,187.1454,527.4139,199.6702,0.0,False,True
coco:109992:1:2782,coco,109992,000000109992.jpg,1,person,person,False,1,16,0.056293174624443,35.3287,200.672,66.0846,285.351,0.3089402914047241,False,True
coco:109992:1:2782,coco,109992,000000109992.jpg,1,person,person,False,1,17,0.0559560507535934,57.2949,190.2124,64.164,201.9899,0.0,False,True
coco:109992:1:2782,coco,109992,000000109992.jpg,1,person,person,False,1,18,0.0516567230224609,37.4783,251.2461,43.8863,272.7184,0.0170901324599981,False,True
coco:109992:1:2782,coco,109992,000000109992.jpg,1,person,person,False,1,19,0.0508646816015243,37.7331,251.6176,42.9484,263.8698,0.0079366061836481,False,True
coco:109992:21:2783,coco,109992,000000109992.jpg,21,cow,cow,True,0,0,0.0647039711475372,25.5793,203.0075,93.9695,320.7425,0.0,False,True
coco:109992:21:2783,coco,109992,000000109992.jpg,21,cow,cow,True,0,1,0.0555870495736599,463.5461,309.3969,639.3604,389.6191,0.0,False,True
coco:109992:21:2783,coco,109992,000000109992.jpg,21,cow,cow,True,0,2,0.0508644059300422,624.6636,220.3024,637.9457,239.9711,0.0,False,True
coco:109992:88:2784,coco,109992,000000109992.jpg,88,teddy bear,teddy bear,True,0,0,0.1549574732780456,25.3892,202.4639,93.3961,320.5771,0.0,False,True
coco:110042:70:2785,coco,110042,000000110042.jpg,70,toilet,toilet,False,1,0,0.8230689764022827,133.8292,441.738,256.0306,611.2625,0.9771841764450072,True,False
coco:110042:70:2785,coco,110042,000000110042.jpg,70,toilet,toilet,False,1,1,0.0925000607967376,329.2958,287.8213,348.4177,323.8575,0.0,False,True
coco:110042:70:2785,coco,110042,000000110042.jpg,70,toilet,toilet,False,1,2,0.0889741033315658,134.0547,441.8158,255.6882,522.1678,0.4727730453014374,False,True
coco:110042:70:2785,coco,110042,000000110042.jpg,70,toilet,toilet,False,1,3,0.0693833976984024,134.4721,442.0779,208.8104,581.3275,0.5010727047920227,True,False
coco:110042:70:2785,coco,110042,000000110042.jpg,70,toilet,toilet,False,1,4,0.0593350566923618,320.361,250.597,348.445,323.8439,0.0,False,True
coco:110042:70:2785,coco,110042,000000110042.jpg,70,toilet,toilet,False,1,5,0.0500450022518634,156.444,458.1416,233.4982,580.5279,0.456480860710144,False,True
coco:110042:17:2786,coco,110042,000000110042.jpg,17,cat,cat,True,0,0,0.0695924833416938,134.0447,441.5642,256.2854,611.316,0.0,False,True
coco:110042:14:2787,coco,110042,000000110042.jpg,14,parking meter,parking meter,True,0,0,0.1016678512096405,134.1205,441.4681,256.4388,611.5339,0.0,False,True
coco:110042:14:2787,coco,110042,000000110042.jpg,14,parking meter,parking meter,True,0,1,0.052166361361742,340.2644,244.996,424.4306,502.862,0.0,False,True
coco:110359:5:2794,coco,110359,000000110359.jpg,5,airplane,airplane,False,1,0,0.8845340609550476,218.1069,145.1266,421.2738,380.3984,0.9237059354782104,True,False
coco:110359:35:2795,coco,110359,000000110359.jpg,35,skis,skis,True,0,0,0.4046128988265991,218.2899,145.3887,421.1626,379.9942,0.0,False,True
coco:110359:75:2796,coco,110359,000000110359.jpg,75,remote,remote,True,0,0,0.3680492341518402,218.1374,145.2932,421.1541,379.9326,0.0,False,True
coco:110359:75:2796,coco,110359,000000110359.jpg,75,remote,remote,True,0,1,0.079789362847805,290.3317,297.0499,304.8345,334.7863,0.0,False,True
coco:110359:75:2796,coco,110359,000000110359.jpg,75,remote,remote,True,0,2,0.0640621557831764,332.6402,301.027,346.6922,324.5497,0.0,False,True
coco:110359:75:2796,coco,110359,000000110359.jpg,75,remote,remote,True,0,3,0.0586557872593402,332.0659,300.9272,346.7163,337.6019,0.0,False,True
coco:110359:75:2796,coco,110359,000000110359.jpg,75,remote,remote,True,0,4,0.0517745576798915,218.197,145.3334,421.1467,308.363,0.0,False,True
coco:110999:53:2815,coco,110999,000000110999.jpg,53,apple,apple,False,3,0,0.6484176516532898,200.7803,439.1329,283.7773,530.0105,0.9602028727531432,True,False
coco:110999:53:2815,coco,110999,000000110999.jpg,53,apple,apple,False,3,1,0.5629625916481018,240.3826,419.5876,300.7298,470.5785,0.9209036231040956,True,False
coco:110999:53:2815,coco,110999,000000110999.jpg,53,apple,apple,False,3,2,0.3998961150646209,93.1768,315.8271,153.8822,364.7036,0.9169042110443116,True,False
coco:110999:53:2815,coco,110999,000000110999.jpg,53,apple,apple,False,3,3,0.3349612653255462,117.2119,487.894,149.9258,508.6683,0.0,False,True
coco:110999:53:2815,coco,110999,000000110999.jpg,53,apple,apple,False,3,4,0.3203383386135101,24.1704,495.9377,53.5313,519.9706,0.0,False,True
coco:110999:53:2815,coco,110999,000000110999.jpg,53,apple,apple,False,3,5,0.2885944843292236,51.0278,345.0714,74.806,367.1274,0.0,False,True
coco:110999:53:2815,coco,110999,000000110999.jpg,53,apple,apple,False,3,6,0.2520848214626312,40.7276,366.9558,66.5634,386.2447,0.0,False,True
coco:110999:53:2815,coco,110999,000000110999.jpg,53,apple,apple,False,3,7,0.2379676699638366,130.1551,336.8595,148.7885,353.5977,0.0979461669921875,False,True
coco:110999:53:2815,coco,110999,000000110999.jpg,53,apple,apple,False,3,8,0.237476646900177,177.221,518.3416,209.6534,537.784,0.0139536596834659,False,True
coco:110999:53:2815,coco,110999,000000110999.jpg,53,apple,apple,False,3,9,0.2215352058410644,40.7608,328.7309,176.363,441.3181,0.1488299220800399,False,True
coco:110999:53:2815,coco,110999,000000110999.jpg,53,apple,apple,False,3,10,0.215346559882164,0.9031,522.1928,32.0117,540.3938,0.0,False,True
coco:110999:53:2815,coco,110999,000000110999.jpg,53,apple,apple,False,3,11,0.2115216106176376,80.8968,417.0459,124.3518,441.8475,0.0,False,True
coco:110999:53:2815,coco,110999,000000110999.jpg,53,apple,apple,False,3,12,0.2102474570274353,87.8554,355.3698,103.2975,368.227,0.0436093583703041,False,True
coco:110999:53:2815,coco,110999,000000110999.jpg,53,apple,apple,False,3,13,0.2058898955583572,150.0353,361.2877,244.5801,428.4938,0.0043184906244277,False,True
coco:110999:53:2815,coco,110999,000000110999.jpg,53,apple,apple,False,3,14,0.2049572020769119,158.0917,368.8348,177.1718,388.3473,0.0,False,True
coco:110999:53:2815,coco,110999,000000110999.jpg,53,apple,apple,False,3,15,0.2026354074478149,59.2314,376.7988,78.0327,393.1266,0.0,False,True
coco:110999:53:2815,coco,110999,000000110999.jpg,53,apple,apple,False,3,16,0.2019103169441223,146.4026,376.1673,172.84,401.6405,0.0,False,True
coco:110999:53:2815,coco,110999,000000110999.jpg,53,apple,apple,False,3,17,0.1959086507558822,45.8667,391.7316,71.2726,425.026,0.0,False,True
coco:110999:53:2815,coco,110999,000000110999.jpg,53,apple,apple,False,3,18,0.189752846956253,92.0927,358.9282,114.3144,375.2377,0.0528502017259597,False,True
coco:110999:53:2815,coco,110999,000000110999.jpg,53,apple,apple,False,3,19,0.1854294389486313,153.2933,493.8408,182.8153,518.0572,0.0,False,True
coco:110999:53:2815,coco,110999,000000110999.jpg,53,apple,apple,False,3,20,0.1852052956819534,85.5098,486.12,112.9064,507.3083,0.0,False,True
coco:110999:53:2815,coco,110999,000000110999.jpg,53,apple,apple,False,3,21,0.1820005923509597,72.0959,366.5018,86.8319,378.1684,0.0,False,True
coco:110999:53:2815,coco,110999,000000110999.jpg,53,apple,apple,False,3,22,0.1772092282772064,113.2236,342.3968,129.1212,360.8256,0.092005118727684,False,True
coco:110999:53:2815,coco,110999,000000110999.jpg,53,apple,apple,False,3,23,0.1677596420049667,107.7776,424.7203,124.0565,441.7007,0.0,False,True
coco:110999:53:2815,coco,110999,000000110999.jpg,53,apple,apple,False,3,24,0.1672524660825729,46.3411,390.7992,86.1341,426.0678,0.0,False,True
coco:110999:53:2815,coco,110999,000000110999.jpg,53,apple,apple,False,3,25,0.1667033284902572,87.4832,496.3329,104.9585,506.9184,0.0,False,True
coco:110999:53:2815,coco,110999,000000110999.jpg,53,apple,apple,False,3,26,0.1657732725143432,59.4072,375.4932,93.5205,394.5858,0.0,False,True
coco:110999:53:2815,coco,110999,000000110999.jpg,53,apple,apple,False,3,27,0.1622269302606582,125.6212,353.0201,140.9065,366.4145,0.0642957240343093,False,True
coco:110999:53:2815,coco,110999,000000110999.jpg,53,apple,apple,False,3,28,0.1616698205471038,80.467,418.8135,104.2194,440.2098,0.0,False,True
coco:110999:53:2815,coco,110999,000000110999.jpg,53,apple,apple,False,3,29,0.1595386117696762,102.6154,343.05,114.6526,360.0692,0.064334824681282,False,True
coco:110999:53:2815,coco,110999,000000110999.jpg,53,apple,apple,False,3,30,0.1593279987573623,169.3328,353.7548,196.9409,370.5335,0.0,False,True
coco:110999:53:2815,coco,110999,000000110999.jpg,53,apple,apple,False,3,31,0.1572160720825195,146.364,490.6469,167.6876,508.2044,0.0,False,True
coco:110999:53:2815,coco,110999,000000110999.jpg,53,apple,apple,False,3,32,0.1509618610143661,64.9741,494.5423,83.7444,509.5848,0.0,False,True
coco:110999:53:2815,coco,110999,000000110999.jpg,53,apple,apple,False,3,33,0.14975206553936,281.4803,457.796,352.2809,522.6423,0.0383395254611969,False,True
coco:110999:53:2815,coco,110999,000000110999.jpg,53,apple,apple,False,3,34,0.1478736102581024,76.539,375.0313,94.468,391.6916,0.0,False,True
coco:110999:53:2815,coco,110999,000000110999.jpg,53,apple,apple,False,3,35,0.1467866450548172,95.4168,368.1781,117.7137,387.5555,0.0,False,True
coco:110999:53:2815,coco,110999,000000110999.jpg,53,apple,apple,False,3,36,0.1417387127876281,123.0281,366.0845,143.6943,385.3378,0.0049597974866628,False,True
coco:110999:53:2815,coco,110999,000000110999.jpg,53,apple,apple,False,3,37,0.1377551257610321,106.9032,378.7063,123.5029,396.7108,0.0,False,True
coco:110999:53:2815,coco,110999,000000110999.jpg,53,apple,apple,False,3,38,0.1368408203125,153.4198,351.2805,197.1158,370.6914,0.0008558411500416,False,True
coco:110999:53:2815,coco,110999,000000110999.jpg,53,apple,apple,False,3,39,0.134726420044899,173.7583,357.2061,196.8902,370.2756,0.0,False,True
coco:110999:53:2815,coco,110999,000000110999.jpg,53,apple,apple,False,3,40,0.1344526708126068,133.8784,362.7477,148.9662,380.2221,0.018687967211008,False,True
coco:110999:53:2815,coco,110999,000000110999.jpg,53,apple,apple,False,3,41,0.1247767359018325,130.4348,388.7139,207.3356,441.0034,0.0008840258815325,False,True
coco:110999:53:2815,coco,110999,000000110999.jpg,53,apple,apple,False,3,42,0.1242047026753425,127.2072,383.178,147.328,403.5062,0.0,False,True
coco:110999:53:2815,coco,110999,000000110999.jpg,53,apple,apple,False,3,43,0.1237123534083366,150.1687,366.1975,177.0423,388.6409,0.0006809824844822,False,True
coco:110999:53:2815,coco,110999,000000110999.jpg,53,apple,apple,False,3,44,0.1208031848073005,79.365,356.2299,89.5226,368.4562,0.0,False,True
coco:110999:53:2815,coco,110999,000000110999.jpg,53,apple,apple,False,3,45,0.1174403727054596,106.1019,418.8875,125.2463,441.6311,0.0,False,True
coco:110999:53:2815,coco,110999,000000110999.jpg,53,apple,apple,False,3,46,0.1171490177512168,46.6744,376.0403,93.9695,425.53,0.0,False,True
coco:110999:53:2815,coco,110999,000000110999.jpg,53,apple,apple,False,3,47,0.115923672914505,153.7104,500.2811,177.1998,517.6304,0.0,False,True
coco:110999:53:2815,coco,110999,000000110999.jpg,53,apple,apple,False,3,48,0.1137837395071983,173.8856,543.5119,199.3143,557.5366,0.0,False,True
coco:110999:53:2815,coco,110999,000000110999.jpg,53,apple,apple,False,3,49,0.112870916724205,137.4185,490.5987,167.6575,512.6226,0.0,False,True
coco:110999:53:2815,coco,110999,000000110999.jpg,53,apple,apple,False,3,50,0.1111939176917076,65.4544,485.6503,115.413,509.4666,0.0,False,True
coco:110999:53:2815,coco,110999,000000110999.jpg,53,apple,apple,False,3,51,0.1077719703316688,59.4354,367.0905,94.2051,394.2265,0.0,False,True
coco:110999:53:2815,coco,110999,000000110999.jpg,53,apple,apple,False,3,52,0.1067891344428062,65.7903,412.119,124.9133,442.09,0.0,False,True
coco:110999:53:2815,coco,110999,000000110999.jpg,53,apple,apple,False,3,53,0.1060011386871337,103.1268,342.1289,129.1671,363.371,0.1737119704484939,False,True
coco:110999:53:2815,coco,110999,000000110999.jpg,53,apple,apple,False,3,54,0.1050359532237052,45.9216,489.7995,67.0434,508.2263,0.0,False,True
coco:110999:53:2815,coco,110999,000000110999.jpg,53,apple,apple,False,3,55,0.1045952513813972,64.4815,414.7059,84.3645,435.9862,0.0,False,True
coco:110999:53:2815,coco,110999,000000110999.jpg,53,apple,apple,False,3,56,0.1033912971615791,175.3956,518.621,209.936,548.2801,0.0133163807913661,False,True
coco:110999:53:2815,coco,110999,000000110999.jpg,53,apple,apple,False,3,57,0.1029938980937004,138.732,490.8534,181.7646,517.3257,0.0,False,True
coco:110999:53:2815,coco,110999,000000110999.jpg,53,apple,apple,False,3,58,0.1019282117486,281.3181,457.6421,330.2494,511.8878,0.0527112744748592,False,True
coco:110999:53:2815,coco,110999,000000110999.jpg,53,apple,apple,False,3,59,0.1019185632467269,46.4471,391.335,124.6062,442.0107,0.0,False,True
coco:110999:53:2815,coco,110999,000000110999.jpg,53,apple,apple,False,3,60,0.1001529619097709,123.4624,363.1836,148.6097,385.2345,0.0259205102920532,False,True
coco:110999:53:2815,coco,110999,000000110999.jpg,53,apple,apple,False,3,61,0.099993921816349,59.2494,376.0576,93.5781,407.7404,0.0,False,True
coco:110999:53:2815,coco,110999,000000110999.jpg,53,apple,apple,False,3,62,0.0971943661570549,0.8211,495.906,54.2067,540.6219,0.0,False,True
coco:110999:53:2815,coco,110999,000000110999.jpg,53,apple,apple,False,3,63,0.0967706367373466,175.0837,369.0248,244.6815,428.2714,0.0055847857147455,False,True
coco:110999:53:2815,coco,110999,000000110999.jpg,53,apple,apple,False,3,64,0.0962848737835884,46.3071,489.1936,82.9589,510.311,0.0,False,True
coco:110999:53:2815,coco,110999,000000110999.jpg,53,apple,apple,False,3,65,0.0953191965818405,89.1914,388.9549,111.4225,413.4935,0.0,False,True
coco:110999:53:2815,coco,110999,000000110999.jpg,53,apple,apple,False,3,66,0.0951158255338668,153.4243,495.9201,210.056,540.9693,0.0366295985877513,False,True
coco:110999:53:2815,coco,110999,000000110999.jpg,53,apple,apple,False,3,67,0.0942810550332069,129.8911,336.7435,150.6198,362.5777,0.16817107796669,False,True
coco:110999:53:2815,coco,110999,000000110999.jpg,53,apple,apple,False,3,68,0.092883177101612,63.6056,487.7452,85.2325,509.3786,0.0,False,True
coco:110999:53:2815,coco,110999,000000110999.jpg,53,apple,apple,False,3,69,0.0928456559777259,111.3101,393.5205,137.1792,418.2894,0.0,False,True
coco:110999:53:2815,coco,110999,000000110999.jpg,53,apple,apple,False,3,70,0.0925213769078254,174.686,510.658,210.0653,540.485,0.0237353965640068,False,True
coco:110999:53:2815,coco,110999,000000110999.jpg,53,apple,apple,False,3,71,0.0922982916235923,112.7905,323.886,128.5553,346.2935,0.1109343469142913,False,True
coco:110999:53:2815,coco,110999,000000110999.jpg,53,apple,apple,False,3,72,0.0918378382921218,66.3541,416.255,102.1687,439.622,0.0,False,True
coco:110999:53:2815,coco,110999,000000110999.jpg,53,apple,apple,False,3,73,0.0915998518466949,239.1588,420.4506,265.2179,440.5713,0.1603854894638061,False,True
coco:110999:53:2815,coco,110999,000000110999.jpg,53,apple,apple,False,3,74,0.0891286954283714,40.7231,345.1279,75.5478,386.1709,0.0,False,True
coco:110999:53:2815,coco,110999,000000110999.jpg,53,apple,apple,False,3,75,0.0817639231681823,105.5589,496.4435,118.4718,506.2867,0.0,False,True
coco:110999:53:2815,coco,110999,000000110999.jpg,53,apple,apple,False,3,76,0.0807638615369796,168.7835,347.6543,206.4385,370.3228,0.0,False,True
coco:110999:53:2815,coco,110999,000000110999.jpg,53,apple,apple,False,3,77,0.0807342007756233,281.2198,458.1588,315.5236,511.036,0.0601057298481464,False,True
coco:110999:53:2815,coco,110999,000000110999.jpg,53,apple,apple,False,3,78,0.0798225551843643,87.4189,495.5319,117.0594,507.3666,0.0,False,True
coco:110999:53:2815,coco,110999,000000110999.jpg,53,apple,apple,False,3,79,0.0795728117227554,86.9586,535.4043,115.1983,558.1646,0.0,False,True
coco:110999:53:2815,coco,110999,000000110999.jpg,53,apple,apple,False,3,80,0.079466588795185,40.8902,365.9362,86.4049,386.502,0.0,False,True
coco:110999:53:2815,coco,110999,000000110999.jpg,53,apple,apple,False,3,81,0.0783033296465873,117.3284,487.9802,167.1766,509.656,0.0,False,True
coco:110999:53:2815,coco,110999,000000110999.jpg,53,apple,apple,False,3,82,0.0776045322418212,111.2904,393.7085,125.1278,410.4649,0.0,False,True
coco:110999:53:2815,coco,110999,000000110999.jpg,53,apple,apple,False,3,83,0.0765114948153495,68.8231,390.4999,89.5992,410.5229,0.0,False,True
coco:110999:53:2815,coco,110999,000000110999.jpg,53,apple,apple,False,3,84,0.0761084780097007,0.8851,485.3604,212.7786,584.1848,0.0210634469985961,False,True
coco:110999:53:2815,coco,110999,000000110999.jpg,53,apple,apple,False,3,85,0.0755940824747085,89.7146,388.7399,123.5275,415.8919,0.0,False,True
coco:110999:53:2815,coco,110999,000000110999.jpg,53,apple,apple,False,3,86,0.0746797695755958,113.2235,368.6957,123.4092,380.8347,0.0,False,True
coco:110999:53:2815,coco,110999,000000110999.jpg,53,apple,apple,False,3,87,0.074617400765419,70.1478,499.507,83.7446,509.5485,0.0,False,True
coco:110999:53:2815,coco,110999,000000110999.jpg,53,apple,apple,False,3,88,0.0742457211017608,46.8602,485.589,115.781,510.3379,0.0,False,True
coco:110999:53:2815,coco,110999,000000110999.jpg,53,apple,apple,False,3,89,0.0729482471942901,51.1737,345.0784,87.4564,371.0889,0.0,False,True
coco:110999:53:2815,coco,110999,000000110999.jpg,53,apple,apple,False,3,90,0.0727987214922905,0.9803,501.5661,28.9425,524.368,0.0,False,True
coco:110999:53:2815,coco,110999,000000110999.jpg,53,apple,apple,False,3,91,0.0717384740710258,102.805,324.1906,130.3013,363.3239,0.3379149436950683,False,True
coco:110999:53:2815,coco,110999,000000110999.jpg,53,apple,apple,False,3,92,0.071677878499031,124.3694,362.938,175.5313,404.6828,0.0225147511810064,False,True
coco:110999:53:2815,coco,110999,000000110999.jpg,53,apple,apple,False,3,93,0.0703996643424034,145.9169,368.79,176.7899,402.2653,0.0,False,True
coco:110999:53:2815,coco,110999,000000110999.jpg,53,apple,apple,False,3,94,0.0699514225125312,262.7477,421.6776,300.5445,468.6097,0.5547457933425903,True,False
coco:110999:53:2815,coco,110999,000000110999.jpg,53,apple,apple,False,3,95,0.0698002651333808,111.7163,485.8003,124.2143,496.7224,0.0,False,True
coco:110999:53:2815,coco,110999,000000110999.jpg,53,apple,apple,False,3,96,0.0689551532268524,150.4434,361.4328,195.4126,389.093,0.0039913947694003,False,True
coco:110999:53:2815,coco,110999,000000110999.jpg,53,apple,apple,False,3,97,0.0687620416283607,64.8797,485.8117,150.0065,509.2599,0.0,False,True
coco:110999:53:2815,coco,110999,000000110999.jpg,53,apple,apple,False,3,98,0.0687315016984939,0.6706,541.6109,37.8273,562.4952,0.0,False,True
coco:110999:53:2815,coco,110999,000000110999.jpg,53,apple,apple,False,3,99,0.0675849467515945,243.2878,419.8778,290.8731,442.4848,0.3196856677532196,False,True
coco:110999:53:2815,coco,110999,000000110999.jpg,53,apple,apple,False,3,100,0.0672884359955787,73.4651,355.3562,103.6536,377.627,0.039248488843441,False,True
coco:110999:53:2815,coco,110999,000000110999.jpg,53,apple,apple,False,3,101,0.0669030994176864,40.9237,366.3629,91.7463,393.4816,8.427460852544755e-05,False,True
coco:110999:53:2815,coco,110999,000000110999.jpg,53,apple,apple,False,3,102,0.065842367708683,73.5083,355.885,88.494,368.7596,0.0,False,True
coco:110999:53:2815,coco,110999,000000110999.jpg,53,apple,apple,False,3,103,0.0657685399055481,91.9816,359.4026,116.3947,386.9501,0.050100915133953,False,True
coco:110999:53:2815,coco,110999,000000110999.jpg,53,apple,apple,False,3,104,0.0655568838119506,80.4506,355.4385,102.5867,369.2531,0.0394146218895912,False,True
coco:110999:53:2815,coco,110999,000000110999.jpg,53,apple,apple,False,3,105,0.0655146315693855,121.5574,397.9465,137.8465,418.053,0.0,False,True
coco:110999:53:2815,coco,110999,000000110999.jpg,53,apple,apple,False,3,106,0.0654959455132484,40.7324,333.5256,244.8722,441.926,0.0900153890252113,False,True
coco:110999:53:2815,coco,110999,000000110999.jpg,53,apple,apple,False,3,107,0.0651562511920929,111.8214,324.3617,130.0489,361.4144,0.2120957970619201,False,True
coco:110999:53:2815,coco,110999,000000110999.jpg,53,apple,apple,False,3,108,0.0626244321465492,136.9465,498.1883,155.303,511.8585,0.0,False,True
coco:110999:53:2815,coco,110999,000000110999.jpg,53,apple,apple,False,3,109,0.0626241192221641,117.1942,487.8954,181.1883,517.3434,0.0,False,True
coco:110999:53:2815,coco,110999,000000110999.jpg,53,apple,apple,False,3,110,0.0622606761753559,140.1607,491.7825,210.7636,556.7538,0.0365033149719238,False,True
coco:110999:53:2815,coco,110999,000000110999.jpg,53,apple,apple,False,3,111,0.0621297955513,0.4823,502.2983,33.8095,540.2902,0.0,False,True
coco:110999:53:2815,coco,110999,000000110999.jpg,53,apple,apple,False,3,112,0.0620907247066497,72.2457,366.9171,94.8303,389.5947,2.322225736861583e-05,False,True
coco:110999:53:2815,coco,110999,000000110999.jpg,53,apple,apple,False,3,113,0.0607520081102848,46.9088,391.4308,101.268,439.2,0.0,False,True
coco:110999:53:2815,coco,110999,000000110999.jpg,53,apple,apple,False,3,114,0.0606815926730632,111.5004,383.1505,147.4682,417.5082,0.0,False,True
coco:110999:53:2815,coco,110999,000000110999.jpg,53,apple,apple,False,3,115,0.0606257170438766,95.3168,368.2448,123.6048,396.4123,0.0,False,True
coco:110999:53:2815,coco,110999,000000110999.jpg,53,apple,apple,False,3,116,0.0606033653020858,153.5645,345.2858,208.1225,371.0328,0.0003563200880307,False,True
coco:110999:53:2815,coco,110999,000000110999.jpg,53,apple,apple,False,3,117,0.0604306794703006,68.4335,495.5259,105.3631,509.0424,0.0,False,True
coco:110999:53:2815,coco,110999,000000110999.jpg,53,apple,apple,False,3,118,0.0598521269857883,281.1511,461.4376,302.3846,510.9205,0.0544517785310745,False,True
coco:110999:53:2815,coco,110999,000000110999.jpg,53,apple,apple,False,3,119,0.059524580836296,98.4393,485.9855,117.598,505.6677,0.0,False,True
coco:110999:53:2815,coco,110999,000000110999.jpg,53,apple,apple,False,3,120,0.0590760745108127,61.3793,366.9185,72.0451,378.2003,0.0,False,True
coco:110999:53:2815,coco,110999,000000110999.jpg,53,apple,apple,False,3,121,0.0588113106787204,97.9953,485.0648,111.7085,497.4298,0.0,False,True
coco:110999:53:2815,coco,110999,000000110999.jpg,53,apple,apple,False,3,122,0.0581767633557319,2.8194,496.0197,54.6454,524.6925,0.0,False,True
coco:110999:53:2815,coco,110999,000000110999.jpg,53,apple,apple,False,3,123,0.0579993613064289,147.2624,362.6965,158.621,375.235,0.0082018719986081,False,True
coco:110999:53:2815,coco,110999,000000110999.jpg,53,apple,apple,False,3,124,0.0579415634274482,88.1178,355.5553,114.0614,374.647,0.0765470638871193,False,True
coco:110999:53:2815,coco,110999,000000110999.jpg,53,apple,apple,False,3,125,0.0574511513113975,274.3748,353.8525,358.7978,480.3149,0.1109440550208091,False,True
coco:110999:53:2815,coco,110999,000000110999.jpg,53,apple,apple,False,3,126,0.0564414970576763,0.7282,543.4552,27.0674,560.9436,0.0,False,True
coco:110999:53:2815,coco,110999,000000110999.jpg,53,apple,apple,False,3,127,0.0561716929078102,82.8361,335.7346,102.6287,356.3052,0.0708325803279876,False,True
coco:110999:53:2815,coco,110999,000000110999.jpg,53,apple,apple,False,3,128,0.0557332709431648,34.2677,399.9305,48.5085,424.7334,0.0,False,True
coco:110999:53:2815,coco,110999,000000110999.jpg,53,apple,apple,False,3,129,0.0528610944747924,23.9823,489.8725,81.6283,520.0311,0.0,False,True
coco:110999:53:2815,coco,110999,000000110999.jpg,53,apple,apple,False,3,130,0.0520867258310318,89.1787,387.5728,105.0731,404.3177,0.0,False,True
coco:110999:53:2815,coco,110999,000000110999.jpg,53,apple,apple,False,3,131,0.0514284297823905,125.9224,536.6401,176.795,586.3182,0.0,False,True
coco:110999:53:2815,coco,110999,000000110999.jpg,53,apple,apple,False,3,132,0.0511572957038879,92.2019,357.5167,174.7884,418.093,0.0760959386825561,False,True
coco:110999:53:2815,coco,110999,000000110999.jpg,53,apple,apple,False,3,133,0.0509743727743625,153.0909,351.6497,168.3138,362.0984,0.001718908897601,False,True
coco:110999:53:2815,coco,110999,000000110999.jpg,53,apple,apple,False,3,134,0.0504030995070934,90.0776,379.1871,124.0776,414.9193,0.0,False,True
coco:110999:79:2816,coco,110999,000000110999.jpg,79,oven,oven,True,0,0,0.1344495713710785,35.7321,13.3847,349.2388,381.2044,0.0,False,True
coco:110999:79:2816,coco,110999,000000110999.jpg,79,oven,oven,True,0,1,0.1056514978408813,1.5917,0.8491,357.5586,637.3342,0.0,False,True
coco:110999:79:2816,coco,110999,000000110999.jpg,79,oven,oven,True,0,2,0.0915305241942405,118.9717,98.6631,273.2988,312.244,0.0,False,True
coco:111086:9:2821,coco,111086,000000111086.jpg,9,boat,boat,False,1,0,0.4102734327316284,0.4455,0.0715,499.6676,229.5289,0.9317159056663512,True,False
coco:111086:9:2821,coco,111086,000000111086.jpg,9,boat,boat,False,1,1,0.3844791054725647,0.1743,195.2705,97.3937,293.4823,0.0172602944076061,False,True
coco:111086:9:2821,coco,111086,000000111086.jpg,9,boat,boat,False,1,2,0.3037704825401306,325.4988,137.8614,457.8685,212.7084,0.092549979686737,False,True
coco:111086:9:2821,coco,111086,000000111086.jpg,9,boat,boat,False,1,3,0.2856301665306091,297.5405,208.2858,453.3008,312.0287,0.009358593262732,False,True
coco:111086:9:2821,coco,111086,000000111086.jpg,9,boat,boat,False,1,4,0.2626640200614929,233.1075,157.0029,331.1588,221.7451,0.0533901751041412,False,True
coco:111086:9:2821,coco,111086,000000111086.jpg,9,boat,boat,False,1,5,0.2360014170408249,211.7149,223.2685,294.3218,283.8039,0.0,False,True
coco:111086:9:2821,coco,111086,000000111086.jpg,9,boat,boat,False,1,6,0.2333189100027084,447.0666,207.2775,499.6998,310.8332,0.0039183357730507,False,True
coco:111086:9:2821,coco,111086,000000111086.jpg,9,boat,boat,False,1,7,0.2188802808523178,163.4429,229.4952,223.424,281.1038,0.0,False,True
coco:111086:9:2821,coco,111086,000000111086.jpg,9,boat,boat,False,1,8,0.2054075747728347,186.1285,177.1669,244.8022,222.4785,0.0209970828145742,False,True
coco:111086:9:2821,coco,111086,000000111086.jpg,9,boat,boat,False,1,9,0.2027263641357422,6.6201,257.2073,77.7639,326.1851,0.0,False,True
coco:111086:9:2821,coco,111086,000000111086.jpg,9,boat,boat,False,1,10,0.1799664795398712,0.8183,59.8286,499.4554,326.0008,0.4792608916759491,False,True
coco:111086:9:2821,coco,111086,000000111086.jpg,9,boat,boat,False,1,11,0.1705835163593292,293.5004,140.6319,387.3203,204.5122,0.0559854060411453,False,True
coco:111086:9:2821,coco,111086,000000111086.jpg,9,boat,boat,False,1,12,0.1667204052209854,175.173,59.8996,499.0591,191.469,0.3980711996555328,False,True
coco:111086:9:2821,coco,111086,000000111086.jpg,9,boat,boat,False,1,13,0.1614720970392227,327.5637,140.3038,387.9489,176.1719,0.0202325619757175,False,True
coco:111086:9:2821,coco,111086,000000111086.jpg,9,boat,boat,False,1,14,0.1597709059715271,96.3049,209.8116,135.4088,244.3609,0.0020996835082769,False,True
coco:111086:9:2821,coco,111086,000000111086.jpg,9,boat,boat,False,1,15,0.1566235870122909,150.4055,189.7908,191.8334,227.7036,0.0099492603912949,False,True
coco:111086:9:2821,coco,111086,000000111086.jpg,9,boat,boat,False,1,16,0.1544885486364364,5.5178,250.8237,98.8864,326.5604,0.0,False,True
coco:111086:9:2821,coco,111086,000000111086.jpg,9,boat,boat,False,1,17,0.1500326842069625,0.1236,194.9232,54.062,248.3262,0.0102592809125781,False,True
coco:111086:9:2821,coco,111086,000000111086.jpg,9,boat,boat,False,1,18,0.1457776725292205,293.2588,157.5394,332.2348,205.5416,0.0174771957099437,False,True
coco:111086:9:2821,coco,111086,000000111086.jpg,9,boat,boat,False,1,19,0.1435486376285553,127.2079,200.4594,156.073,231.4387,0.0040705762803554,False,True
coco:111086:9:2821,coco,111086,000000111086.jpg,9,boat,boat,False,1,20,0.1406530439853668,96.2893,200.2856,155.2822,244.5067,0.008318037725985,False,True
coco:111086:9:2821,coco,111086,000000111086.jpg,9,boat,boat,False,1,21,0.1363807916641235,402.9195,138.1031,457.6405,189.3676,0.0262050218880176,False,True
coco:111086:9:2821,coco,111086,000000111086.jpg,9,boat,boat,False,1,22,0.135948359966278,367.5768,138.0615,457.8116,188.155,0.042224958539009,False,True
coco:111086:9:2821,coco,111086,000000111086.jpg,9,boat,boat,False,1,23,0.1347692012786865,93.7704,248.2849,130.2957,281.918,0.0,False,True
coco:111086:9:2821,coco,111086,000000111086.jpg,9,boat,boat,False,1,24,0.1321899145841598,325.2072,168.3665,422.2786,212.7858,0.0402788408100605,False,True
coco:111086:9:2821,coco,111086,000000111086.jpg,9,boat,boat,False,1,25,0.127396747469902,328.9342,138.0949,457.7844,189.0754,0.0613623671233654,False,True
coco:111086:9:2821,coco,111086,000000111086.jpg,9,boat,boat,False,1,26,0.1233435720205307,122.3095,239.4667,171.141,283.7942,0.0,False,True
coco:111086:9:2821,coco,111086,000000111086.jpg,9,boat,boat,False,1,27,0.1200896799564361,0.0457,43.9404,19.5908,92.4222,0.0088517805561423,False,True
coco:111086:9:2821,coco,111086,000000111086.jpg,9,boat,boat,False,1,28,0.1165598854422569,6.8362,286.3385,48.6468,325.8474,0.0,False,True
coco:111086:9:2821,coco,111086,000000111086.jpg,9,boat,boat,False,1,29,0.1150814816355705,72.6388,251.2532,99.8509,282.7272,0.0,False,True
coco:111086:9:2821,coco,111086,000000111086.jpg,9,boat,boat,False,1,30,0.1129964366555213,493.2651,147.4722,499.9472,173.1766,0.0016044747317209,False,True
coco:111086:9:2821,coco,111086,000000111086.jpg,9,boat,boat,False,1,31,0.1109576970338821,95.6809,60.4657,499.3165,240.0737,0.5356278419494629,True,False
coco:111086:9:2821,coco,111086,000000111086.jpg,9,boat,boat,False,1,32,0.1108615398406982,233.1478,160.4592,282.7369,220.1529,0.02549877949059,False,True
coco:111086:9:2821,coco,111086,000000111086.jpg,9,boat,boat,False,1,33,0.109418123960495,403.0899,138.2217,451.4766,176.3478,0.0172330159693956,False,True
coco:111086:9:2821,coco,111086,000000111086.jpg,9,boat,boat,False,1,34,0.1074021309614181,367.1765,140.0648,415.8919,178.9551,0.0176978539675474,False,True
coco:111086:9:2821,coco,111086,000000111086.jpg,9,boat,boat,False,1,35,0.1071206182241439,173.8945,152.7764,244.2894,188.8904,0.0237481277436018,False,True
coco:111086:9:2821,coco,111086,000000111086.jpg,9,boat,boat,False,1,36,0.1060750856995582,171.8873,177.4164,231.7252,220.7955,0.0212930887937545,False,True
coco:111086:9:2821,coco,111086,000000111086.jpg,9,boat,boat,False,1,37,0.1058875024318695,0.1115,194.9921,34.5962,247.4323,0.0065775993280112,False,True
coco:111086:9:2821,coco,111086,000000111086.jpg,9,boat,boat,False,1,38,0.1050653383135795,152.6769,190.3777,186.4777,214.9454,0.0077571989968419,False,True
coco:111086:9:2821,coco,111086,000000111086.jpg,9,boat,boat,False,1,39,0.1025997698307037,128.1496,189.6479,189.4954,231.4924,0.0147493286058306,False,True
coco:111086:9:2821,coco,111086,000000111086.jpg,9,boat,boat,False,1,40,0.0959198027849197,186.6292,196.8059,231.5842,222.5438,0.0078779635950922,False,True
coco:111086:9:2821,coco,111086,000000111086.jpg,9,boat,boat,False,1,41,0.0952536314725875,0.2708,225.8702,35.239,249.0307,0.0,False,True
coco:111086:9:2821,coco,111086,000000111086.jpg,9,boat,boat,False,1,42,0.0945188850164413,232.8416,140.7715,386.5076,221.9018,0.1064818054437637,False,True
coco:111086:9:2821,coco,111086,000000111086.jpg,9,boat,boat,False,1,43,0.0921176150441169,393.1889,101.0218,451.0237,143.3702,0.0228791367262601,False,True
coco:111086:9:2821,coco,111086,000000111086.jpg,9,boat,boat,False,1,44,0.0899591445922851,437.38,87.6632,463.6343,117.2149,0.0072476286441087,False,True
coco:111086:9:2821,coco,111086,000000111086.jpg,9,boat,boat,False,1,45,0.0876660719513893,325.5214,99.5387,458.0623,212.7456,0.1401639878749847,False,True
coco:111086:9:2821,coco,111086,000000111086.jpg,9,boat,boat,False,1,46,0.0856643319129943,171.7575,181.3748,197.0517,220.0984,0.0080830305814743,False,True
coco:111086:9:2821,coco,111086,000000111086.jpg,9,boat,boat,False,1,47,0.0841036289930343,232.1186,60.9383,499.0821,219.4651,0.3820845484733581,False,True
coco:111086:9:2821,coco,111086,000000111086.jpg,9,boat,boat,False,1,48,0.0838939025998115,242.3692,160.5244,282.4652,191.9664,0.0117767341434955,False,True
coco:111086:9:2821,coco,111086,000000111086.jpg,9,boat,boat,False,1,49,0.0837619602680206,412.915,61.2332,447.5359,85.3871,0.0078115775249898,False,True
coco:111086:9:2821,coco,111086,000000111086.jpg,9,boat,boat,False,1,50,0.0813847035169601,412.5342,26.5273,499.0589,85.763,0.0478781796991825,False,True
coco:111086:9:2821,coco,111086,000000111086.jpg,9,boat,boat,False,1,51,0.0802673399448394,0.0515,41.056,28.9427,93.0319,0.0140275182202458,False,True
coco:111086:9:2821,coco,111086,000000111086.jpg,9,boat,boat,False,1,52,0.0795373544096946,327.0909,60.4426,499.144,174.7101,0.1836532354354858,False,True
coco:111086:9:2821,coco,111086,000000111086.jpg,9,boat,boat,False,1,53,0.0794785842299461,32.3736,257.3223,77.073,295.5507,0.0,False,True
coco:111086:9:2821,coco,111086,000000111086.jpg,9,boat,boat,False,1,54,0.0774467587471008,422.9281,140.633,457.9417,188.3259,0.0155992768704891,False,True
coco:111086:9:2821,coco,111086,000000111086.jpg,9,boat,boat,False,1,55,0.076937161386013,46.4836,257.0823,76.6676,290.8339,0.0,False,True
coco:111086:9:2821,coco,111086,000000111086.jpg,9,boat,boat,False,1,56,0.0764519572257995,292.5294,85.902,498.531,203.7308,0.2267438173294067,False,True
coco:111086:9:2821,coco,111086,000000111086.jpg,9,boat,boat,False,1,57,0.0757381916046142,391.2444,114.1969,457.6826,188.7233,0.0462532006204128,False,True
coco:111086:9:2821,coco,111086,000000111086.jpg,9,boat,boat,False,1,58,0.0740123465657234,393.7751,60.2393,499.1778,141.8038,0.0803093388676643,False,True
coco:111086:9:2821,coco,111086,000000111086.jpg,9,boat,boat,False,1,59,0.0729987397789955,150.2805,205.3328,177.7723,227.8392,0.0026336163282394,False,True
coco:111086:9:2821,coco,111086,000000111086.jpg,9,boat,boat,False,1,60,0.0708989351987838,405.8831,60.017,499.458,115.9384,0.0488822646439075,False,True
coco:111086:9:2821,coco,111086,000000111086.jpg,9,boat,boat,False,1,61,0.0705425292253494,327.5662,116.118,414.3613,175.7979,0.0483879037201404,False,True
coco:111086:9:2821,coco,111086,000000111086.jpg,9,boat,boat,False,1,62,0.0703134834766388,328.2651,139.8331,415.3096,178.3698,0.0313349105417728,False,True
coco:111086:9:2821,coco,111086,000000111086.jpg,9,boat,boat,False,1,63,0.0698934718966484,184.1365,156.8674,331.5092,223.7916,0.0799833461642265,False,True
coco:111086:9:2821,coco,111086,000000111086.jpg,9,boat,boat,False,1,64,0.0686119571328163,214.7171,177.7202,245.7514,209.4212,0.0091903116554021,False,True
coco:111086:9:2821,coco,111086,000000111086.jpg,9,boat,boat,False,1,65,0.0679802894592285,437.0331,60.3546,499.3503,114.5604,0.0315548963844776,False,True
coco:111086:9:2821,coco,111086,000000111086.jpg,9,boat,boat,False,1,66,0.0678510814905166,174.7379,1.8253,499.3054,189.2594,0.5682858824729919,True,False
coco:111086:9:2821,coco,111086,000000111086.jpg,9,boat,boat,False,1,67,0.0668801516294479,288.645,116.8222,410.6046,169.9129,0.0604851022362709,False,True
coco:111086:9:2821,coco,111086,000000111086.jpg,9,boat,boat,False,1,68,0.0653812810778617,233.2205,187.8576,279.1822,220.4769,0.0118949338793754,False,True
coco:111086:9:2821,coco,111086,000000111086.jpg,9,boat,boat,False,1,69,0.0653092637658119,325.1815,168.4055,393.1563,212.4583,0.0279727187007665,False,True
coco:111086:9:2821,coco,111086,000000111086.jpg,9,boat,boat,False,1,70,0.0644308254122734,93.4688,248.0522,154.8151,283.9425,0.0,False,True
coco:111086:9:2821,coco,111086,000000111086.jpg,9,boat,boat,False,1,71,0.0635779798030853,393.1357,105.4583,499.1747,141.9192,0.0361165441572666,False,True
coco:111086:9:2821,coco,111086,000000111086.jpg,9,boat,boat,False,1,72,0.062578335404396,439.9956,109.147,499.3623,132.4996,0.0129506522789597,False,True
coco:111086:9:2821,coco,111086,000000111086.jpg,9,boat,boat,False,1,73,0.0618099272251129,1.0758,0.7246,498.3748,159.8742,0.7329235672950745,True,False
coco:111086:9:2821,coco,111086,000000111086.jpg,9,boat,boat,False,1,74,0.0612397119402885,393.2573,84.5147,498.9904,143.1676,0.0579313375055789,False,True
coco:111086:9:2821,coco,111086,000000111086.jpg,9,boat,boat,False,1,75,0.0605337284505367,493.1635,146.7481,499.9452,188.4125,0.0026394540909677,False,True
coco:111086:9:2821,coco,111086,000000111086.jpg,9,boat,boat,False,1,76,0.0594611391425132,128.0405,177.4127,237.357,231.0495,0.0384110063314437,False,True
coco:111086:9:2821,coco,111086,000000111086.jpg,9,boat,boat,False,1,77,0.0594465620815753,457.2893,84.1525,499.2669,107.4949,0.0091532664373517,False,True
coco:111086:9:2821,coco,111086,000000111086.jpg,9,boat,boat,False,1,78,0.0590311586856842,94.3467,239.5419,171.2451,283.8605,0.0,False,True
coco:111086:9:2821,coco,111086,000000111086.jpg,9,boat,boat,False,1,79,0.0582456216216087,293.184,140.1943,387.7033,183.0447,0.0378346145153045,False,True
coco:111086:9:2821,coco,111086,000000111086.jpg,9,boat,boat,False,1,80,0.057642962783575,246.9869,115.7458,403.8198,166.0801,0.0737420916557312,False,True
coco:111086:9:2821,coco,111086,000000111086.jpg,9,boat,boat,False,1,81,0.0574987828731536,1.0172,135.0513,458.9336,325.5742,0.2343948930501938,False,True
coco:111086:9:2821,coco,111086,000000111086.jpg,9,boat,boat,False,1,82,0.0573535487055778,270.5163,157.2206,331.476,206.6662,0.0281568523496389,False,True
coco:111086:9:2821,coco,111086,000000111086.jpg,9,boat,boat,False,1,83,0.0563872903585433,96.0996,188.6556,192.3243,244.6215,0.0236219018697738,False,True
coco:111086:9:2821,coco,111086,000000111086.jpg,9,boat,boat,False,1,84,0.056209098547697,86.1227,190.8805,154.5204,218.5654,0.0157771985977888,False,True
coco:111086:9:2821,coco,111086,000000111086.jpg,9,boat,boat,False,1,85,0.0557731352746486,0.0357,194.2923,9.5926,240.9425,0.0018997326260432,False,True
coco:111086:9:2821,coco,111086,000000111086.jpg,9,boat,boat,False,1,86,0.0555848106741905,439.4952,60.4397,499.3867,96.9888,0.0204482357949018,False,True
coco:111086:9:2821,coco,111086,000000111086.jpg,9,boat,boat,False,1,87,0.0553296171128749,76.9775,31.6219,498.5271,203.7101,0.6776617169380188,True,False
coco:111086:9:2821,coco,111086,000000111086.jpg,9,boat,boat,False,1,88,0.0547036342322826,0.1352,44.6194,19.1782,74.1911,0.0052604880183935,False,True
coco:111086:9:2821,coco,111086,000000111086.jpg,9,boat,boat,False,1,89,0.0539842024445533,154.211,137.3284,457.6114,225.9287,0.2155944854021072,False,True
coco:111086:9:2821,coco,111086,000000111086.jpg,9,boat,boat,False,1,90,0.0538612008094787,188.1293,177.3978,232.2622,200.2341,0.0094145545735955,False,True
coco:111086:9:2821,coco,111086,000000111086.jpg,9,boat,boat,False,1,91,0.0538042560219764,233.1298,137.7319,457.922,220.9034,0.1617610901594162,False,True
coco:111086:9:2821,coco,111086,000000111086.jpg,9,boat,boat,False,1,92,0.0536542572081089,437.2332,84.7913,499.3163,132.9929,0.0279542580246925,False,True
coco:111086:9:2821,coco,111086,000000111086.jpg,9,boat,boat,False,1,93,0.0536106452345848,177.348,94.9417,412.8667,187.9321,0.2045865356922149,False,True
coco:111086:9:2821,coco,111086,000000111086.jpg,9,boat,boat,False,1,94,0.0533431880176067,0.0755,43.2902,20.0138,127.9436,0.0157669186592102,False,True
coco:111086:9:2821,coco,111086,000000111086.jpg,9,boat,boat,False,1,95,0.0526143535971641,152.2032,176.3105,195.4614,217.5865,0.0158721003681421,False,True
coco:111086:9:2821,coco,111086,000000111086.jpg,9,boat,boat,False,1,96,0.0526110306382179,401.6907,108.5408,499.4069,182.8525,0.0678324103355407,False,True
coco:111086:9:2821,coco,111086,000000111086.jpg,9,boat,boat,False,1,97,0.0520353205502033,172.2173,195.4587,191.5525,219.3713,0.0036390321329236,False,True
coco:111086:9:2821,coco,111086,000000111086.jpg,9,boat,boat,False,1,98,0.0519251264631748,0.0166,194.1303,8.5832,212.0682,0.0014354643644765,False,True
coco:111086:9:2821,coco,111086,000000111086.jpg,9,boat,boat,False,1,99,0.0517492704093456,493.0075,146.7745,499.9521,207.0766,0.0039119543507695,False,True
coco:111086:9:2821,coco,111086,000000111086.jpg,9,boat,boat,False,1,100,0.0517427772283554,0.0383,41.4256,28.4455,149.7424,0.0287433229386806,False,True
coco:111086:9:2821,coco,111086,000000111086.jpg,9,boat,boat,False,1,101,0.0516983196139335,182.0292,153.8339,241.4852,179.9654,0.0145135233178734,False,True
coco:111086:9:2821,coco,111086,000000111086.jpg,9,boat,boat,False,1,102,0.0516583919525146,266.8246,162.1366,298.7521,194.9815,0.0097959470003843,False,True
coco:111086:9:2821,coco,111086,000000111086.jpg,9,boat,boat,False,1,103,0.0514271631836891,0.0661,41.6816,29.0195,118.1882,0.0206924006342887,False,True
coco:111086:9:2821,coco,111086,000000111086.jpg,9,boat,boat,False,1,104,0.0514195561408996,437.6646,84.0387,499.2259,114.9398,0.0177702866494655,False,True
coco:111086:9:2821,coco,111086,000000111086.jpg,9,boat,boat,False,1,105,0.0511199869215488,0.0673,226.2976,38.9967,290.2451,0.0,False,True
coco:111086:9:2821,coco,111086,000000111086.jpg,9,boat,boat,False,1,106,0.0510532855987548,0.5564,211.5391,70.7443,289.6377,0.0025518233887851,False,True
coco:111086:9:2821,coco,111086,000000111086.jpg,9,boat,boat,False,1,107,0.0507584102451801,392.5522,113.8592,420.6817,143.2608,0.0077258381061255,False,True
coco:111086:9:2821,coco,111086,000000111086.jpg,9,boat,boat,False,1,108,0.0502157174050807,324.307,140.6364,387.6468,200.314,0.0353102944791317,False,True
coco:111086:9:2821,coco,111086,000000111086.jpg,9,boat,boat,False,1,109,0.0501036792993545,493.0966,119.3909,499.9116,173.65,0.0034542516805231,False,True
coco:111086:9:2821,coco,111086,000000111086.jpg,9,boat,boat,False,1,110,0.0500580742955207,218.0489,198.3719,238.0102,218.9651,0.0032141979318112,False,True
coco:111086:50:2822,coco,111086,000000111086.jpg,50,spoon,spoon,True,0,0,0.0708935186266899,297.4538,210.7116,452.986,311.8823,0.0,False,True
coco:111086:50:2822,coco,111086,000000111086.jpg,50,spoon,spoon,True,0,1,0.0591799803078174,0.8464,0.0223,499.5971,217.7011,0.0,False,True
coco:111086:50:2822,coco,111086,000000111086.jpg,50,spoon,spoon,True,0,2,0.050889179110527,211.724,223.2402,294.2558,283.9638,0.0,False,True
coco:111086:5:2823,coco,111086,000000111086.jpg,5,airplane,airplane,True,0,0,0.437787115573883,0.6296,-0.1656,499.3113,221.955,0.0,False,True
coco:111086:5:2823,coco,111086,000000111086.jpg,5,airplane,airplane,True,0,1,0.2309311181306839,0.7628,0.6663,499.2344,326.8185,0.0,False,True
coco:111086:5:2823,coco,111086,000000111086.jpg,5,airplane,airplane,True,0,2,0.0816645175218582,0.0212,43.2008,22.861,92.584,0.0,False,True
coco:111086:5:2823,coco,111086,000000111086.jpg,5,airplane,airplane,True,0,3,0.0765673145651817,0.1708,195.483,97.3023,293.585,0.0,False,True
coco:111086:5:2823,coco,111086,000000111086.jpg,5,airplane,airplane,True,0,4,0.0703406184911727,325.3015,138.2093,457.5953,212.6431,0.0,False,True
coco:111086:5:2823,coco,111086,000000111086.jpg,5,airplane,airplane,True,0,5,0.0696238949894905,232.7566,156.8181,330.5581,222.4026,0.0,False,True
coco:111086:5:2823,coco,111086,000000111086.jpg,5,airplane,airplane,True,0,6,0.062189120799303,297.279,208.8177,452.9156,312.0836,0.0,False,True
coco:111086:5:2823,coco,111086,000000111086.jpg,5,airplane,airplane,True,0,7,0.0614237114787101,17.5245,3.2974,420.7729,188.4365,0.0,False,True
coco:111086:5:2823,coco,111086,000000111086.jpg,5,airplane,airplane,True,0,8,0.0583319514989852,163.2728,229.2286,223.1596,281.1367,0.0,False,True
coco:111086:5:2823,coco,111086,000000111086.jpg,5,airplane,airplane,True,0,9,0.058063767850399,211.6828,223.1679,294.1632,283.7006,0.0,False,True
coco:112298:43:2839,coco,112298,000000112298.jpg,43,tennis racket,tennis racket,False,1,0,0.2741961479187011,186.0713,395.2642,241.1331,453.5255,0.0,False,True
coco:112298:43:2839,coco,112298,000000112298.jpg,43,tennis racket,tennis racket,False,1,1,0.2736566960811615,154.8425,67.9674,246.2446,156.845,0.3139105439186096,False,True
coco:112298:43:2839,coco,112298,000000112298.jpg,43,tennis racket,tennis racket,False,1,2,0.2306291610002517,112.1397,67.8183,246.3976,157.901,0.4669114649295807,False,True
coco:112298:43:2839,coco,112298,000000112298.jpg,43,tennis racket,tennis racket,False,1,3,0.2054728865623474,161.0747,395.1736,241.2503,479.1103,0.0,False,True
coco:112298:43:2839,coco,112298,000000112298.jpg,43,tennis racket,tennis racket,False,1,4,0.0953226760029792,129.2786,215.9409,317.2014,478.7921,0.0,False,True
coco:112298:43:2839,coco,112298,000000112298.jpg,43,tennis racket,tennis racket,False,1,5,0.0915571078658104,56.8853,67.9093,246.4158,206.4182,0.950782299041748,True,False
coco:112298:43:2839,coco,112298,000000112298.jpg,43,tennis racket,tennis racket,False,1,6,0.0875734835863113,75.1344,123.9595,173.7884,169.6941,0.1807679682970047,False,True
coco:112298:43:2839,coco,112298,000000112298.jpg,43,tennis racket,tennis racket,False,1,7,0.0872258618474006,73.759,124.4439,174.5994,205.6428,0.3129225969314575,False,True
coco:112298:43:2839,coco,112298,000000112298.jpg,43,tennis racket,tennis racket,False,1,8,0.0778513103723526,111.6499,123.3651,174.2531,157.0638,0.0845225006341934,False,True
coco:112298:43:2839,coco,112298,000000112298.jpg,43,tennis racket,tennis racket,False,1,9,0.0743116438388824,186.0498,320.3053,241.7451,453.9899,0.0,False,True
coco:112298:43:2839,coco,112298,000000112298.jpg,43,tennis racket,tennis racket,False,1,10,0.0725320503115654,75.6694,134.2739,165.3547,167.0435,0.117748312652111,False,True
coco:112298:43:2839,coco,112298,000000112298.jpg,43,tennis racket,tennis racket,False,1,11,0.0697753950953483,74.6979,67.8814,246.3579,170.5591,0.682555079460144,True,False
coco:112298:43:2839,coco,112298,000000112298.jpg,43,tennis racket,tennis racket,False,1,12,0.0605537593364715,336.7839,216.2977,349.312,374.8567,0.0,False,True
coco:112298:43:2839,coco,112298,000000112298.jpg,43,tennis racket,tennis racket,False,1,13,0.060062538832426,63.0406,201.686,416.3552,292.7668,0.0035252382513135,False,True
coco:112298:43:2839,coco,112298,000000112298.jpg,43,tennis racket,tennis racket,False,1,14,0.058526761829853,137.0807,210.1598,154.4689,289.1258,0.0,False,True
coco:112298:43:2839,coco,112298,000000112298.jpg,43,tennis racket,tennis racket,False,1,15,0.0583039484918117,336.7297,317.8456,348.8011,374.9081,0.0,False,True
coco:112298:43:2839,coco,112298,000000112298.jpg,43,tennis racket,tennis racket,False,1,16,0.053157515823841,336.3255,290.0516,349.309,375.0342,0.0,False,True
coco:112298:40:2840,coco,112298,000000112298.jpg,40,baseball glove,baseball glove,True,0,0,0.1445847451686859,186.1744,395.5434,241.5179,453.2921,0.0,False,True
coco:112298:40:2840,coco,112298,000000112298.jpg,40,baseball glove,baseball glove,True,0,1,0.1374234408140182,73.5672,124.2629,175.7444,205.9376,0.0,False,True
coco:112298:40:2840,coco,112298,000000112298.jpg,40,baseball glove,baseball glove,True,0,2,0.0917904898524284,154.0987,68.082,246.2812,156.702,0.0,False,True
coco:112298:40:2840,coco,112298,000000112298.jpg,40,baseball glove,baseball glove,True,0,3,0.0823212638497352,73.0861,68.1519,245.9261,206.622,0.0,False,True
coco:112298:40:2840,coco,112298,000000112298.jpg,40,baseball glove,baseball glove,True,0,4,0.0702531933784484,75.0327,124.1801,174.2016,167.7602,0.0,False,True
coco:112298:40:2840,coco,112298,000000112298.jpg,40,baseball glove,baseball glove,True,0,5,0.0630762353539466,128.4286,217.6466,317.676,478.9794,0.0,False,True
coco:112298:78:2841,coco,112298,000000112298.jpg,78,microwave,microwave,True,0,0,0.1646423935890197,378.9108,139.9316,416.672,210.7433,0.0,False,True
coco:112298:78:2841,coco,112298,000000112298.jpg,78,microwave,microwave,True,0,1,0.1528802365064621,64.4251,199.7355,418.6941,292.8781,0.0,False,True
coco:112298:78:2841,coco,112298,000000112298.jpg,78,microwave,microwave,True,0,2,0.132884994149208,56.2728,127.9005,420.636,292.341,0.0,False,True
coco:112298:78:2841,coco,112298,000000112298.jpg,78,microwave,microwave,True,0,3,0.1301510035991668,331.3934,134.6978,376.898,209.7884,0.0,False,True
coco:112298:78:2841,coco,112298,000000112298.jpg,78,microwave,microwave,True,0,4,0.1104482784867286,1.8085,0.1135,638.2502,479.7119,0.0,False,True
coco:112298:78:2841,coco,112298,000000112298.jpg,78,microwave,microwave,True,0,5,0.1041704192757606,155.2834,67.9734,245.9371,156.53,0.0,False,True
coco:112298:78:2841,coco,112298,000000112298.jpg,78,microwave,microwave,True,0,6,0.0994388088583946,380.6141,155.0894,412.6573,210.3781,0.0,False,True
coco:112298:78:2841,coco,112298,000000112298.jpg,78,microwave,microwave,True,0,7,0.0929375812411308,129.1779,218.3331,318.8723,478.5823,0.0,False,True
coco:112298:78:2841,coco,112298,000000112298.jpg,78,microwave,microwave,True,0,8,0.0911223515868187,331.108,135.0824,417.9236,211.0705,0.0,False,True
coco:112298:78:2841,coco,112298,000000112298.jpg,78,microwave,microwave,True,0,9,0.0726508274674415,74.2387,123.7729,174.7064,206.0523,0.0,False,True
coco:112298:78:2841,coco,112298,000000112298.jpg,78,microwave,microwave,True,0,10,0.0639079585671424,66.045,124.0456,419.2462,212.2263,0.0,False,True
coco:112298:78:2841,coco,112298,000000112298.jpg,78,microwave,microwave,True,0,11,0.0631287544965744,57.1952,192.5298,419.1553,478.2021,0.0,False,True
coco:112298:78:2841,coco,112298,000000112298.jpg,78,microwave,microwave,True,0,12,0.06248614564538,57.0019,133.3955,420.492,373.1577,0.0,False,True
coco:112298:78:2841,coco,112298,000000112298.jpg,78,microwave,microwave,True,0,13,0.0578216761350631,239.8675,132.6167,258.5521,209.5707,0.0,False,True
coco:112298:78:2841,coco,112298,000000112298.jpg,78,microwave,microwave,True,0,14,0.0560891740024089,304.2766,160.9079,328.4716,209.7737,0.0,False,True
coco:112298:78:2841,coco,112298,000000112298.jpg,78,microwave,microwave,True,0,15,0.0548880062997341,264.579,148.487,284.522,210.2054,0.0,False,True
coco:112298:78:2841,coco,112298,000000112298.jpg,78,microwave,microwave,True,0,16,0.0523459799587726,186.4998,395.4328,240.2837,452.1967,0.0,False,True
coco:112378:15:2842,coco,112378,000000112378.jpg,15,bench,bench,False,1,0,0.4814459383487701,14.4825,255.5733,491.422,479.5359,0.073294311761856,False,True
coco:112378:15:2842,coco,112378,000000112378.jpg,15,bench,bench,False,1,1,0.4811720848083496,422.5121,414.8568,548.4296,478.4282,0.0,False,True
coco:112378:15:2842,coco,112378,000000112378.jpg,15,bench,bench,False,1,2,0.4794449210166931,160.9084,144.9241,219.0738,186.2239,0.0,False,True
coco:112378:15:2842,coco,112378,000000112378.jpg,15,bench,bench,False,1,3,0.4006256461143493,0.2495,379.5199,95.48,479.5781,0.974106788635254,True,False
coco:112378:15:2842,coco,112378,000000112378.jpg,15,bench,bench,False,1,4,0.213548332452774,447.9576,187.5013,639.5831,274.0602,0.0,False,True
coco:112378:15:2842,coco,112378,000000112378.jpg,15,bench,bench,False,1,5,0.1800952553749084,233.4581,302.7907,548.0149,476.1954,0.0,False,True
coco:112378:15:2842,coco,112378,000000112378.jpg,15,bench,bench,False,1,6,0.1233502402901649,447.4374,187.4542,498.1849,228.5012,0.0,False,True
coco:112378:15:2842,coco,112378,000000112378.jpg,15,bench,bench,False,1,7,0.108425572514534,0.376,379.3537,224.7898,479.8134,0.4139322638511657,False,True
coco:112378:15:2842,coco,112378,000000112378.jpg,15,bench,bench,False,1,8,0.0943465679883956,146.7158,390.6807,178.2391,420.2774,0.0,False,True
coco:112378:15:2842,coco,112378,000000112378.jpg,15,bench,bench,False,1,9,0.0909050852060318,188.724,157.3566,218.9311,185.8061,0.0,False,True
coco:112378:15:2842,coco,112378,000000112378.jpg,15,bench,bench,False,1,10,0.08157879114151,482.1931,120.6314,639.4838,183.4279,0.0,False,True
coco:112378:15:2842,coco,112378,000000112378.jpg,15,bench,bench,False,1,11,0.0815638974308967,421.2863,377.1484,548.6193,478.7784,0.0,False,True
coco:112378:15:2842,coco,112378,000000112378.jpg,15,bench,bench,False,1,12,0.0809738487005233,143.0713,308.3949,491.3124,479.353,0.0,False,True
coco:112378:15:2842,coco,112378,000000112378.jpg,15,bench,bench,False,1,13,0.077902965247631,387.2706,349.6132,548.2025,476.6765,0.0,False,True
coco:112378:15:2842,coco,112378,000000112378.jpg,15,bench,bench,False,1,14,0.0766794979572296,146.5477,390.4271,216.1296,446.7484,0.0,False,True
coco:112378:15:2842,coco,112378,000000112378.jpg,15,bench,bench,False,1,15,0.075783833861351,555.8247,444.8491,579.324,479.6051,0.0,False,True
coco:112378:15:2842,coco,112378,000000112378.jpg,15,bench,bench,False,1,16,0.0736172050237655,167.8914,163.4152,218.5555,185.7834,0.0,False,True
coco:112378:15:2842,coco,112378,000000112378.jpg,15,bench,bench,False,1,17,0.0724567174911499,188.3117,166.5642,218.6576,185.4557,0.0,False,True
coco:112378:15:2842,coco,112378,000000112378.jpg,15,bench,bench,False,1,18,0.0705013275146484,15.1578,267.8282,177.7164,434.315,0.1323168277740478,False,True
coco:112378:15:2842,coco,112378,000000112378.jpg,15,bench,bench,False,1,19,0.0694505795836448,190.3727,119.6531,271.1555,139.7197,0.0,False,True
coco:112378:15:2842,coco,112378,000000112378.jpg,15,bench,bench,False,1,20,0.0688358545303344,1.3514,373.4263,548.5851,479.7457,0.1585864573717117,False,True
coco:112378:15:2842,coco,112378,000000112378.jpg,15,bench,bench,False,1,21,0.0641455203294754,145.4577,388.463,547.8265,479.2268,0.0,False,True
coco:112378:15:2842,coco,112378,000000112378.jpg,15,bench,bench,False,1,22,0.0619822479784488,234.4477,302.4501,491.2502,431.1363,0.0,False,True
coco:112378:15:2842,coco,112378,000000112378.jpg,15,bench,bench,False,1,23,0.0585839264094829,482.5743,149.9392,639.4042,182.7207,0.0,False,True
coco:112378:15:2842,coco,112378,000000112378.jpg,15,bench,bench,False,1,24,0.0579737909138202,95.1481,353.3695,178.1925,420.846,0.0,False,True
coco:112378:15:2842,coco,112378,000000112378.jpg,15,bench,bench,False,1,25,0.0577071122825145,0.5996,322.8203,95.7559,479.8409,0.6216802000999451,True,False
coco:112378:15:2842,coco,112378,000000112378.jpg,15,bench,bench,False,1,26,0.0569023378193378,187.6528,146.0876,218.4606,185.5698,0.0,False,True
coco:112378:15:2842,coco,112378,000000112378.jpg,15,bench,bench,False,1,27,0.0560639724135398,161.1305,146.5863,195.1528,180.3152,0.0,False,True
coco:112378:15:2842,coco,112378,000000112378.jpg,15,bench,bench,False,1,28,0.0553920827805995,335.2503,414.9111,548.4795,479.36,0.0,False,True
coco:112378:15:2842,coco,112378,000000112378.jpg,15,bench,bench,False,1,29,0.0532088726758956,607.157,164.2983,639.1415,190.9727,0.0,False,True
coco:112378:49:2843,coco,112378,000000112378.jpg,49,knife,knife,True,0,0,0.0827484875917434,15.4613,255.8172,548.0628,479.0439,0.0,False,True
coco:112378:49:2843,coco,112378,000000112378.jpg,49,knife,knife,True,0,1,0.0771714225411415,211.0255,303.4225,392.2825,425.9148,0.0,False,True
coco:112378:49:2843,coco,112378,000000112378.jpg,49,knife,knife,True,0,2,0.0544907078146934,312.3273,345.4654,355.279,440.3868,0.0,False,True
coco:112378:49:2843,coco,112378,000000112378.jpg,49,knife,knife,True,0,3,0.0531593151390552,216.0201,394.4517,265.6861,425.5993,0.0,False,True
coco:112378:49:2843,coco,112378,000000112378.jpg,49,knife,knife,True,0,4,0.0531556867063045,101.3358,288.1003,139.6618,332.8139,0.0,False,True
coco:112378:35:2844,coco,112378,000000112378.jpg,35,skis,skis,True,0,0,0.1358097642660141,210.2213,303.5447,391.955,425.2827,0.0,False,True
coco:112378:35:2844,coco,112378,000000112378.jpg,35,skis,skis,True,0,1,0.1138407737016677,16.1906,256.1877,548.2689,479.059,0.0,False,True
coco:112378:35:2844,coco,112378,000000112378.jpg,35,skis,skis,True,0,2,0.0699365884065628,215.8578,394.342,265.6031,425.3869,0.0,False,True
coco:112626:33:2845,coco,112626,000000112626.jpg,33,suitcase,suitcase,False,1,0,0.8651351928710938,117.2582,181.4413,345.6729,566.9427,0.9673066139221193,True,False
coco:112626:33:2845,coco,112626,000000112626.jpg,33,suitcase,suitcase,False,1,1,0.1498031020164489,20.037,296.9626,119.2731,407.9509,0.0046599563211202,False,True
coco:112626:33:2845,coco,112626,000000112626.jpg,33,suitcase,suitcase,False,1,2,0.1287722140550613,105.421,346.716,119.1235,400.5505,0.0024220759514719,False,True
coco:112626:33:2845,coco,112626,000000112626.jpg,33,suitcase,suitcase,False,1,3,0.1110323444008827,93.7403,179.7688,126.8444,297.4438,0.0144631378352642,False,True
coco:112626:33:2845,coco,112626,000000112626.jpg,33,suitcase,suitcase,False,1,4,0.0822889059782028,18.0158,180.2557,125.1868,408.1406,0.0202665831893682,False,True
coco:112626:33:2845,coco,112626,000000112626.jpg,33,suitcase,suitcase,False,1,5,0.0570200718939304,98.8647,269.5339,122.0134,297.299,0.0021392113994807,False,True
coco:112626:33:2845,coco,112626,000000112626.jpg,33,suitcase,suitcase,False,1,6,0.0558039397001266,262.859,169.1047,422.5766,466.3488,0.2123351246118545,False,True
coco:112626:11:2846,coco,112626,000000112626.jpg,11,fire hydrant,fire hydrant,True,0,0,0.1226901337504386,116.8242,181.2842,346.1139,566.8606,0.0,False,True
coco:112626:49:2847,coco,112626,000000112626.jpg,49,knife,knife,True,0,0,0.095913290977478,117.8046,182.1537,345.483,566.7083,0.0,False,True
coco:112626:49:2847,coco,112626,000000112626.jpg,49,knife,knife,True,0,1,0.0710228234529495,62.3179,264.9485,73.4409,297.7774,0.0,False,True
coco:112634:25:2848,coco,112634,000000112634.jpg,25,giraffe,giraffe,False,2,0,0.7949486374855042,9.8291,22.5957,576.0745,441.9977,0.9808818697929382,True,False
coco:112634:25:2848,coco,112634,000000112634.jpg,25,giraffe,giraffe,False,2,1,0.6091882586479187,577.3131,193.5702,639.457,308.6114,0.960239827632904,True,False
coco:112634:25:2848,coco,112634,000000112634.jpg,25,giraffe,giraffe,False,2,2,0.0642022490501403,300.4594,23.5202,575.8207,132.3773,0.1234489828348159,False,True
coco:112634:27:2849,coco,112634,000000112634.jpg,27,backpack,backpack,True,0,0,0.0716485008597374,577.438,193.7316,639.3761,308.5002,0.0,False,True
coco:112634:27:2849,coco,112634,000000112634.jpg,27,backpack,backpack,True,0,1,0.067669078707695,2.5958,22.4221,575.7858,441.0539,0.0,False,True
coco:112634:13:2850,coco,112634,000000112634.jpg,13,stop sign,stop sign,True,0,0,0.1825810223817825,4.2323,22.0133,576.2243,441.5983,0.0,False,True
coco:112634:13:2850,coco,112634,000000112634.jpg,13,stop sign,stop sign,True,0,1,0.1426198035478592,397.0314,304.8024,518.0988,370.4919,0.0,False,True
coco:112634:13:2850,coco,112634,000000112634.jpg,13,stop sign,stop sign,True,0,2,0.1030704379081726,396.3064,272.1708,524.7808,370.4344,0.0,False,True
coco:112634:13:2850,coco,112634,000000112634.jpg,13,stop sign,stop sign,True,0,3,0.0828130543231964,577.2501,193.5849,639.3287,308.7238,0.0,False,True
coco:112634:13:2850,coco,112634,000000112634.jpg,13,stop sign,stop sign,True,0,4,0.0502308867871761,607.0912,17.1386,639.4202,64.8053,0.0,False,True
coco:113235:19:2860,coco,113235,000000113235.jpg,19,horse,horse,False,1,0,0.750558078289032,271.8265,84.9962,497.8142,479.4186,0.0,False,True
coco:113235:19:2860,coco,113235,000000113235.jpg,19,horse,horse,False,1,1,0.6035138368606567,73.1193,212.6326,134.3673,260.4008,0.9492120146751404,True,False
coco:113235:19:2860,coco,113235,000000113235.jpg,19,horse,horse,False,1,2,0.0690237134695053,547.5719,204.7223,615.38,227.2204,0.0,False,True
coco:113235:19:2860,coco,113235,000000113235.jpg,19,horse,horse,False,1,3,0.0547236576676368,604.4301,210.002,639.6655,260.309,0.0,False,True
coco:113235:19:2860,coco,113235,000000113235.jpg,19,horse,horse,False,1,4,0.054652415215969,501.4798,202.5023,551.0806,235.864,0.0,False,True
coco:113235:19:2860,coco,113235,000000113235.jpg,19,horse,horse,False,1,5,0.0506261922419071,547.0256,189.1857,615.2314,226.2764,0.0,False,True
coco:113235:50:2861,coco,113235,000000113235.jpg,50,spoon,spoon,True,0,0,0.1206312477588653,114.7075,348.4305,389.7807,467.397,0.0,False,True
coco:113235:50:2861,coco,113235,000000113235.jpg,50,spoon,spoon,True,0,1,0.1029223948717117,275.4776,85.5011,497.018,478.6068,0.0,False,True
coco:113235:50:2861,coco,113235,000000113235.jpg,50,spoon,spoon,True,0,2,0.0985406413674354,73.0603,212.2961,134.5337,260.2559,0.0,False,True
coco:113235:5:2862,coco,113235,000000113235.jpg,5,airplane,airplane,True,0,0,0.1245221644639968,274.4512,85.2636,497.1772,478.7516,0.0,False,True
coco:113235:5:2862,coco,113235,000000113235.jpg,5,airplane,airplane,True,0,1,0.1014486402273178,115.1072,348.5607,389.3503,467.3122,0.0,False,True
coco:113235:5:2862,coco,113235,000000113235.jpg,5,airplane,airplane,True,0,2,0.0568022020161151,73.2935,212.2258,134.4305,260.0868,0.0,False,True
coco:114770:5:2881,coco,114770,000000114770.jpg,5,airplane,airplane,False,1,0,0.6455265283584595,302.5901,0.5838,639.3375,248.7884,0.7040217518806458,True,False
coco:114770:5:2881,coco,114770,000000114770.jpg,5,airplane,airplane,False,1,1,0.1323326528072357,148.8361,133.0661,532.7794,338.7721,0.0783287212252616,False,True
coco:114770:5:2881,coco,114770,000000114770.jpg,5,airplane,airplane,False,1,2,0.1096797212958335,0.1625,160.5772,148.0285,341.5442,0.0,False,True
coco:114770:5:2881,coco,114770,000000114770.jpg,5,airplane,airplane,False,1,3,0.0820212140679359,436.88,0.802,639.2516,247.5497,0.480277806520462,False,True
coco:114770:5:2881,coco,114770,000000114770.jpg,5,airplane,airplane,False,1,4,0.0791797265410423,119.7713,2.2921,445.8036,391.6929,0.1566943824291229,False,True
coco:114770:5:2881,coco,114770,000000114770.jpg,5,airplane,airplane,False,1,5,0.0728031173348426,120.1992,133.1622,445.3218,392.9522,0.0454230047762393,False,True
coco:114770:5:2881,coco,114770,000000114770.jpg,5,airplane,airplane,False,1,6,0.061810377985239,2.5018,1.691,637.6873,393.4398,0.2359923422336578,False,True
coco:114770:5:2881,coco,114770,000000114770.jpg,5,airplane,airplane,False,1,7,0.0605679452419281,120.0452,234.7439,444.101,393.2628,0.0,False,True
coco:114770:5:2881,coco,114770,000000114770.jpg,5,airplane,airplane,False,1,8,0.056104976683855,372.9834,5.0602,637.4444,165.7736,0.7129257917404175,True,False
coco:114770:5:2881,coco,114770,000000114770.jpg,5,airplane,airplane,False,1,9,0.0511639490723609,437.2589,1.2768,639.4271,135.7564,0.4560370147228241,False,True
coco:114770:5:2881,coco,114770,000000114770.jpg,5,airplane,airplane,False,1,10,0.0504694022238254,308.1437,168.2104,532.9388,338.3611,0.0192672498524189,False,True
coco:114770:44:2882,coco,114770,000000114770.jpg,44,bottle,bottle,True,0,0,0.1550124734640121,443.4888,190.9682,456.5946,215.8032,0.0,False,True
coco:114770:44:2882,coco,114770,000000114770.jpg,44,bottle,bottle,True,0,1,0.1054277941584587,290.4876,311.3467,309.2126,350.8877,0.0,False,True
coco:114770:44:2882,coco,114770,000000114770.jpg,44,bottle,bottle,True,0,2,0.0769258886575698,371.5542,245.9564,390.7303,273.4125,0.0,False,True
coco:114770:44:2882,coco,114770,000000114770.jpg,44,bottle,bottle,True,0,3,0.0760660320520401,389.135,201.0948,395.3192,215.0846,0.0,False,True
coco:114770:44:2882,coco,114770,000000114770.jpg,44,bottle,bottle,True,0,4,0.0718229040503501,252.027,300.4859,272.7329,327.9525,0.0,False,True
coco:114770:44:2882,coco,114770,000000114770.jpg,44,bottle,bottle,True,0,5,0.0717182457447052,148.2678,134.3219,531.9878,339.6075,0.0,False,True
coco:114770:44:2882,coco,114770,000000114770.jpg,44,bottle,bottle,True,0,6,0.0703873485326767,176.8262,196.4286,191.9156,229.3153,0.0,False,True
coco:114770:44:2882,coco,114770,000000114770.jpg,44,bottle,bottle,True,0,7,0.0691807717084884,302.7073,0.3373,639.9619,248.8299,0.0,False,True
coco:114770:44:2882,coco,114770,000000114770.jpg,44,bottle,bottle,True,0,8,0.0664819106459617,360.8588,244.9275,373.7134,258.8033,0.0,False,True
coco:114770:44:2882,coco,114770,000000114770.jpg,44,bottle,bottle,True,0,9,0.0661980062723159,184.9506,261.3442,195.403,272.7911,0.0,False,True
coco:114770:44:2882,coco,114770,000000114770.jpg,44,bottle,bottle,True,0,10,0.0657874420285224,0.2451,161.3809,148.0707,339.7784,0.0,False,True
coco:114770:44:2882,coco,114770,000000114770.jpg,44,bottle,bottle,True,0,11,0.0650962144136428,214.4479,198.3892,273.8467,231.2102,0.0,False,True
coco:114770:44:2882,coco,114770,000000114770.jpg,44,bottle,bottle,True,0,12,0.0613061599433422,445.5109,81.9846,469.2916,107.6997,0.0,False,True
coco:114770:44:2882,coco,114770,000000114770.jpg,44,bottle,bottle,True,0,13,0.058048278093338,119.8905,134.5209,444.9402,392.1663,0.0,False,True
coco:114770:44:2882,coco,114770,000000114770.jpg,44,bottle,bottle,True,0,14,0.056167259812355,425.9923,221.4766,479.7734,235.2665,0.0,False,True
coco:114770:44:2882,coco,114770,000000114770.jpg,44,bottle,bottle,True,0,15,0.0552192144095897,195.6891,235.8135,217.0513,256.4626,0.0,False,True
coco:114770:44:2882,coco,114770,000000114770.jpg,44,bottle,bottle,True,0,16,0.0525461658835411,290.6155,331.5356,309.8055,350.3754,0.0,False,True
coco:114770:44:2882,coco,114770,000000114770.jpg,44,bottle,bottle,True,0,17,0.0511060394346714,291.5835,311.4914,306.4828,332.1378,0.0,False,True
coco:114770:31:2883,coco,114770,000000114770.jpg,31,handbag,handbag,True,0,0,0.4841794371604919,152.0484,280.6319,215.1237,345.256,0.0,False,True
coco:114770:31:2883,coco,114770,000000114770.jpg,31,handbag,handbag,True,0,1,0.4258955717086792,213.9973,198.1572,273.3185,231.2542,0.0,False,True
coco:114770:31:2883,coco,114770,000000114770.jpg,31,handbag,handbag,True,0,2,0.1277501434087753,257.3066,222.4136,275.9308,230.5645,0.0,False,True
coco:114770:31:2883,coco,114770,000000114770.jpg,31,handbag,handbag,True,0,3,0.1064110323786735,157.0334,307.5943,206.299,344.1753,0.0,False,True
coco:114770:31:2883,coco,114770,000000114770.jpg,31,handbag,handbag,True,0,4,0.0773812234401702,252.5511,299.5873,297.5123,327.0873,0.0,False,True
coco:114770:31:2883,coco,114770,000000114770.jpg,31,handbag,handbag,True,0,5,0.0767653137445449,252.4543,301.3686,272.6226,326.9583,0.0,False,True
coco:114770:31:2883,coco,114770,000000114770.jpg,31,handbag,handbag,True,0,6,0.0686371326446533,272.0022,300.0237,297.5774,320.797,0.0,False,True
coco:114770:31:2883,coco,114770,000000114770.jpg,31,handbag,handbag,True,0,7,0.0652000233530998,302.574,0.5871,639.6239,248.8904,0.0,False,True
coco:114770:31:2883,coco,114770,000000114770.jpg,31,handbag,handbag,True,0,8,0.0623017735779285,213.7892,171.8267,275.8748,231.1805,0.0,False,True
coco:114770:31:2883,coco,114770,000000114770.jpg,31,handbag,handbag,True,0,9,0.0617535337805748,215.25,219.4503,275.7004,231.6614,0.0,False,True
coco:114770:31:2883,coco,114770,000000114770.jpg,31,handbag,handbag,True,0,10,0.0614102445542812,305.6309,300.9155,330.9288,326.4656,0.0,False,True
coco:114770:31:2883,coco,114770,000000114770.jpg,31,handbag,handbag,True,0,11,0.0587419122457504,274.4957,209.4055,293.2544,231.5602,0.0,False,True
coco:114770:31:2883,coco,114770,000000114770.jpg,31,handbag,handbag,True,0,12,0.0558128915727138,282.2321,330.581,310.7812,354.198,0.0,False,True
coco:114770:31:2883,coco,114770,000000114770.jpg,31,handbag,handbag,True,0,13,0.0557850264012813,495.1856,259.1818,532.8563,284.2945,0.0,False,True
coco:114770:31:2883,coco,114770,000000114770.jpg,31,handbag,handbag,True,0,14,0.0556074455380439,142.1847,134.4021,532.411,339.8736,0.0,False,True
coco:114770:31:2883,coco,114770,000000114770.jpg,31,handbag,handbag,True,0,15,0.0553407371044158,290.435,331.4287,310.1385,349.8053,0.0,False,True
coco:114770:31:2883,coco,114770,000000114770.jpg,31,handbag,handbag,True,0,16,0.0548162795603275,120.3583,134.502,444.8377,390.0089,0.0,False,True
coco:115245:27:2896,coco,115245,000000115245.jpg,27,backpack,backpack,False,3,0,0.4764181673526764,127.1394,8.2726,242.4187,88.2298,0.9109652042388916,True,False
coco:115245:27:2896,coco,115245,000000115245.jpg,27,backpack,backpack,False,3,1,0.3725046515464782,69.0653,140.4276,219.1823,321.2862,0.7731489539146423,True,False
coco:115245:27:2896,coco,115245,000000115245.jpg,27,backpack,backpack,False,3,2,0.2963483333587646,349.7715,136.9436,498.7606,221.8773,0.9800882935523988,True,False
coco:115245:27:2896,coco,115245,000000115245.jpg,27,backpack,backpack,False,3,3,0.2896583080291748,427.7551,197.673,611.7276,326.8698,0.0491666868329048,False,True
coco:115245:27:2896,coco,115245,000000115245.jpg,27,backpack,backpack,False,3,4,0.2539563477039337,123.1077,141.1567,216.4866,308.9169,0.7268905639648438,True,False
coco:115245:27:2896,coco,115245,000000115245.jpg,27,backpack,backpack,False,3,5,0.2400048375129699,207.32,59.8828,330.6572,141.8299,0.0524717010557651,False,True
coco:115245:27:2896,coco,115245,000000115245.jpg,27,backpack,backpack,False,3,6,0.2359588295221328,105.922,70.1989,142.3414,125.5686,0.0209012180566787,False,True
coco:115245:27:2896,coco,115245,000000115245.jpg,27,backpack,backpack,False,3,7,0.2194286435842514,60.9185,0.2317,152.8166,67.725,0.1014512926340103,False,True
coco:115245:27:2896,coco,115245,000000115245.jpg,27,backpack,backpack,False,3,8,0.2139053642749786,0.1607,-0.0143,59.4447,49.1938,0.0,False,True
coco:115245:27:2896,coco,115245,000000115245.jpg,27,backpack,backpack,False,3,9,0.2114775329828262,228.6945,91.9458,305.3052,141.7837,0.0,False,True
coco:115245:27:2896,coco,115245,000000115245.jpg,27,backpack,backpack,False,3,10,0.1886612921953201,226.5544,145.8829,409.6596,243.47,0.1691632568836212,False,True
coco:115245:27:2896,coco,115245,000000115245.jpg,27,backpack,backpack,False,3,11,0.1794337630271911,226.51,146.683,350.5818,220.4907,0.0,False,True
coco:115245:27:2896,coco,115245,000000115245.jpg,27,backpack,backpack,False,3,12,0.1655038893222808,255.9431,274.6168,502.9203,588.1037,0.0,False,True
coco:115245:27:2896,coco,115245,000000115245.jpg,27,backpack,backpack,False,3,13,0.1640365421772003,21.1977,0.0894,59.6575,29.5953,0.0,False,True
coco:115245:27:2896,coco,115245,000000115245.jpg,27,backpack,backpack,False,3,14,0.1566054373979568,79.3561,62.7288,142.2638,125.77,0.0248088371008634,False,True
coco:115245:27:2896,coco,115245,000000115245.jpg,27,backpack,backpack,False,3,15,0.1522230952978134,7.714,58.8511,142.1062,129.816,0.0196749661117792,False,True
coco:115245:27:2896,coco,115245,000000115245.jpg,27,backpack,backpack,False,3,16,0.1516226530075073,5.7044,10.443,61.6838,133.2038,0.0,False,True
coco:115245:27:2896,coco,115245,000000115245.jpg,27,backpack,backpack,False,3,17,0.1411884874105453,21.6964,10.9378,61.8549,70.0976,0.0,False,True
coco:115245:27:2896,coco,115245,000000115245.jpg,27,backpack,backpack,False,3,18,0.1369600147008896,32.4802,61.4867,122.2014,183.6368,0.0389089956879615,False,True
coco:115245:27:2896,coco,115245,000000115245.jpg,27,backpack,backpack,False,3,19,0.1355867534875869,255.9858,169.0446,563.6217,588.5753,0.0576412566006183,False,True
coco:115245:27:2896,coco,115245,000000115245.jpg,27,backpack,backpack,False,3,20,0.134552463889122,0.1846,0.3896,59.6837,97.9842,0.0,False,True
coco:115245:27:2896,coco,115245,000000115245.jpg,27,backpack,backpack,False,3,21,0.1297888159751892,208.4858,147.172,410.903,331.3426,0.0971400886774063,False,True
coco:115245:27:2896,coco,115245,000000115245.jpg,27,backpack,backpack,False,3,22,0.124872975051403,401.1697,142.6749,498.5998,219.7625,0.6013947129249573,True,False
coco:115245:27:2896,coco,115245,000000115245.jpg,27,backpack,backpack,False,3,23,0.1247006356716156,353.681,136.8045,454.4602,178.7854,0.3397467136383056,False,True
coco:115245:27:2896,coco,115245,000000115245.jpg,27,backpack,backpack,False,3,24,0.1168989092111587,133.6526,123.8459,234.9026,183.1957,0.1450393944978714,False,True
coco:115245:27:2896,coco,115245,000000115245.jpg,27,backpack,backpack,False,3,25,0.1162086278200149,306.4376,151.5401,409.7617,243.2854,0.2277882993221283,False,True
coco:115245:27:2896,coco,115245,000000115245.jpg,27,backpack,backpack,False,3,26,0.115560844540596,0.044,0.2248,27.4814,48.896,0.0,False,True
coco:115245:27:2896,coco,115245,000000115245.jpg,27,backpack,backpack,False,3,27,0.1148699671030044,22.0782,10.3392,142.7568,126.227,0.0447560288012027,False,True
coco:115245:27:2896,coco,115245,000000115245.jpg,27,backpack,backpack,False,3,28,0.1115359589457511,482.3465,351.9638,564.3192,472.4996,0.0,False,True
coco:115245:27:2896,coco,115245,000000115245.jpg,27,backpack,backpack,False,3,29,0.1086094379425048,21.5536,0.2384,59.5853,46.772,0.0,False,True
coco:115245:27:2896,coco,115245,000000115245.jpg,27,backpack,backpack,False,3,30,0.1050340682268142,341.9515,169.0796,564.1353,473.4893,0.1065098717808723,False,True
coco:115245:27:2896,coco,115245,000000115245.jpg,27,backpack,backpack,False,3,31,0.1020310446619987,68.7844,8.5764,237.5035,321.2538,0.3998381495475769,False,True
coco:115245:27:2896,coco,115245,000000115245.jpg,27,backpack,backpack,False,3,32,0.0979403853416442,106.2589,0.3137,153.0097,49.6582,0.0969726666808128,False,True
coco:115245:27:2896,coco,115245,000000115245.jpg,27,backpack,backpack,False,3,33,0.0950926095247268,7.8165,79.8966,38.1883,133.5144,0.0,False,True
coco:115245:27:2896,coco,115245,000000115245.jpg,27,backpack,backpack,False,3,34,0.0936723798513412,0.0713,43.1621,32.2808,98.7516,0.0,False,True
coco:115245:27:2896,coco,115245,000000115245.jpg,27,backpack,backpack,False,3,35,0.0921178683638572,131.9783,9.2334,236.3253,184.3627,0.4334864020347595,False,True
coco:115245:27:2896,coco,115245,000000115245.jpg,27,backpack,backpack,False,3,36,0.0910988822579383,207.332,147.2753,350.5636,331.2362,0.0434608720242977,False,True
coco:115245:27:2896,coco,115245,000000115245.jpg,27,backpack,backpack,False,3,37,0.0901875421404838,342.6908,274.4883,564.3064,473.1068,0.0,False,True
coco:115245:27:2896,coco,115245,000000115245.jpg,27,backpack,backpack,False,3,38,0.0834662690758705,227.4562,10.677,291.3543,69.5877,0.0621128976345062,False,True
coco:115245:27:2896,coco,115245,000000115245.jpg,27,backpack,backpack,False,3,39,0.0827963054180145,6.3063,45.2808,40.5406,133.3089,0.0,False,True
coco:115245:27:2896,coco,115245,000000115245.jpg,27,backpack,backpack,False,3,40,0.0826508030295372,133.2327,95.2346,235.1187,183.9428,0.132030040025711,False,True
coco:115245:27:2896,coco,115245,000000115245.jpg,27,backpack,backpack,False,3,41,0.0799436345696449,225.7325,146.4911,563.826,473.9392,0.0982163473963737,False,True
coco:115245:27:2896,coco,115245,000000115245.jpg,27,backpack,backpack,False,3,42,0.0790341719985008,66.4116,0.1258,92.2201,16.3019,0.0,False,True
coco:115245:27:2896,coco,115245,000000115245.jpg,27,backpack,backpack,False,3,43,0.0786064192652702,0.0266,0.4425,28.2443,98.2256,0.0,False,True
coco:115245:27:2896,coco,115245,000000115245.jpg,27,backpack,backpack,False,3,44,0.0778916701674461,61.7797,0.0928,111.125,26.4793,0.0,False,True
coco:115245:27:2896,coco,115245,000000115245.jpg,27,backpack,backpack,False,3,45,0.0773167163133621,66.2362,0.1735,112.3931,20.5838,0.0,False,True
coco:115245:27:2896,coco,115245,000000115245.jpg,27,backpack,backpack,False,3,46,0.0760300830006599,487.5434,219.2684,611.535,325.9769,0.0010277742985635,False,True
coco:115245:27:2896,coco,115245,000000115245.jpg,27,backpack,backpack,False,3,47,0.0749492645263671,424.8658,168.9701,563.3262,472.9784,0.0764506235718727,False,True
coco:115245:27:2896,coco,115245,000000115245.jpg,27,backpack,backpack,False,3,48,0.0710721388459205,61.0927,0.2779,149.5472,125.2299,0.0875310599803924,False,True
coco:115245:27:2896,coco,115245,000000115245.jpg,27,backpack,backpack,False,3,49,0.0710280016064643,308.7025,137.0853,498.8254,242.9019,0.6149210929870605,True,False
coco:115245:27:2896,coco,115245,000000115245.jpg,27,backpack,backpack,False,3,50,0.0664326772093772,348.5561,138.4635,611.3704,326.713,0.2451750934123993,False,True
coco:115245:27:2896,coco,115245,000000115245.jpg,27,backpack,backpack,False,3,51,0.0653711706399917,59.4412,0.3316,92.592,26.3686,0.0,False,True
coco:115245:27:2896,coco,115245,000000115245.jpg,27,backpack,backpack,False,3,52,0.0649463534355163,347.8631,73.5997,498.7588,222.6969,0.5518184900283813,True,False
coco:115245:27:2896,coco,115245,000000115245.jpg,27,backpack,backpack,False,3,53,0.0644590333104133,379.9435,137.0888,454.2876,176.6163,0.2367033660411834,False,True
coco:115245:27:2896,coco,115245,000000115245.jpg,27,backpack,backpack,False,3,54,0.0639920458197593,304.3929,170.7434,500.3587,588.2306,0.0859998911619186,False,True
coco:115245:27:2896,coco,115245,000000115245.jpg,27,backpack,backpack,False,3,55,0.0624259412288665,80.8841,18.9461,130.0249,67.8271,0.0,False,True
coco:115245:27:2896,coco,115245,000000115245.jpg,27,backpack,backpack,False,3,56,0.0623408742249012,21.397,0.1503,48.7079,12.4998,0.0,False,True
coco:115245:27:2896,coco,115245,000000115245.jpg,27,backpack,backpack,False,3,57,0.0610498860478401,123.1955,8.9321,236.9656,309.1144,0.4070256650447845,False,True
coco:115245:27:2896,coco,115245,000000115245.jpg,27,backpack,backpack,False,3,58,0.0607335679233074,336.8703,171.8027,411.2172,242.953,0.2009170204401016,False,True
coco:115245:27:2896,coco,115245,000000115245.jpg,27,backpack,backpack,False,3,59,0.0601714998483657,84.6965,0.2179,126.7549,51.0581,0.0,False,True
coco:115245:27:2896,coco,115245,000000115245.jpg,27,backpack,backpack,False,3,60,0.0600602887570858,349.5091,136.5599,455.0334,220.6552,0.6829000115394592,True,False
coco:115245:27:2896,coco,115245,000000115245.jpg,27,backpack,backpack,False,3,61,0.0594479106366634,338.7628,274.3058,502.7986,493.7377,0.0,False,True
coco:115245:27:2896,coco,115245,000000115245.jpg,27,backpack,backpack,False,3,62,0.0572566278278827,58.9092,9.9456,89.3003,26.9704,0.0,False,True
coco:115245:27:2896,coco,115245,000000115245.jpg,27,backpack,backpack,False,3,63,0.0562857650220394,68.5934,264.953,155.2373,321.0358,0.1199852526187896,False,True
coco:115245:27:2896,coco,115245,000000115245.jpg,27,backpack,backpack,False,3,64,0.0558954291045665,426.7751,194.4376,611.4731,474.466,0.0313652195036411,False,True
coco:115245:27:2896,coco,115245,000000115245.jpg,27,backpack,backpack,False,3,65,0.0538499392569065,306.5808,151.7558,351.5061,186.1471,0.0,False,True
coco:115245:27:2896,coco,115245,000000115245.jpg,27,backpack,backpack,False,3,66,0.0533581674098968,126.2312,141.9071,214.4082,263.3955,0.4996304810047149,False,True
coco:115245:27:2896,coco,115245,000000115245.jpg,27,backpack,backpack,False,3,67,0.0515939891338348,205.6783,60.5074,289.2334,128.8836,0.0709087550640106,False,True
coco:115245:27:2896,coco,115245,000000115245.jpg,27,backpack,backpack,False,3,68,0.0506015382707119,89.949,0.081,110.1407,22.8471,0.0,False,True
coco:115245:27:2896,coco,115245,000000115245.jpg,27,backpack,backpack,False,3,69,0.0503967218101024,60.8546,0.2748,112.746,49.9321,0.0,False,True
coco:115245:27:2896,coco,115245,000000115245.jpg,27,backpack,backpack,False,3,70,0.0500814653933048,349.6106,165.8895,485.7581,221.8337,0.5953407287597656,True,False
coco:115245:55:2897,coco,115245,000000115245.jpg,55,orange,orange,True,0,0,0.0668413415551185,33.4824,62.5981,121.6641,183.5437,0.0,False,True
coco:115245:55:2897,coco,115245,000000115245.jpg,55,orange,orange,True,0,1,0.0568032339215278,256.3035,165.014,501.3596,588.3519,0.0,False,True
coco:115898:1:2905,coco,115898,000000115898.jpg,1,person,person,False,1,0,0.9113664031028748,278.5682,7.8958,460.8657,291.298,0.9568506479263306,True,False
coco:115898:73:2906,coco,115898,000000115898.jpg,73,laptop,laptop,True,0,0,0.1589589715003967,142.0545,245.545,381.0008,306.6371,0.0,False,True
coco:115898:73:2906,coco,115898,000000115898.jpg,73,laptop,laptop,True,0,1,0.1119944974780082,141.7178,245.3282,552.7092,308.3984,0.0,False,True
coco:115898:73:2906,coco,115898,000000115898.jpg,73,laptop,laptop,True,0,2,0.1019646003842353,277.319,7.2562,461.1216,293.0019,0.0,False,True
coco:115898:73:2906,coco,115898,000000115898.jpg,73,laptop,laptop,True,0,3,0.0594695471227169,141.6501,6.1539,552.5772,309.734,0.0,False,True
coco:115898:11:2907,coco,115898,000000115898.jpg,11,fire hydrant,fire hydrant,True,0,0,0.1177074387669563,277.745,7.3168,461.3611,293.7762,0.0,False,True
coco:115898:11:2907,coco,115898,000000115898.jpg,11,fire hydrant,fire hydrant,True,0,1,0.0544178262352943,141.3327,5.4631,551.7096,310.2584,0.0,False,True
coco:115946:3:2908,coco,115946,000000115946.jpg,3,car,car,False,9,0,0.6112250685691833,319.7482,499.24,348.8907,522.8425,0.8993441462516785,True,False
coco:115946:3:2908,coco,115946,000000115946.jpg,3,car,car,False,9,1,0.5388670563697815,239.8258,502.8607,261.8414,519.1186,0.8348763585090637,True,False
coco:115946:3:2908,coco,115946,000000115946.jpg,3,car,car,False,9,2,0.5375453233718872,119.9323,503.2188,172.6571,543.4362,0.9401966333389282,True,False
coco:115946:3:2908,coco,115946,000000115946.jpg,3,car,car,False,9,3,0.5326399803161621,306.7247,501.1302,321.4658,514.173,0.7398511171340942,True,False
coco:115946:3:2908,coco,115946,000000115946.jpg,3,car,car,False,9,4,0.517164945602417,226.1731,504.8205,237.5677,522.3346,0.6740302443504333,True,False
coco:115946:3:2908,coco,115946,000000115946.jpg,3,car,car,False,9,5,0.5143758058547974,185.8304,503.757,227.5233,529.2555,0.9371902942657472,True,False
coco:115946:3:2908,coco,115946,000000115946.jpg,3,car,car,False,9,6,0.5071691274642944,159.5259,499.8776,187.453,536.3889,0.8155955076217651,True,False
coco:115946:3:2908,coco,115946,000000115946.jpg,3,car,car,False,9,7,0.4945140480995178,261.8344,503.7247,274.6891,514.7451,0.910833477973938,True,False
coco:115946:3:2908,coco,115946,000000115946.jpg,3,car,car,False,9,8,0.3775213360786438,253.8479,502.7341,263.8745,515.7726,0.7228600382804871,True,False
coco:115946:3:2908,coco,115946,000000115946.jpg,3,car,car,False,9,9,0.2162270098924636,185.7922,504.2191,213.7462,529.0544,0.6097791194915771,True,False
coco:115946:3:2908,coco,115946,000000115946.jpg,3,car,car,False,9,10,0.1925007551908493,209.1412,503.4943,228.0118,527.3049,0.3899384140968323,False,True
coco:115946:3:2908,coco,115946,000000115946.jpg,3,car,car,False,9,11,0.1849148124456405,144.0131,500.2096,187.4228,536.4332,0.7361096739768982,True,False
coco:115946:3:2908,coco,115946,000000115946.jpg,3,car,car,False,9,12,0.1650112569332122,279.7808,508.8128,289.5252,516.6716,0.0,False,True
coco:115946:3:2908,coco,115946,000000115946.jpg,3,car,car,False,9,13,0.1535660177469253,211.6802,503.7375,237.5517,522.6812,0.2790979743003845,False,True
coco:115946:3:2908,coco,115946,000000115946.jpg,3,car,car,False,9,14,0.1410664469003677,290.7607,505.8815,302.4265,513.1379,0.0,False,True
coco:115946:3:2908,coco,115946,000000115946.jpg,3,car,car,False,9,15,0.0869094654917717,310.0967,499.3888,319.6042,504.2576,0.1516510248184204,False,True
coco:115946:3:2908,coco,115946,000000115946.jpg,3,car,car,False,9,16,0.0836445912718772,280.5361,506.4688,302.8801,516.0531,0.0,False,True
coco:115946:3:2908,coco,115946,000000115946.jpg,3,car,car,False,9,17,0.0818166509270668,278.2797,509.0495,284.0356,515.83,0.0,False,True
coco:115946:3:2908,coco,115946,000000115946.jpg,3,car,car,False,9,18,0.0809523239731788,254.1983,502.3418,262.2479,507.3182,0.2053234577178955,False,True
coco:115946:3:2908,coco,115946,000000115946.jpg,3,car,car,False,9,19,0.078925609588623,240.3574,504.3337,251.9283,518.6865,0.5557587146759033,True,False
coco:115946:3:2908,coco,115946,000000115946.jpg,3,car,car,False,9,20,0.0787642076611518,238.628,507.2557,247.1558,518.7801,0.2533771693706512,False,True
coco:115946:3:2908,coco,115946,000000115946.jpg,3,car,car,False,9,21,0.0710095465183258,282.8663,505.1158,291.6724,514.9156,0.0,False,True
coco:115946:3:2908,coco,115946,000000115946.jpg,3,car,car,False,9,22,0.0697808414697647,280.2639,508.5248,298.1848,518.0597,0.0,False,True
coco:115946:3:2908,coco,115946,000000115946.jpg,3,car,car,False,9,23,0.0655196234583854,291.3066,505.8021,301.8345,510.2924,0.0,False,True
coco:115946:3:2908,coco,115946,000000115946.jpg,3,car,car,False,9,24,0.0614849552512168,171.4528,499.5942,186.5733,518.1183,0.2312738448381424,False,True
coco:115946:3:2908,coco,115946,000000115946.jpg,3,car,car,False,9,25,0.0556213185191154,143.4859,501.6035,175.7041,535.7507,0.4722060561180115,False,True
coco:115946:3:2908,coco,115946,000000115946.jpg,3,car,car,False,9,26,0.0555004030466079,311.2917,501.5112,321.5682,512.802,0.5345216393470764,True,False
coco:115946:3:2908,coco,115946,000000115946.jpg,3,car,car,False,9,27,0.0544179454445838,212.4498,503.3273,227.2802,513.9946,0.1403073221445083,False,True
coco:115946:3:2908,coco,115946,000000115946.jpg,3,car,car,False,9,28,0.0531544908881187,143.7742,495.4858,159.6428,504.006,0.0152477221563458,False,True
coco:115946:3:2908,coco,115946,000000115946.jpg,3,car,car,False,9,29,0.0522157736122608,306.3985,504.5685,313.6275,514.1534,0.2260042577981948,False,True
coco:115946:3:2908,coco,115946,000000115946.jpg,3,car,car,False,9,30,0.0502598397433757,282.3378,508.4424,288.8813,514.4566,0.0,False,True
coco:116208:59:2917,coco,116208,000000116208.jpg,59,pizza,pizza,False,4,0,0.7553642392158508,96.1008,131.4822,570.9885,370.0152,0.970180094242096,True,False
coco:116208:59:2917,coco,116208,000000116208.jpg,59,pizza,pizza,False,4,1,0.5876713395118713,0.2637,12.7541,190.1893,79.195,0.322454959154129,False,True
coco:116208:59:2917,coco,116208,000000116208.jpg,59,pizza,pizza,False,4,2,0.4672497808933258,48.6673,334.2695,124.963,379.235,0.0089450282976031,False,True
coco:116208:59:2917,coco,116208,000000116208.jpg,59,pizza,pizza,False,4,3,0.3992804288864136,502.2943,301.1997,639.5969,409.8699,0.5205811262130737,True,False
coco:116208:59:2917,coco,116208,000000116208.jpg,59,pizza,pizza,False,4,4,0.3935243487358093,557.4531,301.2885,639.6453,408.0757,0.8627786636352539,True,False
coco:116208:59:2917,coco,116208,000000116208.jpg,59,pizza,pizza,False,4,5,0.1935226172208786,134.282,390.7823,165.7934,416.8904,0.0,False,True
coco:116208:59:2917,coco,116208,000000116208.jpg,59,pizza,pizza,False,4,6,0.1666714400053024,101.776,13.6015,190.1244,49.0113,0.7892799973487854,True,False
coco:116208:59:2917,coco,116208,000000116208.jpg,59,pizza,pizza,False,4,7,0.1547140926122665,48.6416,334.2476,166.2095,417.0202,0.020859383046627,False,True
coco:116208:59:2917,coco,116208,000000116208.jpg,59,pizza,pizza,False,4,8,0.1473922431468963,-0.0609,43.7638,110.6423,78.5342,0.9097365140914916,True,False
coco:116208:59:2917,coco,116208,000000116208.jpg,59,pizza,pizza,False,4,9,0.1454562246799469,501.8954,301.0529,639.6388,479.0129,0.3222419619560241,False,True
coco:116208:59:2917,coco,116208,000000116208.jpg,59,pizza,pizza,False,4,10,0.1038290187716484,77.5555,13.0475,190.0743,55.3881,0.6589009761810303,True,False
coco:116208:59:2917,coco,116208,000000116208.jpg,59,pizza,pizza,False,4,11,0.0914968028664588,501.3347,313.9879,567.8256,416.1955,0.0448363460600376,False,True
coco:116208:59:2917,coco,116208,000000116208.jpg,59,pizza,pizza,False,4,12,0.079886570572853,619.887,185.4436,639.5578,216.2262,0.0,False,True
coco:116208:59:2917,coco,116208,000000116208.jpg,59,pizza,pizza,False,4,13,0.0773159638047218,0.3205,25.1418,122.1273,78.5866,0.6206791996955872,True,False
coco:116208:59:2917,coco,116208,000000116208.jpg,59,pizza,pizza,False,4,14,0.075795441865921,96.4944,136.7941,424.3097,369.5087,0.6533797979354858,True,False
coco:116208:59:2917,coco,116208,000000116208.jpg,59,pizza,pizza,False,4,15,0.0639989748597145,557.2776,300.7991,639.553,478.7259,0.5329797267913818,True,False
coco:116208:59:2917,coco,116208,000000116208.jpg,59,pizza,pizza,False,4,16,0.0612448267638683,269.4421,133.7443,570.7709,353.628,0.5674749612808228,True,False
coco:116208:59:2917,coco,116208,000000116208.jpg,59,pizza,pizza,False,4,17,0.0603458359837532,228.8743,468.3215,248.623,479.8963,0.0,False,True
coco:116208:59:2917,coco,116208,000000116208.jpg,59,pizza,pizza,False,4,18,0.0580004006624221,2.5525,27.3756,111.3598,58.3562,0.2859874963760376,False,True
coco:116208:59:2917,coco,116208,000000116208.jpg,59,pizza,pizza,False,4,19,0.0566044598817825,520.0599,457.0729,596.8478,479.6946,0.0,False,True
coco:116208:59:2917,coco,116208,000000116208.jpg,59,pizza,pizza,False,4,20,0.055884700268507,0.0844,52.7115,48.0505,78.9776,0.2889066040515899,False,True
coco:116208:59:2917,coco,116208,000000116208.jpg,59,pizza,pizza,False,4,21,0.0536298230290412,568.8709,400.3962,617.0686,426.1456,0.0125456936657428,False,True
coco:116208:59:2917,coco,116208,000000116208.jpg,59,pizza,pizza,False,4,22,0.0504640191793441,0.6708,332.3476,166.3219,417.6963,0.0212393589317798,False,True
coco:116208:17:2918,coco,116208,000000116208.jpg,17,cat,cat,True,0,0,0.087846040725708,97.1244,133.6585,569.9253,368.57,0.0,False,True
coco:116208:20:2919,coco,116208,000000116208.jpg,20,sheep,sheep,True,0,0,0.0592101588845253,97.2893,133.1571,569.862,368.4842,0.0,False,True
coco:116825:49:2932,coco,116825,000000116825.jpg,49,knife,knife,False,1,0,0.4523715078830719,375.5257,131.2323,507.6198,273.9038,0.8805367350578308,True,False
coco:116825:49:2932,coco,116825,000000116825.jpg,49,knife,knife,False,1,1,0.1444901227951049,246.0559,130.8727,508.2967,278.0594,0.4357772469520569,False,True
coco:116825:49:2932,coco,116825,000000116825.jpg,49,knife,knife,False,1,2,0.1328806281089782,210.4586,259.265,267.7475,359.5356,0.0,False,True
coco:116825:49:2932,coco,116825,000000116825.jpg,49,knife,knife,False,1,3,0.1215623468160629,210.2084,131.0815,507.886,358.6152,0.2471221089363098,False,True
coco:116825:49:2932,coco,116825,000000116825.jpg,49,knife,knife,False,1,4,0.0778043717145919,75.6635,7.2837,387.6686,357.9061,0.0104595106095075,False,True
coco:116825:49:2932,coco,116825,000000116825.jpg,49,knife,knife,False,1,5,0.077687568962574,423.2359,1.5652,474.0485,99.0575,0.0,False,True
coco:116825:49:2932,coco,116825,000000116825.jpg,49,knife,knife,False,1,6,0.075423777103424,449.8843,5.9785,473.8166,89.059,0.0,False,True
coco:116825:49:2932,coco,116825,000000116825.jpg,49,knife,knife,False,1,7,0.0606613866984844,376.1351,164.5789,472.0406,272.622,0.4934488832950592,False,True
coco:116825:49:2932,coco,116825,000000116825.jpg,49,knife,knife,False,1,8,0.05557856336236,464.212,131.6382,507.3622,180.8077,0.1261332035064697,False,True
coco:116825:41:2933,coco,116825,000000116825.jpg,41,skateboard,skateboard,True,0,0,0.1249051541090011,375.5053,131.6826,507.5363,274.2786,0.0,False,True
coco:116825:41:2933,coco,116825,000000116825.jpg,41,skateboard,skateboard,True,0,1,0.1051113307476043,75.4152,7.0241,388.7222,358.6584,0.0,False,True
coco:116825:41:2933,coco,116825,000000116825.jpg,41,skateboard,skateboard,True,0,2,0.0740159451961517,207.9661,29.3459,639.1843,359.1034,0.0,False,True
coco:116825:41:2933,coco,116825,000000116825.jpg,41,skateboard,skateboard,True,0,3,0.0692932903766632,1.134,0.9287,639.3663,359.2203,0.0,False,True
coco:116825:34:2934,coco,116825,000000116825.jpg,34,frisbee,frisbee,True,0,0,0.0835536941885948,375.6357,131.4974,507.4347,273.6493,0.0,False,True
coco:116825:34:2934,coco,116825,000000116825.jpg,34,frisbee,frisbee,True,0,1,0.0661079138517379,75.7802,7.2147,388.9355,358.1373,0.0,False,True
coco:118594:21:2977,coco,118594,000000118594.jpg,21,cow,cow,False,2,0,0.827523410320282,37.6052,14.9209,600.1708,340.6613,0.973825216293335,True,False
coco:118594:21:2977,coco,118594,000000118594.jpg,21,cow,cow,False,2,1,0.5190431475639343,428.149,4.0035,639.4858,313.1238,0.5545843839645386,True,False
coco:118594:21:2977,coco,118594,000000118594.jpg,21,cow,cow,False,2,2,0.254508912563324,428.5544,185.4972,639.5286,311.1223,0.3096054792404175,False,True
coco:118594:21:2977,coco,118594,000000118594.jpg,21,cow,cow,False,2,3,0.2526220679283142,524.9875,3.3313,639.6069,311.5521,0.954859495162964,True,False
coco:118594:21:2977,coco,118594,000000118594.jpg,21,cow,cow,False,2,4,0.2130399048328399,560.7272,3.5886,639.4019,310.0363,0.6539548635482788,True,False
coco:118594:21:2977,coco,118594,000000118594.jpg,21,cow,cow,False,2,5,0.2068167328834533,327.3136,4.5631,639.4588,319.0742,0.4099142849445343,False,True
coco:118594:21:2977,coco,118594,000000118594.jpg,21,cow,cow,False,2,6,0.2044460475444793,524.0034,185.7279,639.3666,311.0988,0.3965210318565368,False,True
coco:118594:21:2977,coco,118594,000000118594.jpg,21,cow,cow,False,2,7,0.1502607315778732,561.4473,3.6219,639.3845,191.6776,0.3960410058498382,False,True
coco:118594:21:2977,coco,118594,000000118594.jpg,21,cow,cow,False,2,8,0.1479234546422958,320.5268,186.2838,639.4658,313.3613,0.239988699555397,False,True
coco:118594:21:2977,coco,118594,000000118594.jpg,21,cow,cow,False,2,9,0.0644017606973648,580.3283,185.7775,639.3151,308.3276,0.1981848776340484,False,True
coco:118594:21:2977,coco,118594,000000118594.jpg,21,cow,cow,False,2,10,0.0503513105213642,599.9531,3.3229,639.4785,26.1235,0.0222292020916938,False,True
coco:118594:4:2978,coco,118594,000000118594.jpg,4,motorcycle,motorcycle,True,0,0,0.0948346033692359,37.6518,11.0777,609.6695,341.1944,0.0,False,True
coco:118594:51:2979,coco,118594,000000118594.jpg,51,bowl,bowl,True,0,0,0.0935885161161422,37.8468,13.757,603.0441,338.7761,0.0,False,True
