family_id,dataset,image_id,category_id,category_name,prompt,is_prompt_absent,num_candidates,num_rejected,fp,tp,fdp
coco:1000:50:29,coco,1000,50,spoon,a spoon in the scene,True,102,0,0,0,0.0
coco:100238:15:2554,coco,100238,15,bench,a close-up of a bench,True,14,0,0,0,0.0
coco:100238:23:2553,coco,100238,23,bear,a small bear near the center,True,8,0,0,0,0.0
coco:100238:44:2552,coco,100238,44,bottle,a visible bottle in the scene,False,22,0,0,0,0.0
coco:100274:3:2555,coco,100274,3,car,a car object,False,64,0,0,0,0.0
coco:100274:54:2557,coco,100274,54,sandwich,a sandwich in the scene,True,21,0,0,0,0.0
coco:100283:39:2560,coco,100283,39,baseball bat,a baseball bat in the scene,True,63,0,0,0,0.0
coco:100428:32:2561,coco,100428,32,tie,a photo of a tie,False,39,0,0,0,0.0
coco:100428:33:2563,coco,100428,33,suitcase,a small suitcase near the center,True,42,0,0,0,0.0
coco:100489:14:2566,coco,100489,14,parking meter,a parking meter in the scene,True,7,0,0,0,0.0
coco:100489:53:2565,coco,100489,53,apple,a close-up of a apple,True,9,0,0,0,0.0
coco:100510:1:2567,coco,100510,1,person,a person object,False,12,0,0,0,0.0
coco:100510:59:2568,coco,100510,59,pizza,a pizza in the scene,True,36,0,0,0,0.0
coco:100510:5:2569,coco,100510,5,airplane,a close-up of a airplane,True,4,0,0,0,0.0
coco:100582:48:2570,coco,100582,48,fork,a photo of a fork,False,21,0,0,0,0.0
coco:100624:56:2574,coco,100624,56,broccoli,a small broccoli near the center,True,145,0,0,0,0.0
coco:100624:77:2573,coco,100624,77,cell phone,a photo of a cell phone,False,13,0,0,0,0.0
coco:100723:14:2578,coco,100723,14,parking meter,a parking meter in the scene,True,62,0,0,0,0.0
coco:10092:77:304,coco,10092,77,cell phone,a small cell phone near the center,True,33,0,0,0,0.0
coco:101022:15:2580,coco,101022,15,bench,a photo containing a bench,True,19,0,0,0,0.0
coco:101022:85:2579,coco,101022,85,clock,a close-up of a clock,True,14,0,0,0,0.0
coco:101068:3:2582,coco,101068,3,car,a car in the scene,True,42,0,0,0,0.0
coco:101068:8:2583,coco,101068,8,truck,a small truck near the center,True,53,0,0,0,0.0
coco:101420:25:2586,coco,101420,25,giraffe,a photo containing a giraffe,True,11,0,0,0,0.0
coco:101420:2:2585,coco,101420,2,bicycle,a small bicycle near the center,True,21,0,0,0,0.0
coco:101762:80:2588,coco,101762,80,toaster,a close-up of a toaster,True,5,0,0,0,0.0
coco:101780:25:2590,coco,101780,25,giraffe,a giraffe object,False,17,0,0,0,0.0
coco:101884:70:2597,coco,101884,70,toilet,a close-up of a toilet,True,11,0,0,0,0.0
coco:102331:87:2600,coco,102331,87,scissors,a close-up of a scissors,True,4,0,0,0,0.0
coco:102356:33:2604,coco,102356,33,suitcase,a suitcase in the scene,True,24,0,0,0,0.0
coco:102356:4:2602,coco,102356,4,motorcycle,a visible motorcycle in the scene,False,6,0,0,0,0.0
coco:102411:3:2605,coco,102411,3,car,the car in this image,False,8,0,0,0,0.0
coco:102644:38:2610,coco,102644,38,kite,a photo containing a kite,True,11,0,0,0,0.0
coco:102707:49:2613,coco,102707,49,knife,a knife in the scene,True,50,0,0,0,0.0
coco:102805:9:2614,coco,102805,9,boat,a boat object,False,34,0,0,0,0.0
coco:102820:43:2619,coco,102820,43,tennis racket,a small tennis racket near the center,True,56,0,0,0,0.0
coco:103548:90:2622,coco,103548,90,toothbrush,a photo containing a toothbrush,True,21,0,0,0,0.0
coco:103585:18:2625,coco,103585,18,dog,a close-up of a dog,True,9,0,0,0,0.0
coco:103585:60:2624,coco,103585,60,donut,a photo containing a donut,True,14,0,0,0,0.0
coco:10363:36:308,coco,10363,36,snowboard,a snowboard in the scene,True,63,0,0,0,0.0
coco:103723:8:2628,coco,103723,8,truck,a small truck near the center,True,56,0,0,0,0.0
coco:104119:44:2630,coco,104119,44,bottle,a close-up of a bottle,True,10,0,0,0,0.0
coco:104424:86:2637,coco,104424,86,vase,a photo containing a vase,True,13,0,0,0,0.0
coco:104455:42:2640,coco,104455,42,surfboard,a small surfboard near the center,True,47,0,0,0,0.0
coco:104455:72:2639,coco,104455,72,tv,a tv in the scene,True,79,0,0,0,0.0
coco:104572:18:2642,coco,104572,18,dog,a close-up of a dog,True,8,0,0,0,0.0
coco:104572:70:2641,coco,104572,70,toilet,a visible toilet in the scene,False,13,0,0,0,0.0
coco:104603:23:2644,coco,104603,23,bear,a visible bear in the scene,False,2,0,0,0,0.0
coco:104612:56:2647,coco,104612,56,broccoli,the broccoli in this image,False,43,0,0,0,0.0
coco:104619:25:2650,coco,104619,25,giraffe,a giraffe object,False,2,0,0,0,0.0
coco:104619:77:2651,coco,104619,77,cell phone,a close-up of a cell phone,True,12,0,0,0,0.0
coco:104669:55:2656,coco,104669,55,orange,a photo of a orange,False,17,0,0,0,0.0
coco:104782:50:2661,coco,104782,50,spoon,a small spoon near the center,True,32,0,0,0,0.0
coco:104803:57:2664,coco,104803,57,carrot,a carrot in the scene,True,44,0,0,0,0.0
coco:104803:70:2662,coco,104803,70,toilet,a photo of a toilet,False,10,0,0,0,0.0
coco:105014:14:2667,coco,105014,14,parking meter,a parking meter in the scene,True,18,0,0,0,0.0
coco:105014:56:2665,coco,105014,56,broccoli,a visible broccoli in the scene,False,15,0,0,0,0.0
coco:105014:78:2666,coco,105014,78,microwave,a close-up of a microwave,True,3,0,0,0,0.0
coco:105249:56:2669,coco,105249,56,broccoli,a small broccoli near the center,True,52,0,0,0,0.0
coco:105249:81:2668,coco,105249,81,sink,a photo of a sink,False,28,0,0,0,0.0
coco:105264:27:2672,coco,105264,27,backpack,a photo containing a backpack,True,28,0,0,0,0.0
coco:105335:82:2676,coco,105335,82,refrigerator,a close-up of a refrigerator,True,5,0,0,0,0.0
coco:105455:36:2678,coco,105455,36,snowboard,a small snowboard near the center,True,86,0,0,0,0.0
coco:105455:3:2677,coco,105455,3,car,the car in this image,False,12,0,0,0,0.0
coco:105455:48:2679,coco,105455,48,fork,a small fork near the center,True,87,0,0,0,0.0
coco:10583:46:310,coco,10583,46,wine glass,a close-up of a wine glass,True,2,0,0,0,0.0
coco:10583:54:309,coco,10583,54,sandwich,the sandwich in this image,False,2,0,0,0,0.0
coco:10583:78:311,coco,10583,78,microwave,a microwave in the scene,True,22,0,0,0,0.0
coco:105912:3:2680,coco,105912,3,car,a car object,False,42,0,0,0,0.0
coco:105912:42:2682,coco,105912,42,surfboard,a photo containing a surfboard,True,44,0,0,0,0.0
coco:105912:89:2681,coco,105912,89,hair drier,a hair drier in the scene,True,35,0,0,0,0.0
coco:105923:16:2685,coco,105923,16,bird,a photo containing a bird,True,22,0,0,0,0.0
coco:105923:1:2683,coco,105923,1,person,the person in this image,False,59,0,0,0,0.0
coco:105923:77:2684,coco,105923,77,cell phone,a close-up of a cell phone,True,13,0,0,0,0.0
coco:106048:6:2686,coco,106048,6,bus,the bus in this image,False,2,0,0,0,0.0
coco:106235:67:2689,coco,106235,67,dining table,the dining table in this image,False,10,0,0,0,0.0
coco:106235:89:2690,coco,106235,89,hair drier,a small hair drier near the center,True,37,0,0,0,0.0
coco:106266:59:2692,coco,106266,59,pizza,the pizza in this image,False,13,0,0,0,0.0
coco:106266:79:2694,coco,106266,79,oven,a oven in the scene,True,12,0,0,0,0.0
coco:106330:20:2700,coco,106330,20,sheep,a small sheep near the center,True,2,0,0,0,0.0
coco:106330:72:2699,coco,106330,72,tv,a small tv near the center,True,16,0,0,0,0.0
coco:106389:43:2702,coco,106389,43,tennis racket,a photo containing a tennis racket,True,14,0,0,0,0.0
coco:106389:72:2703,coco,106389,72,tv,a small tv near the center,True,15,0,0,0,0.0
coco:106563:79:2705,coco,106563,79,oven,a close-up of a oven,True,11,0,0,0,0.0
coco:106563:85:2704,coco,106563,85,clock,a photo of a clock,False,13,0,0,0,0.0
coco:106757:62:2708,coco,106757,62,chair,a close-up of a chair,True,6,0,0,0,0.0
coco:106881:50:2712,coco,106881,50,spoon,a spoon in the scene,True,39,0,0,0,0.0
coco:106912:13:2715,coco,106912,13,stop sign,a small stop sign near the center,True,67,0,0,0,0.0
coco:106912:57:2714,coco,106912,57,carrot,a photo containing a carrot,True,14,0,0,0,0.0
coco:10707:10:314,coco,10707,10,traffic light,a traffic light in the scene,True,82,0,0,0,0.0
coco:10707:51:313,coco,10707,51,bowl,a small bowl near the center,True,14,0,0,0,0.0
coco:107087:17:2716,coco,107087,17,cat,a visible cat in the scene,False,5,0,0,0,0.0
coco:107087:50:2718,coco,107087,50,spoon,a small spoon near the center,True,78,0,0,0,0.0
coco:107087:77:2717,coco,107087,77,cell phone,a photo containing a cell phone,True,7,0,0,0,0.0
coco:107094:2:2721,coco,107094,2,bicycle,a small bicycle near the center,True,49,0,0,0,0.0
coco:107226:6:2723,coco,107226,6,bus,a close-up of a bus,True,7,0,0,0,0.0
coco:107339:1:2725,coco,107339,1,person,a photo of a person,False,17,0,0,0,0.0
coco:107339:35:2726,coco,107339,35,skis,a skis in the scene,True,187,0,0,0,0.0
coco:107339:3:2727,coco,107339,3,car,a photo containing a car,True,19,0,0,0,0.0
coco:107554:24:2729,coco,107554,24,zebra,a zebra in the scene,True,37,0,0,0,0.0
coco:107554:3:2728,coco,107554,3,car,the car in this image,False,17,0,0,0,0.0
coco:10764:21:316,coco,10764,21,cow,a small cow near the center,True,6,0,0,0,0.0
coco:107851:85:2733,coco,107851,85,clock,a small clock near the center,True,38,0,0,0,0.0
coco:108026:57:2735,coco,108026,57,carrot,a carrot in the scene,True,65,0,0,0,0.0
coco:108244:20:2738,coco,108244,20,sheep,a sheep in the scene,True,13,0,0,0,0.0
coco:108253:37:2741,coco,108253,37,sports ball,a sports ball in the scene,True,39,0,0,0,0.0
coco:108440:2:2745,coco,108440,2,bicycle,a close-up of a bicycle,True,12,0,0,0,0.0
coco:108440:70:2744,coco,108440,70,toilet,a toilet in the scene,True,29,0,0,0,0.0
coco:108440:7:2743,coco,108440,7,train,the train in this image,False,3,0,0,0,0.0
coco:108495:10:2748,coco,108495,10,traffic light,a traffic light in the scene,True,48,0,0,0,0.0
coco:108495:11:2747,coco,108495,11,fire hydrant,a close-up of a fire hydrant,True,3,0,0,0,0.0
coco:108864:22:2752,coco,108864,22,elephant,the elephant in this image,False,10,0,0,0,0.0
coco:108864:3:2754,coco,108864,3,car,a close-up of a car,True,9,0,0,0,0.0
coco:109055:2:2755,coco,109055,2,bicycle,a bicycle object,False,19,0,0,0,0.0
coco:109055:48:2757,coco,109055,48,fork,a close-up of a fork,True,49,0,0,0,0.0
coco:109118:1:2758,coco,109118,1,person,the person in this image,False,14,0,0,0,0.0
coco:109441:3:2764,coco,109441,3,car,a car object,False,76,0,0,0,0.0
coco:10977:81:318,coco,10977,81,sink,a photo of a sink,False,19,0,0,0,0.0
coco:109798:67:2767,coco,109798,67,dining table,a photo of a dining table,False,5,0,0,0,0.0
coco:109827:5:2772,coco,109827,5,airplane,a small airplane near the center,True,2,0,0,0,0.0
coco:109827:88:2770,coco,109827,88,teddy bear,a photo of a teddy bear,False,7,0,0,0,0.0
coco:109900:34:2774,coco,109900,34,frisbee,a frisbee in the scene,True,63,0,0,0,0.0
coco:109900:5:2773,coco,109900,5,airplane,a visible airplane in the scene,False,7,0,0,0,0.0
coco:109900:73:2775,coco,109900,73,laptop,a laptop in the scene,True,54,0,0,0,0.0
coco:109916:11:2778,coco,109916,11,fire hydrant,a close-up of a fire hydrant,True,3,0,0,0,0.0
coco:109916:51:2776,coco,109916,51,bowl,a bowl object,False,9,0,0,0,0.0
coco:10995:17:323,coco,10995,17,cat,a cat in the scene,True,28,0,0,0,0.0
coco:10995:60:322,coco,10995,60,donut,a small donut near the center,True,61,0,0,0,0.0
coco:10995:65:321,coco,10995,65,bed,a photo of a bed,False,9,0,0,0,0.0
coco:109976:14:2781,coco,109976,14,parking meter,a small parking meter near the center,True,42,0,0,0,0.0
coco:109992:90:2784,coco,109992,90,toothbrush,a small toothbrush near the center,True,107,0,0,0,0.0
coco:110042:62:2787,coco,110042,62,chair,a close-up of a chair,True,16,0,0,0,0.0
coco:110211:24:2788,coco,110211,24,zebra,a zebra object,False,43,0,0,0,0.0
coco:110211:35:2789,coco,110211,35,skis,a close-up of a skis,True,10,0,0,0,0.0
coco:110282:10:2791,coco,110282,10,traffic light,the traffic light in this image,False,4,0,0,0,0.0
coco:110359:28:2796,coco,110359,28,umbrella,a photo containing a umbrella,True,12,0,0,0,0.0
coco:110359:2:2795,coco,110359,2,bicycle,a small bicycle near the center,True,26,0,0,0,0.0
coco:11051:85:325,coco,11051,85,clock,a photo containing a clock,True,10,0,0,0,0.0
coco:110638:22:2800,coco,110638,22,elephant,a elephant object,False,21,0,0,0,0.0
coco:110638:79:2802,coco,110638,79,oven,a oven in the scene,True,21,0,0,0,0.0
coco:110721:1:2803,coco,110721,1,person,a visible person in the scene,False,11,0,0,0,0.0
coco:110784:28:2807,coco,110784,28,umbrella,a close-up of a umbrella,True,27,0,0,0,0.0
coco:110784:88:2808,coco,110784,88,teddy bear,a photo containing a teddy bear,True,19,0,0,0,0.0
coco:110884:51:2809,coco,110884,51,bowl,a visible bowl in the scene,False,12,0,0,0,0.0
coco:110884:54:2810,coco,110884,54,sandwich,a sandwich in the scene,True,41,0,0,0,0.0
coco:110999:31:2816,coco,110999,31,handbag,a photo containing a handbag,True,6,0,0,0,0.0
coco:110999:49:2815,coco,110999,49,knife,a visible knife in the scene,False,6,0,0,0,0.0
coco:111179:85:2824,coco,111179,85,clock,a photo of a clock,False,19,0,0,0,0.0
coco:111207:44:2829,coco,111207,44,bottle,a bottle in the scene,True,97,0,0,0,0.0
coco:111207:47:2828,coco,111207,47,cup,a cup in the scene,True,87,0,0,0,0.0
coco:11149:2:330,coco,11149,2,bicycle,a bicycle object,False,20,0,0,0,0.0
coco:11149:54:332,coco,11149,54,sandwich,a small sandwich near the center,True,84,0,0,0,0.0
coco:111609:47:2832,coco,111609,47,cup,a cup in the scene,True,77,0,0,0,0.0
coco:111609:53:2831,coco,111609,53,apple,a close-up of a apple,True,14,0,0,0,0.0
coco:111951:63:2835,coco,111951,63,couch,a small couch near the center,True,31,0,0,0,0.0
coco:111951:86:2833,coco,111951,86,vase,a vase object,False,76,0,0,0,0.0
coco:112298:10:2840,coco,112298,10,traffic light,a close-up of a traffic light,True,3,0,0,0,0.0
coco:112298:59:2841,coco,112298,59,pizza,a photo containing a pizza,True,19,0,0,0,0.0
coco:112378:62:2842,coco,112378,62,chair,a photo of a chair,False,16,0,0,0,0.0
coco:112626:47:2846,coco,112626,47,cup,a small cup near the center,True,27,0,0,0,0.0
coco:112626:49:2847,coco,112626,49,knife,a photo containing a knife,True,22,0,0,0,0.0
coco:112634:10:2850,coco,112634,10,traffic light,a traffic light in the scene,True,100,0,0,0,0.0
coco:112798:23:2852,coco,112798,23,bear,a small bear near the center,True,4,0,0,0,0.0
coco:112997:4:2855,coco,112997,4,motorcycle,a close-up of a motorcycle,True,2,0,0,0,0.0
coco:112997:85:2856,coco,112997,85,clock,a photo containing a clock,True,12,0,0,0,0.0
coco:113051:82:2858,coco,113051,82,refrigerator,a small refrigerator near the center,True,36,0,0,0,0.0
coco:113051:8:2859,coco,113051,8,truck,a small truck near the center,True,49,0,0,0,0.0
coco:113051:9:2857,coco,113051,9,boat,a boat object,False,14,0,0,0,0.0
coco:113235:1:2860,coco,113235,1,person,a person object,False,13,0,0,0,0.0
coco:113235:67:2861,coco,113235,67,dining table,a close-up of a dining table,True,5,0,0,0,0.0
coco:113354:24:2863,coco,113354,24,zebra,the zebra in this image,False,18,0,0,0,0.0
coco:113354:28:2865,coco,113354,28,umbrella,a small umbrella near the center,True,116,0,0,0,0.0
coco:113354:8:2864,coco,113354,8,truck,a small truck near the center,True,71,0,0,0,0.0
coco:113403:75:2868,coco,113403,75,remote,a photo containing a remote,True,11,0,0,0,0.0
coco:113589:54:2869,coco,113589,54,sandwich,a photo of a sandwich,False,9,0,0,0,0.0
coco:113589:65:2871,coco,113589,65,bed,a photo containing a bed,True,9,0,0,0,0.0
coco:113589:85:2870,coco,113589,85,clock,a small clock near the center,True,14,0,0,0,0.0
coco:113720:46:2874,coco,113720,46,wine glass,a close-up of a wine glass,True,16,0,0,0,0.0
coco:113867:24:2876,coco,113867,24,zebra,a small zebra near the center,True,46,0,0,0,0.0
coco:113867:40:2877,coco,113867,40,baseball glove,a close-up of a baseball glove,True,25,0,0,0,0.0
coco:114049:40:2879,coco,114049,40,baseball glove,a photo containing a baseball glove,True,18,0,0,0,0.0
coco:114049:59:2880,coco,114049,59,pizza,a close-up of a pizza,True,13,0,0,0,0.0
coco:114049:77:2878,coco,114049,77,cell phone,the cell phone in this image,False,43,0,0,0,0.0
coco:114871:60:2886,coco,114871,60,donut,a donut in the scene,True,20,0,0,0,0.0
coco:114871:67:2884,coco,114871,67,dining table,a photo of a dining table,False,2,0,0,0,0.0
coco:114884:89:2889,coco,114884,89,hair drier,a small hair drier near the center,True,66,0,0,0,0.0
coco:114907:67:2892,coco,114907,67,dining table,a small dining table near the center,True,87,0,0,0,0.0
coco:114907:8:2890,coco,114907,8,truck,a truck object,False,7,0,0,0,0.0
coco:115118:74:2895,coco,115118,74,mouse,a small mouse near the center,True,69,0,0,0,0.0
coco:11511:10:338,coco,11511,10,traffic light,a traffic light in the scene,True,45,0,0,0,0.0
coco:11511:4:336,coco,11511,4,motorcycle,the motorcycle in this image,False,10,0,0,0,0.0
coco:115245:13:2898,coco,115245,13,stop sign,a photo containing a stop sign,True,5,0,0,0,0.0
coco:115870:25:2900,coco,115870,25,giraffe,a close-up of a giraffe,True,25,0,0,0,0.0
coco:115870:54:2901,coco,115870,54,sandwich,a photo containing a sandwich,True,14,0,0,0,0.0
coco:115870:77:2899,coco,115870,77,cell phone,a cell phone object,False,25,0,0,0,0.0
coco:115885:32:2903,coco,115885,32,tie,a photo containing a tie,True,25,0,0,0,0.0
coco:115885:87:2904,coco,115885,87,scissors,a close-up of a scissors,True,20,0,0,0,0.0
coco:115898:42:2905,coco,115898,42,surfboard,a surfboard object,False,12,0,0,0,0.0
coco:115946:10:2908,coco,115946,10,traffic light,a photo of a traffic light,False,21,0,0,0,0.0
coco:115946:37:2909,coco,115946,37,sports ball,a photo containing a sports ball,True,3,0,0,0,0.0
coco:116068:18:2912,coco,116068,18,dog,a small dog near the center,True,47,0,0,0,0.0
coco:11615:51:340,coco,11615,51,bowl,a small bowl near the center,True,34,0,0,0,0.0
coco:11615:81:341,coco,11615,81,sink,a small sink near the center,True,26,0,0,0,0.0
coco:11615:8:339,coco,11615,8,truck,a visible truck in the scene,False,12,0,0,0,0.0
coco:116208:19:2918,coco,116208,19,horse,a small horse near the center,True,47,0,0,0,0.0
coco:116208:67:2917,coco,116208,67,dining table,a dining table object,False,13,0,0,0,0.0
coco:116479:90:2928,coco,116479,90,toothbrush,a photo containing a toothbrush,True,13,0,0,0,0.0
coco:116589:24:2929,coco,116589,24,zebra,the zebra in this image,False,19,0,0,0,0.0
coco:116589:46:2930,coco,116589,46,wine glass,a close-up of a wine glass,True,6,0,0,0,0.0
coco:116825:49:2932,coco,116825,49,knife,a visible knife in the scene,False,13,0,0,0,0.0
coco:116825:84:2933,coco,116825,84,book,a photo containing a book,True,18,0,0,0,0.0
coco:11699:1:342,coco,11699,1,person,a person object,False,22,0,0,0,0.0
coco:11699:67:343,coco,11699,67,dining table,a small dining table near the center,True,79,0,0,0,0.0
coco:117197:41:2937,coco,117197,41,skateboard,a close-up of a skateboard,True,30,0,0,0,0.0
coco:117374:11:2940,coco,117374,11,fire hydrant,a photo containing a fire hydrant,True,16,0,0,0,0.0
coco:117374:16:2938,coco,117374,16,bird,the bird in this image,False,10,0,0,0,0.0
coco:117374:61:2939,coco,117374,61,cake,a cake in the scene,True,37,0,0,0,0.0
coco:117425:17:2943,coco,117425,17,cat,a close-up of a cat,True,15,0,0,0,0.0
coco:117425:64:2942,coco,117425,64,potted plant,a small potted plant near the center,True,50,0,0,0,0.0
coco:117492:44:2945,coco,117492,44,bottle,a bottle in the scene,True,79,0,0,0,0.0
coco:117492:9:2946,coco,117492,9,boat,a boat in the scene,True,95,0,0,0,0.0
coco:117525:1:2947,coco,117525,1,person,a person object,False,12,0,0,0,0.0
coco:11760:24:345,coco,11760,24,zebra,a photo of a zebra,False,17,0,0,0,0.0
coco:11760:47:347,coco,11760,47,cup,a small cup near the center,True,62,0,0,0,0.0
coco:117645:44:2952,coco,117645,44,bottle,a small bottle near the center,True,26,0,0,0,0.0
coco:117744:27:2957,coco,117744,27,backpack,a close-up of a backpack,True,21,0,0,0,0.0
coco:117908:44:2959,coco,117908,44,bottle,the bottle in this image,False,24,0,0,0,0.0
coco:117914:35:2963,coco,117914,35,skis,a skis in the scene,True,181,0,0,0,0.0
coco:117914:90:2964,coco,117914,90,toothbrush,a toothbrush in the scene,True,78,0,0,0,0.0
coco:11813:37:350,coco,11813,37,sports ball,a close-up of a sports ball,True,9,0,0,0,0.0
coco:11813:62:348,coco,11813,62,chair,a chair object,False,22,0,0,0,0.0
coco:118209:19:2965,coco,118209,19,horse,the horse in this image,False,4,0,0,0,0.0
coco:118209:56:2967,coco,118209,56,broccoli,a broccoli in the scene,True,161,0,0,0,0.0
coco:118209:75:2966,coco,118209,75,remote,a close-up of a remote,True,5,0,0,0,0.0
coco:118367:67:2970,coco,118367,67,dining table,a photo containing a dining table,True,5,0,0,0,0.0
coco:118405:1:2971,coco,118405,1,person,a person object,False,14,0,0,0,0.0
coco:118405:70:2973,coco,118405,70,toilet,a small toilet near the center,True,84,0,0,0,0.0
coco:118515:17:2974,coco,118515,17,cat,a cat object,False,2,0,0,0,0.0
coco:118594:15:2978,coco,118594,15,bench,a photo containing a bench,True,19,0,0,0,0.0
coco:118594:21:2977,coco,118594,21,cow,a cow object,False,13,0,0,0,0.0
coco:118921:1:2980,coco,118921,1,person,a photo of a person,False,11,0,0,0,0.0
coco:119038:21:2983,coco,119038,21,cow,a photo of a cow,False,24,0,0,0,0.0
coco:119088:10:2988,coco,119088,10,traffic light,a photo containing a traffic light,True,13,0,0,0,0.0
coco:119233:50:2989,coco,119233,50,spoon,a photo of a spoon,False,42,0,0,0,0.0
coco:119233:60:2990,coco,119233,60,donut,a close-up of a donut,True,9,0,0,0,0.0
coco:119365:1:2992,coco,119365,1,person,the person in this image,False,12,0,0,0,0.0
coco:119365:46:2993,coco,119365,46,wine glass,a photo containing a wine glass,True,15,0,0,0,0.0
coco:119445:40:2995,coco,119445,40,baseball glove,a visible baseball glove in the scene,False,16,0,0,0,0.0
coco:119445:63:2996,coco,119445,63,couch,a small couch near the center,True,53,0,0,0,0.0
coco:119452:55:2998,coco,119452,55,orange,the orange in this image,False,23,0,0,0,0.0
coco:119452:78:3000,coco,119452,78,microwave,a microwave in the scene,True,15,0,0,0,0.0
coco:119516:1:3001,coco,119516,1,person,the person in this image,False,3,0,0,0,0.0
coco:119516:32:3003,coco,119516,32,tie,a small tie near the center,True,52,0,0,0,0.0
coco:119677:17:3009,coco,119677,17,cat,a close-up of a cat,True,5,0,0,0,0.0
coco:119677:61:3007,coco,119677,61,cake,a visible cake in the scene,False,3,0,0,0,0.0
coco:119677:65:3008,coco,119677,65,bed,a bed in the scene,True,4,0,0,0,0.0
coco:119828:35:3012,coco,119828,35,skis,a close-up of a skis,True,8,0,0,0,0.0
coco:119828:43:3011,coco,119828,43,tennis racket,a photo containing a tennis racket,True,8,0,0,0,0.0
coco:119828:77:3010,coco,119828,77,cell phone,the cell phone in this image,False,29,0,0,0,0.0
coco:119911:3:3013,coco,119911,3,car,a photo of a car,False,30,0,0,0,0.0
coco:119995:10:3018,coco,119995,10,traffic light,a small traffic light near the center,True,62,0,0,0,0.0
coco:119995:43:3016,coco,119995,43,tennis racket,a visible tennis racket in the scene,False,6,0,0,0,0.0
coco:119995:88:3017,coco,119995,88,teddy bear,a small teddy bear near the center,True,25,0,0,0,0.0
coco:120420:48:3020,coco,120420,48,fork,a fork in the scene,True,39,0,0,0,0.0
coco:120572:15:3022,coco,120572,15,bench,the bench in this image,False,13,0,0,0,0.0
coco:120572:79:3023,coco,120572,79,oven,a small oven near the center,True,20,0,0,0,0.0
coco:120584:60:3026,coco,120584,60,donut,a photo containing a donut,True,17,0,0,0,0.0
coco:120584:85:3025,coco,120584,85,clock,a visible clock in the scene,False,2,0,0,0,0.0
coco:12062:53:353,coco,12062,53,apple,a apple in the scene,True,36,0,0,0,0.0
coco:12062:63:352,coco,12062,63,couch,a photo containing a couch,True,6,0,0,0,0.0
coco:120777:31:3030,coco,120777,31,handbag,a close-up of a handbag,True,11,0,0,0,0.0
coco:120777:54:3028,coco,120777,54,sandwich,a sandwich object,False,32,0,0,0,0.0
coco:120853:10:3033,coco,120853,10,traffic light,a small traffic light near the center,True,112,0,0,0,0.0
coco:120853:77:3031,coco,120853,77,cell phone,a visible cell phone in the scene,False,5,0,0,0,0.0
coco:121031:1:3034,coco,121031,1,person,a visible person in the scene,False,18,0,0,0,0.0
coco:121031:31:3036,coco,121031,31,handbag,a close-up of a handbag,True,21,0,0,0,0.0
coco:121242:19:3039,coco,121242,19,horse,a photo of a horse,False,14,0,0,0,0.0
coco:121242:40:3041,coco,121242,40,baseball glove,a close-up of a baseball glove,True,36,0,0,0,0.0
coco:121417:55:3043,coco,121417,55,orange,a orange in the scene,True,77,0,0,0,0.0
coco:121497:15:3047,coco,121497,15,bench,a photo containing a bench,True,24,0,0,0,0.0
coco:121497:86:3046,coco,121497,86,vase,a close-up of a vase,True,25,0,0,0,0.0
coco:121506:63:3050,coco,121506,63,couch,a close-up of a couch,True,13,0,0,0,0.0
coco:121506:78:3049,coco,121506,78,microwave,a close-up of a microwave,True,5,0,0,0,0.0
coco:121586:34:3053,coco,121586,34,frisbee,a small frisbee near the center,True,61,0,0,0,0.0
coco:121586:84:3051,coco,121586,84,book,a photo of a book,False,58,0,0,0,0.0
coco:121591:51:3055,coco,121591,51,bowl,a small bowl near the center,True,73,0,0,0,0.0
coco:121673:2:3058,coco,121673,2,bicycle,a close-up of a bicycle,True,5,0,0,0,0.0
coco:121673:35:3059,coco,121673,35,skis,a small skis near the center,True,31,0,0,0,0.0
coco:121673:42:3057,coco,121673,42,surfboard,a surfboard object,False,6,0,0,0,0.0
coco:121744:27:3061,coco,121744,27,backpack,a small backpack near the center,True,8,0,0,0,0.0
coco:121744:43:3060,coco,121744,43,tennis racket,a photo of a tennis racket,False,30,0,0,0,0.0
coco:122046:81:3065,coco,122046,81,sink,a photo containing a sink,True,16,0,0,0,0.0
coco:122166:1:3066,coco,122166,1,person,a visible person in the scene,False,18,0,0,0,0.0
coco:122166:64:3067,coco,122166,64,potted plant,a small potted plant near the center,True,53,0,0,0,0.0
coco:122217:1:3069,coco,122217,1,person,a person object,False,6,0,0,0,0.0
coco:122217:73:3070,coco,122217,73,laptop,a photo containing a laptop,True,15,0,0,0,0.0
coco:122217:77:3071,coco,122217,77,cell phone,a small cell phone near the center,True,60,0,0,0,0.0
coco:122606:5:3074,coco,122606,5,airplane,a small airplane near the center,True,26,0,0,0,0.0
coco:122672:27:3077,coco,122672,27,backpack,a photo containing a backpack,True,9,0,0,0,0.0
coco:122672:42:3075,coco,122672,42,surfboard,a visible surfboard in the scene,False,8,0,0,0,0.0
coco:122672:43:3076,coco,122672,43,tennis racket,a small tennis racket near the center,True,45,0,0,0,0.0
coco:122745:14:3079,coco,122745,14,parking meter,a photo containing a parking meter,True,12,0,0,0,0.0
coco:12280:33:357,coco,12280,33,suitcase,a photo of a suitcase,False,23,0,0,0,0.0
coco:12280:79:358,coco,12280,79,oven,a photo containing a oven,True,13,0,0,0,0.0
coco:122927:16:3081,coco,122927,16,bird,a photo of a bird,False,11,0,0,0,0.0
coco:122927:38:3082,coco,122927,38,kite,a close-up of a kite,True,7,0,0,0,0.0
coco:122927:82:3083,coco,122927,82,refrigerator,a refrigerator in the scene,True,23,0,0,0,0.0
coco:122962:77:3084,coco,122962,77,cell phone,a photo of a cell phone,False,40,0,0,0,0.0
coco:122969:10:3088,coco,122969,10,traffic light,a traffic light in the scene,True,70,0,0,0,0.0
coco:122969:86:3089,coco,122969,86,vase,a vase in the scene,True,42,0,0,0,0.0
coco:123321:28:3097,coco,123321,28,umbrella,a umbrella in the scene,True,96,0,0,0,0.0
coco:123321:59:3098,coco,123321,59,pizza,a pizza in the scene,True,4,0,0,0,0.0
coco:123480:1:3099,coco,123480,1,person,a photo of a person,False,8,0,0,0,0.0
coco:123480:49:3100,coco,123480,49,knife,a small knife near the center,True,16,0,0,0,0.0
coco:123585:48:3102,coco,123585,48,fork,a visible fork in the scene,False,8,0,0,0,0.0
coco:123633:5:3106,coco,123633,5,airplane,a photo containing a airplane,True,9,0,0,0,0.0
coco:123633:8:3107,coco,123633,8,truck,a small truck near the center,True,69,0,0,0,0.0
coco:124277:3:3108,coco,124277,3,car,a visible car in the scene,False,31,0,0,0,0.0
coco:124277:4:3109,coco,124277,4,motorcycle,a photo containing a motorcycle,True,28,0,0,0,0.0
coco:124442:38:3111,coco,124442,38,kite,the kite in this image,False,3,0,0,0,0.0
coco:124442:82:3112,coco,124442,82,refrigerator,a refrigerator in the scene,True,76,0,0,0,0.0
coco:124659:73:3117,coco,124659,73,laptop,a laptop object,False,39,0,0,0,0.0
coco:124798:3:3120,coco,124798,3,car,a car object,False,46,0,0,0,0.0
coco:124798:62:3122,coco,124798,62,chair,a chair in the scene,True,47,0,0,0,0.0
coco:124975:24:3123,coco,124975,24,zebra,a photo of a zebra,False,6,0,0,0,0.0
coco:124975:75:3125,coco,124975,75,remote,a small remote near the center,True,25,0,0,0,0.0
coco:125062:88:3126,coco,125062,88,teddy bear,the teddy bear in this image,False,14,0,0,0,0.0
coco:125072:21:3129,coco,125072,21,cow,a cow object,False,59,0,0,0,0.0
coco:125072:79:3130,coco,125072,79,oven,a oven in the scene,True,39,0,0,0,0.0
coco:125129:25:3134,coco,125129,25,giraffe,a close-up of a giraffe,True,12,0,0,0,0.0
coco:125129:77:3132,coco,125129,77,cell phone,a cell phone object,False,48,0,0,0,0.0
coco:125211:11:3136,coco,125211,11,fire hydrant,a photo containing a fire hydrant,True,9,0,0,0,0.0
coco:125211:24:3135,coco,125211,24,zebra,a zebra object,False,6,0,0,0,0.0
coco:125257:36:3141,coco,125257,36,snowboard,a visible snowboard in the scene,False,8,0,0,0,0.0
coco:125257:46:3143,coco,125257,46,wine glass,a wine glass in the scene,True,152,0,0,0,0.0
coco:125405:34:3144,coco,125405,34,frisbee,a visible frisbee in the scene,False,10,0,0,0,0.0
coco:125472:55:3149,coco,125472,55,orange,a close-up of a orange,True,6,0,0,0,0.0
coco:125572:46:3152,coco,125572,46,wine glass,a small wine glass near the center,True,178,0,0,0,0.0
coco:12576:47:360,coco,12576,47,cup,the cup in this image,False,11,0,0,0,0.0
coco:12576:77:361,coco,12576,77,cell phone,a close-up of a cell phone,True,21,0,0,0,0.0
coco:125778:3:3153,coco,125778,3,car,a photo of a car,False,34,0,0,0,0.0
coco:125806:21:3156,coco,125806,21,cow,a visible cow in the scene,False,6,0,0,0,0.0
coco:125806:52:3157,coco,125806,52,banana,a photo containing a banana,True,17,0,0,0,0.0
coco:125806:80:3158,coco,125806,80,toaster,a photo containing a toaster,True,5,0,0,0,0.0
coco:125850:48:3161,coco,125850,48,fork,a fork in the scene,True,35,0,0,0,0.0
coco:125850:51:3159,coco,125850,51,bowl,a photo of a bowl,False,4,0,0,0,0.0
coco:125936:52:3162,coco,125936,52,banana,the banana in this image,False,24,0,0,0,0.0
coco:125936:86:3164,coco,125936,86,vase,a small vase near the center,True,189,0,0,0,0.0
coco:125952:33:3165,coco,125952,33,suitcase,a suitcase object,False,6,0,0,0,0.0
coco:126107:17:3170,coco,126107,17,cat,a close-up of a cat,True,12,0,0,0,0.0
coco:126107:36:3169,coco,126107,36,snowboard,a close-up of a snowboard,True,9,0,0,0,0.0
coco:126107:9:3168,coco,126107,9,boat,the boat in this image,False,9,0,0,0,0.0
coco:126110:23:3172,coco,126110,23,bear,a small bear near the center,True,8,0,0,0,0.0
coco:126110:73:3173,coco,126110,73,laptop,a small laptop near the center,True,39,0,0,0,0.0
coco:126110:8:3171,coco,126110,8,truck,a visible truck in the scene,False,8,0,0,0,0.0
coco:126137:17:3176,coco,126137,17,cat,a photo containing a cat,True,7,0,0,0,0.0
coco:126137:43:3174,coco,126137,43,tennis racket,the tennis racket in this image,False,3,0,0,0,0.0
coco:126216:62:3178,coco,126216,62,chair,a small chair near the center,True,15,0,0,0,0.0
coco:126226:40:3180,coco,126226,40,baseball glove,a photo of a baseball glove,False,17,0,0,0,0.0
coco:126226:42:3182,coco,126226,42,surfboard,a small surfboard near the center,True,57,0,0,0,0.0
coco:126226:61:3181,coco,126226,61,cake,a photo containing a cake,True,23,0,0,0,0.0
coco:12639:40:363,coco,12639,40,baseball glove,a photo of a baseball glove,False,15,0,0,0,0.0
coco:12639:89:365,coco,12639,89,hair drier,a photo containing a hair drier,True,14,0,0,0,0.0
coco:126592:32:3184,coco,126592,32,tie,a close-up of a tie,True,21,0,0,0,0.0
coco:12667:61:367,coco,12667,61,cake,a close-up of a cake,True,10,0,0,0,0.0
coco:12667:67:368,coco,12667,67,dining table,a dining table in the scene,True,6,0,0,0,0.0
coco:12670:85:371,coco,12670,85,clock,a photo containing a clock,True,17,0,0,0,0.0
coco:12670:8:370,coco,12670,8,truck,a truck in the scene,True,40,0,0,0,0.0
coco:1268:27:30,coco,1268,27,backpack,a visible backpack in the scene,False,9,0,0,0,0.0
coco:1268:42:32,coco,1268,42,surfboard,a photo containing a surfboard,True,22,0,0,0,0.0
coco:127135:60:3189,coco,127135,60,donut,a photo containing a donut,True,10,0,0,0,0.0
coco:127135:74:3190,coco,127135,74,mouse,a photo containing a mouse,True,12,0,0,0,0.0
coco:127263:47:3195,coco,127263,47,cup,a cup in the scene,True,56,0,0,0,0.0
coco:127270:53:3198,coco,127270,53,apple,a photo containing a apple,True,12,0,0,0,0.0
coco:127394:21:3201,coco,127394,21,cow,a small cow near the center,True,44,0,0,0,0.0
coco:127394:50:3200,coco,127394,50,spoon,the spoon in this image,False,22,0,0,0,0.0
coco:127476:39:3205,coco,127476,39,baseball bat,a baseball bat in the scene,True,75,0,0,0,0.0
coco:127476:59:3203,coco,127476,59,pizza,a pizza object,False,8,0,0,0,0.0
coco:12748:39:373,coco,12748,39,baseball bat,a baseball bat in the scene,True,50,0,0,0,0.0
coco:12748:49:374,coco,12748,49,knife,a photo containing a knife,True,21,0,0,0,0.0
coco:127494:50:3206,coco,127494,50,spoon,the spoon in this image,False,8,0,0,0,0.0
coco:127530:16:3213,coco,127530,16,bird,a photo containing a bird,True,10,0,0,0,0.0
coco:127530:42:3214,coco,127530,42,surfboard,a close-up of a surfboard,True,9,0,0,0,0.0
coco:127530:43:3212,coco,127530,43,tennis racket,the tennis racket in this image,False,8,0,0,0,0.0
coco:127624:7:3215,coco,127624,7,train,the train in this image,False,12,0,0,0,0.0
coco:127660:1:3218,coco,127660,1,person,the person in this image,False,5,0,0,0,0.0
coco:127660:61:3219,coco,127660,61,cake,a cake in the scene,True,7,0,0,0,0.0
coco:127955:28:3223,coco,127955,28,umbrella,a umbrella in the scene,True,69,0,0,0,0.0
coco:127955:46:3222,coco,127955,46,wine glass,a wine glass in the scene,True,44,0,0,0,0.0
coco:127987:72:3224,coco,127987,72,tv,a photo of a tv,False,21,0,0,0,0.0
coco:128051:19:3228,coco,128051,19,horse,a photo containing a horse,True,15,0,0,0,0.0
coco:128051:28:3227,coco,128051,28,umbrella,a umbrella object,False,11,0,0,0,0.0
coco:128148:67:3233,coco,128148,67,dining table,a photo of a dining table,False,21,0,0,0,0.0
coco:128148:73:3234,coco,128148,73,laptop,a close-up of a laptop,True,53,0,0,0,0.0
coco:128148:87:3235,coco,128148,87,scissors,a photo containing a scissors,True,21,0,0,0,0.0
coco:128372:6:3236,coco,128372,6,bus,a photo of a bus,False,24,0,0,0,0.0
coco:128372:87:3238,coco,128372,87,scissors,a photo containing a scissors,True,18,0,0,0,0.0
coco:128476:24:3241,coco,128476,24,zebra,a photo containing a zebra,True,11,0,0,0,0.0
coco:128476:47:3239,coco,128476,47,cup,a cup object,False,23,0,0,0,0.0
coco:128598:33:3243,coco,128598,33,suitcase,a small suitcase near the center,True,49,0,0,0,0.0
coco:128598:55:3242,coco,128598,55,orange,a orange object,False,30,0,0,0,0.0
coco:128658:41:3249,coco,128658,41,skateboard,a close-up of a skateboard,True,3,0,0,0,0.0
coco:128658:52:3248,coco,128658,52,banana,a photo of a banana,False,46,0,0,0,0.0
coco:128658:72:3250,coco,128658,72,tv,a small tv near the center,True,15,0,0,0,0.0
coco:128699:1:3254,coco,128699,1,person,a visible person in the scene,False,29,0,0,0,0.0
coco:128699:39:3255,coco,128699,39,baseball bat,a small baseball bat near the center,True,85,0,0,0,0.0
coco:128748:40:3257,coco,128748,40,baseball glove,a photo of a baseball glove,False,29,0,0,0,0.0
coco:129054:1:3261,coco,129054,1,person,a small person near the center,True,39,0,0,0,0.0
coco:129054:24:3260,coco,129054,24,zebra,a visible zebra in the scene,False,37,0,0,0,0.0
coco:129062:2:3264,coco,129062,2,bicycle,a small bicycle near the center,True,64,0,0,0,0.0
coco:129062:36:3265,coco,129062,36,snowboard,a close-up of a snowboard,True,31,0,0,0,0.0
coco:129113:50:3266,coco,129113,50,spoon,the spoon in this image,False,3,0,0,0,0.0
coco:129113:53:3267,coco,129113,53,apple,a apple in the scene,True,81,0,0,0,0.0
coco:129135:13:3271,coco,129135,13,stop sign,a photo containing a stop sign,True,8,0,0,0,0.0
coco:129135:7:3269,coco,129135,7,train,a photo of a train,False,7,0,0,0,0.0
coco:129135:85:3270,coco,129135,85,clock,a photo containing a clock,True,22,0,0,0,0.0
coco:129322:10:3273,coco,129322,10,traffic light,a photo containing a traffic light,True,10,0,0,0,0.0
coco:129492:79:3280,coco,129492,79,oven,a photo containing a oven,True,13,0,0,0,0.0
coco:129492:84:3278,coco,129492,84,book,a photo of a book,False,35,0,0,0,0.0
coco:1296:13:35,coco,1296,13,stop sign,a small stop sign near the center,True,8,0,0,0,0.0
coco:1296:55:34,coco,1296,55,orange,a photo containing a orange,True,8,0,0,0,0.0
coco:1296:77:33,coco,1296,77,cell phone,a cell phone object,False,9,0,0,0,0.0
coco:129756:14:3283,coco,129756,14,parking meter,a small parking meter near the center,True,46,0,0,0,0.0
coco:129756:20:3281,coco,129756,20,sheep,the sheep in this image,False,18,0,0,0,0.0
coco:129812:35:3284,coco,129812,35,skis,the skis in this image,False,10,0,0,0,0.0
coco:129812:3:3286,coco,129812,3,car,a small car near the center,True,51,0,0,0,0.0
coco:129945:1:3287,coco,129945,1,person,a person object,False,18,0,0,0,0.0
coco:129945:20:3288,coco,129945,20,sheep,a sheep in the scene,True,12,0,0,0,0.0
coco:129945:32:3289,coco,129945,32,tie,a small tie near the center,True,97,0,0,0,0.0
coco:130386:15:3290,coco,130386,15,bench,a visible bench in the scene,False,8,0,0,0,0.0
coco:130386:18:3292,coco,130386,18,dog,a photo containing a dog,True,29,0,0,0,0.0
coco:130386:50:3291,coco,130386,50,spoon,a small spoon near the center,True,107,0,0,0,0.0
coco:130465:85:3293,coco,130465,85,clock,a clock object,False,8,0,0,0,0.0
coco:130566:25:3298,coco,130566,25,giraffe,a giraffe in the scene,True,29,0,0,0,0.0
coco:130566:7:3296,coco,130566,7,train,a photo of a train,False,4,0,0,0,0.0
coco:130579:58:3301,coco,130579,58,hot dog,a photo containing a hot dog,True,8,0,0,0,0.0
coco:130586:1:3302,coco,130586,1,person,a photo of a person,False,18,0,0,0,0.0
coco:130586:50:3304,coco,130586,50,spoon,a small spoon near the center,True,30,0,0,0,0.0
coco:130586:87:3303,coco,130586,87,scissors,a photo containing a scissors,True,17,0,0,0,0.0
coco:130599:1:3305,coco,130599,1,person,a person object,False,14,0,0,0,0.0
coco:130599:36:3307,coco,130599,36,snowboard,a small snowboard near the center,True,16,0,0,0,0.0
coco:130599:58:3306,coco,130599,58,hot dog,a small hot dog near the center,True,46,0,0,0,0.0
coco:130613:49:3308,coco,130613,49,knife,a knife object,False,30,0,0,0,0.0
coco:130613:65:3310,coco,130613,65,bed,a close-up of a bed,True,3,0,0,0,0.0
coco:130699:86:3313,coco,130699,86,vase,a close-up of a vase,True,19,0,0,0,0.0
coco:130699:89:3312,coco,130699,89,hair drier,a photo containing a hair drier,True,22,0,0,0,0.0
coco:130826:1:3314,coco,130826,1,person,a photo of a person,False,24,0,0,0,0.0
coco:130826:40:3315,coco,130826,40,baseball glove,a baseball glove in the scene,True,89,0,0,0,0.0
coco:130826:49:3316,coco,130826,49,knife,a photo containing a knife,True,34,0,0,0,0.0
coco:131131:32:3318,coco,131131,32,tie,a close-up of a tie,True,18,0,0,0,0.0
coco:131138:23:3321,coco,131138,23,bear,a small bear near the center,True,38,0,0,0,0.0
coco:131138:64:3320,coco,131138,64,potted plant,a potted plant object,False,25,0,0,0,0.0
coco:131273:16:3324,coco,131273,16,bird,a bird in the scene,True,4,0,0,0,0.0
coco:131273:70:3325,coco,131273,70,toilet,a small toilet near the center,True,12,0,0,0,0.0
coco:131379:21:3328,coco,131379,21,cow,a photo containing a cow,True,4,0,0,0,0.0
coco:131379:61:3326,coco,131379,61,cake,a photo of a cake,False,8,0,0,0,0.0
coco:131379:65:3327,coco,131379,65,bed,a close-up of a bed,True,3,0,0,0,0.0
coco:131386:63:3331,coco,131386,63,couch,a couch in the scene,True,28,0,0,0,0.0
coco:131431:16:3333,coco,131431,16,bird,a small bird near the center,True,21,0,0,0,0.0
coco:131431:53:3334,coco,131431,53,apple,a close-up of a apple,True,9,0,0,0,0.0
coco:131431:85:3332,coco,131431,85,clock,a photo of a clock,False,10,0,0,0,0.0
coco:131444:51:3337,coco,131444,51,bowl,a bowl in the scene,True,82,0,0,0,0.0
coco:131444:6:3336,coco,131444,6,bus,a close-up of a bus,True,3,0,0,0,0.0
coco:131556:1:3338,coco,131556,1,person,a photo of a person,False,17,0,0,0,0.0
coco:13177:2:378,coco,13177,2,bicycle,a bicycle object,False,11,0,0,0,0.0
coco:131938:32:3341,coco,131938,32,tie,a photo of a tie,False,28,0,0,0,0.0
coco:131938:61:3343,coco,131938,61,cake,a cake in the scene,True,18,0,0,0,0.0
coco:131938:85:3342,coco,131938,85,clock,a clock in the scene,True,38,0,0,0,0.0
coco:13201:24:382,coco,13201,24,zebra,a small zebra near the center,True,12,0,0,0,0.0
coco:132116:46:3345,coco,132116,46,wine glass,a wine glass in the scene,True,39,0,0,0,0.0
coco:132329:82:3347,coco,132329,82,refrigerator,a photo of a refrigerator,False,8,0,0,0,0.0
coco:132375:67:3350,coco,132375,67,dining table,the dining table in this image,False,10,0,0,0,0.0
coco:132408:19:3353,coco,132408,19,horse,a horse object,False,28,0,0,0,0.0
coco:132544:1:3356,coco,132544,1,person,a person object,False,34,0,0,0,0.0
coco:132587:1:3359,coco,132587,1,person,a person object,False,26,0,0,0,0.0
coco:132622:23:3362,coco,132622,23,bear,a photo of a bear,False,4,0,0,0,0.0
coco:132703:23:3367,coco,132703,23,bear,a small bear near the center,True,76,0,0,0,0.0
coco:132796:15:3368,coco,132796,15,bench,a photo of a bench,False,29,0,0,0,0.0
coco:132796:53:3370,coco,132796,53,apple,a apple in the scene,True,50,0,0,0,0.0
coco:13291:1:384,coco,13291,1,person,a person object,False,29,0,0,0,0.0
coco:13291:5:385,coco,13291,5,airplane,a close-up of a airplane,True,4,0,0,0,0.0
coco:132931:64:3373,coco,132931,64,potted plant,a small potted plant near the center,True,84,0,0,0,0.0
coco:133000:51:3376,coco,133000,51,bowl,a photo containing a bowl,True,23,0,0,0,0.0
coco:133087:24:3378,coco,133087,24,zebra,a zebra in the scene,True,139,0,0,0,0.0
coco:133233:11:3381,coco,133233,11,fire hydrant,a close-up of a fire hydrant,True,8,0,0,0,0.0
coco:133233:8:3382,coco,133233,8,truck,a close-up of a truck,True,26,0,0,0,0.0
coco:133244:43:3383,coco,133244,43,tennis racket,a tennis racket object,False,17,0,0,0,0.0
coco:133343:56:3387,coco,133343,56,broccoli,a small broccoli near the center,True,103,0,0,0,0.0
coco:133418:1:3389,coco,133418,1,person,a person object,False,7,0,0,0,0.0
coco:133418:20:3390,coco,133418,20,sheep,a close-up of a sheep,True,3,0,0,0,0.0
coco:13348:23:389,coco,13348,23,bear,a close-up of a bear,True,6,0,0,0,0.0
coco:13348:57:388,coco,13348,57,carrot,a photo containing a carrot,True,30,0,0,0,0.0
coco:133567:7:3392,coco,133567,7,train,a train object,False,25,0,0,0,0.0
coco:133631:22:3395,coco,133631,22,elephant,a elephant object,False,9,0,0,0,0.0
coco:133631:59:3397,coco,133631,59,pizza,a close-up of a pizza,True,8,0,0,0,0.0
coco:133645:64:3399,coco,133645,64,potted plant,a photo containing a potted plant,True,8,0,0,0,0.0
coco:133645:86:3400,coco,133645,86,vase,a close-up of a vase,True,23,0,0,0,0.0
coco:133778:21:3401,coco,133778,21,cow,the cow in this image,False,5,0,0,0,0.0
coco:133819:1:3404,coco,133819,1,person,the person in this image,False,23,0,0,0,0.0
coco:133969:1:3407,coco,133969,1,person,a person object,False,68,0,0,0,0.0
coco:134034:19:3410,coco,134034,19,horse,a photo of a horse,False,24,0,0,0,0.0
coco:134034:1:3412,coco,134034,1,person,a person in the scene,True,48,0,0,0,0.0
coco:134096:81:3413,coco,134096,81,sink,a visible sink in the scene,False,52,0,0,0,0.0
coco:134112:82:3417,coco,134112,82,refrigerator,a close-up of a refrigerator,True,6,0,0,0,0.0
coco:134322:1:3419,coco,134322,1,person,a person object,False,121,0,0,0,0.0
coco:134322:32:3421,coco,134322,32,tie,a small tie near the center,True,121,0,0,0,0.0
coco:134689:55:3424,coco,134689,55,orange,a photo containing a orange,True,5,0,0,0,0.0
coco:134689:88:3423,coco,134689,88,teddy bear,a photo containing a teddy bear,True,4,0,0,0,0.0
coco:134722:28:3427,coco,134722,28,umbrella,a close-up of a umbrella,True,12,0,0,0,0.0
coco:134722:7:3425,coco,134722,7,train,a visible train in the scene,False,5,0,0,0,0.0
coco:134722:87:3426,coco,134722,87,scissors,a small scissors near the center,True,88,0,0,0,0.0
coco:134882:14:3432,coco,134882,14,parking meter,a close-up of a parking meter,True,8,0,0,0,0.0
coco:134882:17:3431,coco,134882,17,cat,a visible cat in the scene,False,4,0,0,0,0.0
coco:134882:22:3433,coco,134882,22,elephant,a small elephant near the center,True,20,0,0,0,0.0
coco:134886:11:3435,coco,134886,11,fire hydrant,a close-up of a fire hydrant,True,10,0,0,0,0.0
coco:1353:33:37,coco,1353,33,suitcase,a photo containing a suitcase,True,16,0,0,0,0.0
coco:135410:41:3438,coco,135410,41,skateboard,a photo containing a skateboard,True,14,0,0,0,0.0
coco:13546:63:392,coco,13546,63,couch,a small couch near the center,True,32,0,0,0,0.0
coco:135561:61:3441,coco,135561,61,cake,a cake in the scene,True,28,0,0,0,0.0
coco:135604:33:3444,coco,135604,33,suitcase,a photo containing a suitcase,True,10,0,0,0,0.0
coco:135670:24:3448,coco,135670,24,zebra,a small zebra near the center,True,299,0,0,0,0.0
coco:135673:5:3449,coco,135673,5,airplane,a photo of a airplane,False,16,0,0,0,0.0
coco:135872:75:3453,coco,135872,75,remote,a remote in the scene,True,89,0,0,0,0.0
coco:135872:84:3452,coco,135872,84,book,a visible book in the scene,False,5,0,0,0,0.0
coco:135890:1:3455,coco,135890,1,person,a photo of a person,False,42,0,0,0,0.0
coco:135890:63:3457,coco,135890,63,couch,a close-up of a couch,True,11,0,0,0,0.0
coco:135902:1:3458,coco,135902,1,person,the person in this image,False,7,0,0,0,0.0
coco:135902:90:3460,coco,135902,90,toothbrush,a close-up of a toothbrush,True,9,0,0,0,0.0
coco:13597:38:394,coco,13597,38,kite,a photo containing a kite,True,4,0,0,0,0.0
coco:136033:31:3462,coco,136033,31,handbag,a photo containing a handbag,True,20,0,0,0,0.0
coco:136033:75:3463,coco,136033,75,remote,a remote in the scene,True,54,0,0,0,0.0
coco:136033:81:3461,coco,136033,81,sink,a photo of a sink,False,21,0,0,0,0.0
coco:136334:1:3464,coco,136334,1,person,a person object,False,15,0,0,0,0.0
coco:136334:38:3465,coco,136334,38,kite,a kite in the scene,True,43,0,0,0,0.0
coco:136355:44:3467,coco,136355,44,bottle,a photo of a bottle,False,43,0,0,0,0.0
coco:136355:59:3469,coco,136355,59,pizza,a pizza in the scene,True,50,0,0,0,0.0
coco:136466:49:3472,coco,136466,49,knife,a photo containing a knife,True,39,0,0,0,0.0
coco:13659:42:398,coco,13659,42,surfboard,a photo containing a surfboard,True,38,0,0,0,0.0
coco:136600:41:3474,coco,136600,41,skateboard,a small skateboard near the center,True,21,0,0,0,0.0
coco:136600:55:3475,coco,136600,55,orange,a small orange near the center,True,28,0,0,0,0.0
coco:136633:38:3478,coco,136633,38,kite,a kite in the scene,True,12,0,0,0,0.0
coco:136633:76:3477,coco,136633,76,keyboard,a photo containing a keyboard,True,31,0,0,0,0.0
coco:136715:56:3480,coco,136715,56,broccoli,a close-up of a broccoli,True,11,0,0,0,0.0
coco:136715:89:3481,coco,136715,89,hair drier,a hair drier in the scene,True,85,0,0,0,0.0
coco:136772:2:3484,coco,136772,2,bicycle,a small bicycle near the center,True,21,0,0,0,0.0
coco:136915:84:3485,coco,136915,84,book,a visible book in the scene,False,38,0,0,0,0.0
coco:137106:65:3488,coco,137106,65,bed,the bed in this image,False,6,0,0,0,0.0
coco:137246:34:3492,coco,137246,34,frisbee,a frisbee in the scene,True,46,0,0,0,0.0
coco:137246:39:3493,coco,137246,39,baseball bat,a small baseball bat near the center,True,77,0,0,0,0.0
coco:137246:64:3491,coco,137246,64,potted plant,a photo of a potted plant,False,10,0,0,0,0.0
coco:137294:79:3494,coco,137294,79,oven,the oven in this image,False,7,0,0,0,0.0
coco:13729:1:399,coco,13729,1,person,a photo of a person,False,31,0,0,0,0.0
coco:13729:40:401,coco,13729,40,baseball glove,a baseball glove in the scene,True,53,0,0,0,0.0
coco:13729:64:400,coco,13729,64,potted plant,a photo containing a potted plant,True,32,0,0,0,0.0
coco:137576:21:3497,coco,137576,21,cow,a cow object,False,50,0,0,0,0.0
coco:137576:46:3499,coco,137576,46,wine glass,a wine glass in the scene,True,300,0,0,0,0.0
coco:137727:76:3501,coco,137727,76,keyboard,a close-up of a keyboard,True,79,0,0,0,0.0
coco:13774:20:403,coco,13774,20,sheep,a close-up of a sheep,True,9,0,0,0,0.0
coco:13774:34:402,coco,13774,34,frisbee,a visible frisbee in the scene,False,13,0,0,0,0.0
coco:13774:67:404,coco,13774,67,dining table,a dining table in the scene,True,43,0,0,0,0.0
coco:138241:58:3509,coco,138241,58,hot dog,the hot dog in this image,False,10,0,0,0,0.0
coco:138492:18:3512,coco,138492,18,dog,the dog in this image,False,3,0,0,0,0.0
coco:138492:67:3514,coco,138492,67,dining table,a photo containing a dining table,True,4,0,0,0,0.0
coco:138550:67:3515,coco,138550,67,dining table,a dining table object,False,17,0,0,0,0.0
coco:138639:57:3520,coco,138639,57,carrot,a close-up of a carrot,True,56,0,0,0,0.0
coco:138819:70:3521,coco,138819,70,toilet,a photo of a toilet,False,17,0,0,0,0.0
coco:138856:50:3525,coco,138856,50,spoon,a small spoon near the center,True,13,0,0,0,0.0
coco:138856:51:3524,coco,138856,51,bowl,a bowl object,False,11,0,0,0,0.0
coco:138954:14:3528,coco,138954,14,parking meter,a photo containing a parking meter,True,2,0,0,0,0.0
coco:138954:31:3529,coco,138954,31,handbag,a small handbag near the center,True,64,0,0,0,0.0
coco:138979:38:3532,coco,138979,38,kite,a close-up of a kite,True,12,0,0,0,0.0
coco:139077:44:3534,coco,139077,44,bottle,a close-up of a bottle,True,52,0,0,0,0.0
coco:139077:73:3533,coco,139077,73,laptop,a visible laptop in the scene,False,30,0,0,0,0.0
coco:13923:72:405,coco,13923,72,tv,the tv in this image,False,3,0,0,0,0.0
coco:13923:73:407,coco,13923,73,laptop,a small laptop near the center,True,45,0,0,0,0.0
coco:139260:52:3539,coco,139260,52,banana,a banana object,False,19,0,0,0,0.0
coco:139260:57:3541,coco,139260,57,carrot,a carrot in the scene,True,89,0,0,0,0.0
coco:139260:5:3540,coco,139260,5,airplane,a airplane in the scene,True,11,0,0,0,0.0
coco:139684:62:3542,coco,139684,62,chair,a visible chair in the scene,False,14,0,0,0,0.0
coco:139871:20:3546,coco,139871,20,sheep,a sheep in the scene,True,3,0,0,0,0.0
coco:139871:36:3547,coco,139871,36,snowboard,a photo containing a snowboard,True,11,0,0,0,0.0
coco:139872:65:3549,coco,139872,65,bed,a bed in the scene,True,32,0,0,0,0.0
coco:139883:57:3553,coco,139883,57,carrot,a photo containing a carrot,True,20,0,0,0,0.0
coco:139883:70:3552,coco,139883,70,toilet,a close-up of a toilet,True,17,0,0,0,0.0
coco:139:37:1,coco,139,37,sports ball,a photo containing a sports ball,True,9,0,0,0,0.0
coco:139:84:0,coco,139,84,book,a book object,False,67,0,0,0,0.0
coco:140076:57:3556,coco,140076,57,carrot,a close-up of a carrot,True,16,0,0,0,0.0
coco:140076:81:3555,coco,140076,81,sink,a photo containing a sink,True,14,0,0,0,0.0
coco:14007:57:410,coco,14007,57,carrot,a small carrot near the center,True,72,0,0,0,0.0
coco:140203:18:3557,coco,140203,18,dog,a photo of a dog,False,27,0,0,0,0.0
coco:140203:38:3559,coco,140203,38,kite,a photo containing a kite,True,20,0,0,0,0.0
coco:140286:1:3563,coco,140286,1,person,a photo of a person,False,29,0,0,0,0.0
coco:140286:21:3565,coco,140286,21,cow,a cow in the scene,True,7,0,0,0,0.0
coco:14038:46:412,coco,14038,46,wine glass,a wine glass in the scene,True,63,0,0,0,0.0
coco:14038:84:411,coco,14038,84,book,a visible book in the scene,False,110,0,0,0,0.0
coco:14038:87:413,coco,14038,87,scissors,a scissors in the scene,True,47,0,0,0,0.0
coco:140420:4:3566,coco,140420,4,motorcycle,the motorcycle in this image,False,2,0,0,0,0.0
coco:140439:75:3570,coco,140439,75,remote,a small remote near the center,True,84,0,0,0,0.0
coco:140439:86:3569,coco,140439,86,vase,a photo of a vase,False,30,0,0,0,0.0
coco:140556:16:3573,coco,140556,16,bird,a photo containing a bird,True,18,0,0,0,0.0
coco:140583:21:3575,coco,140583,21,cow,a cow object,False,54,0,0,0,0.0
coco:140583:46:3577,coco,140583,46,wine glass,a wine glass in the scene,True,224,0,0,0,0.0
coco:140583:50:3576,coco,140583,50,spoon,a small spoon near the center,True,64,0,0,0,0.0
coco:140640:49:3578,coco,140640,49,knife,a visible knife in the scene,False,25,0,0,0,0.0
coco:140658:36:3583,coco,140658,36,snowboard,a photo containing a snowboard,True,10,0,0,0,0.0
coco:140658:85:3581,coco,140658,85,clock,the clock in this image,False,2,0,0,0,0.0
coco:140840:32:3586,coco,140840,32,tie,a small tie near the center,True,122,0,0,0,0.0
coco:140840:67:3585,coco,140840,67,dining table,a close-up of a dining table,True,3,0,0,0,0.0
coco:140987:1:3590,coco,140987,1,person,a person object,False,20,0,0,0,0.0
coco:140987:36:3592,coco,140987,36,snowboard,a close-up of a snowboard,True,7,0,0,0,0.0
coco:140987:4:3591,coco,140987,4,motorcycle,a motorcycle in the scene,True,54,0,0,0,0.0
coco:141328:51:3593,coco,141328,51,bowl,the bowl in this image,False,16,0,0,0,0.0
coco:141328:61:3594,coco,141328,61,cake,a cake in the scene,True,29,0,0,0,0.0
coco:141597:13:3598,coco,141597,13,stop sign,a photo containing a stop sign,True,8,0,0,0,0.0
coco:141597:22:3597,coco,141597,22,elephant,a small elephant near the center,True,49,0,0,0,0.0
coco:141671:1:3599,coco,141671,1,person,a person object,False,93,0,0,0,0.0
coco:141671:20:3600,coco,141671,20,sheep,a photo containing a sheep,True,19,0,0,0,0.0
coco:141821:28:3604,coco,141821,28,umbrella,a close-up of a umbrella,True,7,0,0,0,0.0
coco:141821:5:3603,coco,141821,5,airplane,a photo containing a airplane,True,4,0,0,0,0.0
coco:142092:59:3605,coco,142092,59,pizza,a photo of a pizza,False,6,0,0,0,0.0
coco:142238:27:3609,coco,142238,27,backpack,a small backpack near the center,True,73,0,0,0,0.0
coco:142238:81:3610,coco,142238,81,sink,a sink in the scene,True,72,0,0,0,0.0
coco:142324:31:3611,coco,142324,31,handbag,a handbag object,False,24,0,0,0,0.0
coco:142585:76:3618,coco,142585,76,keyboard,a small keyboard near the center,True,38,0,0,0,0.0
coco:1425:53:41,coco,1425,53,apple,a photo containing a apple,True,12,0,0,0,0.0
coco:142620:16:3622,coco,142620,16,bird,a small bird near the center,True,65,0,0,0,0.0
coco:142790:1:3623,coco,142790,1,person,a person object,False,20,0,0,0,0.0
coco:142971:86:3627,coco,142971,86,vase,a photo containing a vase,True,16,0,0,0,0.0
coco:143068:1:3629,coco,143068,1,person,a photo of a person,False,39,0,0,0,0.0
coco:143068:44:3630,coco,143068,44,bottle,a bottle in the scene,True,48,0,0,0,0.0
coco:143556:1:3632,coco,143556,1,person,a photo of a person,False,24,0,0,0,0.0
coco:143556:57:3634,coco,143556,57,carrot,a close-up of a carrot,True,30,0,0,0,0.0
coco:143572:52:3636,coco,143572,52,banana,a small banana near the center,True,55,0,0,0,0.0
coco:143931:1:3638,coco,143931,1,person,a visible person in the scene,False,6,0,0,0,0.0
coco:143931:50:3639,coco,143931,50,spoon,a close-up of a spoon,True,28,0,0,0,0.0
coco:143961:31:3641,coco,143961,31,handbag,a visible handbag in the scene,False,35,0,0,0,0.0
coco:143961:46:3642,coco,143961,46,wine glass,a close-up of a wine glass,True,32,0,0,0,0.0
coco:144003:41:3648,coco,144003,41,skateboard,a photo containing a skateboard,True,20,0,0,0,0.0
coco:144003:62:3647,coco,144003,62,chair,the chair in this image,False,25,0,0,0,0.0
coco:144114:1:3650,coco,144114,1,person,a person object,False,17,0,0,0,0.0
coco:144300:1:3653,coco,144300,1,person,the person in this image,False,13,0,0,0,0.0
coco:144300:34:3654,coco,144300,34,frisbee,a frisbee in the scene,True,46,0,0,0,0.0
coco:144300:51:3655,coco,144300,51,bowl,a close-up of a bowl,True,8,0,0,0,0.0
coco:144333:41:3658,coco,144333,41,skateboard,a close-up of a skateboard,True,24,0,0,0,0.0
coco:144333:51:3657,coco,144333,51,bowl,a close-up of a bowl,True,18,0,0,0,0.0
coco:14439:78:422,coco,14439,78,microwave,a microwave in the scene,True,19,0,0,0,0.0
coco:144706:10:3659,coco,144706,10,traffic light,a visible traffic light in the scene,False,37,0,0,0,0.0
coco:144706:90:3661,coco,144706,90,toothbrush,a close-up of a toothbrush,True,9,0,0,0,0.0
coco:14473:36:425,coco,14473,36,snowboard,a photo containing a snowboard,True,22,0,0,0,0.0
coco:144784:1:3662,coco,144784,1,person,a photo of a person,False,21,0,0,0,0.0
coco:144784:47:3664,coco,144784,47,cup,a close-up of a cup,True,5,0,0,0,0.0
coco:144932:1:3668,coco,144932,1,person,a photo of a person,False,16,0,0,0,0.0
coco:144932:57:3669,coco,144932,57,carrot,a small carrot near the center,True,95,0,0,0,0.0
coco:144984:1:3671,coco,144984,1,person,a person object,False,6,0,0,0,0.0
coco:144984:37:3672,coco,144984,37,sports ball,a photo containing a sports ball,True,10,0,0,0,0.0
coco:145020:82:3676,coco,145020,82,refrigerator,a refrigerator in the scene,True,23,0,0,0,0.0
coco:145591:11:3678,coco,145591,11,fire hydrant,a close-up of a fire hydrant,True,3,0,0,0,0.0
coco:145591:43:3679,coco,145591,43,tennis racket,a close-up of a tennis racket,True,4,0,0,0,0.0
coco:145620:82:3684,coco,145620,82,refrigerator,a close-up of a refrigerator,True,7,0,0,0,0.0
coco:145620:85:3685,coco,145620,85,clock,a close-up of a clock,True,11,0,0,0,0.0
coco:145665:20:3687,coco,145665,20,sheep,a close-up of a sheep,True,10,0,0,0,0.0
coco:145665:47:3688,coco,145665,47,cup,a small cup near the center,True,45,0,0,0,0.0
coco:145781:18:3689,coco,145781,18,dog,a photo of a dog,False,7,0,0,0,0.0
coco:145781:86:3690,coco,145781,86,vase,a vase in the scene,True,12,0,0,0,0.0
coco:146155:1:3692,coco,146155,1,person,a person object,False,27,0,0,0,0.0
coco:146155:52:3693,coco,146155,52,banana,a small banana near the center,True,111,0,0,0,0.0
coco:146363:28:3698,coco,146363,28,umbrella,a photo of a umbrella,False,18,0,0,0,0.0
coco:146363:33:3699,coco,146363,33,suitcase,a close-up of a suitcase,True,19,0,0,0,0.0
coco:146363:72:3700,coco,146363,72,tv,a tv in the scene,True,40,0,0,0,0.0
coco:146457:87:3702,coco,146457,87,scissors,a photo containing a scissors,True,27,0,0,0,0.0
coco:146489:4:3706,coco,146489,4,motorcycle,a photo containing a motorcycle,True,22,0,0,0,0.0
coco:146489:73:3705,coco,146489,73,laptop,a close-up of a laptop,True,10,0,0,0,0.0
coco:146489:77:3704,coco,146489,77,cell phone,the cell phone in this image,False,22,0,0,0,0.0
coco:146498:77:3708,coco,146498,77,cell phone,a photo containing a cell phone,True,13,0,0,0,0.0
coco:146667:3:3710,coco,146667,3,car,a visible car in the scene,False,20,0,0,0,0.0
coco:146825:5:3714,coco,146825,5,airplane,a photo containing a airplane,True,7,0,0,0,0.0
coco:147205:67:3719,coco,147205,67,dining table,a dining table object,False,5,0,0,0,0.0
coco:147223:52:3724,coco,147223,52,banana,a photo containing a banana,True,31,0,0,0,0.0
coco:147223:6:3722,coco,147223,6,bus,a photo of a bus,False,40,0,0,0,0.0
coco:147338:80:3726,coco,147338,80,toaster,a small toaster near the center,True,49,0,0,0,0.0
coco:147415:31:3730,coco,147415,31,handbag,a small handbag near the center,True,18,0,0,0,0.0
coco:147415:62:3728,coco,147415,62,chair,a chair object,False,17,0,0,0,0.0
coco:147498:16:3731,coco,147498,16,bird,the bird in this image,False,93,0,0,0,0.0
coco:147498:28:3733,coco,147498,28,umbrella,a close-up of a umbrella,True,13,0,0,0,0.0
coco:147518:6:3735,coco,147518,6,bus,a close-up of a bus,True,7,0,0,0,0.0
coco:147725:48:3738,coco,147725,48,fork,a fork in the scene,True,153,0,0,0,0.0
coco:147725:7:3739,coco,147725,7,train,a close-up of a train,True,9,0,0,0,0.0
coco:147725:8:3737,coco,147725,8,truck,a truck object,False,20,0,0,0,0.0
coco:147729:6:3741,coco,147729,6,bus,a close-up of a bus,True,3,0,0,0,0.0
coco:147740:51:3744,coco,147740,51,bowl,a close-up of a bowl,True,21,0,0,0,0.0
coco:147740:52:3743,coco,147740,52,banana,a photo of a banana,False,53,0,0,0,0.0
coco:147745:33:3747,coco,147745,33,suitcase,a suitcase in the scene,True,58,0,0,0,0.0
coco:14831:65:426,coco,14831,65,bed,the bed in this image,False,6,0,0,0,0.0
coco:14831:76:428,coco,14831,76,keyboard,a close-up of a keyboard,True,8,0,0,0,0.0
coco:14831:88:427,coco,14831,88,teddy bear,a small teddy bear near the center,True,5,0,0,0,0.0
coco:148508:1:3749,coco,148508,1,person,the person in this image,False,60,0,0,0,0.0
coco:148508:77:3750,coco,148508,77,cell phone,a small cell phone near the center,True,61,0,0,0,0.0
coco:148620:17:3754,coco,148620,17,cat,a close-up of a cat,True,22,0,0,0,0.0
coco:148662:1:3755,coco,148662,1,person,a person object,False,15,0,0,0,0.0
coco:148707:35:3760,coco,148707,35,skis,a small skis near the center,True,218,0,0,0,0.0
coco:148707:54:3759,coco,148707,54,sandwich,a photo containing a sandwich,True,9,0,0,0,0.0
coco:148719:88:3763,coco,148719,88,teddy bear,a photo containing a teddy bear,True,6,0,0,0,0.0
coco:148730:19:3766,coco,148730,19,horse,a small horse near the center,True,72,0,0,0,0.0
coco:148730:9:3764,coco,148730,9,boat,a photo of a boat,False,15,0,0,0,0.0
coco:148739:42:3767,coco,148739,42,surfboard,a surfboard object,False,12,0,0,0,0.0
coco:148739:59:3769,coco,148739,59,pizza,a small pizza near the center,True,11,0,0,0,0.0
coco:148783:24:3770,coco,148783,24,zebra,a photo of a zebra,False,12,0,0,0,0.0
coco:148783:25:3772,coco,148783,25,giraffe,a giraffe in the scene,True,4,0,0,0,0.0
coco:148783:46:3771,coco,148783,46,wine glass,a small wine glass near the center,True,106,0,0,0,0.0
coco:14888:51:430,coco,14888,51,bowl,a small bowl near the center,True,41,0,0,0,0.0
coco:14888:82:431,coco,14888,82,refrigerator,a close-up of a refrigerator,True,6,0,0,0,0.0
coco:148957:60:3773,coco,148957,60,donut,a photo of a donut,False,31,0,0,0,0.0
coco:148957:78:3775,coco,148957,78,microwave,a photo containing a microwave,True,2,0,0,0,0.0
coco:148999:33:3778,coco,148999,33,suitcase,a photo containing a suitcase,True,20,0,0,0,0.0
coco:148999:74:3777,coco,148999,74,mouse,a close-up of a mouse,True,7,0,0,0,0.0
coco:1490:1:42,coco,1490,1,person,the person in this image,False,4,0,0,0,0.0
coco:1490:27:43,coco,1490,27,backpack,a close-up of a backpack,True,17,0,0,0,0.0
coco:1490:80:44,coco,1490,80,toaster,a small toaster near the center,True,80,0,0,0,0.0
coco:149222:64:3781,coco,149222,64,potted plant,a potted plant in the scene,True,43,0,0,0,0.0
coco:149222:74:3779,coco,149222,74,mouse,a photo of a mouse,False,51,0,0,0,0.0
coco:149406:23:3786,coco,149406,23,bear,a small bear near the center,True,61,0,0,0,0.0
coco:149406:75:3787,coco,149406,75,remote,a small remote near the center,True,92,0,0,0,0.0
coco:149622:16:3791,coco,149622,16,bird,a bird object,False,5,0,0,0,0.0
coco:149622:72:3793,coco,149622,72,tv,a photo containing a tv,True,10,0,0,0,0.0
coco:149770:6:3795,coco,149770,6,bus,a photo containing a bus,True,4,0,0,0,0.0
coco:149770:86:3796,coco,149770,86,vase,a vase in the scene,True,38,0,0,0,0.0
coco:150224:39:3798,coco,150224,39,baseball bat,a baseball bat in the scene,True,34,0,0,0,0.0
coco:150224:48:3799,coco,150224,48,fork,a photo containing a fork,True,33,0,0,0,0.0
coco:150265:23:3801,coco,150265,23,bear,a small bear near the center,True,15,0,0,0,0.0
coco:1503:32:46,coco,1503,32,tie,a photo containing a tie,True,25,0,0,0,0.0
coco:1503:73:45,coco,1503,73,laptop,a photo of a laptop,False,17,0,0,0,0.0
coco:150417:58:3805,coco,150417,58,hot dog,a small hot dog near the center,True,58,0,0,0,0.0
coco:150417:63:3804,coco,150417,63,couch,a couch in the scene,True,27,0,0,0,0.0
coco:150638:41:3807,coco,150638,41,skateboard,a close-up of a skateboard,True,18,0,0,0,0.0
coco:150649:3:3811,coco,150649,3,car,a small car near the center,True,30,0,0,0,0.0
coco:150726:25:3812,coco,150726,25,giraffe,a photo of a giraffe,False,14,0,0,0,0.0
coco:15079:54:432,coco,15079,54,sandwich,a visible sandwich in the scene,False,9,0,0,0,0.0
coco:150930:18:3817,coco,150930,18,dog,a close-up of a dog,True,14,0,0,0,0.0
coco:150930:85:3815,coco,150930,85,clock,a clock object,False,5,0,0,0,0.0
coco:151000:1:3818,coco,151000,1,person,a visible person in the scene,False,20,0,0,0,0.0
coco:151051:6:3822,coco,151051,6,bus,a bus in the scene,True,31,0,0,0,0.0
coco:151480:1:3824,coco,151480,1,person,a photo of a person,False,51,0,0,0,0.0
coco:151516:88:3828,coco,151516,88,teddy bear,a teddy bear in the scene,True,2,0,0,0,0.0
coco:151629:16:3831,coco,151629,16,bird,a photo containing a bird,True,9,0,0,0,0.0
coco:151629:43:3830,coco,151629,43,tennis racket,a visible tennis racket in the scene,False,13,0,0,0,0.0
coco:151657:20:3834,coco,151657,20,sheep,a sheep in the scene,True,46,0,0,0,0.0
coco:151662:39:3837,coco,151662,39,baseball bat,a close-up of a baseball bat,True,14,0,0,0,0.0
coco:151820:5:3841,coco,151820,5,airplane,a close-up of a airplane,True,3,0,0,0,0.0
coco:151820:67:3839,coco,151820,67,dining table,a photo of a dining table,False,16,0,0,0,0.0
coco:151820:78:3840,coco,151820,78,microwave,a small microwave near the center,True,96,0,0,0,0.0
coco:151857:52:3843,coco,151857,52,banana,a small banana near the center,True,123,0,0,0,0.0
coco:151857:7:3842,coco,151857,7,train,the train in this image,False,6,0,0,0,0.0
coco:151857:89:3844,coco,151857,89,hair drier,a photo containing a hair drier,True,4,0,0,0,0.0
coco:151938:28:3845,coco,151938,28,umbrella,a photo of a umbrella,False,35,0,0,0,0.0
coco:151962:1:3848,coco,151962,1,person,a photo of a person,False,10,0,0,0,0.0
coco:151962:76:3849,coco,151962,76,keyboard,a photo containing a keyboard,True,8,0,0,0,0.0
coco:152214:53:3855,coco,152214,53,apple,a small apple near the center,True,65,0,0,0,0.0
coco:15254:46:437,coco,15254,46,wine glass,a close-up of a wine glass,True,8,0,0,0,0.0
coco:15254:56:436,coco,15254,56,broccoli,a close-up of a broccoli,True,11,0,0,0,0.0
coco:152686:31:3861,coco,152686,31,handbag,a small handbag near the center,True,35,0,0,0,0.0
coco:152686:43:3860,coco,152686,43,tennis racket,a visible tennis racket in the scene,False,4,0,0,0,0.0
coco:15272:10:438,coco,15272,10,traffic light,a photo of a traffic light,False,14,0,0,0,0.0
coco:15272:79:439,coco,15272,79,oven,a small oven near the center,True,30,0,0,0,0.0
coco:152740:46:3864,coco,152740,46,wine glass,a small wine glass near the center,True,108,0,0,0,0.0
coco:152740:47:3865,coco,152740,47,cup,a photo containing a cup,True,6,0,0,0,0.0
coco:152771:11:3866,coco,152771,11,fire hydrant,the fire hydrant in this image,False,11,0,0,0,0.0
coco:152771:14:3868,coco,152771,14,parking meter,a photo containing a parking meter,True,13,0,0,0,0.0
coco:152771:72:3867,coco,152771,72,tv,a close-up of a tv,True,7,0,0,0,0.0
coco:15278:50:443,coco,15278,50,spoon,a photo containing a spoon,True,9,0,0,0,0.0
coco:15278:56:441,coco,15278,56,broccoli,a visible broccoli in the scene,False,51,0,0,0,0.0
coco:15278:86:442,coco,15278,86,vase,a close-up of a vase,True,5,0,0,0,0.0
coco:152870:25:3869,coco,152870,25,giraffe,a photo of a giraffe,False,11,0,0,0,0.0
coco:152870:38:3871,coco,152870,38,kite,a close-up of a kite,True,6,0,0,0,0.0
coco:152870:41:3870,coco,152870,41,skateboard,a photo containing a skateboard,True,14,0,0,0,0.0
coco:153011:39:3873,coco,153011,39,baseball bat,a small baseball bat near the center,True,140,0,0,0,0.0
coco:153217:25:3876,coco,153217,25,giraffe,a close-up of a giraffe,True,7,0,0,0,0.0
coco:153217:4:3875,coco,153217,4,motorcycle,a motorcycle object,False,11,0,0,0,0.0
coco:153217:88:3877,coco,153217,88,teddy bear,a small teddy bear near the center,True,4,0,0,0,0.0
coco:153229:85:3880,coco,153229,85,clock,a small clock near the center,True,45,0,0,0,0.0
coco:1532:41:50,coco,1532,41,skateboard,a small skateboard near the center,True,55,0,0,0,0.0
coco:153343:31:3886,coco,153343,31,handbag,a close-up of a handbag,True,17,0,0,0,0.0
coco:153343:88:3884,coco,153343,88,teddy bear,a teddy bear object,False,7,0,0,0,0.0
coco:15335:51:444,coco,15335,51,bowl,a visible bowl in the scene,False,27,0,0,0,0.0
coco:15335:5:446,coco,15335,5,airplane,a small airplane near the center,True,43,0,0,0,0.0
coco:15338:54:448,coco,15338,54,sandwich,a small sandwich near the center,True,80,0,0,0,0.0
coco:153510:56:3887,coco,153510,56,broccoli,the broccoli in this image,False,48,0,0,0,0.0
coco:153527:82:3891,coco,153527,82,refrigerator,a photo containing a refrigerator,True,20,0,0,0,0.0
coco:153529:35:3894,coco,153529,35,skis,a photo containing a skis,True,13,0,0,0,0.0
coco:153568:5:3897,coco,153568,5,airplane,a small airplane near the center,True,37,0,0,0,0.0
coco:153632:67:3899,coco,153632,67,dining table,a photo of a dining table,False,2,0,0,0,0.0
coco:153632:84:3901,coco,153632,84,book,a close-up of a book,True,7,0,0,0,0.0
coco:153669:39:3902,coco,153669,39,baseball bat,the baseball bat in this image,False,9,0,0,0,0.0
coco:153782:22:3906,coco,153782,22,elephant,a photo containing a elephant,True,11,0,0,0,0.0
coco:153782:23:3907,coco,153782,23,bear,a close-up of a bear,True,5,0,0,0,0.0
coco:153797:1:3908,coco,153797,1,person,a person object,False,3,0,0,0,0.0
coco:154000:8:3911,coco,154000,8,truck,a visible truck in the scene,False,6,0,0,0,0.0
coco:154004:14:3915,coco,154004,14,parking meter,a parking meter in the scene,True,81,0,0,0,0.0
coco:154004:21:3916,coco,154004,21,cow,a small cow near the center,True,36,0,0,0,0.0
coco:154087:86:3919,coco,154087,86,vase,a photo containing a vase,True,22,0,0,0,0.0
coco:154213:6:3921,coco,154213,6,bus,a close-up of a bus,True,3,0,0,0,0.0
coco:154339:47:3925,coco,154339,47,cup,a cup in the scene,True,9,0,0,0,0.0
coco:154339:5:3924,coco,154339,5,airplane,a airplane in the scene,True,11,0,0,0,0.0
coco:154358:38:3928,coco,154358,38,kite,a small kite near the center,True,72,0,0,0,0.0
coco:154358:86:3926,coco,154358,86,vase,the vase in this image,False,17,0,0,0,0.0
coco:15440:13:450,coco,15440,13,stop sign,a photo of a stop sign,False,15,0,0,0,0.0
coco:15440:50:452,coco,15440,50,spoon,a small spoon near the center,True,116,0,0,0,0.0
coco:15440:90:451,coco,15440,90,toothbrush,a close-up of a toothbrush,True,15,0,0,0,0.0
coco:154425:90:3931,coco,154425,90,toothbrush,a photo containing a toothbrush,True,19,0,0,0,0.0
coco:154431:23:3934,coco,154431,23,bear,a close-up of a bear,True,9,0,0,0,0.0
coco:154431:72:3932,coco,154431,72,tv,the tv in this image,False,3,0,0,0,0.0
coco:154644:1:3935,coco,154644,1,person,the person in this image,False,5,0,0,0,0.0
coco:154705:39:3939,coco,154705,39,baseball bat,a baseball bat in the scene,True,88,0,0,0,0.0
coco:154947:20:3944,coco,154947,20,sheep,a visible sheep in the scene,False,3,0,0,0,0.0
coco:15497:57:454,coco,15497,57,carrot,a carrot in the scene,True,62,0,0,0,0.0
coco:155051:80:3949,coco,155051,80,toaster,a close-up of a toaster,True,5,0,0,0,0.0
coco:155145:61:3952,coco,155145,61,cake,a photo containing a cake,True,14,0,0,0,0.0
coco:155145:64:3951,coco,155145,64,potted plant,a photo containing a potted plant,True,20,0,0,0,0.0
coco:155179:31:3957,coco,155179,31,handbag,a photo containing a handbag,True,9,0,0,0,0.0
coco:155179:70:3958,coco,155179,70,toilet,a small toilet near the center,True,21,0,0,0,0.0
coco:15517:47:458,coco,15517,47,cup,a photo containing a cup,True,32,0,0,0,0.0
coco:15517:6:456,coco,15517,6,bus,a bus object,False,51,0,0,0,0.0
coco:155291:17:3959,coco,155291,17,cat,a visible cat in the scene,False,3,0,0,0,0.0
coco:155291:18:3961,coco,155291,18,dog,a dog in the scene,True,3,0,0,0,0.0
coco:155341:1:3962,coco,155341,1,person,a person object,False,55,0,0,0,0.0
coco:155443:10:3965,coco,155443,10,traffic light,a visible traffic light in the scene,False,33,0,0,0,0.0
coco:155571:22:3971,coco,155571,22,elephant,a photo of a elephant,False,6,0,0,0,0.0
coco:155571:38:3973,coco,155571,38,kite,a kite in the scene,True,6,0,0,0,0.0
coco:155571:84:3972,coco,155571,84,book,a small book near the center,True,45,0,0,0,0.0
coco:15597:55:461,coco,15597,55,orange,a small orange near the center,True,139,0,0,0,0.0
coco:156071:52:3975,coco,156071,52,banana,a close-up of a banana,True,38,0,0,0,0.0
coco:156076:17:3978,coco,156076,17,cat,a photo containing a cat,True,11,0,0,0,0.0
coco:156076:67:3977,coco,156076,67,dining table,a dining table object,False,7,0,0,0,0.0
coco:156278:65:3981,coco,156278,65,bed,a small bed near the center,True,16,0,0,0,0.0
coco:156278:81:3980,coco,156278,81,sink,the sink in this image,False,18,0,0,0,0.0
coco:156292:17:3985,coco,156292,17,cat,a cat in the scene,True,103,0,0,0,0.0
coco:156292:31:3983,coco,156292,31,handbag,a visible handbag in the scene,False,12,0,0,0,0.0
coco:156292:89:3984,coco,156292,89,hair drier,a hair drier in the scene,True,60,0,0,0,0.0
coco:156372:13:3988,coco,156372,13,stop sign,a stop sign in the scene,True,83,0,0,0,0.0
coco:156372:62:3986,coco,156372,62,chair,a visible chair in the scene,False,7,0,0,0,0.0
coco:15660:90:463,coco,15660,90,toothbrush,a close-up of a toothbrush,True,13,0,0,0,0.0
coco:156643:22:3991,coco,156643,22,elephant,a small elephant near the center,True,12,0,0,0,0.0
coco:156643:49:3989,coco,156643,49,knife,the knife in this image,False,34,0,0,0,0.0
coco:156643:54:3990,coco,156643,54,sandwich,a small sandwich near the center,True,6,0,0,0,0.0
coco:156924:20:3993,coco,156924,20,sheep,a photo containing a sheep,True,17,0,0,0,0.0
coco:156924:84:3994,coco,156924,84,book,a close-up of a book,True,33,0,0,0,0.0
coco:157098:25:3998,coco,157098,25,giraffe,a giraffe object,False,15,0,0,0,0.0
coco:157098:50:3999,coco,157098,50,spoon,a close-up of a spoon,True,26,0,0,0,0.0
coco:157124:81:4001,coco,157124,81,sink,a photo of a sink,False,12,0,0,0,0.0
coco:157213:59:4009,coco,157213,59,pizza,a small pizza near the center,True,26,0,0,0,0.0
coco:157365:1:4010,coco,157365,1,person,the person in this image,False,2,0,0,0,0.0
coco:157365:50:4012,coco,157365,50,spoon,a small spoon near the center,True,92,0,0,0,0.0
coco:157365:82:4011,coco,157365,82,refrigerator,a photo containing a refrigerator,True,8,0,0,0,0.0
coco:157390:67:4013,coco,157390,67,dining table,a photo of a dining table,False,3,0,0,0,0.0
coco:157418:34:4017,coco,157418,34,frisbee,a photo containing a frisbee,True,12,0,0,0,0.0
coco:15746:11:465,coco,15746,11,fire hydrant,a visible fire hydrant in the scene,False,2,0,0,0,0.0
coco:15751:16:468,coco,15751,16,bird,a bird object,False,24,0,0,0,0.0
coco:157601:67:4019,coco,157601,67,dining table,a visible dining table in the scene,False,35,0,0,0,0.0
coco:157756:10:4022,coco,157756,10,traffic light,a traffic light object,False,87,0,0,0,0.0
coco:157756:72:4024,coco,157756,72,tv,a photo containing a tv,True,30,0,0,0,0.0
coco:157767:80:4027,coco,157767,80,toaster,a toaster in the scene,True,62,0,0,0,0.0
coco:157807:47:4029,coco,157807,47,cup,a photo containing a cup,True,12,0,0,0,0.0
coco:157807:63:4030,coco,157807,63,couch,a photo containing a couch,True,5,0,0,0,0.0
coco:157807:81:4028,coco,157807,81,sink,a visible sink in the scene,False,13,0,0,0,0.0
coco:157847:16:4031,coco,157847,16,bird,a bird object,False,9,0,0,0,0.0
coco:157847:43:4033,coco,157847,43,tennis racket,a close-up of a tennis racket,True,12,0,0,0,0.0
coco:157928:1:4034,coco,157928,1,person,the person in this image,False,8,0,0,0,0.0
coco:158227:1:4037,coco,158227,1,person,a person object,False,8,0,0,0,0.0
coco:158227:41:4038,coco,158227,41,skateboard,a small skateboard near the center,True,13,0,0,0,0.0
coco:158227:51:4039,coco,158227,51,bowl,a small bowl near the center,True,46,0,0,0,0.0
coco:1584:73:52,coco,1584,73,laptop,a small laptop near the center,True,75,0,0,0,0.0
coco:1584:80:53,coco,1584,80,toaster,a small toaster near the center,True,67,0,0,0,0.0
coco:158660:35:4045,coco,158660,35,skis,a skis in the scene,True,280,0,0,0,0.0
coco:158660:51:4043,coco,158660,51,bowl,a visible bowl in the scene,False,16,0,0,0,0.0
coco:158744:57:4048,coco,158744,57,carrot,a close-up of a carrot,True,40,0,0,0,0.0
coco:158744:63:4046,coco,158744,63,couch,a couch object,False,19,0,0,0,0.0
coco:158945:55:4050,coco,158945,55,orange,a photo containing a orange,True,8,0,0,0,0.0
coco:158945:84:4051,coco,158945,84,book,a small book near the center,True,61,0,0,0,0.0
coco:158956:61:4052,coco,158956,61,cake,the cake in this image,False,3,0,0,0,0.0
coco:158956:79:4054,coco,158956,79,oven,a close-up of a oven,True,17,0,0,0,0.0
coco:159112:31:4056,coco,159112,31,handbag,a handbag in the scene,True,52,0,0,0,0.0
coco:159112:59:4055,coco,159112,59,pizza,a photo of a pizza,False,9,0,0,0,0.0
coco:159282:32:4059,coco,159282,32,tie,a small tie near the center,True,69,0,0,0,0.0
coco:159282:86:4058,coco,159282,86,vase,a photo of a vase,False,32,0,0,0,0.0
coco:159458:23:4069,coco,159458,23,bear,a bear in the scene,True,12,0,0,0,0.0
coco:159458:58:4068,coco,159458,58,hot dog,a close-up of a hot dog,True,17,0,0,0,0.0
coco:15956:58:473,coco,15956,58,hot dog,a hot dog in the scene,True,12,0,0,0,0.0
coco:159684:89:4072,coco,159684,89,hair drier,a hair drier in the scene,True,65,0,0,0,0.0
coco:159791:20:4074,coco,159791,20,sheep,a small sheep near the center,True,55,0,0,0,0.0
coco:159791:4:4075,coco,159791,4,motorcycle,a small motorcycle near the center,True,46,0,0,0,0.0
coco:159977:25:4076,coco,159977,25,giraffe,a giraffe object,False,2,0,0,0,0.0
coco:159977:54:4077,coco,159977,54,sandwich,a close-up of a sandwich,True,9,0,0,0,0.0
coco:160012:14:4081,coco,160012,14,parking meter,a close-up of a parking meter,True,4,0,0,0,0.0
coco:160012:59:4079,coco,160012,59,pizza,a photo of a pizza,False,9,0,0,0,0.0
coco:16010:22:475,coco,16010,22,elephant,a close-up of a elephant,True,18,0,0,0,0.0
coco:16010:24:474,coco,16010,24,zebra,a visible zebra in the scene,False,4,0,0,0,0.0
coco:160556:76:4082,coco,160556,76,keyboard,a photo of a keyboard,False,31,0,0,0,0.0
coco:160556:82:4084,coco,160556,82,refrigerator,a photo containing a refrigerator,True,10,0,0,0,0.0
coco:160666:32:4087,coco,160666,32,tie,a small tie near the center,True,28,0,0,0,0.0
coco:160666:34:4086,coco,160666,34,frisbee,a frisbee in the scene,True,12,0,0,0,0.0
coco:160728:15:4090,coco,160728,15,bench,a photo containing a bench,True,38,0,0,0,0.0
coco:160728:77:4089,coco,160728,77,cell phone,a photo containing a cell phone,True,11,0,0,0,0.0
coco:160772:3:4092,coco,160772,3,car,a photo containing a car,True,21,0,0,0,0.0
coco:160864:40:4094,coco,160864,40,baseball glove,a photo of a baseball glove,False,19,0,0,0,0.0
coco:161008:64:4098,coco,161008,64,potted plant,a close-up of a potted plant,True,3,0,0,0,0.0
coco:161008:87:4097,coco,161008,87,scissors,a scissors object,False,3,0,0,0,0.0
coco:161032:23:4101,coco,161032,23,bear,a close-up of a bear,True,9,0,0,0,0.0
coco:161032:28:4100,coco,161032,28,umbrella,the umbrella in this image,False,8,0,0,0,0.0
coco:161032:6:4102,coco,161032,6,bus,a small bus near the center,True,56,0,0,0,0.0
coco:161044:41:4105,coco,161044,41,skateboard,a skateboard in the scene,True,14,0,0,0,0.0
coco:161044:5:4103,coco,161044,5,airplane,a airplane object,False,17,0,0,0,0.0
coco:161128:3:4106,coco,161128,3,car,a car object,False,23,0,0,0,0.0
coco:161128:50:4107,coco,161128,50,spoon,a spoon in the scene,True,61,0,0,0,0.0
coco:161609:74:4114,coco,161609,74,mouse,a mouse in the scene,True,66,0,0,0,0.0
coco:161642:3:4116,coco,161642,3,car,a photo containing a car,True,19,0,0,0,0.0
coco:161642:80:4117,coco,161642,80,toaster,a photo containing a toaster,True,18,0,0,0,0.0
coco:161642:85:4115,coco,161642,85,clock,a visible clock in the scene,False,5,0,0,0,0.0
coco:161781:11:4119,coco,161781,11,fire hydrant,a close-up of a fire hydrant,True,3,0,0,0,0.0
coco:161781:1:4118,coco,161781,1,person,a visible person in the scene,False,3,0,0,0,0.0
coco:161799:28:4123,coco,161799,28,umbrella,a umbrella in the scene,True,112,0,0,0,0.0
coco:161799:41:4121,coco,161799,41,skateboard,a visible skateboard in the scene,False,14,0,0,0,0.0
coco:161820:22:4125,coco,161820,22,elephant,a photo containing a elephant,True,5,0,0,0,0.0
coco:161820:52:4124,coco,161820,52,banana,the banana in this image,False,53,0,0,0,0.0
coco:161861:13:4128,coco,161861,13,stop sign,a photo containing a stop sign,True,5,0,0,0,0.0
coco:161875:57:4132,coco,161875,57,carrot,a photo containing a carrot,True,38,0,0,0,0.0
coco:161879:17:4135,coco,161879,17,cat,a photo containing a cat,True,10,0,0,0,0.0
coco:161879:41:4133,coco,161879,41,skateboard,the skateboard in this image,False,3,0,0,0,0.0
coco:161925:50:4138,coco,161925,50,spoon,a photo containing a spoon,True,28,0,0,0,0.0
coco:161925:80:4137,coco,161925,80,toaster,a toaster in the scene,True,67,0,0,0,0.0
coco:161978:19:4140,coco,161978,19,horse,a small horse near the center,True,94,0,0,0,0.0
coco:161978:1:4139,coco,161978,1,person,a photo of a person,False,76,0,0,0,0.0
coco:162092:61:4145,coco,162092,61,cake,a photo of a cake,False,32,0,0,0,0.0
coco:162092:77:4147,coco,162092,77,cell phone,a close-up of a cell phone,True,18,0,0,0,0.0
coco:162366:14:4151,coco,162366,14,parking meter,a visible parking meter in the scene,False,5,0,0,0,0.0
coco:162366:57:4153,coco,162366,57,carrot,a carrot in the scene,True,141,0,0,0,0.0
coco:16249:15:480,coco,16249,15,bench,a visible bench in the scene,False,27,0,0,0,0.0
coco:162581:55:4162,coco,162581,55,orange,a close-up of a orange,True,5,0,0,0,0.0
coco:162581:5:4161,coco,162581,5,airplane,a airplane in the scene,True,10,0,0,0,0.0
coco:162858:23:4167,coco,162858,23,bear,a bear in the scene,True,78,0,0,0,0.0
coco:162858:5:4168,coco,162858,5,airplane,a photo containing a airplane,True,8,0,0,0,0.0
coco:163057:38:4169,coco,163057,38,kite,a kite object,False,41,0,0,0,0.0
coco:163117:2:4173,coco,163117,2,bicycle,a photo containing a bicycle,True,20,0,0,0,0.0
coco:163118:72:4177,coco,163118,72,tv,a photo containing a tv,True,13,0,0,0,0.0
coco:163155:24:4179,coco,163155,24,zebra,a close-up of a zebra,True,4,0,0,0,0.0
coco:163257:18:4182,coco,163257,18,dog,a dog in the scene,True,44,0,0,0,0.0
coco:163257:61:4183,coco,163257,61,cake,a small cake near the center,True,42,0,0,0,0.0
coco:163258:76:4185,coco,163258,76,keyboard,a small keyboard near the center,True,48,0,0,0,0.0
coco:163290:16:4188,coco,163290,16,bird,a small bird near the center,True,42,0,0,0,0.0
coco:163290:24:4187,coco,163290,24,zebra,the zebra in this image,False,2,0,0,0,0.0
coco:163314:34:4192,coco,163314,34,frisbee,a close-up of a frisbee,True,30,0,0,0,0.0
coco:163314:47:4191,coco,163314,47,cup,a cup in the scene,True,83,0,0,0,0.0
coco:163562:34:4193,coco,163562,34,frisbee,a visible frisbee in the scene,False,2,0,0,0,0.0
coco:163562:63:4195,coco,163562,63,couch,a small couch near the center,True,54,0,0,0,0.0
coco:163611:48:4196,coco,163611,48,fork,a visible fork in the scene,False,11,0,0,0,0.0
coco:163640:74:4200,coco,163640,74,mouse,a mouse in the scene,True,14,0,0,0,0.0
coco:163640:8:4201,coco,163640,8,truck,a truck in the scene,True,33,0,0,0,0.0
coco:163682:8:4204,coco,163682,8,truck,a small truck near the center,True,40,0,0,0,0.0
coco:163746:1:4205,coco,163746,1,person,the person in this image,False,24,0,0,0,0.0
coco:163746:49:4206,coco,163746,49,knife,a close-up of a knife,True,68,0,0,0,0.0
coco:163746:4:4207,coco,163746,4,motorcycle,a motorcycle in the scene,True,25,0,0,0,0.0
coco:163951:62:4208,coco,163951,62,chair,a photo of a chair,False,20,0,0,0,0.0
coco:163951:72:4209,coco,163951,72,tv,a small tv near the center,True,19,0,0,0,0.0
coco:164115:1:4212,coco,164115,1,person,a small person near the center,True,65,0,0,0,0.0
coco:164115:42:4211,coco,164115,42,surfboard,the surfboard in this image,False,2,0,0,0,0.0
coco:164115:63:4213,coco,164115,63,couch,a couch in the scene,True,93,0,0,0,0.0
coco:164363:11:4216,coco,164363,11,fire hydrant,a small fire hydrant near the center,True,40,0,0,0,0.0
coco:164363:85:4214,coco,164363,85,clock,a visible clock in the scene,False,3,0,0,0,0.0
coco:16439:46:483,coco,16439,46,wine glass,the wine glass in this image,False,4,0,0,0,0.0
coco:16439:78:484,coco,16439,78,microwave,a small microwave near the center,True,16,0,0,0,0.0
coco:16439:7:485,coco,16439,7,train,a small train near the center,True,62,0,0,0,0.0
coco:16451:44:487,coco,16451,44,bottle,a close-up of a bottle,True,54,0,0,0,0.0
coco:16451:8:488,coco,16451,8,truck,a close-up of a truck,True,16,0,0,0,0.0
coco:164602:35:4218,coco,164602,35,skis,a close-up of a skis,True,15,0,0,0,0.0
coco:164637:17:4221,coco,164637,17,cat,a photo containing a cat,True,18,0,0,0,0.0
coco:164637:81:4220,coco,164637,81,sink,the sink in this image,False,7,0,0,0,0.0
coco:164885:37:4228,coco,164885,37,sports ball,a sports ball in the scene,True,120,0,0,0,0.0
coco:164885:81:4227,coco,164885,81,sink,a close-up of a sink,True,13,0,0,0,0.0
coco:164969:46:4230,coco,164969,46,wine glass,a small wine glass near the center,True,23,0,0,0,0.0
coco:16502:11:491,coco,16502,11,fire hydrant,a fire hydrant in the scene,True,16,0,0,0,0.0
coco:16502:64:490,coco,16502,64,potted plant,a close-up of a potted plant,True,9,0,0,0,0.0
coco:165039:1:4232,coco,165039,1,person,a person object,False,34,0,0,0,0.0
coco:165039:50:4234,coco,165039,50,spoon,a small spoon near the center,True,116,0,0,0,0.0
coco:165257:43:4236,coco,165257,43,tennis racket,a close-up of a tennis racket,True,11,0,0,0,0.0
coco:165257:81:4235,coco,165257,81,sink,a sink object,False,30,0,0,0,0.0
coco:165336:25:4238,coco,165336,25,giraffe,a giraffe object,False,10,0,0,0,0.0
coco:165336:27:4240,coco,165336,27,backpack,a photo containing a backpack,True,14,0,0,0,0.0
coco:165351:15:4243,coco,165351,15,bench,a bench in the scene,True,35,0,0,0,0.0
coco:165500:23:4244,coco,165500,23,bear,a bear object,False,25,0,0,0,0.0
coco:165500:50:4246,coco,165500,50,spoon,a close-up of a spoon,True,23,0,0,0,0.0
coco:165518:22:4248,coco,165518,22,elephant,a elephant in the scene,True,11,0,0,0,0.0
coco:165518:4:4247,coco,165518,4,motorcycle,a visible motorcycle in the scene,False,2,0,0,0,0.0
coco:165681:21:4252,coco,165681,21,cow,a small cow near the center,True,99,0,0,0,0.0
coco:165681:3:4250,coco,165681,3,car,a car object,False,149,0,0,0,0.0
coco:165681:7:4251,coco,165681,7,train,a small train near the center,True,58,0,0,0,0.0
coco:165831:67:4256,coco,165831,67,dining table,a photo of a dining table,False,3,0,0,0,0.0
coco:165831:74:4257,coco,165831,74,mouse,a close-up of a mouse,True,5,0,0,0,0.0
coco:165831:84:4258,coco,165831,84,book,a book in the scene,True,32,0,0,0,0.0
coco:16598:55:493,coco,16598,55,orange,a close-up of a orange,True,6,0,0,0,0.0
coco:16598:77:492,coco,16598,77,cell phone,the cell phone in this image,False,2,0,0,0,0.0
coco:16598:8:494,coco,16598,8,truck,a truck in the scene,True,20,0,0,0,0.0
coco:166165:10:4260,coco,166165,10,traffic light,a traffic light in the scene,True,65,0,0,0,0.0
coco:166165:1:4259,coco,166165,1,person,the person in this image,False,7,0,0,0,0.0
coco:166166:28:4264,coco,166166,28,umbrella,a umbrella in the scene,True,56,0,0,0,0.0
coco:166166:86:4262,coco,166166,86,vase,a photo of a vase,False,56,0,0,0,0.0
coco:166277:47:4268,coco,166277,47,cup,a photo of a cup,False,35,0,0,0,0.0
coco:166277:51:4269,coco,166277,51,bowl,a bowl in the scene,True,25,0,0,0,0.0
coco:166287:16:4271,coco,166287,16,bird,a visible bird in the scene,False,49,0,0,0,0.0
coco:166287:54:4273,coco,166287,54,sandwich,a sandwich in the scene,True,18,0,0,0,0.0
coco:166391:67:4275,coco,166391,67,dining table,a photo containing a dining table,True,8,0,0,0,0.0
coco:166391:80:4276,coco,166391,80,toaster,a close-up of a toaster,True,15,0,0,0,0.0
coco:166478:60:4281,coco,166478,60,donut,a photo containing a donut,True,19,0,0,0,0.0
coco:166478:84:4280,coco,166478,84,book,a book object,False,14,0,0,0,0.0
coco:166478:90:4282,coco,166478,90,toothbrush,a close-up of a toothbrush,True,28,0,0,0,0.0
coco:166509:20:4284,coco,166509,20,sheep,a small sheep near the center,True,84,0,0,0,0.0
coco:166509:80:4285,coco,166509,80,toaster,a photo containing a toaster,True,11,0,0,0,0.0
coco:166521:72:4286,coco,166521,72,tv,a photo of a tv,False,15,0,0,0,0.0
coco:166563:22:4289,coco,166563,22,elephant,the elephant in this image,False,3,0,0,0,0.0
coco:166642:19:4294,coco,166642,19,horse,a small horse near the center,True,5,0,0,0,0.0
coco:166642:22:4292,coco,166642,22,elephant,a visible elephant in the scene,False,3,0,0,0,0.0
coco:166664:22:4295,coco,166664,22,elephant,a visible elephant in the scene,False,2,0,0,0,0.0
coco:166747:31:4298,coco,166747,31,handbag,a photo of a handbag,False,33,0,0,0,0.0
coco:166747:61:4299,coco,166747,61,cake,a small cake near the center,True,85,0,0,0,0.0
coco:166747:88:4300,coco,166747,88,teddy bear,a teddy bear in the scene,True,5,0,0,0,0.0
coco:166768:32:4301,coco,166768,32,tie,a tie object,False,8,0,0,0,0.0
coco:166918:37:4305,coco,166918,37,sports ball,a close-up of a sports ball,True,5,0,0,0,0.0
coco:166918:47:4304,coco,166918,47,cup,the cup in this image,False,42,0,0,0,0.0
coco:167067:1:4307,coco,167067,1,person,a visible person in the scene,False,5,0,0,0,0.0
coco:167067:62:4308,coco,167067,62,chair,a chair in the scene,True,26,0,0,0,0.0
coco:167128:48:4315,coco,167128,48,fork,a close-up of a fork,True,66,0,0,0,0.0
coco:167128:64:4314,coco,167128,64,potted plant,a close-up of a potted plant,True,2,0,0,0,0.0
coco:167159:59:4318,coco,167159,59,pizza,a pizza in the scene,True,24,0,0,0,0.0
coco:167159:84:4316,coco,167159,84,book,a visible book in the scene,False,2,0,0,0,0.0
coco:167353:57:4323,coco,167353,57,carrot,a small carrot near the center,True,156,0,0,0,0.0
coco:167353:85:4322,coco,167353,85,clock,a visible clock in the scene,False,7,0,0,0,0.0
coco:167486:53:4326,coco,167486,53,apple,a apple in the scene,True,145,0,0,0,0.0
coco:167540:20:4329,coco,167540,20,sheep,a photo containing a sheep,True,10,0,0,0,0.0
coco:167540:36:4330,coco,167540,36,snowboard,a snowboard in the scene,True,31,0,0,0,0.0
coco:167572:55:4331,coco,167572,55,orange,a visible orange in the scene,False,5,0,0,0,0.0
coco:167572:7:4332,coco,167572,7,train,a photo containing a train,True,5,0,0,0,0.0
coco:167572:80:4333,coco,167572,80,toaster,a small toaster near the center,True,20,0,0,0,0.0
coco:1675:49:56,coco,1675,49,knife,a photo containing a knife,True,17,0,0,0,0.0
coco:1675:76:54,coco,1675,76,keyboard,a visible keyboard in the scene,False,6,0,0,0,0.0
coco:1675:7:55,coco,1675,7,train,a close-up of a train,True,3,0,0,0,0.0
coco:167898:65:4335,coco,167898,65,bed,a bed in the scene,True,32,0,0,0,0.0
coco:167898:81:4334,coco,167898,81,sink,the sink in this image,False,10,0,0,0,0.0
coco:167902:16:4337,coco,167902,16,bird,a bird object,False,3,0,0,0,0.0
coco:167902:82:4339,coco,167902,82,refrigerator,a photo containing a refrigerator,True,6,0,0,0,0.0
coco:168337:27:4343,coco,168337,27,backpack,a visible backpack in the scene,False,16,0,0,0,0.0
coco:168337:42:4344,coco,168337,42,surfboard,a surfboard in the scene,True,40,0,0,0,0.0
coco:168593:82:4349,coco,168593,82,refrigerator,the refrigerator in this image,False,8,0,0,0,0.0
coco:168619:15:4352,coco,168619,15,bench,the bench in this image,False,3,0,0,0,0.0
coco:168619:64:4353,coco,168619,64,potted plant,a small potted plant near the center,True,62,0,0,0,0.0
coco:168883:31:4355,coco,168883,31,handbag,a photo of a handbag,False,24,0,0,0,0.0
coco:168883:51:4357,coco,168883,51,bowl,a small bowl near the center,True,58,0,0,0,0.0
coco:168974:34:4359,coco,168974,34,frisbee,a small frisbee near the center,True,31,0,0,0,0.0
coco:168974:75:4358,coco,168974,75,remote,a visible remote in the scene,False,35,0,0,0,0.0
coco:169076:18:4361,coco,169076,18,dog,a dog object,False,29,0,0,0,0.0
coco:169076:35:4363,coco,169076,35,skis,a small skis near the center,True,51,0,0,0,0.0
coco:169076:80:4362,coco,169076,80,toaster,a small toaster near the center,True,25,0,0,0,0.0
coco:169169:3:4364,coco,169169,3,car,a car object,False,53,0,0,0,0.0
coco:169169:87:4365,coco,169169,87,scissors,a close-up of a scissors,True,69,0,0,0,0.0
coco:169356:41:4367,coco,169356,41,skateboard,a visible skateboard in the scene,False,2,0,0,0,0.0
coco:169356:52:4369,coco,169356,52,banana,a small banana near the center,True,172,0,0,0,0.0
coco:169356:57:4368,coco,169356,57,carrot,a carrot in the scene,True,99,0,0,0,0.0
coco:16958:74:497,coco,16958,74,mouse,a small mouse near the center,True,45,0,0,0,0.0
coco:169996:8:4370,coco,169996,8,truck,a visible truck in the scene,False,11,0,0,0,0.0
coco:170099:18:4374,coco,170099,18,dog,a close-up of a dog,True,4,0,0,0,0.0
coco:170099:32:4373,coco,170099,32,tie,a visible tie in the scene,False,4,0,0,0,0.0
coco:170191:65:4379,coco,170191,65,bed,the bed in this image,False,4,0,0,0,0.0
coco:170278:40:4383,coco,170278,40,baseball glove,a small baseball glove near the center,True,62,0,0,0,0.0
coco:170278:65:4382,coco,170278,65,bed,a visible bed in the scene,False,6,0,0,0,0.0
coco:17029:3:498,coco,17029,3,car,a photo of a car,False,11,0,0,0,0.0
coco:17029:40:499,coco,17029,40,baseball glove,a baseball glove in the scene,True,46,0,0,0,0.0
coco:17031:25:501,coco,17031,25,giraffe,a giraffe object,False,2,0,0,0,0.0
coco:17031:72:502,coco,17031,72,tv,a photo containing a tv,True,6,0,0,0,0.0
coco:170474:21:4386,coco,170474,21,cow,a cow in the scene,True,30,0,0,0,0.0
coco:170545:79:4390,coco,170545,79,oven,a photo containing a oven,True,16,0,0,0,0.0
coco:170595:16:4392,coco,170595,16,bird,a small bird near the center,True,49,0,0,0,0.0
coco:170595:54:4391,coco,170595,54,sandwich,a photo of a sandwich,False,11,0,0,0,0.0
coco:170613:33:4395,coco,170613,33,suitcase,a close-up of a suitcase,True,10,0,0,0,0.0
coco:170613:79:4396,coco,170613,79,oven,a small oven near the center,True,27,0,0,0,0.0
coco:170670:24:4399,coco,170670,24,zebra,a photo containing a zebra,True,8,0,0,0,0.0
coco:170670:74:4398,coco,170670,74,mouse,a photo containing a mouse,True,20,0,0,0,0.0
coco:170739:6:4401,coco,170739,6,bus,a close-up of a bus,True,6,0,0,0,0.0
coco:170955:23:4408,coco,170955,23,bear,a small bear near the center,True,69,0,0,0,0.0
coco:171050:21:4410,coco,171050,21,cow,a close-up of a cow,True,8,0,0,0,0.0
coco:17115:24:504,coco,17115,24,zebra,a photo of a zebra,False,11,0,0,0,0.0
coco:17115:36:505,coco,17115,36,snowboard,a close-up of a snowboard,True,6,0,0,0,0.0
coco:17115:78:506,coco,17115,78,microwave,a microwave in the scene,True,34,0,0,0,0.0
coco:171298:75:4416,coco,171298,75,remote,a remote in the scene,True,79,0,0,0,0.0
coco:171382:65:4420,coco,171382,65,bed,a close-up of a bed,True,18,0,0,0,0.0
coco:171740:63:4424,coco,171740,63,couch,a couch object,False,4,0,0,0,0.0
coco:171740:79:4425,coco,171740,79,oven,a small oven near the center,True,15,0,0,0,0.0
coco:171757:23:4429,coco,171757,23,bear,a close-up of a bear,True,9,0,0,0,0.0
coco:171788:4:4432,coco,171788,4,motorcycle,a small motorcycle near the center,True,20,0,0,0,0.0
coco:17178:25:509,coco,17178,25,giraffe,a giraffe in the scene,True,19,0,0,0,0.0
coco:17178:3:507,coco,17178,3,car,a photo of a car,False,13,0,0,0,0.0
coco:17182:32:512,coco,17182,32,tie,a tie in the scene,True,87,0,0,0,0.0
coco:17182:53:510,coco,17182,53,apple,a photo of a apple,False,16,0,0,0,0.0
coco:17207:1:513,coco,17207,1,person,a visible person in the scene,False,7,0,0,0,0.0
coco:172083:72:4435,coco,172083,72,tv,a close-up of a tv,True,12,0,0,0,0.0
coco:172083:81:4433,coco,172083,81,sink,a photo of a sink,False,24,0,0,0,0.0
coco:172396:16:4441,coco,172396,16,bird,a close-up of a bird,True,4,0,0,0,0.0
coco:172547:90:4444,coco,172547,90,toothbrush,a close-up of a toothbrush,True,5,0,0,0,0.0
coco:172571:49:4445,coco,172571,49,knife,a photo of a knife,False,42,0,0,0,0.0
coco:172571:67:4446,coco,172571,67,dining table,a photo containing a dining table,True,3,0,0,0,0.0
coco:172595:73:4448,coco,172595,73,laptop,a visible laptop in the scene,False,4,0,0,0,0.0
coco:172617:52:4453,coco,172617,52,banana,a photo containing a banana,True,10,0,0,0,0.0
coco:172648:9:4455,coco,172648,9,boat,a boat in the scene,True,11,0,0,0,0.0
coco:172649:37:4459,coco,172649,37,sports ball,a close-up of a sports ball,True,3,0,0,0,0.0
coco:172856:13:4460,coco,172856,13,stop sign,a stop sign object,False,7,0,0,0,0.0
coco:172856:22:4462,coco,172856,22,elephant,a photo containing a elephant,True,13,0,0,0,0.0
coco:172877:1:4463,coco,172877,1,person,a person object,False,4,0,0,0,0.0
coco:172935:81:4468,coco,172935,81,sink,a photo containing a sink,True,19,0,0,0,0.0
coco:172935:9:4466,coco,172935,9,boat,the boat in this image,False,20,0,0,0,0.0
coco:172946:75:4469,coco,172946,75,remote,a photo of a remote,False,47,0,0,0,0.0
coco:172977:9:4474,coco,172977,9,boat,a boat in the scene,True,63,0,0,0,0.0
coco:173004:17:4476,coco,173004,17,cat,a small cat near the center,True,31,0,0,0,0.0
coco:173004:62:4475,coco,173004,62,chair,a photo of a chair,False,19,0,0,0,0.0
coco:173033:19:4483,coco,173033,19,horse,a small horse near the center,True,7,0,0,0,0.0
coco:173033:23:4481,coco,173033,23,bear,the bear in this image,False,3,0,0,0,0.0
coco:173033:84:4482,coco,173033,84,book,a book in the scene,True,54,0,0,0,0.0
coco:173044:56:4485,coco,173044,56,broccoli,a photo containing a broccoli,True,10,0,0,0,0.0
coco:173057:44:4488,coco,173057,44,bottle,a small bottle near the center,True,46,0,0,0,0.0
coco:173091:67:4490,coco,173091,67,dining table,a visible dining table in the scene,False,9,0,0,0,0.0
coco:173091:75:4491,coco,173091,75,remote,a close-up of a remote,True,14,0,0,0,0.0
coco:173183:23:4494,coco,173183,23,bear,a small bear near the center,True,103,0,0,0,0.0
coco:173183:79:4493,coco,173183,79,oven,a oven in the scene,True,37,0,0,0,0.0
coco:173302:38:4496,coco,173302,38,kite,a small kite near the center,True,154,0,0,0,0.0
coco:173302:87:4497,coco,173302,87,scissors,a close-up of a scissors,True,53,0,0,0,0.0
coco:173371:18:4499,coco,173371,18,dog,a small dog near the center,True,26,0,0,0,0.0
coco:173799:16:4505,coco,173799,16,bird,a bird in the scene,True,80,0,0,0,0.0
coco:173799:22:4504,coco,173799,22,elephant,the elephant in this image,False,35,0,0,0,0.0
coco:173799:23:4506,coco,173799,23,bear,a photo containing a bear,True,24,0,0,0,0.0
coco:17379:67:518,coco,17379,67,dining table,a small dining table near the center,True,36,0,0,0,0.0
coco:17379:81:516,coco,17379,81,sink,a photo of a sink,False,16,0,0,0,0.0
coco:173830:35:4507,coco,173830,35,skis,a visible skis in the scene,False,18,0,0,0,0.0
coco:173830:39:4508,coco,173830,39,baseball bat,a baseball bat in the scene,True,24,0,0,0,0.0
coco:173830:78:4509,coco,173830,78,microwave,a microwave in the scene,True,31,0,0,0,0.0
coco:174004:8:4510,coco,174004,8,truck,a photo of a truck,False,7,0,0,0,0.0
coco:174123:43:4517,coco,174123,43,tennis racket,a photo containing a tennis racket,True,6,0,0,0,0.0
coco:174123:48:4516,coco,174123,48,fork,a fork object,False,4,0,0,0,0.0
coco:17436:15:519,coco,17436,15,bench,a visible bench in the scene,False,7,0,0,0,0.0
coco:17436:90:521,coco,17436,90,toothbrush,a photo containing a toothbrush,True,17,0,0,0,0.0
coco:174482:10:4525,coco,174482,10,traffic light,a traffic light object,False,27,0,0,0,0.0
coco:174482:19:4526,coco,174482,19,horse,a horse in the scene,True,6,0,0,0,0.0
coco:174482:74:4527,coco,174482,74,mouse,a mouse in the scene,True,55,0,0,0,0.0
coco:175251:22:4529,coco,175251,22,elephant,a elephant in the scene,True,29,0,0,0,0.0
coco:175251:90:4528,coco,175251,90,toothbrush,the toothbrush in this image,False,8,0,0,0,0.0
coco:175364:40:4533,coco,175364,40,baseball glove,a small baseball glove near the center,True,25,0,0,0,0.0
coco:175364:50:4531,coco,175364,50,spoon,the spoon in this image,False,56,0,0,0,0.0
coco:175364:78:4532,coco,175364,78,microwave,a close-up of a microwave,True,34,0,0,0,0.0
coco:175387:70:4534,coco,175387,70,toilet,a photo of a toilet,False,15,0,0,0,0.0
coco:175438:10:4537,coco,175438,10,traffic light,a photo of a traffic light,False,34,0,0,0,0.0
coco:175438:38:4538,coco,175438,38,kite,a kite in the scene,True,33,0,0,0,0.0
coco:175443:62:4542,coco,175443,62,chair,a close-up of a chair,True,23,0,0,0,0.0
coco:175443:63:4541,coco,175443,63,couch,a photo containing a couch,True,9,0,0,0,0.0
coco:176037:3:4546,coco,176037,3,car,the car in this image,False,18,0,0,0,0.0
coco:176037:47:4547,coco,176037,47,cup,a close-up of a cup,True,15,0,0,0,0.0
coco:1761:17:59,coco,1761,17,cat,a small cat near the center,True,13,0,0,0,0.0
coco:176232:39:4550,coco,176232,39,baseball bat,a photo containing a baseball bat,True,13,0,0,0,0.0
coco:176232:86:4549,coco,176232,86,vase,a photo of a vase,False,31,0,0,0,0.0
coco:17627:36:524,coco,17627,36,snowboard,a photo containing a snowboard,True,22,0,0,0,0.0
coco:17627:3:522,coco,17627,3,car,a visible car in the scene,False,21,0,0,0,0.0
coco:17627:88:523,coco,17627,88,teddy bear,a close-up of a teddy bear,True,8,0,0,0,0.0
coco:176446:25:4553,coco,176446,25,giraffe,a photo containing a giraffe,True,13,0,0,0,0.0
coco:176446:60:4554,coco,176446,60,donut,a photo containing a donut,True,14,0,0,0,0.0
coco:176446:84:4552,coco,176446,84,book,a book object,False,4,0,0,0,0.0
coco:176606:3:4555,coco,176606,3,car,the car in this image,False,11,0,0,0,0.0
coco:176634:17:4559,coco,176634,17,cat,a photo containing a cat,True,8,0,0,0,0.0
coco:176634:20:4560,coco,176634,20,sheep,a sheep in the scene,True,10,0,0,0,0.0
coco:176701:5:4561,coco,176701,5,airplane,a photo containing a airplane,True,13,0,0,0,0.0
coco:176701:84:4562,coco,176701,84,book,a book in the scene,True,38,0,0,0,0.0
coco:176778:4:4565,coco,176778,4,motorcycle,a photo containing a motorcycle,True,6,0,0,0,0.0
coco:176778:70:4563,coco,176778,70,toilet,the toilet in this image,False,4,0,0,0,0.0
coco:176857:61:4573,coco,176857,61,cake,a small cake near the center,True,9,0,0,0,0.0
coco:176901:35:4575,coco,176901,35,skis,a skis object,False,49,0,0,0,0.0
coco:176901:38:4577,coco,176901,38,kite,a close-up of a kite,True,8,0,0,0,0.0
coco:176901:47:4576,coco,176901,47,cup,a small cup near the center,True,64,0,0,0,0.0
coco:177015:82:4578,coco,177015,82,refrigerator,a photo of a refrigerator,False,25,0,0,0,0.0
coco:177065:37:4581,coco,177065,37,sports ball,a photo of a sports ball,False,15,0,0,0,0.0
coco:17714:70:526,coco,17714,70,toilet,a small toilet near the center,True,32,0,0,0,0.0
coco:177213:13:4585,coco,177213,13,stop sign,a stop sign in the scene,True,45,0,0,0,0.0
coco:177383:52:4591,coco,177383,52,banana,a banana in the scene,True,101,0,0,0,0.0
coco:177383:7:4590,coco,177383,7,train,a photo of a train,False,9,0,0,0,0.0
coco:177489:43:4595,coco,177489,43,tennis racket,a photo containing a tennis racket,True,25,0,0,0,0.0
coco:177489:44:4593,coco,177489,44,bottle,the bottle in this image,False,16,0,0,0,0.0
coco:177489:87:4594,coco,177489,87,scissors,a scissors in the scene,True,24,0,0,0,0.0
coco:177539:42:4596,coco,177539,42,surfboard,a surfboard object,False,14,0,0,0,0.0
coco:177539:49:4598,coco,177539,49,knife,a photo containing a knife,True,18,0,0,0,0.0
coco:177714:42:4601,coco,177714,42,surfboard,a small surfboard near the center,True,25,0,0,0,0.0
coco:177714:48:4599,coco,177714,48,fork,a fork object,False,11,0,0,0,0.0
coco:177893:31:4607,coco,177893,31,handbag,a photo containing a handbag,True,10,0,0,0,0.0
coco:177893:3:4605,coco,177893,3,car,a visible car in the scene,False,19,0,0,0,0.0
coco:177934:1:4608,coco,177934,1,person,a person object,False,32,0,0,0,0.0
coco:177934:47:4610,coco,177934,47,cup,a small cup near the center,True,23,0,0,0,0.0
coco:177935:2:4612,coco,177935,2,bicycle,a photo containing a bicycle,True,4,0,0,0,0.0
coco:177935:48:4613,coco,177935,48,fork,a fork in the scene,True,49,0,0,0,0.0
coco:178469:2:4618,coco,178469,2,bicycle,a photo containing a bicycle,True,11,0,0,0,0.0
coco:178618:22:4620,coco,178618,22,elephant,a photo of a elephant,False,20,0,0,0,0.0
coco:178618:90:4622,coco,178618,90,toothbrush,a close-up of a toothbrush,True,11,0,0,0,0.0
coco:178744:44:4625,coco,178744,44,bottle,a bottle in the scene,True,108,0,0,0,0.0
coco:17899:47:528,coco,17899,47,cup,a photo of a cup,False,82,0,0,0,0.0
coco:17905:11:531,coco,17905,11,fire hydrant,a fire hydrant object,False,13,0,0,0,0.0
coco:17905:72:532,coco,17905,72,tv,a small tv near the center,True,36,0,0,0,0.0
coco:179112:47:4631,coco,179112,47,cup,a small cup near the center,True,52,0,0,0,0.0
coco:179141:19:4633,coco,179141,19,horse,a close-up of a horse,True,10,0,0,0,0.0
coco:179141:59:4632,coco,179141,59,pizza,a photo of a pizza,False,33,0,0,0,0.0
coco:179174:25:4636,coco,179174,25,giraffe,a close-up of a giraffe,True,127,0,0,0,0.0
coco:179174:72:4637,coco,179174,72,tv,a tv in the scene,True,91,0,0,0,0.0
coco:179214:41:4639,coco,179214,41,skateboard,a close-up of a skateboard,True,6,0,0,0,0.0
coco:179214:49:4640,coco,179214,49,knife,a small knife near the center,True,7,0,0,0,0.0
coco:179265:50:4643,coco,179265,50,spoon,a small spoon near the center,True,108,0,0,0,0.0
coco:179265:90:4642,coco,179265,90,toothbrush,a close-up of a toothbrush,True,19,0,0,0,0.0
coco:179392:52:4648,coco,179392,52,banana,a photo containing a banana,True,33,0,0,0,0.0
coco:179487:78:4652,coco,179487,78,microwave,a close-up of a microwave,True,14,0,0,0,0.0
coco:179487:7:4651,coco,179487,7,train,a close-up of a train,True,7,0,0,0,0.0
coco:179642:1:4653,coco,179642,1,person,a person object,False,27,0,0,0,0.0
coco:179642:86:4655,coco,179642,86,vase,a vase in the scene,True,70,0,0,0,0.0
coco:179642:88:4654,coco,179642,88,teddy bear,a small teddy bear near the center,True,120,0,0,0,0.0
coco:179765:1:4661,coco,179765,1,person,a photo containing a person,True,5,0,0,0,0.0
coco:179765:24:4660,coco,179765,24,zebra,a small zebra near the center,True,35,0,0,0,0.0
coco:179765:4:4659,coco,179765,4,motorcycle,the motorcycle in this image,False,3,0,0,0,0.0
coco:180011:35:4667,coco,180011,35,skis,a small skis near the center,True,49,0,0,0,0.0
coco:180101:44:4670,coco,180101,44,bottle,a photo containing a bottle,True,25,0,0,0,0.0
coco:180101:62:4668,coco,180101,62,chair,the chair in this image,False,14,0,0,0,0.0
coco:180101:76:4669,coco,180101,76,keyboard,a small keyboard near the center,True,54,0,0,0,0.0
coco:180135:1:4671,coco,180135,1,person,a visible person in the scene,False,7,0,0,0,0.0
coco:180188:74:4676,coco,180188,74,mouse,a small mouse near the center,True,76,0,0,0,0.0
coco:180188:7:4674,coco,180188,7,train,a photo of a train,False,10,0,0,0,0.0
coco:180296:55:4679,coco,180296,55,orange,a photo containing a orange,True,12,0,0,0,0.0
coco:180296:84:4678,coco,180296,84,book,a small book near the center,True,50,0,0,0,0.0
coco:180383:72:4680,coco,180383,72,tv,the tv in this image,False,3,0,0,0,0.0
coco:180487:31:4685,coco,180487,31,handbag,a photo containing a handbag,True,32,0,0,0,0.0
coco:180487:8:4684,coco,180487,8,truck,a small truck near the center,True,32,0,0,0,0.0
coco:180560:3:4687,coco,180560,3,car,a car in the scene,True,51,0,0,0,0.0
coco:180560:58:4688,coco,180560,58,hot dog,a small hot dog near the center,True,61,0,0,0,0.0
coco:180751:13:4691,coco,180751,13,stop sign,a stop sign in the scene,True,90,0,0,0,0.0
coco:180792:70:4692,coco,180792,70,toilet,a toilet object,False,30,0,0,0,0.0
coco:180798:22:4696,coco,180798,22,elephant,a close-up of a elephant,True,4,0,0,0,0.0
coco:180798:77:4695,coco,180798,77,cell phone,the cell phone in this image,False,3,0,0,0,0.0
coco:180878:21:4700,coco,180878,21,cow,a cow in the scene,True,3,0,0,0,0.0
coco:180878:37:4699,coco,180878,37,sports ball,a photo containing a sports ball,True,9,0,0,0,0.0
coco:180878:61:4698,coco,180878,61,cake,a cake object,False,22,0,0,0,0.0
coco:181303:24:4702,coco,181303,24,zebra,a photo containing a zebra,True,11,0,0,0,0.0
coco:181303:38:4701,coco,181303,38,kite,a photo of a kite,False,20,0,0,0,0.0
coco:181421:13:4706,coco,181421,13,stop sign,a stop sign in the scene,True,17,0,0,0,0.0
coco:181421:27:4705,coco,181421,27,backpack,a small backpack near the center,True,41,0,0,0,0.0
coco:181421:28:4704,coco,181421,28,umbrella,a photo of a umbrella,False,22,0,0,0,0.0
coco:181499:62:4709,coco,181499,62,chair,a small chair near the center,True,32,0,0,0,0.0
coco:18150:70:538,coco,18150,70,toilet,a photo containing a toilet,True,14,0,0,0,0.0
coco:181666:1:4713,coco,181666,1,person,a person object,False,23,0,0,0,0.0
coco:181796:58:4721,coco,181796,58,hot dog,a photo containing a hot dog,True,11,0,0,0,0.0
coco:181796:78:4720,coco,181796,78,microwave,a photo containing a microwave,True,8,0,0,0,0.0
coco:181816:3:4722,coco,181816,3,car,the car in this image,False,3,0,0,0,0.0
coco:181816:40:4724,coco,181816,40,baseball glove,a small baseball glove near the center,True,95,0,0,0,0.0
coco:181859:4:4726,coco,181859,4,motorcycle,a photo containing a motorcycle,True,5,0,0,0,0.0
coco:181859:81:4725,coco,181859,81,sink,a sink object,False,10,0,0,0,0.0
coco:1818:20:62,coco,1818,20,sheep,a close-up of a sheep,True,4,0,0,0,0.0
coco:18193:1:540,coco,18193,1,person,a person object,False,9,0,0,0,0.0
coco:18193:84:542,coco,18193,84,book,a photo containing a book,True,10,0,0,0,0.0
coco:181969:18:4728,coco,181969,18,dog,the dog in this image,False,5,0,0,0,0.0
coco:181969:39:4729,coco,181969,39,baseball bat,a small baseball bat near the center,True,29,0,0,0,0.0
coco:182021:39:4731,coco,182021,39,baseball bat,a visible baseball bat in the scene,False,21,0,0,0,0.0
coco:182021:60:4733,coco,182021,60,donut,a photo containing a donut,True,14,0,0,0,0.0
coco:182155:6:4736,coco,182155,6,bus,a close-up of a bus,True,1,0,0,0,0.0
coco:182162:75:4737,coco,182162,75,remote,the remote in this image,False,24,0,0,0,0.0
coco:182202:61:4742,coco,182202,61,cake,a close-up of a cake,True,9,0,0,0,0.0
coco:182202:87:4741,coco,182202,87,scissors,a close-up of a scissors,True,16,0,0,0,0.0
coco:182417:49:4745,coco,182417,49,knife,a close-up of a knife,True,37,0,0,0,0.0
coco:182417:86:4744,coco,182417,86,vase,a small vase near the center,True,18,0,0,0,0.0
coco:182441:52:4748,coco,182441,52,banana,a close-up of a banana,True,38,0,0,0,0.0
coco:182611:21:4751,coco,182611,21,cow,a photo containing a cow,True,38,0,0,0,0.0
coco:182805:1:4752,coco,182805,1,person,a photo of a person,False,8,0,0,0,0.0
coco:182923:10:4757,coco,182923,10,traffic light,a photo containing a traffic light,True,6,0,0,0,0.0
coco:182923:44:4756,coco,182923,44,bottle,a photo containing a bottle,True,45,0,0,0,0.0
coco:183104:25:4761,coco,183104,25,giraffe,a giraffe object,False,6,0,0,0,0.0
coco:183104:32:4763,coco,183104,32,tie,a photo containing a tie,True,23,0,0,0,0.0
coco:183104:41:4762,coco,183104,41,skateboard,a skateboard in the scene,True,7,0,0,0,0.0
coco:183246:64:4768,coco,183246,64,potted plant,a close-up of a potted plant,True,6,0,0,0,0.0
coco:183391:62:4770,coco,183391,62,chair,a chair object,False,107,0,0,0,0.0
coco:183391:72:4772,coco,183391,72,tv,a small tv near the center,True,29,0,0,0,0.0
coco:183437:75:4774,coco,183437,75,remote,a remote in the scene,True,44,0,0,0,0.0
coco:183500:80:4778,coco,183500,80,toaster,a toaster in the scene,True,41,0,0,0,0.0
coco:183648:22:4779,coco,183648,22,elephant,a visible elephant in the scene,False,4,0,0,0,0.0
coco:183648:28:4781,coco,183648,28,umbrella,a small umbrella near the center,True,62,0,0,0,0.0
coco:183675:19:4782,coco,183675,19,horse,a photo of a horse,False,10,0,0,0,0.0
coco:183675:20:4784,coco,183675,20,sheep,a close-up of a sheep,True,3,0,0,0,0.0
coco:183675:70:4783,coco,183675,70,toilet,a photo containing a toilet,True,10,0,0,0,0.0
coco:183709:1:4785,coco,183709,1,person,a visible person in the scene,False,21,0,0,0,0.0
coco:183709:51:4787,coco,183709,51,bowl,a close-up of a bowl,True,23,0,0,0,0.0
coco:183716:16:4790,coco,183716,16,bird,a bird in the scene,True,44,0,0,0,0.0
coco:183716:62:4788,coco,183716,62,chair,the chair in this image,False,33,0,0,0,0.0
coco:183716:8:4789,coco,183716,8,truck,a small truck near the center,True,21,0,0,0,0.0
coco:18380:27:545,coco,18380,27,backpack,a small backpack near the center,True,101,0,0,0,0.0
coco:18380:40:544,coco,18380,40,baseball glove,a close-up of a baseball glove,True,50,0,0,0,0.0
coco:184321:43:4795,coco,184321,43,tennis racket,a photo containing a tennis racket,True,12,0,0,0,0.0
coco:184324:3:4797,coco,184324,3,car,the car in this image,False,15,0,0,0,0.0
coco:184338:8:4800,coco,184338,8,truck,a photo of a truck,False,23,0,0,0,0.0
coco:184384:60:4805,coco,184384,60,donut,a small donut near the center,True,19,0,0,0,0.0
coco:184384:61:4803,coco,184384,61,cake,a cake object,False,21,0,0,0,0.0
coco:184384:84:4804,coco,184384,84,book,a book in the scene,True,23,0,0,0,0.0
coco:184611:3:4809,coco,184611,3,car,the car in this image,False,15,0,0,0,0.0
coco:184762:64:4814,coco,184762,64,potted plant,a small potted plant near the center,True,48,0,0,0,0.0
coco:184762:85:4812,coco,184762,85,clock,a clock object,False,5,0,0,0,0.0
coco:184791:58:4817,coco,184791,58,hot dog,a small hot dog near the center,True,44,0,0,0,0.0
coco:184791:5:4816,coco,184791,5,airplane,a airplane in the scene,True,25,0,0,0,0.0
coco:18491:1:546,coco,18491,1,person,the person in this image,False,31,0,0,0,0.0
coco:184978:36:4818,coco,184978,36,snowboard,the snowboard in this image,False,11,0,0,0,0.0
coco:185157:46:4823,coco,185157,46,wine glass,a photo containing a wine glass,True,14,0,0,0,0.0
coco:18519:46:551,coco,18519,46,wine glass,a photo containing a wine glass,True,10,0,0,0,0.0
coco:185292:46:4828,coco,185292,46,wine glass,a wine glass in the scene,True,35,0,0,0,0.0
coco:185292:57:4829,coco,185292,57,carrot,a small carrot near the center,True,84,0,0,0,0.0
coco:185409:20:4831,coco,185409,20,sheep,a small sheep near the center,True,18,0,0,0,0.0
coco:185409:35:4832,coco,185409,35,skis,a photo containing a skis,True,3,0,0,0,0.0
coco:185472:79:4834,coco,185472,79,oven,a photo containing a oven,True,17,0,0,0,0.0
coco:185472:7:4833,coco,185472,7,train,a train object,False,10,0,0,0,0.0
coco:185473:8:4838,coco,185473,8,truck,a small truck near the center,True,57,0,0,0,0.0
coco:185599:40:4841,coco,185599,40,baseball glove,a photo containing a baseball glove,True,9,0,0,0,0.0
coco:185599:56:4840,coco,185599,56,broccoli,a small broccoli near the center,True,39,0,0,0,0.0
coco:18575:67:552,coco,18575,67,dining table,a photo of a dining table,False,1,0,0,0,0.0
coco:18575:72:554,coco,18575,72,tv,a tv in the scene,True,41,0,0,0,0.0
coco:185802:61:4844,coco,185802,61,cake,a cake in the scene,True,30,0,0,0,0.0
coco:185890:46:4845,coco,185890,46,wine glass,a photo of a wine glass,False,26,0,0,0,0.0
coco:185950:3:4849,coco,185950,3,car,a car in the scene,True,40,0,0,0,0.0
coco:185950:5:4850,coco,185950,5,airplane,a close-up of a airplane,True,5,0,0,0,0.0
coco:186042:15:4852,coco,186042,15,bench,a bench in the scene,True,13,0,0,0,0.0
coco:186042:35:4851,coco,186042,35,skis,a visible skis in the scene,False,19,0,0,0,0.0
coco:186296:49:4858,coco,186296,49,knife,a close-up of a knife,True,28,0,0,0,0.0
coco:186345:15:4861,coco,186345,15,bench,a close-up of a bench,True,10,0,0,0,0.0
coco:186422:1:4865,coco,186422,1,person,a small person near the center,True,18,0,0,0,0.0
coco:186422:25:4864,coco,186422,25,giraffe,a close-up of a giraffe,True,7,0,0,0,0.0
coco:186449:1:4866,coco,186449,1,person,a photo of a person,False,18,0,0,0,0.0
coco:186449:43:4868,coco,186449,43,tennis racket,a photo containing a tennis racket,True,8,0,0,0,0.0
coco:186624:34:4871,coco,186624,34,frisbee,a small frisbee near the center,True,125,0,0,0,0.0
coco:186632:86:4872,coco,186632,86,vase,a vase object,False,22,0,0,0,0.0
coco:186637:25:4875,coco,186637,25,giraffe,a giraffe object,False,1,0,0,0,0.0
coco:186637:4:4877,coco,186637,4,motorcycle,a motorcycle in the scene,True,27,0,0,0,0.0
coco:186637:59:4876,coco,186637,59,pizza,a photo containing a pizza,True,11,0,0,0,0.0
coco:186873:38:4880,coco,186873,38,kite,a photo containing a kite,True,12,0,0,0,0.0
coco:186873:64:4879,coco,186873,64,potted plant,a close-up of a potted plant,True,4,0,0,0,0.0
coco:186929:23:4882,coco,186929,23,bear,a close-up of a bear,True,7,0,0,0,0.0
coco:186929:55:4881,coco,186929,55,orange,a photo of a orange,False,18,0,0,0,0.0
coco:186938:16:4884,coco,186938,16,bird,the bird in this image,False,2,0,0,0,0.0
coco:186938:63:4885,coco,186938,63,couch,a small couch near the center,True,22,0,0,0,0.0
coco:186980:43:4888,coco,186980,43,tennis racket,a tennis racket in the scene,True,62,0,0,0,0.0
coco:186980:59:4889,coco,186980,59,pizza,a small pizza near the center,True,170,0,0,0,0.0
coco:186980:81:4887,coco,186980,81,sink,a sink object,False,88,0,0,0,0.0
coco:187055:1:4890,coco,187055,1,person,a person object,False,18,0,0,0,0.0
coco:187055:32:4892,coco,187055,32,tie,a photo containing a tie,True,25,0,0,0,0.0
coco:187144:15:4894,coco,187144,15,bench,a photo containing a bench,True,32,0,0,0,0.0
coco:187144:27:4893,coco,187144,27,backpack,a backpack object,False,33,0,0,0,0.0
coco:187144:75:4895,coco,187144,75,remote,a photo containing a remote,True,19,0,0,0,0.0
coco:187236:62:4896,coco,187236,62,chair,the chair in this image,False,17,0,0,0,0.0
coco:187243:54:4901,coco,187243,54,sandwich,a small sandwich near the center,True,29,0,0,0,0.0
coco:187243:81:4899,coco,187243,81,sink,a sink object,False,52,0,0,0,0.0
coco:187243:85:4900,coco,187243,85,clock,a close-up of a clock,True,11,0,0,0,0.0
coco:187249:21:4903,coco,187249,21,cow,a close-up of a cow,True,9,0,0,0,0.0
coco:187249:72:4902,coco,187249,72,tv,a visible tv in the scene,False,3,0,0,0,0.0
coco:187249:85:4904,coco,187249,85,clock,a small clock near the center,True,34,0,0,0,0.0
coco:187271:67:4907,coco,187271,67,dining table,a close-up of a dining table,True,4,0,0,0,0.0
coco:187362:24:4909,coco,187362,24,zebra,a photo containing a zebra,True,7,0,0,0,0.0
coco:187362:42:4908,coco,187362,42,surfboard,a visible surfboard in the scene,False,4,0,0,0,0.0
coco:187362:73:4910,coco,187362,73,laptop,a close-up of a laptop,True,9,0,0,0,0.0
coco:18737:39:557,coco,18737,39,baseball bat,a close-up of a baseball bat,True,4,0,0,0,0.0
coco:18737:5:556,coco,18737,5,airplane,a close-up of a airplane,True,4,0,0,0,0.0
coco:187513:36:4913,coco,187513,36,snowboard,a photo containing a snowboard,True,7,0,0,0,0.0
coco:187513:57:4912,coco,187513,57,carrot,a small carrot near the center,True,153,0,0,0,0.0
coco:187513:70:4911,coco,187513,70,toilet,a toilet object,False,4,0,0,0,0.0
coco:187585:41:4914,coco,187585,41,skateboard,a photo of a skateboard,False,25,0,0,0,0.0
coco:18770:25:560,coco,18770,25,giraffe,a small giraffe near the center,True,111,0,0,0,0.0
coco:187734:4:4919,coco,187734,4,motorcycle,a motorcycle in the scene,True,61,0,0,0,0.0
coco:187734:62:4917,coco,187734,62,chair,a visible chair in the scene,False,10,0,0,0,0.0
coco:187745:67:4922,coco,187745,67,dining table,a close-up of a dining table,True,4,0,0,0,0.0
coco:187990:1:4923,coco,187990,1,person,the person in this image,False,2,0,0,0,0.0
coco:187990:75:4925,coco,187990,75,remote,a small remote near the center,True,96,0,0,0,0.0
coco:188296:72:4928,coco,188296,72,tv,a close-up of a tv,True,10,0,0,0,0.0
coco:18833:17:561,coco,18833,17,cat,a cat object,False,7,0,0,0,0.0
coco:18833:27:562,coco,18833,27,backpack,a backpack in the scene,True,12,0,0,0,0.0
coco:18837:61:565,coco,18837,61,cake,a small cake near the center,True,69,0,0,0,0.0
coco:18837:70:566,coco,18837,70,toilet,a photo containing a toilet,True,14,0,0,0,0.0
coco:18837:8:564,coco,18837,8,truck,a visible truck in the scene,False,4,0,0,0,0.0
coco:188439:1:4929,coco,188439,1,person,a photo of a person,False,23,0,0,0,0.0
coco:188439:80:4931,coco,188439,80,toaster,a toaster in the scene,True,49,0,0,0,0.0
coco:188465:39:4932,coco,188465,39,baseball bat,a baseball bat object,False,9,0,0,0,0.0
coco:188592:53:4935,coco,188592,53,apple,a photo of a apple,False,26,0,0,0,0.0
coco:188592:55:4937,coco,188592,55,orange,a small orange near the center,True,50,0,0,0,0.0
coco:188592:89:4936,coco,188592,89,hair drier,a small hair drier near the center,True,30,0,0,0,0.0
coco:188689:21:4940,coco,188689,21,cow,a close-up of a cow,True,14,0,0,0,0.0
coco:188689:22:4939,coco,188689,22,elephant,a small elephant near the center,True,76,0,0,0,0.0
coco:188906:24:4942,coco,188906,24,zebra,a small zebra near the center,True,20,0,0,0,0.0
coco:188906:49:4943,coco,188906,49,knife,a photo containing a knife,True,19,0,0,0,0.0
coco:188906:52:4941,coco,188906,52,banana,a photo of a banana,False,33,0,0,0,0.0
coco:189078:52:4944,coco,189078,52,banana,a visible banana in the scene,False,18,0,0,0,0.0
coco:189078:86:4946,coco,189078,86,vase,a small vase near the center,True,38,0,0,0,0.0
coco:189213:32:4949,coco,189213,32,tie,a tie in the scene,True,97,0,0,0,0.0
coco:189436:60:4958,coco,189436,60,donut,a photo containing a donut,True,9,0,0,0,0.0
coco:189436:72:4956,coco,189436,72,tv,a tv object,False,44,0,0,0,0.0
coco:189451:15:4960,coco,189451,15,bench,a close-up of a bench,True,6,0,0,0,0.0
coco:189451:31:4961,coco,189451,31,handbag,a small handbag near the center,True,16,0,0,0,0.0
coco:189475:44:4962,coco,189475,44,bottle,a bottle object,False,34,0,0,0,0.0
coco:189752:59:4968,coco,189752,59,pizza,a pizza object,False,23,0,0,0,0.0
coco:189752:77:4970,coco,189752,77,cell phone,a photo containing a cell phone,True,16,0,0,0,0.0
coco:189775:18:4972,coco,189775,18,dog,a photo containing a dog,True,9,0,0,0,0.0
coco:189775:1:4971,coco,189775,1,person,a photo of a person,False,22,0,0,0,0.0
coco:189806:5:4975,coco,189806,5,airplane,a photo containing a airplane,True,8,0,0,0,0.0
coco:189820:57:4979,coco,189820,57,carrot,a carrot in the scene,True,128,0,0,0,0.0
coco:189820:86:4978,coco,189820,86,vase,a close-up of a vase,True,34,0,0,0,0.0
coco:189828:16:4982,coco,189828,16,bird,a bird in the scene,True,2,0,0,0,0.0
coco:190007:18:4984,coco,190007,18,dog,a photo containing a dog,True,10,0,0,0,0.0
coco:190007:25:4985,coco,190007,25,giraffe,a photo containing a giraffe,True,11,0,0,0,0.0
coco:190007:42:4983,coco,190007,42,surfboard,a surfboard object,False,5,0,0,0,0.0
coco:190140:18:4986,coco,190140,18,dog,a visible dog in the scene,False,2,0,0,0,0.0
coco:190140:21:4987,coco,190140,21,cow,a photo containing a cow,True,12,0,0,0,0.0
coco:190140:70:4988,coco,190140,70,toilet,a photo containing a toilet,True,15,0,0,0,0.0
coco:190236:52:4990,coco,190236,52,banana,a close-up of a banana,True,9,0,0,0,0.0
coco:190307:2:4994,coco,190307,2,bicycle,a bicycle in the scene,True,29,0,0,0,0.0
coco:190307:42:4992,coco,190307,42,surfboard,the surfboard in this image,False,8,0,0,0,0.0
coco:190307:61:4993,coco,190307,61,cake,a photo containing a cake,True,20,0,0,0,0.0
coco:19042:49:569,coco,19042,49,knife,a close-up of a knife,True,59,0,0,0,0.0
coco:19042:90:568,coco,19042,90,toothbrush,a close-up of a toothbrush,True,10,0,0,0,0.0
coco:190637:23:4997,coco,190637,23,bear,a bear in the scene,True,38,0,0,0,0.0
coco:190637:65:4995,coco,190637,65,bed,a photo of a bed,False,9,0,0,0,0.0
coco:190648:19:5000,coco,190648,19,horse,a small horse near the center,True,20,0,0,0,0.0
coco:190648:52:4999,coco,190648,52,banana,a photo containing a banana,True,29,0,0,0,0.0
coco:190676:10:5002,coco,190676,10,traffic light,a traffic light in the scene,True,98,0,0,0,0.0
coco:190676:1:5001,coco,190676,1,person,the person in this image,False,50,0,0,0,0.0
coco:190676:72:5003,coco,190676,72,tv,a photo containing a tv,True,9,0,0,0,0.0
coco:190753:65:5005,coco,190753,65,bed,a photo containing a bed,True,19,0,0,0,0.0
coco:190756:10:5009,coco,190756,10,traffic light,a traffic light in the scene,True,23,0,0,0,0.0
coco:190841:41:5010,coco,190841,41,skateboard,a visible skateboard in the scene,False,7,0,0,0,0.0
coco:190853:43:5014,coco,190853,43,tennis racket,a close-up of a tennis racket,True,7,0,0,0,0.0
coco:190923:1:5016,coco,190923,1,person,the person in this image,False,23,0,0,0,0.0
coco:190923:59:5017,coco,190923,59,pizza,a photo containing a pizza,True,17,0,0,0,0.0
coco:191013:16:5020,coco,191013,16,bird,a photo containing a bird,True,39,0,0,0,0.0
coco:191013:8:5019,coco,191013,8,truck,a visible truck in the scene,False,12,0,0,0,0.0
coco:19109:89:572,coco,19109,89,hair drier,a photo containing a hair drier,True,32,0,0,0,0.0
coco:191288:19:5022,coco,191288,19,horse,a photo of a horse,False,6,0,0,0,0.0
coco:191471:13:5025,coco,191471,13,stop sign,a stop sign object,False,4,0,0,0,0.0
coco:191580:32:5029,coco,191580,32,tie,a tie in the scene,True,79,0,0,0,0.0
coco:191580:49:5028,coco,191580,49,knife,a photo of a knife,False,36,0,0,0,0.0
coco:191672:1:5034,coco,191672,1,person,the person in this image,False,3,0,0,0,0.0
coco:191672:46:5035,coco,191672,46,wine glass,a wine glass in the scene,True,48,0,0,0,0.0
coco:191672:6:5036,coco,191672,6,bus,a small bus near the center,True,32,0,0,0,0.0
coco:191761:10:5039,coco,191761,10,traffic light,a photo containing a traffic light,True,8,0,0,0,0.0
coco:191761:48:5038,coco,191761,48,fork,a close-up of a fork,True,21,0,0,0,0.0
coco:191845:27:5042,coco,191845,27,backpack,a backpack in the scene,True,69,0,0,0,0.0
coco:191845:33:5040,coco,191845,33,suitcase,a visible suitcase in the scene,False,33,0,0,0,0.0
coco:192047:19:5045,coco,192047,19,horse,a horse in the scene,True,46,0,0,0,0.0
coco:192047:81:5043,coco,192047,81,sink,a visible sink in the scene,False,4,0,0,0,0.0
coco:192191:79:5046,coco,192191,79,oven,the oven in this image,False,7,0,0,0,0.0
coco:19221:1:573,coco,19221,1,person,the person in this image,False,9,0,0,0,0.0
coco:19221:49:574,coco,19221,49,knife,a knife in the scene,True,79,0,0,0,0.0
coco:19221:57:575,coco,19221,57,carrot,a photo containing a carrot,True,15,0,0,0,0.0
coco:192607:8:5049,coco,192607,8,truck,a truck object,False,2,0,0,0,0.0
coco:192607:9:5051,coco,192607,9,boat,a close-up of a boat,True,8,0,0,0,0.0
coco:192670:32:5054,coco,192670,32,tie,a close-up of a tie,True,26,0,0,0,0.0
coco:192670:48:5053,coco,192670,48,fork,a fork in the scene,True,29,0,0,0,0.0
coco:192699:35:5056,coco,192699,35,skis,a small skis near the center,True,47,0,0,0,0.0
coco:192716:15:5060,coco,192716,15,bench,a small bench near the center,True,76,0,0,0,0.0
coco:192716:1:5058,coco,192716,1,person,a person object,False,26,0,0,0,0.0
coco:192871:76:5062,coco,192871,76,keyboard,a keyboard in the scene,True,61,0,0,0,0.0
coco:192871:85:5063,coco,192871,85,clock,a clock in the scene,True,22,0,0,0,0.0
coco:192904:38:5066,coco,192904,38,kite,a small kite near the center,True,41,0,0,0,0.0
coco:192904:60:5064,coco,192904,60,donut,a visible donut in the scene,False,2,0,0,0,0.0
coco:192904:9:5065,coco,192904,9,boat,a close-up of a boat,True,5,0,0,0,0.0
coco:192964:41:5067,coco,192964,41,skateboard,a skateboard object,False,5,0,0,0,0.0
coco:192964:61:5069,coco,192964,61,cake,a cake in the scene,True,42,0,0,0,0.0
coco:193162:22:5072,coco,193162,22,elephant,a small elephant near the center,True,12,0,0,0,0.0
coco:193162:55:5071,coco,193162,55,orange,a photo containing a orange,True,8,0,0,0,0.0
coco:193181:41:5075,coco,193181,41,skateboard,a close-up of a skateboard,True,11,0,0,0,0.0
coco:193245:38:5076,coco,193245,38,kite,a kite object,False,57,0,0,0,0.0
coco:193245:6:5078,coco,193245,6,bus,a photo containing a bus,True,11,0,0,0,0.0
coco:193245:82:5077,coco,193245,82,refrigerator,a photo containing a refrigerator,True,13,0,0,0,0.0
coco:193348:19:5080,coco,193348,19,horse,a small horse near the center,True,6,0,0,0,0.0
coco:193348:1:5079,coco,193348,1,person,a person object,False,4,0,0,0,0.0
coco:193348:59:5081,coco,193348,59,pizza,a pizza in the scene,True,30,0,0,0,0.0
coco:193429:82:5083,coco,193429,82,refrigerator,a small refrigerator near the center,True,21,0,0,0,0.0
coco:193494:64:5086,coco,193494,64,potted plant,a photo containing a potted plant,True,11,0,0,0,0.0
coco:193494:65:5085,coco,193494,65,bed,a bed object,False,10,0,0,0,0.0
coco:193674:28:5089,coco,193674,28,umbrella,a photo containing a umbrella,True,14,0,0,0,0.0
coco:193717:1:5091,coco,193717,1,person,a visible person in the scene,False,4,0,0,0,0.0
coco:193717:4:5093,coco,193717,4,motorcycle,a small motorcycle near the center,True,13,0,0,0,0.0
coco:193743:57:5095,coco,193743,57,carrot,a photo containing a carrot,True,24,0,0,0,0.0
coco:193884:13:5097,coco,193884,13,stop sign,a photo of a stop sign,False,18,0,0,0,0.0
coco:193884:2:5098,coco,193884,2,bicycle,a close-up of a bicycle,True,16,0,0,0,0.0
coco:193884:55:5099,coco,193884,55,orange,a close-up of a orange,True,16,0,0,0,0.0
coco:193926:2:5100,coco,193926,2,bicycle,a visible bicycle in the scene,False,8,0,0,0,0.0
coco:19402:59:576,coco,19402,59,pizza,the pizza in this image,False,34,0,0,0,0.0
coco:19402:8:577,coco,19402,8,truck,a truck in the scene,True,64,0,0,0,0.0
coco:194216:23:5103,coco,194216,23,bear,the bear in this image,False,10,0,0,0,0.0
coco:19432:49:580,coco,19432,49,knife,a photo containing a knife,True,20,0,0,0,0.0
coco:19432:82:581,coco,19432,82,refrigerator,a close-up of a refrigerator,True,7,0,0,0,0.0
coco:194471:1:5106,coco,194471,1,person,a photo of a person,False,9,0,0,0,0.0
coco:194716:1:5112,coco,194716,1,person,a photo of a person,False,10,0,0,0,0.0
coco:194716:41:5114,coco,194716,41,skateboard,a photo containing a skateboard,True,9,0,0,0,0.0
coco:194724:44:5115,coco,194724,44,bottle,the bottle in this image,False,12,0,0,0,0.0
coco:194724:70:5116,coco,194724,70,toilet,a toilet in the scene,True,37,0,0,0,0.0
coco:194746:28:5119,coco,194746,28,umbrella,a photo containing a umbrella,True,12,0,0,0,0.0
coco:194832:16:5123,coco,194832,16,bird,a photo containing a bird,True,15,0,0,0,0.0
coco:194832:6:5121,coco,194832,6,bus,the bus in this image,False,15,0,0,0,0.0
coco:194832:80:5122,coco,194832,80,toaster,a close-up of a toaster,True,6,0,0,0,0.0
coco:194940:36:5128,coco,194940,36,snowboard,a photo containing a snowboard,True,8,0,0,0,0.0
coco:194940:57:5127,coco,194940,57,carrot,the carrot in this image,False,31,0,0,0,0.0
coco:195045:60:5132,coco,195045,60,donut,a photo containing a donut,True,28,0,0,0,0.0
coco:195165:51:5133,coco,195165,51,bowl,a photo of a bowl,False,35,0,0,0,0.0
coco:195754:63:5136,coco,195754,63,couch,a photo of a couch,False,17,0,0,0,0.0
coco:195842:46:5140,coco,195842,46,wine glass,a close-up of a wine glass,True,25,0,0,0,0.0
coco:195842:51:5139,coco,195842,51,bowl,a bowl object,False,8,0,0,0,0.0
coco:195842:61:5141,coco,195842,61,cake,a photo containing a cake,True,38,0,0,0,0.0
coco:195918:37:5144,coco,195918,37,sports ball,a close-up of a sports ball,True,10,0,0,0,0.0
coco:196141:44:5149,coco,196141,44,bottle,a photo containing a bottle,True,29,0,0,0,0.0
coco:196442:1:5154,coco,196442,1,person,a person object,False,30,0,0,0,0.0
coco:196442:90:5155,coco,196442,90,toothbrush,a close-up of a toothbrush,True,23,0,0,0,0.0
coco:196754:13:5157,coco,196754,13,stop sign,a visible stop sign in the scene,False,6,0,0,0,0.0
coco:196754:72:5158,coco,196754,72,tv,a photo containing a tv,True,22,0,0,0,0.0
coco:196759:36:5161,coco,196759,36,snowboard,a snowboard in the scene,True,43,0,0,0,0.0
coco:196843:6:5163,coco,196843,6,bus,the bus in this image,False,1,0,0,0,0.0
coco:197004:31:5167,coco,197004,31,handbag,a photo containing a handbag,True,4,0,0,0,0.0
coco:197004:54:5166,coco,197004,54,sandwich,a photo of a sandwich,False,6,0,0,0,0.0
coco:197022:33:5170,coco,197022,33,suitcase,a suitcase in the scene,True,9,0,0,0,0.0
coco:197022:51:5171,coco,197022,51,bowl,a photo containing a bowl,True,11,0,0,0,0.0
coco:197388:1:5172,coco,197388,1,person,the person in this image,False,20,0,0,0,0.0
coco:197388:84:5174,coco,197388,84,book,a photo containing a book,True,13,0,0,0,0.0
coco:19742:34:583,coco,19742,34,frisbee,a small frisbee near the center,True,33,0,0,0,0.0
coco:19742:86:582,coco,19742,86,vase,a visible vase in the scene,False,2,0,0,0,0.0
coco:197658:14:5180,coco,197658,14,parking meter,a small parking meter near the center,True,38,0,0,0,0.0
coco:197658:40:5178,coco,197658,40,baseball glove,a photo of a baseball glove,False,11,0,0,0,0.0
coco:197658:86:5179,coco,197658,86,vase,a close-up of a vase,True,5,0,0,0,0.0
coco:197796:82:5182,coco,197796,82,refrigerator,a photo containing a refrigerator,True,8,0,0,0,0.0
coco:19786:41:587,coco,19786,41,skateboard,a photo containing a skateboard,True,27,0,0,0,0.0
coco:19786:63:585,coco,19786,63,couch,a visible couch in the scene,False,21,0,0,0,0.0
coco:197870:15:5184,coco,197870,15,bench,a bench object,False,7,0,0,0,0.0
coco:198510:18:5191,coco,198510,18,dog,a close-up of a dog,True,7,0,0,0,0.0
coco:198510:7:5190,coco,198510,7,train,a visible train in the scene,False,5,0,0,0,0.0
coco:198805:3:5196,coco,198805,3,car,a visible car in the scene,False,19,0,0,0,0.0
coco:198805:4:5198,coco,198805,4,motorcycle,a motorcycle in the scene,True,31,0,0,0,0.0
coco:198928:15:5203,coco,198928,15,bench,a small bench near the center,True,70,0,0,0,0.0
coco:198928:19:5202,coco,198928,19,horse,a photo containing a horse,True,22,0,0,0,0.0
coco:198928:6:5201,coco,198928,6,bus,a visible bus in the scene,False,5,0,0,0,0.0
coco:198960:23:5206,coco,198960,23,bear,a close-up of a bear,True,8,0,0,0,0.0
coco:199055:41:5207,coco,199055,41,skateboard,a skateboard object,False,3,0,0,0,0.0
coco:199055:5:5208,coco,199055,5,airplane,a airplane in the scene,True,23,0,0,0,0.0
coco:199236:18:5212,coco,199236,18,dog,a small dog near the center,True,21,0,0,0,0.0
coco:19924:61:590,coco,19924,61,cake,a photo containing a cake,True,13,0,0,0,0.0
coco:19924:7:589,coco,19924,7,train,a small train near the center,True,36,0,0,0,0.0
coco:199395:90:5217,coco,199395,90,toothbrush,a small toothbrush near the center,True,67,0,0,0,0.0
coco:199395:9:5216,coco,199395,9,boat,a photo of a boat,False,22,0,0,0,0.0
coco:1993:67:63,coco,1993,67,dining table,the dining table in this image,False,15,0,0,0,0.0
coco:199442:42:5219,coco,199442,42,surfboard,a surfboard object,False,7,0,0,0,0.0
coco:199551:89:5224,coco,199551,89,hair drier,a close-up of a hair drier,True,18,0,0,0,0.0
coco:199681:87:5227,coco,199681,87,scissors,a scissors in the scene,True,37,0,0,0,0.0
coco:199771:51:5228,coco,199771,51,bowl,a bowl object,False,17,0,0,0,0.0
coco:199771:82:5229,coco,199771,82,refrigerator,a small refrigerator near the center,True,13,0,0,0,0.0
coco:199977:25:5232,coco,199977,25,giraffe,a giraffe in the scene,True,2,0,0,0,0.0
coco:199977:47:5233,coco,199977,47,cup,a photo containing a cup,True,15,0,0,0,0.0
coco:199977:5:5231,coco,199977,5,airplane,a airplane object,False,6,0,0,0,0.0
coco:200152:18:5234,coco,200152,18,dog,a small dog near the center,True,84,0,0,0,0.0
coco:200152:47:5235,coco,200152,47,cup,a photo containing a cup,True,22,0,0,0,0.0
coco:200162:10:5236,coco,200162,10,traffic light,a photo of a traffic light,False,29,0,0,0,0.0
coco:200162:81:5238,coco,200162,81,sink,a photo containing a sink,True,12,0,0,0,0.0
coco:200252:9:5241,coco,200252,9,boat,a boat in the scene,True,17,0,0,0,0.0
coco:200421:65:5242,coco,200421,65,bed,a photo of a bed,False,12,0,0,0,0.0
coco:20059:22:593,coco,20059,22,elephant,a photo containing a elephant,True,10,0,0,0,0.0
coco:20059:24:591,coco,20059,24,zebra,a photo of a zebra,False,18,0,0,0,0.0
coco:20059:89:592,coco,20059,89,hair drier,a small hair drier near the center,True,26,0,0,0,0.0
coco:200667:11:5246,coco,200667,11,fire hydrant,a photo containing a fire hydrant,True,13,0,0,0,0.0
coco:200667:67:5247,coco,200667,67,dining table,a small dining table near the center,True,48,0,0,0,0.0
coco:2006:1:66,coco,2006,1,person,the person in this image,False,10,0,0,0,0.0
coco:200839:65:5249,coco,200839,65,bed,a bed in the scene,True,28,0,0,0,0.0
coco:200839:72:5250,coco,200839,72,tv,a photo containing a tv,True,31,0,0,0,0.0
coco:200961:18:5252,coco,200961,18,dog,a small dog near the center,True,33,0,0,0,0.0
coco:200961:8:5251,coco,200961,8,truck,a truck object,False,38,0,0,0,0.0
coco:201025:18:5255,coco,201025,18,dog,a dog in the scene,True,12,0,0,0,0.0
coco:201025:22:5254,coco,201025,22,elephant,a visible elephant in the scene,False,11,0,0,0,0.0
coco:201025:36:5256,coco,201025,36,snowboard,a small snowboard near the center,True,44,0,0,0,0.0
coco:201072:16:5259,coco,201072,16,bird,a close-up of a bird,True,5,0,0,0,0.0
coco:201072:74:5258,coco,201072,74,mouse,a mouse in the scene,True,82,0,0,0,0.0
coco:20107:11:594,coco,20107,11,fire hydrant,the fire hydrant in this image,False,2,0,0,0,0.0
coco:20107:16:596,coco,20107,16,bird,a photo containing a bird,True,16,0,0,0,0.0
coco:20107:31:595,coco,20107,31,handbag,a close-up of a handbag,True,11,0,0,0,0.0
coco:201148:75:5262,coco,201148,75,remote,a photo containing a remote,True,17,0,0,0,0.0
coco:201418:61:5264,coco,201418,61,cake,a photo containing a cake,True,21,0,0,0,0.0
coco:201646:40:5270,coco,201646,40,baseball glove,a close-up of a baseball glove,True,28,0,0,0,0.0
coco:201646:62:5269,coco,201646,62,chair,a photo of a chair,False,20,0,0,0,0.0
coco:201676:11:5273,coco,201676,11,fire hydrant,a close-up of a fire hydrant,True,5,0,0,0,0.0
coco:201676:24:5272,coco,201676,24,zebra,the zebra in this image,False,14,0,0,0,0.0
coco:201775:70:5275,coco,201775,70,toilet,a photo of a toilet,False,20,0,0,0,0.0
coco:201934:6:5278,coco,201934,6,bus,a visible bus in the scene,False,3,0,0,0,0.0
coco:202001:48:5282,coco,202001,48,fork,a photo containing a fork,True,14,0,0,0,0.0
coco:202001:63:5281,coco,202001,63,couch,a visible couch in the scene,False,12,0,0,0,0.0
coco:202228:15:5285,coco,202228,15,bench,a small bench near the center,True,29,0,0,0,0.0
coco:202228:1:5284,coco,202228,1,person,the person in this image,False,4,0,0,0,0.0
coco:202339:19:5288,coco,202339,19,horse,a small horse near the center,True,106,0,0,0,0.0
coco:202339:70:5289,coco,202339,70,toilet,a close-up of a toilet,True,14,0,0,0,0.0
coco:202445:65:5290,coco,202445,65,bed,a photo of a bed,False,5,0,0,0,0.0
coco:20247:23:597,coco,20247,23,bear,a visible bear in the scene,False,5,0,0,0,0.0
coco:20247:25:598,coco,20247,25,giraffe,a small giraffe near the center,True,5,0,0,0,0.0
coco:203095:25:5294,coco,203095,25,giraffe,a small giraffe near the center,True,106,0,0,0,0.0
coco:203095:35:5295,coco,203095,35,skis,a close-up of a skis,True,10,0,0,0,0.0
coco:203294:27:5296,coco,203294,27,backpack,a photo of a backpack,False,23,0,0,0,0.0
coco:203294:52:5297,coco,203294,52,banana,a banana in the scene,True,111,0,0,0,0.0
coco:203317:2:5299,coco,203317,2,bicycle,a bicycle object,False,3,0,0,0,0.0
coco:203317:38:5300,coco,203317,38,kite,a photo containing a kite,True,30,0,0,0,0.0
coco:20333:50:602,coco,20333,50,spoon,a spoon in the scene,True,27,0,0,0,0.0
coco:20333:51:600,coco,20333,51,bowl,a visible bowl in the scene,False,3,0,0,0,0.0
coco:203389:27:5302,coco,203389,27,backpack,the backpack in this image,False,51,0,0,0,0.0
coco:203488:38:5307,coco,203488,38,kite,a photo containing a kite,True,24,0,0,0,0.0
coco:203546:23:5308,coco,203546,23,bear,a visible bear in the scene,False,3,0,0,0,0.0
coco:203629:47:5314,coco,203629,47,cup,a visible cup in the scene,False,10,0,0,0,0.0
coco:203629:51:5315,coco,203629,51,bowl,a small bowl near the center,True,24,0,0,0,0.0
coco:203931:40:5323,coco,203931,40,baseball glove,the baseball glove in this image,False,16,0,0,0,0.0
coco:203931:6:5325,coco,203931,6,bus,a photo containing a bus,True,12,0,0,0,0.0
coco:203931:84:5324,coco,203931,84,book,a photo containing a book,True,26,0,0,0,0.0
coco:204186:27:5326,coco,204186,27,backpack,a visible backpack in the scene,False,37,0,0,0,0.0
coco:204329:10:5330,coco,204329,10,traffic light,a photo containing a traffic light,True,8,0,0,0,0.0
coco:204329:42:5329,coco,204329,42,surfboard,a surfboard object,False,1,0,0,0,0.0
coco:204871:10:5332,coco,204871,10,traffic light,the traffic light in this image,False,28,0,0,0,0.0
coco:204871:76:5333,coco,204871,76,keyboard,a photo containing a keyboard,True,11,0,0,0,0.0
coco:204871:9:5334,coco,204871,9,boat,a photo containing a boat,True,11,0,0,0,0.0
coco:205105:11:5337,coco,205105,11,fire hydrant,a close-up of a fire hydrant,True,7,0,0,0,0.0
coco:205105:1:5335,coco,205105,1,person,a photo of a person,False,14,0,0,0,0.0
coco:205282:14:5339,coco,205282,14,parking meter,a close-up of a parking meter,True,4,0,0,0,0.0
coco:205282:17:5340,coco,205282,17,cat,a photo containing a cat,True,12,0,0,0,0.0
coco:205282:25:5338,coco,205282,25,giraffe,a photo of a giraffe,False,16,0,0,0,0.0
coco:205289:60:5343,coco,205289,60,donut,a close-up of a donut,True,14,0,0,0,0.0
coco:205289:8:5341,coco,205289,8,truck,the truck in this image,False,2,0,0,0,0.0
coco:205324:25:5345,coco,205324,25,giraffe,a photo containing a giraffe,True,14,0,0,0,0.0
coco:205324:50:5346,coco,205324,50,spoon,a small spoon near the center,True,26,0,0,0,0.0
coco:205333:73:5348,coco,205333,73,laptop,a close-up of a laptop,True,13,0,0,0,0.0
coco:205401:55:5351,coco,205401,55,orange,a close-up of a orange,True,10,0,0,0,0.0
coco:205401:9:5350,coco,205401,9,boat,the boat in this image,False,14,0,0,0,0.0
coco:20553:33:605,coco,20553,33,suitcase,a suitcase in the scene,True,23,0,0,0,0.0
coco:205542:42:5358,coco,205542,42,surfboard,a photo containing a surfboard,True,11,0,0,0,0.0
coco:205542:65:5357,coco,205542,65,bed,a close-up of a bed,True,4,0,0,0,0.0
coco:205542:88:5356,coco,205542,88,teddy bear,a teddy bear object,False,2,0,0,0,0.0
coco:205647:21:5360,coco,205647,21,cow,a close-up of a cow,True,10,0,0,0,0.0
coco:205647:60:5361,coco,205647,60,donut,a photo containing a donut,True,18,0,0,0,0.0
coco:205647:8:5359,coco,205647,8,truck,a truck object,False,13,0,0,0,0.0
coco:20571:31:606,coco,20571,31,handbag,a visible handbag in the scene,False,26,0,0,0,0.0
coco:20571:5:607,coco,20571,5,airplane,a photo containing a airplane,True,8,0,0,0,0.0
coco:205776:23:5362,coco,205776,23,bear,a visible bear in the scene,False,6,0,0,0,0.0
coco:205834:51:5365,coco,205834,51,bowl,a photo of a bowl,False,32,0,0,0,0.0
coco:206027:20:5373,coco,206027,20,sheep,a photo containing a sheep,True,8,0,0,0,0.0
coco:206135:32:5376,coco,206135,32,tie,a close-up of a tie,True,35,0,0,0,0.0
coco:206271:73:5382,coco,206271,73,laptop,a close-up of a laptop,True,10,0,0,0,0.0
coco:206411:1:5383,coco,206411,1,person,a person object,False,19,0,0,0,0.0
coco:206487:59:5387,coco,206487,59,pizza,a small pizza near the center,True,99,0,0,0,0.0
coco:206579:61:5389,coco,206579,61,cake,the cake in this image,False,3,0,0,0,0.0
coco:206579:85:5390,coco,206579,85,clock,a small clock near the center,True,45,0,0,0,0.0
coco:206838:1:5395,coco,206838,1,person,a photo of a person,False,25,0,0,0,0.0
coco:206838:34:5397,coco,206838,34,frisbee,a frisbee in the scene,True,55,0,0,0,0.0
coco:206838:40:5396,coco,206838,40,baseball glove,a baseball glove in the scene,True,87,0,0,0,0.0
coco:206994:51:5399,coco,206994,51,bowl,a bowl in the scene,True,28,0,0,0,0.0
coco:206994:7:5398,coco,206994,7,train,the train in this image,False,2,0,0,0,0.0
coco:206994:87:5400,coco,206994,87,scissors,a close-up of a scissors,True,22,0,0,0,0.0
coco:207306:57:5402,coco,207306,57,carrot,a photo containing a carrot,True,31,0,0,0,0.0
coco:207306:88:5401,coco,207306,88,teddy bear,a teddy bear object,False,3,0,0,0,0.0
coco:207538:39:5406,coco,207538,39,baseball bat,a baseball bat in the scene,True,38,0,0,0,0.0
coco:207585:51:5409,coco,207585,51,bowl,a photo containing a bowl,True,15,0,0,0,0.0
coco:207728:19:5412,coco,207728,19,horse,a photo containing a horse,True,8,0,0,0,0.0
coco:208208:21:5417,coco,208208,21,cow,a small cow near the center,True,84,0,0,0,0.0
coco:208208:70:5418,coco,208208,70,toilet,a close-up of a toilet,True,6,0,0,0,0.0
coco:208363:25:5421,coco,208363,25,giraffe,a giraffe in the scene,True,32,0,0,0,0.0
coco:208363:62:5419,coco,208363,62,chair,a visible chair in the scene,False,34,0,0,0,0.0
coco:208901:5:5425,coco,208901,5,airplane,a visible airplane in the scene,False,2,0,0,0,0.0
coco:209142:51:5428,coco,209142,51,bowl,a bowl object,False,1,0,0,0,0.0
coco:209222:8:5431,coco,209222,8,truck,a visible truck in the scene,False,16,0,0,0,0.0
coco:209530:21:5435,coco,209530,21,cow,a small cow near the center,True,36,0,0,0,0.0
coco:209530:56:5436,coco,209530,56,broccoli,a small broccoli near the center,True,116,0,0,0,0.0
coco:209613:18:5437,coco,209613,18,dog,a dog object,False,22,0,0,0,0.0
coco:209613:32:5439,coco,209613,32,tie,a close-up of a tie,True,27,0,0,0,0.0
coco:209747:81:5440,coco,209747,81,sink,a photo of a sink,False,7,0,0,0,0.0
coco:209753:14:5445,coco,209753,14,parking meter,a parking meter in the scene,True,69,0,0,0,0.0
coco:209753:62:5444,coco,209753,62,chair,a small chair near the center,True,37,0,0,0,0.0
coco:209753:72:5443,coco,209753,72,tv,a photo of a tv,False,12,0,0,0,0.0
coco:209757:2:5447,coco,209757,2,bicycle,a close-up of a bicycle,True,28,0,0,0,0.0
coco:209757:41:5446,coco,209757,41,skateboard,a visible skateboard in the scene,False,7,0,0,0,0.0
coco:209829:42:5449,coco,209829,42,surfboard,a visible surfboard in the scene,False,25,0,0,0,0.0
coco:209829:59:5451,coco,209829,59,pizza,a small pizza near the center,True,52,0,0,0,0.0
coco:20992:1:609,coco,20992,1,person,the person in this image,False,3,0,0,0,0.0
coco:20992:62:610,coco,20992,62,chair,a close-up of a chair,True,16,0,0,0,0.0
coco:209972:4:5454,coco,209972,4,motorcycle,a motorcycle in the scene,True,15,0,0,0,0.0
coco:209972:9:5452,coco,209972,9,boat,a boat object,False,8,0,0,0,0.0
coco:210030:86:5456,coco,210030,86,vase,a small vase near the center,True,24,0,0,0,0.0
coco:210032:32:5460,coco,210032,32,tie,a close-up of a tie,True,35,0,0,0,0.0
coco:210032:49:5458,coco,210032,49,knife,the knife in this image,False,17,0,0,0,0.0
coco:210032:82:5459,coco,210032,82,refrigerator,a refrigerator in the scene,True,27,0,0,0,0.0
coco:210099:17:5461,coco,210099,17,cat,a cat object,False,11,0,0,0,0.0
coco:210099:81:5463,coco,210099,81,sink,a sink in the scene,True,36,0,0,0,0.0
coco:210099:84:5462,coco,210099,84,book,a photo containing a book,True,21,0,0,0,0.0
coco:210230:56:5465,coco,210230,56,broccoli,a broccoli in the scene,True,163,0,0,0,0.0
coco:210230:80:5466,coco,210230,80,toaster,a close-up of a toaster,True,25,0,0,0,0.0
coco:210273:3:5467,coco,210273,3,car,a visible car in the scene,False,36,0,0,0,0.0
coco:210299:17:5471,coco,210299,17,cat,a small cat near the center,True,19,0,0,0,0.0
coco:210299:2:5470,coco,210299,2,bicycle,the bicycle in this image,False,2,0,0,0,0.0
coco:210394:6:5476,coco,210394,6,bus,a photo of a bus,False,26,0,0,0,0.0
coco:210394:7:5477,coco,210394,7,train,a photo containing a train,True,13,0,0,0,0.0
coco:210502:50:5480,coco,210502,50,spoon,a photo containing a spoon,True,15,0,0,0,0.0
coco:210502:7:5479,coco,210502,7,train,a photo of a train,False,8,0,0,0,0.0
coco:210708:22:5485,coco,210708,22,elephant,a photo of a elephant,False,11,0,0,0,0.0
coco:210708:77:5486,coco,210708,77,cell phone,a close-up of a cell phone,True,4,0,0,0,0.0
coco:210789:77:5490,coco,210789,77,cell phone,a small cell phone near the center,True,30,0,0,0,0.0
coco:210789:82:5489,coco,210789,82,refrigerator,a small refrigerator near the center,True,29,0,0,0,0.0
coco:210855:34:5492,coco,210855,34,frisbee,a photo containing a frisbee,True,12,0,0,0,0.0
coco:210855:37:5493,coco,210855,37,sports ball,a photo containing a sports ball,True,9,0,0,0,0.0
coco:210855:86:5491,coco,210855,86,vase,a photo of a vase,False,35,0,0,0,0.0
coco:210915:64:5495,coco,210915,64,potted plant,a photo containing a potted plant,True,4,0,0,0,0.0
coco:211042:57:5499,coco,211042,57,carrot,a carrot in the scene,True,64,0,0,0,0.0
coco:211042:70:5497,coco,211042,70,toilet,a photo of a toilet,False,11,0,0,0,0.0
coco:211069:25:5500,coco,211069,25,giraffe,a giraffe object,False,7,0,0,0,0.0
coco:211069:33:5502,coco,211069,33,suitcase,a close-up of a suitcase,True,12,0,0,0,0.0
coco:211069:58:5501,coco,211069,58,hot dog,a close-up of a hot dog,True,12,0,0,0,0.0
coco:211120:16:5505,coco,211120,16,bird,a small bird near the center,True,24,0,0,0,0.0
coco:211674:53:5508,coco,211674,53,apple,a photo containing a apple,True,16,0,0,0,0.0
coco:212072:13:5512,coco,212072,13,stop sign,a visible stop sign in the scene,False,4,0,0,0,0.0
coco:212166:32:5516,coco,212166,32,tie,a tie in the scene,True,32,0,0,0,0.0
coco:212226:86:5519,coco,212226,86,vase,a close-up of a vase,True,6,0,0,0,0.0
coco:212453:61:5523,coco,212453,61,cake,a small cake near the center,True,4,0,0,0,0.0
coco:212453:84:5522,coco,212453,84,book,a close-up of a book,True,4,0,0,0,0.0
coco:212559:17:5526,coco,212559,17,cat,a cat in the scene,True,31,0,0,0,0.0
coco:212559:21:5525,coco,212559,21,cow,a photo containing a cow,True,18,0,0,0,0.0
coco:212573:60:5528,coco,212573,60,donut,a close-up of a donut,True,11,0,0,0,0.0
coco:212800:33:5531,coco,212800,33,suitcase,a photo containing a suitcase,True,7,0,0,0,0.0
coco:212800:50:5532,coco,212800,50,spoon,a photo containing a spoon,True,29,0,0,0,0.0
coco:212895:62:5534,coco,212895,62,chair,a small chair near the center,True,41,0,0,0,0.0
coco:212895:7:5535,coco,212895,7,train,a small train near the center,True,24,0,0,0,0.0
coco:213033:1:5536,coco,213033,1,person,a visible person in the scene,False,3,0,0,0,0.0
coco:213033:25:5537,coco,213033,25,giraffe,a close-up of a giraffe,True,6,0,0,0,0.0
coco:213035:11:5540,coco,213035,11,fire hydrant,a small fire hydrant near the center,True,55,0,0,0,0.0
coco:213171:36:5547,coco,213171,36,snowboard,a small snowboard near the center,True,19,0,0,0,0.0
coco:213171:65:5546,coco,213171,65,bed,a small bed near the center,True,48,0,0,0,0.0
coco:213224:38:5549,coco,213224,38,kite,a photo containing a kite,True,16,0,0,0,0.0
coco:213224:67:5548,coco,213224,67,dining table,the dining table in this image,False,11,0,0,0,0.0
coco:213255:34:5553,coco,213255,34,frisbee,a small frisbee near the center,True,176,0,0,0,0.0
coco:213422:65:5554,coco,213422,65,bed,a photo of a bed,False,8,0,0,0,0.0
coco:213445:65:5559,coco,213445,65,bed,a small bed near the center,True,23,0,0,0,0.0
coco:213445:9:5558,coco,213445,9,boat,a boat in the scene,True,42,0,0,0,0.0
coco:213593:39:5565,coco,213593,39,baseball bat,a photo containing a baseball bat,True,10,0,0,0,0.0
coco:213605:5:5568,coco,213605,5,airplane,a photo containing a airplane,True,14,0,0,0,0.0
coco:213816:76:5570,coco,213816,76,keyboard,a small keyboard near the center,True,97,0,0,0,0.0
coco:213816:7:5569,coco,213816,7,train,a photo of a train,False,9,0,0,0,0.0
coco:214192:4:5578,coco,214192,4,motorcycle,a visible motorcycle in the scene,False,9,0,0,0,0.0
coco:214200:65:5583,coco,214200,65,bed,a small bed near the center,True,42,0,0,0,0.0
coco:214200:74:5582,coco,214200,74,mouse,a photo containing a mouse,True,15,0,0,0,0.0
coco:214205:79:5585,coco,214205,79,oven,a small oven near the center,True,3,0,0,0,0.0
coco:214224:73:5589,coco,214224,73,laptop,a close-up of a laptop,True,8,0,0,0,0.0
coco:214539:3:5591,coco,214539,3,car,a close-up of a car,True,7,0,0,0,0.0
coco:21465:86:615,coco,21465,86,vase,a vase object,False,43,0,0,0,0.0
coco:21465:9:617,coco,21465,9,boat,a photo containing a boat,True,18,0,0,0,0.0
coco:214720:39:5597,coco,214720,39,baseball bat,a photo containing a baseball bat,True,21,0,0,0,0.0
coco:214720:56:5598,coco,214720,56,broccoli,a broccoli in the scene,True,81,0,0,0,0.0
coco:214720:64:5596,coco,214720,64,potted plant,a visible potted plant in the scene,False,18,0,0,0,0.0
coco:214753:22:5601,coco,214753,22,elephant,a elephant in the scene,True,13,0,0,0,0.0
coco:214869:1:5602,coco,214869,1,person,a photo of a person,False,9,0,0,0,0.0
coco:214869:32:5603,coco,214869,32,tie,a small tie near the center,True,58,0,0,0,0.0
coco:21503:21:619,coco,21503,21,cow,a small cow near the center,True,24,0,0,0,0.0
coco:21503:23:620,coco,21503,23,bear,a close-up of a bear,True,7,0,0,0,0.0
coco:21503:74:618,coco,21503,74,mouse,the mouse in this image,False,12,0,0,0,0.0
coco:215072:62:5605,coco,215072,62,chair,a visible chair in the scene,False,14,0,0,0,0.0
coco:215114:27:5610,coco,215114,27,backpack,a backpack in the scene,True,9,0,0,0,0.0
coco:215245:44:5613,coco,215245,44,bottle,a small bottle near the center,True,100,0,0,0,0.0
coco:215259:13:5615,coco,215259,13,stop sign,a small stop sign near the center,True,86,0,0,0,0.0
coco:2153:1:72,coco,2153,1,person,a photo of a person,False,25,0,0,0,0.0
coco:2153:41:74,coco,2153,41,skateboard,a photo containing a skateboard,True,20,0,0,0,0.0
coco:2153:6:73,coco,2153,6,bus,a bus in the scene,True,53,0,0,0,0.0
coco:215723:28:5620,coco,215723,28,umbrella,a umbrella object,False,13,0,0,0,0.0
coco:215723:33:5622,coco,215723,33,suitcase,a photo containing a suitcase,True,40,0,0,0,0.0
coco:215778:39:5624,coco,215778,39,baseball bat,a small baseball bat near the center,True,46,0,0,0,0.0
coco:215778:80:5625,coco,215778,80,toaster,a toaster in the scene,True,49,0,0,0,0.0
coco:2157:49:75,coco,2157,49,knife,a photo of a knife,False,46,0,0,0,0.0
coco:2157:52:77,coco,2157,52,banana,a small banana near the center,True,28,0,0,0,0.0
coco:2157:80:76,coco,2157,80,toaster,a close-up of a toaster,True,18,0,0,0,0.0
coco:21604:15:623,coco,21604,15,bench,a close-up of a bench,True,3,0,0,0,0.0
coco:216277:21:5627,coco,216277,21,cow,a cow in the scene,True,2,0,0,0,0.0
coco:216277:81:5628,coco,216277,81,sink,a photo containing a sink,True,10,0,0,0,0.0
coco:216296:18:5631,coco,216296,18,dog,a photo containing a dog,True,12,0,0,0,0.0
coco:216296:1:5629,coco,216296,1,person,a person object,False,13,0,0,0,0.0
coco:216296:58:5630,coco,216296,58,hot dog,a close-up of a hot dog,True,8,0,0,0,0.0
coco:216419:28:5633,coco,216419,28,umbrella,a small umbrella near the center,True,82,0,0,0,0.0
coco:216419:56:5634,coco,216419,56,broccoli,a broccoli in the scene,True,150,0,0,0,0.0
coco:216419:85:5632,coco,216419,85,clock,a visible clock in the scene,False,5,0,0,0,0.0
coco:216497:41:5636,coco,216497,41,skateboard,a photo containing a skateboard,True,18,0,0,0,0.0
coco:216516:86:5640,coco,216516,86,vase,a close-up of a vase,True,12,0,0,0,0.0
coco:216636:51:5643,coco,216636,51,bowl,a small bowl near the center,True,27,0,0,0,0.0
coco:216739:25:5644,coco,216739,25,giraffe,a visible giraffe in the scene,False,4,0,0,0,0.0
coco:216739:80:5645,coco,216739,80,toaster,a small toaster near the center,True,20,0,0,0,0.0
coco:217219:20:5652,coco,217219,20,sheep,a photo containing a sheep,True,14,0,0,0,0.0
coco:217219:65:5650,coco,217219,65,bed,a bed object,False,12,0,0,0,0.0
coco:217285:10:5655,coco,217285,10,traffic light,a small traffic light near the center,True,144,0,0,0,0.0
coco:217285:18:5654,coco,217285,18,dog,a small dog near the center,True,99,0,0,0,0.0
coco:217400:7:5656,coco,217400,7,train,a train object,False,15,0,0,0,0.0
coco:217425:51:5661,coco,217425,51,bowl,a close-up of a bowl,True,10,0,0,0,0.0
coco:217425:55:5660,coco,217425,55,orange,a close-up of a orange,True,6,0,0,0,0.0
coco:217753:20:5666,coco,217753,20,sheep,a sheep in the scene,True,96,0,0,0,0.0
coco:217753:53:5665,coco,217753,53,apple,a apple object,False,154,0,0,0,0.0
coco:217872:86:5670,coco,217872,86,vase,a photo containing a vase,True,12,0,0,0,0.0
coco:217948:10:5672,coco,217948,10,traffic light,a traffic light in the scene,True,69,0,0,0,0.0
coco:217948:28:5673,coco,217948,28,umbrella,a small umbrella near the center,True,20,0,0,0,0.0
coco:217957:33:5676,coco,217957,33,suitcase,a photo containing a suitcase,True,14,0,0,0,0.0
coco:218091:18:5678,coco,218091,18,dog,a small dog near the center,True,84,0,0,0,0.0
coco:218091:80:5679,coco,218091,80,toaster,a close-up of a toaster,True,14,0,0,0,0.0
coco:218362:15:5685,coco,218362,15,bench,a small bench near the center,True,29,0,0,0,0.0
coco:218362:85:5683,coco,218362,85,clock,a visible clock in the scene,False,22,0,0,0,0.0
coco:21839:48:626,coco,21839,48,fork,a close-up of a fork,True,193,0,0,0,0.0
coco:218424:24:5686,coco,218424,24,zebra,the zebra in this image,False,18,0,0,0,0.0
coco:218424:84:5687,coco,218424,84,book,a small book near the center,True,53,0,0,0,0.0
coco:218439:76:5691,coco,218439,76,keyboard,a close-up of a keyboard,True,43,0,0,0,0.0
coco:21879:1:627,coco,21879,1,person,a person object,False,13,0,0,0,0.0
coco:21879:58:629,coco,21879,58,hot dog,a close-up of a hot dog,True,14,0,0,0,0.0
coco:218997:4:5693,coco,218997,4,motorcycle,a small motorcycle near the center,True,34,0,0,0,0.0
coco:21903:1:630,coco,21903,1,person,a photo of a person,False,25,0,0,0,0.0
coco:21903:62:632,coco,21903,62,chair,a photo containing a chair,True,24,0,0,0,0.0
coco:21903:75:631,coco,21903,75,remote,a close-up of a remote,True,19,0,0,0,0.0
coco:219271:2:5696,coco,219271,2,bicycle,a photo containing a bicycle,True,22,0,0,0,0.0
coco:219283:52:5698,coco,219283,52,banana,the banana in this image,False,59,0,0,0,0.0
coco:219283:55:5700,coco,219283,55,orange,a photo containing a orange,True,12,0,0,0,0.0
coco:219485:31:5706,coco,219485,31,handbag,a photo containing a handbag,True,16,0,0,0,0.0
coco:219485:32:5705,coco,219485,32,tie,a small tie near the center,True,19,0,0,0,0.0
coco:219578:17:5707,coco,219578,17,cat,a visible cat in the scene,False,9,0,0,0,0.0
coco:219578:9:5708,coco,219578,9,boat,a photo containing a boat,True,4,0,0,0,0.0
coco:220310:59:5712,coco,220310,59,pizza,a photo containing a pizza,True,10,0,0,0,0.0
coco:220310:80:5711,coco,220310,80,toaster,a small toaster near the center,True,61,0,0,0,0.0
coco:220584:58:5715,coco,220584,58,hot dog,a small hot dog near the center,True,39,0,0,0,0.0
coco:220732:55:5717,coco,220732,55,orange,a small orange near the center,True,43,0,0,0,0.0
coco:220732:6:5716,coco,220732,6,bus,a visible bus in the scene,False,17,0,0,0,0.0
coco:220858:9:5722,coco,220858,9,boat,a photo of a boat,False,24,0,0,0,0.0
coco:221017:33:5727,coco,221017,33,suitcase,a close-up of a suitcase,True,13,0,0,0,0.0
coco:221155:21:5728,coco,221155,21,cow,a visible cow in the scene,False,14,0,0,0,0.0
coco:221155:2:5730,coco,221155,2,bicycle,a photo containing a bicycle,True,22,0,0,0,0.0
coco:221213:52:5732,coco,221213,52,banana,a banana in the scene,True,201,0,0,0,0.0
coco:221213:7:5731,coco,221213,7,train,the train in this image,False,4,0,0,0,0.0
coco:221281:44:5736,coco,221281,44,bottle,a small bottle near the center,True,70,0,0,0,0.0
coco:221291:7:5738,coco,221291,7,train,a close-up of a train,True,9,0,0,0,0.0
coco:221502:15:5740,coco,221502,15,bench,the bench in this image,False,3,0,0,0,0.0
coco:221502:52:5742,coco,221502,52,banana,a close-up of a banana,True,30,0,0,0,0.0
coco:221693:18:5743,coco,221693,18,dog,a photo of a dog,False,6,0,0,0,0.0
coco:221693:9:5745,coco,221693,9,boat,a photo containing a boat,True,4,0,0,0,0.0
coco:221708:1:5748,coco,221708,1,person,a small person near the center,True,58,0,0,0,0.0
coco:221708:67:5746,coco,221708,67,dining table,a visible dining table in the scene,False,10,0,0,0,0.0
coco:221754:19:5751,coco,221754,19,horse,a horse in the scene,True,66,0,0,0,0.0
coco:221754:8:5749,coco,221754,8,truck,the truck in this image,False,13,0,0,0,0.0
coco:22192:55:635,coco,22192,55,orange,a close-up of a orange,True,9,0,0,0,0.0
coco:22192:65:633,coco,22192,65,bed,a photo of a bed,False,14,0,0,0,0.0
coco:222094:13:5755,coco,222094,13,stop sign,a visible stop sign in the scene,False,10,0,0,0,0.0
coco:222094:39:5757,coco,222094,39,baseball bat,a photo containing a baseball bat,True,17,0,0,0,0.0
coco:222094:81:5756,coco,222094,81,sink,a close-up of a sink,True,34,0,0,0,0.0
coco:222118:14:5759,coco,222118,14,parking meter,a close-up of a parking meter,True,12,0,0,0,0.0
coco:222118:6:5760,coco,222118,6,bus,a small bus near the center,True,37,0,0,0,0.0
coco:222299:58:5766,coco,222299,58,hot dog,a close-up of a hot dog,True,30,0,0,0,0.0
coco:222299:65:5764,coco,222299,65,bed,a photo of a bed,False,5,0,0,0,0.0
coco:222455:28:5772,coco,222455,28,umbrella,a photo containing a umbrella,True,10,0,0,0,0.0
coco:222458:1:5773,coco,222458,1,person,a person object,False,23,0,0,0,0.0
coco:222458:24:5774,coco,222458,24,zebra,a photo containing a zebra,True,21,0,0,0,0.0
coco:222559:1:5776,coco,222559,1,person,a visible person in the scene,False,39,0,0,0,0.0
coco:222559:3:5778,coco,222559,3,car,a small car near the center,True,80,0,0,0,0.0
coco:222735:18:5780,coco,222735,18,dog,a dog in the scene,True,29,0,0,0,0.0
coco:222735:1:5779,coco,222735,1,person,a visible person in the scene,False,12,0,0,0,0.0
coco:222825:4:5784,coco,222825,4,motorcycle,a close-up of a motorcycle,True,10,0,0,0,0.0
coco:222825:82:5782,coco,222825,82,refrigerator,the refrigerator in this image,False,3,0,0,0,0.0
coco:222863:21:5785,coco,222863,21,cow,the cow in this image,False,5,0,0,0,0.0
coco:222991:28:5788,coco,222991,28,umbrella,a visible umbrella in the scene,False,7,0,0,0,0.0
coco:222991:7:5789,coco,222991,7,train,a train in the scene,True,17,0,0,0,0.0
coco:223090:42:5793,coco,223090,42,surfboard,a surfboard in the scene,True,5,0,0,0,0.0
coco:223090:57:5791,coco,223090,57,carrot,the carrot in this image,False,24,0,0,0,0.0
coco:223090:67:5792,coco,223090,67,dining table,a close-up of a dining table,True,1,0,0,0,0.0
coco:223130:25:5794,coco,223130,25,giraffe,a giraffe object,False,2,0,0,0,0.0
coco:223182:42:5799,coco,223182,42,surfboard,a small surfboard near the center,True,22,0,0,0,0.0
coco:223182:43:5797,coco,223182,43,tennis racket,a tennis racket object,False,6,0,0,0,0.0
coco:223182:5:5798,coco,223182,5,airplane,a photo containing a airplane,True,9,0,0,0,0.0
coco:223188:33:5801,coco,223188,33,suitcase,a photo containing a suitcase,True,19,0,0,0,0.0
coco:223188:60:5802,coco,223188,60,donut,a close-up of a donut,True,16,0,0,0,0.0
coco:223188:85:5800,coco,223188,85,clock,a clock object,False,24,0,0,0,0.0
coco:22371:39:637,coco,22371,39,baseball bat,a close-up of a baseball bat,True,26,0,0,0,0.0
coco:22371:73:636,coco,22371,73,laptop,a visible laptop in the scene,False,4,0,0,0,0.0
coco:22371:8:638,coco,22371,8,truck,a truck in the scene,True,33,0,0,0,0.0
coco:223738:37:5803,coco,223738,37,sports ball,a photo of a sports ball,False,8,0,0,0,0.0
coco:223738:41:5805,coco,223738,41,skateboard,a small skateboard near the center,True,33,0,0,0,0.0
coco:223747:42:5807,coco,223747,42,surfboard,a photo containing a surfboard,True,20,0,0,0,0.0
coco:223747:80:5808,coco,223747,80,toaster,a toaster in the scene,True,27,0,0,0,0.0
coco:223955:34:5812,coco,223955,34,frisbee,a photo of a frisbee,False,21,0,0,0,0.0
coco:223959:81:5816,coco,223959,81,sink,a sink in the scene,True,40,0,0,0,0.0
coco:22396:25:641,coco,22396,25,giraffe,a photo containing a giraffe,True,9,0,0,0,0.0
coco:22396:5:639,coco,22396,5,airplane,a airplane object,False,9,0,0,0,0.0
coco:224093:21:5821,coco,224093,21,cow,a photo of a cow,False,39,0,0,0,0.0
coco:224093:74:5822,coco,224093,74,mouse,a close-up of a mouse,True,16,0,0,0,0.0
coco:224093:78:5823,coco,224093,78,microwave,a photo containing a microwave,True,7,0,0,0,0.0
coco:224200:28:5829,coco,224200,28,umbrella,a small umbrella near the center,True,43,0,0,0,0.0
coco:224222:42:5830,coco,224222,42,surfboard,a surfboard object,False,9,0,0,0,0.0
coco:224222:50:5832,coco,224222,50,spoon,a photo containing a spoon,True,27,0,0,0,0.0
coco:224337:33:5834,coco,224337,33,suitcase,a photo containing a suitcase,True,19,0,0,0,0.0
coco:224337:59:5833,coco,224337,59,pizza,a pizza object,False,12,0,0,0,0.0
coco:224664:27:5837,coco,224664,27,backpack,a small backpack near the center,True,43,0,0,0,0.0
coco:224675:79:5841,coco,224675,79,oven,a photo containing a oven,True,8,0,0,0,0.0
coco:224724:31:5842,coco,224724,31,handbag,a visible handbag in the scene,False,4,0,0,0,0.0
coco:224724:79:5844,coco,224724,79,oven,a oven in the scene,True,17,0,0,0,0.0
coco:22479:15:642,coco,22479,15,bench,a bench object,False,48,0,0,0,0.0
coco:22479:62:644,coco,22479,62,chair,a chair in the scene,True,62,0,0,0,0.0
coco:224807:61:5847,coco,224807,61,cake,a cake in the scene,True,35,0,0,0,0.0
coco:225184:72:5849,coco,225184,72,tv,a photo containing a tv,True,16,0,0,0,0.0
coco:225532:3:5854,coco,225532,3,car,a photo of a car,False,16,0,0,0,0.0
coco:225532:7:5856,coco,225532,7,train,a train in the scene,True,78,0,0,0,0.0
coco:225532:81:5855,coco,225532,81,sink,a close-up of a sink,True,25,0,0,0,0.0
coco:225670:13:5859,coco,225670,13,stop sign,a stop sign in the scene,True,85,0,0,0,0.0
coco:225670:78:5858,coco,225670,78,microwave,a photo containing a microwave,True,17,0,0,0,0.0
coco:225757:75:5860,coco,225757,75,remote,a remote object,False,151,0,0,0,0.0
coco:22589:20:645,coco,22589,20,sheep,the sheep in this image,False,14,0,0,0,0.0
coco:225946:3:5864,coco,225946,3,car,a close-up of a car,True,11,0,0,0,0.0
coco:225946:4:5865,coco,225946,4,motorcycle,a photo containing a motorcycle,True,21,0,0,0,0.0
coco:226058:37:5867,coco,226058,37,sports ball,a close-up of a sports ball,True,5,0,0,0,0.0
coco:226058:88:5866,coco,226058,88,teddy bear,a teddy bear object,False,11,0,0,0,0.0
coco:226111:15:5870,coco,226111,15,bench,a bench in the scene,True,65,0,0,0,0.0
coco:226130:73:5872,coco,226130,73,laptop,a close-up of a laptop,True,3,0,0,0,0.0
coco:226147:56:5875,coco,226147,56,broccoli,a photo containing a broccoli,True,33,0,0,0,0.0
coco:226147:65:5876,coco,226147,65,bed,a close-up of a bed,True,3,0,0,0,0.0
coco:226154:36:5878,coco,226154,36,snowboard,a photo containing a snowboard,True,16,0,0,0,0.0
coco:226171:73:5880,coco,226171,73,laptop,a visible laptop in the scene,False,7,0,0,0,0.0
coco:2261:57:79,coco,2261,57,carrot,a photo containing a carrot,True,14,0,0,0,0.0
coco:22623:34:649,coco,22623,34,frisbee,a photo containing a frisbee,True,13,0,0,0,0.0
coco:22623:77:648,coco,22623,77,cell phone,a photo of a cell phone,False,6,0,0,0,0.0
coco:226408:35:5885,coco,226408,35,skis,a close-up of a skis,True,15,0,0,0,0.0
coco:226417:4:5886,coco,226417,4,motorcycle,a photo of a motorcycle,False,33,0,0,0,0.0
coco:226592:25:5891,coco,226592,25,giraffe,a photo containing a giraffe,True,17,0,0,0,0.0
coco:226592:32:5890,coco,226592,32,tie,a tie in the scene,True,65,0,0,0,0.0
coco:226592:65:5889,coco,226592,65,bed,a visible bed in the scene,False,7,0,0,0,0.0
coco:226662:1:5892,coco,226662,1,person,the person in this image,False,10,0,0,0,0.0
coco:226662:70:5894,coco,226662,70,toilet,a photo containing a toilet,True,11,0,0,0,0.0
coco:226802:46:5897,coco,226802,46,wine glass,a photo containing a wine glass,True,14,0,0,0,0.0
coco:226802:63:5896,coco,226802,63,couch,a close-up of a couch,True,21,0,0,0,0.0
coco:226883:19:5898,coco,226883,19,horse,a photo of a horse,False,15,0,0,0,0.0
coco:226903:75:5903,coco,226903,75,remote,a photo containing a remote,True,17,0,0,0,0.0
coco:226984:3:5906,coco,226984,3,car,a close-up of a car,True,7,0,0,0,0.0
coco:226984:81:5904,coco,226984,81,sink,the sink in this image,False,23,0,0,0,0.0
coco:227044:10:5908,coco,227044,10,traffic light,a close-up of a traffic light,True,1,0,0,0,0.0
coco:227044:70:5907,coco,227044,70,toilet,a toilet object,False,42,0,0,0,0.0
coco:22705:24:653,coco,22705,24,zebra,a close-up of a zebra,True,8,0,0,0,0.0
coco:22705:33:652,coco,22705,33,suitcase,a close-up of a suitcase,True,6,0,0,0,0.0
coco:227187:16:5910,coco,227187,16,bird,a bird object,False,23,0,0,0,0.0
coco:227187:17:5912,coco,227187,17,cat,a close-up of a cat,True,15,0,0,0,0.0
coco:227187:2:5911,coco,227187,2,bicycle,a close-up of a bicycle,True,3,0,0,0,0.0
coco:227399:23:5915,coco,227399,23,bear,a small bear near the center,True,49,0,0,0,0.0
coco:227399:35:5914,coco,227399,35,skis,a photo containing a skis,True,17,0,0,0,0.0
coco:227399:4:5913,coco,227399,4,motorcycle,the motorcycle in this image,False,5,0,0,0,0.0
coco:227478:15:5916,coco,227478,15,bench,the bench in this image,False,23,0,0,0,0.0
coco:227478:22:5917,coco,227478,22,elephant,a close-up of a elephant,True,9,0,0,0,0.0
coco:227491:14:5924,coco,227491,14,parking meter,a photo containing a parking meter,True,13,0,0,0,0.0
coco:227491:54:5922,coco,227491,54,sandwich,a visible sandwich in the scene,False,6,0,0,0,0.0
coco:227491:55:5923,coco,227491,55,orange,a photo containing a orange,True,11,0,0,0,0.0
coco:227511:79:5927,coco,227511,79,oven,a small oven near the center,True,28,0,0,0,0.0
coco:22755:34:655,coco,22755,34,frisbee,a close-up of a frisbee,True,8,0,0,0,0.0
coco:22755:3:654,coco,22755,3,car,a photo of a car,False,15,0,0,0,0.0
coco:227686:19:5928,coco,227686,19,horse,a visible horse in the scene,False,4,0,0,0,0.0
coco:227686:32:5929,coco,227686,32,tie,a close-up of a tie,True,29,0,0,0,0.0
coco:227686:78:5930,coco,227686,78,microwave,a photo containing a microwave,True,6,0,0,0,0.0
coco:227765:10:5933,coco,227765,10,traffic light,a traffic light in the scene,True,58,0,0,0,0.0
coco:227765:50:5931,coco,227765,50,spoon,the spoon in this image,False,4,0,0,0,0.0
coco:227765:63:5932,coco,227765,63,couch,a couch in the scene,True,30,0,0,0,0.0
coco:227898:51:5936,coco,227898,51,bowl,a bowl in the scene,True,56,0,0,0,0.0
coco:227898:73:5935,coco,227898,73,laptop,a close-up of a laptop,True,27,0,0,0,0.0
coco:227985:59:5938,coco,227985,59,pizza,a pizza in the scene,True,13,0,0,0,0.0
coco:227985:81:5939,coco,227985,81,sink,a close-up of a sink,True,3,0,0,0,0.0
coco:228144:67:5940,coco,228144,67,dining table,the dining table in this image,False,24,0,0,0,0.0
coco:228214:1:5943,coco,228214,1,person,a person object,False,15,0,0,0,0.0
coco:228436:62:5948,coco,228436,62,chair,a small chair near the center,True,85,0,0,0,0.0
coco:228436:86:5947,coco,228436,86,vase,a vase in the scene,True,105,0,0,0,0.0
coco:228771:42:5949,coco,228771,42,surfboard,a small surfboard near the center,True,12,0,0,0,0.0
coco:22892:64:657,coco,22892,64,potted plant,a photo of a potted plant,False,12,0,0,0,0.0
coco:22892:6:659,coco,22892,6,bus,a close-up of a bus,True,2,0,0,0,0.0
coco:228942:24:5952,coco,228942,24,zebra,a small zebra near the center,True,44,0,0,0,0.0
coco:228942:34:5953,coco,228942,34,frisbee,a photo containing a frisbee,True,25,0,0,0,0.0
coco:229111:10:5958,coco,229111,10,traffic light,a close-up of a traffic light,True,2,0,0,0,0.0
coco:229111:1:5957,coco,229111,1,person,a person object,False,9,0,0,0,0.0
coco:229111:2:5959,coco,229111,2,bicycle,a bicycle in the scene,True,19,0,0,0,0.0
coco:229216:65:5961,coco,229216,65,bed,a photo containing a bed,True,14,0,0,0,0.0
coco:229216:77:5960,coco,229216,77,cell phone,a photo of a cell phone,False,12,0,0,0,0.0
coco:229311:25:5968,coco,229311,25,giraffe,a close-up of a giraffe,True,47,0,0,0,0.0
coco:229358:10:5971,coco,229358,10,traffic light,a small traffic light near the center,True,47,0,0,0,0.0
coco:229358:32:5969,coco,229358,32,tie,a visible tie in the scene,False,18,0,0,0,0.0
coco:229553:41:5972,coco,229553,41,skateboard,a skateboard object,False,2,0,0,0,0.0
coco:229553:65:5973,coco,229553,65,bed,a small bed near the center,True,20,0,0,0,0.0
coco:229601:22:5977,coco,229601,22,elephant,a photo containing a elephant,True,10,0,0,0,0.0
coco:229659:90:5980,coco,229659,90,toothbrush,a photo containing a toothbrush,True,17,0,0,0,0.0
coco:22969:14:664,coco,22969,14,parking meter,a small parking meter near the center,True,62,0,0,0,0.0
coco:22969:25:663,coco,22969,25,giraffe,the giraffe in this image,False,6,0,0,0,0.0
coco:229747:64:5982,coco,229747,64,potted plant,a photo containing a potted plant,True,7,0,0,0,0.0
coco:229747:86:5983,coco,229747,86,vase,a photo containing a vase,True,8,0,0,0,0.0
coco:2299:32:81,coco,2299,32,tie,a tie object,False,138,0,0,0,0.0
coco:2299:61:82,coco,2299,61,cake,a small cake near the center,True,80,0,0,0,0.0
coco:2299:72:83,coco,2299,72,tv,a close-up of a tv,True,2,0,0,0,0.0
coco:23023:31:666,coco,23023,31,handbag,a handbag object,False,8,0,0,0,0.0
coco:23023:48:668,coco,23023,48,fork,a small fork near the center,True,78,0,0,0,0.0
coco:23126:13:673,coco,23126,13,stop sign,a small stop sign near the center,True,79,0,0,0,0.0
coco:23126:81:674,coco,23126,81,sink,a small sink near the center,True,85,0,0,0,0.0
coco:23230:16:675,coco,23230,16,bird,a visible bird in the scene,False,19,0,0,0,0.0
coco:23272:70:680,coco,23272,70,toilet,a close-up of a toilet,True,7,0,0,0,0.0
coco:23359:63:683,coco,23359,63,couch,a small couch near the center,True,23,0,0,0,0.0
coco:23751:2:689,coco,23751,2,bicycle,a small bicycle near the center,True,39,0,0,0,0.0
coco:23751:38:687,coco,23751,38,kite,a kite object,False,17,0,0,0,0.0
coco:23781:37:692,coco,23781,37,sports ball,a sports ball in the scene,True,89,0,0,0,0.0
coco:23899:55:694,coco,23899,55,orange,a close-up of a orange,True,12,0,0,0,0.0
coco:23937:55:698,coco,23937,55,orange,a close-up of a orange,True,9,0,0,0,0.0
coco:24021:32:699,coco,24021,32,tie,the tie in this image,False,104,0,0,0,0.0
coco:24021:34:701,coco,24021,34,frisbee,a small frisbee near the center,True,95,0,0,0,0.0
coco:24021:50:700,coco,24021,50,spoon,a spoon in the scene,True,151,0,0,0,0.0
coco:24027:11:703,coco,24027,11,fire hydrant,a fire hydrant in the scene,True,73,0,0,0,0.0
coco:24144:39:706,coco,24144,39,baseball bat,a photo containing a baseball bat,True,4,0,0,0,0.0
coco:24144:41:707,coco,24144,41,skateboard,a photo containing a skateboard,True,10,0,0,0,0.0
coco:24144:59:705,coco,24144,59,pizza,a visible pizza in the scene,False,2,0,0,0,0.0
coco:24243:53:710,coco,24243,53,apple,a photo containing a apple,True,20,0,0,0,0.0
coco:24243:81:709,coco,24243,81,sink,a small sink near the center,True,69,0,0,0,0.0
coco:24243:82:708,coco,24243,82,refrigerator,a visible refrigerator in the scene,False,5,0,0,0,0.0
coco:2431:67:84,coco,2431,67,dining table,the dining table in this image,False,13,0,0,0,0.0
coco:2431:8:86,coco,2431,8,truck,a close-up of a truck,True,7,0,0,0,0.0
coco:24567:27:713,coco,24567,27,backpack,a backpack in the scene,True,46,0,0,0,0.0
coco:24610:31:716,coco,24610,31,handbag,a photo containing a handbag,True,34,0,0,0,0.0
coco:24610:41:715,coco,24610,41,skateboard,a photo containing a skateboard,True,29,0,0,0,0.0
coco:24610:44:714,coco,24610,44,bottle,the bottle in this image,False,4,0,0,0,0.0
coco:2473:1:87,coco,2473,1,person,the person in this image,False,11,0,0,0,0.0
coco:2473:60:89,coco,2473,60,donut,a small donut near the center,True,75,0,0,0,0.0
coco:24919:22:717,coco,24919,22,elephant,the elephant in this image,False,13,0,0,0,0.0
coco:25057:31:721,coco,25057,31,handbag,a small handbag near the center,True,20,0,0,0,0.0
coco:25096:25:724,coco,25096,25,giraffe,a small giraffe near the center,True,32,0,0,0,0.0
coco:25096:41:723,coco,25096,41,skateboard,a photo of a skateboard,False,20,0,0,0,0.0
coco:25096:82:725,coco,25096,82,refrigerator,a small refrigerator near the center,True,39,0,0,0,0.0
coco:25139:24:726,coco,25139,24,zebra,a zebra object,False,21,0,0,0,0.0
coco:25181:33:731,coco,25181,33,suitcase,a small suitcase near the center,True,43,0,0,0,0.0
coco:25181:36:730,coco,25181,36,snowboard,a small snowboard near the center,True,42,0,0,0,0.0
coco:25228:38:733,coco,25228,38,kite,a small kite near the center,True,27,0,0,0,0.0
coco:25228:42:732,coco,25228,42,surfboard,a photo of a surfboard,False,31,0,0,0,0.0
coco:25228:89:734,coco,25228,89,hair drier,a close-up of a hair drier,True,13,0,0,0,0.0
coco:2532:24:92,coco,2532,24,zebra,a zebra in the scene,True,38,0,0,0,0.0
coco:2532:35:90,coco,2532,35,skis,the skis in this image,False,18,0,0,0,0.0
coco:25386:62:735,coco,25386,62,chair,a visible chair in the scene,False,36,0,0,0,0.0
coco:25393:21:739,coco,25393,21,cow,a small cow near the center,True,33,0,0,0,0.0
coco:25393:32:738,coco,25393,32,tie,a tie object,False,36,0,0,0,0.0
coco:25393:89:740,coco,25393,89,hair drier,a close-up of a hair drier,True,20,0,0,0,0.0
coco:25394:47:741,coco,25394,47,cup,a cup object,False,5,0,0,0,0.0
coco:25394:60:743,coco,25394,60,donut,a photo containing a donut,True,20,0,0,0,0.0
coco:25424:10:745,coco,25424,10,traffic light,a small traffic light near the center,True,26,0,0,0,0.0
coco:25424:1:744,coco,25424,1,person,a person object,False,7,0,0,0,0.0
coco:25424:52:746,coco,25424,52,banana,a photo containing a banana,True,17,0,0,0,0.0
coco:25560:34:748,coco,25560,34,frisbee,a small frisbee near the center,True,82,0,0,0,0.0
coco:25560:84:749,coco,25560,84,book,a small book near the center,True,46,0,0,0,0.0
coco:25593:14:750,coco,25593,14,parking meter,a small parking meter near the center,True,22,0,0,0,0.0
coco:25603:47:752,coco,25603,47,cup,a cup object,False,12,0,0,0,0.0
coco:2587:52:93,coco,2587,52,banana,a photo of a banana,False,15,0,0,0,0.0
coco:2587:76:95,coco,2587,76,keyboard,a close-up of a keyboard,True,15,0,0,0,0.0
coco:2592:49:96,coco,2592,49,knife,a knife object,False,5,0,0,0,0.0
coco:2592:50:97,coco,2592,50,spoon,a photo containing a spoon,True,16,0,0,0,0.0
coco:25986:48:757,coco,25986,48,fork,a small fork near the center,True,28,0,0,0,0.0
coco:25986:60:755,coco,25986,60,donut,a photo of a donut,False,34,0,0,0,0.0
coco:26204:10:758,coco,26204,10,traffic light,a photo of a traffic light,False,28,0,0,0,0.0
coco:26204:20:760,coco,26204,20,sheep,a close-up of a sheep,True,11,0,0,0,0.0
coco:26204:75:759,coco,26204,75,remote,a close-up of a remote,True,27,0,0,0,0.0
coco:26465:55:763,coco,26465,55,orange,a close-up of a orange,True,17,0,0,0,0.0
coco:26564:8:766,coco,26564,8,truck,a small truck near the center,True,30,0,0,0,0.0
coco:26690:25:769,coco,26690,25,giraffe,a close-up of a giraffe,True,8,0,0,0,0.0
coco:26690:41:767,coco,26690,41,skateboard,the skateboard in this image,False,3,0,0,0,0.0
coco:2685:46:99,coco,2685,46,wine glass,a visible wine glass in the scene,False,34,0,0,0,0.0
coco:2685:88:101,coco,2685,88,teddy bear,a photo containing a teddy bear,True,9,0,0,0,0.0
coco:26926:48:772,coco,26926,48,fork,a photo containing a fork,True,12,0,0,0,0.0
coco:26926:6:771,coco,26926,6,bus,a small bus near the center,True,26,0,0,0,0.0
coco:27186:1:776,coco,27186,1,person,a photo of a person,False,13,0,0,0,0.0
coco:27186:50:777,coco,27186,50,spoon,a spoon in the scene,True,20,0,0,0,0.0
coco:27620:19:780,coco,27620,19,horse,a horse in the scene,True,76,0,0,0,0.0
coco:27620:73:779,coco,27620,73,laptop,the laptop in this image,False,2,0,0,0,0.0
coco:27696:52:784,coco,27696,52,banana,a banana in the scene,True,31,0,0,0,0.0
coco:27696:59:782,coco,27696,59,pizza,a pizza object,False,2,0,0,0,0.0
coco:27932:40:788,coco,27932,40,baseball glove,a visible baseball glove in the scene,False,9,0,0,0,0.0
coco:27932:42:789,coco,27932,42,surfboard,a surfboard in the scene,True,19,0,0,0,0.0
coco:27972:39:793,coco,27972,39,baseball bat,a photo containing a baseball bat,True,9,0,0,0,0.0
coco:27972:42:791,coco,27972,42,surfboard,a surfboard object,False,6,0,0,0,0.0
coco:27972:76:792,coco,27972,76,keyboard,a close-up of a keyboard,True,14,0,0,0,0.0
coco:27982:81:794,coco,27982,81,sink,the sink in this image,False,7,0,0,0,0.0
coco:28285:16:798,coco,28285,16,bird,a photo containing a bird,True,27,0,0,0,0.0
coco:28285:85:797,coco,28285,85,clock,a visible clock in the scene,False,4,0,0,0,0.0
coco:28285:9:799,coco,28285,9,boat,a boat in the scene,True,29,0,0,0,0.0
coco:28449:28:802,coco,28449,28,umbrella,a close-up of a umbrella,True,5,0,0,0,0.0
coco:28452:18:804,coco,28452,18,dog,a small dog near the center,True,107,0,0,0,0.0
coco:28452:82:803,coco,28452,82,refrigerator,the refrigerator in this image,False,2,0,0,0,0.0
coco:285:18:4,coco,285,18,dog,a photo containing a dog,True,5,0,0,0,0.0
coco:28809:81:807,coco,28809,81,sink,a close-up of a sink,True,5,0,0,0,0.0
coco:28993:52:811,coco,28993,52,banana,a small banana near the center,True,58,0,0,0,0.0
coco:29187:1:812,coco,29187,1,person,a visible person in the scene,False,10,0,0,0,0.0
coco:29187:27:813,coco,29187,27,backpack,a photo containing a backpack,True,13,0,0,0,0.0
coco:2923:36:103,coco,2923,36,snowboard,a small snowboard near the center,True,51,0,0,0,0.0
coco:2923:90:104,coco,2923,90,toothbrush,a photo containing a toothbrush,True,19,0,0,0,0.0
coco:29393:18:815,coco,29393,18,dog,a photo of a dog,False,11,0,0,0,0.0
coco:29393:36:817,coco,29393,36,snowboard,a close-up of a snowboard,True,23,0,0,0,0.0
coco:29393:73:816,coco,29393,73,laptop,a photo containing a laptop,True,12,0,0,0,0.0
coco:29397:15:818,coco,29397,15,bench,a bench object,False,5,0,0,0,0.0
coco:29397:33:819,coco,29397,33,suitcase,a small suitcase near the center,True,19,0,0,0,0.0
coco:29596:5:822,coco,29596,5,airplane,a photo containing a airplane,True,12,0,0,0,0.0
coco:29675:35:828,coco,29675,35,skis,a close-up of a skis,True,8,0,0,0,0.0
coco:29984:18:832,coco,29984,18,dog,a small dog near the center,True,57,0,0,0,0.0
coco:29984:1:830,coco,29984,1,person,a visible person in the scene,False,20,0,0,0,0.0
coco:29984:21:831,coco,29984,21,cow,a close-up of a cow,True,9,0,0,0,0.0
coco:30213:67:833,coco,30213,67,dining table,the dining table in this image,False,12,0,0,0,0.0
coco:30494:58:837,coco,30494,58,hot dog,a close-up of a hot dog,True,11,0,0,0,0.0
coco:30504:35:839,coco,30504,35,skis,a photo of a skis,False,29,0,0,0,0.0
coco:30675:7:842,coco,30675,7,train,the train in this image,False,3,0,0,0,0.0
coco:30675:80:844,coco,30675,80,toaster,a small toaster near the center,True,106,0,0,0,0.0
coco:30828:27:848,coco,30828,27,backpack,a visible backpack in the scene,False,12,0,0,0,0.0
coco:31050:86:851,coco,31050,86,vase,a vase object,False,25,0,0,0,0.0
coco:31093:5:856,coco,31093,5,airplane,a photo containing a airplane,True,4,0,0,0,0.0
coco:31118:70:858,coco,31118,70,toilet,a toilet in the scene,True,70,0,0,0,0.0
coco:31118:85:857,coco,31118,85,clock,a visible clock in the scene,False,15,0,0,0,0.0
coco:31217:37:860,coco,31217,37,sports ball,a photo of a sports ball,False,14,0,0,0,0.0
coco:31217:73:862,coco,31217,73,laptop,a close-up of a laptop,True,12,0,0,0,0.0
coco:31269:24:866,coco,31269,24,zebra,a photo of a zebra,False,20,0,0,0,0.0
coco:31269:84:868,coco,31269,84,book,a book in the scene,True,39,0,0,0,0.0
coco:31296:28:871,coco,31296,28,umbrella,a umbrella in the scene,True,158,0,0,0,0.0
coco:31296:50:870,coco,31296,50,spoon,a close-up of a spoon,True,47,0,0,0,0.0
coco:31296:77:869,coco,31296,77,cell phone,the cell phone in this image,False,23,0,0,0,0.0
coco:31322:32:873,coco,31322,32,tie,a close-up of a tie,True,10,0,0,0,0.0
coco:31322:8:874,coco,31322,8,truck,a small truck near the center,True,51,0,0,0,0.0
coco:31322:9:872,coco,31322,9,boat,a visible boat in the scene,False,49,0,0,0,0.0
coco:31620:59:876,coco,31620,59,pizza,a close-up of a pizza,True,17,0,0,0,0.0
coco:31620:61:875,coco,31620,61,cake,a cake object,False,59,0,0,0,0.0
coco:31620:65:877,coco,31620,65,bed,a bed in the scene,True,37,0,0,0,0.0
coco:31735:64:878,coco,31735,64,potted plant,a photo of a potted plant,False,17,0,0,0,0.0
coco:31735:80:879,coco,31735,80,toaster,a small toaster near the center,True,57,0,0,0,0.0
coco:31749:60:882,coco,31749,60,donut,a small donut near the center,True,18,0,0,0,0.0
coco:31749:77:883,coco,31749,77,cell phone,a cell phone in the scene,True,14,0,0,0,0.0
coco:31817:1:884,coco,31817,1,person,a photo of a person,False,25,0,0,0,0.0
coco:31817:58:886,coco,31817,58,hot dog,a close-up of a hot dog,True,20,0,0,0,0.0
coco:31817:60:885,coco,31817,60,donut,a donut in the scene,True,57,0,0,0,0.0
coco:32081:23:892,coco,32081,23,bear,a small bear near the center,True,14,0,0,0,0.0
coco:32081:84:891,coco,32081,84,book,a small book near the center,True,25,0,0,0,0.0
coco:32285:3:894,coco,32285,3,car,a car in the scene,True,13,0,0,0,0.0
coco:32285:70:893,coco,32285,70,toilet,a photo of a toilet,False,13,0,0,0,0.0
coco:3255:35:108,coco,3255,35,skis,a photo of a skis,False,38,0,0,0,0.0
coco:32570:42:899,coco,32570,42,surfboard,a surfboard object,False,16,0,0,0,0.0
coco:32610:23:904,coco,32610,23,bear,a close-up of a bear,True,4,0,0,0,0.0
coco:32610:43:903,coco,32610,43,tennis racket,a close-up of a tennis racket,True,32,0,0,0,0.0
coco:32735:35:905,coco,32735,35,skis,a skis object,False,20,0,0,0,0.0
coco:32811:70:910,coco,32811,70,toilet,a close-up of a toilet,True,7,0,0,0,0.0
coco:32811:79:909,coco,32811,79,oven,a oven in the scene,True,6,0,0,0,0.0
coco:32861:18:916,coco,32861,18,dog,a dog in the scene,True,34,0,0,0,0.0
coco:32861:62:915,coco,32861,62,chair,a photo containing a chair,True,25,0,0,0,0.0
coco:32901:15:921,coco,32901,15,bench,a bench in the scene,True,19,0,0,0,0.0
coco:32901:31:922,coco,32901,31,handbag,a handbag in the scene,True,19,0,0,0,0.0
coco:32901:32:920,coco,32901,32,tie,a photo of a tie,False,33,0,0,0,0.0
coco:32941:52:924,coco,32941,52,banana,a banana in the scene,True,92,0,0,0,0.0
coco:32941:9:925,coco,32941,9,boat,a small boat near the center,True,47,0,0,0,0.0
coco:33005:31:928,coco,33005,31,handbag,a photo containing a handbag,True,13,0,0,0,0.0
coco:33005:43:926,coco,33005,43,tennis racket,a visible tennis racket in the scene,False,6,0,0,0,0.0
coco:33104:56:931,coco,33104,56,broccoli,a broccoli in the scene,True,166,0,0,0,0.0
coco:33109:6:932,coco,33109,6,bus,a visible bus in the scene,False,15,0,0,0,0.0
coco:33221:43:938,coco,33221,43,tennis racket,a visible tennis racket in the scene,False,10,0,0,0,0.0
coco:33368:17:943,coco,33368,17,cat,a close-up of a cat,True,6,0,0,0,0.0
coco:33368:1:941,coco,33368,1,person,the person in this image,False,3,0,0,0,0.0
coco:33368:39:942,coco,33368,39,baseball bat,a photo containing a baseball bat,True,13,0,0,0,0.0
coco:33638:3:946,coco,33638,3,car,a car in the scene,True,66,0,0,0,0.0
coco:33638:43:945,coco,33638,43,tennis racket,a small tennis racket near the center,True,48,0,0,0,0.0
coco:33638:79:944,coco,33638,79,oven,a visible oven in the scene,False,16,0,0,0,0.0
coco:33707:25:947,coco,33707,25,giraffe,a giraffe object,False,3,0,0,0,0.0
coco:33707:39:949,coco,33707,39,baseball bat,a baseball bat in the scene,True,19,0,0,0,0.0
coco:33854:38:955,coco,33854,38,kite,a small kite near the center,True,68,0,0,0,0.0
coco:33854:63:954,coco,33854,63,couch,a close-up of a couch,True,10,0,0,0,0.0
coco:34139:10:960,coco,34139,10,traffic light,a photo containing a traffic light,True,11,0,0,0,0.0
coco:34139:62:961,coco,34139,62,chair,a photo containing a chair,True,16,0,0,0,0.0
coco:34205:1:963,coco,34205,1,person,a close-up of a person,True,4,0,0,0,0.0
coco:34205:56:962,coco,34205,56,broccoli,a visible broccoli in the scene,False,26,0,0,0,0.0
coco:34257:78:967,coco,34257,78,microwave,a microwave in the scene,True,44,0,0,0,0.0
coco:34417:57:970,coco,34417,57,carrot,a carrot in the scene,True,117,0,0,0,0.0
coco:34452:75:972,coco,34452,75,remote,a photo containing a remote,True,10,0,0,0,0.0
coco:34760:37:975,coco,34760,37,sports ball,a sports ball in the scene,True,70,0,0,0,0.0
coco:34873:84:979,coco,34873,84,book,a photo containing a book,True,19,0,0,0,0.0
coco:3501:51:111,coco,3501,51,bowl,a photo of a bowl,False,6,0,0,0,0.0
coco:35062:46:981,coco,35062,46,wine glass,a close-up of a wine glass,True,8,0,0,0,0.0
coco:35197:7:984,coco,35197,7,train,a photo containing a train,True,18,0,0,0,0.0
coco:35279:56:987,coco,35279,56,broccoli,a photo containing a broccoli,True,28,0,0,0,0.0
coco:35279:84:986,coco,35279,84,book,a book object,False,3,0,0,0,0.0
coco:35326:13:990,coco,35326,13,stop sign,a stop sign in the scene,True,92,0,0,0,0.0
coco:35326:44:989,coco,35326,44,bottle,a visible bottle in the scene,False,31,0,0,0,0.0
coco:35326:48:991,coco,35326,48,fork,a fork in the scene,True,32,0,0,0,0.0
coco:3553:1:114,coco,3553,1,person,the person in this image,False,5,0,0,0,0.0
coco:3553:54:115,coco,3553,54,sandwich,a close-up of a sandwich,True,14,0,0,0,0.0
coco:35682:11:994,coco,35682,11,fire hydrant,a photo containing a fire hydrant,True,12,0,0,0,0.0
coco:35682:41:993,coco,35682,41,skateboard,a photo containing a skateboard,True,21,0,0,0,0.0
coco:35682:67:992,coco,35682,67,dining table,a visible dining table in the scene,False,11,0,0,0,0.0
coco:35770:70:995,coco,35770,70,toilet,the toilet in this image,False,14,0,0,0,0.0
coco:35770:76:996,coco,35770,76,keyboard,a small keyboard near the center,True,47,0,0,0,0.0
coco:35963:62:1000,coco,35963,62,chair,a close-up of a chair,True,9,0,0,0,0.0
coco:36494:54:1002,coco,36494,54,sandwich,a small sandwich near the center,True,33,0,0,0,0.0
coco:3661:40:119,coco,3661,40,baseball glove,a close-up of a baseball glove,True,7,0,0,0,0.0
coco:3661:47:117,coco,3661,47,cup,a visible cup in the scene,False,4,0,0,0,0.0
coco:36660:48:1008,coco,36660,48,fork,a small fork near the center,True,45,0,0,0,0.0
coco:36660:75:1009,coco,36660,75,remote,a photo containing a remote,True,18,0,0,0,0.0
coco:36660:77:1007,coco,36660,77,cell phone,a photo of a cell phone,False,15,0,0,0,0.0
coco:36844:14:1015,coco,36844,14,parking meter,a small parking meter near the center,True,86,0,0,0,0.0
coco:36844:62:1013,coco,36844,62,chair,a visible chair in the scene,False,6,0,0,0,0.0
coco:36861:14:1016,coco,36861,14,parking meter,a visible parking meter in the scene,False,21,0,0,0,0.0
coco:36861:79:1017,coco,36861,79,oven,a small oven near the center,True,78,0,0,0,0.0
coco:36936:1:1019,coco,36936,1,person,a person object,False,23,0,0,0,0.0
coco:36936:21:1020,coco,36936,21,cow,a small cow near the center,True,52,0,0,0,0.0
coco:37689:36:1025,coco,37689,36,snowboard,a photo of a snowboard,False,29,0,0,0,0.0
coco:37689:48:1026,coco,37689,48,fork,a fork in the scene,True,160,0,0,0,0.0
coco:37740:72:1028,coco,37740,72,tv,a tv object,False,11,0,0,0,0.0
coco:37740:79:1030,coco,37740,79,oven,a small oven near the center,True,18,0,0,0,0.0
coco:37751:27:1031,coco,37751,27,backpack,a photo of a backpack,False,23,0,0,0,0.0
coco:37751:59:1032,coco,37751,59,pizza,a pizza in the scene,True,35,0,0,0,0.0
coco:37777:4:1036,coco,37777,4,motorcycle,a photo containing a motorcycle,True,6,0,0,0,0.0
coco:37777:79:1034,coco,37777,79,oven,a oven object,False,8,0,0,0,0.0
coco:37988:18:1039,coco,37988,18,dog,a dog in the scene,True,20,0,0,0,0.0
coco:38048:7:1042,coco,38048,7,train,a train in the scene,True,60,0,0,0,0.0
coco:38070:70:1043,coco,38070,70,toilet,a photo of a toilet,False,9,0,0,0,0.0
coco:38118:36:1047,coco,38118,36,snowboard,a close-up of a snowboard,True,21,0,0,0,0.0
coco:38118:6:1048,coco,38118,6,bus,a bus in the scene,True,42,0,0,0,0.0
coco:38210:1:1049,coco,38210,1,person,the person in this image,False,5,0,0,0,0.0
coco:38210:44:1050,coco,38210,44,bottle,a close-up of a bottle,True,21,0,0,0,0.0
coco:3845:47:120,coco,3845,47,cup,a photo of a cup,False,9,0,0,0,0.0
coco:3845:54:121,coco,3845,54,sandwich,a sandwich in the scene,True,7,0,0,0,0.0
coco:38576:2:1054,coco,38576,2,bicycle,a photo containing a bicycle,True,7,0,0,0,0.0
coco:38678:60:1055,coco,38678,60,donut,a donut object,False,3,0,0,0,0.0
coco:38825:33:1060,coco,38825,33,suitcase,a small suitcase near the center,True,44,0,0,0,0.0
coco:38825:55:1059,coco,38825,55,orange,a close-up of a orange,True,5,0,0,0,0.0
coco:38829:22:1062,coco,38829,22,elephant,a small elephant near the center,True,38,0,0,0,0.0
coco:38829:27:1061,coco,38829,27,backpack,the backpack in this image,False,39,0,0,0,0.0
coco:3934:43:125,coco,3934,43,tennis racket,a tennis racket in the scene,True,108,0,0,0,0.0
coco:3934:63:123,coco,3934,63,couch,a photo of a couch,False,16,0,0,0,0.0
coco:39405:44:1065,coco,39405,44,bottle,a photo containing a bottle,True,29,0,0,0,0.0
coco:39480:41:1072,coco,39480,41,skateboard,a skateboard in the scene,True,28,0,0,0,0.0
coco:39484:10:1073,coco,39484,10,traffic light,a traffic light object,False,74,0,0,0,0.0
coco:39484:47:1074,coco,39484,47,cup,a cup in the scene,True,82,0,0,0,0.0
coco:39551:60:1077,coco,39551,60,donut,a photo containing a donut,True,13,0,0,0,0.0
coco:39670:79:1080,coco,39670,79,oven,a close-up of a oven,True,5,0,0,0,0.0
coco:39670:7:1079,coco,39670,7,train,the train in this image,False,3,0,0,0,0.0
coco:39769:17:1082,coco,39769,17,cat,a cat object,False,8,0,0,0,0.0
coco:39785:1:1085,coco,39785,1,person,a visible person in the scene,False,7,0,0,0,0.0
coco:39785:62:1087,coco,39785,62,chair,a close-up of a chair,True,23,0,0,0,0.0
coco:39914:19:1089,coco,39914,19,horse,a small horse near the center,True,71,0,0,0,0.0
coco:39914:1:1088,coco,39914,1,person,the person in this image,False,19,0,0,0,0.0
coco:39914:81:1090,coco,39914,81,sink,a small sink near the center,True,76,0,0,0,0.0
coco:39951:16:1092,coco,39951,16,bird,a bird in the scene,True,28,0,0,0,0.0
coco:39956:13:1096,coco,39956,13,stop sign,a stop sign in the scene,True,104,0,0,0,0.0
coco:39956:62:1094,coco,39956,62,chair,a chair object,False,14,0,0,0,0.0
coco:40036:21:1098,coco,40036,21,cow,a photo containing a cow,True,6,0,0,0,0.0
coco:40036:46:1099,coco,40036,46,wine glass,a wine glass in the scene,True,105,0,0,0,0.0
coco:40083:16:1102,coco,40083,16,bird,a bird in the scene,True,95,0,0,0,0.0
coco:40083:28:1100,coco,40083,28,umbrella,the umbrella in this image,False,5,0,0,0,0.0
coco:40083:4:1101,coco,40083,4,motorcycle,a close-up of a motorcycle,True,15,0,0,0,0.0
coco:40471:24:1104,coco,40471,24,zebra,a close-up of a zebra,True,17,0,0,0,0.0
coco:40471:47:1103,coco,40471,47,cup,a photo of a cup,False,40,0,0,0,0.0
coco:40471:84:1105,coco,40471,84,book,a close-up of a book,True,34,0,0,0,0.0
coco:40757:65:1106,coco,40757,65,bed,a bed object,False,14,0,0,0,0.0
coco:40757:89:1108,coco,40757,89,hair drier,a close-up of a hair drier,True,15,0,0,0,0.0
coco:4134:3:127,coco,4134,3,car,a car in the scene,True,89,0,0,0,0.0
coco:41633:74:1113,coco,41633,74,mouse,a small mouse near the center,True,25,0,0,0,0.0
coco:41635:84:1115,coco,41635,84,book,a book in the scene,True,97,0,0,0,0.0
coco:41872:21:1119,coco,41872,21,cow,a close-up of a cow,True,10,0,0,0,0.0
coco:41872:61:1118,coco,41872,61,cake,a small cake near the center,True,23,0,0,0,0.0
coco:41872:62:1117,coco,41872,62,chair,a chair object,False,16,0,0,0,0.0
coco:41888:16:1120,coco,41888,16,bird,a bird object,False,11,0,0,0,0.0
coco:41888:57:1121,coco,41888,57,carrot,a photo containing a carrot,True,23,0,0,0,0.0
coco:41990:1:1123,coco,41990,1,person,a photo of a person,False,14,0,0,0,0.0
coco:41990:22:1125,coco,41990,22,elephant,a photo containing a elephant,True,5,0,0,0,0.0
coco:41990:81:1124,coco,41990,81,sink,a sink in the scene,True,58,0,0,0,0.0
coco:42070:3:1126,coco,42070,3,car,a photo of a car,False,15,0,0,0,0.0
coco:42102:1:1129,coco,42102,1,person,the person in this image,False,6,0,0,0,0.0
coco:42178:7:1132,coco,42178,7,train,a train object,False,206,0,0,0,0.0
coco:42276:55:1137,coco,42276,55,orange,a photo containing a orange,True,12,0,0,0,0.0
coco:42276:70:1135,coco,42276,70,toilet,a photo of a toilet,False,15,0,0,0,0.0
coco:42296:6:1139,coco,42296,6,bus,a bus in the scene,True,23,0,0,0,0.0
coco:42528:62:1141,coco,42528,62,chair,a photo of a chair,False,17,0,0,0,0.0
coco:42563:7:1144,coco,42563,7,train,a photo of a train,False,18,0,0,0,0.0
coco:42889:74:1154,coco,42889,74,mouse,a small mouse near the center,True,22,0,0,0,0.0
coco:42889:76:1152,coco,42889,76,keyboard,a visible keyboard in the scene,False,2,0,0,0,0.0
coco:43314:14:1156,coco,43314,14,parking meter,a close-up of a parking meter,True,6,0,0,0,0.0
coco:43314:1:1155,coco,43314,1,person,a photo of a person,False,15,0,0,0,0.0
coco:43435:42:1158,coco,43435,42,surfboard,the surfboard in this image,False,27,0,0,0,0.0
coco:43435:88:1160,coco,43435,88,teddy bear,a photo containing a teddy bear,True,14,0,0,0,0.0
coco:43581:8:1163,coco,43581,8,truck,a small truck near the center,True,35,0,0,0,0.0
coco:43737:9:1166,coco,43737,9,boat,a small boat near the center,True,54,0,0,0,0.0
coco:4395:44:130,coco,4395,44,bottle,a close-up of a bottle,True,13,0,0,0,0.0
coco:44068:36:1172,coco,44068,36,snowboard,a small snowboard near the center,True,34,0,0,0,0.0
coco:44068:62:1170,coco,44068,62,chair,a chair object,False,3,0,0,0,0.0
coco:44068:86:1171,coco,44068,86,vase,a photo containing a vase,True,7,0,0,0,0.0
coco:44260:53:1176,coco,44260,53,apple,a photo of a apple,False,30,0,0,0,0.0
coco:44279:3:1180,coco,44279,3,car,a small car near the center,True,86,0,0,0,0.0
coco:44279:51:1179,coco,44279,51,bowl,a visible bowl in the scene,False,46,0,0,0,0.0
coco:44590:1:1182,coco,44590,1,person,a person object,False,85,0,0,0,0.0
coco:44590:72:1183,coco,44590,72,tv,a tv in the scene,True,69,0,0,0,0.0
coco:44590:79:1184,coco,44590,79,oven,a close-up of a oven,True,29,0,0,0,0.0
coco:44652:42:1187,coco,44652,42,surfboard,a photo containing a surfboard,True,21,0,0,0,0.0
coco:44652:5:1185,coco,44652,5,airplane,a visible airplane in the scene,False,2,0,0,0,0.0
coco:44699:20:1188,coco,44699,20,sheep,a photo of a sheep,False,23,0,0,0,0.0
coco:44699:79:1189,coco,44699,79,oven,a small oven near the center,True,27,0,0,0,0.0
coco:44699:84:1190,coco,44699,84,book,a book in the scene,True,78,0,0,0,0.0
coco:44877:1:1191,coco,44877,1,person,the person in this image,False,9,0,0,0,0.0
coco:44877:32:1192,coco,44877,32,tie,a close-up of a tie,True,21,0,0,0,0.0
coco:44877:48:1193,coco,44877,48,fork,a fork in the scene,True,30,0,0,0,0.0
coco:45070:65:1196,coco,45070,65,bed,a bed in the scene,True,17,0,0,0,0.0
coco:45070:84:1195,coco,45070,84,book,a small book near the center,True,53,0,0,0,0.0
coco:45090:42:1197,coco,45090,42,surfboard,the surfboard in this image,False,24,0,0,0,0.0
coco:45090:47:1199,coco,45090,47,cup,a close-up of a cup,True,2,0,0,0,0.0
coco:45090:65:1198,coco,45090,65,bed,a photo containing a bed,True,15,0,0,0,0.0
coco:45229:31:1201,coco,45229,31,handbag,a handbag in the scene,True,35,0,0,0,0.0
coco:45472:49:1205,coco,45472,49,knife,a close-up of a knife,True,186,0,0,0,0.0
coco:45472:55:1203,coco,45472,55,orange,a orange object,False,26,0,0,0,0.0
coco:45472:79:1204,coco,45472,79,oven,a oven in the scene,True,30,0,0,0,0.0
coco:45550:24:1208,coco,45550,24,zebra,a small zebra near the center,True,62,0,0,0,0.0
coco:45550:54:1206,coco,45550,54,sandwich,a sandwich object,False,6,0,0,0,0.0
coco:45596:28:1209,coco,45596,28,umbrella,a umbrella object,False,25,0,0,0,0.0
coco:46031:19:1217,coco,46031,19,horse,a photo containing a horse,True,19,0,0,0,0.0
coco:46048:1:1218,coco,46048,1,person,a person object,False,12,0,0,0,0.0
coco:46048:77:1219,coco,46048,77,cell phone,a cell phone in the scene,True,78,0,0,0,0.0
coco:46252:28:1223,coco,46252,28,umbrella,a small umbrella near the center,True,32,0,0,0,0.0
coco:46252:39:1221,coco,46252,39,baseball bat,the baseball bat in this image,False,10,0,0,0,0.0
coco:46378:16:1224,coco,46378,16,bird,a visible bird in the scene,False,11,0,0,0,0.0
coco:46378:23:1226,coco,46378,23,bear,a bear in the scene,True,5,0,0,0,0.0
coco:46463:18:1229,coco,46463,18,dog,a close-up of a dog,True,4,0,0,0,0.0
coco:46463:79:1227,coco,46463,79,oven,the oven in this image,False,15,0,0,0,0.0
coco:46804:20:1233,coco,46804,20,sheep,the sheep in this image,False,2,0,0,0,0.0
coco:46804:82:1235,coco,46804,82,refrigerator,a photo containing a refrigerator,True,4,0,0,0,0.0
coco:46872:2:1238,coco,46872,2,bicycle,a bicycle in the scene,True,58,0,0,0,0.0
coco:47010:70:1240,coco,47010,70,toilet,a close-up of a toilet,True,12,0,0,0,0.0
coco:47112:59:1242,coco,47112,59,pizza,a visible pizza in the scene,False,3,0,0,0,0.0
coco:47121:51:1245,coco,47121,51,bowl,a photo of a bowl,False,16,0,0,0,0.0
coco:47571:14:1250,coco,47571,14,parking meter,a small parking meter near the center,True,79,0,0,0,0.0
coco:47571:19:1248,coco,47571,19,horse,a visible horse in the scene,False,2,0,0,0,0.0
coco:47585:21:1252,coco,47585,21,cow,a small cow near the center,True,3,0,0,0,0.0
coco:47585:32:1251,coco,47585,32,tie,a tie object,False,42,0,0,0,0.0
coco:4765:42:135,coco,4765,42,surfboard,the surfboard in this image,False,17,0,0,0,0.0
coco:4765:5:136,coco,4765,5,airplane,a close-up of a airplane,True,6,0,0,0,0.0
coco:47740:56:1255,coco,47740,56,broccoli,a broccoli in the scene,True,300,0,0,0,0.0
coco:47769:16:1259,coco,47769,16,bird,a bird in the scene,True,38,0,0,0,0.0
coco:47769:46:1258,coco,47769,46,wine glass,a close-up of a wine glass,True,18,0,0,0,0.0
coco:47801:20:1262,coco,47801,20,sheep,a close-up of a sheep,True,4,0,0,0,0.0
coco:4795:17:138,coco,4795,17,cat,a photo of a cat,False,6,0,0,0,0.0
coco:4795:80:140,coco,4795,80,toaster,a photo containing a toaster,True,7,0,0,0,0.0
coco:48153:1:1269,coco,48153,1,person,a visible person in the scene,False,4,0,0,0,0.0
coco:48153:60:1271,coco,48153,60,donut,a photo containing a donut,True,8,0,0,0,0.0
coco:48396:40:1273,coco,48396,40,baseball glove,a baseball glove in the scene,True,61,0,0,0,0.0
coco:48396:8:1274,coco,48396,8,truck,a close-up of a truck,True,11,0,0,0,0.0
coco:48504:22:1275,coco,48504,22,elephant,a photo of a elephant,False,12,0,0,0,0.0
coco:48504:46:1277,coco,48504,46,wine glass,a photo containing a wine glass,True,13,0,0,0,0.0
coco:48555:19:1278,coco,48555,19,horse,the horse in this image,False,14,0,0,0,0.0
coco:48555:86:1280,coco,48555,86,vase,a close-up of a vase,True,8,0,0,0,0.0
coco:48564:1:1281,coco,48564,1,person,the person in this image,False,3,0,0,0,0.0
coco:48564:49:1282,coco,48564,49,knife,a close-up of a knife,True,8,0,0,0,0.0
coco:48924:15:1286,coco,48924,15,bench,a bench in the scene,True,35,0,0,0,0.0
coco:48924:27:1284,coco,48924,27,backpack,a visible backpack in the scene,False,24,0,0,0,0.0
coco:48924:62:1285,coco,48924,62,chair,a photo containing a chair,True,19,0,0,0,0.0
coco:49060:70:1289,coco,49060,70,toilet,a small toilet near the center,True,63,0,0,0,0.0
coco:49259:1:1292,coco,49259,1,person,the person in this image,False,3,0,0,0,0.0
coco:49259:51:1294,coco,49259,51,bowl,a close-up of a bowl,True,21,0,0,0,0.0
coco:49269:54:1296,coco,49269,54,sandwich,a sandwich in the scene,True,4,0,0,0,0.0
coco:49269:7:1297,coco,49269,7,train,a close-up of a train,True,6,0,0,0,0.0
coco:49759:44:1299,coco,49759,44,bottle,a photo containing a bottle,True,38,0,0,0,0.0
coco:49759:60:1300,coco,49759,60,donut,a close-up of a donut,True,12,0,0,0,0.0
coco:49761:16:1301,coco,49761,16,bird,a bird object,False,52,0,0,0,0.0
coco:49810:74:1305,coco,49810,74,mouse,a mouse in the scene,True,13,0,0,0,0.0
coco:5001:8:142,coco,5001,8,truck,a truck in the scene,True,52,0,0,0,0.0
coco:50149:9:1315,coco,50149,9,boat,a photo containing a boat,True,10,0,0,0,0.0
coco:50165:7:1316,coco,50165,7,train,the train in this image,False,3,0,0,0,0.0
coco:50326:82:1320,coco,50326,82,refrigerator,a close-up of a refrigerator,True,6,0,0,0,0.0
coco:50331:64:1322,coco,50331,64,potted plant,the potted plant in this image,False,10,0,0,0,0.0
coco:50331:6:1323,coco,50331,6,bus,a bus in the scene,True,27,0,0,0,0.0
coco:50331:73:1324,coco,50331,73,laptop,a photo containing a laptop,True,6,0,0,0,0.0
coco:5037:16:146,coco,5037,16,bird,a photo containing a bird,True,22,0,0,0,0.0
coco:5037:6:144,coco,5037,6,bus,a bus object,False,2,0,0,0,0.0
coco:50380:33:1326,coco,50380,33,suitcase,a photo containing a suitcase,True,31,0,0,0,0.0
coco:50380:62:1325,coco,50380,62,chair,a chair object,False,23,0,0,0,0.0
coco:5060:36:149,coco,5060,36,snowboard,a close-up of a snowboard,True,15,0,0,0,0.0
coco:50638:43:1329,coco,50638,43,tennis racket,a photo containing a tennis racket,True,12,0,0,0,0.0
coco:50638:88:1328,coco,50638,88,teddy bear,a visible teddy bear in the scene,False,3,0,0,0,0.0
coco:50679:38:1333,coco,50679,38,kite,a kite in the scene,True,12,0,0,0,0.0
coco:50828:55:1339,coco,50828,55,orange,a close-up of a orange,True,9,0,0,0,0.0
coco:50828:65:1337,coco,50828,65,bed,a visible bed in the scene,False,9,0,0,0,0.0
coco:50844:28:1341,coco,50844,28,umbrella,a umbrella in the scene,True,44,0,0,0,0.0
coco:50844:67:1342,coco,50844,67,dining table,a photo containing a dining table,True,6,0,0,0,0.0
coco:50943:42:1346,coco,50943,42,surfboard,a surfboard object,False,11,0,0,0,0.0
coco:51008:36:1351,coco,51008,36,snowboard,a snowboard in the scene,True,18,0,0,0,0.0
coco:51309:50:1354,coco,51309,50,spoon,a small spoon near the center,True,119,0,0,0,0.0
coco:51309:76:1353,coco,51309,76,keyboard,a photo containing a keyboard,True,8,0,0,0,0.0
coco:51314:42:1355,coco,51314,42,surfboard,a visible surfboard in the scene,False,6,0,0,0,0.0
coco:51314:89:1356,coco,51314,89,hair drier,a small hair drier near the center,True,28,0,0,0,0.0
coco:51326:35:1360,coco,51326,35,skis,a small skis near the center,True,83,0,0,0,0.0
coco:51326:86:1358,coco,51326,86,vase,a vase object,False,16,0,0,0,0.0
coco:51598:22:1362,coco,51598,22,elephant,a small elephant near the center,True,46,0,0,0,0.0
coco:51610:64:1365,coco,51610,64,potted plant,a small potted plant near the center,True,34,0,0,0,0.0
coco:51610:65:1364,coco,51610,65,bed,the bed in this image,False,15,0,0,0,0.0
coco:51712:35:1367,coco,51712,35,skis,the skis in this image,False,9,0,0,0,0.0
coco:51738:3:1372,coco,51738,3,car,a photo containing a car,True,11,0,0,0,0.0
coco:51738:62:1370,coco,51738,62,chair,the chair in this image,False,8,0,0,0,0.0
coco:51938:40:1375,coco,51938,40,baseball glove,a close-up of a baseball glove,True,32,0,0,0,0.0
coco:51961:70:1378,coco,51961,70,toilet,a photo containing a toilet,True,11,0,0,0,0.0
coco:51976:32:1380,coco,51976,32,tie,a small tie near the center,True,28,0,0,0,0.0
coco:52007:56:1384,coco,52007,56,broccoli,a photo containing a broccoli,True,36,0,0,0,0.0
coco:52017:28:1387,coco,52017,28,umbrella,a small umbrella near the center,True,42,0,0,0,0.0
coco:52017:52:1386,coco,52017,52,banana,a small banana near the center,True,65,0,0,0,0.0
coco:52412:38:1390,coco,52412,38,kite,a small kite near the center,True,63,0,0,0,0.0
coco:52413:27:1393,coco,52413,27,backpack,a close-up of a backpack,True,29,0,0,0,0.0
coco:52413:47:1391,coco,52413,47,cup,a photo of a cup,False,21,0,0,0,0.0
coco:52462:32:1396,coco,52462,32,tie,a small tie near the center,True,58,0,0,0,0.0
coco:52565:77:1401,coco,52565,77,cell phone,a close-up of a cell phone,True,5,0,0,0,0.0
coco:52591:46:1404,coco,52591,46,wine glass,a small wine glass near the center,True,59,0,0,0,0.0
coco:52891:88:1408,coco,52891,88,teddy bear,a close-up of a teddy bear,True,4,0,0,0,0.0
coco:52996:49:1409,coco,52996,49,knife,a visible knife in the scene,False,22,0,0,0,0.0
coco:53505:70:1412,coco,53505,70,toilet,a visible toilet in the scene,False,3,0,0,0,0.0
coco:53529:27:1416,coco,53529,27,backpack,a backpack in the scene,True,63,0,0,0,0.0
coco:53624:3:1420,coco,53624,3,car,a close-up of a car,True,10,0,0,0,0.0
coco:53624:61:1419,coco,53624,61,cake,a close-up of a cake,True,14,0,0,0,0.0
coco:53626:32:1422,coco,53626,32,tie,a tie in the scene,True,91,0,0,0,0.0
coco:53626:35:1421,coco,53626,35,skis,a skis object,False,91,0,0,0,0.0
coco:53909:14:1426,coco,53909,14,parking meter,a small parking meter near the center,True,4,0,0,0,0.0
coco:53909:77:1424,coco,53909,77,cell phone,a visible cell phone in the scene,False,3,0,0,0,0.0
coco:53994:43:1429,coco,53994,43,tennis racket,a photo containing a tennis racket,True,9,0,0,0,0.0
coco:54123:76:1431,coco,54123,76,keyboard,a small keyboard near the center,True,36,0,0,0,0.0
coco:54164:1:1433,coco,54164,1,person,a person object,False,4,0,0,0,0.0
coco:54592:35:1436,coco,54592,35,skis,a visible skis in the scene,False,17,0,0,0,0.0
coco:54592:76:1438,coco,54592,76,keyboard,a photo containing a keyboard,True,10,0,0,0,0.0
coco:54605:39:1443,coco,54605,39,baseball bat,a baseball bat in the scene,True,62,0,0,0,0.0
coco:54628:67:1445,coco,54628,67,dining table,the dining table in this image,False,20,0,0,0,0.0
coco:54628:74:1447,coco,54628,74,mouse,a close-up of a mouse,True,13,0,0,0,0.0
coco:54654:1:1448,coco,54654,1,person,a person object,False,8,0,0,0,0.0
coco:54654:44:1450,coco,54654,44,bottle,a small bottle near the center,True,65,0,0,0,0.0
coco:5477:5:153,coco,5477,5,airplane,the airplane in this image,False,8,0,0,0,0.0
coco:54931:80:1452,coco,54931,80,toaster,a close-up of a toaster,True,5,0,0,0,0.0
coco:54967:1:1454,coco,54967,1,person,a person object,False,30,0,0,0,0.0
coco:54967:79:1456,coco,54967,79,oven,a small oven near the center,True,26,0,0,0,0.0
coco:55002:31:1459,coco,55002,31,handbag,a photo containing a handbag,True,15,0,0,0,0.0
coco:55002:84:1458,coco,55002,84,book,a close-up of a book,True,19,0,0,0,0.0
coco:5503:70:156,coco,5503,70,toilet,a toilet object,False,12,0,0,0,0.0
coco:5503:74:158,coco,5503,74,mouse,a small mouse near the center,True,25,0,0,0,0.0
coco:55150:16:1467,coco,55150,16,bird,a small bird near the center,True,63,0,0,0,0.0
coco:55150:84:1466,coco,55150,84,book,the book in this image,False,16,0,0,0,0.0
coco:55167:6:1469,coco,55167,6,bus,a bus object,False,15,0,0,0,0.0
coco:55299:28:1472,coco,55299,28,umbrella,a umbrella object,False,31,0,0,0,0.0
coco:55299:86:1474,coco,55299,86,vase,a close-up of a vase,True,10,0,0,0,0.0
coco:5529:1:159,coco,5529,1,person,a visible person in the scene,False,2,0,0,0,0.0
coco:5529:23:161,coco,5529,23,bear,a small bear near the center,True,38,0,0,0,0.0
coco:5529:27:160,coco,5529,27,backpack,a photo containing a backpack,True,22,0,0,0,0.0
coco:55528:19:1477,coco,55528,19,horse,a small horse near the center,True,51,0,0,0,0.0
coco:55528:84:1475,coco,55528,84,book,a visible book in the scene,False,25,0,0,0,0.0
coco:5586:43:162,coco,5586,43,tennis racket,a photo of a tennis racket,False,28,0,0,0,0.0
coco:55950:1:1478,coco,55950,1,person,a person object,False,6,0,0,0,0.0
coco:5600:51:165,coco,5600,51,bowl,a photo of a bowl,False,10,0,0,0,0.0
coco:56127:3:1482,coco,56127,3,car,a photo containing a car,True,9,0,0,0,0.0
coco:56288:36:1485,coco,56288,36,snowboard,a snowboard in the scene,True,18,0,0,0,0.0
coco:56288:49:1486,coco,56288,49,knife,a photo containing a knife,True,28,0,0,0,0.0
coco:56344:90:1488,coco,56344,90,toothbrush,a small toothbrush near the center,True,85,0,0,0,0.0
coco:56350:1:1490,coco,56350,1,person,a person object,False,84,0,0,0,0.0
coco:56350:5:1492,coco,56350,5,airplane,a close-up of a airplane,True,7,0,0,0,0.0
coco:56545:16:1493,coco,56545,16,bird,a visible bird in the scene,False,2,0,0,0,0.0
coco:56545:72:1495,coco,56545,72,tv,a tv in the scene,True,14,0,0,0,0.0
coco:57027:22:1496,coco,57027,22,elephant,a visible elephant in the scene,False,12,0,0,0,0.0
coco:57027:6:1497,coco,57027,6,bus,a bus in the scene,True,8,0,0,0,0.0
coco:57150:1:1502,coco,57150,1,person,the person in this image,False,85,0,0,0,0.0
coco:57232:58:1507,coco,57232,58,hot dog,a hot dog in the scene,True,83,0,0,0,0.0
coco:57238:59:1509,coco,57238,59,pizza,a close-up of a pizza,True,7,0,0,0,0.0
coco:57238:74:1510,coco,57238,74,mouse,a mouse in the scene,True,48,0,0,0,0.0
coco:57244:19:1513,coco,57244,19,horse,a horse in the scene,True,6,0,0,0,0.0
coco:57244:24:1512,coco,57244,24,zebra,a close-up of a zebra,True,5,0,0,0,0.0
coco:57244:7:1511,coco,57244,7,train,a photo of a train,False,5,0,0,0,0.0
coco:57597:73:1516,coco,57597,73,laptop,a laptop in the scene,True,88,0,0,0,0.0
coco:57725:39:1521,coco,57725,39,baseball bat,a baseball bat in the scene,True,102,0,0,0,0.0
coco:57725:85:1520,coco,57725,85,clock,the clock in this image,False,16,0,0,0,0.0
coco:57760:48:1525,coco,57760,48,fork,a close-up of a fork,True,71,0,0,0,0.0
coco:57760:60:1524,coco,57760,60,donut,a donut in the scene,True,99,0,0,0,0.0
coco:58029:50:1528,coco,58029,50,spoon,a small spoon near the center,True,59,0,0,0,0.0
coco:58111:1:1531,coco,58111,1,person,a photo containing a person,True,3,0,0,0,0.0
coco:58111:7:1530,coco,58111,7,train,a small train near the center,True,6,0,0,0,0.0
coco:58111:84:1529,coco,58111,84,book,a book object,False,64,0,0,0,0.0
coco:58350:46:1533,coco,58350,46,wine glass,a small wine glass near the center,True,44,0,0,0,0.0
coco:58384:38:1536,coco,58384,38,kite,a kite in the scene,True,20,0,0,0,0.0
coco:58393:15:1538,coco,58393,15,bench,a bench object,False,2,0,0,0,0.0
coco:58393:85:1539,coco,58393,85,clock,a close-up of a clock,True,4,0,0,0,0.0
coco:58539:50:1543,coco,58539,50,spoon,a small spoon near the center,True,81,0,0,0,0.0
coco:58539:55:1542,coco,58539,55,orange,a close-up of a orange,True,9,0,0,0,0.0
coco:58636:20:1545,coco,58636,20,sheep,a small sheep near the center,True,36,0,0,0,0.0
coco:58655:59:1548,coco,58655,59,pizza,a photo containing a pizza,True,8,0,0,0,0.0
coco:58705:19:1551,coco,58705,19,horse,a close-up of a horse,True,10,0,0,0,0.0
coco:58705:50:1550,coco,58705,50,spoon,a photo containing a spoon,True,28,0,0,0,0.0
coco:59044:75:1552,coco,59044,75,remote,the remote in this image,False,29,0,0,0,0.0
coco:59044:81:1554,coco,59044,81,sink,a small sink near the center,True,33,0,0,0,0.0
coco:59386:24:1555,coco,59386,24,zebra,the zebra in this image,False,10,0,0,0,0.0
coco:59598:1:1558,coco,59598,1,person,a visible person in the scene,False,18,0,0,0,0.0
coco:59598:3:1560,coco,59598,3,car,a close-up of a car,True,9,0,0,0,0.0
coco:59598:47:1559,coco,59598,47,cup,a close-up of a cup,True,6,0,0,0,0.0
coco:59635:14:1563,coco,59635,14,parking meter,a small parking meter near the center,True,72,0,0,0,0.0
coco:59635:59:1562,coco,59635,59,pizza,a photo containing a pizza,True,21,0,0,0,0.0
coco:59920:70:1564,coco,59920,70,toilet,a photo of a toilet,False,17,0,0,0,0.0
coco:5992:20:168,coco,5992,20,sheep,a photo of a sheep,False,14,0,0,0,0.0
coco:5992:25:170,coco,5992,25,giraffe,a small giraffe near the center,True,21,0,0,0,0.0
coco:60052:28:1567,coco,60052,28,umbrella,a umbrella object,False,14,0,0,0,0.0
coco:60090:54:1572,coco,60090,54,sandwich,a small sandwich near the center,True,73,0,0,0,0.0
coco:60090:7:1570,coco,60090,7,train,the train in this image,False,3,0,0,0,0.0
coco:60102:43:1575,coco,60102,43,tennis racket,a small tennis racket near the center,True,29,0,0,0,0.0
coco:6012:79:173,coco,6012,79,oven,a close-up of a oven,True,3,0,0,0,0.0
coco:60347:62:1578,coco,60347,62,chair,a small chair near the center,True,7,0,0,0,0.0
coco:60347:6:1577,coco,60347,6,bus,a small bus near the center,True,47,0,0,0,0.0
coco:6040:44:175,coco,6040,44,bottle,a photo containing a bottle,True,13,0,0,0,0.0
coco:60449:1:1584,coco,60449,1,person,a person in the scene,True,30,0,0,0,0.0
coco:60449:67:1582,coco,60449,67,dining table,the dining table in this image,False,8,0,0,0,0.0
coco:60449:78:1583,coco,60449,78,microwave,a close-up of a microwave,True,11,0,0,0,0.0
coco:60507:64:1586,coco,60507,64,potted plant,a photo containing a potted plant,True,11,0,0,0,0.0
coco:60770:24:1588,coco,60770,24,zebra,the zebra in this image,False,5,0,0,0,0.0
coco:60770:90:1589,coco,60770,90,toothbrush,a close-up of a toothbrush,True,6,0,0,0,0.0
coco:60823:80:1592,coco,60823,80,toaster,a close-up of a toaster,True,5,0,0,0,0.0
coco:60835:56:1596,coco,60835,56,broccoli,a photo containing a broccoli,True,12,0,0,0,0.0
coco:60835:84:1595,coco,60835,84,book,a photo containing a book,True,18,0,0,0,0.0
coco:60855:55:1597,coco,60855,55,orange,a photo of a orange,False,11,0,0,0,0.0
coco:60855:74:1599,coco,60855,74,mouse,a photo containing a mouse,True,6,0,0,0,0.0
coco:60886:1:1600,coco,60886,1,person,a person object,False,64,0,0,0,0.0
coco:60886:2:1601,coco,60886,2,bicycle,a bicycle in the scene,True,77,0,0,0,0.0
coco:60886:85:1602,coco,60886,85,clock,a clock in the scene,True,53,0,0,0,0.0
coco:60899:1:1603,coco,60899,1,person,a person object,False,12,0,0,0,0.0
coco:60899:3:1605,coco,60899,3,car,a close-up of a car,True,11,0,0,0,0.0
coco:61108:15:1609,coco,61108,15,bench,a photo of a bench,False,23,0,0,0,0.0
coco:61108:27:1610,coco,61108,27,backpack,a backpack in the scene,True,31,0,0,0,0.0
coco:61171:19:1612,coco,61171,19,horse,a visible horse in the scene,False,4,0,0,0,0.0
coco:61171:23:1614,coco,61171,23,bear,a small bear near the center,True,25,0,0,0,0.0
coco:61268:76:1616,coco,61268,76,keyboard,a keyboard in the scene,True,132,0,0,0,0.0
coco:61333:3:1619,coco,61333,3,car,a photo containing a car,True,7,0,0,0,0.0
coco:61333:65:1618,coco,61333,65,bed,a bed object,False,5,0,0,0,0.0
coco:61418:47:1622,coco,61418,47,cup,a cup in the scene,True,116,0,0,0,0.0
coco:61471:88:1626,coco,61471,88,teddy bear,a photo containing a teddy bear,True,7,0,0,0,0.0
coco:61584:65:1628,coco,61584,65,bed,a small bed near the center,True,30,0,0,0,0.0
coco:61584:90:1629,coco,61584,90,toothbrush,a small toothbrush near the center,True,75,0,0,0,0.0
coco:61658:1:1632,coco,61658,1,person,a small person near the center,True,52,0,0,0,0.0
coco:61658:56:1630,coco,61658,56,broccoli,a photo of a broccoli,False,22,0,0,0,0.0
coco:61747:35:1633,coco,61747,35,skis,a visible skis in the scene,False,25,0,0,0,0.0
coco:61747:75:1634,coco,61747,75,remote,a photo containing a remote,True,8,0,0,0,0.0
coco:61960:25:1638,coco,61960,25,giraffe,a close-up of a giraffe,True,6,0,0,0,0.0
coco:61960:65:1636,coco,61960,65,bed,a bed object,False,6,0,0,0,0.0
coco:62025:82:1640,coco,62025,82,refrigerator,a refrigerator in the scene,True,40,0,0,0,0.0
coco:6213:18:178,coco,6213,18,dog,a small dog near the center,True,47,0,0,0,0.0
coco:62353:1:1642,coco,62353,1,person,a photo of a person,False,29,0,0,0,0.0
coco:62353:61:1644,coco,62353,61,cake,a cake in the scene,True,64,0,0,0,0.0
coco:62355:19:1647,coco,62355,19,horse,a photo containing a horse,True,12,0,0,0,0.0
coco:62355:39:1645,coco,62355,39,baseball bat,the baseball bat in this image,False,11,0,0,0,0.0
coco:62554:20:1649,coco,62554,20,sheep,a small sheep near the center,True,44,0,0,0,0.0
coco:62554:49:1650,coco,62554,49,knife,a photo containing a knife,True,18,0,0,0,0.0
coco:62554:56:1648,coco,62554,56,broccoli,the broccoli in this image,False,22,0,0,0,0.0
coco:62692:1:1651,coco,62692,1,person,a visible person in the scene,False,2,0,0,0,0.0
coco:62692:41:1653,coco,62692,41,skateboard,a skateboard in the scene,True,47,0,0,0,0.0
coco:62692:67:1652,coco,62692,67,dining table,a photo containing a dining table,True,7,0,0,0,0.0
coco:62808:36:1656,coco,62808,36,snowboard,a photo containing a snowboard,True,15,0,0,0,0.0
coco:632:64:6,coco,632,64,potted plant,a potted plant object,False,13,0,0,0,0.0
coco:63552:1:1665,coco,63552,1,person,a small person near the center,True,14,0,0,0,0.0
coco:63602:47:1666,coco,63602,47,cup,the cup in this image,False,3,0,0,0,0.0
coco:63740:34:1671,coco,63740,34,frisbee,a frisbee in the scene,True,58,0,0,0,0.0
coco:63965:79:1673,coco,63965,79,oven,a close-up of a oven,True,8,0,0,0,0.0
coco:64084:49:1675,coco,64084,49,knife,a photo of a knife,False,89,0,0,0,0.0
coco:64084:77:1676,coco,64084,77,cell phone,a small cell phone near the center,True,22,0,0,0,0.0
coco:64359:24:1678,coco,64359,24,zebra,the zebra in this image,False,17,0,0,0,0.0
coco:64359:47:1680,coco,64359,47,cup,a small cup near the center,True,70,0,0,0,0.0
coco:64495:14:1684,coco,64495,14,parking meter,a parking meter object,False,6,0,0,0,0.0
coco:64495:28:1686,coco,64495,28,umbrella,a photo containing a umbrella,True,14,0,0,0,0.0
coco:64495:54:1685,coco,64495,54,sandwich,a photo containing a sandwich,True,9,0,0,0,0.0
coco:64499:53:1688,coco,64499,53,apple,a close-up of a apple,True,15,0,0,0,0.0
coco:64523:2:1692,coco,64523,2,bicycle,a photo containing a bicycle,True,24,0,0,0,0.0
coco:64574:41:1693,coco,64574,41,skateboard,a skateboard in the scene,True,25,0,0,0,0.0
coco:6460:87:182,coco,6460,87,scissors,a scissors in the scene,True,12,0,0,0,0.0
coco:64718:2:1696,coco,64718,2,bicycle,a photo containing a bicycle,True,6,0,0,0,0.0
coco:6471:64:184,coco,6471,64,potted plant,a photo containing a potted plant,True,17,0,0,0,0.0
coco:64898:42:1701,coco,64898,42,surfboard,a visible surfboard in the scene,False,9,0,0,0,0.0
coco:65074:13:1705,coco,65074,13,stop sign,a stop sign in the scene,True,22,0,0,0,0.0
coco:65074:65:1704,coco,65074,65,bed,a visible bed in the scene,False,9,0,0,0,0.0
coco:65288:67:1708,coco,65288,67,dining table,a photo containing a dining table,True,6,0,0,0,0.0
coco:65350:53:1711,coco,65350,53,apple,a apple in the scene,True,37,0,0,0,0.0
coco:65350:81:1712,coco,65350,81,sink,a small sink near the center,True,57,0,0,0,0.0
coco:65455:22:1715,coco,65455,22,elephant,a small elephant near the center,True,23,0,0,0,0.0
coco:65455:25:1713,coco,65455,25,giraffe,a giraffe object,False,19,0,0,0,0.0
coco:65455:47:1714,coco,65455,47,cup,a photo containing a cup,True,38,0,0,0,0.0
coco:65485:11:1718,coco,65485,11,fire hydrant,a close-up of a fire hydrant,True,2,0,0,0,0.0
coco:65485:3:1716,coco,65485,3,car,a photo of a car,False,11,0,0,0,0.0
coco:65485:81:1717,coco,65485,81,sink,a photo containing a sink,True,15,0,0,0,0.0
coco:65736:23:1721,coco,65736,23,bear,a small bear near the center,True,16,0,0,0,0.0
coco:65736:77:1720,coco,65736,77,cell phone,a cell phone in the scene,True,37,0,0,0,0.0
coco:65798:37:1722,coco,65798,37,sports ball,a photo of a sports ball,False,16,0,0,0,0.0
coco:66135:7:1728,coco,66135,7,train,a photo of a train,False,7,0,0,0,0.0
coco:6614:18:187,coco,6614,18,dog,a close-up of a dog,True,10,0,0,0,0.0
coco:6614:55:186,coco,6614,55,orange,the orange in this image,False,13,0,0,0,0.0
coco:66231:27:1732,coco,66231,27,backpack,a close-up of a backpack,True,17,0,0,0,0.0
coco:66231:44:1731,coco,66231,44,bottle,a visible bottle in the scene,False,22,0,0,0,0.0
coco:66523:56:1736,coco,66523,56,broccoli,a close-up of a broccoli,True,7,0,0,0,0.0
coco:66561:17:1739,coco,66561,17,cat,a photo containing a cat,True,7,0,0,0,0.0
coco:66561:19:1738,coco,66561,19,horse,a small horse near the center,True,5,0,0,0,0.0
coco:66561:20:1737,coco,66561,20,sheep,a visible sheep in the scene,False,6,0,0,0,0.0
coco:66635:86:1742,coco,66635,86,vase,a photo containing a vase,True,11,0,0,0,0.0
coco:66706:52:1743,coco,66706,52,banana,the banana in this image,False,18,0,0,0,0.0
coco:66706:70:1744,coco,66706,70,toilet,a close-up of a toilet,True,17,0,0,0,0.0
coco:66817:51:1749,coco,66817,51,bowl,a photo of a bowl,False,16,0,0,0,0.0
coco:66817:9:1750,coco,66817,9,boat,a small boat near the center,True,16,0,0,0,0.0
coco:66841:15:1753,coco,66841,15,bench,a bench in the scene,True,9,0,0,0,0.0
coco:66841:38:1754,coco,66841,38,kite,a kite in the scene,True,23,0,0,0,0.0
coco:66926:60:1758,coco,66926,60,donut,a visible donut in the scene,False,23,0,0,0,0.0
coco:67180:15:1761,coco,67180,15,bench,a bench object,False,10,0,0,0,0.0
coco:67180:59:1763,coco,67180,59,pizza,a pizza in the scene,True,52,0,0,0,0.0
coco:67180:60:1762,coco,67180,60,donut,a small donut near the center,True,33,0,0,0,0.0
coco:67213:79:1765,coco,67213,79,oven,a oven in the scene,True,22,0,0,0,0.0
coco:6723:3:189,coco,6723,3,car,a visible car in the scene,False,17,0,0,0,0.0
coco:6723:76:190,coco,6723,76,keyboard,a close-up of a keyboard,True,44,0,0,0,0.0
coco:67310:13:1768,coco,67310,13,stop sign,a close-up of a stop sign,True,24,0,0,0,0.0
coco:67310:41:1767,coco,67310,41,skateboard,the skateboard in this image,False,3,0,0,0,0.0
coco:67310:79:1769,coco,67310,79,oven,a oven in the scene,True,70,0,0,0,0.0
coco:67315:32:1770,coco,67315,32,tie,a photo of a tie,False,22,0,0,0,0.0
coco:67406:55:1774,coco,67406,55,orange,a orange in the scene,True,61,0,0,0,0.0
coco:67406:5:1775,coco,67406,5,airplane,a photo containing a airplane,True,17,0,0,0,0.0
coco:67616:2:1779,coco,67616,2,bicycle,a bicycle object,False,35,0,0,0,0.0
coco:6771:77:195,coco,6771,77,cell phone,a visible cell phone in the scene,False,7,0,0,0,0.0
coco:67896:60:1784,coco,67896,60,donut,a donut in the scene,True,18,0,0,0,0.0
coco:67896:87:1783,coco,67896,87,scissors,a scissors in the scene,True,20,0,0,0,0.0
coco:68078:50:1786,coco,68078,50,spoon,a small spoon near the center,True,34,0,0,0,0.0
coco:68078:70:1785,coco,68078,70,toilet,a toilet object,False,29,0,0,0,0.0
coco:68093:1:1788,coco,68093,1,person,a visible person in the scene,False,7,0,0,0,0.0
coco:68093:40:1790,coco,68093,40,baseball glove,a close-up of a baseball glove,True,23,0,0,0,0.0
coco:6818:70:198,coco,6818,70,toilet,a visible toilet in the scene,False,6,0,0,0,0.0
coco:6818:85:200,coco,6818,85,clock,a close-up of a clock,True,7,0,0,0,0.0
coco:68286:85:1793,coco,68286,85,clock,a photo containing a clock,True,14,0,0,0,0.0
coco:68387:18:1796,coco,68387,18,dog,a photo containing a dog,True,18,0,0,0,0.0
coco:68387:39:1794,coco,68387,39,baseball bat,a visible baseball bat in the scene,False,10,0,0,0,0.0
coco:68409:32:1797,coco,68409,32,tie,a tie object,False,93,0,0,0,0.0
coco:68765:14:1804,coco,68765,14,parking meter,a small parking meter near the center,True,12,0,0,0,0.0
coco:68765:76:1803,coco,68765,76,keyboard,a visible keyboard in the scene,False,1,0,0,0,0.0
coco:68765:77:1805,coco,68765,77,cell phone,a cell phone in the scene,True,12,0,0,0,0.0
coco:68833:32:1807,coco,68833,32,tie,a tie in the scene,True,136,0,0,0,0.0
coco:68933:16:1810,coco,68933,16,bird,a close-up of a bird,True,9,0,0,0,0.0
coco:68933:43:1811,coco,68933,43,tennis racket,a small tennis racket near the center,True,88,0,0,0,0.0
coco:69106:24:1812,coco,69106,24,zebra,a visible zebra in the scene,False,14,0,0,0,0.0
coco:69106:80:1814,coco,69106,80,toaster,a small toaster near the center,True,31,0,0,0,0.0
coco:69138:73:1816,coco,69138,73,laptop,a close-up of a laptop,True,11,0,0,0,0.0
coco:69213:7:1820,coco,69213,7,train,a photo containing a train,True,8,0,0,0,0.0
coco:69224:21:1822,coco,69224,21,cow,a cow in the scene,True,31,0,0,0,0.0
coco:69224:39:1823,coco,69224,39,baseball bat,a baseball bat in the scene,True,54,0,0,0,0.0
coco:69356:61:1826,coco,69356,61,cake,a close-up of a cake,True,22,0,0,0,0.0
coco:6954:2:205,coco,6954,2,bicycle,a bicycle in the scene,True,26,0,0,0,0.0
coco:6954:34:204,coco,6954,34,frisbee,a frisbee object,False,13,0,0,0,0.0
coco:6954:35:206,coco,6954,35,skis,a small skis near the center,True,138,0,0,0,0.0
coco:69795:64:1827,coco,69795,64,potted plant,a photo of a potted plant,False,8,0,0,0,0.0
coco:70229:48:1838,coco,70229,48,fork,a small fork near the center,True,42,0,0,0,0.0
coco:70739:1:1842,coco,70739,1,person,a visible person in the scene,False,9,0,0,0,0.0
coco:70739:3:1844,coco,70739,3,car,a close-up of a car,True,5,0,0,0,0.0
coco:70774:2:1845,coco,70774,2,bicycle,a visible bicycle in the scene,False,11,0,0,0,0.0
coco:7088:19:209,coco,7088,19,horse,a small horse near the center,True,68,0,0,0,0.0
coco:7088:28:207,coco,7088,28,umbrella,a photo of a umbrella,False,33,0,0,0,0.0
coco:7088:75:208,coco,7088,75,remote,a photo containing a remote,True,13,0,0,0,0.0
coco:7108:28:211,coco,7108,28,umbrella,a photo containing a umbrella,True,7,0,0,0,0.0
coco:7108:48:212,coco,7108,48,fork,a photo containing a fork,True,22,0,0,0,0.0
coco:71226:24:1849,coco,71226,24,zebra,a photo containing a zebra,True,10,0,0,0,0.0
coco:71226:65:1848,coco,71226,65,bed,a bed object,False,7,0,0,0,0.0
coco:71226:78:1850,coco,71226,78,microwave,a small microwave near the center,True,35,0,0,0,0.0
coco:71451:16:1852,coco,71451,16,bird,a close-up of a bird,True,5,0,0,0,0.0
coco:71451:47:1853,coco,71451,47,cup,a cup in the scene,True,20,0,0,0,0.0
coco:71451:65:1851,coco,71451,65,bed,a bed object,False,19,0,0,0,0.0
coco:71756:77:1858,coco,71756,77,cell phone,a close-up of a cell phone,True,7,0,0,0,0.0
coco:71877:81:1862,coco,71877,81,sink,a small sink near the center,True,45,0,0,0,0.0
coco:71877:84:1861,coco,71877,84,book,a small book near the center,True,56,0,0,0,0.0
coco:71938:9:1864,coco,71938,9,boat,a photo containing a boat,True,6,0,0,0,0.0
coco:72281:39:1867,coco,72281,39,baseball bat,a baseball bat in the scene,True,67,0,0,0,0.0
coco:72281:41:1866,coco,72281,41,skateboard,a skateboard object,False,3,0,0,0,0.0
coco:72281:43:1868,coco,72281,43,tennis racket,a small tennis racket near the center,True,98,0,0,0,0.0
coco:724:28:11,coco,724,28,umbrella,a photo containing a umbrella,True,18,0,0,0,0.0
coco:724:8:9,coco,724,8,truck,a visible truck in the scene,False,8,0,0,0,0.0
coco:7278:9:214,coco,7278,9,boat,a photo containing a boat,True,11,0,0,0,0.0
coco:72795:16:1871,coco,72795,16,bird,a close-up of a bird,True,10,0,0,0,0.0
coco:72795:39:1869,coco,72795,39,baseball bat,a baseball bat object,False,10,0,0,0,0.0
coco:72795:67:1870,coco,72795,67,dining table,a dining table in the scene,True,51,0,0,0,0.0
coco:72813:72:1872,coco,72813,72,tv,a photo of a tv,False,10,0,0,0,0.0
coco:72813:88:1873,coco,72813,88,teddy bear,a small teddy bear near the center,True,17,0,0,0,0.0
coco:72852:31:1875,coco,72852,31,handbag,a visible handbag in the scene,False,9,0,0,0,0.0
coco:72852:90:1876,coco,72852,90,toothbrush,a close-up of a toothbrush,True,25,0,0,0,0.0
coco:73118:49:1880,coco,73118,49,knife,a photo containing a knife,True,10,0,0,0,0.0
coco:73118:4:1879,coco,73118,4,motorcycle,a motorcycle in the scene,True,6,0,0,0,0.0
coco:73118:88:1878,coco,73118,88,teddy bear,a visible teddy bear in the scene,False,7,0,0,0,0.0
coco:73153:75:1882,coco,73153,75,remote,a small remote near the center,True,38,0,0,0,0.0
coco:73326:36:1885,coco,73326,36,snowboard,a snowboard in the scene,True,73,0,0,0,0.0
coco:73533:1:1887,coco,73533,1,person,a person object,False,17,0,0,0,0.0
coco:7386:82:220,coco,7386,82,refrigerator,a refrigerator in the scene,True,36,0,0,0,0.0
coco:73946:10:1895,coco,73946,10,traffic light,a close-up of a traffic light,True,7,0,0,0,0.0
coco:74058:38:1898,coco,74058,38,kite,a close-up of a kite,True,11,0,0,0,0.0
coco:74092:37:1899,coco,74092,37,sports ball,a sports ball object,False,28,0,0,0,0.0
coco:74092:7:1901,coco,74092,7,train,a photo containing a train,True,9,0,0,0,0.0
coco:74200:42:1902,coco,74200,42,surfboard,the surfboard in this image,False,22,0,0,0,0.0
coco:74200:4:1903,coco,74200,4,motorcycle,a small motorcycle near the center,True,71,0,0,0,0.0
coco:74209:43:1907,coco,74209,43,tennis racket,a photo containing a tennis racket,True,9,0,0,0,0.0
coco:74457:42:1911,coco,74457,42,surfboard,a photo of a surfboard,False,25,0,0,0,0.0
coco:74457:79:1912,coco,74457,79,oven,a close-up of a oven,True,19,0,0,0,0.0
coco:74646:47:1914,coco,74646,47,cup,a cup object,False,6,0,0,0,0.0
coco:74646:84:1915,coco,74646,84,book,a book in the scene,True,43,0,0,0,0.0
coco:74733:59:1917,coco,74733,59,pizza,a pizza object,False,18,0,0,0,0.0
coco:74860:2:1922,coco,74860,2,bicycle,a photo containing a bicycle,True,11,0,0,0,0.0
coco:74860:59:1921,coco,74860,59,pizza,a pizza in the scene,True,17,0,0,0,0.0
coco:7511:38:222,coco,7511,38,kite,a visible kite in the scene,False,21,0,0,0,0.0
coco:7511:43:223,coco,7511,43,tennis racket,a tennis racket in the scene,True,45,0,0,0,0.0
coco:75393:48:1923,coco,75393,48,fork,a visible fork in the scene,False,24,0,0,0,0.0
coco:75393:81:1924,coco,75393,81,sink,a sink in the scene,True,72,0,0,0,0.0
coco:75456:23:1927,coco,75456,23,bear,a small bear near the center,True,37,0,0,0,0.0
coco:75456:59:1926,coco,75456,59,pizza,the pizza in this image,False,2,0,0,0,0.0
coco:75456:81:1928,coco,75456,81,sink,a photo containing a sink,True,4,0,0,0,0.0
coco:75612:1:1929,coco,75612,1,person,the person in this image,False,44,0,0,0,0.0
coco:75612:88:1930,coco,75612,88,teddy bear,a small teddy bear near the center,True,36,0,0,0,0.0
coco:7574:21:226,coco,7574,21,cow,a photo containing a cow,True,13,0,0,0,0.0
coco:76211:37:1933,coco,76211,37,sports ball,a sports ball in the scene,True,101,0,0,0,0.0
coco:76261:61:1936,coco,76261,61,cake,a cake in the scene,True,21,0,0,0,0.0
coco:76416:1:1938,coco,76416,1,person,the person in this image,False,20,0,0,0,0.0
coco:76417:82:1942,coco,76417,82,refrigerator,a photo containing a refrigerator,True,8,0,0,0,0.0
coco:76468:43:1944,coco,76468,43,tennis racket,a visible tennis racket in the scene,False,15,0,0,0,0.0
coco:76547:20:1949,coco,76547,20,sheep,a close-up of a sheep,True,8,0,0,0,0.0
coco:76547:64:1948,coco,76547,64,potted plant,a small potted plant near the center,True,47,0,0,0,0.0
coco:76547:73:1947,coco,76547,73,laptop,the laptop in this image,False,3,0,0,0,0.0
coco:76625:23:1951,coco,76625,23,bear,a close-up of a bear,True,10,0,0,0,0.0
coco:76625:60:1952,coco,76625,60,donut,a small donut near the center,True,65,0,0,0,0.0
coco:76731:19:1954,coco,76731,19,horse,a close-up of a horse,True,2,0,0,0,0.0
coco:76731:73:1953,coco,76731,73,laptop,a photo of a laptop,False,4,0,0,0,0.0
coco:77396:17:1956,coco,77396,17,cat,a cat object,False,7,0,0,0,0.0
coco:77396:31:1958,coco,77396,31,handbag,a handbag in the scene,True,33,0,0,0,0.0
coco:77396:57:1957,coco,77396,57,carrot,a photo containing a carrot,True,29,0,0,0,0.0
coco:77460:1:1959,coco,77460,1,person,a person object,False,111,0,0,0,0.0
coco:77460:24:1960,coco,77460,24,zebra,a close-up of a zebra,True,17,0,0,0,0.0
coco:77460:34:1961,coco,77460,34,frisbee,a small frisbee near the center,True,103,0,0,0,0.0
coco:77595:13:1963,coco,77595,13,stop sign,a small stop sign near the center,True,70,0,0,0,0.0
coco:776:89:13,coco,776,89,hair drier,a photo containing a hair drier,True,9,0,0,0,0.0
coco:7784:38:228,coco,7784,38,kite,a photo of a kite,False,15,0,0,0,0.0
coco:7784:8:230,coco,7784,8,truck,a close-up of a truck,True,8,0,0,0,0.0
coco:7795:13:233,coco,7795,13,stop sign,a close-up of a stop sign,True,12,0,0,0,0.0
coco:7795:85:231,coco,7795,85,clock,a photo of a clock,False,22,0,0,0,0.0
coco:78032:27:1967,coco,78032,27,backpack,a small backpack near the center,True,92,0,0,0,0.0
coco:78032:54:1966,coco,78032,54,sandwich,a close-up of a sandwich,True,11,0,0,0,0.0
coco:78032:9:1965,coco,78032,9,boat,a boat object,False,62,0,0,0,0.0
coco:7816:11:236,coco,7816,11,fire hydrant,a small fire hydrant near the center,True,53,0,0,0,0.0
coco:78170:25:1969,coco,78170,25,giraffe,a close-up of a giraffe,True,14,0,0,0,0.0
coco:7818:38:239,coco,7818,38,kite,a close-up of a kite,True,10,0,0,0,0.0
coco:7818:86:237,coco,7818,86,vase,a photo of a vase,False,34,0,0,0,0.0
coco:78266:42:1973,coco,78266,42,surfboard,a surfboard in the scene,True,88,0,0,0,0.0
coco:78266:55:1971,coco,78266,55,orange,a visible orange in the scene,False,28,0,0,0,0.0
coco:78404:61:1975,coco,78404,61,cake,a small cake near the center,True,62,0,0,0,0.0
coco:78565:70:1985,coco,78565,70,toilet,a toilet in the scene,True,60,0,0,0,0.0
coco:78565:9:1983,coco,78565,9,boat,a boat object,False,64,0,0,0,0.0
coco:785:61:16,coco,785,61,cake,a photo containing a cake,True,6,0,0,0,0.0
coco:78823:79:1990,coco,78823,79,oven,a photo containing a oven,True,9,0,0,0,0.0
coco:78843:32:1992,coco,78843,32,tie,a visible tie in the scene,False,14,0,0,0,0.0
coco:7888:35:242,coco,7888,35,skis,a photo containing a skis,True,7,0,0,0,0.0
coco:7888:85:240,coco,7888,85,clock,a visible clock in the scene,False,11,0,0,0,0.0
coco:78915:43:1995,coco,78915,43,tennis racket,a photo of a tennis racket,False,27,0,0,0,0.0
coco:78915:54:1997,coco,78915,54,sandwich,a sandwich in the scene,True,27,0,0,0,0.0
coco:79014:1:2001,coco,79014,1,person,a photo of a person,False,9,0,0,0,0.0
coco:79014:89:2003,coco,79014,89,hair drier,a photo containing a hair drier,True,8,0,0,0,0.0
coco:79031:1:2004,coco,79031,1,person,a visible person in the scene,False,4,0,0,0,0.0
coco:79031:62:2006,coco,79031,62,chair,a chair in the scene,True,25,0,0,0,0.0
coco:79034:76:2008,coco,79034,76,keyboard,a keyboard in the scene,True,54,0,0,0,0.0
coco:79144:23:2010,coco,79144,23,bear,the bear in this image,False,9,0,0,0,0.0
coco:79188:14:2014,coco,79188,14,parking meter,a small parking meter near the center,True,17,0,0,0,0.0
coco:79188:25:2013,coco,79188,25,giraffe,a photo of a giraffe,False,11,0,0,0,0.0
coco:79229:16:2017,coco,79229,16,bird,a close-up of a bird,True,9,0,0,0,0.0
coco:79229:1:2016,coco,79229,1,person,a photo of a person,False,14,0,0,0,0.0
coco:79408:13:2019,coco,79408,13,stop sign,the stop sign in this image,False,2,0,0,0,0.0
coco:79408:24:2021,coco,79408,24,zebra,a small zebra near the center,True,30,0,0,0,0.0
coco:79408:40:2020,coco,79408,40,baseball glove,a photo containing a baseball glove,True,5,0,0,0,0.0
coco:79565:2:2024,coco,79565,2,bicycle,a small bicycle near the center,True,70,0,0,0,0.0
coco:79588:82:2027,coco,79588,82,refrigerator,a photo containing a refrigerator,True,8,0,0,0,0.0
coco:79651:9:2030,coco,79651,9,boat,a close-up of a boat,True,17,0,0,0,0.0
coco:7977:1:243,coco,7977,1,person,a photo of a person,False,22,0,0,0,0.0
coco:79837:38:2032,coco,79837,38,kite,a photo containing a kite,True,21,0,0,0,0.0
coco:79837:9:2031,coco,79837,9,boat,the boat in this image,False,34,0,0,0,0.0
coco:7991:36:247,coco,7991,36,snowboard,a photo containing a snowboard,True,15,0,0,0,0.0
coco:7991:49:246,coco,7991,49,knife,a visible knife in the scene,False,20,0,0,0,0.0
coco:79969:59:2035,coco,79969,59,pizza,a photo containing a pizza,True,14,0,0,0,0.0
coco:80022:36:2038,coco,80022,36,snowboard,a photo containing a snowboard,True,9,0,0,0,0.0
coco:80057:88:2040,coco,80057,88,teddy bear,a teddy bear object,False,4,0,0,0,0.0
coco:80153:1:2043,coco,80153,1,person,a person object,False,9,0,0,0,0.0
coco:80153:33:2044,coco,80153,33,suitcase,a close-up of a suitcase,True,11,0,0,0,0.0
coco:8021:32:249,coco,8021,32,tie,a visible tie in the scene,False,14,0,0,0,0.0
coco:8021:65:251,coco,8021,65,bed,a bed in the scene,True,38,0,0,0,0.0
coco:80273:77:2047,coco,80273,77,cell phone,a photo containing a cell phone,True,6,0,0,0,0.0
coco:80274:18:2050,coco,80274,18,dog,a small dog near the center,True,5,0,0,0,0.0
coco:80274:22:2049,coco,80274,22,elephant,a elephant object,False,10,0,0,0,0.0
coco:80274:6:2051,coco,80274,6,bus,a small bus near the center,True,7,0,0,0,0.0
coco:802:67:19,coco,802,67,dining table,a photo containing a dining table,True,6,0,0,0,0.0
coco:802:82:18,coco,802,82,refrigerator,a visible refrigerator in the scene,False,2,0,0,0,0.0
coco:80340:21:2053,coco,80340,21,cow,a close-up of a cow,True,9,0,0,0,0.0
coco:80340:47:2052,coco,80340,47,cup,a photo of a cup,False,49,0,0,0,0.0
coco:80413:15:2056,coco,80413,15,bench,a small bench near the center,True,25,0,0,0,0.0
coco:80413:88:2055,coco,80413,88,teddy bear,the teddy bear in this image,False,2,0,0,0,0.0
coco:80659:63:2059,coco,80659,63,couch,a couch in the scene,True,47,0,0,0,0.0
coco:80666:17:2061,coco,80666,17,cat,a cat object,False,5,0,0,0,0.0
coco:80671:17:2066,coco,80671,17,cat,a cat in the scene,True,10,0,0,0,0.0
coco:80671:32:2065,coco,80671,32,tie,a close-up of a tie,True,21,0,0,0,0.0
coco:80671:35:2064,coco,80671,35,skis,a photo of a skis,False,30,0,0,0,0.0
coco:80932:39:2069,coco,80932,39,baseball bat,a close-up of a baseball bat,True,36,0,0,0,0.0
coco:80932:62:2067,coco,80932,62,chair,a chair object,False,24,0,0,0,0.0
coco:80949:80:2072,coco,80949,80,toaster,a photo containing a toaster,True,15,0,0,0,0.0
coco:81061:62:2073,coco,81061,62,chair,the chair in this image,False,4,0,0,0,0.0
coco:81394:3:2076,coco,81394,3,car,the car in this image,False,7,0,0,0,0.0
coco:81394:43:2077,coco,81394,43,tennis racket,a close-up of a tennis racket,True,11,0,0,0,0.0
coco:81594:80:2081,coco,81594,80,toaster,a toaster in the scene,True,39,0,0,0,0.0
coco:81594:81:2080,coco,81594,81,sink,a small sink near the center,True,89,0,0,0,0.0
coco:81738:38:2083,coco,81738,38,kite,a kite in the scene,True,31,0,0,0,0.0
coco:81766:35:2087,coco,81766,35,skis,a small skis near the center,True,144,0,0,0,0.0
coco:81988:1:2088,coco,81988,1,person,a person object,False,25,0,0,0,0.0
coco:81988:39:2089,coco,81988,39,baseball bat,a close-up of a baseball bat,True,42,0,0,0,0.0
coco:81988:80:2090,coco,81988,80,toaster,a small toaster near the center,True,72,0,0,0,0.0
coco:82085:1:2091,coco,82085,1,person,a photo of a person,False,28,0,0,0,0.0
coco:82085:43:2092,coco,82085,43,tennis racket,a photo containing a tennis racket,True,17,0,0,0,0.0
coco:82085:81:2093,coco,82085,81,sink,a sink in the scene,True,114,0,0,0,0.0
coco:8211:15:254,coco,8211,15,bench,a bench in the scene,True,43,0,0,0,0.0
coco:8211:62:252,coco,8211,62,chair,a photo of a chair,False,38,0,0,0,0.0
coco:8211:87:253,coco,8211,87,scissors,a close-up of a scissors,True,41,0,0,0,0.0
coco:82180:31:2095,coco,82180,31,handbag,a handbag in the scene,True,45,0,0,0,0.0
coco:82180:88:2094,coco,82180,88,teddy bear,a teddy bear object,False,6,0,0,0,0.0
coco:82688:87:2098,coco,82688,87,scissors,a close-up of a scissors,True,17,0,0,0,0.0
coco:82696:1:2100,coco,82696,1,person,a person object,False,12,0,0,0,0.0
coco:82696:23:2102,coco,82696,23,bear,a small bear near the center,True,4,0,0,0,0.0
coco:82715:1:2103,coco,82715,1,person,the person in this image,False,3,0,0,0,0.0
coco:8277:90:256,coco,8277,90,toothbrush,a toothbrush in the scene,True,24,0,0,0,0.0
coco:82807:56:2111,coco,82807,56,broccoli,a small broccoli near the center,True,77,0,0,0,0.0
coco:82807:61:2109,coco,82807,61,cake,a photo of a cake,False,11,0,0,0,0.0
coco:82812:33:2112,coco,82812,33,suitcase,a photo of a suitcase,False,46,0,0,0,0.0
coco:82821:52:2116,coco,82821,52,banana,a close-up of a banana,True,52,0,0,0,0.0
coco:82821:8:2115,coco,82821,8,truck,the truck in this image,False,8,0,0,0,0.0
coco:82846:20:2119,coco,82846,20,sheep,a photo containing a sheep,True,8,0,0,0,0.0
coco:82986:25:2123,coco,82986,25,giraffe,a small giraffe near the center,True,19,0,0,0,0.0
coco:83172:10:2129,coco,83172,10,traffic light,a photo containing a traffic light,True,15,0,0,0,0.0
coco:83531:49:2132,coco,83531,49,knife,a small knife near the center,True,64,0,0,0,0.0
coco:83531:58:2130,coco,83531,58,hot dog,a hot dog object,False,86,0,0,0,0.0
coco:83540:1:2133,coco,83540,1,person,a visible person in the scene,False,3,0,0,0,0.0
coco:83540:85:2134,coco,83540,85,clock,a clock in the scene,True,52,0,0,0,0.0
coco:84031:2:2137,coco,84031,2,bicycle,a bicycle in the scene,True,48,0,0,0,0.0
coco:84170:42:2140,coco,84170,42,surfboard,a close-up of a surfboard,True,15,0,0,0,0.0
coco:84170:6:2139,coco,84170,6,bus,a bus object,False,7,0,0,0,0.0
coco:84170:86:2141,coco,84170,86,vase,a vase in the scene,True,94,0,0,0,0.0
coco:84241:23:2143,coco,84241,23,bear,a bear in the scene,True,36,0,0,0,0.0
coco:84241:51:2142,coco,84241,51,bowl,a bowl object,False,73,0,0,0,0.0
coco:84241:73:2144,coco,84241,73,laptop,a laptop in the scene,True,37,0,0,0,0.0
coco:84270:1:2145,coco,84270,1,person,a visible person in the scene,False,36,0,0,0,0.0
coco:84362:25:2150,coco,84362,25,giraffe,a small giraffe near the center,True,15,0,0,0,0.0
coco:84431:48:2152,coco,84431,48,fork,a small fork near the center,True,57,0,0,0,0.0
coco:84431:59:2151,coco,84431,59,pizza,a photo of a pizza,False,16,0,0,0,0.0
coco:84650:31:2160,coco,84650,31,handbag,a handbag object,False,20,0,0,0,0.0
coco:84650:70:2161,coco,84650,70,toilet,a photo containing a toilet,True,8,0,0,0,0.0
coco:84650:77:2162,coco,84650,77,cell phone,a photo containing a cell phone,True,8,0,0,0,0.0
coco:84664:44:2165,coco,84664,44,bottle,a bottle in the scene,True,9,0,0,0,0.0
coco:84664:51:2163,coco,84664,51,bowl,a bowl object,False,5,0,0,0,0.0
coco:84664:78:2164,coco,84664,78,microwave,a photo containing a microwave,True,3,0,0,0,0.0
coco:84674:42:2168,coco,84674,42,surfboard,a small surfboard near the center,True,24,0,0,0,0.0
coco:84674:54:2167,coco,84674,54,sandwich,a small sandwich near the center,True,10,0,0,0,0.0
coco:84674:60:2166,coco,84674,60,donut,the donut in this image,False,5,0,0,0,0.0
coco:84752:34:2171,coco,84752,34,frisbee,a frisbee in the scene,True,30,0,0,0,0.0
coco:84752:3:2169,coco,84752,3,car,a visible car in the scene,False,37,0,0,0,0.0
coco:84752:59:2170,coco,84752,59,pizza,a pizza in the scene,True,9,0,0,0,0.0
coco:85089:55:2174,coco,85089,55,orange,a close-up of a orange,True,22,0,0,0,0.0
coco:85157:51:2175,coco,85157,51,bowl,the bowl in this image,False,4,0,0,0,0.0
coco:85157:5:2177,coco,85157,5,airplane,a airplane in the scene,True,57,0,0,0,0.0
coco:85195:50:2180,coco,85195,50,spoon,a spoon in the scene,True,5,0,0,0,0.0
coco:85195:81:2179,coco,85195,81,sink,a small sink near the center,True,5,0,0,0,0.0
coco:85329:53:2182,coco,85329,53,apple,a photo containing a apple,True,17,0,0,0,0.0
coco:8532:1:258,coco,8532,1,person,a person object,False,5,0,0,0,0.0
coco:8532:36:260,coco,8532,36,snowboard,a photo containing a snowboard,True,14,0,0,0,0.0
coco:85376:27:2186,coco,85376,27,backpack,a small backpack near the center,True,43,0,0,0,0.0
coco:85376:3:2184,coco,85376,3,car,the car in this image,False,17,0,0,0,0.0
coco:85478:23:2187,coco,85478,23,bear,a bear object,False,32,0,0,0,0.0
coco:85478:85:2189,coco,85478,85,clock,a small clock near the center,True,23,0,0,0,0.0
coco:85665:88:2195,coco,85665,88,teddy bear,a small teddy bear near the center,True,15,0,0,0,0.0
coco:85682:73:2198,coco,85682,73,laptop,a small laptop near the center,True,85,0,0,0,0.0
coco:85911:74:2206,coco,85911,74,mouse,a close-up of a mouse,True,15,0,0,0,0.0
coco:86220:18:2210,coco,86220,18,dog,a photo containing a dog,True,20,0,0,0,0.0
coco:86220:8:2209,coco,86220,8,truck,a close-up of a truck,True,11,0,0,0,0.0
coco:8629:61:263,coco,8629,61,cake,a small cake near the center,True,16,0,0,0,0.0
coco:86483:14:2213,coco,86483,14,parking meter,a close-up of a parking meter,True,5,0,0,0,0.0
coco:86483:1:2211,coco,86483,1,person,a person object,False,17,0,0,0,0.0
coco:86483:32:2212,coco,86483,32,tie,a small tie near the center,True,119,0,0,0,0.0
coco:86582:19:2216,coco,86582,19,horse,a photo containing a horse,True,21,0,0,0,0.0
coco:86582:64:2214,coco,86582,64,potted plant,a visible potted plant in the scene,False,32,0,0,0,0.0
coco:86755:51:2219,coco,86755,51,bowl,a close-up of a bowl,True,7,0,0,0,0.0
coco:8690:1:264,coco,8690,1,person,the person in this image,False,23,0,0,0,0.0
coco:8690:40:266,coco,8690,40,baseball glove,a close-up of a baseball glove,True,20,0,0,0,0.0
coco:86956:48:2222,coco,86956,48,fork,a photo containing a fork,True,31,0,0,0,0.0
coco:87038:2:2223,coco,87038,2,bicycle,a visible bicycle in the scene,False,4,0,0,0,0.0
coco:87144:1:2226,coco,87144,1,person,a person object,False,17,0,0,0,0.0
coco:87144:59:2228,coco,87144,59,pizza,a pizza in the scene,True,60,0,0,0,0.0
coco:87244:15:2229,coco,87244,15,bench,the bench in this image,False,29,0,0,0,0.0
coco:87244:42:2230,coco,87244,42,surfboard,a small surfboard near the center,True,63,0,0,0,0.0
coco:872:64:22,coco,872,64,potted plant,a potted plant in the scene,True,140,0,0,0,0.0
coco:87470:21:2232,coco,87470,21,cow,a photo of a cow,False,34,0,0,0,0.0
coco:87476:56:2236,coco,87476,56,broccoli,a small broccoli near the center,True,34,0,0,0,0.0
coco:87742:59:2240,coco,87742,59,pizza,a small pizza near the center,True,53,0,0,0,0.0
coco:87742:61:2239,coco,87742,61,cake,a close-up of a cake,True,7,0,0,0,0.0
coco:87742:86:2238,coco,87742,86,vase,a visible vase in the scene,False,3,0,0,0,0.0
coco:87875:55:2243,coco,87875,55,orange,a small orange near the center,True,32,0,0,0,0.0
coco:88040:11:2245,coco,88040,11,fire hydrant,a photo containing a fire hydrant,True,11,0,0,0,0.0
coco:88040:50:2244,coco,88040,50,spoon,the spoon in this image,False,22,0,0,0,0.0
coco:88218:10:2247,coco,88218,10,traffic light,a visible traffic light in the scene,False,9,0,0,0,0.0
coco:88218:74:2248,coco,88218,74,mouse,a photo containing a mouse,True,17,0,0,0,0.0
coco:88218:77:2249,coco,88218,77,cell phone,a close-up of a cell phone,True,11,0,0,0,0.0
coco:88265:19:2253,coco,88265,19,horse,a horse object,False,6,0,0,0,0.0
coco:88265:52:2254,coco,88265,52,banana,a close-up of a banana,True,33,0,0,0,0.0
coco:88269:24:2258,coco,88269,24,zebra,a zebra in the scene,True,33,0,0,0,0.0
coco:88345:70:2261,coco,88345,70,toilet,a photo containing a toilet,True,16,0,0,0,0.0
coco:88432:32:2264,coco,88432,32,tie,a small tie near the center,True,93,0,0,0,0.0
coco:8844:43:271,coco,8844,43,tennis racket,a tennis racket in the scene,True,51,0,0,0,0.0
coco:8844:85:272,coco,8844,85,clock,a clock in the scene,True,41,0,0,0,0.0
coco:88485:60:2270,coco,88485,60,donut,a photo containing a donut,True,10,0,0,0,0.0
coco:885:1:24,coco,885,1,person,the person in this image,False,14,0,0,0,0.0
coco:885:59:25,coco,885,59,pizza,a pizza in the scene,True,24,0,0,0,0.0
coco:88848:22:2272,coco,88848,22,elephant,a elephant in the scene,True,39,0,0,0,0.0
coco:88951:62:2276,coco,88951,62,chair,a small chair near the center,True,6,0,0,0,0.0
coco:88970:37:2277,coco,88970,37,sports ball,a photo of a sports ball,False,9,0,0,0,0.0
coco:8899:11:273,coco,8899,11,fire hydrant,a photo of a fire hydrant,False,15,0,0,0,0.0
coco:89045:54:2282,coco,89045,54,sandwich,a small sandwich near the center,True,64,0,0,0,0.0
coco:89078:80:2285,coco,89078,80,toaster,a photo containing a toaster,True,10,0,0,0,0.0
coco:89271:85:2288,coco,89271,85,clock,a photo containing a clock,True,7,0,0,0,0.0
coco:89296:37:2289,coco,89296,37,sports ball,a photo of a sports ball,False,16,0,0,0,0.0
coco:89556:48:2294,coco,89556,48,fork,a small fork near the center,True,66,0,0,0,0.0
coco:89648:15:2296,coco,89648,15,bench,a photo containing a bench,True,31,0,0,0,0.0
coco:89648:57:2297,coco,89648,57,carrot,a small carrot near the center,True,74,0,0,0,0.0
coco:89648:77:2295,coco,89648,77,cell phone,a cell phone object,False,41,0,0,0,0.0
coco:89670:11:2299,coco,89670,11,fire hydrant,a small fire hydrant near the center,True,87,0,0,0,0.0
coco:89670:19:2300,coco,89670,19,horse,a close-up of a horse,True,4,0,0,0,0.0
coco:89697:1:2301,coco,89697,1,person,a person object,False,11,0,0,0,0.0
coco:89697:52:2302,coco,89697,52,banana,a close-up of a banana,True,42,0,0,0,0.0
coco:89697:73:2303,coco,89697,73,laptop,a photo containing a laptop,True,22,0,0,0,0.0
coco:89761:41:2305,coco,89761,41,skateboard,a skateboard in the scene,True,35,0,0,0,0.0
coco:89761:42:2306,coco,89761,42,surfboard,a small surfboard near the center,True,40,0,0,0,0.0
coco:90003:16:2311,coco,90003,16,bird,a photo containing a bird,True,16,0,0,0,0.0
coco:90003:18:2310,coco,90003,18,dog,a visible dog in the scene,False,5,0,0,0,0.0
coco:90062:21:2313,coco,90062,21,cow,a cow object,False,5,0,0,0,0.0
coco:90062:44:2314,coco,90062,44,bottle,a close-up of a bottle,True,14,0,0,0,0.0
coco:90108:4:2317,coco,90108,4,motorcycle,a motorcycle in the scene,True,38,0,0,0,0.0
coco:90108:62:2318,coco,90108,62,chair,a photo containing a chair,True,14,0,0,0,0.0
coco:90155:25:2320,coco,90155,25,giraffe,a small giraffe near the center,True,66,0,0,0,0.0
coco:90155:43:2321,coco,90155,43,tennis racket,a small tennis racket near the center,True,103,0,0,0,0.0
coco:90155:7:2319,coco,90155,7,train,a photo of a train,False,10,0,0,0,0.0
coco:90208:6:2322,coco,90208,6,bus,a bus object,False,14,0,0,0,0.0
coco:90208:80:2324,coco,90208,80,toaster,a photo containing a toaster,True,8,0,0,0,0.0
coco:90284:43:2325,coco,90284,43,tennis racket,the tennis racket in this image,False,5,0,0,0,0.0
coco:90284:8:2326,coco,90284,8,truck,a small truck near the center,True,44,0,0,0,0.0
coco:90631:75:2329,coco,90631,75,remote,a small remote near the center,True,37,0,0,0,0.0
coco:90891:52:2331,coco,90891,52,banana,the banana in this image,False,179,0,0,0,0.0
coco:90956:35:2334,coco,90956,35,skis,a photo of a skis,False,29,0,0,0,0.0
coco:90956:48:2336,coco,90956,48,fork,a fork in the scene,True,93,0,0,0,0.0
coco:91406:72:2337,coco,91406,72,tv,a visible tv in the scene,False,5,0,0,0,0.0
coco:91406:90:2338,coco,91406,90,toothbrush,a photo containing a toothbrush,True,28,0,0,0,0.0
coco:91495:42:2341,coco,91495,42,surfboard,a photo containing a surfboard,True,12,0,0,0,0.0
coco:91500:18:2345,coco,91500,18,dog,a small dog near the center,True,106,0,0,0,0.0
coco:91500:77:2344,coco,91500,77,cell phone,a close-up of a cell phone,True,19,0,0,0,0.0
coco:91615:35:2347,coco,91615,35,skis,a skis in the scene,True,300,0,0,0,0.0
coco:91615:54:2348,coco,91615,54,sandwich,a small sandwich near the center,True,36,0,0,0,0.0
coco:91615:81:2346,coco,91615,81,sink,a sink object,False,39,0,0,0,0.0
coco:91654:32:2353,coco,91654,32,tie,a photo containing a tie,True,18,0,0,0,0.0
coco:91654:50:2352,coco,91654,50,spoon,a photo of a spoon,False,33,0,0,0,0.0
coco:91779:24:2357,coco,91779,24,zebra,a zebra in the scene,True,32,0,0,0,0.0
coco:91779:58:2355,coco,91779,58,hot dog,a visible hot dog in the scene,False,14,0,0,0,0.0
coco:91779:85:2356,coco,91779,85,clock,a close-up of a clock,True,5,0,0,0,0.0
coco:92124:85:2368,coco,92124,85,clock,a close-up of a clock,True,3,0,0,0,0.0
coco:92416:62:2374,coco,92416,62,chair,a small chair near the center,True,11,0,0,0,0.0
coco:92416:9:2373,coco,92416,9,boat,a boat object,False,31,0,0,0,0.0
coco:92660:81:2378,coco,92660,81,sink,a sink in the scene,True,2,0,0,0,0.0
coco:92839:13:2380,coco,92839,13,stop sign,a stop sign in the scene,True,48,0,0,0,0.0
coco:92839:23:2379,coco,92839,23,bear,a bear object,False,10,0,0,0,0.0
coco:92939:49:2382,coco,92939,49,knife,a knife object,False,26,0,0,0,0.0
coco:93154:34:2386,coco,93154,34,frisbee,a photo containing a frisbee,True,21,0,0,0,0.0
coco:93154:3:2385,coco,93154,3,car,the car in this image,False,29,0,0,0,0.0
coco:93261:38:2388,coco,93261,38,kite,a visible kite in the scene,False,13,0,0,0,0.0
coco:93261:44:2389,coco,93261,44,bottle,a small bottle near the center,True,71,0,0,0,0.0
coco:93261:77:2390,coco,93261,77,cell phone,a photo containing a cell phone,True,8,0,0,0,0.0
coco:93353:62:2391,coco,93353,62,chair,the chair in this image,False,44,0,0,0,0.0
coco:93437:23:2395,coco,93437,23,bear,a small bear near the center,True,13,0,0,0,0.0
coco:93437:82:2396,coco,93437,82,refrigerator,a close-up of a refrigerator,True,12,0,0,0,0.0
coco:93717:2:2397,coco,93717,2,bicycle,a bicycle object,False,56,0,0,0,0.0
coco:93717:34:2399,coco,93717,34,frisbee,a small frisbee near the center,True,121,0,0,0,0.0
coco:93717:90:2398,coco,93717,90,toothbrush,a photo containing a toothbrush,True,49,0,0,0,0.0
coco:9378:11:277,coco,9378,11,fire hydrant,a photo containing a fire hydrant,True,11,0,0,0,0.0
coco:9378:65:278,coco,9378,65,bed,a close-up of a bed,True,5,0,0,0,0.0
coco:93965:11:2402,coco,93965,11,fire hydrant,a fire hydrant in the scene,True,28,0,0,0,0.0
coco:93965:54:2401,coco,93965,54,sandwich,a small sandwich near the center,True,5,0,0,0,0.0
coco:9400:61:280,coco,9400,61,cake,a close-up of a cake,True,19,0,0,0,0.0
coco:9400:85:281,coco,9400,85,clock,a clock in the scene,True,97,0,0,0,0.0
coco:94157:10:2404,coco,94157,10,traffic light,a small traffic light near the center,True,94,0,0,0,0.0
coco:94157:85:2403,coco,94157,85,clock,the clock in this image,False,4,0,0,0,0.0
coco:94157:89:2405,coco,94157,89,hair drier,a close-up of a hair drier,True,8,0,0,0,0.0
coco:94185:4:2407,coco,94185,4,motorcycle,a photo containing a motorcycle,True,15,0,0,0,0.0
coco:94326:15:2409,coco,94326,15,bench,a visible bench in the scene,False,7,0,0,0,0.0
coco:94326:60:2410,coco,94326,60,donut,a close-up of a donut,True,9,0,0,0,0.0
coco:94336:2:2414,coco,94336,2,bicycle,a photo containing a bicycle,True,3,0,0,0,0.0
coco:9448:28:282,coco,9448,28,umbrella,the umbrella in this image,False,4,0,0,0,0.0
coco:9448:31:284,coco,9448,31,handbag,a close-up of a handbag,True,17,0,0,0,0.0
coco:9448:67:283,coco,9448,67,dining table,a close-up of a dining table,True,3,0,0,0,0.0
coco:94614:1:2415,coco,94614,1,person,a person object,False,5,0,0,0,0.0
coco:94614:55:2417,coco,94614,55,orange,a photo containing a orange,True,9,0,0,0,0.0
coco:94614:63:2416,coco,94614,63,couch,a small couch near the center,True,50,0,0,0,0.0
coco:94751:88:2419,coco,94751,88,teddy bear,a small teddy bear near the center,True,43,0,0,0,0.0
coco:9483:64:286,coco,9483,64,potted plant,a photo containing a potted plant,True,17,0,0,0,0.0
coco:9483:72:285,coco,9483,72,tv,a visible tv in the scene,False,7,0,0,0,0.0
coco:94852:23:2423,coco,94852,23,bear,a bear in the scene,True,7,0,0,0,0.0
coco:94871:1:2424,coco,94871,1,person,a photo of a person,False,28,0,0,0,0.0
coco:94871:76:2426,coco,94871,76,keyboard,a close-up of a keyboard,True,15,0,0,0,0.0
coco:94944:36:2427,coco,94944,36,snowboard,a snowboard object,False,12,0,0,0,0.0
coco:94944:81:2429,coco,94944,81,sink,a photo containing a sink,True,12,0,0,0,0.0
coco:95069:40:2432,coco,95069,40,baseball glove,a close-up of a baseball glove,True,27,0,0,0,0.0
coco:95069:84:2431,coco,95069,84,book,a photo containing a book,True,6,0,0,0,0.0
coco:95707:51:2436,coco,95707,51,bowl,a photo of a bowl,False,29,0,0,0,0.0
coco:95707:76:2438,coco,95707,76,keyboard,a small keyboard near the center,True,51,0,0,0,0.0
coco:95843:53:2444,coco,95843,53,apple,a apple in the scene,True,53,0,0,0,0.0
coco:95862:37:2447,coco,95862,37,sports ball,a photo containing a sports ball,True,5,0,0,0,0.0
coco:95862:63:2446,coco,95862,63,couch,a photo containing a couch,True,6,0,0,0,0.0
coco:95899:13:2448,coco,95899,13,stop sign,a visible stop sign in the scene,False,4,0,0,0,0.0
coco:9590:44:288,coco,9590,44,bottle,a photo of a bottle,False,38,0,0,0,0.0
coco:96001:28:2451,coco,96001,28,umbrella,a photo of a umbrella,False,31,0,0,0,0.0
coco:96001:54:2452,coco,96001,54,sandwich,a sandwich in the scene,True,32,0,0,0,0.0
coco:96001:79:2453,coco,96001,79,oven,a small oven near the center,True,25,0,0,0,0.0
coco:96427:43:2454,coco,96427,43,tennis racket,a tennis racket object,False,9,0,0,0,0.0
coco:96493:28:2458,coco,96493,28,umbrella,a umbrella in the scene,True,33,0,0,0,0.0
coco:96493:47:2459,coco,96493,47,cup,a cup in the scene,True,30,0,0,0,0.0
coco:96825:16:2465,coco,96825,16,bird,a close-up of a bird,True,9,0,0,0,0.0
coco:96825:35:2463,coco,96825,35,skis,a visible skis in the scene,False,22,0,0,0,0.0
coco:96825:37:2464,coco,96825,37,sports ball,a small sports ball near the center,True,135,0,0,0,0.0
coco:97022:14:2470,coco,97022,14,parking meter,a close-up of a parking meter,True,7,0,0,0,0.0
coco:97230:22:2472,coco,97230,22,elephant,the elephant in this image,False,6,0,0,0,0.0
coco:97230:3:2474,coco,97230,3,car,a car in the scene,True,12,0,0,0,0.0
coco:97230:70:2473,coco,97230,70,toilet,a toilet in the scene,True,10,0,0,0,0.0
coco:97278:5:2476,coco,97278,5,airplane,a photo containing a airplane,True,6,0,0,0,0.0
coco:97337:67:2478,coco,97337,67,dining table,the dining table in this image,False,11,0,0,0,0.0
coco:97337:9:2479,coco,97337,9,boat,a small boat near the center,True,63,0,0,0,0.0
coco:97585:62:2483,coco,97585,62,chair,a chair in the scene,True,46,0,0,0,0.0
coco:97679:3:2484,coco,97679,3,car,a car object,False,10,0,0,0,0.0
coco:97679:73:2485,coco,97679,73,laptop,a small laptop near the center,True,39,0,0,0,0.0
coco:9769:13:293,coco,9769,13,stop sign,a stop sign in the scene,True,35,0,0,0,0.0
coco:9772:1:294,coco,9772,1,person,a photo of a person,False,11,0,0,0,0.0
coco:9772:23:295,coco,9772,23,bear,a photo containing a bear,True,11,0,0,0,0.0
coco:9772:24:296,coco,9772,24,zebra,a photo containing a zebra,True,8,0,0,0,0.0
coco:97924:1:2487,coco,97924,1,person,a photo of a person,False,8,0,0,0,0.0
coco:97924:46:2488,coco,97924,46,wine glass,a close-up of a wine glass,True,12,0,0,0,0.0
coco:97988:9:2491,coco,97988,9,boat,a boat in the scene,True,44,0,0,0,0.0
coco:98018:39:2498,coco,98018,39,baseball bat,a photo containing a baseball bat,True,14,0,0,0,0.0
coco:98261:82:2500,coco,98261,82,refrigerator,a small refrigerator near the center,True,9,0,0,0,0.0
coco:98287:40:2502,coco,98287,40,baseball glove,a visible baseball glove in the scene,False,75,0,0,0,0.0
coco:98287:59:2503,coco,98287,59,pizza,a pizza in the scene,True,36,0,0,0,0.0
coco:98392:23:2507,coco,98392,23,bear,a bear in the scene,True,37,0,0,0,0.0
coco:98392:59:2506,coco,98392,59,pizza,a photo containing a pizza,True,12,0,0,0,0.0
coco:98497:57:2508,coco,98497,57,carrot,a carrot in the scene,True,93,0,0,0,0.0
coco:98497:86:2509,coco,98497,86,vase,a photo containing a vase,True,21,0,0,0,0.0
coco:98520:53:2512,coco,98520,53,apple,a photo containing a apple,True,11,0,0,0,0.0
coco:98520:67:2511,coco,98520,67,dining table,a photo containing a dining table,True,5,0,0,0,0.0
coco:98520:8:2510,coco,98520,8,truck,a photo of a truck,False,31,0,0,0,0.0
coco:98633:1:2515,coco,98633,1,person,a person in the scene,True,29,0,0,0,0.0
coco:98633:25:2514,coco,98633,25,giraffe,a close-up of a giraffe,True,6,0,0,0,0.0
coco:98716:48:2518,coco,98716,48,fork,a small fork near the center,True,130,0,0,0,0.0
coco:98839:32:2520,coco,98839,32,tie,a small tie near the center,True,65,0,0,0,0.0
coco:98853:22:2523,coco,98853,22,elephant,a elephant in the scene,True,20,0,0,0,0.0
coco:98853:62:2522,coco,98853,62,chair,the chair in this image,False,43,0,0,0,0.0
coco:98853:74:2524,coco,98853,74,mouse,a small mouse near the center,True,50,0,0,0,0.0
coco:9891:11:298,coco,9891,11,fire hydrant,a photo containing a fire hydrant,True,11,0,0,0,0.0
coco:99024:44:2526,coco,99024,44,bottle,a bottle in the scene,True,22,0,0,0,0.0
coco:99024:58:2527,coco,99024,58,hot dog,a small hot dog near the center,True,77,0,0,0,0.0
coco:99039:48:2528,coco,99039,48,fork,the fork in this image,False,52,0,0,0,0.0
coco:99039:8:2529,coco,99039,8,truck,a close-up of a truck,True,8,0,0,0,0.0
coco:99053:67:2531,coco,99053,67,dining table,a dining table object,False,2,0,0,0,0.0
coco:99053:79:2532,coco,99053,79,oven,a oven in the scene,True,8,0,0,0,0.0
coco:99054:21:2535,coco,99054,21,cow,a close-up of a cow,True,5,0,0,0,0.0
coco:99114:1:2537,coco,99114,1,person,a person object,False,40,0,0,0,0.0
coco:99114:61:2538,coco,99114,61,cake,a photo containing a cake,True,22,0,0,0,0.0
coco:9914:67:300,coco,9914,67,dining table,a dining table object,False,4,0,0,0,0.0
coco:99428:77:2546,coco,99428,77,cell phone,the cell phone in this image,False,5,0,0,0,0.0
coco:99428:9:2547,coco,99428,9,boat,a photo containing a boat,True,9,0,0,0,0.0
coco:99810:41:2551,coco,99810,41,skateboard,a small skateboard near the center,True,52,0,0,0,0.0
coco:99810:60:2549,coco,99810,60,donut,the donut in this image,False,13,0,0,0,0.0
