family_id,dataset,image_id,file_name,category_id,category_name,prompt,is_prompt_absent,gt_count,candidate_idx,score,x1,y1,x2,y2,max_iou,is_tp,is_null,evalue,split
coco:2:15:3,coco,2,2008_000003.jpg,15,person,person,False,1,0,0.357501357793808,61.5707,188.3208,83.2734,242.4597,0.9286390542984009,True,False,9.972762645914397,test
coco:2:15:3,coco,2,2008_000003.jpg,15,person,person,False,1,1,0.1024804338812828,46.928,183.9565,60.8872,226.7141,0.0,False,True,0.0,test
coco:3:4:6,coco,3,2008_000007.jpg,4,boat,boat,False,1,0,0.34415847063064575,440.4135,268.1908,496.9453,286.0234,0.0,False,True,9.972762645914397,test
coco:3:4:6,coco,3,2008_000007.jpg,4,boat,boat,False,1,1,0.3294089436531067,-0.2446,103.3271,434.2214,290.1124,0.31156209111213684,False,True,9.972762645914397,test
coco:3:4:6,coco,3,2008_000007.jpg,4,boat,boat,False,1,2,0.18498341739177704,153.049,226.4516,430.5229,287.6696,0.5656693577766418,True,False,0.0,test
coco:3:4:6,coco,3,2008_000007.jpg,4,boat,boat,False,1,3,0.16021327674388885,429.353,242.1829,499.0487,285.2977,0.0,False,True,0.0,test
coco:3:4:6,coco,3,2008_000007.jpg,4,boat,boat,False,1,4,0.13524262607097626,-0.63,229.9013,429.9548,289.4673,0.9350377321243286,True,False,0.0,test
coco:3:4:6,coco,3,2008_000007.jpg,4,boat,boat,False,1,5,0.11606231331825256,412.111,242.573,448.0798,276.5498,0.019571926444768906,False,True,0.0,test
coco:3:4:6,coco,3,2008_000007.jpg,4,boat,boat,False,1,6,0.09723399579524994,441.2715,270.2794,461.4741,285.1571,0.0,False,True,0.0,test
coco:3:4:6,coco,3,2008_000007.jpg,4,boat,boat,False,1,7,0.09201263636350632,258.0295,170.7378,435.9459,286.3777,0.2528865933418274,False,True,0.0,test
coco:3:4:6,coco,3,2008_000007.jpg,4,boat,boat,False,1,8,0.08080804347991943,1.0374,286.1228,495.7034,375.073,0.04320318624377251,False,True,0.0,test
coco:3:4:6,coco,3,2008_000007.jpg,4,boat,boat,False,1,9,0.07817739993333817,274.7337,228.1485,433.4195,284.5749,0.30426764488220215,False,True,0.0,test
coco:3:4:6,coco,3,2008_000007.jpg,4,boat,boat,False,1,10,0.07758386433124542,442.0803,275.5343,498.5707,285.7669,0.0,False,True,0.0,test
coco:3:4:6,coco,3,2008_000007.jpg,4,boat,boat,False,1,11,0.07072141021490097,401.4265,275.1744,422.2623,284.256,0.0070340572856366634,False,True,0.0,test
coco:3:4:6,coco,3,2008_000007.jpg,4,boat,boat,False,1,12,0.06357957422733307,407.9641,275.4339,444.3884,286.065,0.007867124862968922,False,True,0.0,test
coco:3:4:6,coco,3,2008_000007.jpg,4,boat,boat,False,1,13,0.05019122362136841,-1.2508,237.0297,173.8237,288.6012,0.3298945128917694,False,True,0.0,test
coco:4:10:9,coco,4,2008_000009.jpg,10,cow,cow,False,2,0,0.43280503153800964,214.8791,161.4911,292.3667,221.3756,0.9392023086547852,True,False,9.972762645914397,test
coco:4:10:9,coco,4,2008_000009.jpg,10,cow,cow,False,2,1,0.3082253634929657,464.8888,167.7257,500.1157,217.9407,0.9783625602722168,True,False,9.972762645914397,test
coco:4:10:9,coco,4,2008_000009.jpg,10,cow,cow,False,2,2,0.10412250459194183,131.1806,170.6725,202.856,195.7648,0.0,False,True,0.0,test
coco:8:7:21,coco,8,2008_000027.jpg,7,car,car,False,1,0,0.2832791209220886,4.865,29.5537,496.9672,373.7823,0.9751418232917786,True,False,9.972762645914397,test
coco:8:7:21,coco,8,2008_000027.jpg,7,car,car,False,1,1,0.26357418298721313,182.1175,75.2533,261.773,116.5253,0.019520696252584457,False,True,9.972762645914397,test
coco:8:7:21,coco,8,2008_000027.jpg,7,car,car,False,1,2,0.19398991763591766,179.5564,76.4948,264.9486,200.2795,0.06276385486125946,False,True,0.0,test
coco:8:7:21,coco,8,2008_000027.jpg,7,car,car,False,1,3,0.18987512588500977,219.3329,28.9936,500.0739,374.3699,0.5676434636116028,True,False,0.0,test
coco:8:7:21,coco,8,2008_000027.jpg,7,car,car,False,1,4,0.18566006422042847,-0.3129,140.6602,30.5434,249.91,0.01389128714799881,False,True,0.0,test
coco:8:7:21,coco,8,2008_000027.jpg,7,car,car,False,1,5,0.13062143325805664,181.6633,79.1041,235.2842,112.5969,0.010663756169378757,False,True,0.0,test
coco:8:7:21,coco,8,2008_000027.jpg,7,car,car,False,1,6,0.12326017022132874,16.8437,156.7148,151.2351,221.3785,0.05160077288746834,False,True,0.0,test
coco:8:7:21,coco,8,2008_000027.jpg,7,car,car,False,1,7,0.11889196187257767,177.0462,77.0466,268.0837,275.9748,0.10753285139799118,False,True,0.0,test
coco:8:7:21,coco,8,2008_000027.jpg,7,car,car,False,1,8,0.11000552773475647,0.3281,190.1661,26.4824,237.3322,0.004884274676442146,False,True,0.0,test
coco:8:7:21,coco,8,2008_000027.jpg,7,car,car,False,1,9,0.10604576021432877,13.1594,147.9835,220.2584,273.1192,0.1538805216550827,False,True,0.0,test
coco:8:7:21,coco,8,2008_000027.jpg,7,car,car,False,1,10,0.10206832736730576,179.2986,71.6445,366.0999,242.152,0.18912456929683685,False,True,0.0,test
coco:8:7:21,coco,8,2008_000027.jpg,7,car,car,False,1,11,0.1003175899386406,46.398,61.9972,69.0888,84.1977,0.0029911454766988754,False,True,0.0,test
coco:8:7:21,coco,8,2008_000027.jpg,7,car,car,False,1,12,0.08067097514867783,8.1706,102.9723,242.2297,301.1662,0.27420464158058167,False,True,0.0,test
coco:8:7:21,coco,8,2008_000027.jpg,7,car,car,False,1,13,0.08014920353889465,26.4223,164.1011,101.7538,239.9397,0.033922795206308365,False,True,0.0,test
coco:8:7:21,coco,8,2008_000027.jpg,7,car,car,False,1,14,0.07448668032884598,267.1619,32.4672,501.0905,100.4121,0.09389543533325195,False,True,0.0,test
coco:8:7:21,coco,8,2008_000027.jpg,7,car,car,False,1,15,0.07118243724107742,87.537,159.698,150.641,220.6704,0.022846229374408722,False,True,0.0,test
coco:8:7:21,coco,8,2008_000027.jpg,7,car,car,False,1,16,0.06831378489732742,21.4988,161.099,114.7594,227.3409,0.03668215125799179,False,True,0.0,test
coco:8:7:21,coco,8,2008_000027.jpg,7,car,car,False,1,17,0.05612733215093613,106.3696,167.1436,125.4814,176.4721,0.001058616559021175,False,True,0.0,test
coco:8:7:21,coco,8,2008_000027.jpg,7,car,car,False,1,18,0.05578826367855072,238.2916,131.0183,299.7459,215.6808,0.030893543735146523,False,True,0.0,test
coco:8:7:21,coco,8,2008_000027.jpg,7,car,car,False,1,19,0.05399080365896225,65.1321,168.6156,102.3297,222.7054,0.0119469054043293,False,True,0.0,test
coco:8:7:21,coco,8,2008_000027.jpg,7,car,car,False,1,20,0.053977496922016144,0.1409,180.8808,14.8172,198.1549,0.0005961240385659039,False,True,0.0,test
coco:8:7:21,coco,8,2008_000027.jpg,7,car,car,False,1,21,0.05158152058720589,181.0858,71.0277,364.1299,171.4955,0.10919614881277084,False,True,0.0,test
coco:8:7:21,coco,8,2008_000027.jpg,7,car,car,False,1,22,0.050951793789863586,9.3813,124.3448,226.2424,195.3392,0.09141763299703598,False,True,0.0,test
coco:9:15:24,coco,9,2008_000032.jpg,15,person,person,False,1,0,0.2915445566177368,407.6185,175.4009,438.2601,209.5801,0.0,False,True,9.972762645914397,test
coco:9:15:24,coco,9,2008_000032.jpg,15,person,person,False,1,1,0.24715247750282288,340.7838,163.3085,369.4955,197.8406,0.31295523047447205,False,True,9.972762645914397,test
coco:9:15:24,coco,9,2008_000032.jpg,15,person,person,False,1,2,0.24177466332912445,338.653,161.7708,371.4605,221.2561,0.5672124624252319,True,False,9.972762645914397,test
coco:9:15:24,coco,9,2008_000032.jpg,15,person,person,False,1,3,0.20469269156455994,278.3471,158.0094,297.2211,182.149,0.0,False,True,0.0,test
coco:9:15:24,coco,9,2008_000032.jpg,15,person,person,False,1,4,0.1478251814842224,75.9921,188.6896,100.4461,224.8114,0.0,False,True,0.0,test
coco:9:15:24,coco,9,2008_000032.jpg,15,person,person,False,1,5,0.07144442200660706,248.2103,159.922,275.1102,220.971,0.0,False,True,0.0,test
coco:9:15:24,coco,9,2008_000032.jpg,15,person,person,False,1,6,0.06622602790594101,404.1768,177.471,420.1828,198.6302,0.0,False,True,0.0,test
coco:9:15:24,coco,9,2008_000032.jpg,15,person,person,False,1,7,0.060779277235269547,136.9264,189.0096,155.9228,222.6924,0.0,False,True,0.0,test
coco:10:15:27,coco,10,2008_000034.jpg,15,person,person,False,3,0,0.20652882754802704,87.4713,40.5308,337.1996,501.1691,0.9771097302436829,True,False,0.0,test
coco:10:15:27,coco,10,2008_000034.jpg,15,person,person,False,3,1,0.19370578229427338,-0.1572,154.7408,105.3962,331.167,0.9346960186958313,True,False,0.0,test
coco:10:15:27,coco,10,2008_000034.jpg,15,person,person,False,3,2,0.1849747598171234,37.4646,113.4004,199.532,421.1029,0.958134114742279,True,False,0.0,test
coco:10:15:27,coco,10,2008_000034.jpg,15,person,person,False,3,3,0.08304082602262497,0.3161,162.3307,73.3298,270.6323,0.4249434173107147,False,True,0.0,test
coco:10:15:27,coco,10,2008_000034.jpg,15,person,person,False,3,4,0.08026869595050812,0.0277,207.3398,41.2157,260.089,0.11521982401609421,False,True,0.0,test
coco:10:15:27,coco,10,2008_000034.jpg,15,person,person,False,3,5,0.07158880680799484,0.5934,199.4505,47.095,267.6736,0.17102384567260742,False,True,0.0,test
coco:10:15:27,coco,10,2008_000034.jpg,15,person,person,False,3,6,0.0643576830625534,19.926,202.4946,46.0725,224.6898,0.03160819783806801,False,True,0.0,test
coco:11:7:30,coco,11,2008_000042.jpg,7,car,car,False,1,0,0.27870890498161316,447.2509,252.9336,500.7461,338.9478,0.8931798338890076,True,False,9.972762645914397,test
coco:11:7:30,coco,11,2008_000042.jpg,7,car,car,False,1,1,0.06208757683634758,450.5005,217.8614,499.5365,243.4611,0.0,False,True,0.0,test
coco:11:7:30,coco,11,2008_000042.jpg,7,car,car,False,1,2,0.05042387545108795,241.9667,202.8391,261.7359,212.9473,0.0,False,True,0.0,test
coco:16:3:45,coco,16,2008_000054.jpg,3,bird,bird,False,2,0,0.5880339741706848,110.9006,145.4462,195.3197,208.253,0.9374154806137085,True,False,9.972762645914397,test
coco:16:3:45,coco,16,2008_000054.jpg,3,bird,bird,False,2,1,0.554603099822998,282.1736,101.5358,319.0452,174.9495,0.8138947486877441,True,False,9.972762645914397,test
coco:16:3:45,coco,16,2008_000054.jpg,3,bird,bird,False,2,2,0.42767608165740967,112.6855,206.613,178.627,260.5823,0.01784709468483925,False,True,9.972762645914397,test
coco:16:3:45,coco,16,2008_000054.jpg,3,bird,bird,False,2,3,0.3519967198371887,286.6941,177.022,313.3147,231.6026,0.04505211114883423,False,True,9.972762645914397,test
coco:16:3:45,coco,16,2008_000054.jpg,3,bird,bird,False,2,4,0.1608317792415619,276.5166,55.3282,279.8223,59.126,0.0,False,True,0.0,test
coco:16:3:45,coco,16,2008_000054.jpg,3,bird,bird,False,2,5,0.13894891738891602,240.7096,112.5595,253.4236,116.6006,0.0,False,True,0.0,test
coco:16:3:45,coco,16,2008_000054.jpg,3,bird,bird,False,2,6,0.12654566764831543,67.3524,21.2649,71.1287,25.0211,0.0,False,True,0.0,test
coco:16:3:45,coco,16,2008_000054.jpg,3,bird,bird,False,2,7,0.12569992244243622,6.0876,3.4007,10.5736,8.85,0.0,False,True,0.0,test
coco:16:3:45,coco,16,2008_000054.jpg,3,bird,bird,False,2,8,0.11409783363342285,125.7064,30.1179,136.309,36.0501,0.0,False,True,0.0,test
coco:16:3:45,coco,16,2008_000054.jpg,3,bird,bird,False,2,9,0.11212090402841568,24.1651,14.9017,31.4051,20.0968,0.0,False,True,0.0,test
coco:16:3:45,coco,16,2008_000054.jpg,3,bird,bird,False,2,10,0.11090421676635742,225.6818,73.6408,231.5748,79.7484,0.0,False,True,0.0,test
coco:16:3:45,coco,16,2008_000054.jpg,3,bird,bird,False,2,11,0.10361167043447495,186.2276,6.936,189.3163,11.481,0.0,False,True,0.0,test
coco:16:3:45,coco,16,2008_000054.jpg,3,bird,bird,False,2,12,0.10320357978343964,6.1981,152.7903,14.7872,159.2067,0.0,False,True,0.0,test
coco:16:3:45,coco,16,2008_000054.jpg,3,bird,bird,False,2,13,0.1019507423043251,216.6259,5.4955,219.2817,10.1864,0.0,False,True,0.0,test
coco:16:3:45,coco,16,2008_000054.jpg,3,bird,bird,False,2,14,0.09951434284448624,212.8749,120.4178,216.3734,128.0549,0.0,False,True,0.0,test
coco:16:3:45,coco,16,2008_000054.jpg,3,bird,bird,False,2,15,0.09722978621721268,49.4,0.7453,57.8695,4.9884,0.0,False,True,0.0,test
coco:16:3:45,coco,16,2008_000054.jpg,3,bird,bird,False,2,16,0.09263911098241806,477.6774,74.9463,483.117,78.9699,0.0,False,True,0.0,test
coco:16:3:45,coco,16,2008_000054.jpg,3,bird,bird,False,2,17,0.08631864190101624,70.7889,91.2,73.604,95.3164,0.0,False,True,0.0,test
coco:16:3:45,coco,16,2008_000054.jpg,3,bird,bird,False,2,18,0.08470810949802399,426.8435,12.7468,429.1836,18.3597,0.0,False,True,0.0,test
coco:16:3:45,coco,16,2008_000054.jpg,3,bird,bird,False,2,19,0.08384748548269272,410.7103,30.6644,413.3055,39.3606,0.0,False,True,0.0,test
coco:16:3:45,coco,16,2008_000054.jpg,3,bird,bird,False,2,20,0.08323048055171967,262.5913,23.5811,265.5961,29.5312,0.0,False,True,0.0,test
coco:16:3:45,coco,16,2008_000054.jpg,3,bird,bird,False,2,21,0.08317672461271286,11.3703,152.8324,14.889,159.1076,0.0,False,True,0.0,test
coco:16:3:45,coco,16,2008_000054.jpg,3,bird,bird,False,2,22,0.08266967535018921,427.4543,154.3678,440.0616,157.7588,0.0,False,True,0.0,test
coco:16:3:45,coco,16,2008_000054.jpg,3,bird,bird,False,2,23,0.08230219036340714,262.4334,23.0407,268.1039,29.7735,0.0,False,True,0.0,test
coco:16:3:45,coco,16,2008_000054.jpg,3,bird,bird,False,2,24,0.08047603070735931,249.663,59.3705,252.1861,65.5184,0.0,False,True,0.0,test
coco:16:3:45,coco,16,2008_000054.jpg,3,bird,bird,False,2,25,0.07980750501155853,188.5938,62.4027,191.4415,70.6086,0.0,False,True,0.0,test
coco:16:3:45,coco,16,2008_000054.jpg,3,bird,bird,False,2,26,0.07951848953962326,478.8653,50.8776,481.5778,56.7841,0.0,False,True,0.0,test
coco:16:3:45,coco,16,2008_000054.jpg,3,bird,bird,False,2,27,0.07821913808584213,127.3263,6.8377,129.8641,11.2089,0.0,False,True,0.0,test
coco:16:3:45,coco,16,2008_000054.jpg,3,bird,bird,False,2,28,0.07551779597997665,424.6072,103.1239,426.9025,110.3634,0.0,False,True,0.0,test
coco:16:3:45,coco,16,2008_000054.jpg,3,bird,bird,False,2,29,0.07248947769403458,133.0009,29.875,136.7509,36.177,0.0,False,True,0.0,test
coco:16:3:45,coco,16,2008_000054.jpg,3,bird,bird,False,2,30,0.07135092467069626,340.7963,2.6564,343.7639,7.4894,0.0,False,True,0.0,test
coco:16:3:45,coco,16,2008_000054.jpg,3,bird,bird,False,2,31,0.06770046800374985,28.2092,91.7837,30.4486,98.8267,0.0,False,True,0.0,test
coco:16:3:45,coco,16,2008_000054.jpg,3,bird,bird,False,2,32,0.06635575741529465,490.967,138.6771,494.972,145.826,0.0,False,True,0.0,test
coco:16:3:45,coco,16,2008_000054.jpg,3,bird,bird,False,2,33,0.06605803221464157,320.8608,16.4286,323.4337,19.5038,0.0,False,True,0.0,test
coco:16:3:45,coco,16,2008_000054.jpg,3,bird,bird,False,2,34,0.0658782348036766,96.425,75.8564,106.4525,79.217,0.0,False,True,0.0,test
coco:16:3:45,coco,16,2008_000054.jpg,3,bird,bird,False,2,35,0.06533284485340118,23.9703,15.5304,27.0855,19.9729,0.0,False,True,0.0,test
coco:16:3:45,coco,16,2008_000054.jpg,3,bird,bird,False,2,36,0.06302052736282349,481.1262,17.1325,483.9851,20.7648,0.0,False,True,0.0,test
coco:16:3:45,coco,16,2008_000054.jpg,3,bird,bird,False,2,37,0.06262306869029999,3.7782,-1.6867,499.218,161.1822,0.025534048676490784,False,True,0.0,test
coco:16:3:45,coco,16,2008_000054.jpg,3,bird,bird,False,2,38,0.062255509197711945,346.024,30.5434,348.583,35.0825,0.0,False,True,0.0,test
coco:16:3:45,coco,16,2008_000054.jpg,3,bird,bird,False,2,39,0.06087195873260498,231.9137,150.0006,234.2381,155.9809,0.0,False,True,0.0,test
coco:16:3:45,coco,16,2008_000054.jpg,3,bird,bird,False,2,40,0.05974755436182022,251.6661,14.6313,256.1473,19.5945,0.0,False,True,0.0,test
coco:16:3:45,coco,16,2008_000054.jpg,3,bird,bird,False,2,41,0.058227863162755966,455.994,66.1554,460.3188,69.101,0.0,False,True,0.0,test
coco:16:3:45,coco,16,2008_000054.jpg,3,bird,bird,False,2,42,0.0580269955098629,265.533,22.7827,267.9176,29.8307,0.0,False,True,0.0,test
coco:16:3:45,coco,16,2008_000054.jpg,3,bird,bird,False,2,43,0.057994380593299866,347.8814,108.8205,350.4288,113.0666,0.0,False,True,0.0,test
coco:16:3:45,coco,16,2008_000054.jpg,3,bird,bird,False,2,44,0.05789649859070778,434.0508,36.4515,436.5222,41.0858,0.0,False,True,0.0,test
coco:16:3:45,coco,16,2008_000054.jpg,3,bird,bird,False,2,45,0.057585980743169785,244.9166,14.3574,254.8667,22.2982,0.0,False,True,0.0,test
coco:16:3:45,coco,16,2008_000054.jpg,3,bird,bird,False,2,46,0.05698935687541962,224.3103,64.6665,226.4252,69.2915,0.0,False,True,0.0,test
coco:16:3:45,coco,16,2008_000054.jpg,3,bird,bird,False,2,47,0.056478891521692276,45.0406,67.0898,47.3392,73.5644,0.0,False,True,0.0,test
coco:16:3:45,coco,16,2008_000054.jpg,3,bird,bird,False,2,48,0.056116193532943726,33.4982,42.0853,45.7598,45.645,0.0,False,True,0.0,test
coco:16:3:45,coco,16,2008_000054.jpg,3,bird,bird,False,2,49,0.05548451095819473,109.859,144.5472,121.7957,150.5786,0.00823668111115694,False,True,0.0,test
coco:16:3:45,coco,16,2008_000054.jpg,3,bird,bird,False,2,50,0.05541040003299713,245.2165,14.8557,247.6954,22.1145,0.0,False,True,0.0,test
coco:16:3:45,coco,16,2008_000054.jpg,3,bird,bird,False,2,51,0.05518975108861923,17.1455,72.2658,20.2563,75.1185,0.0,False,True,0.0,test
coco:16:3:45,coco,16,2008_000054.jpg,3,bird,bird,False,2,52,0.054576318711042404,94.2147,148.0178,96.402,154.1924,0.0,False,True,0.0,test
coco:16:3:45,coco,16,2008_000054.jpg,3,bird,bird,False,2,53,0.053402725607156754,157.7876,150.293,160.2803,154.1147,0.0017582863802090287,False,True,0.0,test
coco:16:3:45,coco,16,2008_000054.jpg,3,bird,bird,False,2,54,0.053364016115665436,31.5929,64.6339,34.0852,68.5169,0.0,False,True,0.0,test
coco:16:3:45,coco,16,2008_000054.jpg,3,bird,bird,False,2,55,0.05307834595441818,448.1819,55.9474,450.4597,63.4967,0.0,False,True,0.0,test
coco:16:3:45,coco,16,2008_000054.jpg,3,bird,bird,False,2,56,0.052751991897821426,367.6177,110.4417,370.2578,113.7942,0.0,False,True,0.0,test
coco:16:3:45,coco,16,2008_000054.jpg,3,bird,bird,False,2,57,0.05108049511909485,28.8709,15.1054,32.3113,20.1239,0.0,False,True,0.0,test
coco:16:3:45,coco,16,2008_000054.jpg,3,bird,bird,False,2,58,0.05025860294699669,244.2903,1.0807,266.1056,26.0392,0.0,False,True,0.0,test
coco:18:12:51,coco,18,2008_000059.jpg,12,dog,dog,False,1,0,0.6511263847351074,-0.1094,81.2643,374.4299,496.2443,0.9248784184455872,True,False,9.972762645914397,test
coco:18:12:51,coco,18,2008_000059.jpg,12,dog,dog,False,1,1,0.09625674039125443,3.5757,229.755,375.1043,488.8658,0.577779233455658,True,False,0.0,test
coco:18:12:51,coco,18,2008_000059.jpg,12,dog,dog,False,1,2,0.06055409461259842,325.5752,68.4337,375.2171,232.3041,0.05156625434756279,False,True,0.0,test
coco:18:12:51,coco,18,2008_000059.jpg,12,dog,dog,False,1,3,0.0524175651371479,347.8396,0.9753,374.1458,64.8558,0.0,False,True,0.0,test
coco:21:9:60,coco,21,2008_000067.jpg,9,chair,chair,False,1,0,0.30007657408714294,129.7106,225.6459,259.7967,424.6411,0.682404100894928,True,False,9.972762645914397,test
coco:21:9:60,coco,21,2008_000067.jpg,9,chair,chair,False,1,1,0.1079523116350174,97.4909,328.9888,245.0527,441.7687,0.46772149205207825,False,True,0.0,test
coco:23:6:66,coco,23,2008_000075.jpg,6,bus,bus,False,1,0,0.843939483165741,8.5442,69.239,498.8253,258.2428,0.9604517817497253,True,False,9.972762645914397,test
coco:23:6:66,coco,23,2008_000075.jpg,6,bus,bus,False,1,1,0.4299355745315552,0.1747,111.994,17.2554,191.3315,0.002853233367204666,False,True,9.972762645914397,test
coco:23:6:66,coco,23,2008_000075.jpg,6,bus,bus,False,1,2,0.11486686021089554,1.0439,95.2266,63.8545,194.2776,0.05444038659334183,False,True,0.0,test
coco:23:6:66,coco,23,2008_000075.jpg,6,bus,bus,False,1,3,0.06991861015558243,484.0212,92.3678,499.0633,143.737,0.008640849962830544,False,True,0.0,test
coco:23:6:66,coco,23,2008_000075.jpg,6,bus,bus,False,1,4,0.06576435267925262,118.782,72.2558,291.9511,89.8159,0.03251701593399048,False,True,0.0,test
coco:27:14:78,coco,27,2008_000082.jpg,14,motorbike,motorbike,False,1,0,0.6036321520805359,130.8827,223.5289,344.7285,358.6777,0.8558122515678406,True,False,9.972762645914397,test
coco:27:14:78,coco,27,2008_000082.jpg,14,motorbike,motorbike,False,1,1,0.06786760687828064,116.4626,228.3714,139.6081,238.8868,0.0,False,True,0.0,test
coco:29:15:84,coco,29,2008_000090.jpg,15,person,person,False,5,0,0.1865169107913971,297.5641,132.9625,355.742,318.9856,0.9009562730789185,True,False,0.0,test
coco:29:15:84,coco,29,2008_000090.jpg,15,person,person,False,5,1,0.18147729337215424,251.1212,40.1179,314.9595,181.6104,0.9354433417320251,True,False,0.0,test
coco:29:15:84,coco,29,2008_000090.jpg,15,person,person,False,5,2,0.16524885594844818,111.4851,72.9324,175.0519,190.3581,0.9518656730651855,True,False,0.0,test
coco:29:15:84,coco,29,2008_000090.jpg,15,person,person,False,5,3,0.15004512667655945,77.0237,96.2811,169.1718,218.1741,0.9432576298713684,True,False,0.0,test
coco:29:15:84,coco,29,2008_000090.jpg,15,person,person,False,5,4,0.09209143370389938,0.0431,46.0079,34.5643,266.1719,0.8841664791107178,True,False,0.0,test
coco:29:14:85,coco,29,2008_000090.jpg,14,motorbike,motorbike,True,0,0,0.14282557368278503,454.3961,84.5239,498.2971,141.1004,0.0,False,True,0.0,test
coco:29:14:85,coco,29,2008_000090.jpg,14,motorbike,motorbike,True,0,1,0.09130016714334488,24.8489,113.0218,158.3153,225.8286,0.0,False,True,0.0,test
coco:29:14:85,coco,29,2008_000090.jpg,14,motorbike,motorbike,True,0,2,0.07925385981798172,479.3088,86.178,499.4701,137.1767,0.0,False,True,0.0,test
coco:29:14:85,coco,29,2008_000090.jpg,14,motorbike,motorbike,True,0,3,0.07383865118026733,71.5707,113.2984,157.6947,184.349,0.0,False,True,0.0,test
coco:31:8:90,coco,31,2008_000115.jpg,8,cat,cat,False,1,0,0.7279307246208191,65.5917,129.9853,460.7248,293.3601,0.8761726021766663,True,False,9.972762645914397,test
coco:32:8:93,coco,32,2008_000116.jpg,8,cat,cat,False,1,0,0.7084482312202454,27.6781,85.1407,321.376,320.7041,0.93288254737854,True,False,9.972762645914397,test
coco:32:8:93,coco,32,2008_000116.jpg,8,cat,cat,False,1,1,0.1872556060552597,25.2048,84.675,489.4128,326.5158,0.5749017000198364,True,False,0.0,test
coco:32:8:93,coco,32,2008_000116.jpg,8,cat,cat,False,1,2,0.07181116193532944,360.8801,234.942,495.6331,335.4515,0.0,False,True,0.0,test
coco:32:8:93,coco,32,2008_000116.jpg,8,cat,cat,False,1,3,0.059146467596292496,277.1486,79.6935,359.121,130.3878,0.029160568490624428,False,True,0.0,test
coco:33:13:96,coco,33,2008_000119.jpg,13,horse,horse,False,1,0,0.7781479954719543,28.1416,13.2245,264.6656,498.73,0.9832404255867004,True,False,9.972762645914397,test
coco:37:3:108,coco,37,2008_000134.jpg,3,bird,bird,False,2,0,0.6228182315826416,66.0055,318.601,179.9728,387.8363,0.9260963201522827,True,False,9.972762645914397,test
coco:37:3:108,coco,37,2008_000134.jpg,3,bird,bird,False,2,1,0.6117771863937378,136.1669,77.1281,272.7955,152.4427,0.9028058052062988,True,False,9.972762645914397,test
coco:37:3:108,coco,37,2008_000134.jpg,3,bird,bird,False,2,2,0.05254696309566498,105.0872,345.404,135.1569,375.5447,0.11664395034313202,False,True,0.0,test
coco:40:11:118,coco,40,2008_000145.jpg,11,diningtable,diningtable,True,0,0,0.07426071912050247,5.1121,284.1781,497.2539,399.4457,0.0,False,True,0.0,test
coco:44:13:129,coco,44,2008_000177.jpg,13,horse,horse,False,1,0,0.9149564504623413,-0.9126,26.1312,405.7559,500.0672,0.9645751118659973,True,False,9.972762645914397,test
coco:46:12:135,coco,46,2008_000183.jpg,12,dog,dog,False,1,0,0.6902681589126587,26.4097,43.789,239.3784,500.9344,0.9769020676612854,True,False,9.972762645914397,test
coco:49:15:144,coco,49,2008_000195.jpg,15,person,person,False,3,0,0.3672908842563629,307.3594,101.2416,435.1909,300.551,0.9177109003067017,True,False,9.972762645914397,test
coco:49:15:144,coco,49,2008_000195.jpg,15,person,person,False,3,1,0.3510264456272125,253.8994,142.2643,311.4708,297.2338,0.938677966594696,True,False,9.972762645914397,test
coco:49:15:144,coco,49,2008_000195.jpg,15,person,person,False,3,2,0.3321666121482849,19.1384,172.0945,103.1002,304.9271,0.9445720911026001,True,False,9.972762645914397,test
coco:50:15:147,coco,50,2008_000203.jpg,15,person,person,False,2,0,0.5163795948028564,311.8052,115.3359,385.1946,247.1295,0.8428168892860413,True,False,9.972762645914397,test
coco:50:15:147,coco,50,2008_000203.jpg,15,person,person,False,2,1,0.33424365520477295,114.4066,83.3041,146.135,109.9294,0.9142663478851318,True,False,9.972762645914397,test
coco:50:15:147,coco,50,2008_000203.jpg,15,person,person,False,2,2,0.16827009618282318,94.0949,82.1596,151.0598,205.646,0.13050825893878937,False,True,0.0,test
coco:50:15:147,coco,50,2008_000203.jpg,15,person,person,False,2,3,0.12838871777057648,98.9011,82.0925,148.8312,135.5366,0.3447273373603821,False,True,0.0,test
coco:54:13:159,coco,54,2008_000219.jpg,13,horse,horse,False,2,0,0.8200241327285767,87.1643,146.5762,227.4943,243.4553,0.9639789462089539,True,False,9.972762645914397,test
coco:54:13:159,coco,54,2008_000219.jpg,13,horse,horse,False,2,1,0.678988516330719,379.4048,152.7896,463.5762,240.5531,0.9576682448387146,True,False,9.972762645914397,test
coco:55:15:162,coco,55,2008_000222.jpg,15,person,person,False,1,0,0.3698486089706421,1.7234,6.0993,497.1305,360.9484,0.9848857522010803,True,False,9.972762645914397,test
coco:55:15:162,coco,55,2008_000222.jpg,15,person,person,False,1,1,0.15764737129211426,52.0656,182.8994,500.71,358.976,0.44870829582214355,False,True,0.0,test
coco:56:15:165,coco,56,2008_000223.jpg,15,person,person,False,1,0,0.3960544466972351,233.8934,98.6326,307.9681,310.0835,0.827508807182312,True,False,9.972762645914397,test
coco:59:12:174,coco,59,2008_000239.jpg,12,dog,dog,False,1,0,0.6331180930137634,119.6772,125.4923,291.7311,305.6201,0.9751839637756348,True,False,9.972762645914397,test
coco:61:20:180,coco,61,2008_000244.jpg,20,tvmonitor,tvmonitor,False,1,0,0.702236533164978,56.5484,5.2068,452.9918,374.4142,0.9735403656959534,True,False,9.972762645914397,test
coco:61:20:180,coco,61,2008_000244.jpg,20,tvmonitor,tvmonitor,False,1,1,0.057705849409103394,120.5932,323.3231,356.3144,376.0398,0.08088911324739456,False,True,0.0,test
coco:64:7:189,coco,64,2008_000253.jpg,7,car,car,False,1,0,0.4912261366844177,254.7754,351.1607,319.0345,380.457,0.8222261071205139,True,False,9.972762645914397,test
coco:64:7:189,coco,64,2008_000253.jpg,7,car,car,False,1,1,0.3994036614894867,15.6549,341.1772,27.4949,354.0598,0.0,False,True,9.972762645914397,test
coco:64:7:189,coco,64,2008_000253.jpg,7,car,car,False,1,2,0.14747950434684753,79.1128,342.752,87.3822,351.8063,0.0,False,True,0.0,test
coco:64:7:189,coco,64,2008_000253.jpg,7,car,car,False,1,3,0.13634254038333893,86.5577,346.248,99.6806,351.7568,0.0,False,True,0.0,test
coco:64:7:189,coco,64,2008_000253.jpg,7,car,car,False,1,4,0.125446155667305,245.2728,342.4805,277.2783,355.2451,0.06399670988321304,False,True,0.0,test
coco:64:7:189,coco,64,2008_000253.jpg,7,car,car,False,1,5,0.10308534651994705,16.7819,347.2936,26.3477,354.2675,0.0,False,True,0.0,test
coco:64:7:189,coco,64,2008_000253.jpg,7,car,car,False,1,6,0.10264329612255096,246.0211,344.948,266.4465,355.5929,0.03613061457872391,False,True,0.0,test
coco:64:7:189,coco,64,2008_000253.jpg,7,car,car,False,1,7,0.09773638099431992,118.5849,344.6547,124.1916,348.9744,0.0,False,True,0.0,test
coco:64:7:189,coco,64,2008_000253.jpg,7,car,car,False,1,8,0.08212456107139587,25.9291,346.5045,29.7577,351.4871,0.0,False,True,0.0,test
coco:64:7:189,coco,64,2008_000253.jpg,7,car,car,False,1,9,0.07035773992538452,102.8715,344.6885,107.5496,348.3321,0.0,False,True,0.0,test
coco:64:7:189,coco,64,2008_000253.jpg,7,car,car,False,1,10,0.0637257769703865,59.7113,344.0775,67.2317,351.4942,0.0,False,True,0.0,test
coco:64:7:189,coco,64,2008_000253.jpg,7,car,car,False,1,11,0.05895845592021942,4.9809,354.5296,17.7157,364.3382,0.0,False,True,0.0,test
coco:64:7:189,coco,64,2008_000253.jpg,7,car,car,False,1,12,0.05587232485413551,24.0613,345.0896,29.1537,351.9225,0.0,False,True,0.0,test
coco:64:7:189,coco,64,2008_000253.jpg,7,car,car,False,1,13,0.05530235543847084,78.8935,340.959,90.0691,351.6868,0.0,False,True,0.0,test
coco:64:19:191,coco,64,2008_000253.jpg,19,train,train,True,0,0,0.17770980298519135,0.0449,226.9477,23.4662,497.2881,0.0,False,True,0.0,test
coco:64:19:191,coco,64,2008_000253.jpg,19,train,train,True,0,1,0.11491455137729645,0.0505,296.4063,18.0054,361.2239,0.0,False,True,0.0,test
coco:64:19:191,coco,64,2008_000253.jpg,19,train,train,True,0,2,0.08887030929327011,15.6549,341.1772,27.4949,354.0598,0.0,False,True,0.0,test
coco:64:19:191,coco,64,2008_000253.jpg,19,train,train,True,0,3,0.06580008566379547,0.9583,229.9111,20.6299,366.504,0.0,False,True,0.0,test
coco:64:19:191,coco,64,2008_000253.jpg,19,train,train,True,0,4,0.06022369861602783,88.8747,329.9613,131.4546,349.0096,0.0,False,True,0.0,test
coco:64:19:191,coco,64,2008_000253.jpg,19,train,train,True,0,5,0.05650186538696289,-0.0179,230.235,20.9817,413.5058,0.0,False,True,0.0,test
coco:64:19:191,coco,64,2008_000253.jpg,19,train,train,True,0,6,0.052104078233242035,4.5587,223.6239,327.8605,502.4489,0.0,False,True,0.0,test
coco:67:15:198,coco,67,2008_000261.jpg,15,person,person,False,1,0,0.14369706809520721,164.1615,49.5333,369.8148,375.0603,0.9853857755661011,True,False,0.0,test
coco:72:5:213,coco,72,2008_000272.jpg,5,bottle,bottle,False,1,0,0.44721946120262146,51.7915,199.1125,70.9493,270.3926,0.7916368246078491,True,False,9.972762645914397,test
coco:72:5:213,coco,72,2008_000272.jpg,5,bottle,bottle,False,1,1,0.12427520006895065,69.802,245.7889,82.2151,271.0466,0.054868150502443314,False,True,0.0,test
coco:73:16:216,coco,73,2008_000274.jpg,16,pottedplant,pottedplant,False,6,0,0.36103805899620056,118.0503,228.5434,168.3361,284.3358,0.532067060470581,True,False,9.972762645914397,test
coco:73:16:216,coco,73,2008_000274.jpg,16,pottedplant,pottedplant,False,6,1,0.3099813759326935,99.8442,221.6098,127.9242,254.4264,0.5725464820861816,True,False,9.972762645914397,test
coco:73:16:216,coco,73,2008_000274.jpg,16,pottedplant,pottedplant,False,6,2,0.3069543242454529,78.0701,197.2472,100.0178,237.2849,0.6359590888023376,True,False,9.972762645914397,test
coco:73:16:216,coco,73,2008_000274.jpg,16,pottedplant,pottedplant,False,6,3,0.2835446894168854,91.6685,168.4883,113.9119,218.8504,0.15463164448738098,False,True,9.972762645914397,test
coco:73:16:216,coco,73,2008_000274.jpg,16,pottedplant,pottedplant,False,6,4,0.2788330912590027,99.2956,218.7404,125.6982,242.0317,0.3030197322368622,False,True,9.972762645914397,test
coco:73:16:216,coco,73,2008_000274.jpg,16,pottedplant,pottedplant,False,6,5,0.2701393961906433,82.3234,155.8766,113.92,223.4538,0.23805862665176392,False,True,9.972762645914397,test
coco:73:16:216,coco,73,2008_000274.jpg,16,pottedplant,pottedplant,False,6,6,0.2548663318157196,91.6747,175.9189,113.59,202.4154,0.07161667943000793,False,True,9.972762645914397,test
coco:73:16:216,coco,73,2008_000274.jpg,16,pottedplant,pottedplant,False,6,7,0.24564258754253387,152.3794,248.5958,171.6426,264.0901,0.36345258355140686,False,True,9.972762645914397,test
coco:73:16:216,coco,73,2008_000274.jpg,16,pottedplant,pottedplant,False,6,8,0.2433318942785263,187.6068,249.4722,266.2235,311.9081,0.8769699931144714,True,False,9.972762645914397,test
coco:73:16:216,coco,73,2008_000274.jpg,16,pottedplant,pottedplant,False,6,9,0.24205036461353302,53.4929,186.3352,79.8288,254.3338,0.27035099267959595,False,True,9.972762645914397,test
coco:73:16:216,coco,73,2008_000274.jpg,16,pottedplant,pottedplant,False,6,10,0.23085376620292664,-0.0581,216.0741,27.942,253.9444,0.046099744737148285,False,True,9.972762645914397,test
coco:73:16:216,coco,73,2008_000274.jpg,16,pottedplant,pottedplant,False,6,11,0.21542473137378693,246.2127,253.2633,257.4661,266.0266,0.030815403908491135,False,True,0.0,test
coco:73:16:216,coco,73,2008_000274.jpg,16,pottedplant,pottedplant,False,6,12,0.21168649196624756,77.7905,203.3503,98.2102,225.5126,0.3406834304332733,False,True,0.0,test
coco:73:16:216,coco,73,2008_000274.jpg,16,pottedplant,pottedplant,False,6,13,0.20895816385746002,304.6225,222.03,328.9983,242.2689,0.0,False,True,0.0,test
coco:73:16:216,coco,73,2008_000274.jpg,16,pottedplant,pottedplant,False,6,14,0.20823600888252258,122.6751,229.1605,160.9873,276.4508,0.37159600853919983,False,True,0.0,test
coco:73:16:216,coco,73,2008_000274.jpg,16,pottedplant,pottedplant,False,6,15,0.18921977281570435,80.4079,154.3811,167.4373,284.2755,0.19090169668197632,False,True,0.0,test
coco:73:16:216,coco,73,2008_000274.jpg,16,pottedplant,pottedplant,False,6,16,0.1801656037569046,76.7791,190.1633,96.9493,226.8849,0.4138921797275543,False,True,0.0,test
coco:73:16:216,coco,73,2008_000274.jpg,16,pottedplant,pottedplant,False,6,17,0.18014313280582428,107.3802,236.302,127.9559,254.5587,0.5427948236465454,True,False,0.0,test
coco:73:16:216,coco,73,2008_000274.jpg,16,pottedplant,pottedplant,False,6,18,0.17716291546821594,99.4488,220.4114,119.7586,245.5945,0.24676240980625153,False,True,0.0,test
coco:73:16:216,coco,73,2008_000274.jpg,16,pottedplant,pottedplant,False,6,19,0.17698438465595245,82.3853,220.2,100.1715,237.8129,0.34180665016174316,False,True,0.0,test
coco:73:16:216,coco,73,2008_000274.jpg,16,pottedplant,pottedplant,False,6,20,0.15555614233016968,145.9517,238.6465,191.6566,265.3864,0.2522931396961212,False,True,0.0,test
coco:73:16:216,coco,73,2008_000274.jpg,16,pottedplant,pottedplant,False,6,21,0.1510491520166397,7.4477,226.9369,16.3777,234.4544,0.0,False,True,0.0,test
coco:73:16:216,coco,73,2008_000274.jpg,16,pottedplant,pottedplant,False,6,22,0.14873848855495453,171.6307,244.363,191.1945,264.0397,0.08005435764789581,False,True,0.0,test
coco:73:16:216,coco,73,2008_000274.jpg,16,pottedplant,pottedplant,False,6,23,0.14731793105602264,321.2032,197.6537,329.1588,209.4526,0.0,False,True,0.0,test
coco:73:16:216,coco,73,2008_000274.jpg,16,pottedplant,pottedplant,False,6,24,0.146819606423378,148.1536,254.7425,174.4397,280.4207,0.724433183670044,True,False,0.0,test
coco:73:16:216,coco,73,2008_000274.jpg,16,pottedplant,pottedplant,False,6,25,0.14433057606220245,96.684,198.8653,111.8175,218.023,0.09589014202356339,False,True,0.0,test
coco:73:16:216,coco,73,2008_000274.jpg,16,pottedplant,pottedplant,False,6,26,0.1388653814792633,71.7834,190.3371,100.5086,251.3671,0.4421099126338959,False,True,0.0,test
coco:73:16:216,coco,73,2008_000274.jpg,16,pottedplant,pottedplant,False,6,27,0.13861292600631714,232.9302,252.5639,265.7024,298.05,0.2982509136199951,False,True,0.0,test
coco:73:16:216,coco,73,2008_000274.jpg,16,pottedplant,pottedplant,False,6,28,0.13840849697589874,109.2344,234.9867,127.5344,244.4936,0.28614556789398193,False,True,0.0,test
coco:73:16:216,coco,73,2008_000274.jpg,16,pottedplant,pottedplant,False,6,29,0.13825100660324097,127.8392,229.1375,167.8689,257.5728,0.23035094141960144,False,True,0.0,test
coco:73:16:216,coco,73,2008_000274.jpg,16,pottedplant,pottedplant,False,6,30,0.135672464966774,73.1456,204.503,95.9239,229.3309,0.2868368923664093,False,True,0.0,test
coco:73:16:216,coco,73,2008_000274.jpg,16,pottedplant,pottedplant,False,6,31,0.13550789654254913,193.9201,253.107,236.61,281.9919,0.2645553946495056,False,True,0.0,test
coco:73:16:216,coco,73,2008_000274.jpg,16,pottedplant,pottedplant,False,6,32,0.13004782795906067,189.0224,253.4183,213.8492,270.9193,0.09321901947259903,False,True,0.0,test
coco:73:16:216,coco,73,2008_000274.jpg,16,pottedplant,pottedplant,False,6,33,0.1287863850593567,7.6457,230.5271,16.6887,251.6481,0.0,False,True,0.0,test
coco:73:16:216,coco,73,2008_000274.jpg,16,pottedplant,pottedplant,False,6,34,0.12824101746082306,144.6629,238.719,190.4569,279.5346,0.39291733503341675,False,True,0.0,test
coco:73:16:216,coco,73,2008_000274.jpg,16,pottedplant,pottedplant,False,6,35,0.12146461755037308,57.6448,186.0782,79.7518,230.5779,0.14851318299770355,False,True,0.0,test
coco:73:16:216,coco,73,2008_000274.jpg,16,pottedplant,pottedplant,False,6,36,0.12130750715732574,191.9393,256.1866,236.0551,294.1714,0.35952067375183105,False,True,0.0,test
coco:73:16:216,coco,73,2008_000274.jpg,16,pottedplant,pottedplant,False,6,37,0.1212959960103035,222.1707,265.6159,240.1758,283.2297,0.06804068386554718,False,True,0.0,test
coco:73:16:216,coco,73,2008_000274.jpg,16,pottedplant,pottedplant,False,6,38,0.11852366477251053,78.725,192.3049,94.457,231.1684,0.4172249436378479,False,True,0.0,test
coco:73:16:216,coco,73,2008_000274.jpg,16,pottedplant,pottedplant,False,6,39,0.10999882221221924,310.925,223.2512,318.8703,239.8399,0.0,False,True,0.0,test
coco:73:16:216,coco,73,2008_000274.jpg,16,pottedplant,pottedplant,False,6,40,0.10857272893190384,319.0453,226.1278,328.8299,241.8927,0.0,False,True,0.0,test
coco:73:16:216,coco,73,2008_000274.jpg,16,pottedplant,pottedplant,False,6,41,0.10524804145097733,-0.4521,228.4093,24.7536,284.9805,0.03444710001349449,False,True,0.0,test
coco:73:16:216,coco,73,2008_000274.jpg,16,pottedplant,pottedplant,False,6,42,0.10170993208885193,312.6652,246.7634,318.9376,252.5942,0.0,False,True,0.0,test
coco:73:16:216,coco,73,2008_000274.jpg,16,pottedplant,pottedplant,False,6,43,0.09990590065717697,63.7251,212.6537,86.5982,252.6778,0.13820604979991913,False,True,0.0,test
coco:73:16:216,coco,73,2008_000274.jpg,16,pottedplant,pottedplant,False,6,44,0.09564220905303955,12.7156,231.5675,27.5209,251.5908,0.025277037173509598,False,True,0.0,test
coco:73:16:216,coco,73,2008_000274.jpg,16,pottedplant,pottedplant,False,6,45,0.09519028663635254,0.0446,249.3852,23.4393,284.898,0.01548965647816658,False,True,0.0,test
coco:73:16:216,coco,73,2008_000274.jpg,16,pottedplant,pottedplant,False,6,46,0.09252862632274628,0.4842,182.009,29.7742,282.0137,0.11716510355472565,False,True,0.0,test
coco:73:16:216,coco,73,2008_000274.jpg,16,pottedplant,pottedplant,False,6,47,0.0918482169508934,287.6478,194.0891,328.0285,208.6518,0.0,False,True,0.0,test
coco:73:16:216,coco,73,2008_000274.jpg,16,pottedplant,pottedplant,False,6,48,0.0894898921251297,186.6847,265.6585,215.1947,281.71,0.09818226844072342,False,True,0.0,test
coco:73:16:216,coco,73,2008_000274.jpg,16,pottedplant,pottedplant,False,6,49,0.08819759637117386,451.0189,148.0944,466.331,169.824,0.0,False,True,0.0,test
coco:73:16:216,coco,73,2008_000274.jpg,16,pottedplant,pottedplant,False,6,50,0.08576671034097672,188.102,240.2336,267.2079,332.7284,0.5970715284347534,True,False,0.0,test
coco:73:16:216,coco,73,2008_000274.jpg,16,pottedplant,pottedplant,False,6,51,0.08026956021785736,124.6101,234.5609,150.5149,269.1697,0.188466414809227,False,True,0.0,test
coco:73:16:216,coco,73,2008_000274.jpg,16,pottedplant,pottedplant,False,6,52,0.08006129413843155,126.8417,225.9291,264.8996,312.7459,0.3888789713382721,False,True,0.0,test
coco:73:16:216,coco,73,2008_000274.jpg,16,pottedplant,pottedplant,False,6,53,0.07983702421188354,207.4976,308.7058,226.9827,333.0786,0.0,False,True,0.0,test
coco:73:16:216,coco,73,2008_000274.jpg,16,pottedplant,pottedplant,False,6,54,0.07930011302232742,315.454,234.9122,325.8598,241.459,0.0,False,True,0.0,test
coco:73:16:216,coco,73,2008_000274.jpg,16,pottedplant,pottedplant,False,6,55,0.07768741250038147,145.2893,239.5825,167.5439,259.4755,0.18670304119586945,False,True,0.0,test
coco:73:16:216,coco,73,2008_000274.jpg,16,pottedplant,pottedplant,False,6,56,0.07671694457530975,86.9031,235.6967,103.9886,258.3707,0.041162069886922836,False,True,0.0,test
coco:73:16:216,coco,73,2008_000274.jpg,16,pottedplant,pottedplant,False,6,57,0.07584583014249802,19.5746,180.2312,30.9077,258.6082,0.1340961754322052,False,True,0.0,test
coco:73:16:216,coco,73,2008_000274.jpg,16,pottedplant,pottedplant,False,6,58,0.07438784092664719,207.4091,288.2324,233.0829,331.5117,0.09639977663755417,False,True,0.0,test
coco:73:16:216,coco,73,2008_000274.jpg,16,pottedplant,pottedplant,False,6,59,0.07409942150115967,0.0369,243.4072,11.884,252.85,0.0,False,True,0.0,test
coco:73:16:216,coco,73,2008_000274.jpg,16,pottedplant,pottedplant,False,6,60,0.07274787127971649,99.6411,237.8856,115.6239,253.3223,0.13588649034500122,False,True,0.0,test
coco:73:16:216,coco,73,2008_000274.jpg,16,pottedplant,pottedplant,False,6,61,0.07227848470211029,79.056,212.1521,99.1909,237.5661,0.42235898971557617,False,True,0.0,test
coco:73:16:216,coco,73,2008_000274.jpg,16,pottedplant,pottedplant,False,6,62,0.07152575999498367,241.8642,257.6317,265.3235,293.4359,0.1683279126882553,False,True,0.0,test
coco:73:16:216,coco,73,2008_000274.jpg,16,pottedplant,pottedplant,False,6,63,0.06901998072862625,-0.0462,227.9076,10.6361,251.5013,0.0,False,True,0.0,test
coco:73:16:216,coco,73,2008_000274.jpg,16,pottedplant,pottedplant,False,6,64,0.06844980269670486,120.7135,253.6522,141.2934,284.059,0.1315467655658722,False,True,0.0,test
coco:73:16:216,coco,73,2008_000274.jpg,16,pottedplant,pottedplant,False,6,65,0.06620534509420395,307.0392,233.9977,318.294,240.1652,0.0,False,True,0.0,test
coco:73:16:216,coco,73,2008_000274.jpg,16,pottedplant,pottedplant,False,6,66,0.06563819199800491,139.2856,230.8129,169.3883,254.6646,0.15093503892421722,False,True,0.0,test
coco:73:16:216,coco,73,2008_000274.jpg,16,pottedplant,pottedplant,False,6,67,0.06484854966402054,250.3669,248.8986,255.6935,264.1591,0.017321690917015076,False,True,0.0,test
coco:73:16:216,coco,73,2008_000274.jpg,16,pottedplant,pottedplant,False,6,68,0.06439191848039627,-0.3111,176.4306,92.8019,267.9675,0.6814391613006592,True,False,0.0,test
coco:73:16:216,coco,73,2008_000274.jpg,16,pottedplant,pottedplant,False,6,69,0.06393353641033173,185.5414,251.0963,211.3178,266.9426,0.08763403445482254,False,True,0.0,test
coco:73:16:216,coco,73,2008_000274.jpg,16,pottedplant,pottedplant,False,6,70,0.06245424225926399,274.6307,211.0813,284.5197,221.9318,0.0,False,True,0.0,test
coco:73:16:216,coco,73,2008_000274.jpg,16,pottedplant,pottedplant,False,6,71,0.0606260746717453,152.2218,248.8885,161.1193,261.7467,0.14302048087120056,False,True,0.0,test
coco:73:16:216,coco,73,2008_000274.jpg,16,pottedplant,pottedplant,False,6,72,0.060571640729904175,207.709,277.6782,233.2155,295.8635,0.0995154082775116,False,True,0.0,test
coco:73:16:216,coco,73,2008_000274.jpg,16,pottedplant,pottedplant,False,6,73,0.06051107868552208,212.2654,293.7452,226.0517,311.7509,0.041700031608343124,False,True,0.0,test
coco:73:16:216,coco,73,2008_000274.jpg,16,pottedplant,pottedplant,False,6,74,0.059438880532979965,108.3126,220.4558,125.4152,238.8108,0.32609879970550537,False,True,0.0,test
coco:73:16:216,coco,73,2008_000274.jpg,16,pottedplant,pottedplant,False,6,75,0.05926387384533882,55.3141,261.6844,71.2866,270.104,0.020302167162299156,False,True,0.0,test
coco:73:16:216,coco,73,2008_000274.jpg,16,pottedplant,pottedplant,False,6,76,0.05894479155540466,219.6021,283.3633,234.463,296.4475,0.041717104613780975,False,True,0.0,test
coco:73:16:216,coco,73,2008_000274.jpg,16,pottedplant,pottedplant,False,6,77,0.057756274938583374,303.4904,221.4998,312.2565,238.8064,0.0,False,True,0.0,test
coco:73:16:216,coco,73,2008_000274.jpg,16,pottedplant,pottedplant,False,6,78,0.05756455287337303,-0.1573,217.509,16.1571,245.7335,0.0,False,True,0.0,test
coco:73:16:216,coco,73,2008_000274.jpg,16,pottedplant,pottedplant,False,6,79,0.05658188834786415,88.1076,156.7869,104.7695,203.6401,0.0980963334441185,False,True,0.0,test
coco:73:16:216,coco,73,2008_000274.jpg,16,pottedplant,pottedplant,False,6,80,0.05427892506122589,304.7021,249.9471,326.5527,262.6454,0.0,False,True,0.0,test
coco:73:16:216,coco,73,2008_000274.jpg,16,pottedplant,pottedplant,False,6,81,0.05413363501429558,85.5916,222.4451,104.1975,258.1967,0.2143028974533081,False,True,0.0,test
coco:73:16:216,coco,73,2008_000274.jpg,16,pottedplant,pottedplant,False,6,82,0.052444539964199066,110.1754,243.3456,124.3713,254.5361,0.26128125190734863,False,True,0.0,test
coco:73:16:216,coco,73,2008_000274.jpg,16,pottedplant,pottedplant,False,6,83,0.05182357877492905,289.9725,219.0477,327.0317,260.8465,0.0,False,True,0.0,test
coco:73:16:216,coco,73,2008_000274.jpg,16,pottedplant,pottedplant,False,6,84,0.051556285470724106,83.6476,158.4435,258.5228,308.4687,0.18131797015666962,False,True,0.0,test
coco:74:15:219,coco,74,2008_000277.jpg,15,person,person,False,4,0,0.22183828055858612,361.2689,35.8199,455.3253,121.6598,0.12096735835075378,False,True,0.0,test
coco:74:15:219,coco,74,2008_000277.jpg,15,person,person,False,4,1,0.2209562212228775,71.7523,84.2878,107.3136,107.2788,0.015993567183613777,False,True,0.0,test
coco:74:15:219,coco,74,2008_000277.jpg,15,person,person,False,4,2,0.21122540533542633,0.7627,16.9777,213.8454,260.2152,0.9848861694335938,True,False,0.0,test
coco:74:15:219,coco,74,2008_000277.jpg,15,person,person,False,4,3,0.1898690015077591,133.2634,189.2001,401.5116,375.4677,0.9008762240409851,True,False,0.0,test
coco:74:15:219,coco,74,2008_000277.jpg,15,person,person,False,4,4,0.18983757495880127,147.1371,20.1783,336.911,248.2452,0.9340808987617493,True,False,0.0,test
coco:74:15:219,coco,74,2008_000277.jpg,15,person,person,False,4,5,0.18791791796684265,306.8242,47.3597,499.1814,375.839,0.9510031938552856,True,False,0.0,test
coco:74:15:219,coco,74,2008_000277.jpg,15,person,person,False,4,6,0.13747809827327728,147.3194,20.5707,484.5111,251.2669,0.5225946307182312,True,False,0.0,test
coco:74:15:219,coco,74,2008_000277.jpg,15,person,person,False,4,7,0.1301516443490982,151.1462,24.2003,496.4934,373.4674,0.5285494923591614,True,False,0.0,test
coco:74:15:219,coco,74,2008_000277.jpg,15,person,person,False,4,8,0.12632398307323456,201.6049,45.0496,234.0116,101.4453,0.043754857033491135,False,True,0.0,test
coco:74:15:219,coco,74,2008_000277.jpg,15,person,person,False,4,9,0.11929268389940262,364.9148,35.7463,424.0667,69.3669,0.029101556167006493,False,True,0.0,test
coco:74:15:219,coco,74,2008_000277.jpg,15,person,person,False,4,10,0.10321809351444244,361.6522,32.4487,495.7789,217.9217,0.36586928367614746,False,True,0.0,test
coco:74:15:219,coco,74,2008_000277.jpg,15,person,person,False,4,11,0.07830890268087387,336.2756,27.7533,399.9852,54.3481,0.016669269651174545,False,True,0.0,test
coco:74:15:219,coco,74,2008_000277.jpg,15,person,person,False,4,12,0.056288667023181915,151.3653,24.3749,351.3448,372.2614,0.5543811321258545,True,False,0.0,test
coco:74:15:219,coco,74,2008_000277.jpg,15,person,person,False,4,13,0.056038592010736465,401.0691,68.6343,454.5555,120.0048,0.04181120544672012,False,True,0.0,test
coco:75:15:222,coco,75,2008_000278.jpg,15,person,person,False,3,0,0.22868777811527252,182.408,127.2431,386.435,376.2381,0.8598667979240417,True,False,9.972762645914397,test
coco:75:15:222,coco,75,2008_000278.jpg,15,person,person,False,3,1,0.21974827349185944,0.8241,121.3615,251.6987,374.056,0.9879550933837891,True,False,0.0,test
coco:75:15:222,coco,75,2008_000278.jpg,15,person,person,False,3,2,0.14902228116989136,364.8551,93.2634,499.7329,375.0428,0.9646838903427124,True,False,0.0,test
coco:75:15:222,coco,75,2008_000278.jpg,15,person,person,False,3,3,0.14555388689041138,72.5661,123.9722,253.9452,372.8293,0.7016936540603638,True,False,0.0,test
coco:75:15:222,coco,75,2008_000278.jpg,15,person,person,False,3,4,0.1408059149980545,2.9612,121.7008,375.7675,376.3213,0.6629595756530762,True,False,0.0,test
coco:75:15:222,coco,75,2008_000278.jpg,15,person,person,False,3,5,0.07117696851491928,236.6987,222.8208,252.846,245.3026,0.008099501021206379,False,True,0.0,test
coco:75:15:222,coco,75,2008_000278.jpg,15,person,person,False,3,6,0.06905463337898254,105.5453,214.7572,123.118,249.0792,0.0094599649310112,False,True,0.0,test
coco:75:15:222,coco,75,2008_000278.jpg,15,person,person,False,3,7,0.06646203994750977,236.5372,221.4759,272.542,261.925,0.032493580132722855,False,True,0.0,test
coco:75:15:222,coco,75,2008_000278.jpg,15,person,person,False,3,8,0.05400677025318146,22.0041,202.2775,41.6328,251.6856,0.01521140243858099,False,True,0.0,test
coco:75:15:222,coco,75,2008_000278.jpg,15,person,person,False,3,9,0.050347741693258286,370.1272,209.762,424.3676,284.4928,0.11011461913585663,False,True,0.0,test
coco:75:19:224,coco,75,2008_000278.jpg,19,train,train,True,0,0,0.15633676946163177,1.5725,0.2307,496.5435,361.5233,0.0,False,True,0.0,test
coco:75:19:224,coco,75,2008_000278.jpg,19,train,train,True,0,1,0.0592680498957634,-0.037,166.9404,47.8359,339.1118,0.0,False,True,0.0,test
coco:75:19:224,coco,75,2008_000278.jpg,19,train,train,True,0,2,0.050590191036462784,-0.0307,92.9976,52.5633,337.7233,0.0,False,True,0.0,test
coco:76:7:225,coco,76,2008_000281.jpg,7,car,car,False,2,0,0.5508710145950317,194.4044,400.7257,281.6646,441.1964,0.8266560435295105,True,False,9.972762645914397,test
coco:76:7:225,coco,76,2008_000281.jpg,7,car,car,False,2,1,0.5389840602874756,107.6669,381.5941,185.3573,414.945,0.7711447477340698,True,False,9.972762645914397,test
coco:80:8:237,coco,80,2008_000306.jpg,8,cat,cat,False,1,0,0.6808737516403198,55.2245,66.6768,374.9713,382.7632,0.9853256940841675,True,False,9.972762645914397,test
coco:80:8:237,coco,80,2008_000306.jpg,8,cat,cat,False,1,1,0.18021056056022644,253.2059,80.3941,374.4914,382.9615,0.3617538511753082,False,True,0.0,test
coco:80:8:237,coco,80,2008_000306.jpg,8,cat,cat,False,1,2,0.13187314569950104,218.8873,10.4884,373.1587,381.1525,0.4439927041530609,False,True,0.0,test
coco:80:8:237,coco,80,2008_000306.jpg,8,cat,cat,False,1,3,0.07909868657588959,301.541,7.5786,375.233,366.9566,0.20976552367210388,False,True,0.0,test
coco:80:8:237,coco,80,2008_000306.jpg,8,cat,cat,False,1,4,0.07744642347097397,60.8834,62.4315,213.0882,201.4652,0.20396798849105835,False,True,0.0,test
coco:80:8:237,coco,80,2008_000306.jpg,8,cat,cat,False,1,5,0.06569262593984604,22.175,262.7661,243.6639,372.9457,0.19535285234451294,False,True,0.0,test
coco:81:5:242,coco,81,2008_000307.jpg,5,bottle,bottle,True,0,0,0.059589680284261703,27.3679,105.8587,32.7895,118.86,0.0,False,True,0.0,test
coco:81:5:242,coco,81,2008_000307.jpg,5,bottle,bottle,True,0,1,0.05466229468584061,7.4807,197.3158,19.04,207.4465,0.0,False,True,0.0,test
coco:82:18:243,coco,82,2008_000321.jpg,18,sofa,sofa,False,1,0,0.5175299048423767,274.1461,112.4746,468.8008,265.4459,0.9162309765815735,True,False,9.972762645914397,test
coco:82:18:243,coco,82,2008_000321.jpg,18,sofa,sofa,False,1,1,0.054494258016347885,289.1512,113.1786,443.2231,176.5009,0.3001995384693146,False,True,0.0,test
coco:89:15:264,coco,89,2008_000359.jpg,15,person,person,False,2,0,0.15868321061134338,141.3762,0.8585,493.3794,373.7509,0.9800608158111572,True,False,0.0,test
coco:89:15:264,coco,89,2008_000359.jpg,15,person,person,False,2,1,0.1531979888677597,-0.0768,58.4056,207.845,372.9447,0.9527739882469177,True,False,0.0,test
coco:89:15:264,coco,89,2008_000359.jpg,15,person,person,False,2,2,0.054130882024765015,478.4184,145.14,499.9788,263.6634,0.008655939251184464,False,True,0.0,test
coco:90:19:268,coco,90,2008_000367.jpg,19,train,train,True,0,0,0.33240094780921936,2.121,57.3072,360.9206,354.9688,0.0,False,True,9.972762645914397,test
coco:90:19:268,coco,90,2008_000367.jpg,19,train,train,True,0,1,0.20314307510852814,5.3708,-1.7824,497.3006,348.7101,0.0,False,True,0.0,test
coco:90:19:268,coco,90,2008_000367.jpg,19,train,train,True,0,2,0.08035922050476074,200.1636,1.1882,490.6901,354.3158,0.0,False,True,0.0,test
coco:90:19:268,coco,90,2008_000367.jpg,19,train,train,True,0,3,0.07164710760116577,0.5273,66.6414,159.6784,354.7048,0.0,False,True,0.0,test
coco:90:19:268,coco,90,2008_000367.jpg,19,train,train,True,0,4,0.060250066220760345,209.1666,0.3365,449.2892,192.6091,0.0,False,True,0.0,test
coco:92:15:273,coco,92,2008_000376.jpg,15,person,person,False,2,0,0.23896251618862152,236.0022,144.0823,370.0999,295.7543,0.8656232953071594,True,False,9.972762645914397,test
coco:92:15:273,coco,92,2008_000376.jpg,15,person,person,False,2,1,0.21165257692337036,355.0037,201.9541,404.5981,265.3091,0.021809542551636696,False,True,0.0,test
coco:92:15:273,coco,92,2008_000376.jpg,15,person,person,False,2,2,0.20921200513839722,453.1539,185.971,489.1544,206.8357,0.004561421927064657,False,True,0.0,test
coco:92:15:273,coco,92,2008_000376.jpg,15,person,person,False,2,3,0.20811860263347626,2.4543,0.8276,494.6516,333.7751,0.9833675622940063,True,False,0.0,test
coco:92:15:273,coco,92,2008_000376.jpg,15,person,person,False,2,4,0.2015613615512848,408.4192,193.3143,447.1851,208.2635,0.003519246820360422,False,True,0.0,test
coco:92:15:273,coco,92,2008_000376.jpg,15,person,person,False,2,5,0.1892528235912323,83.0644,194.1746,97.5641,206.3285,0.0010701774153858423,False,True,0.0,test
coco:92:15:273,coco,92,2008_000376.jpg,15,person,person,False,2,6,0.18579918146133423,93.472,199.8912,111.2637,208.5333,0.0009337246301583946,False,True,0.0,test
coco:92:15:273,coco,92,2008_000376.jpg,15,person,person,False,2,7,0.17802610993385315,111.7215,199.082,124.9388,205.6194,0.000524721690453589,False,True,0.0,test
coco:92:15:273,coco,92,2008_000376.jpg,15,person,person,False,2,8,0.17270857095718384,350.8905,196.5827,387.2291,258.5228,0.03586265817284584,False,True,0.0,test
coco:92:15:273,coco,92,2008_000376.jpg,15,person,person,False,2,9,0.17193831503391266,43.6092,182.3264,84.465,205.0295,0.00563273997977376,False,True,0.0,test
coco:92:15:273,coco,92,2008_000376.jpg,15,person,person,False,2,10,0.17094869911670685,238.1515,143.0571,496.9839,332.8948,0.3542223870754242,False,True,0.0,test
coco:92:15:273,coco,92,2008_000376.jpg,15,person,person,False,2,11,0.1681450456380844,-0.0453,1.4054,345.8421,333.6092,0.681928813457489,True,False,0.0,test
coco:92:15:273,coco,92,2008_000376.jpg,15,person,person,False,2,12,0.16625814139842987,36.625,191.2278,50.3264,201.021,0.0008148322231136262,False,True,0.0,test
coco:92:15:273,coco,92,2008_000376.jpg,15,person,person,False,2,13,0.14479884505271912,336.4535,178.828,496.7189,287.935,0.10618732124567032,False,True,0.0,test
coco:92:15:273,coco,92,2008_000376.jpg,15,person,person,False,2,14,0.13605763018131256,364.0623,196.1478,381.2267,216.1293,0.002082732506096363,False,True,0.0,test
coco:92:15:273,coco,92,2008_000376.jpg,15,person,person,False,2,15,0.13404005765914917,374.3381,202.2076,395.8703,220.1113,0.002341055078431964,False,True,0.0,test
coco:92:15:273,coco,92,2008_000376.jpg,15,person,person,False,2,16,0.11551431566476822,485.593,177.6283,499.8117,204.3366,0.0023061418905854225,False,True,0.0,test
coco:92:15:273,coco,92,2008_000376.jpg,15,person,person,False,2,17,0.11538877338171005,387.9171,203.0781,407.107,223.2372,0.0023492183536291122,False,True,0.0,test
coco:92:15:273,coco,92,2008_000376.jpg,15,person,person,False,2,18,0.11492697149515152,374.8882,203.0007,403.2991,231.4004,0.00489982170984149,False,True,0.0,test
coco:92:15:273,coco,92,2008_000376.jpg,15,person,person,False,2,19,0.10522250086069107,0.3694,182.2085,125.3198,208.8553,0.019620174542069435,False,True,0.0,test
coco:92:15:273,coco,92,2008_000376.jpg,15,person,person,False,2,20,0.09609825909137726,-0.0209,190.0117,9.5624,197.0582,0.00023797954781912267,False,True,0.0,test
coco:92:15:273,coco,92,2008_000376.jpg,15,person,person,False,2,21,0.07462376356124878,393.1248,203.0542,406.3325,214.5025,0.0009182194480672479,False,True,0.0,test
coco:92:15:273,coco,92,2008_000376.jpg,15,person,person,False,2,22,0.06373514980077744,340.0043,195.3398,362.626,237.1753,0.05213240161538124,False,True,0.0,test
coco:92:15:273,coco,92,2008_000376.jpg,15,person,person,False,2,23,0.06013381853699684,343.4303,209.1932,444.5361,286.7057,0.0585223026573658,False,True,0.0,test
coco:92:15:273,coco,92,2008_000376.jpg,15,person,person,False,2,24,0.056092265993356705,346.7886,211.3923,361.7302,227.5544,0.013701355084776878,False,True,0.0,test
coco:92:15:273,coco,92,2008_000376.jpg,15,person,person,False,2,25,0.05306428298354149,406.7237,194.5298,422.6809,208.5751,0.001361028989776969,False,True,0.0,test
coco:92:15:273,coco,92,2008_000376.jpg,15,person,person,False,2,26,0.052427589893341064,352.9835,178.8239,499.5035,217.4236,0.03434482589364052,False,True,0.0,test
coco:92:15:273,coco,92,2008_000376.jpg,15,person,person,False,2,27,0.05152318626642227,-0.4674,195.1431,93.6826,332.539,0.0745498463511467,False,True,0.0,test
coco:92:15:273,coco,92,2008_000376.jpg,15,person,person,False,2,28,0.05106636509299278,394.1705,271.7547,443.4739,289.2633,0.00524215679615736,False,True,0.0,test
coco:92:15:273,coco,92,2008_000376.jpg,15,person,person,False,2,29,0.05025200545787811,56.2169,197.9322,66.2547,203.8577,0.00036120216827839613,False,True,0.0,test
coco:92:19:274,coco,92,2008_000376.jpg,19,train,train,True,0,0,0.09000396728515625,0.5326,166.2702,494.1085,209.0824,0.0,False,True,0.0,test
coco:92:19:274,coco,92,2008_000376.jpg,19,train,train,True,0,1,0.06719408929347992,2.4543,0.8276,494.6516,333.7751,0.0,False,True,0.0,test
coco:92:19:274,coco,92,2008_000376.jpg,19,train,train,True,0,2,0.05219457671046257,348.0949,161.6128,500.7146,210.9456,0.0,False,True,0.0,test
coco:93:14:276,coco,93,2008_000378.jpg,14,motorbike,motorbike,False,1,0,0.6437135338783264,12.0136,181.938,230.7684,332.4266,0.9696938395500183,True,False,9.972762645914397,test
coco:93:2:277,coco,93,2008_000378.jpg,2,bicycle,bicycle,True,0,0,0.08191085606813431,12.0136,181.938,230.7684,332.4266,0.0,False,True,0.0,test
coco:94:9:279,coco,94,2008_000381.jpg,9,chair,chair,False,2,0,0.24261882901191711,125.1264,435.6892,137.1554,492.7072,0.11164268851280212,False,True,9.972762645914397,test
coco:94:9:279,coco,94,2008_000381.jpg,9,chair,chair,False,2,1,0.22276102006435394,69.2254,427.4921,131.9052,500.0677,0.897278904914856,True,False,0.0,test
coco:94:9:279,coco,94,2008_000381.jpg,9,chair,chair,False,2,2,0.20660938322544098,4.0962,430.0014,70.4759,499.9001,0.9335719347000122,True,False,0.0,test
coco:94:9:279,coco,94,2008_000381.jpg,9,chair,chair,False,2,3,0.10339506715536118,70.9945,416.1049,93.2318,449.6803,0.08355448395013809,False,True,0.0,test
coco:94:9:279,coco,94,2008_000381.jpg,9,chair,chair,False,2,4,0.0996462032198906,98.3978,428.5969,130.4286,496.7505,0.46492087841033936,False,True,0.0,test
coco:94:9:279,coco,94,2008_000381.jpg,9,chair,chair,False,2,5,0.07576868683099747,1.8825,427.6918,131.1993,499.6802,0.5201253890991211,True,False,0.0,test
coco:94:9:279,coco,94,2008_000381.jpg,9,chair,chair,False,2,6,0.06419280916452408,40.7783,410.7414,49.9594,429.788,0.0,False,True,0.0,test
coco:94:9:279,coco,94,2008_000381.jpg,9,chair,chair,False,2,7,0.05041410028934479,71.4815,426.1917,101.896,472.0895,0.26924237608909607,False,True,0.0,test
coco:95:15:282,coco,95,2008_000382.jpg,15,person,person,False,1,0,0.0634850412607193,-1.6938,95.3708,296.4758,500.63,0.9371631145477295,True,False,0.0,test
coco:96:1:287,coco,96,2008_000383.jpg,1,aeroplane,aeroplane,True,0,0,0.05314650014042854,418.2487,155.8071,454.2728,178.5834,0.0,False,True,0.0,test
coco:98:15:291,coco,98,2008_000398.jpg,15,person,person,False,2,0,0.25982216000556946,-0.0638,28.6808,156.0438,323.0642,0.9380349516868591,True,False,9.972762645914397,test
coco:98:15:291,coco,98,2008_000398.jpg,15,person,person,False,2,1,0.19387568533420563,117.0182,63.2461,256.5551,385.1765,0.9538911581039429,True,False,0.0,test
coco:100:13:297,coco,100,2008_000403.jpg,13,horse,horse,False,1,0,0.6897441148757935,179.6512,208.2359,239.3615,297.5263,0.8345679640769958,True,False,9.972762645914397,test
coco:100:13:297,coco,100,2008_000403.jpg,13,horse,horse,False,1,1,0.1808622032403946,112.9709,253.2915,130.7876,273.5842,0.0,False,True,0.0,test
coco:100:13:297,coco,100,2008_000403.jpg,13,horse,horse,False,1,2,0.17206111550331116,115.8853,253.7475,126.9525,262.2573,0.0,False,True,0.0,test
coco:100:13:297,coco,100,2008_000403.jpg,13,horse,horse,False,1,3,0.056247759610414505,97.9835,264.8769,123.2419,275.2717,0.0,False,True,0.0,test
coco:100:12:298,coco,100,2008_000403.jpg,12,dog,dog,True,0,0,0.1748737096786499,115.8853,253.7475,126.9525,262.2573,0.0,False,True,0.0,test
coco:100:12:298,coco,100,2008_000403.jpg,12,dog,dog,True,0,1,0.11320404708385468,112.9709,253.2915,130.7876,273.5842,0.0,False,True,0.0,test
coco:102:15:303,coco,102,2008_000407.jpg,15,person,person,False,2,0,0.19464395940303802,57.3731,145.1292,325.6363,501.4383,0.9492070078849792,True,False,0.0,test
coco:102:15:303,coco,102,2008_000407.jpg,15,person,person,False,2,1,0.11764204502105713,106.3244,75.3128,295.2689,399.4082,0.7947919368743896,True,False,0.0,test
coco:102:16:304,coco,102,2008_000407.jpg,16,pottedplant,pottedplant,True,0,0,0.09792927652597427,323.2539,356.3545,373.9966,443.952,0.0,False,True,0.0,test
coco:102:16:304,coco,102,2008_000407.jpg,16,pottedplant,pottedplant,True,0,1,0.08871987462043762,0.1726,308.1815,76.7095,403.0346,0.0,False,True,0.0,test
coco:103:15:306,coco,103,2008_000408.jpg,15,person,person,False,4,0,0.17816448211669922,301.8986,124.6985,415.0128,295.1572,0.9434152245521545,True,False,0.0,test
coco:103:15:306,coco,103,2008_000408.jpg,15,person,person,False,4,1,0.17066478729248047,183.2059,90.8974,226.9913,169.8604,0.7484286427497864,True,False,0.0,test
coco:103:15:306,coco,103,2008_000408.jpg,15,person,person,False,4,2,0.15139524638652802,73.0352,86.9419,236.9424,287.0153,0.9325533509254456,True,False,0.0,test
coco:103:15:306,coco,103,2008_000408.jpg,15,person,person,False,4,3,0.10720346868038177,-0.2186,89.664,61.1718,282.2265,0.0,False,True,0.0,test
coco:103:15:306,coco,103,2008_000408.jpg,15,person,person,False,4,4,0.09624484181404114,228.8417,144.6985,278.9504,193.5401,0.8202503323554993,True,False,0.0,test
coco:103:15:306,coco,103,2008_000408.jpg,15,person,person,False,4,5,0.09505143761634827,52.7774,140.8974,87.6579,199.0052,0.02279892936348915,False,True,0.0,test
coco:103:15:306,coco,103,2008_000408.jpg,15,person,person,False,4,6,0.08786778151988983,280.2729,129.8247,309.8055,168.6106,0.018618158996105194,False,True,0.0,test
coco:103:15:306,coco,103,2008_000408.jpg,15,person,person,False,4,7,0.071534663438797,21.6118,123.922,55.8175,187.3996,0.0,False,True,0.0,test
coco:103:15:306,coco,103,2008_000408.jpg,15,person,person,False,4,8,0.06764774769544601,280.6449,144.797,304.2637,167.9295,0.004904609639197588,False,True,0.0,test
coco:103:15:306,coco,103,2008_000408.jpg,15,person,person,False,4,9,0.06565896421670914,456.8417,132.0764,497.8309,304.6052,0.0,False,True,0.0,test
coco:103:15:306,coco,103,2008_000408.jpg,15,person,person,False,4,10,0.06411518156528473,261.6205,140.4765,281.3279,165.2931,0.11380919069051743,False,True,0.0,test
coco:103:15:306,coco,103,2008_000408.jpg,15,person,person,False,4,11,0.06335480511188507,179.2333,90.6056,241.4399,211.1705,0.4109753966331482,False,True,0.0,test
coco:103:15:306,coco,103,2008_000408.jpg,15,person,person,False,4,12,0.056846026331186295,217.0262,134.4973,239.8765,162.7481,0.06771140545606613,False,True,0.0,test
coco:103:11:308,coco,103,2008_000408.jpg,11,diningtable,diningtable,True,0,0,0.3637779653072357,2.1324,280.7428,496.894,374.368,0.0,False,True,9.972762645914397,test
coco:103:11:308,coco,103,2008_000408.jpg,11,diningtable,diningtable,True,0,1,0.3029290437698364,245.8802,203.6817,307.0287,256.6462,0.0,False,True,9.972762645914397,test
coco:103:11:308,coco,103,2008_000408.jpg,11,diningtable,diningtable,True,0,2,0.243838831782341,385.0518,180.89,436.077,236.7156,0.0,False,True,9.972762645914397,test
coco:103:11:308,coco,103,2008_000408.jpg,11,diningtable,diningtable,True,0,3,0.12839451432228088,204.1444,211.5077,308.0653,258.8557,0.0,False,True,0.0,test
coco:103:11:308,coco,103,2008_000408.jpg,11,diningtable,diningtable,True,0,4,0.0653020590543747,235.6077,199.0233,500.0204,301.5645,0.0,False,True,0.0,test
coco:103:11:308,coco,103,2008_000408.jpg,11,diningtable,diningtable,True,0,5,0.06341097503900528,41.5691,195.401,310.3774,265.114,0.0,False,True,0.0,test
coco:104:15:309,coco,104,2008_000413.jpg,15,person,person,False,1,0,0.14446115493774414,-0.1135,2.0941,373.4226,496.5551,0.9838221073150635,True,False,0.0,test
coco:105:4:312,coco,105,2008_000414.jpg,4,boat,boat,False,3,0,0.44663307070732117,0.9334,134.7032,376.5818,330.385,0.7175347805023193,True,False,9.972762645914397,test
coco:105:4:312,coco,105,2008_000414.jpg,4,boat,boat,False,3,1,0.31092891097068787,4.334,0.1854,383.389,329.4329,0.6803215742111206,True,False,9.972762645914397,test
coco:105:4:312,coco,105,2008_000414.jpg,4,boat,boat,False,3,2,0.26914742588996887,317.2535,116.058,414.7502,131.2364,0.37352052330970764,False,True,9.972762645914397,test
coco:105:4:312,coco,105,2008_000414.jpg,4,boat,boat,False,3,3,0.21389932930469513,318.2568,111.3709,415.9622,139.5073,0.6776657700538635,True,False,0.0,test
coco:105:4:312,coco,105,2008_000414.jpg,4,boat,boat,False,3,4,0.1940942406654358,-1.2905,148.2601,212.3378,232.4815,0.5085113644599915,True,False,0.0,test
coco:105:4:312,coco,105,2008_000414.jpg,4,boat,boat,False,3,5,0.17092086374759674,-0.1869,156.8203,149.3392,237.192,0.315655380487442,False,True,0.0,test
coco:105:4:312,coco,105,2008_000414.jpg,4,boat,boat,False,3,6,0.15069881081581116,319.373,114.2587,499.5238,175.0795,0.23331040143966675,False,True,0.0,test
coco:105:4:312,coco,105,2008_000414.jpg,4,boat,boat,False,3,7,0.1502102017402649,0.2421,93.2253,122.2374,175.2057,0.3161777853965759,False,True,0.0,test
coco:105:4:312,coco,105,2008_000414.jpg,4,boat,boat,False,3,8,0.14684505760669708,347.4459,135.2654,499.2025,174.643,0.062410868704319,False,True,0.0,test
coco:105:4:312,coco,105,2008_000414.jpg,4,boat,boat,False,3,9,0.12210080772638321,-0.8634,141.7286,109.1489,188.7879,0.16177041828632355,False,True,0.0,test
coco:105:4:312,coco,105,2008_000414.jpg,4,boat,boat,False,3,10,0.10975396633148193,314.3376,1.0007,416.554,139.4932,0.23827677965164185,False,True,0.0,test
coco:105:4:312,coco,105,2008_000414.jpg,4,boat,boat,False,3,11,0.10396508872509003,443.3614,142.7354,499.9655,172.1964,0.0,False,True,0.0,test
coco:105:4:312,coco,105,2008_000414.jpg,4,boat,boat,False,3,12,0.09688844531774521,1.1159,177.094,153.1513,333.3701,0.22988761961460114,False,True,0.0,test
coco:105:4:312,coco,105,2008_000414.jpg,4,boat,boat,False,3,13,0.09612761437892914,0.1498,159.3631,113.8596,283.743,0.2015027105808258,False,True,0.0,test
coco:105:4:312,coco,105,2008_000414.jpg,4,boat,boat,False,3,14,0.0901571661233902,139.2263,218.6777,379.7115,333.8972,0.24706730246543884,False,True,0.0,test
coco:105:4:312,coco,105,2008_000414.jpg,4,boat,boat,False,3,15,0.08918913453817368,0.118,163.19,92.984,214.0072,0.14878049492835999,False,True,0.0,test
coco:105:4:312,coco,105,2008_000414.jpg,4,boat,boat,False,3,16,0.08680842816829681,-0.1923,155.4714,49.9693,180.5153,0.039053115993738174,False,True,0.0,test
coco:105:4:312,coco,105,2008_000414.jpg,4,boat,boat,False,3,17,0.08495146036148071,318.239,2.8481,495.5918,171.8202,0.1274382472038269,False,True,0.0,test
coco:105:4:312,coco,105,2008_000414.jpg,4,boat,boat,False,3,18,0.08336947113275528,0.4525,0.2514,130.7053,177.2758,0.2625825107097626,False,True,0.0,test
coco:105:4:312,coco,105,2008_000414.jpg,4,boat,boat,False,3,19,0.07939722388982773,267.5203,118.313,414.1097,173.2334,0.266287624835968,False,True,0.0,test
coco:105:4:312,coco,105,2008_000414.jpg,4,boat,boat,False,3,20,0.07503291964530945,101.0233,155.4279,376.0027,328.0334,0.4765739440917969,False,True,0.0,test
coco:105:4:312,coco,105,2008_000414.jpg,4,boat,boat,False,3,21,0.0739373043179512,0.8614,245.2098,159.0228,334.2714,0.11881837248802185,False,True,0.0,test
coco:105:4:312,coco,105,2008_000414.jpg,4,boat,boat,False,3,22,0.07322952896356583,419.1754,118.5319,472.0478,144.3738,0.0,False,True,0.0,test
coco:105:4:312,coco,105,2008_000414.jpg,4,boat,boat,False,3,23,0.07122115790843964,37.0518,154.652,115.3879,189.1882,0.08623455464839935,False,True,0.0,test
coco:105:4:312,coco,105,2008_000414.jpg,4,boat,boat,False,3,24,0.0691630095243454,464.2441,86.9883,475.2473,94.2791,0.0,False,True,0.0,test
coco:105:4:312,coco,105,2008_000414.jpg,4,boat,boat,False,3,25,0.06916123628616333,384.0587,142.5933,500.1826,174.1476,0.005584300495684147,False,True,0.0,test
coco:105:4:312,coco,105,2008_000414.jpg,4,boat,boat,False,3,26,0.06698906421661377,0.2309,192.2669,83.9877,223.9195,0.08366237580776215,False,True,0.0,test
coco:105:4:312,coco,105,2008_000414.jpg,4,boat,boat,False,3,27,0.06499047577381134,262.9548,140.4089,322.416,173.693,0.02280503325164318,False,True,0.0,test
coco:105:4:312,coco,105,2008_000414.jpg,4,boat,boat,False,3,28,0.05809539556503296,271.2404,133.1032,378.7574,194.1963,0.0756884440779686,False,True,0.0,test
coco:105:4:312,coco,105,2008_000414.jpg,4,boat,boat,False,3,29,0.057346779853105545,290.7192,138.8197,321.0125,169.265,0.010627415031194687,False,True,0.0,test
coco:105:4:312,coco,105,2008_000414.jpg,4,boat,boat,False,3,30,0.055303044617176056,-1.8815,89.5867,236.0327,224.6682,0.9439035654067993,True,False,0.0,test
coco:105:4:312,coco,105,2008_000414.jpg,4,boat,boat,False,3,31,0.05359550565481186,0.4387,91.9153,130.1137,275.6826,0.46187707781791687,False,True,0.0,test
coco:105:4:312,coco,105,2008_000414.jpg,4,boat,boat,False,3,32,0.05262880399823189,349.1819,115.7549,415.9556,131.4553,0.2575922906398773,False,True,0.0,test
coco:105:4:312,coco,105,2008_000414.jpg,4,boat,boat,False,3,33,0.05030184984207153,143.9962,118.239,194.3826,131.9693,0.022051533684134483,False,True,0.0,test
coco:106:9:315,coco,106,2008_000418.jpg,9,chair,chair,False,2,0,0.36140838265419006,308.0908,233.8973,384.5983,348.4259,0.9264991879463196,True,False,9.972762645914397,test
coco:106:9:315,coco,106,2008_000418.jpg,9,chair,chair,False,2,1,0.3312784433364868,418.5647,263.308,488.7836,375.5418,0.9386252760887146,True,False,9.972762645914397,test
coco:106:9:315,coco,106,2008_000418.jpg,9,chair,chair,False,2,2,0.1843392252922058,428.3519,224.1582,491.9797,339.8151,0.45183631777763367,False,True,0.0,test
coco:106:9:315,coco,106,2008_000418.jpg,9,chair,chair,False,2,3,0.0723777487874031,429.551,291.353,490.0294,339.6418,0.3810504376888275,False,True,0.0,test
coco:106:9:315,coco,106,2008_000418.jpg,9,chair,chair,False,2,4,0.06205185875296593,234.753,334.7165,410.1985,374.0978,0.10241005569696426,False,True,0.0,test
coco:110:15:327,coco,110,2008_000446.jpg,15,person,person,False,3,0,0.3108856976032257,190.4604,110.2389,334.9711,447.3248,0.9555257558822632,True,False,9.972762645914397,test
coco:110:15:327,coco,110,2008_000446.jpg,15,person,person,False,3,1,0.30173495411872864,30.835,132.9268,196.6661,446.3834,0.9796940088272095,True,False,9.972762645914397,test
coco:110:15:327,coco,110,2008_000446.jpg,15,person,person,False,3,2,0.19993509352207184,105.6132,170.8841,208.1594,382.7989,0.9633755683898926,True,False,0.0,test
coco:110:15:327,coco,110,2008_000446.jpg,15,person,person,False,3,3,0.06234441697597504,108.0605,171.9731,207.0236,279.2119,0.4745006859302521,False,True,0.0,test
coco:112:6:335,coco,112,2008_000457.jpg,6,bus,bus,True,0,0,0.10514163225889206,214.6449,257.3379,230.6601,274.9719,0.0,False,True,0.0,test
coco:112:6:335,coco,112,2008_000457.jpg,6,bus,bus,True,0,1,0.09319641441106796,244.5597,256.6921,271.0429,294.8369,0.0,False,True,0.0,test
coco:113:18:337,coco,113,2008_000464.jpg,18,sofa,sofa,True,0,0,0.15789665281772614,382.9845,61.6589,500.5496,377.434,0.0,False,True,0.0,test
coco:116:14:347,coco,116,2008_000469.jpg,14,motorbike,motorbike,True,0,0,0.0659325048327446,256.8604,152.3779,281.6147,198.1538,0.0,False,True,0.0,test
coco:118:9:351,coco,118,2008_000473.jpg,9,chair,chair,False,1,0,0.28169044852256775,85.3964,241.7298,331.5901,458.4873,0.7124462127685547,True,False,9.972762645914397,test
coco:118:9:351,coco,118,2008_000473.jpg,9,chair,chair,False,1,1,0.16839337348937988,331.7732,462.9691,374.8459,499.5757,0.0,False,True,0.0,test
coco:118:9:351,coco,118,2008_000473.jpg,9,chair,chair,False,1,2,0.12096961587667465,100.9377,241.8982,308.3961,328.4999,0.11143363267183304,False,True,0.0,test
coco:118:9:351,coco,118,2008_000473.jpg,9,chair,chair,False,1,3,0.10422201454639435,173.6852,243.0324,310.7688,311.7568,0.03145284950733185,False,True,0.0,test
coco:118:9:351,coco,118,2008_000473.jpg,9,chair,chair,False,1,4,0.1016635075211525,89.75,306.495,316.2808,455.7848,0.8685725927352905,True,False,0.0,test
coco:118:9:351,coco,118,2008_000473.jpg,9,chair,chair,False,1,5,0.07468670606613159,279.4642,394.2305,374.8143,499.9166,0.07788339257240295,False,True,0.0,test
coco:118:9:351,coco,118,2008_000473.jpg,9,chair,chair,False,1,6,0.0639900490641594,283.3118,453.4619,375.4814,500.1737,0.005454219877719879,False,True,0.0,test
coco:118:9:351,coco,118,2008_000473.jpg,9,chair,chair,False,1,7,0.06389302015304565,111.2872,289.7787,182.9833,324.389,0.042196255177259445,False,True,0.0,test
coco:118:9:351,coco,118,2008_000473.jpg,9,chair,chair,False,1,8,0.052369993180036545,101.6351,268.4069,190.3873,323.9882,0.048776280134916306,False,True,0.0,test
coco:118:9:351,coco,118,2008_000473.jpg,9,chair,chair,False,1,9,0.051471345126628876,116.6107,241.2984,317.742,393.6789,0.36590516567230225,False,True,0.0,test
coco:121:15:360,coco,121,2008_000481.jpg,15,person,person,False,1,0,0.3018416166305542,59.6186,41.3664,450.2859,373.8069,0.981474757194519,True,False,9.972762645914397,test
coco:122:15:363,coco,122,2008_000489.jpg,15,person,person,False,1,0,0.3235405385494232,114.4711,81.5523,337.982,375.6151,0.8801517486572266,True,False,9.972762645914397,test
coco:123:15:366,coco,123,2008_000492.jpg,15,person,person,False,3,0,0.20047013461589813,1.1392,0.6097,494.6565,374.7479,0.993292510509491,True,False,0.0,test
coco:123:15:366,coco,123,2008_000492.jpg,15,person,person,False,3,1,0.15831997990608215,255.0028,1.111,500.4252,369.4178,0.6155955195426941,True,False,0.0,test
coco:123:15:366,coco,123,2008_000492.jpg,15,person,person,False,3,2,0.11449766159057617,184.7144,87.5577,315.4998,249.1467,0.6141673922538757,True,False,0.0,test
coco:123:15:366,coco,123,2008_000492.jpg,15,person,person,False,3,3,0.05539891868829727,1.3556,1.6279,333.44,375.7142,0.6675475835800171,True,False,0.0,test
coco:123:15:366,coco,123,2008_000492.jpg,15,person,person,False,3,4,0.053224414587020874,183.4638,87.2862,351.5739,328.8595,0.789361834526062,True,False,0.0,test
coco:125:9:372,coco,125,2008_000498.jpg,9,chair,chair,False,3,0,0.5354379415512085,243.0743,2.8048,340.858,121.2388,0.8272412419319153,True,False,9.972762645914397,test
coco:125:9:372,coco,125,2008_000498.jpg,9,chair,chair,False,3,1,0.5177350044250488,323.6497,30.9744,433.3372,185.4361,0.7316421270370483,True,False,9.972762645914397,test
coco:125:9:372,coco,125,2008_000498.jpg,9,chair,chair,False,3,2,0.30479907989501953,341.1736,31.3427,412.8654,127.0755,0.7718472480773926,True,False,9.972762645914397,test
coco:125:9:372,coco,125,2008_000498.jpg,9,chair,chair,False,3,3,0.09665559977293015,240.7597,3.5632,435.9337,189.7374,0.4085252583026886,False,True,0.0,test
coco:125:16:373,coco,125,2008_000498.jpg,16,pottedplant,pottedplant,True,0,0,0.05227748304605484,433.2859,1.8623,466.5897,59.5277,0.0,False,True,0.0,test
coco:126:7:375,coco,126,2008_000501.jpg,7,car,car,False,1,0,0.24639678001403809,169.2734,307.4735,468.825,374.3033,0.8941866159439087,True,False,9.972762645914397,test
coco:126:7:375,coco,126,2008_000501.jpg,7,car,car,False,1,1,0.07945990562438965,487.9509,359.6591,500.0004,375.5355,0.0,False,True,0.0,test
coco:127:15:378,coco,127,2008_000510.jpg,15,person,person,False,1,0,0.33385586738586426,116.9056,46.9934,317.5986,272.0718,0.9219650626182556,True,False,9.972762645914397,test
coco:127:15:378,coco,127,2008_000510.jpg,15,person,person,False,1,1,0.068987637758255,491.5529,100.7291,498.4859,106.4461,0.0,False,True,0.0,test
coco:128:15:381,coco,128,2008_000511.jpg,15,person,person,False,2,0,0.35247352719306946,78.7824,105.5655,238.6812,279.906,0.942289412021637,True,False,9.972762645914397,test
coco:128:15:381,coco,128,2008_000511.jpg,15,person,person,False,2,1,0.2277141809463501,214.0117,57.6311,473.5232,332.1717,0.722913920879364,True,False,9.972762645914397,test
coco:128:15:381,coco,128,2008_000511.jpg,15,person,person,False,2,2,0.2211185246706009,11.1225,58.0358,477.9936,360.3766,0.48133593797683716,False,True,0.0,test
coco:128:15:381,coco,128,2008_000511.jpg,15,person,person,False,2,3,0.057655107229948044,224.1762,193.6051,270.3687,240.9785,0.019949736073613167,False,True,0.0,test
coco:128:15:381,coco,128,2008_000511.jpg,15,person,person,False,2,4,0.05647632107138634,-0.9962,104.8286,244.7535,362.4613,0.4577247202396393,False,True,0.0,test
coco:129:14:384,coco,129,2008_000516.jpg,14,motorbike,motorbike,False,1,0,0.5442159175872803,207.0543,85.2861,440.3241,343.897,0.9660589694976807,True,False,9.972762645914397,test
coco:129:14:384,coco,129,2008_000516.jpg,14,motorbike,motorbike,False,1,1,0.058705057948827744,303.736,134.7343,317.5973,151.2339,0.0036724961828440428,False,True,0.0,test
coco:131:5:390,coco,131,2008_000522.jpg,5,bottle,bottle,False,1,0,0.5843551158905029,298.0938,99.3818,376.7408,198.8045,0.9452964067459106,True,False,9.972762645914397,test
coco:131:5:390,coco,131,2008_000522.jpg,5,bottle,bottle,False,1,1,0.0680675059556961,102.187,143.4042,397.208,312.4705,0.07648952305316925,False,True,0.0,test
coco:131:5:390,coco,131,2008_000522.jpg,5,bottle,bottle,False,1,2,0.05653440207242966,305.4879,98.6001,345.0376,144.1513,0.23925015330314636,False,True,0.0,test
coco:131:5:390,coco,131,2008_000522.jpg,5,bottle,bottle,False,1,3,0.05641208589076996,299.8495,103.8108,368.7855,175.7769,0.6660926938056946,True,False,0.0,test
coco:131:5:390,coco,131,2008_000522.jpg,5,bottle,bottle,False,1,4,0.05127869173884392,201.2876,145.4453,400.1032,312.1587,0.10683434456586838,False,True,0.0,test
coco:131:18:392,coco,131,2008_000522.jpg,18,sofa,sofa,True,0,0,0.07599867880344391,1.6521,0.9961,443.5698,334.7701,0.0,False,True,0.0,test
coco:132:3:393,coco,132,2008_000532.jpg,3,bird,bird,False,1,0,0.5616058707237244,75.6909,24.5113,478.8727,483.4088,0.9623874425888062,True,False,9.972762645914397,test
coco:132:3:393,coco,132,2008_000532.jpg,3,bird,bird,False,1,1,0.2968035638332367,74.4922,29.2111,399.4731,315.2483,0.5090164542198181,True,False,9.972762645914397,test
coco:132:3:393,coco,132,2008_000532.jpg,3,bird,bird,False,1,2,0.20804595947265625,72.993,98.6048,299.1147,308.8478,0.2603246867656708,False,True,0.0,test
coco:132:3:393,coco,132,2008_000532.jpg,3,bird,bird,False,1,3,0.08731953799724579,102.1552,183.1505,164.8387,237.678,0.01871630735695362,False,True,0.0,test
coco:132:3:393,coco,132,2008_000532.jpg,3,bird,bird,False,1,4,0.07930940389633179,72.6876,102.0788,209.9951,244.4924,0.10707719624042511,False,True,0.0,test
coco:132:3:393,coco,132,2008_000532.jpg,3,bird,bird,False,1,5,0.07745972275733948,135.2519,148.8583,207.967,224.6498,0.030178440734744072,False,True,0.0,test
coco:132:3:393,coco,132,2008_000532.jpg,3,bird,bird,False,1,6,0.07035931944847107,374.798,446.898,499.5869,485.0735,0.019528785720467567,False,True,0.0,test
coco:132:3:393,coco,132,2008_000532.jpg,3,bird,bird,False,1,7,0.06539615988731384,158.9723,25.3703,377.4945,309.1815,0.33960697054862976,False,True,0.0,test
coco:132:3:393,coco,132,2008_000532.jpg,3,bird,bird,False,1,8,0.059293217957019806,334.9474,241.8806,397.2484,272.0234,0.010283227078616619,False,True,0.0,test
coco:132:3:393,coco,132,2008_000532.jpg,3,bird,bird,False,1,9,0.05490501597523689,316.099,206.9365,436.5636,405.2696,0.1308296173810959,False,True,0.0,test
coco:132:3:393,coco,132,2008_000532.jpg,3,bird,bird,False,1,10,0.05453839898109436,111.709,148.4285,398.8448,319.6107,0.2691520154476166,False,True,0.0,test
coco:133:3:396,coco,133,2008_000533.jpg,3,bird,bird,False,1,0,0.8649312257766724,234.0722,116.2904,494.0321,267.0148,0.9798791408538818,True,False,9.972762645914397,test
coco:134:15:399,coco,134,2008_000535.jpg,15,person,person,False,3,0,0.3654603362083435,88.7496,91.1051,174.4908,295.3909,0.9240747690200806,True,False,9.972762645914397,test
coco:134:15:399,coco,134,2008_000535.jpg,15,person,person,False,3,1,0.34206756949424744,155.6628,49.8394,219.1561,276.2518,0.9623087048530579,True,False,9.972762645914397,test
coco:134:15:399,coco,134,2008_000535.jpg,15,person,person,False,3,2,0.32237493991851807,218.888,17.4737,303.7787,274.6154,0.9467071890830994,True,False,9.972762645914397,test
coco:134:5:401,coco,134,2008_000535.jpg,5,bottle,bottle,True,0,0,0.11040826141834259,175.5695,141.4928,190.6097,157.4784,0.0,False,True,0.0,test
coco:135:8:402,coco,135,2008_000536.jpg,8,cat,cat,False,1,0,0.8690417408943176,7.9458,4.1039,495.7985,456.8611,0.9729440808296204,True,False,9.972762645914397,test
coco:135:8:402,coco,135,2008_000536.jpg,8,cat,cat,False,1,1,0.10979839414358139,-1.4285,162.2315,170.8919,345.6898,0.1284114122390747,False,True,0.0,test
coco:138:15:411,coco,138,2008_000553.jpg,15,person,person,False,3,0,0.2221904844045639,0.581,6.1511,298.3238,500.6643,0.9200884103775024,True,False,0.0,test
coco:138:15:411,coco,138,2008_000553.jpg,15,person,person,False,3,1,0.1136724203824997,20.7924,287.7078,411.3446,498.8898,0.8349634408950806,True,False,0.0,test
coco:138:15:411,coco,138,2008_000553.jpg,15,person,person,False,3,2,0.09971959888935089,164.3789,313.5412,286.5387,384.1916,0.1588265299797058,False,True,0.0,test
coco:138:15:411,coco,138,2008_000553.jpg,15,person,person,False,3,3,0.0827178880572319,139.8008,285.6643,411.8947,499.6955,0.7482499480247498,True,False,0.0,test
coco:138:15:411,coco,138,2008_000553.jpg,15,person,person,False,3,4,0.08069201558828354,3.5295,313.4351,293.1243,498.6673,0.946523904800415,True,False,0.0,test
coco:138:5:412,coco,138,2008_000553.jpg,5,bottle,bottle,True,0,0,0.07704776525497437,249.494,0.1621,270.4146,18.6815,0.0,False,True,0.0,test
coco:138:5:412,coco,138,2008_000553.jpg,5,bottle,bottle,True,0,1,0.05930500105023384,280.6603,-0.2433,294.7108,37.084,0.0,False,True,0.0,test
coco:139:15:414,coco,139,2008_000558.jpg,15,person,person,False,1,0,0.23652726411819458,319.4785,244.229,362.4062,375.4944,0.7914167642593384,True,False,9.972762645914397,test
coco:141:15:420,coco,141,2008_000564.jpg,15,person,person,False,1,0,0.24816370010375977,384.5453,176.3095,419.4737,257.3924,0.8808388113975525,True,False,9.972762645914397,test
coco:146:15:435,coco,146,2008_000579.jpg,15,person,person,False,2,0,0.19737936556339264,0.3455,27.1877,239.4323,326.629,0.9760690331459045,True,False,0.0,test
coco:146:15:435,coco,146,2008_000579.jpg,15,person,person,False,2,1,0.1433870643377304,68.1316,80.7793,440.6348,325.6745,0.9141057133674622,True,False,0.0,test
coco:148:18:441,coco,148,2008_000589.jpg,18,sofa,sofa,False,4,0,0.7170189619064331,250.1028,120.8313,438.4806,209.7746,0.9297954440116882,True,False,9.972762645914397,test
coco:148:18:441,coco,148,2008_000589.jpg,18,sofa,sofa,False,4,1,0.6829518675804138,0.5622,110.1683,156.5292,194.6545,0.9343513250350952,True,False,9.972762645914397,test
coco:148:18:441,coco,148,2008_000589.jpg,18,sofa,sofa,False,4,2,0.646407961845398,117.6346,122.455,255.2437,209.888,0.9664965867996216,True,False,9.972762645914397,test
coco:148:18:441,coco,148,2008_000589.jpg,18,sofa,sofa,False,4,3,0.5545493960380554,263.0322,170.8091,472.4826,323.2251,0.9698539972305298,True,False,9.972762645914397,test
coco:148:18:441,coco,148,2008_000589.jpg,18,sofa,sofa,False,4,4,0.28826242685317993,75.0986,110.5577,153.6836,171.5121,0.3805239796638489,False,True,9.972762645914397,test
coco:148:18:441,coco,148,2008_000589.jpg,18,sofa,sofa,False,4,5,0.21289721131324768,248.5513,120.4938,337.1591,195.2789,0.37958768010139465,False,True,0.0,test
coco:148:18:441,coco,148,2008_000589.jpg,18,sofa,sofa,False,4,6,0.21229855716228485,0.9602,116.778,89.9094,191.5639,0.539925217628479,True,False,0.0,test
coco:148:18:441,coco,148,2008_000589.jpg,18,sofa,sofa,False,4,7,0.18264199793338776,331.8299,132.2594,438.3687,204.2092,0.46969690918922424,False,True,0.0,test
coco:148:18:441,coco,148,2008_000589.jpg,18,sofa,sofa,False,4,8,0.15493935346603394,313.434,91.9602,503.898,175.7777,0.2752267122268677,False,True,0.0,test
coco:148:18:441,coco,148,2008_000589.jpg,18,sofa,sofa,False,4,9,0.15072965621948242,286.0017,124.163,377.5109,205.6303,0.45680251717567444,False,True,0.0,test
coco:148:18:441,coco,148,2008_000589.jpg,18,sofa,sofa,False,4,10,0.1452028900384903,174.7754,122.7624,254.3717,192.9015,0.4558182656764984,False,True,0.0,test
coco:148:18:441,coco,148,2008_000589.jpg,18,sofa,sofa,False,4,11,0.12670652568340302,71.5906,112.4707,126.3774,170.6478,0.2588804364204407,False,True,0.0,test
coco:148:18:441,coco,148,2008_000589.jpg,18,sofa,sofa,False,4,12,0.12328115850687027,310.9457,90.2386,503.0732,260.0986,0.29749712347984314,False,True,0.0,test
coco:148:18:441,coco,148,2008_000589.jpg,18,sofa,sofa,False,4,13,0.12234283983707428,118.3921,127.5725,206.8734,207.6445,0.6077266931533813,True,False,0.0,test
coco:148:18:441,coco,148,2008_000589.jpg,18,sofa,sofa,False,4,14,0.11903155595064163,118.6222,116.5748,478.5078,321.9526,0.42882826924324036,False,True,0.0,test
coco:148:18:441,coco,148,2008_000589.jpg,18,sofa,sofa,False,4,15,0.10885842144489288,29.9124,117.1898,92.6307,177.8631,0.30907443165779114,False,True,0.0,test
coco:148:18:441,coco,148,2008_000589.jpg,18,sofa,sofa,False,4,16,0.08989270031452179,110.2118,110.4545,157.3547,168.3551,0.19496527314186096,False,True,0.0,test
coco:148:18:441,coco,148,2008_000589.jpg,18,sofa,sofa,False,4,17,0.0754716694355011,2.438,102.8866,495.4482,324.6406,0.2900473177433014,False,True,0.0,test
coco:148:18:441,coco,148,2008_000589.jpg,18,sofa,sofa,False,4,18,0.06913570314645767,0.3895,123.4958,47.4478,192.2247,0.2573411166667938,False,True,0.0,test
coco:148:18:441,coco,148,2008_000589.jpg,18,sofa,sofa,False,4,19,0.06436134874820709,250.2765,117.6187,477.5672,319.9321,0.6737816333770752,True,False,0.0,test
coco:149:15:444,coco,149,2008_000599.jpg,15,person,person,False,3,0,0.2688940763473511,92.1184,54.2632,292.2662,307.1977,0.9751564860343933,True,False,9.972762645914397,test
coco:149:15:444,coco,149,2008_000599.jpg,15,person,person,False,3,1,0.16457685828208923,167.6575,154.7761,305.2188,316.5319,0.9503695964813232,True,False,0.0,test
coco:149:15:444,coco,149,2008_000599.jpg,15,person,person,False,3,2,0.16385406255722046,284.6768,143.0562,441.6519,334.5512,0.9601746201515198,True,False,0.0,test
coco:150:13:447,coco,150,2008_000602.jpg,13,horse,horse,False,1,0,0.7707116007804871,18.811,71.8004,290.8456,425.103,0.9852979183197021,True,False,9.972762645914397,test
coco:151:15:450,coco,151,2008_000605.jpg,15,person,person,False,1,0,0.25583329796791077,0.2352,22.0309,282.5919,495.7127,0.9712430834770203,True,False,9.972762645914397,test
coco:151:15:450,coco,151,2008_000605.jpg,15,person,person,False,1,1,0.22202318906784058,221.7354,151.83,279.7668,286.3521,0.056993428617715836,False,True,0.0,test
coco:151:15:450,coco,151,2008_000605.jpg,15,person,person,False,1,2,0.20234453678131104,73.0568,315.4707,93.5063,358.5183,0.006426885258406401,False,True,0.0,test
coco:151:15:450,coco,151,2008_000605.jpg,15,person,person,False,1,3,0.20059940218925476,35.2572,160.8016,67.2952,216.485,0.013024438172578812,False,True,0.0,test
coco:151:15:450,coco,151,2008_000605.jpg,15,person,person,False,1,4,0.17594239115715027,270.4642,160.0336,312.5102,272.7923,0.01088747289031744,False,True,0.0,test
coco:151:15:450,coco,151,2008_000605.jpg,15,person,person,False,1,5,0.09597642719745636,0.139,164.6703,40.5616,283.3273,0.03424612060189247,False,True,0.0,test
coco:151:15:450,coco,151,2008_000605.jpg,15,person,person,False,1,6,0.07190946489572525,206.2911,159.1967,255.1886,283.3021,0.044304296374320984,False,True,0.0,test
coco:151:15:450,coco,151,2008_000605.jpg,15,person,person,False,1,7,0.06366625428199768,196.5555,169.6365,235.823,280.4366,0.031764522194862366,False,True,0.0,test
coco:151:15:450,coco,151,2008_000605.jpg,15,person,person,False,1,8,0.055629901587963104,277.3871,176.8646,312.6232,220.9633,0.0021096246782690287,False,True,0.0,test
coco:151:15:450,coco,151,2008_000605.jpg,15,person,person,False,1,9,0.054648030549287796,44.504,161.331,67.0445,194.034,0.005381695926189423,False,True,0.0,test
coco:151:11:452,coco,151,2008_000605.jpg,11,diningtable,diningtable,True,0,0,0.28935912251472473,286.7014,230.6639,346.0446,274.946,0.0,False,True,9.972762645914397,test
coco:151:11:452,coco,151,2008_000605.jpg,11,diningtable,diningtable,True,0,1,0.20586729049682617,193.4104,222.3527,236.7287,274.5955,0.0,False,True,0.0,test
coco:151:11:452,coco,151,2008_000605.jpg,11,diningtable,diningtable,True,0,2,0.10864979028701782,185.5123,221.4187,333.9668,281.4121,0.0,False,True,0.0,test
coco:151:11:452,coco,151,2008_000605.jpg,11,diningtable,diningtable,True,0,3,0.06061673164367676,195.0862,223.6416,219.6737,232.7668,0.0,False,True,0.0,test
coco:152:15:453,coco,152,2008_000609.jpg,15,person,person,False,2,0,0.35708656907081604,324.8447,146.3728,369.1625,262.69,0.9142984747886658,True,False,9.972762645914397,test
coco:152:15:453,coco,152,2008_000609.jpg,15,person,person,False,2,1,0.3121768832206726,89.8657,125.3131,205.9516,335.7986,0.932640016078949,True,False,9.972762645914397,test
coco:152:15:453,coco,152,2008_000609.jpg,15,person,person,False,2,2,0.12486829608678818,89.9072,123.6656,254.5174,335.2948,0.663176417350769,True,False,0.0,test
coco:152:15:453,coco,152,2008_000609.jpg,15,person,person,False,2,3,0.055056944489479065,351.5861,182.3989,367.6889,201.1276,0.056318365037441254,False,True,0.0,test
coco:152:15:453,coco,152,2008_000609.jpg,15,person,person,False,2,4,0.05163879692554474,347.611,185.5567,387.1882,257.9786,0.21893060207366943,False,True,0.0,test
coco:154:15:459,coco,154,2008_000620.jpg,15,person,person,False,1,0,0.3165836036205292,249.8018,145.5697,350.2038,302.6371,0.922537088394165,True,False,9.972762645914397,test
coco:154:8:460,coco,154,2008_000620.jpg,8,cat,cat,True,0,0,0.05518563836812973,204.5552,205.3161,328.0655,337.4843,0.0,False,True,0.0,test
coco:155:15:462,coco,155,2008_000622.jpg,15,person,person,False,1,0,0.3239026367664337,140.002,86.8546,333.9377,189.1249,0.946013331413269,True,False,9.972762645914397,test
coco:159:15:474,coco,159,2008_000634.jpg,15,person,person,False,2,0,0.3433372378349304,158.4176,111.4417,215.5266,306.7295,0.9435442686080933,True,False,9.972762645914397,test
coco:159:15:474,coco,159,2008_000634.jpg,15,person,person,False,2,1,0.18194620311260223,174.8465,127.2632,209.1017,198.5907,0.9260737299919128,True,False,0.0,test
coco:160:15:477,coco,160,2008_000640.jpg,15,person,person,False,2,0,0.20300573110580444,56.902,7.3681,284.7338,240.2802,0.8749873638153076,True,False,0.0,test
coco:160:15:477,coco,160,2008_000640.jpg,15,person,person,False,2,1,0.08339286595582962,61.1825,141.2209,253.5138,240.7826,0.9557932019233704,True,False,0.0,test
coco:162:15:483,coco,162,2008_000652.jpg,15,person,person,False,1,0,0.11608342081308365,94.4692,5.6436,239.1571,212.2918,0.596163809299469,True,False,0.0,test
coco:163:15:486,coco,163,2008_000656.jpg,15,person,person,False,1,0,0.23795393109321594,-0.223,34.0936,322.2959,479.8362,0.9841591715812683,True,False,9.972762645914397,test
coco:163:9:488,coco,163,2008_000656.jpg,9,chair,chair,True,0,0,0.23064620792865753,284.9474,198.6276,319.4813,356.0873,0.0,False,True,9.972762645914397,test
coco:163:9:488,coco,163,2008_000656.jpg,9,chair,chair,True,0,1,0.14304763078689575,233.1339,197.1044,319.8891,363.8738,0.0,False,True,0.0,test
coco:163:9:488,coco,163,2008_000656.jpg,9,chair,chair,True,0,2,0.0916537344455719,0.2419,176.6702,319.6122,479.5099,0.0,False,True,0.0,test
coco:163:9:488,coco,163,2008_000656.jpg,9,chair,chair,True,0,3,0.0852922797203064,0.1251,181.0561,14.8551,271.3301,0.0,False,True,0.0,test
coco:163:9:488,coco,163,2008_000656.jpg,9,chair,chair,True,0,4,0.07834996283054352,0.79,269.5381,317.835,482.8403,0.0,False,True,0.0,test
coco:163:9:488,coco,163,2008_000656.jpg,9,chair,chair,True,0,5,0.06697709858417511,66.0469,295.8605,319.8419,481.0686,0.0,False,True,0.0,test
coco:163:9:488,coco,163,2008_000656.jpg,9,chair,chair,True,0,6,0.053433097898960114,208.1718,196.1743,318.1206,480.9262,0.0,False,True,0.0,test
coco:165:7:492,coco,165,2008_000659.jpg,7,car,car,False,2,0,0.5203020572662354,244.2204,264.0739,268.8275,281.8661,0.9139260053634644,True,False,9.972762645914397,test
coco:165:7:492,coco,165,2008_000659.jpg,7,car,car,False,2,1,0.41587838530540466,284.1662,259.4168,302.6708,275.7191,0.7633161544799805,True,False,9.972762645914397,test
coco:165:7:492,coco,165,2008_000659.jpg,7,car,car,False,2,2,0.30694735050201416,290.8963,254.4382,296.2157,260.2699,0.00388507847674191,False,True,9.972762645914397,test
coco:165:7:492,coco,165,2008_000659.jpg,7,car,car,False,2,3,0.30426403880119324,200.5317,266.2953,204.6318,269.2045,0.0,False,True,9.972762645914397,test
coco:165:7:492,coco,165,2008_000659.jpg,7,car,car,False,2,4,0.24890738725662231,281.6857,265.1711,286.8381,269.2618,0.021266546100378036,False,True,9.972762645914397,test
coco:165:7:492,coco,165,2008_000659.jpg,7,car,car,False,2,5,0.23500177264213562,119.9033,272.0404,126.2597,275.1021,0.0,False,True,9.972762645914397,test
coco:165:7:492,coco,165,2008_000659.jpg,7,car,car,False,2,6,0.2144765853881836,290.3345,252.6768,296.6242,260.3254,0.005301110912114382,False,True,0.0,test
coco:165:7:492,coco,165,2008_000659.jpg,7,car,car,False,2,7,0.17709152400493622,291.6712,255.63,302.9002,266.4133,0.18509487807750702,False,True,0.0,test
coco:165:7:492,coco,165,2008_000659.jpg,7,car,car,False,2,8,0.17599427700042725,281.4753,263.9417,289.6414,269.3497,0.06990557909011841,False,True,0.0,test
coco:165:7:492,coco,165,2008_000659.jpg,7,car,car,False,2,9,0.16670416295528412,119.5159,271.2041,138.9533,276.0184,0.0,False,True,0.0,test
coco:165:7:492,coco,165,2008_000659.jpg,7,car,car,False,2,10,0.1651112586259842,237.6172,255.394,241.2522,258.4362,0.0,False,True,0.0,test
coco:165:7:492,coco,165,2008_000659.jpg,7,car,car,False,2,11,0.15781882405281067,168.3977,273.3323,173.2437,276.154,0.0,False,True,0.0,test
coco:165:7:492,coco,165,2008_000659.jpg,7,car,car,False,2,12,0.12647107243537903,295.0589,254.0518,302.3903,258.2709,0.0,False,True,0.0,test
coco:165:7:492,coco,165,2008_000659.jpg,7,car,car,False,2,13,0.09255438297986984,289.8491,251.1908,297.129,256.3015,0.0,False,True,0.0,test
coco:165:7:492,coco,165,2008_000659.jpg,7,car,car,False,2,14,0.08962739259004593,286.6248,259.5764,300.7036,269.0131,0.3667812943458557,False,True,0.0,test
coco:165:7:492,coco,165,2008_000659.jpg,7,car,car,False,2,15,0.08542421460151672,301.0032,260.7517,307.4942,266.1939,0.061517756432294846,False,True,0.0,test
coco:165:7:492,coco,165,2008_000659.jpg,7,car,car,False,2,16,0.08427849411964417,285.8072,265.9322,289.1198,268.714,0.0271026361733675,False,True,0.0,test
coco:165:7:492,coco,165,2008_000659.jpg,7,car,car,False,2,17,0.0834043100476265,200.5026,265.6738,206.6986,269.2083,0.0,False,True,0.0,test
coco:165:7:492,coco,165,2008_000659.jpg,7,car,car,False,2,18,0.07644357532262802,243.8952,255.1888,302.5554,280.925,0.2753700315952301,False,True,0.0,test
coco:165:7:492,coco,165,2008_000659.jpg,7,car,car,False,2,19,0.0612461157143116,192.7486,269.233,201.3294,273.2986,0.0,False,True,0.0,test
coco:165:7:492,coco,165,2008_000659.jpg,7,car,car,False,2,20,0.060492709279060364,5.6575,272.9313,71.2607,278.1627,0.0,False,True,0.0,test
coco:165:7:492,coco,165,2008_000659.jpg,7,car,car,False,2,21,0.05193542316555977,6.9124,273.997,33.0337,277.4474,0.0,False,True,0.0,test
coco:169:15:504,coco,169,2008_000666.jpg,15,person,person,False,1,0,0.11157186329364777,163.225,83.7946,227.8293,202.3445,0.9449159502983093,True,False,0.0,test
coco:170:8:507,coco,170,2008_000670.jpg,8,cat,cat,False,1,0,0.7575507760047913,64.3519,74.1134,272.1003,167.1997,0.954001247882843,True,False,9.972762645914397,test
coco:171:12:511,coco,171,2008_000673.jpg,12,dog,dog,True,0,0,0.09217697381973267,13.4869,16.7387,107.208,106.3571,0.0,False,True,0.0,test
coco:171:12:511,coco,171,2008_000673.jpg,12,dog,dog,True,0,1,0.05802247300744057,36.9649,38.9334,112.7082,100.1159,0.0,False,True,0.0,test
coco:172:5:513,coco,172,2008_000677.jpg,5,bottle,bottle,False,1,0,0.3997788727283478,242.92,143.0782,260.8148,199.8424,0.901135265827179,True,False,9.972762645914397,test
coco:174:15:519,coco,174,2008_000691.jpg,15,person,person,False,2,0,0.1427205502986908,0.7279,1.0968,369.5403,494.3787,0.7152538895606995,True,False,0.0,test
coco:174:15:519,coco,174,2008_000691.jpg,15,person,person,False,2,1,0.08346506208181381,183.6597,215.2503,374.2122,500.1269,0.7668103575706482,True,False,0.0,test
coco:174:15:519,coco,174,2008_000691.jpg,15,person,person,False,2,2,0.056763019412755966,220.6866,217.5095,343.0335,317.992,0.27464455366134644,False,True,0.0,test
coco:175:15:522,coco,175,2008_000695.jpg,15,person,person,False,1,0,0.20556169748306274,456.8976,239.7117,500.4612,365.0639,0.9383262991905212,True,False,0.0,test
coco:176:3:525,coco,176,2008_000697.jpg,3,bird,bird,False,1,0,0.6640648245811462,364.5394,142.2688,426.3881,206.5809,0.8719188570976257,True,False,9.972762645914397,test
coco:176:3:525,coco,176,2008_000697.jpg,3,bird,bird,False,1,1,0.06003928184509277,56.9009,80.3098,98.3773,116.1824,0.0,False,True,0.0,test
coco:177:15:528,coco,177,2008_000699.jpg,15,person,person,False,2,0,0.4030761122703552,194.0402,162.5854,264.1673,284.1985,0.690714955329895,True,False,9.972762645914397,test
coco:177:15:528,coco,177,2008_000699.jpg,15,person,person,False,2,1,0.37994709610939026,197.099,53.7888,221.6575,118.6735,0.3172977566719055,False,True,9.972762645914397,test
coco:178:15:531,coco,178,2008_000700.jpg,15,person,person,False,1,0,0.241457998752594,23.0664,70.7203,371.3254,296.7021,0.9557951092720032,True,False,9.972762645914397,test
coco:178:15:531,coco,178,2008_000700.jpg,15,person,person,False,1,1,0.05563784018158913,255.5371,0.0817,290.4291,16.7026,0.0,False,True,0.0,test
coco:179:5:534,coco,179,2008_000705.jpg,5,bottle,bottle,False,2,0,0.4568667411804199,476.8064,236.499,492.7433,280.3849,0.578018844127655,True,False,9.972762645914397,test
coco:179:5:534,coco,179,2008_000705.jpg,5,bottle,bottle,False,2,1,0.4442210793495178,456.3268,235.5473,473.2548,280.7809,0.7223719358444214,True,False,9.972762645914397,test
coco:179:5:534,coco,179,2008_000705.jpg,5,bottle,bottle,False,2,2,0.10493070632219315,457.213,236.4819,472.843,263.4717,0.39797404408454895,False,True,0.0,test
coco:179:5:534,coco,179,2008_000705.jpg,5,bottle,bottle,False,2,3,0.08632320910692215,129.1987,139.392,142.6466,163.0063,0.0,False,True,0.0,test
coco:179:5:534,coco,179,2008_000705.jpg,5,bottle,bottle,False,2,4,0.06425487995147705,456.4662,263.3046,473.1248,280.6822,0.273100882768631,False,True,0.0,test
coco:180:15:537,coco,180,2008_000706.jpg,15,person,person,False,1,0,0.31630074977874756,113.073,106.284,260.374,361.369,0.8344070911407471,True,False,9.972762645914397,test
coco:180:15:537,coco,180,2008_000706.jpg,15,person,person,False,1,1,0.05324744060635567,70.8803,259.3353,89.4176,284.3552,0.0,False,True,0.0,test
coco:180:11:538,coco,180,2008_000706.jpg,11,diningtable,diningtable,True,0,0,0.05431925132870674,-0.1416,293.5496,107.7002,360.1558,0.0,False,True,0.0,test
coco:181:15:540,coco,181,2008_000714.jpg,15,person,person,False,4,0,0.24207934737205505,241.2079,196.1297,289.8549,319.2498,0.8500149846076965,True,False,9.972762645914397,test
coco:181:15:540,coco,181,2008_000714.jpg,15,person,person,False,4,1,0.20747800171375275,154.9772,55.2617,497.1936,375.494,0.823756217956543,True,False,0.0,test
coco:181:15:540,coco,181,2008_000714.jpg,15,person,person,False,4,2,0.1972665786743164,-0.2946,15.9336,248.8853,375.3707,0.8380957841873169,True,False,0.0,test
coco:181:15:540,coco,181,2008_000714.jpg,15,person,person,False,4,3,0.1916612833738327,274.5869,191.0706,337.2967,291.1797,0.7403846979141235,True,False,0.0,test
coco:181:15:540,coco,181,2008_000714.jpg,15,person,person,False,4,4,0.16188450157642365,275.9204,190.8227,336.6547,262.081,0.7574542164802551,True,False,0.0,test
coco:181:15:540,coco,181,2008_000714.jpg,15,person,person,False,4,5,0.11762045323848724,338.2072,217.8287,355.6193,234.132,0.0030888691544532776,False,True,0.0,test
coco:181:15:540,coco,181,2008_000714.jpg,15,person,person,False,4,6,0.11527431756258011,336.9291,206.9345,356.069,234.8108,0.005805627442896366,False,True,0.0,test
coco:181:15:540,coco,181,2008_000714.jpg,15,person,person,False,4,7,0.09612353146076202,304.4868,190.2186,340.1599,242.2243,0.2752223312854767,False,True,0.0,test
coco:181:15:540,coco,181,2008_000714.jpg,15,person,person,False,4,8,0.09254754334688187,239.08,208.9792,263.894,252.2822,0.1362086534500122,False,True,0.0,test
coco:181:15:540,coco,181,2008_000714.jpg,15,person,person,False,4,9,0.05967329442501068,234.9748,210.384,259.8108,312.9124,0.24173136055469513,False,True,0.0,test
coco:181:15:540,coco,181,2008_000714.jpg,15,person,person,False,4,10,0.059669122099876404,297.7328,185.624,324.3876,220.8397,0.15317270159721375,False,True,0.0,test
coco:181:15:540,coco,181,2008_000714.jpg,15,person,person,False,4,11,0.05589579418301582,274.3488,215.101,334.9281,259.9223,0.5171772837638855,True,False,0.0,test
coco:182:15:543,coco,182,2008_000725.jpg,15,person,person,False,1,0,0.2729693651199341,15.5037,75.9636,107.7864,226.199,0.9531592726707458,True,False,9.972762645914397,test
coco:185:15:552,coco,185,2008_000734.jpg,15,person,person,False,2,0,0.3362792432308197,12.9016,16.3881,311.0269,456.907,0.8743329644203186,True,False,9.972762645914397,test
coco:185:15:552,coco,185,2008_000734.jpg,15,person,person,False,2,1,0.24135442078113556,149.9028,70.9479,314.652,398.1954,0.6957688331604004,True,False,9.972762645914397,test
coco:185:15:552,coco,185,2008_000734.jpg,15,person,person,False,2,2,0.11461108177900314,14.2834,77.6147,220.1167,457.816,0.6464729309082031,True,False,0.0,test
coco:185:18:553,coco,185,2008_000734.jpg,18,sofa,sofa,True,0,0,0.4191456735134125,0.3419,83.5418,318.1005,456.14,0.0,False,True,9.972762645914397,test
coco:185:18:553,coco,185,2008_000734.jpg,18,sofa,sofa,True,0,1,0.24097254872322083,0.7986,217.0583,315.891,456.1227,0.0,False,True,9.972762645914397,test
coco:185:18:553,coco,185,2008_000734.jpg,18,sofa,sofa,True,0,2,0.1595153957605362,2.969,81.2429,317.3831,219.7557,0.0,False,True,0.0,test
coco:185:18:553,coco,185,2008_000734.jpg,18,sofa,sofa,True,0,3,0.09222898632287979,1.2009,323.6537,316.2866,458.1374,0.0,False,True,0.0,test
coco:185:18:553,coco,185,2008_000734.jpg,18,sofa,sofa,True,0,4,0.0785205066204071,1.8124,78.7073,104.1866,208.8483,0.0,False,True,0.0,test
coco:185:18:553,coco,185,2008_000734.jpg,18,sofa,sofa,True,0,5,0.06629783660173416,247.4293,91.0096,318.8151,223.2507,0.0,False,True,0.0,test
coco:185:18:553,coco,185,2008_000734.jpg,18,sofa,sofa,True,0,6,0.06444080173969269,234.5978,216.6768,320.4069,461.1783,0.0,False,True,0.0,test
coco:187:15:558,coco,187,2008_000740.jpg,15,person,person,False,1,0,0.17514197528362274,34.9356,9.3575,279.5306,452.0968,0.96546471118927,True,False,0.0,test
coco:193:15:576,coco,193,2008_000780.jpg,15,person,person,False,2,0,0.24019668996334076,181.6765,109.3522,390.637,374.976,0.9562068581581116,True,False,9.972762645914397,test
coco:193:15:576,coco,193,2008_000780.jpg,15,person,person,False,2,1,0.21660053730010986,63.3861,121.8206,248.6776,375.6581,0.9000430107116699,True,False,0.0,test
coco:193:15:576,coco,193,2008_000780.jpg,15,person,person,False,2,2,0.09929322451353073,457.8593,326.3637,460.7697,332.8513,0.0,False,True,0.0,test
coco:193:15:576,coco,193,2008_000780.jpg,15,person,person,False,2,3,0.07475724816322327,462.2326,326.2119,464.739,332.1006,0.0,False,True,0.0,test
coco:193:15:576,coco,193,2008_000780.jpg,15,person,person,False,2,4,0.07145962119102478,70.5271,108.86,387.7577,373.7646,0.6600208878517151,True,False,0.0,test
coco:193:15:576,coco,193,2008_000780.jpg,15,person,person,False,2,5,0.05920661240816116,433.6237,322.2314,437.7185,329.0588,0.0,False,True,0.0,test
coco:195:13:582,coco,195,2008_000783.jpg,13,horse,horse,False,1,0,0.7042887210845947,240.6861,90.4456,352.0001,314.4339,0.8498364686965942,True,False,9.972762645914397,test
coco:195:13:582,coco,195,2008_000783.jpg,13,horse,horse,False,1,1,0.16854418814182281,240.1602,87.0091,498.7917,316.8043,0.4021674692630768,False,True,0.0,test
coco:195:13:582,coco,195,2008_000783.jpg,13,horse,horse,False,1,2,0.07790647447109222,33.15,175.0882,88.3084,201.0063,0.0,False,True,0.0,test
coco:195:13:582,coco,195,2008_000783.jpg,13,horse,horse,False,1,3,0.07447019964456558,242.036,209.8844,254.4223,222.3848,0.006023033522069454,False,True,0.0,test
coco:195:13:582,coco,195,2008_000783.jpg,13,horse,horse,False,1,4,0.06761832535266876,237.3077,189.7198,278.565,222.7843,0.05306532233953476,False,True,0.0,test
coco:195:13:582,coco,195,2008_000783.jpg,13,horse,horse,False,1,5,0.06671532243490219,267.1356,213.4507,279.7769,223.709,0.005044481251388788,False,True,0.0,test
coco:195:13:582,coco,195,2008_000783.jpg,13,horse,horse,False,1,6,0.06465771049261093,39.9456,173.457,53.1763,200.328,0.0,False,True,0.0,test
coco:195:13:582,coco,195,2008_000783.jpg,13,horse,horse,False,1,7,0.06079842150211334,335.3924,237.1729,501.4924,307.5691,0.037665314972400665,False,True,0.0,test
coco:195:13:582,coco,195,2008_000783.jpg,13,horse,horse,False,1,8,0.05250705033540726,29.1171,178.6342,53.3516,200.7516,0.0,False,True,0.0,test
coco:195:13:582,coco,195,2008_000783.jpg,13,horse,horse,False,1,9,0.05243133381009102,47.5023,178.1156,61.2576,200.7979,0.0,False,True,0.0,test
coco:195:13:582,coco,195,2008_000783.jpg,13,horse,horse,False,1,10,0.05026901513338089,452.3058,313.9514,483.3134,331.263,0.0,False,True,0.0,test
coco:198:5:591,coco,198,2008_000795.jpg,5,bottle,bottle,False,1,0,0.2468232810497284,218.8829,292.2907,249.9982,331.1113,0.818369448184967,True,False,9.972762645914397,test
coco:199:15:594,coco,199,2008_000796.jpg,15,person,person,False,1,0,0.19269032776355743,76.4801,2.7823,493.7375,374.9927,0.9793888330459595,True,False,0.0,test
coco:199:15:594,coco,199,2008_000796.jpg,15,person,person,False,1,1,0.16100779175758362,129.9845,102.0545,170.4974,187.7583,0.021895550191402435,False,True,0.0,test
coco:203:15:606,coco,203,2008_000806.jpg,15,person,person,False,1,0,0.44684648513793945,253.7346,66.4506,430.3172,363.9954,0.9546082019805908,True,False,9.972762645914397,test
coco:203:15:606,coco,203,2008_000806.jpg,15,person,person,False,1,1,0.1213659718632698,307.1439,67.475,430.3164,352.0474,0.6434082388877869,True,False,0.0,test
coco:203:15:606,coco,203,2008_000806.jpg,15,person,person,False,1,2,0.0969054326415062,406.9254,173.4928,426.8317,220.9942,0.017667360603809357,False,True,0.0,test
coco:204:15:609,coco,204,2008_000811.jpg,15,person,person,False,2,0,0.25628194212913513,312.7997,51.2417,477.6528,349.9446,0.9795840382575989,True,False,9.972762645914397,test
coco:204:15:609,coco,204,2008_000811.jpg,15,person,person,False,2,1,0.1946217268705368,23.333,45.8705,248.2783,328.5091,0.9346877336502075,True,False,0.0,test
coco:204:15:609,coco,204,2008_000811.jpg,15,person,person,False,2,2,0.16365313529968262,35.9182,42.8796,251.8942,201.2747,0.5108698010444641,True,False,0.0,test
coco:204:15:609,coco,204,2008_000811.jpg,15,person,person,False,2,3,0.11968018114566803,94.5818,45.2052,252.1397,167.3337,0.29291215538978577,False,True,0.0,test
coco:205:9:612,coco,205,2008_000817.jpg,9,chair,chair,False,3,0,0.31647223234176636,290.2587,163.9864,340.7691,242.485,0.8612646460533142,True,False,9.972762645914397,test
coco:205:9:612,coco,205,2008_000817.jpg,9,chair,chair,False,3,1,0.30943140387535095,207.039,152.7745,245.2418,225.7125,0.9400938153266907,True,False,9.972762645914397,test
coco:205:9:612,coco,205,2008_000817.jpg,9,chair,chair,False,3,2,0.2795000970363617,245.2938,159.3976,291.7908,245.7026,0.8541111350059509,True,False,9.972762645914397,test
coco:205:9:612,coco,205,2008_000817.jpg,9,chair,chair,False,3,3,0.20979519188404083,206.2466,153.3105,339.7576,244.788,0.3220680058002472,False,True,0.0,test
coco:205:9:612,coco,205,2008_000817.jpg,9,chair,chair,False,3,4,0.12371550500392914,251.6738,156.3908,288.6383,221.3266,0.5994802117347717,True,False,0.0,test
coco:205:9:612,coco,205,2008_000817.jpg,9,chair,chair,False,3,5,0.05647312104701996,308.8823,165.3504,343.1724,225.5424,0.5160635709762573,True,False,0.0,test
coco:208:4:621,coco,208,2008_000834.jpg,4,boat,boat,False,1,0,0.615946888923645,68.2976,190.5401,497.1474,242.8052,0.9301948547363281,True,False,9.972762645914397,test
coco:208:4:621,coco,208,2008_000834.jpg,4,boat,boat,False,1,1,0.4870745837688446,70.7617,230.6663,496.1327,279.5187,0.13014782965183258,False,True,9.972762645914397,test
coco:208:4:621,coco,208,2008_000834.jpg,4,boat,boat,False,1,2,0.14606237411499023,68.5835,232.622,332.7342,271.9976,0.08572885394096375,False,True,0.0,test
coco:208:4:621,coco,208,2008_000834.jpg,4,boat,boat,False,1,3,0.1389327347278595,63.6026,228.5497,494.493,321.8968,0.103705994784832,False,True,0.0,test
coco:208:4:621,coco,208,2008_000834.jpg,4,boat,boat,False,1,4,0.10694839060306549,69.2183,135.8171,493.2807,245.5404,0.44473370909690857,False,True,0.0,test
coco:208:4:621,coco,208,2008_000834.jpg,4,boat,boat,False,1,5,0.09601042419672012,220.4045,234.4606,498.8618,279.2844,0.06596827507019043,False,True,0.0,test
coco:208:4:621,coco,208,2008_000834.jpg,4,boat,boat,False,1,6,0.09165291488170624,68.7975,232.3951,217.0199,269.6731,0.05677890405058861,False,True,0.0,test
coco:208:4:621,coco,208,2008_000834.jpg,4,boat,boat,False,1,7,0.08412960916757584,314.0523,234.9139,499.5349,277.4606,0.046487968415021896,False,True,0.0,test
coco:208:4:621,coco,208,2008_000834.jpg,4,boat,boat,False,1,8,0.059369251132011414,215.882,201.2402,264.1581,217.346,0.037074316293001175,False,True,0.0,test
coco:208:4:621,coco,208,2008_000834.jpg,4,boat,boat,False,1,9,0.053594402968883514,144.004,252.8019,412.1338,321.1848,0.0,False,True,0.0,test
coco:208:4:621,coco,208,2008_000834.jpg,4,boat,boat,False,1,10,0.05036550015211105,70.6121,232.8308,278.2465,321.0023,0.050938285887241364,False,True,0.0,test
coco:210:15:627,coco,210,2008_000837.jpg,15,person,person,False,1,0,0.28994470834732056,69.1795,2.1333,260.9323,485.6565,0.9445237517356873,True,False,9.972762645914397,test
coco:210:15:627,coco,210,2008_000837.jpg,15,person,person,False,1,1,0.08398248255252838,281.6147,23.2552,326.7704,331.1888,0.0,False,True,0.0,test
coco:210:15:627,coco,210,2008_000837.jpg,15,person,person,False,1,2,0.08249814808368683,8.0598,216.5997,59.0701,290.0575,0.0,False,True,0.0,test
coco:211:8:630,coco,211,2008_000839.jpg,8,cat,cat,False,1,0,0.8485565185546875,13.8506,15.5651,449.2548,501.6884,0.8903990387916565,True,False,9.972762645914397,test
coco:212:3:633,coco,212,2008_000848.jpg,3,bird,bird,False,1,0,0.8639066815376282,233.2018,147.3177,277.0345,245.0729,0.94090336561203,True,False,9.972762645914397,test
coco:214:16:639,coco,214,2008_000857.jpg,16,pottedplant,pottedplant,False,1,0,0.27329161763191223,280.0948,95.8159,356.2397,164.135,0.8799856305122375,True,False,9.972762645914397,test
coco:214:16:639,coco,214,2008_000857.jpg,16,pottedplant,pottedplant,False,1,1,0.0784323439002037,318.766,117.0133,356.24,151.2582,0.2240777462720871,False,True,0.0,test
coco:214:16:639,coco,214,2008_000857.jpg,16,pottedplant,pottedplant,False,1,2,0.07287878543138504,301.5584,137.8308,321.666,159.0384,0.07445982098579407,False,True,0.0,test
coco:216:12:645,coco,216,2008_000863.jpg,12,dog,dog,False,1,0,0.7106965184211731,238.5644,23.6606,387.9021,254.4457,0.9679505228996277,True,False,9.972762645914397,test
coco:216:12:645,coco,216,2008_000863.jpg,12,dog,dog,False,1,1,0.09538757801055908,180.2587,25.3333,220.3382,60.0133,0.0,False,True,0.0,test
coco:216:12:645,coco,216,2008_000863.jpg,12,dog,dog,False,1,2,0.07139110565185547,246.5817,131.3783,373.1201,254.4309,0.46054065227508545,False,True,0.0,test
coco:216:12:645,coco,216,2008_000863.jpg,12,dog,dog,False,1,3,0.07106463611125946,323.7007,25.5747,374.9658,67.0889,0.062261659651994705,False,True,0.0,test
coco:216:12:645,coco,216,2008_000863.jpg,12,dog,dog,False,1,4,0.061029620468616486,268.6796,5.9784,332.323,58.1331,0.05828997865319252,False,True,0.0,test
coco:216:12:645,coco,216,2008_000863.jpg,12,dog,dog,False,1,5,0.05898371338844299,269.8368,6.7368,289.6306,42.6725,0.009651903994381428,False,True,0.0,test
coco:216:12:645,coco,216,2008_000863.jpg,12,dog,dog,False,1,6,0.056212082505226135,281.0574,42.0218,330.576,57.6415,0.022876815870404243,False,True,0.0,test
coco:216:9:647,coco,216,2008_000863.jpg,9,chair,chair,True,0,0,0.36695361137390137,403.4449,4.8755,494.4419,53.2115,0.0,False,True,9.972762645914397,test
coco:216:9:647,coco,216,2008_000863.jpg,9,chair,chair,True,0,1,0.36500781774520874,403.3662,6.343,494.7722,119.3922,0.0,False,True,9.972762645914397,test
coco:216:9:647,coco,216,2008_000863.jpg,9,chair,chair,True,0,2,0.12257151305675507,268.6796,5.9784,332.323,58.1331,0.0,False,True,0.0,test
coco:216:9:647,coco,216,2008_000863.jpg,9,chair,chair,True,0,3,0.11428795754909515,7.0946,6.6643,183.049,211.7738,0.0,False,True,0.0,test
coco:216:9:647,coco,216,2008_000863.jpg,9,chair,chair,True,0,4,0.0748688131570816,269.8368,6.7368,289.6306,42.6725,0.0,False,True,0.0,test
coco:218:7:651,coco,218,2008_000868.jpg,7,car,car,False,1,0,0.23151502013206482,0.038,311.5315,27.6265,344.5659,0.5842109322547913,True,False,9.972762645914397,test
coco:218:7:651,coco,218,2008_000868.jpg,7,car,car,False,1,1,0.052112121134996414,185.9786,321.1255,213.5111,341.9799,0.0,False,True,0.0,test
coco:218:9:653,coco,218,2008_000868.jpg,9,chair,chair,True,0,0,0.05055144056677818,143.0914,349.1074,161.3326,385.7053,0.0,False,True,0.0,test
coco:219:10:654,coco,219,2008_000876.jpg,10,cow,cow,False,1,0,0.8025556206703186,0.3666,1.9312,411.8771,375.9022,0.9822303056716919,True,False,9.972762645914397,test
coco:219:10:654,coco,219,2008_000876.jpg,10,cow,cow,False,1,1,0.1566392183303833,-0.6384,2.0666,254.7746,376.0282,0.608898937702179,True,False,0.0,test
coco:219:10:654,coco,219,2008_000876.jpg,10,cow,cow,False,1,2,0.05195465683937073,135.062,33.5055,408.0604,375.4217,0.6159190535545349,True,False,0.0,test
coco:221:15:660,coco,221,2008_000880.jpg,15,person,person,False,5,0,0.2720729112625122,392.4157,135.6581,433.3221,262.78,0.8912380933761597,True,False,9.972762645914397,test
coco:221:15:660,coco,221,2008_000880.jpg,15,person,person,False,5,1,0.2465631514787674,83.2303,117.2085,99.8788,131.0072,0.0,False,True,9.972762645914397,test
coco:221:15:660,coco,221,2008_000880.jpg,15,person,person,False,5,2,0.22725297510623932,221.4081,71.7883,292.9743,245.8761,0.9566028118133545,True,False,9.972762645914397,test
coco:221:15:660,coco,221,2008_000880.jpg,15,person,person,False,5,3,0.22241462767124176,386.1737,105.6772,427.0729,176.5418,0.2618958652019501,False,True,0.0,test
coco:221:15:660,coco,221,2008_000880.jpg,15,person,person,False,5,4,0.2218475490808487,450.2614,111.6989,455.6681,125.877,0.010941402055323124,False,True,0.0,test
coco:221:15:660,coco,221,2008_000880.jpg,15,person,person,False,5,5,0.20831811428070068,392.674,117.197,409.0488,143.0483,0.7930318713188171,True,False,0.0,test
coco:221:15:660,coco,221,2008_000880.jpg,15,person,person,False,5,6,0.18694275617599487,442.4875,108.1947,499.8304,218.1156,0.8996824026107788,True,False,0.0,test
coco:221:15:660,coco,221,2008_000880.jpg,15,person,person,False,5,7,0.1792437732219696,444.478,110.9163,449.4423,123.0419,0.008591897785663605,False,True,0.0,test
coco:221:15:660,coco,221,2008_000880.jpg,15,person,person,False,5,8,0.17372895777225494,428.0279,107.0061,431.5869,115.9398,0.0,False,True,0.0,test
coco:221:15:660,coco,221,2008_000880.jpg,15,person,person,False,5,9,0.16790863871574402,405.2293,105.8373,431.6752,151.7207,0.6169044375419617,True,False,0.0,test
coco:221:15:660,coco,221,2008_000880.jpg,15,person,person,False,5,10,0.12222381681203842,303.7625,106.7637,307.7487,120.106,0.0,False,True,0.0,test
coco:221:15:660,coco,221,2008_000880.jpg,15,person,person,False,5,11,0.07461481541395187,487.7593,113.7913,499.3377,122.356,0.014154314994812012,False,True,0.0,test
coco:221:15:660,coco,221,2008_000880.jpg,15,person,person,False,5,12,0.05384440720081329,489.085,115.3842,499.2966,121.8968,0.009492519311606884,False,True,0.0,test
coco:221:15:660,coco,221,2008_000880.jpg,15,person,person,False,5,13,0.052149124443531036,439.6438,106.3596,443.8305,113.8582,0.004481053911149502,False,True,0.0,test
coco:221:15:660,coco,221,2008_000880.jpg,15,person,person,False,5,14,0.05121411383152008,94.2145,118.1152,103.099,129.8292,0.0,False,True,0.0,test
coco:222:7:663,coco,222,2008_000884.jpg,7,car,car,False,2,0,0.417648047208786,173.7264,171.3373,416.6112,253.5782,0.9340858459472656,True,False,9.972762645914397,test
coco:222:7:663,coco,222,2008_000884.jpg,7,car,car,False,2,1,0.34501516819000244,0.2443,170.0935,134.6864,264.4876,0.9446414709091187,True,False,9.972762645914397,test
coco:222:7:663,coco,222,2008_000884.jpg,7,car,car,False,2,2,0.15253235399723053,486.6272,153.4781,497.4033,159.4462,0.0,False,True,0.0,test
coco:222:7:663,coco,222,2008_000884.jpg,7,car,car,False,2,3,0.09268366545438766,116.5622,153.087,164.8569,182.421,0.020541004836559296,False,True,0.0,test
coco:222:7:663,coco,222,2008_000884.jpg,7,car,car,False,2,4,0.09242183715105057,461.2899,151.7595,489.1012,162.6568,0.0,False,True,0.0,test
coco:222:7:663,coco,222,2008_000884.jpg,7,car,car,False,2,5,0.07219550758600235,359.7863,145.9136,374.0753,152.5852,0.0,False,True,0.0,test
coco:222:7:663,coco,222,2008_000884.jpg,7,car,car,False,2,6,0.06307206302881241,23.4266,142.0363,186.2053,149.7251,0.0,False,True,0.0,test
coco:222:7:663,coco,222,2008_000884.jpg,7,car,car,False,2,7,0.0623953603208065,457.9391,136.464,488.6676,162.2633,0.0,False,True,0.0,test
coco:222:7:663,coco,222,2008_000884.jpg,7,car,car,False,2,8,0.05938033014535904,358.5627,152.7735,374.9759,157.5503,0.0,False,True,0.0,test
coco:222:7:663,coco,222,2008_000884.jpg,7,car,car,False,2,9,0.05604289472103119,297.8984,152.8616,310.8636,157.2425,0.0,False,True,0.0,test
coco:222:7:663,coco,222,2008_000884.jpg,7,car,car,False,2,10,0.055545661598443985,390.7857,151.5357,397.5015,161.7861,0.0,False,True,0.0,test
coco:224:12:669,coco,224,2008_000897.jpg,12,dog,dog,False,1,0,0.47945696115493774,245.388,283.6997,299.6277,342.2126,0.4828663170337677,False,True,9.972762645914397,test
coco:224:12:669,coco,224,2008_000897.jpg,12,dog,dog,False,1,1,0.46516671776771545,294.4202,282.7567,348.0067,340.9802,0.49657756090164185,False,True,9.972762645914397,test
coco:224:12:669,coco,224,2008_000897.jpg,12,dog,dog,False,1,2,0.3596229553222656,246.3054,282.0233,347.0502,341.9756,0.9483924508094788,True,False,9.972762645914397,test
coco:224:12:669,coco,224,2008_000897.jpg,12,dog,dog,False,1,3,0.07314448058605194,333.3042,281.9411,345.5914,296.1501,0.02766929380595684,False,True,0.0,test
coco:224:12:669,coco,224,2008_000897.jpg,12,dog,dog,False,1,4,0.06314899027347565,80.6262,377.0319,98.4804,385.4091,0.0,False,True,0.0,test
coco:224:12:669,coco,224,2008_000897.jpg,12,dog,dog,False,1,5,0.05797062814235687,313.7798,281.6374,346.7213,300.3877,0.09622310847043991,False,True,0.0,test
coco:224:12:669,coco,224,2008_000897.jpg,12,dog,dog,False,1,6,0.05170270428061485,257.8001,283.8623,292.1258,319.1232,0.19263972342014313,False,True,0.0,test
coco:225:15:672,coco,225,2008_000904.jpg,15,person,person,False,3,0,0.2647746205329895,79.7973,22.7447,401.4155,320.1821,0.77635258436203,True,False,9.972762645914397,test
coco:225:15:672,coco,225,2008_000904.jpg,15,person,person,False,3,1,0.2558065354824066,436.6579,251.2636,496.8658,306.9342,0.0,False,True,9.972762645914397,test
coco:225:15:672,coco,225,2008_000904.jpg,15,person,person,False,3,2,0.24728098511695862,79.0798,103.0827,231.8196,320.476,0.9371388554573059,True,False,9.972762645914397,test
coco:225:15:672,coco,225,2008_000904.jpg,15,person,person,False,3,3,0.22483870387077332,218.427,107.903,409.8846,319.7794,0.8968051671981812,True,False,9.972762645914397,test
coco:225:15:672,coco,225,2008_000904.jpg,15,person,person,False,3,4,0.20292657613754272,173.3496,25.6866,396.9776,319.9119,0.8254292011260986,True,False,0.0,test
coco:225:15:672,coco,225,2008_000904.jpg,15,person,person,False,3,5,0.054596249014139175,357.63,143.6832,498.5298,319.8755,0.20601025223731995,False,True,0.0,test
coco:227:5:678,coco,227,2008_000911.jpg,5,bottle,bottle,False,1,0,0.3162410259246826,75.5299,200.8969,145.2325,431.2891,0.9301580190658569,True,False,9.972762645914397,test
coco:227:5:678,coco,227,2008_000911.jpg,5,bottle,bottle,False,1,1,0.17552277445793152,76.9796,426.1119,141.6736,499.3413,0.036608487367630005,False,True,0.0,test
coco:227:5:678,coco,227,2008_000911.jpg,5,bottle,bottle,False,1,2,0.11839193850755692,223.6719,3.5337,315.9213,496.6436,0.0,False,True,0.0,test
coco:227:5:678,coco,227,2008_000911.jpg,5,bottle,bottle,False,1,3,0.06431661546230316,1.5496,224.2804,28.2404,331.44,0.0,False,True,0.0,test
coco:227:5:678,coco,227,2008_000911.jpg,5,bottle,bottle,False,1,4,0.056374531239271164,1.2188,334.4181,27.9773,425.9316,0.0,False,True,0.0,test
coco:229:15:684,coco,229,2008_000917.jpg,15,person,person,False,1,0,0.27234551310539246,46.5429,27.301,234.3262,395.0724,0.9146654605865479,True,False,9.972762645914397,test
coco:229:14:686,coco,229,2008_000917.jpg,14,motorbike,motorbike,True,0,0,0.12180478870868683,23.5574,85.18,493.7901,399.912,0.0,False,True,0.0,test
coco:229:14:686,coco,229,2008_000917.jpg,14,motorbike,motorbike,True,0,1,0.07020478695631027,27.0009,318.1955,491.44,400.2014,0.0,False,True,0.0,test
coco:229:14:686,coco,229,2008_000917.jpg,14,motorbike,motorbike,True,0,2,0.05785940960049629,170.4483,103.7291,473.139,400.6474,0.0,False,True,0.0,test
coco:230:10:687,coco,230,2008_000919.jpg,10,cow,cow,False,1,0,0.7643353939056396,1.3481,2.4804,255.1125,374.1504,0.9889547228813171,True,False,9.972762645914397,test
coco:230:10:687,coco,230,2008_000919.jpg,10,cow,cow,False,1,1,0.07029331475496292,2.8239,233.0215,159.0886,372.0475,0.2277955412864685,False,True,0.0,test
coco:230:13:689,coco,230,2008_000919.jpg,13,horse,horse,True,0,0,0.05355388671159744,1.3481,2.4804,255.1125,374.1504,0.0,False,True,0.0,test
coco:231:15:690,coco,231,2008_000922.jpg,15,person,person,False,3,0,0.2724010944366455,324.6682,132.9848,362.1617,186.6924,0.01583171635866165,False,True,9.972762645914397,test
coco:231:15:690,coco,231,2008_000922.jpg,15,person,person,False,3,1,0.25154754519462585,18.8853,126.3857,43.196,161.8,0.8380027413368225,True,False,9.972762645914397,test
coco:231:15:690,coco,231,2008_000922.jpg,15,person,person,False,3,2,0.2352873533964157,11.042,1.2321,379.7093,375.6275,0.9215060472488403,True,False,9.972762645914397,test
coco:231:15:690,coco,231,2008_000922.jpg,15,person,person,False,3,3,0.23063050210475922,450.7708,78.255,499.2476,259.9326,0.8994220495223999,True,False,9.972762645914397,test
coco:231:15:690,coco,231,2008_000922.jpg,15,person,person,False,3,4,0.12966378033161163,415.7798,155.5072,431.2604,186.0475,0.0,False,True,0.0,test
coco:231:15:690,coco,231,2008_000922.jpg,15,person,person,False,3,5,0.11716359853744507,361.2024,33.5746,500.1342,346.7852,0.22502635419368744,False,True,0.0,test
coco:231:15:690,coco,231,2008_000922.jpg,15,person,person,False,3,6,0.0976681113243103,11.2941,124.7129,44.9172,213.6574,0.2574746608734131,False,True,0.0,test
coco:231:15:690,coco,231,2008_000922.jpg,15,person,person,False,3,7,0.0845629870891571,327.1819,135.4831,362.152,170.1774,0.009538719430565834,False,True,0.0,test
coco:232:12:693,coco,232,2008_000931.jpg,12,dog,dog,False,1,0,0.6622908115386963,34.2564,42.2576,432.1939,262.1022,0.9783208966255188,True,False,9.972762645914397,test
coco:232:12:693,coco,232,2008_000931.jpg,12,dog,dog,False,1,1,0.2181878238916397,45.6334,97.3145,195.1517,249.7185,0.2548247277736664,False,True,0.0,test
coco:232:12:693,coco,232,2008_000931.jpg,12,dog,dog,False,1,2,0.20241697132587433,3.3086,3.6421,194.9917,250.0269,0.32941505312919617,False,True,0.0,test
coco:232:12:693,coco,232,2008_000931.jpg,12,dog,dog,False,1,3,0.09298740327358246,2.8828,3.84,107.6124,137.6378,0.07493225485086441,False,True,0.0,test
coco:232:12:693,coco,232,2008_000931.jpg,12,dog,dog,False,1,4,0.07598396390676498,102.3385,167.9569,190.6404,256.6888,0.08761952817440033,False,True,0.0,test
coco:232:12:693,coco,232,2008_000931.jpg,12,dog,dog,False,1,5,0.07051289081573486,369.9666,4.0551,435.9689,26.7119,0.0,False,True,0.0,test
coco:232:12:693,coco,232,2008_000931.jpg,12,dog,dog,False,1,6,0.05462365970015526,154.8553,180.7271,190.4692,242.8621,0.024746123701334,False,True,0.0,test
coco:232:12:693,coco,232,2008_000931.jpg,12,dog,dog,False,1,7,0.05058566480875015,367.6508,3.0033,480.9372,25.8338,0.0,False,True,0.0,test
coco:233:17:698,coco,233,2008_000936.jpg,17,sheep,sheep,True,0,0,0.08456587046384811,198.4596,300.3552,246.5587,328.3556,0.0,False,True,0.0,test
coco:233:17:698,coco,233,2008_000936.jpg,17,sheep,sheep,True,0,1,0.05138109251856804,142.2444,295.0869,196.4165,322.9107,0.0,False,True,0.0,test
coco:234:7:699,coco,234,2008_000939.jpg,7,car,car,False,1,0,0.2966342568397522,0.1014,52.501,75.1694,123.9588,0.046969786286354065,False,True,9.972762645914397,test
coco:234:7:699,coco,234,2008_000939.jpg,7,car,car,False,1,1,0.24223226308822632,0.4038,52.2945,75.0386,208.5739,0.10251609981060028,False,True,9.972762645914397,test
coco:234:7:699,coco,234,2008_000939.jpg,7,car,car,False,1,2,0.2215183675289154,0.9894,37.1232,495.0615,261.2699,0.9819633364677429,True,False,0.0,test
coco:234:7:699,coco,234,2008_000939.jpg,7,car,car,False,1,3,0.20685987174510956,-0.5474,50.3378,174.1987,125.7023,0.11562548577785492,False,True,0.0,test
coco:234:7:699,coco,234,2008_000939.jpg,7,car,car,False,1,4,0.1453869491815567,24.5807,58.3263,74.9019,90.8078,0.014493666589260101,False,True,0.0,test
coco:234:7:699,coco,234,2008_000939.jpg,7,car,car,False,1,5,0.13420134782791138,-0.3783,50.7029,171.3988,208.0592,0.23730520904064178,False,True,0.0,test
coco:234:7:699,coco,234,2008_000939.jpg,7,car,car,False,1,6,0.12711095809936523,133.7954,41.3915,188.5718,81.9335,0.0196919497102499,False,True,0.0,test
coco:234:7:699,coco,234,2008_000939.jpg,7,car,car,False,1,7,0.09470721334218979,132.5928,42.7585,149.4868,79.4079,0.005490222945809364,False,True,0.0,test
coco:234:7:699,coco,234,2008_000939.jpg,7,car,car,False,1,8,0.09466521441936493,5.6456,56.6215,33.8707,68.0202,0.0028528899420052767,False,True,0.0,test
coco:234:7:699,coco,234,2008_000939.jpg,7,car,car,False,1,9,0.09226174652576447,19.8322,45.7974,180.4841,93.1722,0.06748778373003006,False,True,0.0,test
coco:234:7:699,coco,234,2008_000939.jpg,7,car,car,False,1,10,0.08483617007732391,0.1712,55.0041,36.1622,88.1004,0.010316719301044941,False,True,0.0,test
coco:234:7:699,coco,234,2008_000939.jpg,7,car,car,False,1,11,0.05774211883544922,29.3187,56.0158,49.4932,61.9854,0.0010679197730496526,False,True,0.0,test
coco:238:15:711,coco,238,2008_000950.jpg,15,person,person,False,1,0,0.29411202669143677,24.2298,30.5514,497.8322,374.2634,0.8912701606750488,True,False,9.972762645914397,test
coco:238:15:711,coco,238,2008_000950.jpg,15,person,person,False,1,1,0.06940366327762604,15.1543,26.6831,266.1798,372.6745,0.4040773808956146,False,True,0.0,test
coco:240:15:717,coco,240,2008_000956.jpg,15,person,person,False,1,0,0.34947606921195984,37.1573,2.4028,460.6946,440.2649,0.9447705745697021,True,False,9.972762645914397,test
coco:241:4:720,coco,241,2008_000957.jpg,4,boat,boat,False,1,0,0.3595127761363983,76.937,23.8893,491.8866,323.1138,0.9440515041351318,True,False,9.972762645914397,test
coco:241:4:720,coco,241,2008_000957.jpg,4,boat,boat,False,1,1,0.21379190683364868,100.716,260.6976,106.3636,265.0309,0.0001937672059284523,False,True,0.0,test
coco:241:4:720,coco,241,2008_000957.jpg,4,boat,boat,False,1,2,0.21273760497570038,125.8106,262.0504,130.1983,264.8492,9.723129915073514e-05,False,True,0.0,test
coco:241:4:720,coco,241,2008_000957.jpg,4,boat,boat,False,1,3,0.21088464558124542,318.4117,254.7689,346.1335,275.9915,0.004658168181777,False,True,0.0,test
coco:241:4:720,coco,241,2008_000957.jpg,4,boat,boat,False,1,4,0.158280611038208,58.1572,257.6112,71.6455,261.7092,0.0,False,True,0.0,test
coco:241:4:720,coco,241,2008_000957.jpg,4,boat,boat,False,1,5,0.15652382373809814,81.8185,257.9206,491.0678,324.1243,0.21451953053474426,False,True,0.0,test
coco:241:4:720,coco,241,2008_000957.jpg,4,boat,boat,False,1,6,0.1496821492910385,35.5263,258.1094,44.5198,260.9987,0.0,False,True,0.0,test
coco:241:4:720,coco,241,2008_000957.jpg,4,boat,boat,False,1,7,0.13823024928569794,87.5322,258.776,93.0905,264.6069,0.0002566082985140383,False,True,0.0,test
coco:241:4:720,coco,241,2008_000957.jpg,4,boat,boat,False,1,8,0.13138484954833984,80.1793,290.8204,161.979,319.1532,0.01835009641945362,False,True,0.0,test
coco:241:4:720,coco,241,2008_000957.jpg,4,boat,boat,False,1,9,0.12254676222801208,77.1072,25.2316,250.3749,316.9843,0.3911477327346802,False,True,0.0,test
coco:241:4:720,coco,241,2008_000957.jpg,4,boat,boat,False,1,10,0.1179942786693573,211.7727,253.3231,275.0982,289.1072,0.01794176921248436,False,True,0.0,test
coco:241:4:720,coco,241,2008_000957.jpg,4,boat,boat,False,1,11,0.11422973871231079,148.1129,279.4019,193.4639,290.2551,0.003897112561389804,False,True,0.0,test
coco:241:4:720,coco,241,2008_000957.jpg,4,boat,boat,False,1,12,0.10636159777641296,152.9215,280.1752,167.6518,289.5517,0.001093570957891643,False,True,0.0,test
coco:241:4:720,coco,241,2008_000957.jpg,4,boat,boat,False,1,13,0.10195796936750412,200.2602,253.091,359.1703,291.514,0.04834365472197533,False,True,0.0,test
coco:241:4:720,coco,241,2008_000957.jpg,4,boat,boat,False,1,14,0.09960142523050308,385.2812,289.5348,412.7733,304.9708,0.0033599943853914738,False,True,0.0,test
coco:241:4:720,coco,241,2008_000957.jpg,4,boat,boat,False,1,15,0.09921472519636154,68.4818,258.0272,98.0465,262.6568,0.0009546399815008044,False,True,0.0,test
coco:241:4:720,coco,241,2008_000957.jpg,4,boat,boat,False,1,16,0.09885060787200928,130.3195,260.2782,140.6033,264.3487,0.00033143183100037277,False,True,0.0,test
coco:241:4:720,coco,241,2008_000957.jpg,4,boat,boat,False,1,17,0.09842891991138458,116.0203,259.4085,131.874,263.7202,0.0005412096506915987,False,True,0.0,test
coco:241:4:720,coco,241,2008_000957.jpg,4,boat,boat,False,1,18,0.09580600261688232,408.8088,265.9939,466.1259,295.4482,0.013366852886974812,False,True,0.0,test
coco:241:4:720,coco,241,2008_000957.jpg,4,boat,boat,False,1,19,0.09410987049341202,40.9482,257.891,54.4479,261.3609,0.0,False,True,0.0,test
coco:241:4:720,coco,241,2008_000957.jpg,4,boat,boat,False,1,20,0.09269646555185318,63.4647,258.4808,70.9208,261.5548,0.0,False,True,0.0,test
coco:241:4:720,coco,241,2008_000957.jpg,4,boat,boat,False,1,21,0.09147308766841888,393.3228,265.6586,492.7564,320.4946,0.04317137598991394,False,True,0.0,test
coco:241:4:720,coco,241,2008_000957.jpg,4,boat,boat,False,1,22,0.09003545343875885,88.5906,256.6339,96.149,264.5858,0.00047588234883733094,False,True,0.0,test
coco:241:4:720,coco,241,2008_000957.jpg,4,boat,boat,False,1,23,0.08911280333995819,140.4394,258.1191,146.6143,262.8973,0.00023360419436357915,False,True,0.0,test
coco:241:4:720,coco,241,2008_000957.jpg,4,boat,boat,False,1,24,0.08875702321529388,165.2615,29.0686,391.473,309.8092,0.5003219246864319,True,False,0.0,test
coco:241:4:720,coco,241,2008_000957.jpg,4,boat,boat,False,1,25,0.08509280532598495,0.7911,256.8124,20.7051,260.8089,0.0,False,True,0.0,test
coco:241:4:720,coco,241,2008_000957.jpg,4,boat,boat,False,1,26,0.08170538395643234,0.4966,257.0738,12.1003,260.1113,0.0,False,True,0.0,test
coco:241:4:720,coco,241,2008_000957.jpg,4,boat,boat,False,1,27,0.0812729075551033,116.8157,260.7364,136.3947,265.6122,0.0007558410288766026,False,True,0.0,test
coco:241:4:720,coco,241,2008_000957.jpg,4,boat,boat,False,1,28,0.07628440856933594,21.7676,257.9875,37.0141,261.2951,0.0,False,True,0.0,test
coco:241:4:720,coco,241,2008_000957.jpg,4,boat,boat,False,1,29,0.0739864706993103,351.0165,213.6748,494.2481,320.9921,0.1205158457159996,False,True,0.0,test
coco:241:4:720,coco,241,2008_000957.jpg,4,boat,boat,False,1,30,0.06893511861562729,15.4062,258.0777,20.3621,260.8606,0.0,False,True,0.0,test
coco:241:4:720,coco,241,2008_000957.jpg,4,boat,boat,False,1,31,0.06799285858869553,91.9751,256.5245,169.1087,279.6058,0.014096110127866268,False,True,0.0,test
coco:241:4:720,coco,241,2008_000957.jpg,4,boat,boat,False,1,32,0.06442037969827652,346.7232,258.8124,493.67,320.1335,0.07099711149930954,False,True,0.0,test
coco:241:4:720,coco,241,2008_000957.jpg,4,boat,boat,False,1,33,0.06422744691371918,148.3413,263.6389,171.7513,274.8499,0.0020780034828931093,False,True,0.0,test
coco:241:4:720,coco,241,2008_000957.jpg,4,boat,boat,False,1,34,0.05671463906764984,195.0486,249.8497,218.645,266.6316,0.0031353251542896032,False,True,0.0,test
coco:241:4:720,coco,241,2008_000957.jpg,4,boat,boat,False,1,35,0.056552957743406296,322.9786,254.3085,329.5707,258.9671,0.00024315016344189644,False,True,0.0,test
coco:241:4:720,coco,241,2008_000957.jpg,4,boat,boat,False,1,36,0.056287650018930435,1.966,256.5135,69.0953,264.6595,0.0,False,True,0.0,test
coco:241:4:720,coco,241,2008_000957.jpg,4,boat,boat,False,1,37,0.05599965900182724,0.6308,250.8997,64.023,261.5164,0.0,False,True,0.0,test
coco:241:4:720,coco,241,2008_000957.jpg,4,boat,boat,False,1,38,0.05542803183197975,108.9885,253.7185,169.6308,263.9695,0.004921990446746349,False,True,0.0,test
coco:241:4:720,coco,241,2008_000957.jpg,4,boat,boat,False,1,39,0.053348470479249954,72.3897,281.5043,92.8807,294.5765,0.0021208457183092833,False,True,0.0,test
coco:241:4:720,coco,241,2008_000957.jpg,4,boat,boat,False,1,40,0.053068943321704865,72.2574,279.9043,96.4789,300.1036,0.0038737845607101917,False,True,0.0,test
coco:241:4:720,coco,241,2008_000957.jpg,4,boat,boat,False,1,41,0.05015149712562561,361.1297,171.6794,487.5789,308.7447,0.13722717761993408,False,True,0.0,test
coco:241:3:721,coco,241,2008_000957.jpg,3,bird,bird,True,0,0,0.06922726333141327,72.3897,281.5043,92.8807,294.5765,0.0,False,True,0.0,test
coco:242:16:723,coco,242,2008_000960.jpg,16,pottedplant,pottedplant,False,1,0,0.32889270782470703,229.7392,0.7748,331.6015,103.0877,0.8590232133865356,True,False,9.972762645914397,test
coco:242:16:723,coco,242,2008_000960.jpg,16,pottedplant,pottedplant,False,1,1,0.16943971812725067,43.9763,381.2573,292.691,500.3244,0.0,False,True,0.0,test
coco:242:16:723,coco,242,2008_000960.jpg,16,pottedplant,pottedplant,False,1,2,0.15549907088279724,281.775,1.3032,331.8608,66.0217,0.29572805762290955,False,True,0.0,test
coco:242:16:723,coco,242,2008_000960.jpg,16,pottedplant,pottedplant,False,1,3,0.12549304962158203,252.7804,103.6291,315.8435,237.9106,0.0,False,True,0.0,test
coco:242:16:723,coco,242,2008_000960.jpg,16,pottedplant,pottedplant,False,1,4,0.09851550310850143,255.012,103.7242,308.6548,169.0554,0.0,False,True,0.0,test
coco:242:16:723,coco,242,2008_000960.jpg,16,pottedplant,pottedplant,False,1,5,0.09286892414093018,228.9171,6.2879,289.956,82.9742,0.42704564332962036,False,True,0.0,test
coco:242:16:723,coco,242,2008_000960.jpg,16,pottedplant,pottedplant,False,1,6,0.09104637056589127,0.0401,342.776,49.7361,501.2691,0.0,False,True,0.0,test
coco:242:16:723,coco,242,2008_000960.jpg,16,pottedplant,pottedplant,False,1,7,0.08509466052055359,284.3617,27.9475,331.8711,67.1732,0.17001962661743164,False,True,0.0,test
coco:242:16:723,coco,242,2008_000960.jpg,16,pottedplant,pottedplant,False,1,8,0.061301879584789276,228.367,0.0505,330.0244,233.796,0.39661717414855957,False,True,0.0,test
coco:242:16:723,coco,242,2008_000960.jpg,16,pottedplant,pottedplant,False,1,9,0.059957489371299744,-0.4521,3.3393,329.3903,494.4666,0.0636833906173706,False,True,0.0,test
coco:242:16:723,coco,242,2008_000960.jpg,16,pottedplant,pottedplant,False,1,10,0.05402616411447525,256.1055,103.7153,297.0191,158.2241,0.0,False,True,0.0,test
coco:242:16:723,coco,242,2008_000960.jpg,16,pottedplant,pottedplant,False,1,11,0.05175993591547012,2.4624,223.6568,330.6117,495.2815,0.0,False,True,0.0,test
coco:243:10:726,coco,243,2008_000964.jpg,10,cow,cow,False,3,0,0.7081157565116882,239.91,169.4993,329.447,223.9443,0.8868164420127869,True,False,9.972762645914397,test
coco:243:10:726,coco,243,2008_000964.jpg,10,cow,cow,False,3,1,0.5377722382545471,358.0981,192.7016,434.4206,260.1582,0.8826148509979248,True,False,9.972762645914397,test
coco:243:10:726,coco,243,2008_000964.jpg,10,cow,cow,False,3,2,0.26340633630752563,-0.143,143.6845,38.3199,199.4306,0.8730701208114624,True,False,9.972762645914397,test
coco:244:15:729,coco,244,2008_000965.jpg,15,person,person,False,2,0,0.27417486906051636,-0.7342,48.2537,330.2913,375.9512,0.9785428643226624,True,False,9.972762645914397,test
coco:244:15:729,coco,244,2008_000965.jpg,15,person,person,False,2,1,0.19036813080310822,245.9741,6.9416,497.2661,374.9027,0.9887189865112305,True,False,0.0,test
coco:244:15:729,coco,244,2008_000965.jpg,15,person,person,False,2,2,0.08512512594461441,3.716,9.7441,495.2882,374.9351,0.5894206762313843,True,False,0.0,test
coco:245:15:732,coco,245,2008_000971.jpg,15,person,person,False,3,0,0.17324458062648773,190.5242,262.2213,220.4389,343.0293,0.8963107466697693,True,False,0.0,test
coco:245:15:732,coco,245,2008_000971.jpg,15,person,person,False,3,1,0.17189869284629822,130.4131,253.7583,159.7375,348.475,0.8861857652664185,True,False,0.0,test
coco:245:15:732,coco,245,2008_000971.jpg,15,person,person,False,3,2,0.16361774504184723,155.5977,247.0231,187.1458,346.7323,0.9088885188102722,True,False,0.0,test
coco:245:15:732,coco,245,2008_000971.jpg,15,person,person,False,3,3,0.1270475834608078,189.5397,259.6327,202.3377,282.6064,0.09784474968910217,False,True,0.0,test
coco:245:15:732,coco,245,2008_000971.jpg,15,person,person,False,3,4,0.10599196702241898,173.8727,279.557,188.0285,339.055,0.22789640724658966,False,True,0.0,test
coco:245:15:732,coco,245,2008_000971.jpg,15,person,person,False,3,5,0.08861088752746582,183.7424,259.1736,193.3197,290.8514,0.03415630757808685,False,True,0.0,test
coco:246:5:736,coco,246,2008_000972.jpg,5,bottle,bottle,True,0,0,0.10192063450813293,251.3085,274.285,293.3378,311.8179,0.0,False,True,0.0,test
coco:247:11:740,coco,247,2008_000976.jpg,11,diningtable,diningtable,True,0,0,0.06213723495602608,385.2007,206.0872,446.0686,241.5021,0.0,False,True,0.0,test
coco:247:11:740,coco,247,2008_000976.jpg,11,diningtable,diningtable,True,0,1,0.051564183086156845,0.5873,333.8464,96.5266,375.314,0.0,False,True,0.0,test
coco:249:15:744,coco,249,2008_000984.jpg,15,person,person,False,4,0,0.23466843366622925,142.4116,0.9507,270.6592,335.7879,0.9484012126922607,True,False,9.972762645914397,test
coco:249:15:744,coco,249,2008_000984.jpg,15,person,person,False,4,1,0.22129681706428528,271.2919,-0.9864,390.0905,334.7952,0.8132359981536865,True,False,0.0,test
coco:249:15:744,coco,249,2008_000984.jpg,15,person,person,False,4,2,0.19897162914276123,19.8588,0.1262,142.4621,336.5578,0.8180441856384277,True,False,0.0,test
coco:249:15:744,coco,249,2008_000984.jpg,15,person,person,False,4,3,0.17080621421337128,71.2244,2.3548,339.6122,336.5726,0.9581160545349121,True,False,0.0,test
coco:249:15:744,coco,249,2008_000984.jpg,15,person,person,False,4,4,0.08158282935619354,0.1633,3.0025,30.9469,333.8907,0.04782302677631378,False,True,0.0,test
coco:249:15:744,coco,249,2008_000984.jpg,15,person,person,False,4,5,0.0807310938835144,154.7237,0.4832,266.8839,102.2393,0.2647798955440521,False,True,0.0,test
coco:250:15:747,coco,250,2008_000992.jpg,15,person,person,False,1,0,0.102994903922081,140.0311,22.3048,412.6939,333.5986,0.9138203263282776,True,False,0.0,test
coco:251:15:750,coco,251,2008_000993.jpg,15,person,person,False,2,0,0.2503102421760559,-0.3782,90.6587,286.0318,333.3982,0.958457350730896,True,False,9.972762645914397,test
coco:251:15:750,coco,251,2008_000993.jpg,15,person,person,False,2,1,0.2452852725982666,270.582,64.0676,500.4843,333.6586,0.9828073382377625,True,False,9.972762645914397,test
coco:253:14:756,coco,253,2008_001007.jpg,14,motorbike,motorbike,False,1,0,0.5407546758651733,107.4254,203.7855,324.1202,376.3246,0.9059627652168274,True,False,9.972762645914397,test
coco:253:14:756,coco,253,2008_001007.jpg,14,motorbike,motorbike,False,1,1,0.05736967921257019,226.7438,187.5146,252.7781,207.0873,0.0,False,True,0.0,test
coco:253:14:756,coco,253,2008_001007.jpg,14,motorbike,motorbike,False,1,2,0.050044480711221695,416.976,170.0637,446.9007,200.0325,0.0,False,True,0.0,test
coco:254:15:759,coco,254,2008_001009.jpg,15,person,person,False,2,0,0.19196338951587677,122.4832,59.2607,312.8459,421.062,0.8562530279159546,True,False,0.0,test
coco:254:15:759,coco,254,2008_001009.jpg,15,person,person,False,2,1,0.1865161657333374,57.022,176.5881,308.324,479.4128,0.9678314924240112,True,False,0.0,test
coco:254:15:759,coco,254,2008_001009.jpg,15,person,person,False,2,2,0.11680752038955688,295.2243,233.8436,316.7783,270.9207,0.00982059258967638,False,True,0.0,test
coco:254:15:759,coco,254,2008_001009.jpg,15,person,person,False,2,3,0.10910067707300186,294.7094,232.8451,319.7354,410.111,0.037125807255506516,False,True,0.0,test
coco:254:15:759,coco,254,2008_001009.jpg,15,person,person,False,2,4,0.10242901742458344,295.0688,232.3889,318.6298,336.1443,0.027485990896821022,False,True,0.0,test
coco:254:15:759,coco,254,2008_001009.jpg,15,person,person,False,2,5,0.05968889221549034,61.9209,57.4835,315.8509,479.327,0.6651115417480469,True,False,0.0,test
coco:255:15:762,coco,255,2008_001012.jpg,15,person,person,False,1,0,0.24163654446601868,82.9898,25.9885,417.7833,375.6376,0.983248770236969,True,False,9.972762645914397,test
coco:255:15:762,coco,255,2008_001012.jpg,15,person,person,False,1,1,0.06752841174602509,-0.5486,0.2907,224.6772,88.3128,0.07270733267068863,False,True,0.0,test
coco:256:15:765,coco,256,2008_001013.jpg,15,person,person,False,2,0,0.20893211662769318,171.5035,175.1664,259.9471,289.7557,0.9394160509109497,True,False,0.0,test
coco:256:15:765,coco,256,2008_001013.jpg,15,person,person,False,2,1,0.053044483065605164,0.562,177.9624,17.5712,309.2047,0.8276082277297974,True,False,0.0,test
coco:257:15:768,coco,257,2008_001024.jpg,15,person,person,False,3,0,0.29772070050239563,175.8075,254.0412,206.8822,333.2527,0.9863951802253723,True,False,9.972762645914397,test
coco:257:15:768,coco,257,2008_001024.jpg,15,person,person,False,3,1,0.29299288988113403,140.1397,248.7024,175.139,333.101,0.8914716243743896,True,False,9.972762645914397,test
coco:257:15:768,coco,257,2008_001024.jpg,15,person,person,False,3,2,0.1816461980342865,292.0581,246.561,354.9242,333.3378,0.9322114586830139,True,False,0.0,test
coco:260:4:777,coco,260,2008_001040.jpg,4,boat,boat,False,1,0,0.2543463110923767,86.4189,366.3324,95.6903,371.369,0.0,False,True,9.972762645914397,test
coco:260:4:777,coco,260,2008_001040.jpg,4,boat,boat,False,1,1,0.12859055399894714,85.9394,125.7398,464.3244,205.6523,0.8592692613601685,True,False,0.0,test
coco:260:4:777,coco,260,2008_001040.jpg,4,boat,boat,False,1,2,0.07512398809194565,41.7425,200.1587,47.6486,205.9969,0.0,False,True,0.0,test
coco:260:4:777,coco,260,2008_001040.jpg,4,boat,boat,False,1,3,0.05761951208114624,55.1161,191.6017,74.2273,197.2031,0.0,False,True,0.0,test
coco:260:4:777,coco,260,2008_001040.jpg,4,boat,boat,False,1,4,0.05580016225576401,86.48,366.7222,91.1505,370.7292,0.0,False,True,0.0,test
coco:260:4:777,coco,260,2008_001040.jpg,4,boat,boat,False,1,5,0.05104852840304375,41.8477,193.7261,53.4046,197.7892,0.0,False,True,0.0,test
coco:261:4:780,coco,261,2008_001041.jpg,4,boat,boat,False,2,0,0.6491786241531372,298.9136,298.8474,349.5066,326.0372,0.8834372758865356,True,False,9.972762645914397,test
coco:261:4:780,coco,261,2008_001041.jpg,4,boat,boat,False,2,1,0.3738667368888855,137.3249,33.4168,337.1115,321.9644,0.932573676109314,True,False,9.972762645914397,test
coco:261:4:780,coco,261,2008_001041.jpg,4,boat,boat,False,2,2,0.10786024481058121,298.1353,301.8537,324.0568,326.1776,0.4206101596355438,False,True,0.0,test
coco:261:4:780,coco,261,2008_001041.jpg,4,boat,boat,False,2,3,0.0653177946805954,337.8237,314.7437,349.7177,324.1562,0.07839839160442352,False,True,0.0,test
coco:261:4:780,coco,261,2008_001041.jpg,4,boat,boat,False,2,4,0.05607042834162712,143.0418,308.7009,309.5733,374.2796,0.026255743578076363,False,True,0.0,test
coco:264:5:789,coco,264,2008_001060.jpg,5,bottle,bottle,False,1,0,0.5290960669517517,16.2482,163.5682,62.9052,252.7449,0.8587670922279358,True,False,9.972762645914397,test
coco:264:5:789,coco,264,2008_001060.jpg,5,bottle,bottle,False,1,1,0.17357748746871948,188.2657,276.9901,240.3161,332.4308,0.0,False,True,0.0,test
coco:264:5:789,coco,264,2008_001060.jpg,5,bottle,bottle,False,1,2,0.15554991364479065,187.6779,220.7932,240.382,334.8331,0.0,False,True,0.0,test
coco:264:5:789,coco,264,2008_001060.jpg,5,bottle,bottle,False,1,3,0.1120305135846138,0.2925,127.0793,35.2953,274.9184,0.2680496275424957,False,True,0.0,test
coco:264:5:789,coco,264,2008_001060.jpg,5,bottle,bottle,False,1,4,0.11072458326816559,0.1464,127.6557,21.46,260.74,0.1168544590473175,False,True,0.0,test
coco:264:5:789,coco,264,2008_001060.jpg,5,bottle,bottle,False,1,5,0.05855199322104454,145.0,84.583,167.4659,121.4643,0.0,False,True,0.0,test
coco:265:7:792,coco,265,2008_001062.jpg,7,car,car,False,4,0,0.4590514004230499,437.3895,68.6678,473.9219,82.2276,0.6631107330322266,True,False,9.972762645914397,test
coco:265:7:792,coco,265,2008_001062.jpg,7,car,car,False,4,1,0.45862820744514465,100.3145,63.0137,139.7175,91.4766,0.9044522047042847,True,False,9.972762645914397,test
coco:265:7:792,coco,265,2008_001062.jpg,7,car,car,False,4,2,0.37342703342437744,205.5518,70.1434,232.7846,81.9492,0.0,False,True,9.972762645914397,test
coco:265:7:792,coco,265,2008_001062.jpg,7,car,car,False,4,3,0.27076467871665955,328.0416,55.3325,374.3473,91.1143,0.9600302577018738,True,False,9.972762645914397,test
coco:265:7:792,coco,265,2008_001062.jpg,7,car,car,False,4,4,0.228593111038208,204.5526,70.0624,244.989,82.014,0.0,False,True,9.972762645914397,test
coco:265:7:792,coco,265,2008_001062.jpg,7,car,car,False,4,5,0.18064838647842407,239.1424,73.0671,244.9392,77.7311,0.0,False,True,0.0,test
coco:265:7:792,coco,265,2008_001062.jpg,7,car,car,False,4,6,0.1599987894296646,404.1277,64.8189,436.8012,82.6341,0.8560053110122681,True,False,0.0,test
coco:265:7:792,coco,265,2008_001062.jpg,7,car,car,False,4,7,0.12318301945924759,219.9405,70.682,232.0752,79.9883,0.0,False,True,0.0,test
coco:265:7:792,coco,265,2008_001062.jpg,7,car,car,False,4,8,0.08121692389249802,368.3704,66.8315,374.5764,80.6078,0.04763970896601677,False,True,0.0,test
coco:265:7:792,coco,265,2008_001062.jpg,7,car,car,False,4,9,0.07662509381771088,423.0447,69.0791,438.6685,81.8717,0.27785423398017883,False,True,0.0,test
coco:265:7:792,coco,265,2008_001062.jpg,7,car,car,False,4,10,0.07434147596359253,364.4925,67.5827,373.6836,89.4034,0.12380138784646988,False,True,0.0,test
coco:265:7:792,coco,265,2008_001062.jpg,7,car,car,False,4,11,0.06029214337468147,148.8264,68.0251,157.501,76.2587,0.0,False,True,0.0,test
coco:265:7:792,coco,265,2008_001062.jpg,7,car,car,False,4,12,0.058974239975214005,51.1569,77.913,58.5173,81.8805,0.0,False,True,0.0,test
coco:265:17:793,coco,265,2008_001062.jpg,17,sheep,sheep,True,0,0,0.09830334037542343,0.1865,106.4387,37.8182,238.4274,0.0,False,True,0.0,test
coco:265:17:793,coco,265,2008_001062.jpg,17,sheep,sheep,True,0,1,0.08197052776813507,381.6685,94.1042,423.9875,175.0423,0.0,False,True,0.0,test
coco:265:17:793,coco,265,2008_001062.jpg,17,sheep,sheep,True,0,2,0.07080043852329254,464.9478,73.4122,498.8683,132.0472,0.0,False,True,0.0,test
coco:265:17:793,coco,265,2008_001062.jpg,17,sheep,sheep,True,0,3,0.07035374641418457,109.1003,96.0674,263.1613,193.8224,0.0,False,True,0.0,test
coco:265:17:793,coco,265,2008_001062.jpg,17,sheep,sheep,True,0,4,0.06701481342315674,176.2636,146.7135,211.1196,186.6352,0.0,False,True,0.0,test
coco:265:17:793,coco,265,2008_001062.jpg,17,sheep,sheep,True,0,5,0.05586913600564003,112.8119,142.589,213.6331,191.5571,0.0,False,True,0.0,test
coco:266:15:795,coco,266,2008_001063.jpg,15,person,person,False,6,0,0.20140445232391357,191.4633,142.3027,261.4617,374.0219,0.932718813419342,True,False,0.0,test
coco:266:15:795,coco,266,2008_001063.jpg,15,person,person,False,6,1,0.18040765821933746,307.6937,108.2821,456.3624,376.5274,0.9732439517974854,True,False,0.0,test
coco:266:15:795,coco,266,2008_001063.jpg,15,person,person,False,6,2,0.18024271726608276,134.37,129.6845,183.8885,376.1367,0.9469342827796936,True,False,0.0,test
coco:266:15:795,coco,266,2008_001063.jpg,15,person,person,False,6,3,0.17668397724628448,249.7213,132.317,330.9432,374.8444,0.9699123501777649,True,False,0.0,test
coco:266:15:795,coco,266,2008_001063.jpg,15,person,person,False,6,4,0.16682273149490356,438.7654,139.8062,500.199,375.616,0.955125629901886,True,False,0.0,test
coco:266:15:795,coco,266,2008_001063.jpg,15,person,person,False,6,5,0.1550803780555725,0.6903,63.0046,172.67,374.7669,0.9513598084449768,True,False,0.0,test
coco:266:15:795,coco,266,2008_001063.jpg,15,person,person,False,6,6,0.07958690077066422,376.6424,107.0275,489.9286,373.5623,0.4438111186027527,False,True,0.0,test
coco:266:15:795,coco,266,2008_001063.jpg,15,person,person,False,6,7,0.0750972181558609,460.0647,157.14,496.134,365.0773,0.5002098679542542,True,False,0.0,test
coco:266:15:795,coco,266,2008_001063.jpg,15,person,person,False,6,8,0.06633327156305313,379.0342,104.2676,410.2003,135.1902,0.022516148164868355,False,True,0.0,test
coco:269:12:804,coco,269,2008_001070.jpg,12,dog,dog,False,1,0,0.71242356300354,172.5984,116.5149,322.5042,294.208,0.9494642019271851,True,False,9.972762645914397,test
coco:270:15:807,coco,270,2008_001074.jpg,15,person,person,False,1,0,0.28717041015625,19.4338,113.5018,280.1121,498.0313,0.9846819639205933,True,False,9.972762645914397,test
coco:271:15:810,coco,271,2008_001075.jpg,15,person,person,False,1,0,0.15511207282543182,0.1882,42.4858,367.3212,502.1337,0.953270435333252,True,False,0.0,test
coco:272:15:813,coco,272,2008_001076.jpg,15,person,person,False,1,0,0.19799068570137024,128.4401,85.7354,315.097,374.2091,0.9404534697532654,True,False,0.0,test
coco:273:5:816,coco,273,2008_001077.jpg,5,bottle,bottle,False,1,0,0.40514200925827026,355.9551,31.7874,391.5919,136.5228,0.8327886462211609,True,False,9.972762645914397,test
coco:274:16:819,coco,274,2008_001078.jpg,16,pottedplant,pottedplant,False,1,0,0.3013611435890198,1.6927,1.0294,125.4326,155.5871,0.6798150539398193,True,False,9.972762645914397,test
coco:274:16:819,coco,274,2008_001078.jpg,16,pottedplant,pottedplant,False,1,1,0.2762719988822937,0.94,1.0344,125.1914,104.3218,0.43517348170280457,False,True,9.972762645914397,test
coco:274:16:819,coco,274,2008_001078.jpg,16,pottedplant,pottedplant,False,1,2,0.21981099247932434,0.1983,0.2023,68.5405,128.9784,0.2900301516056061,False,True,0.0,test
coco:274:16:819,coco,274,2008_001078.jpg,16,pottedplant,pottedplant,False,1,3,0.19795966148376465,9.2087,53.6135,54.3587,129.4033,0.18042217195034027,False,True,0.0,test
coco:274:16:819,coco,274,2008_001078.jpg,16,pottedplant,pottedplant,False,1,4,0.15670517086982727,28.5902,20.0918,125.3042,101.2332,0.4799254238605499,False,True,0.0,test
coco:274:16:819,coco,274,2008_001078.jpg,16,pottedplant,pottedplant,False,1,5,0.1288335919380188,1.2797,0.065,74.1031,90.4653,0.21111710369586945,False,True,0.0,test
coco:274:16:819,coco,274,2008_001078.jpg,16,pottedplant,pottedplant,False,1,6,0.11259095370769501,12.2484,55.3897,51.7221,96.6865,0.09390786290168762,False,True,0.0,test
coco:274:16:819,coco,274,2008_001078.jpg,16,pottedplant,pottedplant,False,1,7,0.1085495576262474,22.5765,97.6246,49.6098,128.9985,0.06010489538311958,False,True,0.0,test
coco:274:16:819,coco,274,2008_001078.jpg,16,pottedplant,pottedplant,False,1,8,0.10803040117025375,1.1458,0.009,75.3031,58.3047,0.11324171721935272,False,True,0.0,test
coco:274:16:819,coco,274,2008_001078.jpg,16,pottedplant,pottedplant,False,1,9,0.09998572617769241,40.2481,85.8305,118.038,153.8454,0.37494704127311707,False,True,0.0,test
coco:274:16:819,coco,274,2008_001078.jpg,16,pottedplant,pottedplant,False,1,10,0.06929638981819153,5.2024,39.0264,44.2196,62.6983,0.0413501039147377,False,True,0.0,test
coco:274:9:820,coco,274,2008_001078.jpg,9,chair,chair,True,0,0,0.060597240924835205,96.5481,36.9386,188.5582,115.3341,0.0,False,True,0.0,test
coco:283:19:846,coco,283,2008_001114.jpg,19,train,train,False,1,0,0.678680956363678,162.6411,88.2535,438.9346,317.8825,0.7029296159744263,True,False,9.972762645914397,test
coco:283:19:846,coco,283,2008_001114.jpg,19,train,train,False,1,1,0.17440858483314514,0.382,164.4189,58.9322,203.0447,0.0,False,True,0.0,test
coco:283:19:846,coco,283,2008_001114.jpg,19,train,train,False,1,2,0.12409622222185135,146.5441,174.4469,169.1058,196.2213,0.005089907441288233,False,True,0.0,test
coco:283:19:846,coco,283,2008_001114.jpg,19,train,train,False,1,3,0.08701406419277191,0.1818,177.8685,32.8433,198.9292,0.0,False,True,0.0,test
coco:283:19:846,coco,283,2008_001114.jpg,19,train,train,False,1,4,0.07383205741643906,4.7172,181.8883,63.4716,208.317,0.0,False,True,0.0,test
coco:283:19:846,coco,283,2008_001114.jpg,19,train,train,False,1,5,0.06886084377765656,6.0219,30.2272,444.2177,327.6992,0.6568179726600647,True,False,0.0,test
coco:283:19:846,coco,283,2008_001114.jpg,19,train,train,False,1,6,0.054783739149570465,-0.1694,179.4525,17.9533,194.0952,0.0,False,True,0.0,test
coco:283:19:846,coco,283,2008_001114.jpg,19,train,train,False,1,7,0.05103599652647972,0.0334,180.8857,4.8526,197.1422,0.0,False,True,0.0,test
coco:285:15:852,coco,285,2008_001121.jpg,15,person,person,False,1,0,0.2387762814760208,1.8143,11.4575,330.8346,499.8294,0.9495711326599121,True,False,9.972762645914397,test
coco:285:15:852,coco,285,2008_001121.jpg,15,person,person,False,1,1,0.05062200874090195,83.9426,174.6276,128.5457,227.5074,0.015244131907820702,False,True,0.0,test
coco:287:4:858,coco,287,2008_001135.jpg,4,boat,boat,False,1,0,0.3458772599697113,107.8365,203.1289,135.7149,212.6806,0.004881951957941055,False,True,9.972762645914397,test
coco:287:4:858,coco,287,2008_001135.jpg,4,boat,boat,False,1,1,0.19534868001937866,78.286,211.4985,100.0511,215.3286,0.0,False,True,0.0,test
coco:287:4:858,coco,287,2008_001135.jpg,4,boat,boat,False,1,2,0.14988110959529877,79.9445,212.1996,88.1321,215.4428,0.0,False,True,0.0,test
coco:287:4:858,coco,287,2008_001135.jpg,4,boat,boat,False,1,3,0.14786198735237122,90.9174,212.5089,99.3841,215.1967,0.0,False,True,0.0,test
coco:287:4:858,coco,287,2008_001135.jpg,4,boat,boat,False,1,4,0.08402359485626221,120.7849,204.3102,134.9466,210.4187,0.0031623824033886194,False,True,0.0,test
coco:287:4:858,coco,287,2008_001135.jpg,4,boat,boat,False,1,5,0.07740654796361923,131.2738,153.9169,437.7119,213.1597,0.8286118507385254,True,False,0.0,test
coco:287:4:858,coco,287,2008_001135.jpg,4,boat,boat,False,1,6,0.05523673817515373,105.1825,200.1272,135.0736,212.8738,0.006151031237095594,False,True,0.0,test
coco:287:4:858,coco,287,2008_001135.jpg,4,boat,boat,False,1,7,0.051052868366241455,91.8535,206.3629,102.565,209.9523,0.0,False,True,0.0,test
coco:290:15:867,coco,290,2008_001140.jpg,15,person,person,False,2,0,0.17049089074134827,64.0964,283.3994,91.9862,362.1086,0.8430055975914001,True,False,0.0,test
coco:290:15:867,coco,290,2008_001140.jpg,15,person,person,False,2,1,0.17016057670116425,258.27,283.0056,305.7794,348.9569,0.7254815101623535,True,False,0.0,test
coco:294:11:879,coco,294,2008_001155.jpg,11,diningtable,diningtable,False,1,0,0.5282808542251587,1.0379,251.1343,235.5897,374.3055,0.9684238433837891,True,False,9.972762645914397,test
coco:294:11:879,coco,294,2008_001155.jpg,11,diningtable,diningtable,False,1,1,0.17795248329639435,329.9777,193.8461,411.5032,236.8116,0.0,False,True,0.0,test
coco:294:11:879,coco,294,2008_001155.jpg,11,diningtable,diningtable,False,1,2,0.07627847790718079,0.0133,117.29,44.5924,165.4961,0.0,False,True,0.0,test
coco:294:11:879,coco,294,2008_001155.jpg,11,diningtable,diningtable,False,1,3,0.0722065269947052,330.6004,195.6289,410.8258,371.752,0.0,False,True,0.0,test
coco:294:11:879,coco,294,2008_001155.jpg,11,diningtable,diningtable,False,1,4,0.06905540078878403,142.6285,231.118,211.6967,271.2574,0.04229380562901497,False,True,0.0,test
coco:294:11:879,coco,294,2008_001155.jpg,11,diningtable,diningtable,False,1,5,0.06067664921283722,353.659,144.4157,416.0419,201.3783,0.0,False,True,0.0,test
coco:294:11:879,coco,294,2008_001155.jpg,11,diningtable,diningtable,False,1,6,0.056725285947322845,337.2449,261.2518,405.1486,298.5692,0.0,False,True,0.0,test
coco:294:11:879,coco,294,2008_001155.jpg,11,diningtable,diningtable,False,1,7,0.05661962181329727,142.8789,164.9296,370.1984,295.9969,0.07146258652210236,False,True,0.0,test
coco:294:2:880,coco,294,2008_001155.jpg,2,bicycle,bicycle,True,0,0,0.06897846609354019,173.9079,129.0853,232.9859,145.8651,0.0,False,True,0.0,test
coco:295:4:882,coco,295,2008_001160.jpg,4,boat,boat,False,1,0,0.48065266013145447,448.3141,205.8116,466.0664,208.9457,0.0,False,True,9.972762645914397,test
coco:295:4:882,coco,295,2008_001160.jpg,4,boat,boat,False,1,1,0.47896552085876465,227.2139,172.4497,245.2613,180.6172,0.0006480709998868406,False,True,9.972762645914397,test
coco:295:4:882,coco,295,2008_001160.jpg,4,boat,boat,False,1,2,0.40926650166511536,63.3416,170.6962,92.963,182.1414,0.002260484965518117,False,True,9.972762645914397,test
coco:295:4:882,coco,295,2008_001160.jpg,4,boat,boat,False,1,3,0.23970119655132294,322.0176,168.3989,341.4054,173.1239,0.0021278385538607836,False,True,9.972762645914397,test
coco:295:4:882,coco,295,2008_001160.jpg,4,boat,boat,False,1,4,0.22691956162452698,62.7959,179.1929,73.2113,182.5905,0.0,False,True,9.972762645914397,test
coco:295:4:882,coco,295,2008_001160.jpg,4,boat,boat,False,1,5,0.2123328000307083,64.0628,178.3314,84.9325,182.4409,0.0,False,True,0.0,test
coco:295:4:882,coco,295,2008_001160.jpg,4,boat,boat,False,1,6,0.15735752880573273,226.7177,176.3757,245.5081,180.4288,0.0,False,True,0.0,test
coco:295:4:882,coco,295,2008_001160.jpg,4,boat,boat,False,1,7,0.11547372490167618,59.4618,85.0566,494.6592,177.1517,0.8713366985321045,True,False,0.0,test
coco:295:4:882,coco,295,2008_001160.jpg,4,boat,boat,False,1,8,0.09968695789575577,276.0999,143.605,295.2938,151.4799,0.0035108658485114574,False,True,0.0,test
coco:295:4:882,coco,295,2008_001160.jpg,4,boat,boat,False,1,9,0.09744247049093246,251.672,143.6065,271.6363,151.8316,0.003814177354797721,False,True,0.0,test
coco:295:4:882,coco,295,2008_001160.jpg,4,boat,boat,False,1,10,0.07163266837596893,483.4629,153.4082,499.9579,164.3576,0.004195151384919882,False,True,0.0,test
coco:295:4:882,coco,295,2008_001160.jpg,4,boat,boat,False,1,11,0.06763879954814911,471.1082,151.051,499.4732,168.2141,0.011308013461530209,False,True,0.0,test
coco:295:4:882,coco,295,2008_001160.jpg,4,boat,boat,False,1,12,0.06571359932422638,60.2338,160.2991,92.4268,173.5257,0.009890508837997913,False,True,0.0,test
coco:295:4:882,coco,295,2008_001160.jpg,4,boat,boat,False,1,13,0.05957050621509552,207.5633,177.5451,225.1488,180.2873,0.0,False,True,0.0,test
coco:295:4:882,coco,295,2008_001160.jpg,4,boat,boat,False,1,14,0.057728029787540436,0.0964,137.8718,12.5369,154.4403,0.0,False,True,0.0,test
coco:295:4:882,coco,295,2008_001160.jpg,4,boat,boat,False,1,15,0.05679801106452942,211.9906,172.3909,246.0824,180.7094,0.0012674852041527629,False,True,0.0,test
coco:296:15:885,coco,296,2008_001166.jpg,15,person,person,False,2,0,0.3812553882598877,230.2409,102.2593,401.6148,333.4055,0.9857348203659058,True,False,9.972762645914397,test
coco:296:15:885,coco,296,2008_001166.jpg,15,person,person,False,2,1,0.37237706780433655,54.2904,2.6981,255.5299,333.0512,0.9342437982559204,True,False,9.972762645914397,test
coco:296:15:885,coco,296,2008_001166.jpg,15,person,person,False,2,2,0.3514472246170044,19.4139,25.1206,106.8335,333.0601,0.24850642681121826,False,True,9.972762645914397,test
coco:296:15:885,coco,296,2008_001166.jpg,15,person,person,False,2,3,0.2289697676897049,247.0158,105.0949,286.9814,190.3008,0.08558183163404465,False,True,9.972762645914397,test
coco:296:15:885,coco,296,2008_001166.jpg,15,person,person,False,2,4,0.18735086917877197,247.1079,104.4026,346.9283,194.2703,0.22544926404953003,False,True,0.0,test
coco:296:15:885,coco,296,2008_001166.jpg,15,person,person,False,2,5,0.1674068719148636,18.486,25.9451,87.4541,220.1444,0.11160455644130707,False,True,0.0,test
coco:296:15:885,coco,296,2008_001166.jpg,15,person,person,False,2,6,0.14298516511917114,237.8122,105.6253,294.3977,331.6866,0.3214828372001648,False,True,0.0,test
coco:296:15:885,coco,296,2008_001166.jpg,15,person,person,False,2,7,0.12459031492471695,239.2645,104.651,352.7139,331.3626,0.6464008092880249,True,False,0.0,test
coco:296:15:885,coco,296,2008_001166.jpg,15,person,person,False,2,8,0.09432471543550491,103.5172,0.6952,142.2389,52.2338,0.028862137347459793,False,True,0.0,test
coco:296:15:885,coco,296,2008_001166.jpg,15,person,person,False,2,9,0.0942067876458168,423.6398,144.8401,499.2835,331.5333,0.0,False,True,0.0,test
coco:296:15:885,coco,296,2008_001166.jpg,15,person,person,False,2,10,0.06937863677740097,48.4155,2.2105,152.846,126.9881,0.18960757553577423,False,True,0.0,test
coco:296:15:885,coco,296,2008_001166.jpg,15,person,person,False,2,11,0.05830236151814461,47.6938,6.0078,395.9211,333.2796,0.5765026211738586,True,False,0.0,test
coco:296:15:885,coco,296,2008_001166.jpg,15,person,person,False,2,12,0.05720959231257439,20.0441,23.9644,143.3642,219.5093,0.26132580637931824,False,True,0.0,test
coco:296:15:885,coco,296,2008_001166.jpg,15,person,person,False,2,13,0.057178061455488205,18.4719,23.8789,158.4068,332.0993,0.45453912019729614,False,True,0.0,test
coco:296:15:885,coco,296,2008_001166.jpg,15,person,person,False,2,14,0.05114616081118584,140.6604,132.3855,163.0811,161.5738,0.009522498585283756,False,True,0.0,test
coco:297:15:888,coco,297,2008_001167.jpg,15,person,person,False,1,0,0.31402796506881714,407.601,73.2201,477.7301,303.8059,0.9073787331581116,True,False,9.972762645914397,test
coco:297:15:888,coco,297,2008_001167.jpg,15,person,person,False,1,1,0.067355677485466,227.2871,328.6689,323.3054,364.8873,0.0,False,True,0.0,test
coco:298:14:891,coco,298,2008_001168.jpg,14,motorbike,motorbike,False,1,0,0.6972428560256958,0.9379,2.4164,490.4581,282.1612,0.8750514388084412,True,False,9.972762645914397,test
coco:299:15:894,coco,299,2008_001170.jpg,15,person,person,False,1,0,0.2498091757297516,140.3958,93.104,397.3812,365.955,0.8966485857963562,True,False,9.972762645914397,test
coco:303:15:906,coco,303,2008_001192.jpg,15,person,person,False,1,0,0.30918601155281067,23.1239,122.2799,310.6909,480.4217,0.9884238243103027,True,False,9.972762645914397,test
coco:303:15:906,coco,303,2008_001192.jpg,15,person,person,False,1,1,0.06733936816453934,105.0636,122.8537,246.8359,204.5419,0.11035249382257462,False,True,0.0,test
coco:303:15:906,coco,303,2008_001192.jpg,15,person,person,False,1,2,0.058945927768945694,126.3897,241.9894,215.3883,320.2036,0.06832161545753479,False,True,0.0,test
coco:307:8:918,coco,307,2008_001210.jpg,8,cat,cat,False,1,0,0.7100962996482849,-0.1081,78.537,297.5893,438.9665,0.9622308611869812,True,False,9.972762645914397,test
coco:307:8:918,coco,307,2008_001210.jpg,8,cat,cat,False,1,1,0.13354068994522095,142.1759,77.2153,295.7522,319.8179,0.3472961485385895,False,True,0.0,test
coco:307:8:918,coco,307,2008_001210.jpg,8,cat,cat,False,1,2,0.08850689232349396,102.1384,80.702,295.8226,424.0455,0.6202121376991272,True,False,0.0,test
coco:307:8:918,coco,307,2008_001210.jpg,8,cat,cat,False,1,3,0.06452769041061401,1.3759,196.8959,290.9402,436.9354,0.6577569842338562,True,False,0.0,test
coco:308:13:921,coco,308,2008_001218.jpg,13,horse,horse,False,1,0,0.7808021306991577,-0.2568,3.9441,372.4861,498.3965,0.9809597134590149,True,False,9.972762645914397,test
coco:308:13:921,coco,308,2008_001218.jpg,13,horse,horse,False,1,1,0.16055402159690857,0.0271,224.1198,54.146,358.4533,0.03822772577404976,False,True,0.0,test
coco:308:13:921,coco,308,2008_001218.jpg,13,horse,horse,False,1,2,0.1225476935505867,-0.1394,183.3504,59.286,369.6515,0.05811840295791626,False,True,0.0,test
coco:308:13:921,coco,308,2008_001218.jpg,13,horse,horse,False,1,3,0.12196387350559235,0.1224,210.0533,63.7915,493.2778,0.09516596049070358,False,True,0.0,test
coco:308:13:921,coco,308,2008_001218.jpg,13,horse,horse,False,1,4,0.11558907479047775,-0.4575,186.0474,300.6414,492.703,0.4911811947822571,False,True,0.0,test
coco:308:13:921,coco,308,2008_001218.jpg,13,horse,horse,False,1,5,0.09207690507173538,3.8216,186.1806,36.7738,214.9934,0.005087436642497778,False,True,0.0,test
coco:309:12:924,coco,309,2008_001220.jpg,12,dog,dog,False,2,0,0.6085553169250488,54.8095,43.8585,503.5507,371.467,0.9664552211761475,True,False,9.972762645914397,test
coco:309:12:924,coco,309,2008_001220.jpg,12,dog,dog,False,2,1,0.4965841770172119,305.3494,18.2259,485.2685,273.2531,0.9517313241958618,True,False,9.972762645914397,test
coco:309:12:924,coco,309,2008_001220.jpg,12,dog,dog,False,2,2,0.18177148699760437,68.3116,51.3542,420.3172,250.0999,0.4923957288265228,False,True,0.0,test
coco:309:12:924,coco,309,2008_001220.jpg,12,dog,dog,False,2,3,0.06642163544893265,229.8959,51.8983,406.3145,248.3802,0.3228709399700165,False,True,0.0,test
coco:309:12:924,coco,309,2008_001220.jpg,12,dog,dog,False,2,4,0.05295109748840332,299.5796,185.3505,452.2107,245.641,0.1879395693540573,False,True,0.0,test
coco:309:12:924,coco,309,2008_001220.jpg,12,dog,dog,False,2,5,0.05099165812134743,294.6828,121.482,453.0349,238.678,0.36063453555107117,False,True,0.0,test
coco:310:15:927,coco,310,2008_001221.jpg,15,person,person,False,1,0,0.34399691224098206,97.2576,75.4551,438.758,374.5102,0.7829470038414001,True,False,9.972762645914397,test
coco:312:15:933,coco,312,2008_001226.jpg,15,person,person,False,1,0,0.2400243729352951,6.5206,48.6654,453.6226,419.9849,0.8751447200775146,True,False,9.972762645914397,test
coco:312:15:933,coco,312,2008_001226.jpg,15,person,person,False,1,1,0.18035030364990234,-2.4457,147.5201,431.4193,419.8177,0.6387384533882141,True,False,0.0,test
coco:312:15:933,coco,312,2008_001226.jpg,15,person,person,False,1,2,0.15582486987113953,137.0755,154.2071,448.6282,416.9362,0.4397018551826477,False,True,0.0,test
coco:312:15:933,coco,312,2008_001226.jpg,15,person,person,False,1,3,0.05998489260673523,1.1201,135.8901,240.3442,415.201,0.36419156193733215,False,True,0.0,test
coco:312:14:935,coco,312,2008_001226.jpg,14,motorbike,motorbike,True,0,0,0.21566550433635712,31.1697,23.0656,506.4585,418.7286,0.0,False,True,0.0,test
coco:312:14:935,coco,312,2008_001226.jpg,14,motorbike,motorbike,True,0,1,0.10585223138332367,268.5756,77.8302,497.4963,412.254,0.0,False,True,0.0,test
coco:312:14:935,coco,312,2008_001226.jpg,14,motorbike,motorbike,True,0,2,0.10322597622871399,397.3943,84.7873,500.0036,416.7429,0.0,False,True,0.0,test
coco:312:14:935,coco,312,2008_001226.jpg,14,motorbike,motorbike,True,0,3,0.0721159353852272,433.29,176.7361,501.2856,420.0851,0.0,False,True,0.0,test
coco:312:14:935,coco,312,2008_001226.jpg,14,motorbike,motorbike,True,0,4,0.05957324802875519,62.3913,23.8159,495.8683,218.153,0.0,False,True,0.0,test
coco:315:19:942,coco,315,2008_001236.jpg,19,train,train,False,1,0,0.6832150220870972,251.8285,86.9599,310.4542,110.8445,0.8273568749427795,True,False,9.972762645914397,test
coco:315:19:942,coco,315,2008_001236.jpg,19,train,train,False,1,1,0.46180909872055054,292.2686,88.7737,309.9025,111.9349,0.3294999301433563,False,True,9.972762645914397,test
coco:315:19:942,coco,315,2008_001236.jpg,19,train,train,False,1,2,0.18930427730083466,10.6498,191.937,27.2563,214.914,0.0,False,True,0.0,test
coco:315:19:942,coco,315,2008_001236.jpg,19,train,train,False,1,3,0.186203271150589,381.5249,213.5451,502.1524,258.346,0.0,False,True,0.0,test
coco:315:19:942,coco,315,2008_001236.jpg,19,train,train,False,1,4,0.17383942008018494,34.7385,198.1843,366.7161,375.8968,0.0,False,True,0.0,test
coco:315:19:942,coco,315,2008_001236.jpg,19,train,train,False,1,5,0.17199105024337769,23.2826,110.7864,496.2295,373.6678,8.681715553393587e-05,False,True,0.0,test
coco:315:19:942,coco,315,2008_001236.jpg,19,train,train,False,1,6,0.16615413129329681,31.9489,208.0729,206.907,377.051,0.0,False,True,0.0,test
coco:315:19:942,coco,315,2008_001236.jpg,19,train,train,False,1,7,0.16452255845069885,0.3777,112.3658,32.2503,168.7522,0.0,False,True,0.0,test
coco:315:19:942,coco,315,2008_001236.jpg,19,train,train,False,1,8,0.1587863564491272,10.1891,171.9317,19.4149,195.5155,0.0,False,True,0.0,test
coco:315:19:942,coco,315,2008_001236.jpg,19,train,train,False,1,9,0.15871700644493103,40.295,60.0565,88.7488,76.6653,0.0,False,True,0.0,test
coco:315:19:942,coco,315,2008_001236.jpg,19,train,train,False,1,10,0.15480241179466248,13.2838,64.3447,494.2832,120.796,0.04319954663515091,False,True,0.0,test
coco:315:19:942,coco,315,2008_001236.jpg,19,train,train,False,1,11,0.15447001159191132,88.348,199.4629,109.6807,216.4359,0.0,False,True,0.0,test
coco:315:19:942,coco,315,2008_001236.jpg,19,train,train,False,1,12,0.15086354315280914,0.5214,105.4384,72.3613,168.7594,0.0,False,True,0.0,test
coco:315:19:942,coco,315,2008_001236.jpg,19,train,train,False,1,13,0.14157384634017944,351.0981,50.0532,372.5608,65.4297,0.0,False,True,0.0,test
coco:315:19:942,coco,315,2008_001236.jpg,19,train,train,False,1,14,0.13892115652561188,352.2251,88.679,381.2262,105.3382,0.0,False,True,0.0,test
coco:315:19:942,coco,315,2008_001236.jpg,19,train,train,False,1,15,0.13762013614177704,349.8479,97.8101,365.5642,109.2388,0.0,False,True,0.0,test
coco:315:19:942,coco,315,2008_001236.jpg,19,train,train,False,1,16,0.13187247514724731,449.5728,298.468,499.7683,324.4932,0.0,False,True,0.0,test
coco:315:19:942,coco,315,2008_001236.jpg,19,train,train,False,1,17,0.12947066128253937,418.7422,337.0772,498.8802,374.6163,0.0,False,True,0.0,test
coco:315:19:942,coco,315,2008_001236.jpg,19,train,train,False,1,18,0.12803494930267334,-0.2722,16.8688,492.8557,51.9351,0.0,False,True,0.0,test
coco:315:19:942,coco,315,2008_001236.jpg,19,train,train,False,1,19,0.1274162083864212,107.1781,170.53,129.7481,185.3301,0.0,False,True,0.0,test
coco:315:19:942,coco,315,2008_001236.jpg,19,train,train,False,1,20,0.12428097426891327,213.5618,109.812,500.7682,218.9224,0.0018671337747946382,False,True,0.0,test
coco:315:19:942,coco,315,2008_001236.jpg,19,train,train,False,1,21,0.12295759469270706,0.9068,168.6541,33.1316,220.8237,0.0,False,True,0.0,test
coco:315:19:942,coco,315,2008_001236.jpg,19,train,train,False,1,22,0.12018916755914688,50.6105,199.8099,111.5046,222.4048,0.0,False,True,0.0,test
coco:315:19:942,coco,315,2008_001236.jpg,19,train,train,False,1,23,0.11983450502157211,29.4279,211.0992,79.461,271.4113,0.0,False,True,0.0,test
coco:315:19:942,coco,315,2008_001236.jpg,19,train,train,False,1,24,0.11717774718999863,240.2366,179.3969,501.1245,278.2457,0.0,False,True,0.0,test
coco:315:19:942,coco,315,2008_001236.jpg,19,train,train,False,1,25,0.11514583230018616,62.4011,260.7606,199.9512,377.1132,0.0,False,True,0.0,test
coco:315:19:942,coco,315,2008_001236.jpg,19,train,train,False,1,26,0.11486747115850449,30.6142,110.7771,72.1085,145.6999,0.0,False,True,0.0,test
coco:315:19:942,coco,315,2008_001236.jpg,19,train,train,False,1,27,0.10981900244951248,275.3627,114.0896,502.1163,171.6662,0.0,False,True,0.0,test
coco:315:19:942,coco,315,2008_001236.jpg,19,train,train,False,1,28,0.10883157700300217,384.8125,45.6161,467.6035,61.4362,0.0,False,True,0.0,test
coco:315:19:942,coco,315,2008_001236.jpg,19,train,train,False,1,29,0.10839875787496567,88.5144,79.7417,247.9631,114.1653,0.0,False,True,0.0,test
coco:315:19:942,coco,315,2008_001236.jpg,19,train,train,False,1,30,0.10667984187602997,254.9148,47.3124,371.9929,67.4348,0.0,False,True,0.0,test
coco:315:19:942,coco,315,2008_001236.jpg,19,train,train,False,1,31,0.10589595139026642,244.4428,70.664,479.0519,97.3208,0.06838200986385345,False,True,0.0,test
coco:315:19:942,coco,315,2008_001236.jpg,19,train,train,False,1,32,0.10564181208610535,60.0988,116.8658,497.2174,308.0058,0.0,False,True,0.0,test
coco:315:19:942,coco,315,2008_001236.jpg,19,train,train,False,1,33,0.10496147722005844,53.0066,106.8979,67.7963,114.5274,0.0,False,True,0.0,test
coco:315:19:942,coco,315,2008_001236.jpg,19,train,train,False,1,34,0.10377487540245056,204.499,63.3159,229.674,74.5498,0.0,False,True,0.0,test
coco:315:19:942,coco,315,2008_001236.jpg,19,train,train,False,1,35,0.10336852818727493,54.2376,107.5718,68.7682,128.0127,0.0,False,True,0.0,test
coco:315:19:942,coco,315,2008_001236.jpg,19,train,train,False,1,36,0.10326466709375381,161.1865,54.4724,178.6734,64.1186,0.0,False,True,0.0,test
coco:315:19:942,coco,315,2008_001236.jpg,19,train,train,False,1,37,0.10310936719179153,79.1677,69.7401,486.9162,114.4671,0.06431849300861359,False,True,0.0,test
coco:315:19:942,coco,315,2008_001236.jpg,19,train,train,False,1,38,0.10302309691905975,0.2536,162.7785,18.779,188.8569,0.0,False,True,0.0,test
coco:315:19:942,coco,315,2008_001236.jpg,19,train,train,False,1,39,0.1029433161020279,20.3838,54.554,492.5258,78.1228,0.0,False,True,0.0,test
coco:315:19:942,coco,315,2008_001236.jpg,19,train,train,False,1,40,0.10269248485565186,31.4167,61.3213,487.1345,83.9445,0.0,False,True,0.0,test
coco:315:19:942,coco,315,2008_001236.jpg,19,train,train,False,1,41,0.10178658366203308,243.5233,66.3031,487.3415,116.8367,0.09520325064659119,False,True,0.0,test
coco:315:19:942,coco,315,2008_001236.jpg,19,train,train,False,1,42,0.10092560201883316,422.4639,131.9503,501.4501,165.9172,0.0,False,True,0.0,test
coco:315:19:942,coco,315,2008_001236.jpg,19,train,train,False,1,43,0.09971842914819717,96.8987,61.1133,227.8953,75.6829,0.0,False,True,0.0,test
coco:315:19:942,coco,315,2008_001236.jpg,19,train,train,False,1,44,0.09700889885425568,168.1538,196.1424,195.157,208.5985,0.0,False,True,0.0,test
coco:315:19:942,coco,315,2008_001236.jpg,19,train,train,False,1,45,0.09633045643568039,381.9575,214.0213,414.3176,229.6961,0.0,False,True,0.0,test
coco:315:19:942,coco,315,2008_001236.jpg,19,train,train,False,1,46,0.09627941250801086,30.8232,115.6338,361.2225,375.7898,0.0,False,True,0.0,test
coco:315:19:942,coco,315,2008_001236.jpg,19,train,train,False,1,47,0.09452525526285172,-0.4947,5.1511,492.1215,371.3201,0.006502909120172262,False,True,0.0,test
coco:315:19:942,coco,315,2008_001236.jpg,19,train,train,False,1,48,0.09334084391593933,17.0456,40.5077,490.9322,74.7953,0.0,False,True,0.0,test
coco:315:19:942,coco,315,2008_001236.jpg,19,train,train,False,1,49,0.09326418489217758,-0.1675,154.5478,36.2216,376.5624,0.0,False,True,0.0,test
coco:315:19:942,coco,315,2008_001236.jpg,19,train,train,False,1,50,0.09310365468263626,71.233,172.1765,96.5325,184.5238,0.0,False,True,0.0,test
coco:315:19:942,coco,315,2008_001236.jpg,19,train,train,False,1,51,0.09280417859554291,254.1972,114.8142,499.4185,203.123,0.0,False,True,0.0,test
coco:315:19:942,coco,315,2008_001236.jpg,19,train,train,False,1,52,0.0914033055305481,211.5168,74.6885,216.4129,80.9357,0.0,False,True,0.0,test
coco:315:19:942,coco,315,2008_001236.jpg,19,train,train,False,1,53,0.09118800610303879,241.4946,120.8535,290.4694,162.7112,0.0,False,True,0.0,test
coco:315:19:942,coco,315,2008_001236.jpg,19,train,train,False,1,54,0.09058258682489395,72.4778,165.3528,130.7521,187.5786,0.0,False,True,0.0,test
coco:315:19:942,coco,315,2008_001236.jpg,19,train,train,False,1,55,0.08845698088407516,206.3581,170.7907,498.8911,301.4048,0.0,False,True,0.0,test
coco:315:19:942,coco,315,2008_001236.jpg,19,train,train,False,1,56,0.0881236121058464,243.3902,100.8961,251.1369,107.8182,0.0,False,True,0.0,test
coco:315:19:942,coco,315,2008_001236.jpg,19,train,train,False,1,57,0.08744397759437561,379.2564,103.9036,438.7301,118.4727,0.0,False,True,0.0,test
coco:315:19:942,coco,315,2008_001236.jpg,19,train,train,False,1,58,0.08720462024211884,294.7727,61.8507,310.4127,67.9257,0.0,False,True,0.0,test
coco:315:19:942,coco,315,2008_001236.jpg,19,train,train,False,1,59,0.08677446842193604,465.4012,66.8942,497.5898,130.2021,0.0,False,True,0.0,test
coco:315:19:942,coco,315,2008_001236.jpg,19,train,train,False,1,60,0.08618471026420593,390.7117,13.1167,408.7309,30.2338,0.0,False,True,0.0,test
coco:315:19:942,coco,315,2008_001236.jpg,19,train,train,False,1,61,0.0831797793507576,352.978,116.567,367.3802,129.2461,0.0,False,True,0.0,test
coco:315:19:942,coco,315,2008_001236.jpg,19,train,train,False,1,62,0.0828806459903717,48.3176,117.7784,236.6648,247.5454,0.0,False,True,0.0,test
coco:315:19:942,coco,315,2008_001236.jpg,19,train,train,False,1,63,0.08264472335577011,0.0773,152.8065,6.2061,164.7209,0.0,False,True,0.0,test
coco:315:19:942,coco,315,2008_001236.jpg,19,train,train,False,1,64,0.08190751820802689,261.553,62.2417,291.8367,77.0105,0.0,False,True,0.0,test
coco:315:19:942,coco,315,2008_001236.jpg,19,train,train,False,1,65,0.08102729171514511,111.13,170.2262,133.4431,184.1245,0.0,False,True,0.0,test
coco:315:19:942,coco,315,2008_001236.jpg,19,train,train,False,1,66,0.08000439405441284,262.4821,96.5272,444.6152,115.6422,0.17337070405483246,False,True,0.0,test
coco:315:19:942,coco,315,2008_001236.jpg,19,train,train,False,1,67,0.07950079441070557,91.2853,81.9298,167.0156,113.5958,0.0,False,True,0.0,test
coco:315:19:942,coco,315,2008_001236.jpg,19,train,train,False,1,68,0.07931433618068695,35.5716,303.7383,87.4752,375.2485,0.0,False,True,0.0,test
coco:315:19:942,coco,315,2008_001236.jpg,19,train,train,False,1,69,0.0774136334657669,32.8167,61.4164,193.2206,80.0399,0.0,False,True,0.0,test
coco:315:19:942,coco,315,2008_001236.jpg,19,train,train,False,1,70,0.07719570398330688,306.2639,49.0109,373.395,66.2933,0.0,False,True,0.0,test
coco:315:19:942,coco,315,2008_001236.jpg,19,train,train,False,1,71,0.07576895505189896,71.3297,173.7202,92.928,183.4232,0.0,False,True,0.0,test
coco:315:19:942,coco,315,2008_001236.jpg,19,train,train,False,1,72,0.07501686364412308,0.038,168.7114,15.3303,246.755,0.0,False,True,0.0,test
coco:315:19:942,coco,315,2008_001236.jpg,19,train,train,False,1,73,0.07371010631322861,382.545,46.6187,408.3204,60.2567,0.0,False,True,0.0,test
coco:315:19:942,coco,315,2008_001236.jpg,19,train,train,False,1,74,0.07368878275156021,125.1347,45.7545,146.7103,59.4673,0.0,False,True,0.0,test
coco:315:19:942,coco,315,2008_001236.jpg,19,train,train,False,1,75,0.07350350171327591,18.1677,119.0908,87.9618,182.9563,0.0,False,True,0.0,test
coco:315:19:942,coco,315,2008_001236.jpg,19,train,train,False,1,76,0.07214663922786713,395.3868,217.8153,499.9107,251.4288,0.0,False,True,0.0,test
coco:315:19:942,coco,315,2008_001236.jpg,19,train,train,False,1,77,0.0715569257736206,252.8418,99.9827,300.2006,113.2482,0.33690571784973145,False,True,0.0,test
coco:315:19:942,coco,315,2008_001236.jpg,19,train,train,False,1,78,0.07106367498636246,185.9062,74.2712,190.6681,82.0462,0.0,False,True,0.0,test
coco:315:19:942,coco,315,2008_001236.jpg,19,train,train,False,1,79,0.07080812007188797,212.3015,264.3145,253.7051,282.5874,0.0,False,True,0.0,test
coco:315:19:942,coco,315,2008_001236.jpg,19,train,train,False,1,80,0.07023295015096664,0.0932,210.9361,30.2569,375.8248,0.0,False,True,0.0,test
coco:315:19:942,coco,315,2008_001236.jpg,19,train,train,False,1,81,0.06987179070711136,169.1893,111.3823,178.3637,123.784,0.0,False,True,0.0,test
coco:315:19:942,coco,315,2008_001236.jpg,19,train,train,False,1,82,0.06971625983715057,144.2444,53.6121,151.2386,62.1344,0.0,False,True,0.0,test
coco:315:19:942,coco,315,2008_001236.jpg,19,train,train,False,1,83,0.069216787815094,207.1531,115.9661,216.8495,142.0125,0.0,False,True,0.0,test
coco:315:19:942,coco,315,2008_001236.jpg,19,train,train,False,1,84,0.06890953332185745,27.8236,173.7336,41.332,181.0211,0.0,False,True,0.0,test
coco:315:19:942,coco,315,2008_001236.jpg,19,train,train,False,1,85,0.06712264567613602,18.2101,113.8457,124.9735,191.5107,0.0,False,True,0.0,test
coco:315:19:942,coco,315,2008_001236.jpg,19,train,train,False,1,86,0.06691540032625198,232.6537,168.7595,497.528,240.4598,0.0,False,True,0.0,test
coco:315:19:942,coco,315,2008_001236.jpg,19,train,train,False,1,87,0.06676487624645233,0.6926,74.9132,86.4403,119.8115,0.0,False,True,0.0,test
coco:315:19:942,coco,315,2008_001236.jpg,19,train,train,False,1,88,0.06676214188337326,0.4018,95.4421,28.9966,115.2274,0.0,False,True,0.0,test
coco:315:19:942,coco,315,2008_001236.jpg,19,train,train,False,1,89,0.0666663646697998,50.1725,58.5923,60.3491,74.9501,0.0,False,True,0.0,test
coco:315:19:942,coco,315,2008_001236.jpg,19,train,train,False,1,90,0.06604357063770294,84.8163,78.3464,89.6821,83.8911,0.0,False,True,0.0,test
coco:315:19:942,coco,315,2008_001236.jpg,19,train,train,False,1,91,0.06556927412748337,98.3133,147.0276,107.5107,157.0215,0.0,False,True,0.0,test
coco:315:19:942,coco,315,2008_001236.jpg,19,train,train,False,1,92,0.06497280299663544,264.2395,185.762,408.2351,226.2585,0.0,False,True,0.0,test
coco:315:19:942,coco,315,2008_001236.jpg,19,train,train,False,1,93,0.06490469723939896,111.775,121.1997,270.4774,238.0187,0.0,False,True,0.0,test
coco:315:19:942,coco,315,2008_001236.jpg,19,train,train,False,1,94,0.06481284648180008,207.147,114.4039,251.6261,141.571,0.0,False,True,0.0,test
coco:315:19:942,coco,315,2008_001236.jpg,19,train,train,False,1,95,0.06460553407669067,68.7922,138.9241,110.4915,180.0432,0.0,False,True,0.0,test
coco:315:19:942,coco,315,2008_001236.jpg,19,train,train,False,1,96,0.06448853760957718,186.5064,111.9501,497.8847,304.9784,0.0,False,True,0.0,test
coco:315:19:942,coco,315,2008_001236.jpg,19,train,train,False,1,97,0.06437873095273972,35.3563,192.5438,495.3636,375.6445,0.0,False,True,0.0,test
coco:315:19:942,coco,315,2008_001236.jpg,19,train,train,False,1,98,0.06416632980108261,206.2858,57.6056,284.803,71.2282,0.0,False,True,0.0,test
coco:315:19:942,coco,315,2008_001236.jpg,19,train,train,False,1,99,0.06408239901065826,242.6563,124.3004,253.1958,135.6831,0.0,False,True,0.0,test
coco:315:19:942,coco,315,2008_001236.jpg,19,train,train,False,1,100,0.06382585316896439,121.2112,164.2956,156.4613,185.3759,0.0,False,True,0.0,test
coco:315:19:942,coco,315,2008_001236.jpg,19,train,train,False,1,101,0.06367485225200653,89.8755,24.1953,138.5105,41.9881,0.0,False,True,0.0,test
coco:315:19:942,coco,315,2008_001236.jpg,19,train,train,False,1,102,0.06325272470712662,215.3783,264.762,237.8619,281.2776,0.0,False,True,0.0,test
coco:315:19:942,coco,315,2008_001236.jpg,19,train,train,False,1,103,0.06318919360637665,227.2336,134.9707,239.9524,144.0446,0.0,False,True,0.0,test
coco:315:19:942,coco,315,2008_001236.jpg,19,train,train,False,1,104,0.06288538128137589,429.3137,125.3933,448.9795,138.1115,0.0,False,True,0.0,test
coco:315:19:942,coco,315,2008_001236.jpg,19,train,train,False,1,105,0.0626278892159462,432.3364,137.785,502.0694,157.8069,0.0,False,True,0.0,test
coco:315:19:942,coco,315,2008_001236.jpg,19,train,train,False,1,106,0.06233613193035126,396.1441,216.8474,438.2565,236.7695,0.0,False,True,0.0,test
coco:315:19:942,coco,315,2008_001236.jpg,19,train,train,False,1,107,0.06199412792921066,139.9703,119.9196,245.7223,179.207,0.0,False,True,0.0,test
coco:315:19:942,coco,315,2008_001236.jpg,19,train,train,False,1,108,0.06183876842260361,427.9319,125.4748,488.7469,148.0256,0.0,False,True,0.0,test
coco:315:19:942,coco,315,2008_001236.jpg,19,train,train,False,1,109,0.06174694374203682,-0.0153,152.0141,6.7265,170.9929,0.0,False,True,0.0,test
coco:315:19:942,coco,315,2008_001236.jpg,19,train,train,False,1,110,0.061565835028886795,271.2652,61.5957,279.4915,71.2219,0.0,False,True,0.0,test
coco:315:19:942,coco,315,2008_001236.jpg,19,train,train,False,1,111,0.06112624704837799,100.0896,75.3783,164.1046,87.0427,0.0,False,True,0.0,test
coco:315:19:942,coco,315,2008_001236.jpg,19,train,train,False,1,112,0.06042829900979996,271.0562,138.7348,500.7244,202.8715,0.0,False,True,0.0,test
coco:315:19:942,coco,315,2008_001236.jpg,19,train,train,False,1,113,0.060256477445364,105.9969,153.4091,118.2536,186.6031,0.0,False,True,0.0,test
coco:315:19:942,coco,315,2008_001236.jpg,19,train,train,False,1,114,0.0602380745112896,111.9398,111.2654,118.7505,120.018,0.0,False,True,0.0,test
coco:315:19:942,coco,315,2008_001236.jpg,19,train,train,False,1,115,0.06016811728477478,308.0858,100.407,367.1722,114.9589,0.010075457394123077,False,True,0.0,test
coco:315:19:942,coco,315,2008_001236.jpg,19,train,train,False,1,116,0.05937057361006737,48.3203,209.2963,71.3972,218.468,0.0,False,True,0.0,test
coco:315:19:942,coco,315,2008_001236.jpg,19,train,train,False,1,117,0.05916808545589447,96.4658,57.2788,383.2342,73.2042,0.0,False,True,0.0,test
coco:315:19:942,coco,315,2008_001236.jpg,19,train,train,False,1,118,0.05877954885363579,383.8745,1.1013,498.5138,43.4206,0.0,False,True,0.0,test
coco:315:19:942,coco,315,2008_001236.jpg,19,train,train,False,1,119,0.058705806732177734,211.1299,72.1392,240.2886,82.4013,0.0,False,True,0.0,test
coco:315:19:942,coco,315,2008_001236.jpg,19,train,train,False,1,120,0.058570560067892075,46.3474,200.1805,164.5308,268.7243,0.0,False,True,0.0,test
coco:315:19:942,coco,315,2008_001236.jpg,19,train,train,False,1,121,0.058254919946193695,405.6398,105.4134,428.3358,115.6067,0.0,False,True,0.0,test
coco:315:19:942,coco,315,2008_001236.jpg,19,train,train,False,1,122,0.058110255748033524,43.5132,117.9602,130.8387,224.858,0.0,False,True,0.0,test
coco:315:19:942,coco,315,2008_001236.jpg,19,train,train,False,1,123,0.057966265827417374,308.2078,113.0128,407.137,139.444,0.0,False,True,0.0,test
coco:315:19:942,coco,315,2008_001236.jpg,19,train,train,False,1,124,0.0578664131462574,96.9279,67.8216,103.7136,76.6367,0.0,False,True,0.0,test
coco:315:19:942,coco,315,2008_001236.jpg,19,train,train,False,1,125,0.05729720741510391,113.4592,122.9476,186.3862,178.7324,0.0,False,True,0.0,test
coco:315:19:942,coco,315,2008_001236.jpg,19,train,train,False,1,126,0.05706023797392845,428.3823,164.5767,500.9161,197.3313,0.0,False,True,0.0,test
coco:315:19:942,coco,315,2008_001236.jpg,19,train,train,False,1,127,0.05699469521641731,291.6508,235.6887,499.8437,301.7098,0.0,False,True,0.0,test
coco:315:19:942,coco,315,2008_001236.jpg,19,train,train,False,1,128,0.05680856853723526,227.8812,62.574,236.3419,71.9147,0.0,False,True,0.0,test
coco:315:19:942,coco,315,2008_001236.jpg,19,train,train,False,1,129,0.0562644861638546,119.2939,110.4829,144.1381,121.706,0.0,False,True,0.0,test
coco:315:19:942,coco,315,2008_001236.jpg,19,train,train,False,1,130,0.05587803199887276,430.483,105.3279,469.0164,124.1202,0.0,False,True,0.0,test
coco:315:19:942,coco,315,2008_001236.jpg,19,train,train,False,1,131,0.05573418736457825,214.6477,168.2561,323.5969,198.4845,0.0,False,True,0.0,test
coco:315:19:942,coco,315,2008_001236.jpg,19,train,train,False,1,132,0.05558802932500839,241.0839,123.6654,253.9492,161.1547,0.0,False,True,0.0,test
coco:315:19:942,coco,315,2008_001236.jpg,19,train,train,False,1,133,0.05534574016928673,147.4551,120.889,223.4966,168.1171,0.0,False,True,0.0,test
coco:315:19:942,coco,315,2008_001236.jpg,19,train,train,False,1,134,0.05495646595954895,390.4909,216.3542,409.8683,228.5993,0.0,False,True,0.0,test
coco:315:19:942,coco,315,2008_001236.jpg,19,train,train,False,1,135,0.054888371378183365,122.4067,182.3699,139.1311,211.9713,0.0,False,True,0.0,test
coco:315:19:942,coco,315,2008_001236.jpg,19,train,train,False,1,136,0.05470612272620201,0.1072,184.1351,13.1037,208.4309,0.0,False,True,0.0,test
coco:315:19:942,coco,315,2008_001236.jpg,19,train,train,False,1,137,0.054536350071430206,348.888,72.2219,353.7256,78.0588,0.0,False,True,0.0,test
coco:315:19:942,coco,315,2008_001236.jpg,19,train,train,False,1,138,0.054394520819187164,55.7147,214.2477,106.15,225.4379,0.0,False,True,0.0,test
coco:315:19:942,coco,315,2008_001236.jpg,19,train,train,False,1,139,0.05415913462638855,56.527,50.2089,83.2274,63.7267,0.0,False,True,0.0,test
coco:315:19:942,coco,315,2008_001236.jpg,19,train,train,False,1,140,0.054108876734972,315.0903,285.9178,497.7061,372.3154,0.0,False,True,0.0,test
coco:315:19:942,coco,315,2008_001236.jpg,19,train,train,False,1,141,0.05392571911215782,78.0506,12.9584,124.9754,19.2692,0.0,False,True,0.0,test
coco:315:19:942,coco,315,2008_001236.jpg,19,train,train,False,1,142,0.05361868068575859,424.1785,45.3306,443.7587,52.6418,0.0,False,True,0.0,test
coco:315:19:942,coco,315,2008_001236.jpg,19,train,train,False,1,143,0.053588613867759705,147.0154,201.0457,216.1984,234.5377,0.0,False,True,0.0,test
coco:315:19:942,coco,315,2008_001236.jpg,19,train,train,False,1,144,0.053130269050598145,272.275,133.9119,379.7842,167.6243,0.0,False,True,0.0,test
coco:315:19:942,coco,315,2008_001236.jpg,19,train,train,False,1,145,0.053102757781744,108.1166,102.2277,118.7566,111.668,0.0,False,True,0.0,test
coco:315:19:942,coco,315,2008_001236.jpg,19,train,train,False,1,146,0.05291606858372688,30.2308,51.9024,99.3666,78.2981,0.0,False,True,0.0,test
coco:315:19:942,coco,315,2008_001236.jpg,19,train,train,False,1,147,0.052757006138563156,369.0611,88.1443,384.377,105.6099,0.0,False,True,0.0,test
coco:315:19:942,coco,315,2008_001236.jpg,19,train,train,False,1,148,0.052642691880464554,110.6656,78.0044,115.3355,84.4944,0.0,False,True,0.0,test
coco:315:19:942,coco,315,2008_001236.jpg,19,train,train,False,1,149,0.05260597541928291,353.7184,125.5788,505.1598,162.461,0.0,False,True,0.0,test
coco:315:19:942,coco,315,2008_001236.jpg,19,train,train,False,1,150,0.05254525691270828,23.078,193.7566,33.9514,231.2276,0.0,False,True,0.0,test
coco:315:19:942,coco,315,2008_001236.jpg,19,train,train,False,1,151,0.0516141876578331,149.5612,120.9746,202.7963,157.0244,0.0,False,True,0.0,test
coco:315:19:942,coco,315,2008_001236.jpg,19,train,train,False,1,152,0.05137423425912857,269.426,125.6767,420.076,169.8446,0.0,False,True,0.0,test
coco:315:19:942,coco,315,2008_001236.jpg,19,train,train,False,1,153,0.05100461468100548,430.7287,217.0434,453.5434,226.82,0.0,False,True,0.0,test
coco:315:19:942,coco,315,2008_001236.jpg,19,train,train,False,1,154,0.05092817544937134,188.2207,265.8723,333.8064,286.804,0.0,False,True,0.0,test
coco:315:19:942,coco,315,2008_001236.jpg,19,train,train,False,1,155,0.05047859996557236,272.6263,127.7156,376.9498,160.1785,0.0,False,True,0.0,test
coco:315:19:942,coco,315,2008_001236.jpg,19,train,train,False,1,156,0.05034617334604263,121.2615,102.665,137.4963,108.5515,0.0,False,True,0.0,test
coco:315:19:942,coco,315,2008_001236.jpg,19,train,train,False,1,157,0.050341859459877014,86.7084,112.9783,138.8112,159.9846,0.0,False,True,0.0,test
coco:315:19:942,coco,315,2008_001236.jpg,19,train,train,False,1,158,0.05027616396546364,87.9092,71.391,114.863,84.3762,0.0,False,True,0.0,test
coco:315:19:942,coco,315,2008_001236.jpg,19,train,train,False,1,159,0.05016765743494034,132.3752,154.4815,223.0378,185.1403,0.0,False,True,0.0,test
coco:315:19:942,coco,315,2008_001236.jpg,19,train,train,False,1,160,0.05006185173988342,261.9464,52.352,291.4458,60.5234,0.0,False,True,0.0,test
coco:316:15:945,coco,316,2008_001241.jpg,15,person,person,False,1,0,0.3779667615890503,179.4687,78.1652,377.7019,333.0909,0.9755203723907471,True,False,9.972762645914397,test
coco:318:15:951,coco,318,2008_001249.jpg,15,person,person,False,1,0,0.36677873134613037,169.429,127.3143,333.7042,479.0105,0.966362476348877,True,False,9.972762645914397,test
coco:318:15:951,coco,318,2008_001249.jpg,15,person,person,False,1,1,0.1817212551832199,0.1357,141.9695,12.9231,217.4111,0.0,False,True,0.0,test
coco:320:15:957,coco,320,2008_001257.jpg,15,person,person,False,1,0,0.14252442121505737,75.4847,51.071,258.1323,491.7493,0.8018914461135864,True,False,0.0,test
coco:322:7:963,coco,322,2008_001262.jpg,7,car,car,False,2,0,0.23995308578014374,103.4663,36.7799,287.1737,148.7187,0.9258416295051575,True,False,9.972762645914397,test
coco:322:7:963,coco,322,2008_001262.jpg,7,car,car,False,2,1,0.21071463823318481,42.0228,94.936,475.9182,361.9074,0.9724407196044922,True,False,0.0,test
coco:322:7:963,coco,322,2008_001262.jpg,7,car,car,False,2,2,0.11674269288778305,51.4152,105.1966,72.9607,119.3829,0.002625326393172145,False,True,0.0,test
coco:322:7:963,coco,322,2008_001262.jpg,7,car,car,False,2,3,0.10778532922267914,1.8579,108.0416,8.426,112.9558,0.0,False,True,0.0,test
coco:322:7:963,coco,322,2008_001262.jpg,7,car,car,False,2,4,0.09902147203683853,0.1517,106.6112,9.3292,118.9861,0.0,False,True,0.0,test
coco:322:7:963,coco,322,2008_001262.jpg,7,car,car,False,2,5,0.06847617775201797,96.0163,115.5853,100.0351,119.656,0.00014051352627575397,False,True,0.0,test
coco:322:7:963,coco,322,2008_001262.jpg,7,car,car,False,2,6,0.0657639130949974,50.1853,110.9388,55.1525,116.0202,0.00021679936617147177,False,True,0.0,test
coco:322:7:963,coco,322,2008_001262.jpg,7,car,car,False,2,7,0.06281694024801254,57.0769,106.8819,63.2586,119.9849,0.0006957160658203065,False,True,0.0,test
coco:322:7:963,coco,322,2008_001262.jpg,7,car,car,False,2,8,0.06165686622262001,395.8894,109.9932,420.2973,125.2327,0.00319491233676672,False,True,0.0,test
coco:322:7:963,coco,322,2008_001262.jpg,7,car,car,False,2,9,0.06047778204083443,66.2709,113.1176,73.5993,121.4099,0.0005219662562012672,False,True,0.0,test
coco:322:7:963,coco,322,2008_001262.jpg,7,car,car,False,2,10,0.058647021651268005,396.9213,104.3169,496.1535,126.0209,0.015063891187310219,False,True,0.0,test
coco:322:7:963,coco,322,2008_001262.jpg,7,car,car,False,2,11,0.056373290717601776,31.6668,106.2662,56.5468,119.8093,0.0022723765578120947,False,True,0.0,test
coco:322:7:963,coco,322,2008_001262.jpg,7,car,car,False,2,12,0.05229447782039642,469.6561,101.6856,497.8794,119.2782,0.0012570592807605863,False,True,0.0,test
coco:322:7:963,coco,322,2008_001262.jpg,7,car,car,False,2,13,0.05218981206417084,55.5477,106.3188,62.1615,112.3013,0.0003398550325073302,False,True,0.0,test
coco:325:15:972,coco,325,2008_001275.jpg,15,person,person,False,3,0,0.25988367199897766,77.9347,28.8452,444.3785,376.102,0.6998865008354187,True,False,9.972762645914397,test
coco:325:15:972,coco,325,2008_001275.jpg,15,person,person,False,3,1,0.17593850195407867,185.9071,127.6981,441.9369,374.8255,0.8525116443634033,True,False,0.0,test
coco:325:15:972,coco,325,2008_001275.jpg,15,person,person,False,3,2,0.17448778450489044,-0.0354,141.4585,94.2531,373.7063,0.03727606683969498,False,True,0.0,test
coco:325:15:972,coco,325,2008_001275.jpg,15,person,person,False,3,3,0.13126806914806366,360.2594,1.5298,500.5922,374.1414,0.9695790410041809,True,False,0.0,test
coco:325:15:972,coco,325,2008_001275.jpg,15,person,person,False,3,4,0.1273035854101181,79.2833,30.304,308.0308,376.0271,0.864861786365509,True,False,0.0,test
coco:325:4:974,coco,325,2008_001275.jpg,4,boat,boat,True,0,0,0.3986368179321289,109.3177,104.0262,123.6774,108.8855,0.0,False,True,9.972762645914397,test
coco:325:4:974,coco,325,2008_001275.jpg,4,boat,boat,True,0,1,0.2737434506416321,7.2387,236.8396,473.0702,373.8919,0.0,False,True,9.972762645914397,test
coco:325:4:974,coco,325,2008_001275.jpg,4,boat,boat,True,0,2,0.21516405045986176,288.8296,90.0981,313.8467,95.7032,0.0,False,True,0.0,test
coco:325:4:974,coco,325,2008_001275.jpg,4,boat,boat,True,0,3,0.19296394288539886,0.8307,105.2405,37.5653,116.2775,0.0,False,True,0.0,test
coco:325:4:974,coco,325,2008_001275.jpg,4,boat,boat,True,0,4,0.17302367091178894,34.2433,107.1296,55.3724,113.386,0.0,False,True,0.0,test
coco:325:4:974,coco,325,2008_001275.jpg,4,boat,boat,True,0,5,0.16850313544273376,397.9957,82.8043,411.9919,88.1971,0.0,False,True,0.0,test
coco:325:4:974,coco,325,2008_001275.jpg,4,boat,boat,True,0,6,0.16079841554164886,62.4559,106.1729,73.3359,111.0196,0.0,False,True,0.0,test
coco:325:4:974,coco,325,2008_001275.jpg,4,boat,boat,True,0,7,0.14739757776260376,81.2436,104.6903,97.5301,110.1985,0.0,False,True,0.0,test
coco:325:4:974,coco,325,2008_001275.jpg,4,boat,boat,True,0,8,0.14514973759651184,24.3405,236.0575,450.7265,311.4582,0.0,False,True,0.0,test
coco:325:4:974,coco,325,2008_001275.jpg,4,boat,boat,True,0,9,0.14118480682373047,80.9567,102.6555,103.5004,109.7642,0.0,False,True,0.0,test
coco:325:4:974,coco,325,2008_001275.jpg,4,boat,boat,True,0,10,0.12404079735279083,320.1626,88.3673,334.0631,93.4518,0.0,False,True,0.0,test
coco:325:4:974,coco,325,2008_001275.jpg,4,boat,boat,True,0,11,0.12011031061410904,105.2666,104.4545,114.3351,108.499,0.0,False,True,0.0,test
coco:325:4:974,coco,325,2008_001275.jpg,4,boat,boat,True,0,12,0.11898895353078842,331.5706,239.9498,442.7964,278.403,0.0,False,True,0.0,test
coco:325:4:974,coco,325,2008_001275.jpg,4,boat,boat,True,0,13,0.11757379025220871,39.6255,250.3344,92.7078,295.1257,0.0,False,True,0.0,test
coco:325:4:974,coco,325,2008_001275.jpg,4,boat,boat,True,0,14,0.11673111468553543,1.9878,248.1456,94.0954,295.1862,0.0,False,True,0.0,test
coco:325:4:974,coco,325,2008_001275.jpg,4,boat,boat,True,0,15,0.11608527600765228,355.4795,85.9733,368.1269,91.3292,0.0,False,True,0.0,test
coco:325:4:974,coco,325,2008_001275.jpg,4,boat,boat,True,0,16,0.11222439259290695,283.2479,82.8671,404.0391,96.2864,0.0,False,True,0.0,test
coco:325:4:974,coco,325,2008_001275.jpg,4,boat,boat,True,0,17,0.10933516174554825,61.2819,295.5748,84.0498,319.993,0.0,False,True,0.0,test
coco:325:4:974,coco,325,2008_001275.jpg,4,boat,boat,True,0,18,0.1045263260602951,1.289,250.4093,94.8852,368.7915,0.0,False,True,0.0,test
coco:325:4:974,coco,325,2008_001275.jpg,4,boat,boat,True,0,19,0.10404489189386368,101.5084,100.3335,143.7946,108.785,0.0,False,True,0.0,test
coco:325:4:974,coco,325,2008_001275.jpg,4,boat,boat,True,0,20,0.10396271198987961,83.2895,104.2322,96.9032,109.412,0.0,False,True,0.0,test
coco:325:4:974,coco,325,2008_001275.jpg,4,boat,boat,True,0,21,0.10336415469646454,137.9406,98.136,145.8515,104.3623,0.0,False,True,0.0,test
coco:325:4:974,coco,325,2008_001275.jpg,4,boat,boat,True,0,22,0.10173459351062775,-1.2893,87.1629,467.7058,373.335,0.0,False,True,0.0,test
coco:325:4:974,coco,325,2008_001275.jpg,4,boat,boat,True,0,23,0.10146398842334747,308.2316,88.0292,319.8288,92.8641,0.0,False,True,0.0,test
coco:325:4:974,coco,325,2008_001275.jpg,4,boat,boat,True,0,24,0.10128481686115265,108.9833,104.2587,118.8584,108.937,0.0,False,True,0.0,test
coco:325:4:974,coco,325,2008_001275.jpg,4,boat,boat,True,0,25,0.1011759415268898,92.0973,104.0238,107.2835,109.6953,0.0,False,True,0.0,test
coco:325:4:974,coco,325,2008_001275.jpg,4,boat,boat,True,0,26,0.09837885946035385,85.3637,104.9077,101.2221,110.0056,0.0,False,True,0.0,test
coco:325:4:974,coco,325,2008_001275.jpg,4,boat,boat,True,0,27,0.09699598699808121,52.8502,106.1797,68.497,111.0548,0.0,False,True,0.0,test
coco:325:4:974,coco,325,2008_001275.jpg,4,boat,boat,True,0,28,0.09442600607872009,-1.547,99.4507,140.8059,118.0621,0.0,False,True,0.0,test
coco:325:4:974,coco,325,2008_001275.jpg,4,boat,boat,True,0,29,0.09441200643777847,132.3699,101.5236,143.3159,106.6031,0.0,False,True,0.0,test
coco:325:4:974,coco,325,2008_001275.jpg,4,boat,boat,True,0,30,0.09295935183763504,334.4522,86.024,348.2736,92.0754,0.0,False,True,0.0,test
coco:325:4:974,coco,325,2008_001275.jpg,4,boat,boat,True,0,31,0.0928485095500946,20.5706,105.9973,35.2272,112.732,0.0,False,True,0.0,test
coco:325:4:974,coco,325,2008_001275.jpg,4,boat,boat,True,0,32,0.09283428639173508,290.2231,91.016,305.9078,95.5931,0.0,False,True,0.0,test
coco:325:4:974,coco,325,2008_001275.jpg,4,boat,boat,True,0,33,0.0927877202630043,48.8249,106.0262,63.6908,111.4856,0.0,False,True,0.0,test
coco:325:4:974,coco,325,2008_001275.jpg,4,boat,boat,True,0,34,0.09163599461317062,33.1387,106.6891,49.0911,112.4025,0.0,False,True,0.0,test
coco:325:4:974,coco,325,2008_001275.jpg,4,boat,boat,True,0,35,0.09091630578041077,315.254,88.9806,324.4983,93.0301,0.0,False,True,0.0,test
coco:325:4:974,coco,325,2008_001275.jpg,4,boat,boat,True,0,36,0.08987413346767426,388.0482,83.6747,397.9384,88.1889,0.0,False,True,0.0,test
coco:325:4:974,coco,325,2008_001275.jpg,4,boat,boat,True,0,37,0.08761439472436905,315.8557,87.3372,337.9414,93.6835,0.0,False,True,0.0,test
coco:325:4:974,coco,325,2008_001275.jpg,4,boat,boat,True,0,38,0.08708086609840393,346.9994,86.6368,358.2852,91.4357,0.0,False,True,0.0,test
coco:325:4:974,coco,325,2008_001275.jpg,4,boat,boat,True,0,39,0.08131206780672073,346.4995,87.618,356.8375,92.004,0.0,False,True,0.0,test
coco:325:4:974,coco,325,2008_001275.jpg,4,boat,boat,True,0,40,0.0807986781001091,71.3653,105.3178,85.8231,110.3168,0.0,False,True,0.0,test
coco:325:4:974,coco,325,2008_001275.jpg,4,boat,boat,True,0,41,0.07977330684661865,0.6727,107.7516,23.5469,115.1762,0.0,False,True,0.0,test
coco:325:4:974,coco,325,2008_001275.jpg,4,boat,boat,True,0,42,0.0776786357164383,369.1805,85.2198,380.8309,90.1721,0.0,False,True,0.0,test
coco:325:4:974,coco,325,2008_001275.jpg,4,boat,boat,True,0,43,0.07106173783540726,38.6909,105.0119,70.7929,113.0145,0.0,False,True,0.0,test
coco:325:4:974,coco,325,2008_001275.jpg,4,boat,boat,True,0,44,0.06936200708150864,341.8174,86.0651,356.2015,91.6479,0.0,False,True,0.0,test
coco:325:4:974,coco,325,2008_001275.jpg,4,boat,boat,True,0,45,0.06496622413396835,285.9261,88.9564,319.5474,96.3135,0.0,False,True,0.0,test
coco:325:4:974,coco,325,2008_001275.jpg,4,boat,boat,True,0,46,0.06379518657922745,-2.3512,0.5586,408.9082,113.3975,0.0,False,True,0.0,test
coco:325:4:974,coco,325,2008_001275.jpg,4,boat,boat,True,0,47,0.06259037554264069,370.4202,82.4167,406.1844,90.2425,0.0,False,True,0.0,test
coco:325:4:974,coco,325,2008_001275.jpg,4,boat,boat,True,0,48,0.06194574758410454,363.8151,85.9601,371.8446,90.6043,0.0,False,True,0.0,test
coco:325:4:974,coco,325,2008_001275.jpg,4,boat,boat,True,0,49,0.061706479638814926,282.4297,91.0167,294.291,95.3681,0.0,False,True,0.0,test
coco:325:4:974,coco,325,2008_001275.jpg,4,boat,boat,True,0,50,0.06074165925383568,0.5128,109.7892,16.0208,116.8154,0.0,False,True,0.0,test
coco:325:4:974,coco,325,2008_001275.jpg,4,boat,boat,True,0,51,0.060629334300756454,339.7896,87.9406,349.3144,92.3945,0.0,False,True,0.0,test
coco:325:4:974,coco,325,2008_001275.jpg,4,boat,boat,True,0,52,0.056672945618629456,3.1714,280.337,459.0397,376.4114,0.0,False,True,0.0,test
coco:325:4:974,coco,325,2008_001275.jpg,4,boat,boat,True,0,53,0.05632742866873741,356.7481,85.9966,365.5303,90.7394,0.0,False,True,0.0,test
coco:325:4:974,coco,325,2008_001275.jpg,4,boat,boat,True,0,54,0.055134404450654984,16.333,108.1004,37.6056,115.5586,0.0,False,True,0.0,test
coco:325:4:974,coco,325,2008_001275.jpg,4,boat,boat,True,0,55,0.054242584854364395,278.8979,88.0415,309.556,95.5759,0.0,False,True,0.0,test
coco:325:4:974,coco,325,2008_001275.jpg,4,boat,boat,True,0,56,0.05400625616312027,63.268,138.871,121.4302,157.3794,0.0,False,True,0.0,test
coco:327:15:978,coco,327,2008_001284.jpg,15,person,person,False,3,0,0.24428266286849976,22.1604,3.9463,340.5284,451.3496,0.9452507495880127,True,False,9.972762645914397,test
coco:327:15:978,coco,327,2008_001284.jpg,15,person,person,False,3,1,0.19315283000469208,290.366,114.441,499.1354,452.9112,0.9048913717269897,True,False,0.0,test
coco:327:15:978,coco,327,2008_001284.jpg,15,person,person,False,3,2,0.1492500901222229,-0.4462,188.1592,94.5476,451.776,0.9443550705909729,True,False,0.0,test
coco:327:15:978,coco,327,2008_001284.jpg,15,person,person,False,3,3,0.06744460761547089,4.2284,3.9198,494.4694,449.6888,0.6536484956741333,True,False,0.0,test
coco:330:15:987,coco,330,2008_001301.jpg,15,person,person,False,2,0,0.21984975039958954,264.3817,83.8734,475.6433,375.5695,0.9861181974411011,True,False,0.0,test
coco:330:15:987,coco,330,2008_001301.jpg,15,person,person,False,2,1,0.2158798724412918,34.4961,47.8285,259.863,375.277,0.9463188052177429,True,False,0.0,test
coco:331:5:990,coco,331,2008_001304.jpg,5,bottle,bottle,False,18,0,0.35232436656951904,205.7493,248.6089,220.9662,303.8955,0.9131513833999634,True,False,9.972762645914397,test
coco:331:5:990,coco,331,2008_001304.jpg,5,bottle,bottle,False,18,1,0.3514195382595062,15.5923,255.2951,32.8591,309.4692,0.7972752451896667,True,False,9.972762645914397,test
coco:331:5:990,coco,331,2008_001304.jpg,5,bottle,bottle,False,18,2,0.35036709904670715,220.5184,248.4525,235.9057,303.4207,0.8906809091567993,True,False,9.972762645914397,test
coco:331:5:990,coco,331,2008_001304.jpg,5,bottle,bottle,False,18,3,0.3498646020889282,235.2211,248.1845,251.0908,302.4782,0.8461934924125671,True,False,9.972762645914397,test
coco:331:5:990,coco,331,2008_001304.jpg,5,bottle,bottle,False,18,4,0.3491813838481903,190.5043,248.9004,206.2482,304.4164,0.8097888827323914,True,False,9.972762645914397,test
coco:331:5:990,coco,331,2008_001304.jpg,5,bottle,bottle,False,18,5,0.34664374589920044,29.3642,254.8236,47.093,309.3864,0.7646727561950684,True,False,9.972762645914397,test
coco:331:5:990,coco,331,2008_001304.jpg,5,bottle,bottle,False,18,6,0.34536466002464294,161.6625,249.9474,177.403,304.8885,0.8275918364524841,True,False,9.972762645914397,test
coco:331:5:990,coco,331,2008_001304.jpg,5,bottle,bottle,False,18,7,0.3402523398399353,0.4968,254.6772,18.7972,308.8563,0.9361966848373413,True,False,9.972762645914397,test
coco:331:5:990,coco,331,2008_001304.jpg,5,bottle,bottle,False,18,8,0.3378055691719055,88.5617,252.5824,104.7756,306.9664,0.8939819931983948,True,False,9.972762645914397,test
coco:331:5:990,coco,331,2008_001304.jpg,5,bottle,bottle,False,18,9,0.33406537771224976,131.7256,251.3919,148.0506,305.8693,0.848915159702301,True,False,9.972762645914397,test
coco:331:5:990,coco,331,2008_001304.jpg,5,bottle,bottle,False,18,10,0.3338001072406769,116.529,252.201,133.3866,306.4458,0.8522931337356567,True,False,9.972762645914397,test
coco:331:5:990,coco,331,2008_001304.jpg,5,bottle,bottle,False,18,11,0.33267542719841003,57.7244,254.222,75.3226,308.4903,0.9265042543411255,True,False,9.972762645914397,test
coco:331:5:990,coco,331,2008_001304.jpg,5,bottle,bottle,False,18,12,0.3292293846607208,102.9549,252.5053,119.1647,306.7025,0.881787896156311,True,False,9.972762645914397,test
coco:331:5:990,coco,331,2008_001304.jpg,5,bottle,bottle,False,18,13,0.32207316160202026,73.1634,253.5692,89.9339,308.2307,0.8299981355667114,True,False,9.972762645914397,test
coco:331:5:990,coco,331,2008_001304.jpg,5,bottle,bottle,False,18,14,0.314920574426651,146.8138,250.7523,162.3881,305.5865,0.801483690738678,True,False,9.972762645914397,test
coco:331:5:990,coco,331,2008_001304.jpg,5,bottle,bottle,False,18,15,0.2831898033618927,312.4422,55.3854,328.7791,102.3282,0.8324616551399231,True,False,9.972762645914397,test
coco:331:5:990,coco,331,2008_001304.jpg,5,bottle,bottle,False,18,16,0.27296513319015503,147.5178,250.6085,160.4654,285.6347,0.4339748024940491,False,True,9.972762645914397,test
coco:331:5:990,coco,331,2008_001304.jpg,5,bottle,bottle,False,18,17,0.2588271498680115,44.0158,254.5274,59.9587,309.0384,0.7774460911750793,True,False,9.972762645914397,test
coco:331:5:990,coco,331,2008_001304.jpg,5,bottle,bottle,False,18,18,0.20388852059841156,57.308,253.7731,71.307,284.396,0.39451923966407776,False,True,0.0,test
coco:331:5:990,coco,331,2008_001304.jpg,5,bottle,bottle,False,18,19,0.19732901453971863,177.5014,246.769,192.8887,303.4816,0.835884690284729,True,False,0.0,test
coco:331:5:990,coco,331,2008_001304.jpg,5,bottle,bottle,False,18,20,0.18085305392742157,88.583,252.7721,102.4067,289.9159,0.5233203768730164,True,False,0.0,test
coco:331:5:990,coco,331,2008_001304.jpg,5,bottle,bottle,False,18,21,0.17349736392498016,162.8079,250.0544,175.2937,281.6194,0.4054667055606842,False,True,0.0,test
coco:331:5:990,coco,331,2008_001304.jpg,5,bottle,bottle,False,18,22,0.1696125566959381,177.8846,249.524,189.9749,278.3636,0.3600533604621887,False,True,0.0,test
coco:331:5:990,coco,331,2008_001304.jpg,5,bottle,bottle,False,18,23,0.16716136038303375,207.3015,249.0502,218.8238,273.8663,0.3249318599700928,False,True,0.0,test
coco:331:5:990,coco,331,2008_001304.jpg,5,bottle,bottle,False,18,24,0.14480416476726532,42.1181,365.211,53.9707,375.0934,0.0,False,True,0.0,test
coco:331:5:990,coco,331,2008_001304.jpg,5,bottle,bottle,False,18,25,0.12662345170974731,132.8186,250.9363,145.7501,279.4737,0.3416910469532013,False,True,0.0,test
coco:331:5:990,coco,331,2008_001304.jpg,5,bottle,bottle,False,18,26,0.12418574839830399,1.4136,247.806,247.4811,308.5923,0.08235660940408707,False,True,0.0,test
coco:331:5:990,coco,331,2008_001304.jpg,5,bottle,bottle,False,18,27,0.11253498494625092,89.2004,253.0983,100.5016,274.6603,0.25069659948349,False,True,0.0,test
coco:331:5:990,coco,331,2008_001304.jpg,5,bottle,bottle,False,18,28,0.10459422320127487,222.5333,249.0294,233.5578,270.4327,0.25703635811805725,False,True,0.0,test
coco:331:5:990,coco,331,2008_001304.jpg,5,bottle,bottle,False,18,29,0.09950277209281921,-0.0055,256.6853,6.7484,309.6147,0.297527939081192,False,True,0.0,test
coco:331:5:990,coco,331,2008_001304.jpg,5,bottle,bottle,False,18,30,0.08078949898481369,103.7487,252.553,115.1863,273.7693,0.2496553212404251,False,True,0.0,test
coco:331:5:990,coco,331,2008_001304.jpg,5,bottle,bottle,False,18,31,0.08073263615369797,44.4135,254.1403,56.7833,275.938,0.24965932965278625,False,True,0.0,test
coco:331:5:990,coco,331,2008_001304.jpg,5,bottle,bottle,False,18,32,0.07746763527393341,237.2364,248.7426,247.9288,268.8429,0.2137162834405899,False,True,0.0,test
coco:331:5:990,coco,331,2008_001304.jpg,5,bottle,bottle,False,18,33,0.07734845578670502,192.5283,249.3022,203.6317,269.9147,0.21390223503112793,False,True,0.0,test
coco:331:5:990,coco,331,2008_001304.jpg,5,bottle,bottle,False,18,34,0.07512085884809494,29.2178,255.2259,41.0172,276.5304,0.20240004360675812,False,True,0.0,test
coco:331:5:990,coco,331,2008_001304.jpg,5,bottle,bottle,False,18,35,0.06341730058193207,118.0997,252.3804,129.3587,272.7197,0.2055789828300476,False,True,0.0,test
coco:331:5:990,coco,331,2008_001304.jpg,5,bottle,bottle,False,18,36,0.05273115634918213,347.4682,62.3999,357.1512,76.6301,0.0,False,True,0.0,test
coco:331:5:990,coco,331,2008_001304.jpg,5,bottle,bottle,False,18,37,0.05172384902834892,0.7063,256.0275,12.447,275.8086,0.23591496050357819,False,True,0.0,test
coco:331:3:992,coco,331,2008_001304.jpg,3,bird,bird,True,0,0,0.1035156100988388,408.6266,70.2828,419.6536,80.9049,0.0,False,True,0.0,test
coco:332:15:993,coco,332,2008_001306.jpg,15,person,person,False,3,0,0.37786346673965454,94.4316,228.9142,162.3607,296.3289,0.8584955930709839,True,False,9.972762645914397,test
coco:332:15:993,coco,332,2008_001306.jpg,15,person,person,False,3,1,0.36012303829193115,90.4239,127.7944,182.959,291.9868,0.9339614510536194,True,False,9.972762645914397,test
coco:332:15:993,coco,332,2008_001306.jpg,15,person,person,False,3,2,0.2344900667667389,270.4357,165.9125,332.8889,282.5089,0.9466099143028259,True,False,9.972762645914397,test
coco:332:15:993,coco,332,2008_001306.jpg,15,person,person,False,3,3,0.1201048195362091,296.207,347.347,333.3725,501.741,0.0,False,True,0.0,test
coco:332:15:993,coco,332,2008_001306.jpg,15,person,person,False,3,4,0.11910530924797058,114.1468,250.6477,158.0647,292.4604,0.39137351512908936,False,True,0.0,test
coco:332:15:993,coco,332,2008_001306.jpg,15,person,person,False,3,5,0.11085869371891022,92.1284,228.8619,200.8243,300.1763,0.5758722424507141,True,False,0.0,test
coco:338:5:1011,coco,338,2008_001333.jpg,5,bottle,bottle,False,2,0,0.5318701863288879,305.8909,265.2441,339.5146,337.3563,0.0,False,True,9.972762645914397,test
coco:338:5:1011,coco,338,2008_001333.jpg,5,bottle,bottle,False,2,1,0.4285236597061157,235.4707,132.3999,252.05,180.3178,0.8795290589332581,True,False,9.972762645914397,test
coco:338:5:1011,coco,338,2008_001333.jpg,5,bottle,bottle,False,2,2,0.41968539357185364,255.5288,125.7654,272.2696,174.1292,0.7203771471977234,True,False,9.972762645914397,test
coco:338:5:1011,coco,338,2008_001333.jpg,5,bottle,bottle,False,2,3,0.3932478725910187,332.048,261.4763,358.5373,318.2464,0.0,False,True,9.972762645914397,test
coco:338:5:1011,coco,338,2008_001333.jpg,5,bottle,bottle,False,2,4,0.07939392328262329,332.2076,260.4427,358.8245,290.5976,0.0,False,True,0.0,test
coco:338:5:1011,coco,338,2008_001333.jpg,5,bottle,bottle,False,2,5,0.06913533806800842,243.468,220.0555,255.9799,230.3897,0.0,False,True,0.0,test
coco:338:5:1011,coco,338,2008_001333.jpg,5,bottle,bottle,False,2,6,0.05971122905611992,216.7015,156.6928,236.5664,169.8069,0.01830853708088398,False,True,0.0,test
coco:338:5:1011,coco,338,2008_001333.jpg,5,bottle,bottle,False,2,7,0.05087332800030708,188.9464,159.6757,213.7421,182.7985,0.0,False,True,0.0,test
coco:339:7:1014,coco,339,2008_001334.jpg,7,car,car,False,1,0,0.47746193408966064,214.3505,309.5385,331.7037,345.2302,0.8288508653640747,True,False,9.972762645914397,test
coco:339:7:1014,coco,339,2008_001334.jpg,7,car,car,False,1,1,0.15666399896144867,212.3349,320.9539,244.2737,337.6129,0.10645624250173569,False,True,0.0,test
coco:339:7:1014,coco,339,2008_001334.jpg,7,car,car,False,1,2,0.13728049397468567,269.7805,308.0804,282.7952,312.4983,0.011504157446324825,False,True,0.0,test
coco:339:7:1014,coco,339,2008_001334.jpg,7,car,car,False,1,3,0.10846943408250809,211.5285,321.6136,221.8619,335.2865,0.02694413997232914,False,True,0.0,test
coco:339:7:1014,coco,339,2008_001334.jpg,7,car,car,False,1,4,0.06285379081964493,470.5266,225.653,499.1094,345.0755,0.0,False,True,0.0,test
coco:339:7:1014,coco,339,2008_001334.jpg,7,car,car,False,1,5,0.06205334886908531,256.6917,311.0557,331.7548,344.7703,0.49871623516082764,False,True,0.0,test
coco:339:7:1014,coco,339,2008_001334.jpg,7,car,car,False,1,6,0.05340474098920822,212.1852,324.8149,220.2647,335.1924,0.016775663942098618,False,True,0.0,test
coco:339:19:1016,coco,339,2008_001334.jpg,19,train,train,True,0,0,0.0599067285656929,206.6352,291.2898,371.1702,322.7391,0.0,False,True,0.0,test
coco:339:19:1016,coco,339,2008_001334.jpg,19,train,train,True,0,1,0.057364530861377716,470.5266,225.653,499.1094,345.0755,0.0,False,True,0.0,test
coco:339:19:1016,coco,339,2008_001334.jpg,19,train,train,True,0,2,0.05433516949415207,367.8593,290.3141,390.7678,301.29,0.0,False,True,0.0,test
coco:341:15:1020,coco,341,2008_001340.jpg,15,person,person,False,1,0,0.29144659638404846,8.5503,99.9269,305.0463,498.7281,0.8858305811882019,True,False,9.972762645914397,test
coco:341:15:1020,coco,341,2008_001340.jpg,15,person,person,False,1,1,0.05306841805577278,259.3593,328.4801,333.2796,499.8956,0.08269061148166656,False,True,0.0,test
coco:341:15:1020,coco,341,2008_001340.jpg,15,person,person,False,1,2,0.05159884691238403,176.9935,363.5826,330.4542,500.5734,0.1483004093170166,False,True,0.0,test
coco:341:15:1020,coco,341,2008_001340.jpg,15,person,person,False,1,3,0.05034251883625984,274.1922,316.5409,333.6659,446.4874,0.049216125160455704,False,True,0.0,test
coco:342:9:1025,coco,342,2008_001344.jpg,9,chair,chair,True,0,0,0.05936703830957413,0.8888,337.6483,106.4592,412.7511,0.0,False,True,0.0,test
coco:343:15:1026,coco,343,2008_001349.jpg,15,person,person,False,3,0,0.1623622477054596,-1.332,70.0452,236.6355,444.9066,0.7812888622283936,True,False,0.0,test
coco:343:15:1026,coco,343,2008_001349.jpg,15,person,person,False,3,1,0.14842964708805084,1.3272,1.2871,333.1046,484.7789,0.7089511156082153,True,False,0.0,test
coco:343:15:1026,coco,343,2008_001349.jpg,15,person,person,False,3,2,0.13900931179523468,224.5164,154.4998,331.1759,499.0313,0.9666305780410767,True,False,0.0,test
coco:343:15:1026,coco,343,2008_001349.jpg,15,person,person,False,3,3,0.0723714679479599,113.5687,1.6312,332.6886,423.8707,0.8087878227233887,True,False,0.0,test
coco:343:15:1026,coco,343,2008_001349.jpg,15,person,person,False,3,4,0.0650336891412735,112.0328,155.322,331.7858,490.3057,0.588058352470398,True,False,0.0,test
coco:345:15:1032,coco,345,2008_001353.jpg,15,person,person,False,1,0,0.2704645097255707,252.915,193.2993,336.0117,441.1991,0.9770209789276123,True,False,9.972762645914397,test
coco:350:8:1047,coco,350,2008_001374.jpg,8,cat,cat,False,1,0,0.8746150732040405,0.6308,26.2378,493.8855,280.8331,0.9852813482284546,True,False,9.972762645914397,test
coco:351:15:1050,coco,351,2008_001376.jpg,15,person,person,False,8,0,0.27014103531837463,223.7127,50.1291,484.0893,332.4402,0.9846606850624084,True,False,9.972762645914397,test
coco:351:15:1050,coco,351,2008_001376.jpg,15,person,person,False,8,1,0.24974384903907776,85.1737,53.8021,111.6888,141.1871,0.6978787779808044,True,False,9.972762645914397,test
coco:351:15:1050,coco,351,2008_001376.jpg,15,person,person,False,8,2,0.2268601804971695,132.2768,48.2658,159.7811,154.7028,0.7505699396133423,True,False,9.972762645914397,test
coco:351:15:1050,coco,351,2008_001376.jpg,15,person,person,False,8,3,0.2265750616788864,432.158,69.5186,451.2548,108.7089,0.820246696472168,True,False,9.972762645914397,test
coco:351:15:1050,coco,351,2008_001376.jpg,15,person,person,False,8,4,0.21641099452972412,109.0194,50.7694,141.8831,158.8501,0.7666590809822083,True,False,0.0,test
coco:351:15:1050,coco,351,2008_001376.jpg,15,person,person,False,8,5,0.20817266404628754,456.6012,71.2423,479.4913,131.5306,0.7774218916893005,True,False,0.0,test
coco:351:15:1050,coco,351,2008_001376.jpg,15,person,person,False,8,6,0.20506615936756134,67.9735,37.6674,95.7661,145.1458,0.8133842349052429,True,False,0.0,test
coco:351:15:1050,coco,351,2008_001376.jpg,15,person,person,False,8,7,0.18577346205711365,472.9441,66.7997,491.414,127.9979,0.804534912109375,True,False,0.0,test
coco:351:15:1050,coco,351,2008_001376.jpg,15,person,person,False,8,8,0.16240446269512177,487.684,78.0242,499.5926,130.3098,0.1361895501613617,False,True,0.0,test
coco:353:1:1056,coco,353,2008_001380.jpg,1,aeroplane,aeroplane,False,1,0,0.7341890335083008,68.0915,16.9146,423.5665,153.3934,0.9732789993286133,True,False,9.972762645914397,test
coco:355:15:1062,coco,355,2008_001391.jpg,15,person,person,False,1,0,0.26384982466697693,202.7607,16.426,498.0554,390.0524,0.9516699314117432,True,False,9.972762645914397,test
coco:355:15:1062,coco,355,2008_001391.jpg,15,person,person,False,1,1,0.08894894272089005,3.4116,1.2127,495.6452,384.6823,0.5843364596366882,True,False,0.0,test
coco:356:15:1065,coco,356,2008_001395.jpg,15,person,person,False,1,0,0.2793755829334259,4.4462,131.764,329.3297,500.8096,0.9712984561920166,True,False,9.972762645914397,test
coco:356:15:1065,coco,356,2008_001395.jpg,15,person,person,False,1,1,0.11274014413356781,200.2742,228.8076,217.9319,261.7319,0.004834658931940794,False,True,0.0,test
coco:356:15:1065,coco,356,2008_001395.jpg,15,person,person,False,1,2,0.06711526960134506,140.8377,238.2996,155.7476,267.6067,0.003633807646110654,False,True,0.0,test
coco:356:15:1065,coco,356,2008_001395.jpg,15,person,person,False,1,3,0.06293220072984695,145.4651,248.7903,156.1087,268.2847,0.001725494978018105,False,True,0.0,test
coco:357:15:1068,coco,357,2008_001401.jpg,15,person,person,False,2,0,0.22495590150356293,394.5727,140.3409,463.888,216.9305,0.08169948309659958,False,True,9.972762645914397,test
coco:357:15:1068,coco,357,2008_001401.jpg,15,person,person,False,2,1,0.17513996362686157,85.5702,48.491,283.1021,374.9403,0.9786376357078552,True,False,0.0,test
coco:357:15:1068,coco,357,2008_001401.jpg,15,person,person,False,2,2,0.15680551528930664,264.0533,89.6736,494.8198,374.7528,0.9425179362297058,True,False,0.0,test
coco:357:15:1068,coco,357,2008_001401.jpg,15,person,person,False,2,3,0.10176514089107513,87.4276,50.1993,490.2144,374.8267,0.4841620922088623,False,True,0.0,test
coco:358:2:1071,coco,358,2008_001404.jpg,2,bicycle,bicycle,False,1,0,0.6465705633163452,96.0035,272.5081,245.5139,499.7796,0.9406609535217285,True,False,9.972762645914397,test
coco:358:2:1071,coco,358,2008_001404.jpg,2,bicycle,bicycle,False,1,1,0.09634503722190857,180.3922,330.2999,238.8983,499.842,0.2764410078525543,False,True,0.0,test
coco:358:2:1071,coco,358,2008_001404.jpg,2,bicycle,bicycle,False,1,2,0.09049496799707413,190.1744,343.1024,247.4169,498.5574,0.2350650280714035,False,True,0.0,test
coco:361:3:1080,coco,361,2008_001415.jpg,3,bird,bird,False,2,0,0.6754940748214722,238.4494,126.7118,287.7968,215.1174,0.8661691546440125,True,False,9.972762645914397,test
coco:361:3:1080,coco,361,2008_001415.jpg,3,bird,bird,False,2,1,0.6395132541656494,78.1577,272.7714,153.6751,332.1637,0.8963439464569092,True,False,9.972762645914397,test
coco:361:3:1080,coco,361,2008_001415.jpg,3,bird,bird,False,2,2,0.1830715835094452,38.8395,1.0315,79.5086,34.8443,0.0,False,True,0.0,test
coco:361:3:1080,coco,361,2008_001415.jpg,3,bird,bird,False,2,3,0.18182280659675598,192.5338,32.7603,219.0155,60.2612,0.0,False,True,0.0,test
coco:361:3:1080,coco,361,2008_001415.jpg,3,bird,bird,False,2,4,0.13399946689605713,-0.2134,0.4741,91.0113,163.8277,0.0,False,True,0.0,test
coco:361:3:1080,coco,361,2008_001415.jpg,3,bird,bird,False,2,5,0.1331811100244522,36.1278,-0.306,84.4868,157.3565,0.0,False,True,0.0,test
coco:361:3:1080,coco,361,2008_001415.jpg,3,bird,bird,False,2,6,0.11676374077796936,33.8026,-0.0722,86.9948,82.1653,0.0,False,True,0.0,test
coco:361:3:1080,coco,361,2008_001415.jpg,3,bird,bird,False,2,7,0.09925974160432816,11.0679,0.3971,92.8867,84.8735,0.0,False,True,0.0,test
coco:361:3:1080,coco,361,2008_001415.jpg,3,bird,bird,False,2,8,0.07845061272382736,234.9,297.0104,244.6512,327.9999,0.0,False,True,0.0,test
coco:361:3:1080,coco,361,2008_001415.jpg,3,bird,bird,False,2,9,0.07038670778274536,0.1145,4.5427,40.6607,110.5734,0.0,False,True,0.0,test
coco:361:3:1080,coco,361,2008_001415.jpg,3,bird,bird,False,2,10,0.059709638357162476,169.6355,15.2054,229.6987,98.8047,0.0,False,True,0.0,test
coco:361:3:1080,coco,361,2008_001415.jpg,3,bird,bird,False,2,11,0.05924748629331589,288.6225,1.0684,319.9025,333.7467,0.02052619494497776,False,True,0.0,test
coco:361:3:1080,coco,361,2008_001415.jpg,3,bird,bird,False,2,12,0.051440369337797165,239.7924,196.2597,265.7421,216.8703,0.10057652741670609,False,True,0.0,test
coco:364:9:1091,coco,364,2008_001429.jpg,9,chair,chair,True,0,0,0.33174681663513184,307.5294,62.0659,398.305,154.9476,0.0,False,True,9.972762645914397,test
coco:364:9:1091,coco,364,2008_001429.jpg,9,chair,chair,True,0,1,0.06434096395969391,33.9039,74.0943,79.8653,124.0499,0.0,False,True,0.0,test
coco:366:15:1095,coco,366,2008_001432.jpg,15,person,person,False,1,0,0.36960336565971375,295.4341,155.1336,313.0493,195.8028,0.8401778936386108,True,False,9.972762645914397,test
coco:366:15:1095,coco,366,2008_001432.jpg,15,person,person,False,1,1,0.17308641970157623,312.3762,153.2476,323.929,193.2885,0.018677011132240295,False,True,0.0,test
coco:366:15:1095,coco,366,2008_001432.jpg,15,person,person,False,1,2,0.10948045551776886,314.4146,180.6916,320.0957,193.8085,0.0,False,True,0.0,test
coco:366:15:1095,coco,366,2008_001432.jpg,15,person,person,False,1,3,0.09309171885251999,299.6228,156.4663,310.2453,169.0645,0.1558176428079605,False,True,0.0,test
coco:366:15:1095,coco,366,2008_001432.jpg,15,person,person,False,1,4,0.06592089682817459,358.499,150.971,368.5412,158.3999,0.0,False,True,0.0,test
coco:366:15:1095,coco,366,2008_001432.jpg,15,person,person,False,1,5,0.06363030523061752,213.3526,167.4103,221.9372,203.4523,0.0,False,True,0.0,test
coco:366:15:1095,coco,366,2008_001432.jpg,15,person,person,False,1,6,0.05553819611668587,325.7397,154.4884,332.4779,162.2317,0.0,False,True,0.0,test
coco:366:15:1095,coco,366,2008_001432.jpg,15,person,person,False,1,7,0.05384816229343414,199.7536,178.3971,205.3344,207.5019,0.0,False,True,0.0,test
coco:366:2:1096,coco,366,2008_001432.jpg,2,bicycle,bicycle,True,0,0,0.06474459171295166,299.0453,164.765,315.7473,181.8494,0.0,False,True,0.0,test
coco:368:12:1101,coco,368,2008_001436.jpg,12,dog,dog,False,1,0,0.6136276721954346,149.4648,3.1596,497.7922,324.908,0.9584998488426208,True,False,9.972762645914397,test
coco:368:12:1101,coco,368,2008_001436.jpg,12,dog,dog,False,1,1,0.15612287819385529,305.8061,82.7081,412.0143,166.3383,0.07638634741306305,False,True,0.0,test
coco:368:12:1101,coco,368,2008_001436.jpg,12,dog,dog,False,1,2,0.10067267715930939,307.9991,101.6598,346.876,159.5713,0.019362032413482666,False,True,0.0,test
coco:368:12:1101,coco,368,2008_001436.jpg,12,dog,dog,False,1,3,0.09526782482862473,393.8412,112.6245,420.2482,155.6016,0.00976004358381033,False,True,0.0,test
coco:368:12:1101,coco,368,2008_001436.jpg,12,dog,dog,False,1,4,0.0868607759475708,338.9346,83.7206,366.5599,141.1134,0.013635125942528248,False,True,0.0,test
coco:368:12:1101,coco,368,2008_001436.jpg,12,dog,dog,False,1,5,0.08638972043991089,3.9061,1.0771,497.2565,259.7766,0.6100972294807434,True,False,0.0,test
coco:368:12:1101,coco,368,2008_001436.jpg,12,dog,dog,False,1,6,0.06471049040555954,336.561,85.0784,403.8232,165.3691,0.046444155275821686,False,True,0.0,test
coco:368:15:1102,coco,368,2008_001436.jpg,15,person,person,True,0,0,0.08893526345491409,1.7286,2.741,121.442,218.0303,0.0,False,True,0.0,test
coco:368:15:1102,coco,368,2008_001436.jpg,15,person,person,True,0,1,0.08779814094305038,2.1398,0.7969,170.5687,225.5347,0.0,False,True,0.0,test
coco:368:15:1102,coco,368,2008_001436.jpg,15,person,person,True,0,2,0.07122498005628586,305.8061,82.7081,412.0143,166.3383,0.0,False,True,0.0,test
coco:368:15:1102,coco,368,2008_001436.jpg,15,person,person,True,0,3,0.06638464331626892,393.8412,112.6245,420.2482,155.6016,0.0,False,True,0.0,test
coco:368:15:1102,coco,368,2008_001436.jpg,15,person,person,True,0,4,0.05514630675315857,338.9346,83.7206,366.5599,141.1134,0.0,False,True,0.0,test
coco:368:15:1102,coco,368,2008_001436.jpg,15,person,person,True,0,5,0.05424339324235916,3.9061,1.0771,497.2565,259.7766,0.0,False,True,0.0,test
coco:368:15:1102,coco,368,2008_001436.jpg,15,person,person,True,0,6,0.051244016736745834,307.9991,101.6598,346.876,159.5713,0.0,False,True,0.0,test
coco:371:7:1110,coco,371,2008_001445.jpg,7,car,car,False,5,0,0.396125465631485,160.2803,39.8965,252.1855,66.4883,0.7781186699867249,True,False,9.972762645914397,test
coco:371:7:1110,coco,371,2008_001445.jpg,7,car,car,False,5,1,0.38262632489204407,40.8872,34.7861,77.6243,65.8732,0.6810060143470764,True,False,9.972762645914397,test
coco:371:7:1110,coco,371,2008_001445.jpg,7,car,car,False,5,2,0.3811519145965576,91.7628,37.9654,133.3927,65.7493,0.7462198734283447,True,False,9.972762645914397,test
coco:371:7:1110,coco,371,2008_001445.jpg,7,car,car,False,5,3,0.36843371391296387,70.3896,61.6231,429.6891,302.3089,0.8853224515914917,True,False,9.972762645914397,test
coco:371:7:1110,coco,371,2008_001445.jpg,7,car,car,False,5,4,0.36459508538246155,316.4939,57.4525,451.9487,130.9671,0.8508844375610352,True,False,9.972762645914397,test
coco:371:7:1110,coco,371,2008_001445.jpg,7,car,car,False,5,5,0.3262230455875397,81.2417,32.457,94.0191,41.2359,0.03502163290977478,False,True,9.972762645914397,test
coco:371:7:1110,coco,371,2008_001445.jpg,7,car,car,False,5,6,0.27240556478500366,110.4055,37.2407,133.9615,55.6691,0.28006383776664734,False,True,9.972762645914397,test
coco:371:7:1110,coco,371,2008_001445.jpg,7,car,car,False,5,7,0.25627076625823975,121.9511,37.5024,134.3297,54.9965,0.13971135020256042,False,True,9.972762645914397,test
coco:371:7:1110,coco,371,2008_001445.jpg,7,car,car,False,5,8,0.242526575922966,92.6355,29.4402,107.0441,39.7274,0.041785482317209244,False,True,9.972762645914397,test
coco:371:7:1110,coco,371,2008_001445.jpg,7,car,car,False,5,9,0.23079164326190948,443.4624,57.3564,454.4885,76.275,0.01782442443072796,False,True,9.972762645914397,test
coco:371:7:1110,coco,371,2008_001445.jpg,7,car,car,False,5,10,0.2163832187652588,178.3628,39.0455,197.2223,43.9735,0.030897626653313637,False,True,0.0,test
coco:371:7:1110,coco,371,2008_001445.jpg,7,car,car,False,5,11,0.20767034590244293,69.7807,27.5392,78.9399,39.7234,0.05240131542086601,False,True,0.0,test
coco:371:7:1110,coco,371,2008_001445.jpg,7,car,car,False,5,12,0.20340125262737274,91.2334,40.2019,101.1593,62.9688,0.1457938849925995,False,True,0.0,test
coco:371:7:1110,coco,371,2008_001445.jpg,7,car,car,False,5,13,0.19241711497306824,84.286,30.409,93.6859,39.5168,0.024575812742114067,False,True,0.0,test
coco:371:7:1110,coco,371,2008_001445.jpg,7,car,car,False,5,14,0.1880580484867096,444.129,56.2087,467.8263,76.5387,0.021946296095848083,False,True,0.0,test
coco:371:7:1110,coco,371,2008_001445.jpg,7,car,car,False,5,15,0.1737358272075653,106.5176,35.2643,118.9198,39.2802,0.03213242441415787,False,True,0.0,test
coco:371:7:1110,coco,371,2008_001445.jpg,7,car,car,False,5,16,0.16133014857769012,160.9847,41.0516,199.7854,63.8011,0.2934500575065613,False,True,0.0,test
coco:371:7:1110,coco,371,2008_001445.jpg,7,car,car,False,5,17,0.1415044665336609,123.3938,36.7444,133.0195,45.3623,0.05351870134472847,False,True,0.0,test
coco:371:7:1110,coco,371,2008_001445.jpg,7,car,car,False,5,18,0.1251288205385208,103.9461,33.5335,109.6719,39.0286,0.01480190735310316,False,True,0.0,test
coco:371:7:1110,coco,371,2008_001445.jpg,7,car,car,False,5,19,0.12029162794351578,134.0901,138.9699,189.8855,215.2677,0.04358167201280594,False,True,0.0,test
coco:371:7:1110,coco,371,2008_001445.jpg,7,car,car,False,5,20,0.1201852560043335,489.5095,59.3224,499.3724,85.4705,0.0,False,True,0.0,test
coco:371:7:1110,coco,371,2008_001445.jpg,7,car,car,False,5,21,0.11169910430908203,80.7082,29.9634,127.4669,43.6244,0.20096005499362946,False,True,0.0,test
coco:371:7:1110,coco,371,2008_001445.jpg,7,car,car,False,5,22,0.11089818924665451,487.5512,58.4729,499.9552,91.7468,0.0,False,True,0.0,test
coco:371:7:1110,coco,371,2008_001445.jpg,7,car,car,False,5,23,0.10932715982198715,76.521,34.5366,85.0532,40.8832,0.020498201251029968,False,True,0.0,test
coco:371:7:1110,coco,371,2008_001445.jpg,7,car,car,False,5,24,0.10854928195476532,94.7949,35.9902,102.6326,40.8165,0.024404458701610565,False,True,0.0,test
coco:371:7:1110,coco,371,2008_001445.jpg,7,car,car,False,5,25,0.10264090448617935,63.9499,34.7505,74.9466,44.6332,0.06480484455823898,False,True,0.0,test
coco:371:7:1110,coco,371,2008_001445.jpg,7,car,car,False,5,26,0.09430363774299622,327.2573,49.9416,336.468,74.2823,0.015912124887108803,False,True,0.0,test
coco:371:7:1110,coco,371,2008_001445.jpg,7,car,car,False,5,27,0.09403134137392044,72.2264,36.9146,78.0187,42.9721,0.020922048017382622,False,True,0.0,test
coco:371:7:1110,coco,371,2008_001445.jpg,7,car,car,False,5,28,0.07746824622154236,196.2239,40.9154,242.7393,47.2825,0.09845927357673645,False,True,0.0,test
coco:371:7:1110,coco,371,2008_001445.jpg,7,car,car,False,5,29,0.07322262227535248,91.2882,41.054,98.9411,48.6211,0.0373615026473999,False,True,0.0,test
coco:371:7:1110,coco,371,2008_001445.jpg,7,car,car,False,5,30,0.0727166160941124,38.4384,30.983,136.2525,66.1354,0.45079100131988525,False,True,0.0,test
coco:371:7:1110,coco,371,2008_001445.jpg,7,car,car,False,5,31,0.06438562273979187,139.546,40.6209,145.4862,50.1728,0.0,False,True,0.0,test
coco:371:7:1110,coco,371,2008_001445.jpg,7,car,car,False,5,32,0.0635136216878891,0.0473,46.3754,10.0887,66.2768,0.0,False,True,0.0,test
coco:371:7:1110,coco,371,2008_001445.jpg,7,car,car,False,5,33,0.06288847327232361,328.4104,61.7958,335.3042,73.0085,0.0066050575114786625,False,True,0.0,test
coco:371:7:1110,coco,371,2008_001445.jpg,7,car,car,False,5,34,0.05749025195837021,1.289,49.1779,9.1305,57.296,0.0,False,True,0.0,test
coco:371:7:1110,coco,371,2008_001445.jpg,7,car,car,False,5,35,0.05230633541941643,224.1533,39.54,241.0593,45.3725,0.032780468463897705,False,True,0.0,test
coco:371:7:1110,coco,371,2008_001445.jpg,7,car,car,False,5,36,0.05139380693435669,113.3834,130.5629,140.9783,160.0987,0.008343946188688278,False,True,0.0,test
coco:372:16:1113,coco,372,2008_001451.jpg,16,pottedplant,pottedplant,False,1,0,0.1271553933620453,406.1171,309.0913,497.9975,374.5132,0.0,False,True,0.0,test
coco:372:16:1113,coco,372,2008_001451.jpg,16,pottedplant,pottedplant,False,1,1,0.11757104843854904,0.73,182.7468,91.6364,277.9297,0.6347788572311401,True,False,0.0,test
coco:372:16:1113,coco,372,2008_001451.jpg,16,pottedplant,pottedplant,False,1,2,0.08820649981498718,456.6098,315.9147,499.9204,370.6172,0.0,False,True,0.0,test
coco:372:16:1113,coco,372,2008_001451.jpg,16,pottedplant,pottedplant,False,1,3,0.06522215157747269,399.091,196.8062,458.8246,245.0226,0.0,False,True,0.0,test
coco:372:16:1113,coco,372,2008_001451.jpg,16,pottedplant,pottedplant,False,1,4,0.05215948075056076,411.2519,363.9174,488.0142,374.9547,0.0,False,True,0.0,test
coco:372:16:1113,coco,372,2008_001451.jpg,16,pottedplant,pottedplant,False,1,5,0.05190340802073479,63.125,153.4869,106.9952,251.5016,0.11481345444917679,False,True,0.0,test
coco:372:16:1113,coco,372,2008_001451.jpg,16,pottedplant,pottedplant,False,1,6,0.051876168698072433,9.4221,265.8423,74.0335,322.6992,0.29606708884239197,False,True,0.0,test
coco:372:16:1113,coco,372,2008_001451.jpg,16,pottedplant,pottedplant,False,1,7,0.05014520883560181,336.3386,129.4846,380.0799,228.1943,0.0,False,True,0.0,test
coco:373:12:1116,coco,373,2008_001456.jpg,12,dog,dog,False,1,0,0.7366575002670288,3.2877,12.1056,457.4626,165.4592,0.9874855279922485,True,False,9.972762645914397,test
coco:373:12:1116,coco,373,2008_001456.jpg,12,dog,dog,False,1,1,0.11011885851621628,351.0063,36.9923,462.6572,163.4445,0.1923537254333496,False,True,0.0,test
coco:374:15:1119,coco,374,2008_001466.jpg,15,person,person,False,2,0,0.33435359597206116,238.6949,80.9683,336.8394,208.8851,0.8173813819885254,True,False,9.972762645914397,test
coco:374:15:1119,coco,374,2008_001466.jpg,15,person,person,False,2,1,0.3137318789958954,-0.4735,80.9464,158.8951,300.2784,0.8747343420982361,True,False,9.972762645914397,test
coco:375:1:1122,coco,375,2008_001468.jpg,1,aeroplane,aeroplane,False,1,0,0.6332166194915771,3.2599,117.9127,493.7131,357.1822,0.9601711630821228,True,False,9.972762645914397,test
coco:375:1:1122,coco,375,2008_001468.jpg,1,aeroplane,aeroplane,False,1,1,0.09233888983726501,178.5848,195.4812,274.6628,256.0674,0.0496041402220726,False,True,0.0,test
coco:375:1:1122,coco,375,2008_001468.jpg,1,aeroplane,aeroplane,False,1,2,0.07527545094490051,431.2895,208.6181,499.6433,231.7167,0.013454515486955643,False,True,0.0,test
coco:375:1:1122,coco,375,2008_001468.jpg,1,aeroplane,aeroplane,False,1,3,0.055460844188928604,481.7981,161.2943,496.6701,173.0023,0.0014837831258773804,False,True,0.0,test
coco:375:1:1122,coco,375,2008_001468.jpg,1,aeroplane,aeroplane,False,1,4,0.0515647754073143,2.7023,-0.1238,495.5433,356.2765,0.6456941962242126,True,False,0.0,test
coco:375:1:1122,coco,375,2008_001468.jpg,1,aeroplane,aeroplane,False,1,5,0.050341323018074036,64.5869,257.9743,136.238,300.8823,0.026198789477348328,False,True,0.0,test
coco:378:12:1131,coco,378,2008_001478.jpg,12,dog,dog,False,1,0,0.6309736967086792,85.1414,166.362,409.4384,292.0393,0.8437884449958801,True,False,9.972762645914397,test
coco:378:12:1131,coco,378,2008_001478.jpg,12,dog,dog,False,1,1,0.3638682961463928,52.5363,241.9072,497.1497,374.3378,0.17471778392791748,False,True,9.972762645914397,test
coco:378:12:1131,coco,378,2008_001478.jpg,12,dog,dog,False,1,2,0.2794305086135864,57.0479,240.9594,342.6447,373.0992,0.1731783151626587,False,True,9.972762645914397,test
coco:378:12:1131,coco,378,2008_001478.jpg,12,dog,dog,False,1,3,0.13031065464019775,86.2737,193.2956,189.1744,241.5716,0.07328253984451294,False,True,0.0,test
coco:378:12:1131,coco,378,2008_001478.jpg,12,dog,dog,False,1,4,0.10670126974582672,52.883,165.0599,419.7713,373.5008,0.45439988374710083,False,True,0.0,test
coco:380:15:1137,coco,380,2008_001486.jpg,15,person,person,False,3,0,0.25239089131355286,312.498,119.7671,389.1358,377.8329,0.8285265564918518,True,False,9.972762645914397,test
coco:380:15:1137,coco,380,2008_001486.jpg,15,person,person,False,3,1,0.22184832394123077,355.1508,109.5,474.2575,376.121,0.8137229084968567,True,False,0.0,test
coco:380:15:1137,coco,380,2008_001486.jpg,15,person,person,False,3,2,0.21260826289653778,92.3509,93.8419,373.5963,374.2037,0.9566185474395752,True,False,0.0,test
coco:380:15:1137,coco,380,2008_001486.jpg,15,person,person,False,3,3,0.1375531256198883,476.3776,135.9502,499.2039,322.0435,0.0,False,True,0.0,test
coco:380:15:1137,coco,380,2008_001486.jpg,15,person,person,False,3,4,0.1275234967470169,0.2182,219.0822,43.3756,304.1805,0.0,False,True,0.0,test
coco:380:15:1137,coco,380,2008_001486.jpg,15,person,person,False,3,5,0.07652806490659714,434.6021,129.1362,500.0226,368.0083,0.1744818389415741,False,True,0.0,test
coco:386:3:1155,coco,386,2008_001514.jpg,3,bird,bird,False,1,0,0.7255876660346985,128.489,68.3946,391.3355,260.7568,0.9783375263214111,True,False,9.972762645914397,test
coco:387:15:1158,coco,387,2008_001516.jpg,15,person,person,False,1,0,0.3961595892906189,252.1328,281.3384,274.2822,309.7216,0.44303712248802185,False,True,9.972762645914397,test
coco:387:15:1158,coco,387,2008_001516.jpg,15,person,person,False,1,1,0.35766130685806274,110.5217,299.4811,122.2218,312.1366,0.0,False,True,9.972762645914397,test
coco:387:15:1158,coco,387,2008_001516.jpg,15,person,person,False,1,2,0.35556280612945557,166.0282,295.169,182.7775,312.2404,0.0,False,True,9.972762645914397,test
coco:387:15:1158,coco,387,2008_001516.jpg,15,person,person,False,1,3,0.35340359807014465,210.7847,294.6735,223.3193,312.0068,0.0,False,True,9.972762645914397,test
coco:387:15:1158,coco,387,2008_001516.jpg,15,person,person,False,1,4,0.34965434670448303,153.717,293.6245,166.3786,312.0953,0.0,False,True,9.972762645914397,test
coco:387:15:1158,coco,387,2008_001516.jpg,15,person,person,False,1,5,0.3157629668712616,273.7011,297.508,289.7112,311.5886,0.15886664390563965,False,True,9.972762645914397,test
coco:387:15:1158,coco,387,2008_001516.jpg,15,person,person,False,1,6,0.3155224025249481,181.3669,295.2742,192.9388,311.2467,0.0,False,True,9.972762645914397,test
coco:387:15:1158,coco,387,2008_001516.jpg,15,person,person,False,1,7,0.27186769247055054,224.9401,301.6594,232.0344,306.8325,0.0,False,True,9.972762645914397,test
coco:387:15:1158,coco,387,2008_001516.jpg,15,person,person,False,1,8,0.25751543045043945,269.2204,286.9328,286.4889,311.0442,0.2934248745441437,False,True,9.972762645914397,test
coco:387:15:1158,coco,387,2008_001516.jpg,15,person,person,False,1,9,0.2186240404844284,99.5812,303.882,106.3093,312.6058,0.0,False,True,0.0,test
coco:387:15:1158,coco,387,2008_001516.jpg,15,person,person,False,1,10,0.17623578011989594,44.0139,298.8207,65.1186,319.1747,0.0,False,True,0.0,test
coco:387:15:1158,coco,387,2008_001516.jpg,15,person,person,False,1,11,0.16717921197414398,137.1721,306.7277,142.5278,310.6217,0.0,False,True,0.0,test
coco:387:15:1158,coco,387,2008_001516.jpg,15,person,person,False,1,12,0.12383738905191422,154.2793,299.3525,165.8208,311.9157,0.0,False,True,0.0,test
coco:387:15:1158,coco,387,2008_001516.jpg,15,person,person,False,1,13,0.12349234521389008,97.6089,301.4106,106.6694,312.8243,0.0,False,True,0.0,test
coco:387:15:1158,coco,387,2008_001516.jpg,15,person,person,False,1,14,0.0997120812535286,51.762,307.2029,63.4548,319.1667,0.0,False,True,0.0,test
coco:387:15:1158,coco,387,2008_001516.jpg,15,person,person,False,1,15,0.09571843594312668,216.7726,300.3033,223.1141,306.8026,0.0,False,True,0.0,test
coco:387:15:1158,coco,387,2008_001516.jpg,15,person,person,False,1,16,0.08961554616689682,274.7137,300.8456,287.6404,310.8605,0.09123344719409943,False,True,0.0,test
coco:387:15:1158,coco,387,2008_001516.jpg,15,person,person,False,1,17,0.07073534280061722,242.501,304.2914,246.6063,307.0272,0.0,False,True,0.0,test
coco:387:15:1158,coco,387,2008_001516.jpg,15,person,person,False,1,18,0.06402698904275894,254.7107,287.3783,272.0716,307.3317,0.2441224902868271,False,True,0.0,test
coco:387:15:1158,coco,387,2008_001516.jpg,15,person,person,False,1,19,0.055312734097242355,53.941,304.3329,82.8975,317.481,0.0,False,True,0.0,test
coco:387:15:1158,coco,387,2008_001516.jpg,15,person,person,False,1,20,0.05373244732618332,272.918,287.0337,278.3148,292.1022,0.019276848062872887,False,True,0.0,test
coco:387:15:1158,coco,387,2008_001516.jpg,15,person,person,False,1,21,0.05328759923577309,282.7645,302.9237,288.6834,308.4283,0.022960515692830086,False,True,0.0,test
coco:388:15:1161,coco,388,2008_001520.jpg,15,person,person,False,2,0,0.17566105723381042,5.5877,12.5877,378.1253,499.1297,0.9636107683181763,True,False,0.0,test
coco:388:15:1161,coco,388,2008_001520.jpg,15,person,person,False,2,1,0.10391974449157715,90.0647,209.8655,365.4927,502.0562,0.9282463788986206,True,False,0.0,test
coco:392:15:1173,coco,392,2008_001534.jpg,15,person,person,False,4,0,0.2391776293516159,73.7984,86.1815,255.0338,332.0035,0.8672453761100769,True,False,9.972762645914397,test
coco:392:15:1173,coco,392,2008_001534.jpg,15,person,person,False,4,1,0.23836170136928558,26.5206,176.6851,91.7732,333.0449,0.8553675413131714,True,False,9.972762645914397,test
coco:392:15:1173,coco,392,2008_001534.jpg,15,person,person,False,4,2,0.2382652908563614,433.2191,163.1961,498.7716,331.9014,0.8888753056526184,True,False,9.972762645914397,test
coco:392:15:1173,coco,392,2008_001534.jpg,15,person,person,False,4,3,0.23472915589809418,94.3217,189.4848,118.7303,220.0087,0.01602242887020111,False,True,9.972762645914397,test
coco:392:15:1173,coco,392,2008_001534.jpg,15,person,person,False,4,4,0.2098110467195511,230.2418,17.7405,459.244,331.655,0.9598812460899353,True,False,0.0,test
coco:392:15:1173,coco,392,2008_001534.jpg,15,person,person,False,4,5,0.1338324248790741,232.5779,179.3391,250.7026,214.222,0.013596612960100174,False,True,0.0,test
coco:392:15:1173,coco,392,2008_001534.jpg,15,person,person,False,4,6,0.07959149777889252,79.4767,16.6483,458.2429,330.4782,0.5776038765907288,True,False,0.0,test
coco:393:15:1176,coco,393,2008_001536.jpg,15,person,person,False,3,0,0.29542797803878784,215.4918,11.9238,457.5505,331.8454,0.802749514579773,True,False,9.972762645914397,test
coco:393:15:1176,coco,393,2008_001536.jpg,15,person,person,False,3,1,0.26413291692733765,61.021,26.4678,258.5275,333.112,0.9611980319023132,True,False,9.972762645914397,test
coco:393:15:1176,coco,393,2008_001536.jpg,15,person,person,False,3,2,0.11110463738441467,216.2016,118.5085,337.7255,279.1653,0.8198530673980713,True,False,0.0,test
coco:393:15:1176,coco,393,2008_001536.jpg,15,person,person,False,3,3,0.06898169964551926,64.9129,13.6179,456.4587,332.4241,0.5045018792152405,True,False,0.0,test
coco:394:15:1179,coco,394,2008_001539.jpg,15,person,person,False,1,0,0.21867059171199799,242.5435,43.3601,406.2214,287.702,0.976211667060852,True,False,0.0,test
coco:394:15:1179,coco,394,2008_001539.jpg,15,person,person,False,1,1,0.08567068725824356,242.4898,40.7603,496.8734,287.5678,0.6218483448028564,True,False,0.0,test
coco:394:11:1180,coco,394,2008_001539.jpg,11,diningtable,diningtable,True,0,0,0.32884547114372253,66.3558,195.7861,494.6294,374.2282,0.0,False,True,9.972762645914397,test
coco:397:7:1188,coco,397,2008_001543.jpg,7,car,car,False,1,0,0.34685564041137695,170.619,217.6094,257.2106,263.1597,0.8863527178764343,True,False,9.972762645914397,test
coco:397:7:1188,coco,397,2008_001543.jpg,7,car,car,False,1,1,0.14140422642230988,222.3476,208.5659,252.6615,220.4657,0.02895466238260269,False,True,0.0,test
coco:397:7:1188,coco,397,2008_001543.jpg,7,car,car,False,1,2,0.09764976799488068,173.5526,221.657,188.1124,238.9245,0.0564965084195137,False,True,0.0,test
coco:397:7:1188,coco,397,2008_001543.jpg,7,car,car,False,1,3,0.051169052720069885,362.4734,168.7219,499.8855,317.4249,0.0,False,True,0.0,test
coco:398:13:1191,coco,398,2008_001544.jpg,13,horse,horse,False,2,0,0.706129789352417,0.6719,-1.6276,158.2874,374.3056,0.954757034778595,True,False,9.972762645914397,test
coco:398:13:1191,coco,398,2008_001544.jpg,13,horse,horse,False,2,1,0.6552378535270691,206.7755,69.0951,500.7948,377.4624,0.970373272895813,True,False,9.972762645914397,test
coco:398:13:1191,coco,398,2008_001544.jpg,13,horse,horse,False,2,2,0.17018701136112213,212.8291,231.602,255.6043,267.8085,0.01716475561261177,False,True,0.0,test
coco:398:13:1191,coco,398,2008_001544.jpg,13,horse,horse,False,2,3,0.06245081126689911,3.2206,0.2797,496.9819,373.6407,0.4837201237678528,False,True,0.0,test
coco:398:13:1191,coco,398,2008_001544.jpg,13,horse,horse,False,2,4,0.05101028084754944,220.6341,80.6972,493.1313,154.5866,0.22315309941768646,False,True,0.0,test
coco:399:1:1194,coco,399,2008_001546.jpg,1,aeroplane,aeroplane,False,1,0,0.7388871908187866,34.0123,42.4955,490.5735,212.7573,0.9532179236412048,True,False,9.972762645914397,test
coco:402:15:1203,coco,402,2008_001551.jpg,15,person,person,False,4,0,0.2901275157928467,242.1183,184.0713,299.9885,340.7292,0.9430440664291382,True,False,9.972762645914397,test
coco:402:15:1203,coco,402,2008_001551.jpg,15,person,person,False,4,1,0.27143529057502747,206.2144,167.9978,267.1211,297.816,0.6752576231956482,True,False,9.972762645914397,test
coco:402:15:1203,coco,402,2008_001551.jpg,15,person,person,False,4,2,0.2615278959274292,2.2486,119.9342,177.7372,432.0363,0.9260783791542053,True,False,9.972762645914397,test
coco:402:15:1203,coco,402,2008_001551.jpg,15,person,person,False,4,3,0.2421121895313263,205.6175,254.8309,316.4807,385.7165,0.9637081027030945,True,False,9.972762645914397,test
coco:402:4:1204,coco,402,2008_001551.jpg,4,boat,boat,True,0,0,0.057717397809028625,0.7603,400.6269,207.7289,464.9244,0.0,False,True,0.0,test
coco:403:15:1206,coco,403,2008_001553.jpg,15,person,person,False,2,0,0.2848621606826782,241.624,108.2612,324.4113,310.6851,0.9567996859550476,True,False,9.972762645914397,test
coco:403:15:1206,coco,403,2008_001553.jpg,15,person,person,False,2,1,0.27418503165245056,0.3716,165.3068,40.5473,258.5702,0.6962042450904846,True,False,9.972762645914397,test
coco:403:15:1206,coco,403,2008_001553.jpg,15,person,person,False,2,2,0.06857848912477493,127.079,143.0385,144.7234,170.874,0.0,False,True,0.0,test
coco:403:15:1206,coco,403,2008_001553.jpg,15,person,person,False,2,3,0.05570410564541817,151.9556,137.1099,164.293,152.1638,0.0,False,True,0.0,test
coco:403:15:1206,coco,403,2008_001553.jpg,15,person,person,False,2,4,0.055589113384485245,104.9106,142.1647,118.9893,171.5992,0.0,False,True,0.0,test
coco:408:7:1221,coco,408,2008_001586.jpg,7,car,car,False,2,0,0.38849490880966187,33.7682,254.9315,74.8382,295.494,0.7615820169448853,True,False,9.972762645914397,test
coco:408:7:1221,coco,408,2008_001586.jpg,7,car,car,False,2,1,0.384786456823349,88.2078,250.9025,131.3686,289.5356,0.92186039686203,True,False,9.972762645914397,test
coco:408:7:1221,coco,408,2008_001586.jpg,7,car,car,False,2,2,0.24602018296718597,-0.0375,254.2792,21.3171,311.4616,0.0,False,True,9.972762645914397,test
coco:408:7:1221,coco,408,2008_001586.jpg,7,car,car,False,2,3,0.14308658242225647,33.7581,254.756,71.5833,274.3783,0.4659128189086914,False,True,0.0,test
coco:408:7:1221,coco,408,2008_001586.jpg,7,car,car,False,2,4,0.08144570887088776,0.1995,253.9285,21.4057,283.3958,0.0,False,True,0.0,test
coco:408:7:1221,coco,408,2008_001586.jpg,7,car,car,False,2,5,0.07883892208337784,0.7632,252.8313,86.1514,313.4001,0.3024052679538727,False,True,0.0,test
coco:408:7:1221,coco,408,2008_001586.jpg,7,car,car,False,2,6,0.07380912452936172,128.6942,260.8551,135.6907,285.5836,0.05704515054821968,False,True,0.0,test
coco:409:18:1224,coco,409,2008_001589.jpg,18,sofa,sofa,False,1,0,0.4337993562221527,1.0552,86.3176,300.08,412.9036,0.9586585760116577,True,False,9.972762645914397,test
coco:409:18:1224,coco,409,2008_001589.jpg,18,sofa,sofa,False,1,1,0.058549996465444565,0.076,286.501,298.569,499.3672,0.29915380477905273,False,True,0.0,test
coco:411:5:1230,coco,411,2008_001593.jpg,5,bottle,bottle,False,1,0,0.2726558446884155,116.0329,54.3903,282.8221,178.5724,0.9593438506126404,True,False,9.972762645914397,test
coco:412:5:1233,coco,412,2008_001594.jpg,5,bottle,bottle,False,1,0,0.2760257124900818,6.4337,110.0342,19.6632,143.4221,0.6292088031768799,True,False,9.972762645914397,test
coco:412:5:1233,coco,412,2008_001594.jpg,5,bottle,bottle,False,1,1,0.2279946506023407,19.2009,119.2809,28.3348,145.1769,0.11710016429424286,False,True,9.972762645914397,test
coco:412:5:1233,coco,412,2008_001594.jpg,5,bottle,bottle,False,1,2,0.05252186208963394,491.6684,143.4335,498.9857,170.4475,0.0,False,True,0.0,test
coco:415:15:1242,coco,415,2008_001602.jpg,15,person,person,False,1,0,0.22404034435749054,37.0284,75.3065,241.8146,410.5489,0.9577372670173645,True,False,0.0,test
coco:416:4:1247,coco,416,2008_001605.jpg,4,boat,boat,True,0,0,0.07511360198259354,21.8081,128.0985,387.9489,189.231,0.0,False,True,0.0,test
coco:416:4:1247,coco,416,2008_001605.jpg,4,boat,boat,True,0,1,0.050850942730903625,216.2452,162.0243,394.4995,326.6018,0.0,False,True,0.0,test
coco:419:15:1254,coco,419,2008_001619.jpg,15,person,person,False,2,0,0.25210848450660706,196.8335,155.7139,375.5245,279.0086,0.9027696847915649,True,False,9.972762645914397,test
coco:419:15:1254,coco,419,2008_001619.jpg,15,person,person,False,2,1,0.1735219806432724,0.4056,214.8589,368.1821,355.317,0.4118691086769104,False,True,0.0,test
coco:419:15:1254,coco,419,2008_001619.jpg,15,person,person,False,2,2,0.08634993433952332,1.7499,219.3165,152.2665,312.6883,0.6605570912361145,True,False,0.0,test
coco:419:15:1254,coco,419,2008_001619.jpg,15,person,person,False,2,3,0.07983735203742981,-1.055,218.0862,371.6462,495.5391,0.20326018333435059,False,True,0.0,test
coco:420:15:1257,coco,420,2008_001622.jpg,15,person,person,False,1,0,0.12329750508069992,1.6328,3.1411,434.1636,496.2821,0.9855235815048218,True,False,0.0,test
coco:422:19:1263,coco,422,2008_001625.jpg,19,train,train,False,1,0,0.6988305449485779,1.732,1.1308,494.1708,295.5438,0.9736628532409668,True,False,9.972762645914397,test
coco:423:15:1266,coco,423,2008_001629.jpg,15,person,person,False,2,0,0.2791873514652252,169.0932,60.8925,418.1151,375.1622,0.9763197898864746,True,False,9.972762645914397,test
coco:423:15:1266,coco,423,2008_001629.jpg,15,person,person,False,2,1,0.07375102490186691,-0.4193,136.3458,99.0814,372.2339,0.940244734287262,True,False,0.0,test
coco:424:5:1269,coco,424,2008_001636.jpg,5,bottle,bottle,False,2,0,0.4481106400489807,273.6556,147.2822,289.0246,187.3066,0.8615363836288452,True,False,9.972762645914397,test
coco:424:5:1269,coco,424,2008_001636.jpg,5,bottle,bottle,False,2,1,0.39147648215293884,289.1739,144.3064,305.2537,185.9375,0.8522000908851624,True,False,9.972762645914397,test
coco:424:5:1269,coco,424,2008_001636.jpg,5,bottle,bottle,False,2,2,0.13471531867980957,286.5622,136.166,307.9759,187.0648,0.5504932999610901,True,False,0.0,test
coco:427:15:1278,coco,427,2008_001648.jpg,15,person,person,False,1,0,0.13573580980300903,37.2313,38.2657,330.0116,485.4564,0.9342349171638489,True,False,0.0,test
coco:427:15:1278,coco,427,2008_001648.jpg,15,person,person,False,1,1,0.08665448427200317,0.849,437.1941,88.1346,499.1707,0.020994296297430992,False,True,0.0,test
coco:429:15:1284,coco,429,2008_001655.jpg,15,person,person,False,1,0,0.27410539984703064,129.4563,54.2525,354.8563,373.7289,0.9612076282501221,True,False,9.972762645914397,test
coco:429:15:1284,coco,429,2008_001655.jpg,15,person,person,False,1,1,0.22925356030464172,430.0401,191.7274,447.1046,271.7143,0.0,False,True,9.972762645914397,test
coco:429:15:1284,coco,429,2008_001655.jpg,15,person,person,False,1,2,0.17915619909763336,389.1958,186.2961,398.7811,245.1385,0.0,False,True,0.0,test
coco:429:15:1284,coco,429,2008_001655.jpg,15,person,person,False,1,3,0.06940151751041412,403.8838,164.2667,421.6844,206.0314,0.0,False,True,0.0,test
coco:429:15:1284,coco,429,2008_001655.jpg,15,person,person,False,1,4,0.058106694370508194,313.3063,166.7247,320.6526,194.3274,0.0029068009462207556,False,True,0.0,test
coco:430:15:1287,coco,430,2008_001659.jpg,15,person,person,False,2,0,0.25861531496047974,246.3473,51.597,498.0136,374.2294,0.9541499018669128,True,False,9.972762645914397,test
coco:430:15:1287,coco,430,2008_001659.jpg,15,person,person,False,2,1,0.20437203347682953,-0.2981,38.1222,307.6597,376.26,0.9848281741142273,True,False,0.0,test
coco:432:16:1293,coco,432,2008_001663.jpg,16,pottedplant,pottedplant,False,1,0,0.22274842858314514,183.3382,143.3504,218.4034,188.5476,0.7136895060539246,True,False,0.0,test
coco:432:16:1293,coco,432,2008_001663.jpg,16,pottedplant,pottedplant,False,1,1,0.16126284003257751,186.8467,143.7319,218.2542,178.8501,0.5059744715690613,True,False,0.0,test
coco:432:16:1293,coco,432,2008_001663.jpg,16,pottedplant,pottedplant,False,1,2,0.14471228420734406,176.6442,116.5437,210.1879,142.4891,0.0,False,True,0.0,test
coco:432:16:1293,coco,432,2008_001663.jpg,16,pottedplant,pottedplant,False,1,3,0.1429431289434433,232.5748,152.3152,250.9334,166.6372,0.0,False,True,0.0,test
coco:432:16:1293,coco,432,2008_001663.jpg,16,pottedplant,pottedplant,False,1,4,0.13995850086212158,214.4018,153.0562,227.7625,159.8595,0.008801831863820553,False,True,0.0,test
coco:432:16:1293,coco,432,2008_001663.jpg,16,pottedplant,pottedplant,False,1,5,0.13904233276844025,389.8789,170.024,398.6152,180.4943,0.0,False,True,0.0,test
coco:432:16:1293,coco,432,2008_001663.jpg,16,pottedplant,pottedplant,False,1,6,0.1273851990699768,377.0032,155.4438,400.0638,188.1199,0.0,False,True,0.0,test
coco:432:16:1293,coco,432,2008_001663.jpg,16,pottedplant,pottedplant,False,1,7,0.11218923330307007,190.9999,177.7071,202.8398,190.441,0.07501597702503204,False,True,0.0,test
coco:432:16:1293,coco,432,2008_001663.jpg,16,pottedplant,pottedplant,False,1,8,0.10558782517910004,237.5138,150.1838,303.1808,188.0759,0.0,False,True,0.0,test
coco:432:16:1293,coco,432,2008_001663.jpg,16,pottedplant,pottedplant,False,1,9,0.10177279263734818,390.0188,173.8211,397.8289,180.5871,0.0,False,True,0.0,test
coco:432:16:1293,coco,432,2008_001663.jpg,16,pottedplant,pottedplant,False,1,10,0.07931796461343765,334.2471,129.8721,389.3193,195.9089,0.0,False,True,0.0,test
coco:432:16:1293,coco,432,2008_001663.jpg,16,pottedplant,pottedplant,False,1,11,0.06795778125524521,174.4724,143.325,217.7122,178.6033,0.7035033106803894,True,False,0.0,test
coco:432:16:1293,coco,432,2008_001663.jpg,16,pottedplant,pottedplant,False,1,12,0.06361405551433563,216.0833,157.5508,231.9352,165.2798,0.0034553834702819586,False,True,0.0,test
coco:432:16:1293,coco,432,2008_001663.jpg,16,pottedplant,pottedplant,False,1,13,0.06128561869263649,385.655,210.5207,461.261,286.7039,0.0,False,True,0.0,test
coco:432:16:1293,coco,432,2008_001663.jpg,16,pottedplant,pottedplant,False,1,14,0.057647716253995895,426.7556,202.6732,460.5856,242.9375,0.0,False,True,0.0,test
coco:432:16:1293,coco,432,2008_001663.jpg,16,pottedplant,pottedplant,False,1,15,0.05735550448298454,368.0184,116.5413,388.6206,135.2352,0.0,False,True,0.0,test
coco:432:16:1293,coco,432,2008_001663.jpg,16,pottedplant,pottedplant,False,1,16,0.053577080368995667,405.0233,125.9386,458.1292,188.4942,0.0,False,True,0.0,test
coco:432:16:1293,coco,432,2008_001663.jpg,16,pottedplant,pottedplant,False,1,17,0.052885256707668304,69.3301,167.6367,165.7695,284.227,0.0,False,True,0.0,test
coco:432:16:1293,coco,432,2008_001663.jpg,16,pottedplant,pottedplant,False,1,18,0.05264362692832947,109.2391,165.7611,235.3461,284.8014,0.06553305685520172,False,True,0.0,test
coco:432:16:1293,coco,432,2008_001663.jpg,16,pottedplant,pottedplant,False,1,19,0.05237574502825737,162.4849,143.1798,201.0339,175.463,0.34955382347106934,False,True,0.0,test
coco:432:16:1293,coco,432,2008_001663.jpg,16,pottedplant,pottedplant,False,1,20,0.05228595435619354,38.0321,161.4107,461.5283,289.5671,0.022359998896718025,False,True,0.0,test
coco:432:16:1293,coco,432,2008_001663.jpg,16,pottedplant,pottedplant,False,1,21,0.051497530192136765,237.7856,152.4638,266.6938,185.5202,0.0,False,True,0.0,test
coco:432:16:1293,coco,432,2008_001663.jpg,16,pottedplant,pottedplant,False,1,22,0.050548043102025986,173.4153,189.9049,264.0878,284.5865,0.0003890248481184244,False,True,0.0,test
coco:434:15:1299,coco,434,2008_001668.jpg,15,person,person,False,2,0,0.2121673822402954,50.9015,66.1717,323.817,495.5588,0.9825158715248108,True,False,0.0,test
coco:434:15:1299,coco,434,2008_001668.jpg,15,person,person,False,2,1,0.11780592054128647,67.4975,130.6092,197.8425,390.5908,0.9730977416038513,True,False,0.0,test
coco:436:12:1305,coco,436,2008_001676.jpg,12,dog,dog,False,1,0,0.7302024364471436,1.1516,11.7949,475.0803,498.2676,0.9524832963943481,True,False,9.972762645914397,test
coco:436:12:1305,coco,436,2008_001676.jpg,12,dog,dog,False,1,1,0.1393475979566574,0.317,313.9772,429.435,499.4779,0.32816267013549805,False,True,0.0,test
coco:437:15:1308,coco,437,2008_001680.jpg,15,person,person,False,4,0,0.21319010853767395,239.8863,57.8271,432.0688,402.1672,0.9366294741630554,True,False,0.0,test
coco:437:15:1308,coco,437,2008_001680.jpg,15,person,person,False,4,1,0.21298018097877502,335.3964,7.6056,501.0664,401.6252,0.9811041355133057,True,False,0.0,test
coco:437:15:1308,coco,437,2008_001680.jpg,15,person,person,False,4,2,0.20537792146205902,-0.9967,29.4395,193.9398,401.9998,0.9704430103302002,True,False,0.0,test
coco:437:15:1308,coco,437,2008_001680.jpg,15,person,person,False,4,3,0.20148281753063202,116.605,73.7935,274.2756,400.7207,0.9589104652404785,True,False,0.0,test
coco:437:15:1308,coco,437,2008_001680.jpg,15,person,person,False,4,4,0.057350557297468185,-0.3064,3.1255,24.4974,166.0413,0.04447455704212189,False,True,0.0,test
coco:438:7:1311,coco,438,2008_001681.jpg,7,car,car,False,3,0,0.3925091326236725,145.448,248.6962,167.4639,262.9442,0.8362134099006653,True,False,9.972762645914397,test
coco:438:7:1311,coco,438,2008_001681.jpg,7,car,car,False,3,1,0.35821354389190674,216.5044,251.0002,235.6226,262.6496,0.9280058741569519,True,False,9.972762645914397,test
coco:438:7:1311,coco,438,2008_001681.jpg,7,car,car,False,3,2,0.3503468334674835,250.761,254.5947,268.5204,262.0358,0.0,False,True,9.972762645914397,test
coco:438:7:1311,coco,438,2008_001681.jpg,7,car,car,False,3,3,0.3035421073436737,236.5524,255.0553,245.1905,262.4818,0.0,False,True,9.972762645914397,test
coco:438:7:1311,coco,438,2008_001681.jpg,7,car,car,False,3,4,0.2568386495113373,51.2907,229.7978,97.8274,297.1836,0.9005624055862427,True,False,9.972762645914397,test
coco:438:7:1311,coco,438,2008_001681.jpg,7,car,car,False,3,5,0.25107190012931824,90.6307,242.3938,101.596,263.5964,0.030881915241479874,False,True,9.972762645914397,test
coco:438:7:1311,coco,438,2008_001681.jpg,7,car,car,False,3,6,0.20200000703334808,263.5252,255.3277,268.9083,261.415,0.0,False,True,0.0,test
coco:438:7:1311,coco,438,2008_001681.jpg,7,car,car,False,3,7,0.1785944104194641,487.2537,319.8188,500.2817,374.4538,0.0,False,True,0.0,test
coco:438:7:1311,coco,438,2008_001681.jpg,7,car,car,False,3,8,0.17790058255195618,248.3522,255.6585,256.8604,262.1295,0.0,False,True,0.0,test
coco:438:7:1311,coco,438,2008_001681.jpg,7,car,car,False,3,9,0.17044946551322937,163.9118,254.8073,168.6013,262.3005,0.05124189332127571,False,True,0.0,test
coco:438:7:1311,coco,438,2008_001681.jpg,7,car,car,False,3,10,0.14394629001617432,216.1608,255.1761,222.8876,262.3706,0.18099002540111542,False,True,0.0,test
coco:438:7:1311,coco,438,2008_001681.jpg,7,car,car,False,3,11,0.1369587779045105,146.4321,253.2093,164.8056,262.5015,0.5723150372505188,True,False,0.0,test
coco:438:7:1311,coco,438,2008_001681.jpg,7,car,car,False,3,12,0.12894070148468018,189.0203,243.7692,210.8588,261.4666,0.0,False,True,0.0,test
coco:438:7:1311,coco,438,2008_001681.jpg,7,car,car,False,3,13,0.12873627245426178,147.0027,248.2415,163.2207,255.3241,0.3594949543476105,False,True,0.0,test
coco:438:7:1311,coco,438,2008_001681.jpg,7,car,car,False,3,14,0.11500325798988342,118.8444,251.915,124.4276,260.3732,0.0,False,True,0.0,test
coco:438:7:1311,coco,438,2008_001681.jpg,7,car,car,False,3,15,0.1115003228187561,229.7358,256.3734,235.9081,262.4703,0.1650528758764267,False,True,0.0,test
coco:438:7:1311,coco,438,2008_001681.jpg,7,car,car,False,3,16,0.11040721088647842,93.7036,245.9303,102.9044,262.5363,0.007197187747806311,False,True,0.0,test
coco:438:7:1311,coco,438,2008_001681.jpg,7,car,car,False,3,17,0.09652151167392731,232.5008,256.6685,237.9729,262.762,0.08883491903543472,False,True,0.0,test
coco:438:7:1311,coco,438,2008_001681.jpg,7,car,car,False,3,18,0.09589584916830063,206.4372,244.6614,217.9221,261.296,0.023180900141596794,False,True,0.0,test
coco:438:7:1311,coco,438,2008_001681.jpg,7,car,car,False,3,19,0.08850298076868057,215.8231,251.0282,266.5902,263.3243,0.3640751838684082,False,True,0.0,test
coco:438:7:1311,coco,438,2008_001681.jpg,7,car,car,False,3,20,0.08823198080062866,218.8042,253.9978,234.3752,262.8719,0.6060457229614258,True,False,0.0,test
coco:438:7:1311,coco,438,2008_001681.jpg,7,car,car,False,3,21,0.07733794301748276,214.6119,250.1034,217.5806,253.4382,0.005986153148114681,False,True,0.0,test
coco:438:7:1311,coco,438,2008_001681.jpg,7,car,car,False,3,22,0.06897179037332535,78.8258,233.2449,96.586,291.2304,0.31770947575569153,False,True,0.0,test
coco:438:7:1311,coco,438,2008_001681.jpg,7,car,car,False,3,23,0.06785967200994492,296.3422,242.3987,302.8441,245.8903,0.0,False,True,0.0,test
coco:438:7:1311,coco,438,2008_001681.jpg,7,car,car,False,3,24,0.06757378578186035,219.2596,250.7308,234.4822,261.2335,0.6711849570274353,True,False,0.0,test
coco:438:7:1311,coco,438,2008_001681.jpg,7,car,car,False,3,25,0.06583835184574127,251.3027,255.4421,259.9526,261.6057,0.0,False,True,0.0,test
coco:438:7:1311,coco,438,2008_001681.jpg,7,car,car,False,3,26,0.057652004063129425,90.2852,242.3458,97.1082,249.3186,0.011435924097895622,False,True,0.0,test
coco:438:7:1311,coco,438,2008_001681.jpg,7,car,car,False,3,27,0.0521269291639328,158.1536,254.1802,168.1525,262.2249,0.2100699245929718,False,True,0.0,test
coco:438:7:1311,coco,438,2008_001681.jpg,7,car,car,False,3,28,0.051056403666734695,184.9543,253.125,190.8532,261.3596,0.0,False,True,0.0,test
coco:438:14:1313,coco,438,2008_001681.jpg,14,motorbike,motorbike,True,0,0,0.07646311819553375,118.8444,251.915,124.4276,260.3732,0.0,False,True,0.0,test
coco:439:13:1314,coco,439,2008_001682.jpg,13,horse,horse,False,1,0,0.874622106552124,149.8644,130.379,315.5785,303.0511,0.9712446331977844,True,False,9.972762645914397,test
coco:440:3:1318,coco,440,2008_001688.jpg,3,bird,bird,True,0,0,0.050469160079956055,411.4166,212.7265,424.255,234.6217,0.0,False,True,0.0,test
coco:441:15:1320,coco,441,2008_001697.jpg,15,person,person,False,5,0,0.28471583127975464,255.7244,204.8609,286.8484,320.132,0.9195557832717896,True,False,9.972762645914397,test
coco:441:15:1320,coco,441,2008_001697.jpg,15,person,person,False,5,1,0.28311654925346375,337.4135,207.6627,362.1931,270.8102,0.8233622908592224,True,False,9.972762645914397,test
coco:441:15:1320,coco,441,2008_001697.jpg,15,person,person,False,5,2,0.27851930260658264,289.4645,204.2014,321.6571,294.9193,0.8396908640861511,True,False,9.972762645914397,test
coco:441:15:1320,coco,441,2008_001697.jpg,15,person,person,False,5,3,0.2679085433483124,183.6833,200.7101,227.0372,308.0354,0.7710551023483276,True,False,9.972762645914397,test
coco:441:15:1320,coco,441,2008_001697.jpg,15,person,person,False,5,4,0.2527337074279785,438.2791,186.5533,486.6009,315.2499,0.9688194990158081,True,False,9.972762645914397,test
coco:441:15:1320,coco,441,2008_001697.jpg,15,person,person,False,5,5,0.23201113939285278,278.5847,178.4816,297.9593,221.4207,0.04194394871592522,False,True,9.972762645914397,test
coco:441:15:1320,coco,441,2008_001697.jpg,15,person,person,False,5,6,0.22390975058078766,186.7041,180.5586,203.9816,217.6045,0.047972895205020905,False,True,0.0,test
coco:441:15:1320,coco,441,2008_001697.jpg,15,person,person,False,5,7,0.21812623739242554,176.3483,209.7554,204.7019,286.8471,0.1993248462677002,False,True,0.0,test
coco:441:15:1320,coco,441,2008_001697.jpg,15,person,person,False,5,8,0.2167617380619049,29.6954,183.8173,47.87,233.3099,0.0,False,True,0.0,test
coco:441:15:1320,coco,441,2008_001697.jpg,15,person,person,False,5,9,0.18455472588539124,138.796,178.7509,154.6597,221.3678,0.0,False,True,0.0,test
coco:441:15:1320,coco,441,2008_001697.jpg,15,person,person,False,5,10,0.1827542930841446,323.2855,179.8646,342.1118,218.4202,0.031298231333494186,False,True,0.0,test
coco:441:15:1320,coco,441,2008_001697.jpg,15,person,person,False,5,11,0.17511478066444397,302.3116,181.1094,318.4559,212.0996,0.03398587182164192,False,True,0.0,test
coco:441:15:1320,coco,441,2008_001697.jpg,15,person,person,False,5,12,0.17212353646755219,62.7734,188.9296,80.3983,231.3284,0.0,False,True,0.0,test
coco:441:15:1320,coco,441,2008_001697.jpg,15,person,person,False,5,13,0.15156380832195282,46.6411,183.9833,56.9371,231.2822,0.0,False,True,0.0,test
coco:441:15:1320,coco,441,2008_001697.jpg,15,person,person,False,5,14,0.15111298859119415,148.0904,128.2207,196.2766,158.526,0.0,False,True,0.0,test
coco:441:15:1320,coco,441,2008_001697.jpg,15,person,person,False,5,15,0.14513632655143738,171.5834,124.583,186.579,154.8225,0.0,False,True,0.0,test
coco:441:15:1320,coco,441,2008_001697.jpg,15,person,person,False,5,16,0.13307659327983856,230.0668,147.5892,254.5718,194.8223,0.0,False,True,0.0,test
coco:441:15:1320,coco,441,2008_001697.jpg,15,person,person,False,5,17,0.13281826674938202,292.1487,124.3671,327.1415,156.0119,0.0,False,True,0.0,test
coco:441:15:1320,coco,441,2008_001697.jpg,15,person,person,False,5,18,0.11748935282230377,118.3803,189.0004,127.0345,227.4764,0.0,False,True,0.0,test
coco:441:15:1320,coco,441,2008_001697.jpg,15,person,person,False,5,19,0.11509818583726883,75.6507,190.1729,86.94,229.1178,0.0,False,True,0.0,test
coco:441:15:1320,coco,441,2008_001697.jpg,15,person,person,False,5,20,0.11451651901006699,318.3617,122.0192,340.7062,154.7951,0.0,False,True,0.0,test
coco:441:15:1320,coco,441,2008_001697.jpg,15,person,person,False,5,21,0.11419597268104553,178.9209,208.8516,224.2177,289.278,0.5445992946624756,True,False,0.0,test
coco:441:15:1320,coco,441,2008_001697.jpg,15,person,person,False,5,22,0.11142368614673615,404.5219,189.093,416.9895,221.4969,0.0,False,True,0.0,test
coco:441:15:1320,coco,441,2008_001697.jpg,15,person,person,False,5,23,0.11111871898174286,360.2927,188.0266,369.2583,216.9143,0.0032027128618210554,False,True,0.0,test
coco:441:15:1320,coco,441,2008_001697.jpg,15,person,person,False,5,24,0.1110265776515007,377.7183,186.3212,390.6777,221.9347,0.0,False,True,0.0,test
coco:441:15:1320,coco,441,2008_001697.jpg,15,person,person,False,5,25,0.10703107714653015,298.563,125.6561,308.7801,150.5051,0.0,False,True,0.0,test
coco:441:15:1320,coco,441,2008_001697.jpg,15,person,person,False,5,26,0.09915465116500854,368.4332,185.0041,378.275,218.001,0.0,False,True,0.0,test
coco:441:15:1320,coco,441,2008_001697.jpg,15,person,person,False,5,27,0.09776853024959564,110.8172,193.9764,120.7281,226.952,0.0,False,True,0.0,test
coco:441:15:1320,coco,441,2008_001697.jpg,15,person,person,False,5,28,0.0897548571228981,267.2498,120.2793,291.475,155.5846,0.0,False,True,0.0,test
coco:441:15:1320,coco,441,2008_001697.jpg,15,person,person,False,5,29,0.08910953253507614,98.6767,192.9052,106.7261,227.9655,0.0,False,True,0.0,test
coco:441:15:1320,coco,441,2008_001697.jpg,15,person,person,False,5,30,0.08387713879346848,86.5806,190.4248,94.8265,227.9485,0.0,False,True,0.0,test
coco:441:15:1320,coco,441,2008_001697.jpg,15,person,person,False,5,31,0.07774019986391068,283.2214,131.2697,331.5575,157.4484,0.0,False,True,0.0,test
coco:441:15:1320,coco,441,2008_001697.jpg,15,person,person,False,5,32,0.0762469694018364,229.6236,185.6714,243.0318,195.2173,0.0,False,True,0.0,test
coco:441:15:1320,coco,441,2008_001697.jpg,15,person,person,False,5,33,0.0730075016617775,370.5415,185.5466,379.4188,218.3529,0.0,False,True,0.0,test
coco:441:15:1320,coco,441,2008_001697.jpg,15,person,person,False,5,34,0.07260292023420334,168.6325,182.433,180.8512,195.0723,0.0,False,True,0.0,test
coco:441:15:1320,coco,441,2008_001697.jpg,15,person,person,False,5,35,0.07141934335231781,416.0226,191.6272,426.812,224.7555,0.0,False,True,0.0,test
coco:441:15:1320,coco,441,2008_001697.jpg,15,person,person,False,5,36,0.07072333246469498,189.3306,119.2072,213.2715,156.6256,0.0,False,True,0.0,test
coco:441:15:1320,coco,441,2008_001697.jpg,15,person,person,False,5,37,0.07007192075252533,207.4705,135.3494,272.9539,197.6021,0.0,False,True,0.0,test
coco:441:15:1320,coco,441,2008_001697.jpg,15,person,person,False,5,38,0.06833791732788086,296.0886,183.1096,306.8003,220.462,0.047635555267333984,False,True,0.0,test
coco:441:15:1320,coco,441,2008_001697.jpg,15,person,person,False,5,39,0.06785836070775986,19.4976,79.5241,33.9699,114.6057,0.0,False,True,0.0,test
coco:441:15:1320,coco,441,2008_001697.jpg,15,person,person,False,5,40,0.06697709858417511,89.9896,180.4226,103.6471,229.1445,0.0,False,True,0.0,test
coco:441:15:1320,coco,441,2008_001697.jpg,15,person,person,False,5,41,0.06572780013084412,186.9927,180.6077,202.478,199.515,0.0,False,True,0.0,test
coco:441:15:1320,coco,441,2008_001697.jpg,15,person,person,False,5,42,0.06492526084184647,309.1937,207.4402,322.4573,256.9197,0.18869443237781525,False,True,0.0,test
coco:441:15:1320,coco,441,2008_001697.jpg,15,person,person,False,5,43,0.06020449474453926,105.9785,194.2502,113.7706,227.0812,0.0,False,True,0.0,test
coco:441:15:1320,coco,441,2008_001697.jpg,15,person,person,False,5,44,0.059788431972265244,78.599,76.778,89.23,112.4343,0.0,False,True,0.0,test
coco:441:15:1320,coco,441,2008_001697.jpg,15,person,person,False,5,45,0.05796384811401367,186.4597,239.0006,202.905,287.0647,0.13194891810417175,False,True,0.0,test
coco:441:15:1320,coco,441,2008_001697.jpg,15,person,person,False,5,46,0.0571199394762516,0.1286,187.3274,14.0408,210.9731,0.0,False,True,0.0,test
coco:441:15:1320,coco,441,2008_001697.jpg,15,person,person,False,5,47,0.056710291653871536,272.1669,123.6518,283.5902,138.9099,0.0,False,True,0.0,test
coco:441:15:1320,coco,441,2008_001697.jpg,15,person,person,False,5,48,0.05363612622022629,485.3351,118.4775,496.2458,147.5627,0.0,False,True,0.0,test
coco:441:15:1320,coco,441,2008_001697.jpg,15,person,person,False,5,49,0.052711162716150284,385.9898,187.062,393.5192,221.6481,0.0,False,True,0.0,test
coco:441:15:1320,coco,441,2008_001697.jpg,15,person,person,False,5,50,0.05116443336009979,218.1675,146.4408,246.16,196.0243,0.0,False,True,0.0,test
coco:441:15:1320,coco,441,2008_001697.jpg,15,person,person,False,5,51,0.05016499012708664,354.3549,181.4666,394.5127,222.201,0.028969625011086464,False,True,0.0,test
coco:441:13:1322,coco,441,2008_001697.jpg,13,horse,horse,True,0,0,0.15014852583408356,283.2214,131.2697,331.5575,157.4484,0.0,False,True,0.0,test
coco:441:13:1322,coco,441,2008_001697.jpg,13,horse,horse,True,0,1,0.14672331511974335,148.0904,128.2207,196.2766,158.526,0.0,False,True,0.0,test
coco:441:13:1322,coco,441,2008_001697.jpg,13,horse,horse,True,0,2,0.0828549712896347,404.5219,189.093,416.9895,221.4969,0.0,False,True,0.0,test
coco:442:9:1323,coco,442,2008_001702.jpg,9,chair,chair,False,1,0,0.33213943243026733,-0.225,59.507,163.7544,505.0632,0.8564875721931458,True,False,9.972762645914397,test
coco:442:9:1323,coco,442,2008_001702.jpg,9,chair,chair,False,1,1,0.0862651988863945,0.3882,0.5892,70.5952,67.102,0.055826958268880844,False,True,0.0,test
coco:442:9:1323,coco,442,2008_001702.jpg,9,chair,chair,False,1,2,0.06771291792392731,0.58,2.8953,71.1413,223.7803,0.18796032667160034,False,True,0.0,test
coco:442:9:1323,coco,442,2008_001702.jpg,9,chair,chair,False,1,3,0.0635363832116127,0.5335,45.1907,344.0525,497.8358,0.4578036367893219,False,True,0.0,test
coco:442:9:1323,coco,442,2008_001702.jpg,9,chair,chair,False,1,4,0.05255928263068199,0.3235,80.3208,53.4756,226.7495,0.09321315586566925,False,True,0.0,test
coco:444:15:1329,coco,444,2008_001714.jpg,15,person,person,False,1,0,0.2439669370651245,124.1493,184.1288,213.9137,349.0308,0.9446732997894287,True,False,9.972762645914397,test
coco:445:9:1332,coco,445,2008_001715.jpg,9,chair,chair,False,1,0,0.4088832139968872,112.4733,38.7814,290.5189,331.4371,0.9777325987815857,True,False,9.972762645914397,test
coco:445:9:1332,coco,445,2008_001715.jpg,9,chair,chair,False,1,1,0.2698749005794525,345.8383,105.7677,453.295,269.9353,0.0,False,True,9.972762645914397,test
coco:445:9:1332,coco,445,2008_001715.jpg,9,chair,chair,False,1,2,0.2214989960193634,265.202,3.1755,297.6,69.5804,0.015023906715214252,False,True,0.0,test
coco:445:9:1332,coco,445,2008_001715.jpg,9,chair,chair,False,1,3,0.1500800997018814,265.5504,2.3746,326.2961,70.2852,0.014642607420682907,False,True,0.0,test
coco:445:9:1332,coco,445,2008_001715.jpg,9,chair,chair,False,1,4,0.14890605211257935,111.4741,30.6628,450.1658,330.7719,0.5154557824134827,True,False,0.0,test
coco:445:9:1332,coco,445,2008_001715.jpg,9,chair,chair,False,1,5,0.08565641939640045,275.1669,4.8318,447.9753,272.6091,0.04115263372659683,False,True,0.0,test
coco:445:9:1332,coco,445,2008_001715.jpg,9,chair,chair,False,1,6,0.05566253140568733,304.778,-0.1208,328.9117,46.6587,0.0,False,True,0.0,test
coco:446:6:1336,coco,446,2008_001717.jpg,6,bus,bus,True,0,0,0.07174251973628998,282.5789,279.5915,339.153,304.8955,0.0,False,True,0.0,test
coco:446:6:1336,coco,446,2008_001717.jpg,6,bus,bus,True,0,1,0.05229406803846359,273.5794,278.5242,293.0392,289.7146,0.0,False,True,0.0,test
coco:447:15:1338,coco,447,2008_001722.jpg,15,person,person,False,2,0,0.48082447052001953,270.2473,134.4326,324.9674,177.8629,0.9187356233596802,True,False,9.972762645914397,test
coco:447:15:1338,coco,447,2008_001722.jpg,15,person,person,False,2,1,0.4132749140262604,246.1491,142.7162,284.3679,176.6249,0.5932528972625732,True,False,9.972762645914397,test
coco:452:15:1353,coco,452,2008_001736.jpg,15,person,person,False,1,0,0.21322345733642578,34.0278,28.9873,310.8121,499.0802,0.9946485161781311,True,False,0.0,test
coco:452:8:1354,coco,452,2008_001736.jpg,8,cat,cat,True,0,0,0.0756506696343422,280.5639,408.9946,317.4318,445.8684,0.0,False,True,0.0,test
coco:452:8:1354,coco,452,2008_001736.jpg,8,cat,cat,True,0,1,0.06472110003232956,260.0983,441.6089,280.5767,462.5367,0.0,False,True,0.0,test
coco:452:8:1354,coco,452,2008_001736.jpg,8,cat,cat,True,0,2,0.05780380219221115,312.8573,371.0328,336.2013,427.2464,0.0,False,True,0.0,test
coco:453:15:1356,coco,453,2008_001742.jpg,15,person,person,False,1,0,0.24965785443782806,41.8765,102.8971,154.5168,374.5043,0.9635868072509766,True,False,9.972762645914397,test
coco:454:15:1359,coco,454,2008_001745.jpg,15,person,person,False,4,0,0.23118777573108673,-0.479,53.0158,118.9617,498.5366,0.9819037914276123,True,False,9.972762645914397,test
coco:454:15:1359,coco,454,2008_001745.jpg,15,person,person,False,4,1,0.23010988533496857,78.3102,88.6619,165.9156,404.724,0.8912619948387146,True,False,9.972762645914397,test
coco:454:15:1359,coco,454,2008_001745.jpg,15,person,person,False,4,2,0.2124384045600891,214.1956,81.3972,267.6688,291.1943,0.9380565285682678,True,False,0.0,test
coco:454:15:1359,coco,454,2008_001745.jpg,15,person,person,False,4,3,0.20625360310077667,159.5804,60.5799,236.4839,346.8367,0.9521697163581848,True,False,0.0,test
coco:454:15:1359,coco,454,2008_001745.jpg,15,person,person,False,4,4,0.1349031776189804,207.8081,102.0866,216.7615,126.3303,0.0093885138630867,False,True,0.0,test
coco:454:15:1359,coco,454,2008_001745.jpg,15,person,person,False,4,5,0.07203873246908188,15.4353,120.2143,23.3686,136.0051,0.0023697377182543278,False,True,0.0,test
coco:454:15:1359,coco,454,2008_001745.jpg,15,person,person,False,4,6,0.05115519091486931,217.8608,99.7757,226.6809,109.4237,0.007547277957201004,False,True,0.0,test
coco:456:15:1365,coco,456,2008_001757.jpg,15,person,person,False,2,0,0.18571145832538605,57.3371,173.6678,128.192,374.1031,0.1775030642747879,False,True,0.0,test
coco:456:15:1365,coco,456,2008_001757.jpg,15,person,person,False,2,1,0.17956918478012085,82.0199,110.6002,263.3239,375.0951,0.9621942639350891,True,False,0.0,test
coco:456:15:1365,coco,456,2008_001757.jpg,15,person,person,False,2,2,0.16467387974262238,212.556,63.2063,401.3939,378.5529,0.9201785922050476,True,False,0.0,test
coco:456:15:1365,coco,456,2008_001757.jpg,15,person,person,False,2,3,0.08235062658786774,72.6476,166.2566,127.474,243.269,0.07276135683059692,False,True,0.0,test
coco:456:15:1365,coco,456,2008_001757.jpg,15,person,person,False,2,4,0.0804101824760437,92.692,62.717,400.6231,375.9586,0.5988183617591858,True,False,0.0,test
coco:458:15:1371,coco,458,2008_001764.jpg,15,person,person,False,2,0,0.28926852345466614,230.353,116.1659,377.9233,313.4561,0.9542688727378845,True,False,9.972762645914397,test
coco:458:15:1371,coco,458,2008_001764.jpg,15,person,person,False,2,1,0.24676893651485443,186.5884,143.3862,290.2145,311.5893,0.8401246070861816,True,False,9.972762645914397,test
coco:458:20:1373,coco,458,2008_001764.jpg,20,tvmonitor,tvmonitor,True,0,0,0.14536061882972717,174.8938,126.5346,319.887,228.3614,0.0,False,True,0.0,test
coco:460:18:1379,coco,460,2008_001769.jpg,18,sofa,sofa,True,0,0,0.06749491393566132,-1.5732,3.2276,468.006,494.0474,0.0,False,True,0.0,test
coco:463:1:1386,coco,463,2008_001774.jpg,1,aeroplane,aeroplane,False,1,0,0.7209796905517578,219.0446,170.4455,254.6424,200.977,0.8901349306106567,True,False,9.972762645914397,test
coco:464:15:1389,coco,464,2008_001782.jpg,15,person,person,False,4,0,0.4596916735172272,194.6927,179.7724,230.6968,269.5215,0.8887993693351746,True,False,9.972762645914397,test
coco:464:15:1389,coco,464,2008_001782.jpg,15,person,person,False,4,1,0.4393453896045685,217.8038,172.069,304.7177,261.2891,0.9574596881866455,True,False,9.972762645914397,test
coco:464:15:1389,coco,464,2008_001782.jpg,15,person,person,False,4,2,0.4196627140045166,398.3969,28.9303,425.7169,93.7658,0.9116355180740356,True,False,9.972762645914397,test
coco:464:15:1389,coco,464,2008_001782.jpg,15,person,person,False,4,3,0.41836240887641907,18.3589,74.0763,51.9432,154.6581,0.9429556727409363,True,False,9.972762645914397,test
coco:465:16:1392,coco,465,2008_001784.jpg,16,pottedplant,pottedplant,False,1,0,0.05444278568029404,0.2191,93.2401,58.9226,254.0697,0.8392804265022278,True,False,0.0,test
coco:465:16:1392,coco,465,2008_001784.jpg,16,pottedplant,pottedplant,False,1,1,0.0537809319794178,412.6405,100.3166,498.7373,299.7653,0.0,False,True,0.0,test
coco:465:13:1393,coco,465,2008_001784.jpg,13,horse,horse,True,0,0,0.07256513088941574,378.1679,21.8845,414.5852,71.6124,0.0,False,True,0.0,test
coco:466:8:1395,coco,466,2008_001792.jpg,8,cat,cat,False,2,0,0.6885465383529663,226.8694,108.9507,377.8342,306.1109,0.9758015275001526,True,False,9.972762645914397,test
coco:466:8:1395,coco,466,2008_001792.jpg,8,cat,cat,False,2,1,0.6457157135009766,95.3699,165.5156,234.2112,267.4642,0.9448354840278625,True,False,9.972762645914397,test
coco:466:8:1395,coco,466,2008_001792.jpg,8,cat,cat,False,2,2,0.10351335257291794,270.8087,117.8434,333.6658,134.7438,0.036251503974199295,False,True,0.0,test
coco:466:8:1395,coco,466,2008_001792.jpg,8,cat,cat,False,2,3,0.09240313619375229,97.6138,109.3654,377.3927,304.7765,0.5253074169158936,True,False,0.0,test
coco:466:8:1395,coco,466,2008_001792.jpg,8,cat,cat,False,2,4,0.05935920029878616,266.1464,116.7622,372.9333,199.6828,0.3021712899208069,False,True,0.0,test
coco:467:4:1398,coco,467,2008_001799.jpg,4,boat,boat,False,2,0,0.48855656385421753,219.6929,195.7726,373.5855,245.5128,0.1192501112818718,False,True,9.972762645914397,test
coco:467:4:1398,coco,467,2008_001799.jpg,4,boat,boat,False,2,1,0.4062953591346741,231.3245,165.2437,332.9263,192.0211,0.04238397628068924,False,True,9.972762645914397,test
coco:467:4:1398,coco,467,2008_001799.jpg,4,boat,boat,False,2,2,0.33571088314056396,325.0265,295.989,374.0659,333.2861,0.0,False,True,9.972762645914397,test
coco:467:4:1398,coco,467,2008_001799.jpg,4,boat,boat,False,2,3,0.3346305191516876,168.906,338.1043,375.3899,384.52,0.03277205675840378,False,True,9.972762645914397,test
coco:467:4:1398,coco,467,2008_001799.jpg,4,boat,boat,False,2,4,0.3225376307964325,357.9734,79.3365,374.705,97.6184,0.004765310324728489,False,True,9.972762645914397,test
coco:467:4:1398,coco,467,2008_001799.jpg,4,boat,boat,False,2,5,0.32071566581726074,122.6057,173.8602,371.8277,259.4245,0.3192065358161926,False,True,9.972762645914397,test
coco:467:4:1398,coco,467,2008_001799.jpg,4,boat,boat,False,2,6,0.3198663294315338,169.4181,343.8396,240.2922,382.7812,0.029165208339691162,False,True,9.972762645914397,test
coco:467:4:1398,coco,467,2008_001799.jpg,4,boat,boat,False,2,7,0.30676794052124023,124.9901,217.3084,240.5523,254.847,0.06446254998445511,False,True,9.972762645914397,test
coco:467:4:1398,coco,467,2008_001799.jpg,4,boat,boat,False,2,8,0.23398801684379578,84.7961,318.4198,229.6246,377.0036,0.09274621307849884,False,True,9.972762645914397,test
coco:467:4:1398,coco,467,2008_001799.jpg,4,boat,boat,False,2,9,0.22965210676193237,327.6024,201.7751,373.9554,242.669,0.02953042834997177,False,True,9.972762645914397,test
coco:467:4:1398,coco,467,2008_001799.jpg,4,boat,boat,False,2,10,0.22921708226203918,331.1478,74.5553,373.7247,103.4288,0.019151687622070312,False,True,9.972762645914397,test
coco:467:4:1398,coco,467,2008_001799.jpg,4,boat,boat,False,2,11,0.213840052485466,168.8046,341.0988,292.9079,382.1613,0.030311930924654007,False,True,0.0,test
coco:467:4:1398,coco,467,2008_001799.jpg,4,boat,boat,False,2,12,0.2133859544992447,165.3772,221.7555,374.7301,380.8928,0.1020568460226059,False,True,0.0,test
coco:467:4:1398,coco,467,2008_001799.jpg,4,boat,boat,False,2,13,0.21075718104839325,124.3418,169.3661,243.4143,256.5652,0.15289296209812164,False,True,0.0,test
coco:467:4:1398,coco,467,2008_001799.jpg,4,boat,boat,False,2,14,0.20847709476947784,218.2454,199.5412,327.0681,227.9445,0.04815268516540527,False,True,0.0,test
coco:467:4:1398,coco,467,2008_001799.jpg,4,boat,boat,False,2,15,0.1856284886598587,167.2964,381.5122,239.8512,431.262,0.004097089171409607,False,True,0.0,test
coco:467:4:1398,coco,467,2008_001799.jpg,4,boat,boat,False,2,16,0.18229667842388153,164.4603,228.1289,285.7026,379.6608,0.11289189010858536,False,True,0.0,test
coco:467:4:1398,coco,467,2008_001799.jpg,4,boat,boat,False,2,17,0.1636848896741867,23.7332,5.5557,239.903,380.3057,0.8709405064582825,True,False,0.0,test
coco:467:4:1398,coco,467,2008_001799.jpg,4,boat,boat,False,2,18,0.16320578753948212,74.923,173.7799,374.1617,381.9629,0.2833203375339508,False,True,0.0,test
coco:467:4:1398,coco,467,2008_001799.jpg,4,boat,boat,False,2,19,0.1615174561738968,287.6634,198.4301,374.2027,245.8203,0.06389028578996658,False,True,0.0,test
coco:467:4:1398,coco,467,2008_001799.jpg,4,boat,boat,False,2,20,0.15677490830421448,291.9875,348.0907,374.3507,385.9594,0.0,False,True,0.0,test
coco:467:4:1398,coco,467,2008_001799.jpg,4,boat,boat,False,2,21,0.1554371863603592,285.7737,78.0469,373.4034,109.5366,0.042988572269678116,False,True,0.0,test
coco:467:4:1398,coco,467,2008_001799.jpg,4,boat,boat,False,2,22,0.15419265627861023,217.4165,185.4668,375.2936,256.5749,0.17451034486293793,False,True,0.0,test
coco:467:4:1398,coco,467,2008_001799.jpg,4,boat,boat,False,2,23,0.15279148519039154,19.7305,2.4482,372.9355,381.99,0.5805530548095703,True,False,0.0,test
coco:467:4:1398,coco,467,2008_001799.jpg,4,boat,boat,False,2,24,0.14783160388469696,211.3457,370.3911,369.5707,409.6871,0.00455186702311039,False,True,0.0,test
coco:467:4:1398,coco,467,2008_001799.jpg,4,boat,boat,False,2,25,0.14734070003032684,352.9816,76.3531,375.0362,93.2645,0.0058008902706205845,False,True,0.0,test
coco:467:4:1398,coco,467,2008_001799.jpg,4,boat,boat,False,2,26,0.14565038681030273,226.7803,164.6438,343.1663,238.0207,0.13304314017295837,False,True,0.0,test
coco:467:4:1398,coco,467,2008_001799.jpg,4,boat,boat,False,2,27,0.13926076889038086,11.5687,49.8402,31.4624,59.7108,0.002146459650248289,False,True,0.0,test
coco:467:4:1398,coco,467,2008_001799.jpg,4,boat,boat,False,2,28,0.13505977392196655,123.0403,6.9326,247.609,253.8154,0.44054657220840454,False,True,0.0,test
coco:467:4:1398,coco,467,2008_001799.jpg,4,boat,boat,False,2,29,0.1267152726650238,228.0738,196.3054,377.6528,343.217,0.12831918895244598,False,True,0.0,test
coco:467:4:1398,coco,467,2008_001799.jpg,4,boat,boat,False,2,30,0.12040899693965912,82.9229,324.3718,148.032,368.1918,0.031187376007437706,False,True,0.0,test
coco:467:4:1398,coco,467,2008_001799.jpg,4,boat,boat,False,2,31,0.1196470782160759,152.8216,375.0314,372.5289,489.6029,0.008816239424049854,False,True,0.0,test
coco:467:4:1398,coco,467,2008_001799.jpg,4,boat,boat,False,2,32,0.11920659244060516,316.0797,267.0507,375.5147,333.706,0.0,False,True,0.0,test
coco:467:4:1398,coco,467,2008_001799.jpg,4,boat,boat,False,2,33,0.11672177165746689,286.1494,91.3221,317.7486,109.5221,0.008959452621638775,False,True,0.0,test
coco:467:4:1398,coco,467,2008_001799.jpg,4,boat,boat,False,2,34,0.1108151525259018,293.4598,199.6708,376.5957,332.7029,0.07367922365665436,False,True,0.0,test
coco:467:4:1398,coco,467,2008_001799.jpg,4,boat,boat,False,2,35,0.11049538105726242,169.3961,5.7723,369.998,377.1595,0.592490553855896,True,False,0.0,test
coco:467:4:1398,coco,467,2008_001799.jpg,4,boat,boat,False,2,36,0.10723505169153214,113.1622,4.8946,364.7082,262.2596,0.8815329074859619,True,False,0.0,test
coco:467:4:1398,coco,467,2008_001799.jpg,4,boat,boat,False,2,37,0.10641925036907196,230.3628,266.661,374.9327,351.3725,0.006276161875575781,False,True,0.0,test
coco:467:4:1398,coco,467,2008_001799.jpg,4,boat,boat,False,2,38,0.1015789583325386,357.8437,82.9003,374.1028,90.6263,0.001956963911652565,False,True,0.0,test
coco:467:4:1398,coco,467,2008_001799.jpg,4,boat,boat,False,2,39,0.09805764257907867,215.4948,17.0677,355.244,232.8923,0.46987542510032654,False,True,0.0,test
coco:467:4:1398,coco,467,2008_001799.jpg,4,boat,boat,False,2,40,0.09771926701068878,352.5796,8.4579,375.1153,95.166,0.030280888080596924,False,True,0.0,test
coco:467:4:1398,coco,467,2008_001799.jpg,4,boat,boat,False,2,41,0.09720563888549805,304.4254,391.0668,374.8951,450.0989,0.0,False,True,0.0,test
coco:467:4:1398,coco,467,2008_001799.jpg,4,boat,boat,False,2,42,0.09629524499177933,218.6865,200.3879,285.6183,226.0254,0.026732616126537323,False,True,0.0,test
coco:467:4:1398,coco,467,2008_001799.jpg,4,boat,boat,False,2,43,0.09381410479545593,330.386,348.3406,375.5097,379.6459,0.0,False,True,0.0,test
coco:467:4:1398,coco,467,2008_001799.jpg,4,boat,boat,False,2,44,0.09120967239141464,222.5217,344.5319,297.366,378.6754,0.005651692394167185,False,True,0.0,test
coco:467:4:1398,coco,467,2008_001799.jpg,4,boat,boat,False,2,45,0.08935339748859406,358.7711,116.6739,373.7546,121.8316,0.0012039403663948178,False,True,0.0,test
coco:467:4:1398,coco,467,2008_001799.jpg,4,boat,boat,False,2,46,0.08595097064971924,198.0094,220.7815,241.8184,243.3032,0.015370792709290981,False,True,0.0,test
coco:467:4:1398,coco,467,2008_001799.jpg,4,boat,boat,False,2,47,0.08449897170066833,329.709,82.1352,339.5152,89.6033,0.0011408947175368667,False,True,0.0,test
coco:467:4:1398,coco,467,2008_001799.jpg,4,boat,boat,False,2,48,0.07961629331111908,169.7894,168.9944,182.113,173.4746,0.0008601361187174916,False,True,0.0,test
coco:467:4:1398,coco,467,2008_001799.jpg,4,boat,boat,False,2,49,0.07798358052968979,82.1955,313.1668,373.6998,385.3135,0.11099550873041153,False,True,0.0,test
coco:467:4:1398,coco,467,2008_001799.jpg,4,boat,boat,False,2,50,0.07752878963947296,31.9666,4.7548,189.3343,343.9554,0.5834943652153015,True,False,0.0,test
coco:467:4:1398,coco,467,2008_001799.jpg,4,boat,boat,False,2,51,0.07479770481586456,166.9003,311.0736,239.0281,378.7276,0.05254064127802849,False,True,0.0,test
coco:467:4:1398,coco,467,2008_001799.jpg,4,boat,boat,False,2,52,0.07056469470262527,218.5438,375.3153,278.3719,395.6908,0.0024584371130913496,False,True,0.0,test
coco:467:4:1398,coco,467,2008_001799.jpg,4,boat,boat,False,2,53,0.07048262655735016,187.7813,252.717,284.6156,276.5238,0.015202290378510952,False,True,0.0,test
coco:467:4:1398,coco,467,2008_001799.jpg,4,boat,boat,False,2,54,0.0667247474193573,290.8691,377.9647,364.2165,407.1145,0.0,False,True,0.0,test
coco:467:4:1398,coco,467,2008_001799.jpg,4,boat,boat,False,2,55,0.06662242114543915,232.0327,166.0573,280.4835,190.814,0.018686477094888687,False,True,0.0,test
coco:467:4:1398,coco,467,2008_001799.jpg,4,boat,boat,False,2,56,0.06551909446716309,251.6567,307.6463,374.6652,380.4195,0.0,False,True,0.0,test
coco:467:4:1398,coco,467,2008_001799.jpg,4,boat,boat,False,2,57,0.06397736817598343,219.4873,372.0862,307.2154,395.972,0.002959171775728464,False,True,0.0,test
coco:467:4:1398,coco,467,2008_001799.jpg,4,boat,boat,False,2,58,0.06027451530098915,355.8039,56.9328,374.8825,92.3951,0.010540137998759747,False,True,0.0,test
coco:467:4:1398,coco,467,2008_001799.jpg,4,boat,boat,False,2,59,0.05884476378560066,128.4845,193.0019,295.3622,247.4934,0.14019732177257538,False,True,0.0,test
coco:467:4:1398,coco,467,2008_001799.jpg,4,boat,boat,False,2,60,0.05843273550271988,81.5242,353.2727,134.5292,370.9335,0.010232726112008095,False,True,0.0,test
coco:467:4:1398,coco,467,2008_001799.jpg,4,boat,boat,False,2,61,0.05839509889483452,233.7159,71.2992,327.5524,111.8365,0.05925971269607544,False,True,0.0,test
coco:467:4:1398,coco,467,2008_001799.jpg,4,boat,boat,False,2,62,0.05122653394937515,79.0657,246.8925,282.0242,273.8792,0.04628362879157066,False,True,0.0,test
coco:471:15:1410,coco,471,2008_001808.jpg,15,person,person,False,1,0,0.15304847061634064,98.1999,69.6186,358.7835,373.0464,0.9682389497756958,True,False,0.0,test
coco:474:15:1419,coco,474,2008_001814.jpg,15,person,person,False,2,0,0.3191094398498535,260.5789,229.9604,293.0133,341.5842,0.8886358141899109,True,False,9.972762645914397,test
coco:474:15:1419,coco,474,2008_001814.jpg,15,person,person,False,2,1,0.2957015335559845,225.771,189.9685,255.5704,274.0722,0.5737715363502502,True,False,9.972762645914397,test
coco:474:19:1420,coco,474,2008_001814.jpg,19,train,train,True,0,0,0.06656335294246674,5.3896,153.8525,498.8336,337.0255,0.0,False,True,0.0,test
coco:475:20:1422,coco,475,2008_001815.jpg,20,tvmonitor,tvmonitor,False,1,0,0.574357807636261,0.648,2.7652,215.4381,222.5428,0.9069383144378662,True,False,9.972762645914397,test
coco:475:20:1422,coco,475,2008_001815.jpg,20,tvmonitor,tvmonitor,False,1,1,0.23018667101860046,0.0112,46.5429,47.5841,224.8055,0.16934022307395935,False,True,9.972762645914397,test
coco:475:20:1422,coco,475,2008_001815.jpg,20,tvmonitor,tvmonitor,False,1,2,0.1899336278438568,42.0019,250.1942,160.2351,350.5392,0.0,False,True,0.0,test
coco:475:20:1422,coco,475,2008_001815.jpg,20,tvmonitor,tvmonitor,False,1,3,0.13831257820129395,321.3752,9.1586,491.4741,135.9976,0.0,False,True,0.0,test
coco:475:20:1422,coco,475,2008_001815.jpg,20,tvmonitor,tvmonitor,False,1,4,0.08328988403081894,396.6328,27.2147,430.2908,45.4448,0.0,False,True,0.0,test
coco:480:15:1437,coco,480,2008_001825.jpg,15,person,person,False,17,0,0.35742923617362976,315.45,69.5944,340.0314,169.3385,0.8200438022613525,True,False,9.972762645914397,test
coco:480:15:1437,coco,480,2008_001825.jpg,15,person,person,False,17,1,0.3476046323776245,246.538,71.7174,274.5251,175.9556,0.3804137408733368,False,True,9.972762645914397,test
coco:480:15:1437,coco,480,2008_001825.jpg,15,person,person,False,17,2,0.31707465648651123,280.789,103.5501,319.3275,171.8019,0.8808193206787109,True,False,9.972762645914397,test
coco:480:15:1437,coco,480,2008_001825.jpg,15,person,person,False,17,3,0.31676727533340454,69.3997,68.0711,100.0362,179.1167,0.9352051615715027,True,False,9.972762645914397,test
coco:480:15:1437,coco,480,2008_001825.jpg,15,person,person,False,17,4,0.31086641550064087,350.735,101.1653,390.8952,191.9416,0.8815584182739258,True,False,9.972762645914397,test
coco:480:15:1437,coco,480,2008_001825.jpg,15,person,person,False,17,5,0.30862724781036377,36.7858,99.5533,83.9872,197.9414,0.8613561391830444,True,False,9.972762645914397,test
coco:480:15:1437,coco,480,2008_001825.jpg,15,person,person,False,17,6,0.3054526150226593,126.7048,99.9261,180.2405,181.5073,0.905181884765625,True,False,9.972762645914397,test
coco:480:15:1437,coco,480,2008_001825.jpg,15,person,person,False,17,7,0.3048502206802368,88.1638,73.8006,130.9377,180.7062,0.9370698928833008,True,False,9.972762645914397,test
coco:480:15:1437,coco,480,2008_001825.jpg,15,person,person,False,17,8,0.3024939000606537,163.4887,77.8443,193.977,172.6701,0.8433398604393005,True,False,9.972762645914397,test
coco:480:15:1437,coco,480,2008_001825.jpg,15,person,person,False,17,9,0.2966820001602173,226.4064,106.9764,246.9244,173.4262,0.8581394553184509,True,False,9.972762645914397,test
coco:480:15:1437,coco,480,2008_001825.jpg,15,person,person,False,17,10,0.2931963801383972,190.2007,72.5894,222.5806,171.5132,0.8817849159240723,True,False,9.972762645914397,test
coco:480:15:1437,coco,480,2008_001825.jpg,15,person,person,False,17,11,0.29019540548324585,379.9963,68.6113,419.5582,173.2597,0.8431299328804016,True,False,9.972762645914397,test
coco:480:15:1437,coco,480,2008_001825.jpg,15,person,person,False,17,12,0.2787460684776306,213.3915,76.2741,255.3549,169.6887,0.8335311412811279,True,False,9.972762645914397,test
coco:480:15:1437,coco,480,2008_001825.jpg,15,person,person,False,17,13,0.27371808886528015,105.2552,130.5597,200.2692,204.7159,0.867668092250824,True,False,9.972762645914397,test
coco:480:15:1437,coco,480,2008_001825.jpg,15,person,person,False,17,14,0.27082589268684387,353.2624,66.0161,383.9192,168.5914,0.5367949604988098,True,False,9.972762645914397,test
coco:480:15:1437,coco,480,2008_001825.jpg,15,person,person,False,17,15,0.2485359162092209,261.4684,131.3836,353.2845,201.8006,0.8845528364181519,True,False,9.972762645914397,test
coco:480:15:1437,coco,480,2008_001825.jpg,15,person,person,False,17,16,0.21851593255996704,241.1453,111.5337,264.884,173.0661,0.820236086845398,True,False,0.0,test
coco:480:15:1437,coco,480,2008_001825.jpg,15,person,person,False,17,17,0.1951054185628891,285.3549,65.9161,311.2606,171.1251,0.5486866235733032,True,False,0.0,test
coco:480:15:1437,coco,480,2008_001825.jpg,15,person,person,False,17,18,0.1868734061717987,287.3778,65.5222,311.6318,121.9919,0.8051846623420715,True,False,0.0,test
coco:480:15:1437,coco,480,2008_001825.jpg,15,person,person,False,17,19,0.14376772940158844,261.8207,131.142,310.9033,194.3181,0.44730815291404724,False,True,0.0,test
coco:480:15:1437,coco,480,2008_001825.jpg,15,person,person,False,17,20,0.08437886834144592,213.0107,113.2127,241.1555,170.7464,0.3808046579360962,False,True,0.0,test
coco:480:15:1437,coco,480,2008_001825.jpg,15,person,person,False,17,21,0.07788419723510742,372.1295,79.8094,384.7802,106.9679,0.1652608960866928,False,True,0.0,test
coco:480:15:1437,coco,480,2008_001825.jpg,15,person,person,False,17,22,0.06513840705156326,354.8863,65.8041,385.5417,122.4561,0.8353501558303833,True,False,0.0,test
coco:480:15:1437,coco,480,2008_001825.jpg,15,person,person,False,17,23,0.060890596359968185,221.2551,77.4266,254.587,135.669,0.5263883471488953,True,False,0.0,test
coco:480:15:1437,coco,480,2008_001825.jpg,15,person,person,False,17,24,0.05753147974610329,378.25,77.1788,389.6239,105.6934,0.11584169417619705,False,True,0.0,test
coco:482:15:1443,coco,482,2008_001838.jpg,15,person,person,False,4,0,0.2089061439037323,301.2629,69.8939,387.5836,195.9908,0.899147093296051,True,False,0.0,test
coco:482:15:1443,coco,482,2008_001838.jpg,15,person,person,False,4,1,0.17892074584960938,253.7695,129.5467,276.7767,182.0295,0.009425804950296879,False,True,0.0,test
coco:482:15:1443,coco,482,2008_001838.jpg,15,person,person,False,4,2,0.1672048568725586,284.0863,135.3797,313.9817,192.238,0.076399065554142,False,True,0.0,test
coco:482:15:1443,coco,482,2008_001838.jpg,15,person,person,False,4,3,0.16153301298618317,402.8856,68.7857,485.8246,253.0974,0.8893716931343079,True,False,0.0,test
coco:482:15:1443,coco,482,2008_001838.jpg,15,person,person,False,4,4,0.15987098217010498,301.5928,142.6136,451.7461,325.6825,0.7202703952789307,True,False,0.0,test
coco:482:15:1443,coco,482,2008_001838.jpg,15,person,person,False,4,5,0.15920323133468628,28.3611,114.1148,339.1247,341.8969,0.5525697469711304,True,False,0.0,test
coco:482:15:1443,coco,482,2008_001838.jpg,15,person,person,False,4,6,0.0720331147313118,370.8124,125.7638,413.5087,188.072,0.08942800760269165,False,True,0.0,test
coco:482:15:1443,coco,482,2008_001838.jpg,15,person,person,False,4,7,0.07188191264867783,472.655,90.7186,498.7437,232.0807,0.08224659413099289,False,True,0.0,test
coco:482:16:1444,coco,482,2008_001838.jpg,16,pottedplant,pottedplant,True,0,0,0.060344211757183075,370.8124,125.7638,413.5087,188.072,0.0,False,True,0.0,test
coco:483:15:1446,coco,483,2008_001841.jpg,15,person,person,False,1,0,0.17747898399829865,86.4567,-0.2303,232.2572,157.724,0.20639431476593018,False,True,0.0,test
coco:483:15:1446,coco,483,2008_001841.jpg,15,person,person,False,1,1,0.15115289390087128,64.5869,4.5492,350.0154,375.4678,0.9790488481521606,True,False,0.0,test
coco:483:15:1446,coco,483,2008_001841.jpg,15,person,person,False,1,2,0.1292041689157486,430.1509,159.2939,498.9187,373.4408,0.0,False,True,0.0,test
coco:483:15:1446,coco,483,2008_001841.jpg,15,person,person,False,1,3,0.06336935609579086,0.6916,2.138,139.2396,339.3174,0.20549096167087555,False,True,0.0,test
coco:484:4:1449,coco,484,2008_001843.jpg,4,boat,boat,False,3,0,0.673253059387207,15.9318,204.6007,207.8239,295.6296,0.9429267644882202,True,False,9.972762645914397,test
coco:484:4:1449,coco,484,2008_001843.jpg,4,boat,boat,False,3,1,0.6603480577468872,341.0783,207.6028,487.6567,278.3864,0.9498167634010315,True,False,9.972762645914397,test
coco:484:4:1449,coco,484,2008_001843.jpg,4,boat,boat,False,3,2,0.6179102659225464,224.5211,216.9791,264.6367,226.5549,0.6559983491897583,True,False,9.972762645914397,test
coco:484:4:1449,coco,484,2008_001843.jpg,4,boat,boat,False,3,3,0.10484736412763596,375.5565,220.1554,384.9403,223.2364,0.0026760424952954054,False,True,0.0,test
coco:484:4:1449,coco,484,2008_001843.jpg,4,boat,boat,False,3,4,0.09366319328546524,17.7798,284.7906,181.929,316.9526,0.10862883925437927,False,True,0.0,test
coco:484:4:1449,coco,484,2008_001843.jpg,4,boat,boat,False,3,5,0.08410044014453888,210.1357,209.264,218.942,212.398,0.0,False,True,0.0,test
coco:484:4:1449,coco,484,2008_001843.jpg,4,boat,boat,False,3,6,0.0609290674328804,169.735,217.5465,182.7016,221.0612,0.0024601684417575598,False,True,0.0,test
coco:484:4:1449,coco,484,2008_001843.jpg,4,boat,boat,False,3,7,0.06030090153217316,490.6289,215.529,499.9821,221.6366,0.0,False,True,0.0,test
coco:484:4:1449,coco,484,2008_001843.jpg,4,boat,boat,False,3,8,0.0600319467484951,476.1389,215.1426,486.535,219.4375,0.004132708068937063,False,True,0.0,test
coco:484:4:1449,coco,484,2008_001843.jpg,4,boat,boat,False,3,9,0.05695352330803871,432.1172,214.2244,500.5609,226.3886,0.06204096972942352,False,True,0.0,test
coco:484:4:1449,coco,484,2008_001843.jpg,4,boat,boat,False,3,10,0.051419079303741455,15.873,211.7809,42.376,218.2557,0.009263266809284687,False,True,0.0,test
coco:484:4:1449,coco,484,2008_001843.jpg,4,boat,boat,False,3,11,0.050392117351293564,0.4147,209.6682,30.039,217.583,0.006813126150518656,False,True,0.0,test
coco:484:4:1449,coco,484,2008_001843.jpg,4,boat,boat,False,3,12,0.050281643867492676,353.3979,220.5268,360.45,223.4411,0.0019022169290110469,False,True,0.0,test
coco:485:19:1452,coco,485,2008_001850.jpg,19,train,train,False,1,0,0.7876215577125549,1.7408,21.7423,497.5914,334.7,0.9717332124710083,True,False,9.972762645914397,test
coco:485:19:1452,coco,485,2008_001850.jpg,19,train,train,False,1,1,0.08260657638311386,1.3896,46.0048,343.3788,333.7982,0.6445719003677368,True,False,0.0,test
coco:485:19:1452,coco,485,2008_001850.jpg,19,train,train,False,1,2,0.08183903992176056,190.669,23.4229,498.017,310.3376,0.5631113648414612,True,False,0.0,test
coco:486:4:1455,coco,486,2008_001858.jpg,4,boat,boat,False,1,0,0.7102985978126526,216.8664,162.5603,286.8271,222.3116,0.8218350410461426,True,False,9.972762645914397,test
coco:486:15:1457,coco,486,2008_001858.jpg,15,person,person,True,0,0,0.3563251197338104,232.8087,156.7894,245.7002,171.2519,0.0,False,True,9.972762645914397,test
coco:486:15:1457,coco,486,2008_001858.jpg,15,person,person,True,0,1,0.3411940038204193,221.4133,159.4127,230.7481,172.7552,0.0,False,True,9.972762645914397,test
coco:487:2:1460,coco,487,2008_001862.jpg,2,bicycle,bicycle,True,0,0,0.3347836434841156,39.0788,2.5042,74.8624,68.9608,0.0,False,True,9.972762645914397,test
coco:487:2:1460,coco,487,2008_001862.jpg,2,bicycle,bicycle,True,0,1,0.1668715626001358,1.9367,3.4316,73.6462,68.3184,0.0,False,True,0.0,test
coco:487:2:1460,coco,487,2008_001862.jpg,2,bicycle,bicycle,True,0,2,0.09672246128320694,47.3881,31.4259,74.8847,68.5059,0.0,False,True,0.0,test
coco:489:7:1464,coco,489,2008_001867.jpg,7,car,car,False,1,0,0.3071666955947876,116.4971,235.565,498.3905,374.071,0.9752469062805176,True,False,9.972762645914397,test
coco:489:7:1464,coco,489,2008_001867.jpg,7,car,car,False,1,1,0.08260583132505417,20.5353,143.5846,242.2155,342.9697,0.1583905816078186,False,True,0.0,test
coco:489:7:1464,coco,489,2008_001867.jpg,7,car,car,False,1,2,0.055416520684957504,131.2323,96.7896,496.215,299.1227,0.23013927042484283,False,True,0.0,test
coco:490:16:1467,coco,490,2008_001869.jpg,16,pottedplant,pottedplant,False,1,0,0.40310877561569214,285.3429,205.5996,353.8509,240.559,0.855358362197876,True,False,9.972762645914397,test
coco:490:16:1467,coco,490,2008_001869.jpg,16,pottedplant,pottedplant,False,1,1,0.16763171553611755,309.6169,216.5957,331.3227,240.0191,0.1815793365240097,False,True,0.0,test
coco:490:16:1467,coco,490,2008_001869.jpg,16,pottedplant,pottedplant,False,1,2,0.1618455946445465,48.17,208.1103,77.8232,252.8752,0.0,False,True,0.0,test
coco:490:16:1467,coco,490,2008_001869.jpg,16,pottedplant,pottedplant,False,1,3,0.10708807408809662,476.2809,177.6257,500.9476,246.5182,0.0,False,True,0.0,test
coco:490:16:1467,coco,490,2008_001869.jpg,16,pottedplant,pottedplant,False,1,4,0.10499650985002518,298.4775,206.5521,342.4032,240.4441,0.5316885709762573,True,False,0.0,test
coco:490:16:1467,coco,490,2008_001869.jpg,16,pottedplant,pottedplant,False,1,5,0.09504301100969315,284.6317,79.5644,366.4139,229.8482,0.1422564834356308,False,True,0.0,test
coco:490:16:1467,coco,490,2008_001869.jpg,16,pottedplant,pottedplant,False,1,6,0.08215749263763428,348.3238,226.5432,397.0268,239.7951,0.026355087757110596,False,True,0.0,test
coco:490:16:1467,coco,490,2008_001869.jpg,16,pottedplant,pottedplant,False,1,7,0.061948418617248535,373.0822,171.7006,499.6504,373.6682,0.0,False,True,0.0,test
coco:490:16:1467,coco,490,2008_001869.jpg,16,pottedplant,pottedplant,False,1,8,0.05772922560572624,266.3029,209.2599,283.4084,237.85,0.0,False,True,0.0,test
coco:490:16:1467,coco,490,2008_001869.jpg,16,pottedplant,pottedplant,False,1,9,0.057455796748399734,282.4917,218.2539,310.9489,238.5488,0.18472334742546082,False,True,0.0,test
coco:490:16:1467,coco,490,2008_001869.jpg,16,pottedplant,pottedplant,False,1,10,0.05355671048164368,466.4226,174.8858,500.6263,246.5873,0.0,False,True,0.0,test
coco:491:12:1470,coco,491,2008_001871.jpg,12,dog,dog,False,1,0,0.680549681186676,29.4166,28.5556,268.423,399.815,0.7572944760322571,True,False,9.972762645914397,test
coco:495:15:1482,coco,495,2008_001899.jpg,15,person,person,False,2,0,0.3189960718154907,85.4936,61.0018,273.4414,286.0405,0.9797568321228027,True,False,9.972762645914397,test
coco:495:15:1482,coco,495,2008_001899.jpg,15,person,person,False,2,1,0.3166310787200928,223.7197,18.9623,369.4387,286.0724,0.9364490509033203,True,False,9.972762645914397,test
coco:497:15:1488,coco,497,2008_001907.jpg,15,person,person,False,2,0,0.2263442426919937,43.323,25.4986,400.7689,381.261,0.9747170209884644,True,False,9.972762645914397,test
coco:497:15:1488,coco,497,2008_001907.jpg,15,person,person,False,2,1,0.15835270285606384,18.6658,54.4449,82.0055,151.3586,0.6255964636802673,True,False,0.0,test
coco:497:15:1488,coco,497,2008_001907.jpg,15,person,person,False,2,2,0.11521463841199875,57.5777,2.0489,313.6486,164.5793,0.2670776844024658,False,True,0.0,test
coco:498:7:1491,coco,498,2008_001908.jpg,7,car,car,False,2,0,0.28170937299728394,189.9651,320.486,230.8871,334.8364,0.9281594753265381,True,False,9.972762645914397,test
coco:498:7:1491,coco,498,2008_001908.jpg,7,car,car,False,2,1,0.2628210186958313,312.9041,304.0703,330.6793,310.1468,0.0,False,True,9.972762645914397,test
coco:498:7:1491,coco,498,2008_001908.jpg,7,car,car,False,2,2,0.2593258321285248,301.0218,312.3187,321.7479,323.8903,0.0,False,True,9.972762645914397,test
coco:498:7:1491,coco,498,2008_001908.jpg,7,car,car,False,2,3,0.22538532316684723,209.4912,303.4893,234.4359,308.7314,0.0,False,True,9.972762645914397,test
coco:498:7:1491,coco,498,2008_001908.jpg,7,car,car,False,2,4,0.2220602184534073,260.7788,305.2087,273.2907,309.7859,0.0,False,True,0.0,test
coco:498:7:1491,coco,498,2008_001908.jpg,7,car,car,False,2,5,0.22012802958488464,310.8815,304.5056,323.1212,309.9479,0.0,False,True,0.0,test
coco:498:7:1491,coco,498,2008_001908.jpg,7,car,car,False,2,6,0.21840615570545197,231.8885,304.4438,246.6479,309.3055,0.0,False,True,0.0,test
coco:498:7:1491,coco,498,2008_001908.jpg,7,car,car,False,2,7,0.2129984200000763,245.1811,304.4337,256.8723,309.355,0.0,False,True,0.0,test
coco:498:7:1491,coco,498,2008_001908.jpg,7,car,car,False,2,8,0.20958060026168823,334.5439,302.7769,347.2574,310.321,0.0,False,True,0.0,test
coco:498:7:1491,coco,498,2008_001908.jpg,7,car,car,False,2,9,0.20756655931472778,325.2165,303.4376,336.1938,309.8032,0.0,False,True,0.0,test
coco:498:7:1491,coco,498,2008_001908.jpg,7,car,car,False,2,10,0.178541362285614,306.7666,302.8116,350.0628,310.504,0.0,False,True,0.0,test
coco:498:7:1491,coco,498,2008_001908.jpg,7,car,car,False,2,11,0.1614616960287094,108.9281,295.4978,118.6123,301.9493,0.0,False,True,0.0,test
coco:498:7:1491,coco,498,2008_001908.jpg,7,car,car,False,2,12,0.1545305848121643,299.0711,304.1172,312.7576,310.1855,0.0,False,True,0.0,test
coco:498:7:1491,coco,498,2008_001908.jpg,7,car,car,False,2,13,0.14890410006046295,208.562,303.7355,221.539,308.1163,0.0,False,True,0.0,test
coco:498:7:1491,coco,498,2008_001908.jpg,7,car,car,False,2,14,0.14841262996196747,241.8635,303.6536,273.7385,309.5493,0.0,False,True,0.0,test
coco:498:7:1491,coco,498,2008_001908.jpg,7,car,car,False,2,15,0.14085865020751953,239.7696,305.0333,247.9459,309.2342,0.0,False,True,0.0,test
coco:498:7:1491,coco,498,2008_001908.jpg,7,car,car,False,2,16,0.14033371210098267,349.5219,301.25,357.0905,309.0715,0.0,False,True,0.0,test
coco:498:7:1491,coco,498,2008_001908.jpg,7,car,car,False,2,17,0.13550204038619995,337.9777,304.5627,345.8777,310.2483,0.0,False,True,0.0,test
coco:498:7:1491,coco,498,2008_001908.jpg,7,car,car,False,2,18,0.1345662772655487,8.8404,299.3579,20.5627,306.9248,0.0,False,True,0.0,test
coco:498:7:1491,coco,498,2008_001908.jpg,7,car,car,False,2,19,0.12466534227132797,210.9396,303.0292,275.0251,310.0172,0.0,False,True,0.0,test
coco:498:7:1491,coco,498,2008_001908.jpg,7,car,car,False,2,20,0.12211649864912033,227.5052,304.0533,239.5937,308.83,0.0,False,True,0.0,test
coco:498:7:1491,coco,498,2008_001908.jpg,7,car,car,False,2,21,0.11101233214139938,269.8328,313.1312,293.4159,325.9457,0.37611159682273865,False,True,0.0,test
coco:498:7:1491,coco,498,2008_001908.jpg,7,car,car,False,2,22,0.11065065115690231,275.7213,305.7568,283.1551,310.153,0.0,False,True,0.0,test
coco:498:7:1491,coco,498,2008_001908.jpg,7,car,car,False,2,23,0.09803805500268936,324.1311,312.0586,329.4684,321.9216,0.0,False,True,0.0,test
coco:498:7:1491,coco,498,2008_001908.jpg,7,car,car,False,2,24,0.09505992382764816,234.1756,304.8155,243.7301,309.2318,0.0,False,True,0.0,test
coco:498:7:1491,coco,498,2008_001908.jpg,7,car,car,False,2,25,0.09292609244585037,243.551,310.6109,292.6246,326.9976,0.849051296710968,True,False,0.0,test
coco:498:7:1491,coco,498,2008_001908.jpg,7,car,car,False,2,26,0.08681066334247589,269.8057,306.5836,281.4398,313.91,0.026234200224280357,False,True,0.0,test
coco:498:7:1491,coco,498,2008_001908.jpg,7,car,car,False,2,27,0.07832775264978409,331.1748,302.9528,342.6063,309.3448,0.0,False,True,0.0,test
coco:498:7:1491,coco,498,2008_001908.jpg,7,car,car,False,2,28,0.07471281290054321,344.8126,304.194,354.758,310.4535,0.0,False,True,0.0,test
coco:498:7:1491,coco,498,2008_001908.jpg,7,car,car,False,2,29,0.07212448865175247,0.3617,293.8922,21.1851,306.1441,0.0,False,True,0.0,test
coco:498:7:1491,coco,498,2008_001908.jpg,7,car,car,False,2,30,0.06191297620534897,0.0466,301.7949,8.3836,307.4853,0.0,False,True,0.0,test
coco:498:7:1491,coco,498,2008_001908.jpg,7,car,car,False,2,31,0.05152823403477669,186.2919,303.4797,192.2546,308.3227,0.0,False,True,0.0,test
coco:499:15:1494,coco,499,2008_001909.jpg,15,person,person,False,5,0,0.25972387194633484,0.1942,112.614,171.7355,496.7726,0.9794178605079651,True,False,9.972762645914397,test
coco:499:15:1494,coco,499,2008_001909.jpg,15,person,person,False,5,1,0.1813088059425354,194.9542,168.874,223.0055,237.9977,0.8674660325050354,True,False,0.0,test
coco:499:15:1494,coco,499,2008_001909.jpg,15,person,person,False,5,2,0.17716918885707855,178.2218,132.2727,369.968,335.4933,0.9804445505142212,True,False,0.0,test
coco:499:15:1494,coco,499,2008_001909.jpg,15,person,person,False,5,3,0.17428180575370789,173.482,166.4384,192.8912,223.261,0.7982382774353027,True,False,0.0,test
coco:499:15:1494,coco,499,2008_001909.jpg,15,person,person,False,5,4,0.16010785102844238,220.8999,158.574,259.0828,234.0753,0.9095146059989929,True,False,0.0,test
coco:499:15:1494,coco,499,2008_001909.jpg,15,person,person,False,5,5,0.12326004356145859,131.3348,215.8879,201.1467,313.3713,0.05772274732589722,False,True,0.0,test
coco:499:15:1494,coco,499,2008_001909.jpg,15,person,person,False,5,6,0.09269048273563385,294.3631,162.8294,312.2175,176.5713,0.006173322442919016,False,True,0.0,test
coco:499:15:1494,coco,499,2008_001909.jpg,15,person,person,False,5,7,0.060972873121500015,214.3776,174.448,223.8973,187.3774,0.058389097452163696,False,True,0.0,test
coco:499:15:1494,coco,499,2008_001909.jpg,15,person,person,False,5,8,0.05618941783905029,182.7202,131.8104,373.8441,490.3729,0.5501799583435059,True,False,0.0,test
coco:499:15:1494,coco,499,2008_001909.jpg,15,person,person,False,5,9,0.05201759934425354,301.2191,162.1598,373.6039,334.545,0.29373815655708313,False,True,0.0,test
coco:500:5:1497,coco,500,2008_001910.jpg,5,bottle,bottle,False,1,0,0.44941750168800354,276.0959,210.6816,312.9907,319.6633,0.9849450588226318,True,False,9.972762645914397,test
coco:501:2:1500,coco,501,2008_001914.jpg,2,bicycle,bicycle,False,1,0,0.46295860409736633,167.7076,279.8552,468.8621,375.0207,0.8138697743415833,True,False,9.972762645914397,test
coco:501:2:1500,coco,501,2008_001914.jpg,2,bicycle,bicycle,False,1,1,0.23792237043380737,280.4865,292.4315,469.2428,374.4252,0.43968281149864197,False,True,9.972762645914397,test
coco:501:2:1500,coco,501,2008_001914.jpg,2,bicycle,bicycle,False,1,2,0.15077221393585205,394.9769,336.3739,468.0197,374.6184,0.07936041057109833,False,True,0.0,test
coco:501:2:1500,coco,501,2008_001914.jpg,2,bicycle,bicycle,False,1,3,0.09562014043331146,179.7231,277.9311,343.9584,372.9622,0.44339418411254883,False,True,0.0,test
coco:501:2:1500,coco,501,2008_001914.jpg,2,bicycle,bicycle,False,1,4,0.07767117768526077,393.5752,304.2708,469.2369,374.7172,0.15142293274402618,False,True,0.0,test
coco:501:2:1500,coco,501,2008_001914.jpg,2,bicycle,bicycle,False,1,5,0.07727738469839096,7.3706,264.6737,469.3781,375.3046,0.6720481514930725,True,False,0.0,test
coco:501:2:1500,coco,501,2008_001914.jpg,2,bicycle,bicycle,False,1,6,0.07422326505184174,285.6306,294.2097,318.8412,326.0314,0.030023276805877686,False,True,0.0,test
coco:501:2:1500,coco,501,2008_001914.jpg,2,bicycle,bicycle,False,1,7,0.06136729568243027,286.1879,295.2077,317.6426,313.5454,0.016386527568101883,False,True,0.0,test
coco:501:2:1500,coco,501,2008_001914.jpg,2,bicycle,bicycle,False,1,8,0.05603818595409393,283.4205,299.6058,319.5799,334.7831,0.03613608330488205,False,True,0.0,test
coco:502:15:1503,coco,502,2008_001919.jpg,15,person,person,False,3,0,0.2679882347583771,383.7263,225.5139,497.4038,331.1804,0.01197340339422226,False,True,9.972762645914397,test
coco:502:15:1503,coco,502,2008_001919.jpg,15,person,person,False,3,1,0.2586086392402649,131.7857,0.7214,325.9988,188.8981,0.9836695790290833,True,False,9.972762645914397,test
coco:502:15:1503,coco,502,2008_001919.jpg,15,person,person,False,3,2,0.217229962348938,63.4477,83.5086,290.5362,334.3606,0.9498155117034912,True,False,0.0,test
coco:502:15:1503,coco,502,2008_001919.jpg,15,person,person,False,3,3,0.21561168134212494,248.0541,101.7031,396.2627,257.9924,0.9310619831085205,True,False,0.0,test
coco:502:15:1503,coco,502,2008_001919.jpg,15,person,person,False,3,4,0.09560719132423401,275.7496,217.1103,307.2699,255.7403,0.05064135789871216,False,True,0.0,test
coco:503:20:1506,coco,503,2008_001920.jpg,20,tvmonitor,tvmonitor,False,2,0,0.4095909595489502,144.2641,56.9377,291.3963,191.1425,0.9456574320793152,True,False,9.972762645914397,test
coco:503:20:1506,coco,503,2008_001920.jpg,20,tvmonitor,tvmonitor,False,2,1,0.40942099690437317,293.7701,49.8117,480.4131,216.6013,0.9201188683509827,True,False,9.972762645914397,test
coco:503:20:1506,coco,503,2008_001920.jpg,20,tvmonitor,tvmonitor,False,2,2,0.18485529720783234,479.5724,102.4903,499.2385,178.9382,0.001062914147041738,False,True,0.0,test
coco:503:20:1506,coco,503,2008_001920.jpg,20,tvmonitor,tvmonitor,False,2,3,0.12463699281215668,289.8324,59.8508,312.2488,86.8233,0.013954904861748219,False,True,0.0,test
coco:503:20:1506,coco,503,2008_001920.jpg,20,tvmonitor,tvmonitor,False,2,4,0.11216355115175247,144.4163,57.7665,285.1016,130.7215,0.5376773476600647,True,False,0.0,test
coco:503:20:1506,coco,503,2008_001920.jpg,20,tvmonitor,tvmonitor,False,2,5,0.09273628890514374,314.2957,65.5954,456.5841,179.2678,0.5523996353149414,True,False,0.0,test
coco:503:20:1506,coco,503,2008_001920.jpg,20,tvmonitor,tvmonitor,False,2,6,0.07601974159479141,291.3447,65.5796,310.9157,81.9039,0.007733943406492472,False,True,0.0,test
coco:503:20:1506,coco,503,2008_001920.jpg,20,tvmonitor,tvmonitor,False,2,7,0.05096667632460594,474.3279,102.3211,500.7212,232.1143,0.018669892102479935,False,True,0.0,test
coco:504:9:1509,coco,504,2008_001928.jpg,9,chair,chair,False,1,0,0.33851322531700134,0.2926,249.2406,97.3859,375.5794,0.9345017671585083,True,False,9.972762645914397,test
coco:504:9:1509,coco,504,2008_001928.jpg,9,chair,chair,False,1,1,0.24168182909488678,79.099,318.5766,132.0654,374.9896,0.05646642670035362,False,True,9.972762645914397,test
coco:504:9:1509,coco,504,2008_001928.jpg,9,chair,chair,False,1,2,0.0781705379486084,75.8308,136.0473,101.7505,151.7386,0.0,False,True,0.0,test
coco:504:9:1509,coco,504,2008_001928.jpg,9,chair,chair,False,1,3,0.0691906288266182,326.8989,226.1866,345.4611,261.4248,0.0,False,True,0.0,test
coco:504:9:1509,coco,504,2008_001928.jpg,9,chair,chair,False,1,4,0.06006042659282684,327.2234,233.3865,344.517,259.574,0.0,False,True,0.0,test
coco:505:15:1512,coco,505,2008_001930.jpg,15,person,person,False,4,0,0.2327633649110794,173.6201,118.226,389.6833,376.393,0.9775477051734924,True,False,9.972762645914397,test
coco:505:15:1512,coco,505,2008_001930.jpg,15,person,person,False,4,1,0.22235175967216492,339.9827,95.9188,501.3931,296.8703,0.9290786981582642,True,False,0.0,test
coco:505:15:1512,coco,505,2008_001930.jpg,15,person,person,False,4,2,0.21667250990867615,225.382,82.8288,277.144,122.2096,0.0029456305783241987,False,True,0.0,test
coco:505:15:1512,coco,505,2008_001930.jpg,15,person,person,False,4,3,0.20459219813346863,-0.4439,71.3271,187.0146,375.5498,0.9311035871505737,True,False,0.0,test
coco:505:15:1512,coco,505,2008_001930.jpg,15,person,person,False,4,4,0.12971393764019012,140.3376,66.9429,209.9703,146.811,0.7340458631515503,True,False,0.0,test
coco:505:15:1512,coco,505,2008_001930.jpg,15,person,person,False,4,5,0.10496407747268677,0.1247,61.7104,33.5381,76.3699,0.0008324462687596679,False,True,0.0,test
coco:505:15:1512,coco,505,2008_001930.jpg,15,person,person,False,4,6,0.08802393078804016,122.9201,64.2589,215.1322,251.0477,0.4068116545677185,False,True,0.0,test
coco:505:15:1512,coco,505,2008_001930.jpg,15,person,person,False,4,7,0.08713532984256744,-0.265,61.6855,34.3104,97.7071,0.01411449909210205,False,True,0.0,test
coco:505:15:1512,coco,505,2008_001930.jpg,15,person,person,False,4,8,0.0859614685177803,239.8644,81.2459,263.3877,96.3211,0.0,False,True,0.0,test
coco:505:15:1512,coco,505,2008_001930.jpg,15,person,person,False,4,9,0.0666748657822609,230.1398,92.2601,276.1952,122.1376,0.0025915552396327257,False,True,0.0,test
coco:505:15:1512,coco,505,2008_001930.jpg,15,person,person,False,4,10,0.05817588046193123,284.3176,92.0052,313.8661,121.0546,0.0010973300086334348,False,True,0.0,test
coco:505:15:1512,coco,505,2008_001930.jpg,15,person,person,False,4,11,0.054711636155843735,15.4179,68.8552,58.0835,86.4964,0.009191933088004589,False,True,0.0,test
coco:505:15:1512,coco,505,2008_001930.jpg,15,person,person,False,4,12,0.05463171377778053,131.1076,82.1126,151.6004,103.0345,0.0611884668469429,False,True,0.0,test
coco:512:7:1533,coco,512,2008_001961.jpg,7,car,car,False,3,0,0.3791877329349518,147.9712,201.3179,184.9582,238.9662,0.23342131078243256,False,True,9.972762645914397,test
coco:512:7:1533,coco,512,2008_001961.jpg,7,car,car,False,3,1,0.32528945803642273,150.4583,187.7121,249.5412,238.746,0.9091321229934692,True,False,9.972762645914397,test
coco:512:7:1533,coco,512,2008_001961.jpg,7,car,car,False,3,2,0.28166425228118896,397.0432,172.7203,498.8127,246.3052,0.8945795297622681,True,False,9.972762645914397,test
coco:512:7:1533,coco,512,2008_001961.jpg,7,car,car,False,3,3,0.2297026365995407,205.9024,185.8893,246.1944,194.3946,0.05314008519053459,False,True,9.972762645914397,test
coco:512:7:1533,coco,512,2008_001961.jpg,7,car,car,False,3,4,0.137684628367424,174.6269,164.2478,467.8929,251.243,0.9692935347557068,True,False,0.0,test
coco:514:2:1540,coco,514,2008_001966.jpg,2,bicycle,bicycle,True,0,0,0.11328060179948807,1.3752,3.7514,56.3047,287.1832,0.0,False,True,0.0,test
coco:514:2:1540,coco,514,2008_001966.jpg,2,bicycle,bicycle,True,0,1,0.0638589933514595,211.1049,462.8015,331.4367,499.955,0.0,False,True,0.0,test
coco:516:1:1545,coco,516,2008_001971.jpg,1,aeroplane,aeroplane,False,1,0,0.7042298316955566,133.1267,123.9561,391.9105,189.9205,0.912214457988739,True,False,9.972762645914397,test
coco:518:15:1551,coco,518,2008_001979.jpg,15,person,person,False,2,0,0.20149318873882294,378.6145,170.9108,397.9189,221.471,0.9028331637382507,True,False,0.0,test
coco:518:15:1551,coco,518,2008_001979.jpg,15,person,person,False,2,1,0.17683149874210358,350.9833,166.9755,371.4507,219.29,0.8451640605926514,True,False,0.0,test
coco:518:2:1553,coco,518,2008_001979.jpg,2,bicycle,bicycle,True,0,0,0.11905418336391449,71.0594,215.3932,78.904,225.2144,0.0,False,True,0.0,test
coco:520:4:1557,coco,520,2008_001987.jpg,4,boat,boat,False,2,0,0.3072497248649597,69.0502,220.7927,267.7968,294.1167,0.7808987498283386,True,False,9.972762645914397,test
coco:520:4:1557,coco,520,2008_001987.jpg,4,boat,boat,False,2,1,0.2998020052909851,105.5758,206.9883,198.8726,250.4423,0.7079356908798218,True,False,9.972762645914397,test
coco:520:4:1557,coco,520,2008_001987.jpg,4,boat,boat,False,2,2,0.2707473635673523,107.5925,225.2679,137.135,245.1674,0.06686627864837646,False,True,9.972762645914397,test
coco:520:4:1557,coco,520,2008_001987.jpg,4,boat,boat,False,2,3,0.13197825849056244,134.7559,211.941,200.4747,253.3536,0.6978424191474915,True,False,0.0,test
coco:520:4:1557,coco,520,2008_001987.jpg,4,boat,boat,False,2,4,0.12515875697135925,199.4711,223.9877,263.3834,278.4588,0.22363846004009247,False,True,0.0,test
coco:520:4:1557,coco,520,2008_001987.jpg,4,boat,boat,False,2,5,0.08285655081272125,116.6096,205.3432,153.1122,235.3072,0.2205267995595932,False,True,0.0,test
coco:522:15:1563,coco,522,2008_001992.jpg,15,person,person,False,1,0,0.1854516863822937,136.6186,89.0322,390.7017,333.3384,0.936947226524353,True,False,0.0,test
coco:522:15:1563,coco,522,2008_001992.jpg,15,person,person,False,1,1,0.17058047652244568,133.5933,187.1192,271.2679,332.532,0.2843475043773651,False,True,0.0,test
coco:522:15:1563,coco,522,2008_001992.jpg,15,person,person,False,1,2,0.05391044169664383,77.1257,225.7665,113.6336,293.6514,0.0,False,True,0.0,test
coco:524:12:1569,coco,524,2008_002003.jpg,12,dog,dog,False,1,0,0.5852528810501099,178.0113,76.4417,290.2184,224.8124,0.9587240219116211,True,False,9.972762645914397,test
coco:524:12:1569,coco,524,2008_002003.jpg,12,dog,dog,False,1,1,0.280154824256897,177.1595,186.462,224.0212,223.8135,0.10079777985811234,False,True,9.972762645914397,test
coco:524:12:1569,coco,524,2008_002003.jpg,12,dog,dog,False,1,2,0.18379902839660645,176.315,173.823,244.1261,229.7643,0.20294418931007385,False,True,0.0,test
coco:524:12:1569,coco,524,2008_002003.jpg,12,dog,dog,False,1,3,0.13614901900291443,270.4518,149.8767,307.8379,181.7979,0.038490358740091324,False,True,0.0,test
coco:524:12:1569,coco,524,2008_002003.jpg,12,dog,dog,False,1,4,0.050294362008571625,456.1623,313.6845,478.6833,337.3861,0.0,False,True,0.0,test
coco:525:8:1572,coco,525,2008_002004.jpg,8,cat,cat,False,1,0,0.760076642036438,-0.7441,8.3318,374.741,477.7222,0.9611416459083557,True,False,9.972762645914397,test
coco:525:8:1572,coco,525,2008_002004.jpg,8,cat,cat,False,1,1,0.12856900691986084,25.6726,-2.5017,375.1885,322.4078,0.6237224340438843,True,False,0.0,test
coco:525:8:1572,coco,525,2008_002004.jpg,8,cat,cat,False,1,2,0.08120393007993698,0.7668,408.5457,373.3123,500.6933,0.11873048543930054,False,True,0.0,test
coco:525:8:1572,coco,525,2008_002004.jpg,8,cat,cat,False,1,3,0.06675165891647339,1.0756,9.4315,308.4639,351.843,0.6096808910369873,True,False,0.0,test
coco:525:8:1572,coco,525,2008_002004.jpg,8,cat,cat,False,1,4,0.059258267283439636,0.9039,294.754,373.9647,475.4306,0.36905306577682495,False,True,0.0,test
coco:526:15:1575,coco,526,2008_002007.jpg,15,person,person,False,1,0,0.39656731486320496,139.4352,45.2961,280.7778,269.922,0.9867658615112305,True,False,9.972762645914397,test
coco:527:15:1578,coco,527,2008_002011.jpg,15,person,person,False,1,0,0.16560091078281403,0.2623,2.0086,442.5146,360.6194,0.9612342119216919,True,False,0.0,test
coco:528:15:1581,coco,528,2008_002013.jpg,15,person,person,False,1,0,0.09173387289047241,42.5317,0.5271,421.905,329.9807,0.9809563755989075,True,False,0.0,test
coco:530:15:1587,coco,530,2008_002021.jpg,15,person,person,False,1,0,0.2335374653339386,1.346,166.7398,192.0732,496.4172,0.9782137870788574,True,False,9.972762645914397,test
coco:530:16:1589,coco,530,2008_002021.jpg,16,pottedplant,pottedplant,True,0,0,0.09464894980192184,104.0323,160.9333,277.4008,281.8926,0.0,False,True,0.0,test
coco:530:16:1589,coco,530,2008_002021.jpg,16,pottedplant,pottedplant,True,0,1,0.05813298746943474,102.8851,158.7256,278.6933,332.3279,0.0,False,True,0.0,test
coco:533:15:1596,coco,533,2008_002035.jpg,15,person,person,False,1,0,0.2102554738521576,53.8748,45.774,245.4247,333.2895,0.9673502445220947,True,False,0.0,test
coco:535:8:1603,coco,535,2008_002037.jpg,8,cat,cat,True,0,0,0.05485468730330467,353.3324,189.4585,364.1854,215.8317,0.0,False,True,0.0,test
coco:537:15:1608,coco,537,2008_002042.jpg,15,person,person,False,3,0,0.31148481369018555,147.211,126.3469,210.6105,329.4027,0.9716465473175049,True,False,9.972762645914397,test
coco:537:15:1608,coco,537,2008_002042.jpg,15,person,person,False,3,1,0.300917387008667,287.5181,118.2008,325.6514,257.6635,0.9053666591644287,True,False,9.972762645914397,test
coco:537:15:1608,coco,537,2008_002042.jpg,15,person,person,False,3,2,0.2779119610786438,90.7143,132.5617,133.3471,251.4901,0.9208218455314636,True,False,9.972762645914397,test
coco:537:15:1608,coco,537,2008_002042.jpg,15,person,person,False,3,3,0.20100346207618713,24.7261,120.689,31.2889,134.8962,0.0,False,True,0.0,test
coco:537:15:1608,coco,537,2008_002042.jpg,15,person,person,False,3,4,0.1787882298231125,20.8616,120.1617,24.9791,132.9469,0.0,False,True,0.0,test
coco:537:15:1608,coco,537,2008_002042.jpg,15,person,person,False,3,5,0.1682257354259491,9.8614,126.6908,14.455,133.6418,0.0,False,True,0.0,test
coco:538:3:1611,coco,538,2008_002043.jpg,3,bird,bird,False,1,0,0.5865898728370667,95.9238,18.4164,494.3593,202.5281,0.9775619506835938,True,False,9.972762645914397,test
coco:540:4:1617,coco,540,2008_002046.jpg,4,boat,boat,False,1,0,0.13918116688728333,1.2707,29.5133,497.2051,365.5846,0.9125862717628479,True,False,0.0,test
coco:541:14:1620,coco,541,2008_002047.jpg,14,motorbike,motorbike,False,1,0,0.4718839228153229,89.1266,199.6638,126.1117,231.8828,0.8054293394088745,True,False,9.972762645914397,test
coco:543:15:1626,coco,543,2008_002069.jpg,15,person,person,False,2,0,0.23056399822235107,0.8152,79.7819,300.4763,375.2768,0.9959721565246582,True,False,9.972762645914397,test
coco:543:15:1626,coco,543,2008_002069.jpg,15,person,person,False,2,1,0.1882837861776352,-0.3028,130.1779,111.5922,249.6075,0.14898090064525604,False,True,0.0,test
coco:543:15:1626,coco,543,2008_002069.jpg,15,person,person,False,2,2,0.1870070844888687,176.4357,65.477,495.041,374.6072,0.9739770293235779,True,False,0.0,test
coco:543:15:1626,coco,543,2008_002069.jpg,15,person,person,False,2,3,0.0987880602478981,-0.8711,132.0109,111.4407,371.616,0.2975003719329834,False,True,0.0,test
coco:543:15:1626,coco,543,2008_002069.jpg,15,person,person,False,2,4,0.05489007756114006,0.0158,155.2849,20.6562,220.8814,0.014558634720742702,False,True,0.0,test
coco:544:9:1629,coco,544,2008_002071.jpg,9,chair,chair,False,2,0,0.37134110927581787,259.9951,127.5272,392.8994,297.6708,0.9634077548980713,True,False,9.972762645914397,test
coco:544:9:1629,coco,544,2008_002071.jpg,9,chair,chair,False,2,1,0.3352962136268616,74.8231,179.6595,263.7628,332.7469,0.937237560749054,True,False,9.972762645914397,test
coco:544:9:1629,coco,544,2008_002071.jpg,9,chair,chair,False,2,2,0.12905572354793549,3.4681,102.6718,163.6051,255.727,0.12922103703022003,False,True,0.0,test
coco:544:9:1629,coco,544,2008_002071.jpg,9,chair,chair,False,2,3,0.08719030767679214,6.097,102.1997,388.743,332.9044,0.3086163401603699,False,True,0.0,test
coco:545:11:1634,coco,545,2008_002082.jpg,11,diningtable,diningtable,True,0,0,0.3622288107872009,196.4612,162.4886,274.7421,215.574,0.0,False,True,9.972762645914397,test
coco:545:11:1634,coco,545,2008_002082.jpg,11,diningtable,diningtable,True,0,1,0.247737854719162,-0.1567,182.5853,95.3305,272.196,0.0,False,True,9.972762645914397,test
coco:545:11:1634,coco,545,2008_002082.jpg,11,diningtable,diningtable,True,0,2,0.14875607192516327,197.8582,163.1147,279.0939,182.3008,0.0,False,True,0.0,test
coco:545:11:1634,coco,545,2008_002082.jpg,11,diningtable,diningtable,True,0,3,0.11109006404876709,132.124,215.5205,268.2318,298.106,0.0,False,True,0.0,test
coco:547:5:1639,coco,547,2008_002086.jpg,5,bottle,bottle,True,0,0,0.34777987003326416,176.8888,45.66,191.2351,75.7155,0.0,False,True,9.972762645914397,test
coco:547:5:1639,coco,547,2008_002086.jpg,5,bottle,bottle,True,0,1,0.293163537979126,250.6784,40.4328,261.117,67.6119,0.0,False,True,9.972762645914397,test
coco:547:5:1639,coco,547,2008_002086.jpg,5,bottle,bottle,True,0,2,0.235405832529068,261.7233,41.9438,270.9219,68.8231,0.0,False,True,9.972762645914397,test
coco:547:5:1639,coco,547,2008_002086.jpg,5,bottle,bottle,True,0,3,0.12209311872720718,181.1349,45.2638,190.5866,74.0966,0.0,False,True,0.0,test
coco:547:5:1639,coco,547,2008_002086.jpg,5,bottle,bottle,True,0,4,0.0986616462469101,255.7781,47.8396,263.515,67.5167,0.0,False,True,0.0,test
coco:547:5:1639,coco,547,2008_002086.jpg,5,bottle,bottle,True,0,5,0.06392333656549454,116.9345,0.5566,129.2818,29.5819,0.0,False,True,0.0,test
coco:547:5:1639,coco,547,2008_002086.jpg,5,bottle,bottle,True,0,6,0.060230810195207596,176.5051,52.7284,183.502,74.2664,0.0,False,True,0.0,test
coco:547:5:1639,coco,547,2008_002086.jpg,5,bottle,bottle,True,0,7,0.05851088464260101,245.694,38.5956,271.5714,69.2405,0.0,False,True,0.0,test
coco:547:5:1639,coco,547,2008_002086.jpg,5,bottle,bottle,True,0,8,0.05377775430679321,163.283,54.1904,171.5858,92.7334,0.0,False,True,0.0,test
coco:547:5:1639,coco,547,2008_002086.jpg,5,bottle,bottle,True,0,9,0.052654534578323364,92.2606,0.8289,134.5,85.8168,0.0,False,True,0.0,test
coco:547:5:1639,coco,547,2008_002086.jpg,5,bottle,bottle,True,0,10,0.05074561387300491,167.1138,45.6681,197.6318,93.4609,0.0,False,True,0.0,test
coco:547:5:1639,coco,547,2008_002086.jpg,5,bottle,bottle,True,0,11,0.05054255574941635,176.1688,47.0841,185.1384,75.6498,0.0,False,True,0.0,test
coco:548:15:1641,coco,548,2008_002088.jpg,15,person,person,False,2,0,0.19018830358982086,189.8547,45.2234,419.6211,332.9845,0.8875097632408142,True,False,0.0,test
coco:548:15:1641,coco,548,2008_002088.jpg,15,person,person,False,2,1,0.16589567065238953,27.9718,41.4582,260.3356,333.805,0.887153148651123,True,False,0.0,test
coco:548:15:1641,coco,548,2008_002088.jpg,15,person,person,False,2,2,0.10946936160326004,109.6018,0.4291,192.5673,47.3849,0.008301682770252228,False,True,0.0,test
coco:548:15:1641,coco,548,2008_002088.jpg,15,person,person,False,2,3,0.10187985748052597,472.9404,73.7654,499.8413,159.8111,0.0,False,True,0.0,test
coco:548:15:1641,coco,548,2008_002088.jpg,15,person,person,False,2,4,0.0514325350522995,431.0649,72.1581,497.7274,330.4784,0.0,False,True,0.0,test
coco:549:15:1644,coco,549,2008_002092.jpg,15,person,person,False,8,0,0.25124382972717285,178.3476,95.2904,296.1779,356.8346,0.9340049624443054,True,False,9.972762645914397,test
coco:549:15:1644,coco,549,2008_002092.jpg,15,person,person,False,8,1,0.25004932284355164,1.6207,83.2636,210.5591,358.542,0.921953022480011,True,False,9.972762645914397,test
coco:549:15:1644,coco,549,2008_002092.jpg,15,person,person,False,8,2,0.2500287890434265,276.1986,91.736,442.3586,353.1564,0.9195922017097473,True,False,9.972762645914397,test
coco:549:15:1644,coco,549,2008_002092.jpg,15,person,person,False,8,3,0.24260945618152618,295.4679,187.6995,436.1648,372.9586,0.9368975758552551,True,False,9.972762645914397,test
coco:549:15:1644,coco,549,2008_002092.jpg,15,person,person,False,8,4,0.24225036799907684,89.4314,184.5087,240.9991,374.076,0.9735187888145447,True,False,9.972762645914397,test
coco:549:15:1644,coco,549,2008_002092.jpg,15,person,person,False,8,5,0.20401708781719208,299.4684,15.4543,501.7827,235.8682,0.41351667046546936,False,True,0.0,test
coco:549:15:1644,coco,549,2008_002092.jpg,15,person,person,False,8,6,0.18254780769348145,93.9392,105.4099,202.2791,353.5126,0.8235498666763306,True,False,0.0,test
coco:549:15:1644,coco,549,2008_002092.jpg,15,person,person,False,8,7,0.16910378634929657,370.2971,64.2914,499.8454,233.7561,0.8188893795013428,True,False,0.0,test
coco:549:15:1644,coco,549,2008_002092.jpg,15,person,person,False,8,8,0.14526547491550446,99.1328,103.4589,188.0347,218.0327,0.33820924162864685,False,True,0.0,test
coco:549:15:1644,coco,549,2008_002092.jpg,15,person,person,False,8,9,0.13165508210659027,296.1014,14.7608,462.0197,136.6237,0.933395504951477,True,False,0.0,test
coco:549:15:1644,coco,549,2008_002092.jpg,15,person,person,False,8,10,0.07079868018627167,364.9526,61.8308,497.4389,309.5464,0.5319173336029053,True,False,0.0,test
coco:549:15:1644,coco,549,2008_002092.jpg,15,person,person,False,8,11,0.06151995435357094,273.9665,89.5542,398.3072,229.9191,0.34661293029785156,False,True,0.0,test
coco:549:12:1646,coco,549,2008_002092.jpg,12,dog,dog,True,0,0,0.08952924609184265,449.5759,222.9562,493.0673,271.0255,0.0,False,True,0.0,test
coco:550:15:1647,coco,550,2008_002098.jpg,15,person,person,False,2,0,0.3985946476459503,116.2985,54.0903,293.4387,444.2875,0.9445304274559021,True,False,9.972762645914397,test
coco:550:15:1647,coco,550,2008_002098.jpg,15,person,person,False,2,1,0.35197845101356506,106.3213,112.3327,133.9786,189.718,0.8700264692306519,True,False,9.972762645914397,test
coco:550:15:1647,coco,550,2008_002098.jpg,15,person,person,False,2,2,0.343487411737442,157.9562,127.506,180.2759,174.0321,0.01538164634257555,False,True,9.972762645914397,test
coco:550:15:1647,coco,550,2008_002098.jpg,15,person,person,False,2,3,0.16341806948184967,157.7955,129.2233,179.943,157.3678,0.00923287495970726,False,True,0.0,test
coco:550:15:1647,coco,550,2008_002098.jpg,15,person,person,False,2,4,0.12297052145004272,279.8402,126.5626,293.2383,187.8896,0.008288686163723469,False,True,0.0,test
coco:550:15:1647,coco,550,2008_002098.jpg,15,person,person,False,2,5,0.07381758838891983,159.5868,133.6713,176.638,157.3125,0.005970951169729233,False,True,0.0,test
coco:550:15:1647,coco,550,2008_002098.jpg,15,person,person,False,2,6,0.06526167690753937,281.8622,131.5505,293.4332,159.7729,0.002978330245241523,False,True,0.0,test
coco:550:15:1647,coco,550,2008_002098.jpg,15,person,person,False,2,7,0.05713523551821709,9.3103,133.1801,19.9058,148.7177,0.0,False,True,0.0,test
coco:550:15:1647,coco,550,2008_002098.jpg,15,person,person,False,2,8,0.0547061450779438,1.6676,122.2555,11.724,141.6523,0.0,False,True,0.0,test
coco:550:15:1647,coco,550,2008_002098.jpg,15,person,person,False,2,9,0.054438281804323196,112.7075,123.7438,130.2724,153.8492,0.2149590700864792,False,True,0.0,test
coco:551:15:1650,coco,551,2008_002099.jpg,15,person,person,False,3,0,0.24307627975940704,187.1651,182.1244,284.603,331.5267,0.9436293244361877,True,False,9.972762645914397,test
coco:551:15:1650,coco,551,2008_002099.jpg,15,person,person,False,3,1,0.18568827211856842,456.5847,97.5475,487.7195,185.965,0.930273711681366,True,False,0.0,test
coco:551:15:1650,coco,551,2008_002099.jpg,15,person,person,False,3,2,0.13273607194423676,221.9242,169.8833,295.7419,329.5256,0.9435759782791138,True,False,0.0,test
coco:553:15:1656,coco,553,2008_002113.jpg,15,person,person,False,2,0,0.22291694581508636,223.8589,251.0236,310.2545,369.7471,0.8244074583053589,True,False,0.0,test
coco:553:15:1656,coco,553,2008_002113.jpg,15,person,person,False,2,1,0.2070583701133728,94.6774,54.7823,495.5314,268.448,0.9409388303756714,True,False,0.0,test
coco:553:15:1656,coco,553,2008_002113.jpg,15,person,person,False,2,2,0.17609374225139618,316.062,252.5409,334.6844,280.3326,0.0022428317461162806,False,True,0.0,test
coco:553:15:1656,coco,553,2008_002113.jpg,15,person,person,False,2,3,0.14144651591777802,417.6671,205.3532,445.2385,261.2505,0.017812833189964294,False,True,0.0,test
coco:553:15:1656,coco,553,2008_002113.jpg,15,person,person,False,2,4,0.0991666167974472,0.0613,194.9888,32.2893,301.9798,0.0,False,True,0.0,test
coco:553:15:1656,coco,553,2008_002113.jpg,15,person,person,False,2,5,0.09423194080591202,0.0813,254.1242,31.67,301.6102,0.0,False,True,0.0,test
coco:553:15:1656,coco,553,2008_002113.jpg,15,person,person,False,2,6,0.08117491006851196,468.0403,175.5471,483.0468,202.3599,0.004650551360100508,False,True,0.0,test
coco:553:15:1656,coco,553,2008_002113.jpg,15,person,person,False,2,7,0.07661579549312592,482.8963,176.2608,497.807,202.3008,0.004487689584493637,False,True,0.0,test
coco:553:15:1656,coco,553,2008_002113.jpg,15,person,person,False,2,8,0.0703711062669754,386.1309,197.0878,423.1951,263.8404,0.028225887566804886,False,True,0.0,test
coco:553:15:1656,coco,553,2008_002113.jpg,15,person,person,False,2,9,0.05887024849653244,90.5684,53.3235,498.0975,372.6132,0.6513370275497437,True,False,0.0,test
coco:553:15:1656,coco,553,2008_002113.jpg,15,person,person,False,2,10,0.053375858813524246,466.5568,174.6893,497.3118,204.0889,0.010450613684952259,False,True,0.0,test
coco:553:15:1656,coco,553,2008_002113.jpg,15,person,person,False,2,11,0.052470434457063675,427.1375,204.2347,438.0398,216.0901,0.0014938957756385207,False,True,0.0,test
coco:558:7:1671,coco,558,2008_002138.jpg,7,car,car,False,1,0,0.3126974403858185,442.2357,144.1176,454.5526,160.3721,0.09604675322771072,False,True,9.972762645914397,test
coco:558:7:1671,coco,558,2008_002138.jpg,7,car,car,False,1,1,0.25146108865737915,411.0533,139.7581,449.6524,169.8425,0.9364752173423767,True,False,9.972762645914397,test
coco:558:7:1671,coco,558,2008_002138.jpg,7,car,car,False,1,2,0.1982239931821823,401.421,145.7213,414.3775,153.7483,0.026846513152122498,False,True,0.0,test
coco:558:7:1671,coco,558,2008_002138.jpg,7,car,car,False,1,3,0.08420168608427048,400.5377,139.9415,454.1222,166.9744,0.6727834343910217,True,False,0.0,test
coco:558:7:1671,coco,558,2008_002138.jpg,7,car,car,False,1,4,0.07665978372097015,376.2045,134.5417,417.4223,178.8246,0.08115631341934204,False,True,0.0,test
coco:558:7:1671,coco,558,2008_002138.jpg,7,car,car,False,1,5,0.06552613526582718,385.4025,143.8211,404.0661,149.957,0.0,False,True,0.0,test
coco:558:7:1671,coco,558,2008_002138.jpg,7,car,car,False,1,6,0.059849970042705536,384.404,143.4449,401.1988,149.389,0.0,False,True,0.0,test
coco:558:7:1671,coco,558,2008_002138.jpg,7,car,car,False,1,7,0.058607056736946106,392.5174,143.4484,424.4031,177.4872,0.1968303620815277,False,True,0.0,test
coco:558:7:1671,coco,558,2008_002138.jpg,7,car,car,False,1,8,0.05221034586429596,-0.0982,177.1082,27.9694,187.5955,0.0,False,True,0.0,test
coco:558:7:1671,coco,558,2008_002138.jpg,7,car,car,False,1,9,0.05098137632012367,377.8643,135.5111,407.5266,151.5778,0.0,False,True,0.0,test
coco:560:11:1678,coco,560,2008_002144.jpg,11,diningtable,diningtable,True,0,0,0.10402309894561768,0.9028,214.13,114.7303,324.7626,0.0,False,True,0.0,test
coco:560:11:1678,coco,560,2008_002144.jpg,11,diningtable,diningtable,True,0,1,0.08369565010070801,8.147,300.2668,496.094,373.9004,0.0,False,True,0.0,test
coco:560:11:1678,coco,560,2008_002144.jpg,11,diningtable,diningtable,True,0,2,0.0644400492310524,3.4683,215.9034,83.4767,226.2128,0.0,False,True,0.0,test
coco:560:11:1678,coco,560,2008_002144.jpg,11,diningtable,diningtable,True,0,3,0.05920112505555153,-0.9988,172.1372,113.8363,219.0161,0.0,False,True,0.0,test
coco:561:15:1680,coco,561,2008_002146.jpg,15,person,person,False,3,0,0.2847622036933899,-0.2987,59.7166,234.295,374.8082,0.9816596508026123,True,False,9.972762645914397,test
coco:561:15:1680,coco,561,2008_002146.jpg,15,person,person,False,3,1,0.22291317582130432,205.857,84.7455,428.1566,374.4786,0.9324744939804077,True,False,0.0,test
coco:561:15:1680,coco,561,2008_002146.jpg,15,person,person,False,3,2,0.1695833057165146,364.9793,104.4594,497.5131,373.9441,0.9397392272949219,True,False,0.0,test
coco:562:1:1683,coco,562,2008_002151.jpg,1,aeroplane,aeroplane,False,1,0,0.5567121505737305,1.0653,52.4442,495.5917,243.4274,0.9777070879936218,True,False,9.972762645914397,test
coco:562:1:1683,coco,562,2008_002151.jpg,1,aeroplane,aeroplane,False,1,1,0.5386807918548584,384.5281,121.1163,499.6839,189.72,0.08366106450557709,False,True,9.972762645914397,test
coco:562:1:1683,coco,562,2008_002151.jpg,1,aeroplane,aeroplane,False,1,2,0.40640735626220703,-0.1841,126.3865,61.9406,181.3729,0.03425748646259308,False,True,9.972762645914397,test
coco:562:1:1683,coco,562,2008_002151.jpg,1,aeroplane,aeroplane,False,1,3,0.37851762771606445,0.4495,107.5837,161.9829,181.2328,0.12374986708164215,False,True,9.972762645914397,test
coco:562:1:1683,coco,562,2008_002151.jpg,1,aeroplane,aeroplane,False,1,4,0.32000935077667236,0.4744,55.301,174.0068,180.6528,0.2262457013130188,False,True,9.972762645914397,test
coco:562:1:1683,coco,562,2008_002151.jpg,1,aeroplane,aeroplane,False,1,5,0.30410584807395935,148.6221,113.901,166.9215,130.5595,0.0032282101456075907,False,True,9.972762645914397,test
coco:562:1:1683,coco,562,2008_002151.jpg,1,aeroplane,aeroplane,False,1,6,0.22902625799179077,383.6759,130.7476,500.4737,155.3329,0.030281912535429,False,True,9.972762645914397,test
coco:562:1:1683,coco,562,2008_002151.jpg,1,aeroplane,aeroplane,False,1,7,0.22099806368350983,418.6694,120.057,499.5679,197.6115,0.06644117832183838,False,True,0.0,test
coco:562:1:1683,coco,562,2008_002151.jpg,1,aeroplane,aeroplane,False,1,8,0.2169555276632309,2.1503,108.2506,163.6209,137.0623,0.048994600772857666,False,True,0.0,test
coco:562:1:1683,coco,562,2008_002151.jpg,1,aeroplane,aeroplane,False,1,9,0.2071472406387329,383.5883,124.62,499.421,165.7669,0.0504729300737381,False,True,0.0,test
coco:562:1:1683,coco,562,2008_002151.jpg,1,aeroplane,aeroplane,False,1,10,0.19692803919315338,453.8961,142.8188,478.9417,152.9524,0.0026877138298004866,False,True,0.0,test
coco:562:1:1683,coco,562,2008_002151.jpg,1,aeroplane,aeroplane,False,1,11,0.1785983443260193,-0.0798,164.7513,56.0722,181.0882,0.009176851250231266,False,True,0.0,test
coco:562:1:1683,coco,562,2008_002151.jpg,1,aeroplane,aeroplane,False,1,12,0.1453774869441986,-0.1507,131.4528,12.5049,179.855,0.004864106420427561,False,True,0.0,test
coco:562:1:1683,coco,562,2008_002151.jpg,1,aeroplane,aeroplane,False,1,13,0.14508044719696045,406.5083,154.7113,433.246,162.6471,0.002247001277282834,False,True,0.0,test
coco:562:1:1683,coco,562,2008_002151.jpg,1,aeroplane,aeroplane,False,1,14,0.13622313737869263,2.0217,108.1449,494.0239,190.1869,0.42624539136886597,False,True,0.0,test
coco:562:1:1683,coco,562,2008_002151.jpg,1,aeroplane,aeroplane,False,1,15,0.12736164033412933,453.1765,160.4156,499.6267,194.3127,0.01667405292391777,False,True,0.0,test
coco:562:1:1683,coco,562,2008_002151.jpg,1,aeroplane,aeroplane,False,1,16,0.12639765441417694,426.3291,119.263,484.6528,187.1594,0.041935455054044724,False,True,0.0,test
coco:562:1:1683,coco,562,2008_002151.jpg,1,aeroplane,aeroplane,False,1,17,0.1132114976644516,454.5747,142.6394,498.9853,155.3939,0.005998477339744568,False,True,0.0,test
coco:562:1:1683,coco,562,2008_002151.jpg,1,aeroplane,aeroplane,False,1,18,0.09822912514209747,484.6535,181.275,499.8821,195.7614,0.0023361945059150457,False,True,0.0,test
coco:562:1:1683,coco,562,2008_002151.jpg,1,aeroplane,aeroplane,False,1,19,0.08282347023487091,64.6706,111.986,163.7146,130.1829,0.019086062908172607,False,True,0.0,test
coco:562:1:1683,coco,562,2008_002151.jpg,1,aeroplane,aeroplane,False,1,20,0.07402875274419785,29.7844,173.3063,54.0332,180.6922,0.0018966414500027895,False,True,0.0,test
coco:562:1:1683,coco,562,2008_002151.jpg,1,aeroplane,aeroplane,False,1,21,0.07306400686502457,0.0817,123.4482,8.3883,134.2881,0.0006183268851600587,False,True,0.0,test
coco:562:1:1683,coco,562,2008_002151.jpg,1,aeroplane,aeroplane,False,1,22,0.0660301148891449,408.3513,154.1714,439.9708,181.4757,0.009142694063484669,False,True,0.0,test
coco:562:1:1683,coco,562,2008_002151.jpg,1,aeroplane,aeroplane,False,1,23,0.06600580364465714,2.5153,169.9544,496.5963,264.519,0.3367842435836792,False,True,0.0,test
coco:562:1:1683,coco,562,2008_002151.jpg,1,aeroplane,aeroplane,False,1,24,0.06550999730825424,0.3301,169.9179,14.2199,180.0379,0.0012020812137052417,False,True,0.0,test
coco:562:1:1683,coco,562,2008_002151.jpg,1,aeroplane,aeroplane,False,1,25,0.06227748468518257,-1.0986,79.7628,167.2483,136.7931,0.09895171225070953,False,True,0.0,test
coco:562:1:1683,coco,562,2008_002151.jpg,1,aeroplane,aeroplane,False,1,26,0.05985032394528389,1.8254,63.2316,77.1431,181.6849,0.09286855161190033,False,True,0.0,test
coco:562:1:1683,coco,562,2008_002151.jpg,1,aeroplane,aeroplane,False,1,27,0.058867085725069046,135.5695,97.9896,168.6781,130.903,0.011539963074028492,False,True,0.0,test
coco:562:1:1683,coco,562,2008_002151.jpg,1,aeroplane,aeroplane,False,1,28,0.054293759167194366,429.6672,119.6565,463.7362,159.471,0.014364496804773808,False,True,0.0,test
coco:562:1:1683,coco,562,2008_002151.jpg,1,aeroplane,aeroplane,False,1,29,0.05143046751618385,383.179,133.265,441.1728,157.4888,0.01487699430435896,False,True,0.0,test
coco:562:1:1683,coco,562,2008_002151.jpg,1,aeroplane,aeroplane,False,1,30,0.05019183084368706,293.1534,121.2174,505.757,182.9027,0.1346140056848526,False,True,0.0,test
coco:563:8:1686,coco,563,2008_002152.jpg,8,cat,cat,False,3,0,0.5801764130592346,107.9227,123.2096,317.8586,259.2756,0.9521058797836304,True,False,9.972762645914397,test
coco:563:8:1686,coco,563,2008_002152.jpg,8,cat,cat,False,3,1,0.5748503804206848,301.4051,155.1142,437.5894,280.8406,0.9609498977661133,True,False,9.972762645914397,test
coco:563:8:1686,coco,563,2008_002152.jpg,8,cat,cat,False,3,2,0.5488553643226624,87.9427,73.8064,319.9627,169.1258,0.8992091417312622,True,False,9.972762645914397,test
coco:563:8:1686,coco,563,2008_002152.jpg,8,cat,cat,False,3,3,0.4768194258213043,0.3747,266.136,84.2828,311.294,0.0,False,True,9.972762645914397,test
coco:563:8:1686,coco,563,2008_002152.jpg,8,cat,cat,False,3,4,0.21302762627601624,87.5707,74.1183,324.2594,258.0494,0.628498375415802,True,False,0.0,test
coco:563:8:1686,coco,563,2008_002152.jpg,8,cat,cat,False,3,5,0.08130417764186859,108.3927,138.163,178.4699,208.848,0.17119163274765015,False,True,0.0,test
coco:563:8:1686,coco,563,2008_002152.jpg,8,cat,cat,False,3,6,0.05842895805835724,91.1707,71.9246,432.2832,276.6537,0.3962731659412384,False,True,0.0,test
coco:564:11:1691,coco,564,2008_002153.jpg,11,diningtable,diningtable,True,0,0,0.1764666736125946,1.4925,193.9571,496.6837,375.73,0.0,False,True,0.0,test
coco:565:15:1692,coco,565,2008_002155.jpg,15,person,person,False,2,0,0.19465415179729462,191.5227,155.0046,266.2865,287.1726,0.8543750643730164,True,False,0.0,test
coco:565:15:1692,coco,565,2008_002155.jpg,15,person,person,False,2,1,0.1878446638584137,294.3443,150.416,307.4262,170.4586,0.0,False,True,0.0,test
coco:565:15:1692,coco,565,2008_002155.jpg,15,person,person,False,2,2,0.16809828579425812,352.3193,165.8973,500.0729,374.711,0.9862968921661377,True,False,0.0,test
coco:565:15:1692,coco,565,2008_002155.jpg,15,person,person,False,2,3,0.053600113838911057,-0.359,178.6375,120.8763,282.0507,0.0,False,True,0.0,test
coco:566:19:1695,coco,566,2008_002158.jpg,19,train,train,False,1,0,0.7395769357681274,90.9685,31.1231,352.6273,283.0501,0.9422642588615417,True,False,9.972762645914397,test
coco:567:15:1698,coco,567,2008_002167.jpg,15,person,person,False,1,0,0.26335635781288147,8.9806,21.8653,409.3516,332.0116,0.9775715470314026,True,False,9.972762645914397,test
coco:567:18:1699,coco,567,2008_002167.jpg,18,sofa,sofa,True,0,0,0.35649552941322327,2.1307,198.3151,494.0221,331.1673,0.0,False,True,9.972762645914397,test
coco:567:18:1699,coco,567,2008_002167.jpg,18,sofa,sofa,True,0,1,0.17237944900989532,375.3115,231.6755,502.3135,331.3574,0.0,False,True,0.0,test
coco:567:18:1699,coco,567,2008_002167.jpg,18,sofa,sofa,True,0,2,0.11043544858694077,273.8007,230.0659,500.0347,331.4633,0.0,False,True,0.0,test
coco:567:18:1699,coco,567,2008_002167.jpg,18,sofa,sofa,True,0,3,0.08473391085863113,0.0579,192.2074,44.9391,330.5374,0.0,False,True,0.0,test
coco:568:15:1701,coco,568,2008_002169.jpg,15,person,person,False,2,0,0.2527638077735901,138.7134,118.0748,377.9799,374.5409,0.6348174810409546,True,False,9.972762645914397,test
coco:568:15:1701,coco,568,2008_002169.jpg,15,person,person,False,2,1,0.2525828182697296,130.7638,127.065,312.3989,374.2081,0.8733851313591003,True,False,9.972762645914397,test
coco:568:15:1701,coco,568,2008_002169.jpg,15,person,person,False,2,2,0.1284693479537964,55.2547,145.0971,118.2205,220.1042,0.0,False,True,0.0,test
coco:568:15:1701,coco,568,2008_002169.jpg,15,person,person,False,2,3,0.12638084590435028,217.646,114.6147,379.5669,375.813,0.9425792098045349,True,False,0.0,test
coco:568:15:1701,coco,568,2008_002169.jpg,15,person,person,False,2,4,0.10681230574846268,393.1526,0.8644,425.9232,23.7003,0.0,False,True,0.0,test
coco:568:15:1701,coco,568,2008_002169.jpg,15,person,person,False,2,5,0.08946499228477478,115.0453,110.6702,184.9066,212.9978,0.10188187658786774,False,True,0.0,test
coco:568:15:1701,coco,568,2008_002169.jpg,15,person,person,False,2,6,0.0825059786438942,482.5413,39.6676,499.5475,60.4485,0.0,False,True,0.0,test
coco:568:15:1701,coco,568,2008_002169.jpg,15,person,person,False,2,7,0.08188486844301224,64.254,112.5472,170.6207,219.4651,0.07092978060245514,False,True,0.0,test
coco:568:15:1701,coco,568,2008_002169.jpg,15,person,person,False,2,8,0.060490209609270096,387.9661,0.7228,436.4413,46.5381,0.0,False,True,0.0,test
coco:568:15:1701,coco,568,2008_002169.jpg,15,person,person,False,2,9,0.055602509528398514,137.0923,112.238,178.8901,156.3725,0.02742931991815567,False,True,0.0,test
coco:568:19:1702,coco,568,2008_002169.jpg,19,train,train,True,0,0,0.46472135186195374,3.4897,-5.0629,495.2252,366.3773,0.0,False,True,9.972762645914397,test
coco:568:19:1702,coco,568,2008_002169.jpg,19,train,train,True,0,1,0.15081776678562164,1.1899,-0.8934,253.9768,372.4948,0.0,False,True,0.0,test
coco:568:19:1702,coco,568,2008_002169.jpg,19,train,train,True,0,2,0.11706624180078506,251.6225,1.9842,499.4327,334.7576,0.0,False,True,0.0,test
coco:568:19:1702,coco,568,2008_002169.jpg,19,train,train,True,0,3,0.09808918833732605,334.0125,35.5157,456.7663,333.6107,0.0,False,True,0.0,test
coco:568:19:1702,coco,568,2008_002169.jpg,19,train,train,True,0,4,0.06025175377726555,-2.7482,1.8701,403.4051,243.8641,0.0,False,True,0.0,test
coco:569:13:1704,coco,569,2008_002172.jpg,13,horse,horse,False,2,0,0.7167824506759644,73.7348,79.8144,212.3076,285.8055,0.8559683561325073,True,False,9.972762645914397,test
coco:569:13:1704,coco,569,2008_002172.jpg,13,horse,horse,False,2,1,0.5567448139190674,190.2268,121.9497,277.1609,255.0836,0.8098517060279846,True,False,9.972762645914397,test
coco:569:13:1704,coco,569,2008_002172.jpg,13,horse,horse,False,2,2,0.2067621797323227,75.6217,108.2152,267.2954,282.1027,0.549835205078125,True,False,0.0,test
coco:569:13:1704,coco,569,2008_002172.jpg,13,horse,horse,False,2,3,0.15905950963497162,243.3994,124.5516,276.8993,210.6239,0.20262515544891357,False,True,0.0,test
coco:569:13:1704,coco,569,2008_002172.jpg,13,horse,horse,False,2,4,0.11404991149902344,68.8287,119.4619,115.6599,186.1776,0.10385499149560928,False,True,0.0,test
coco:569:13:1704,coco,569,2008_002172.jpg,13,horse,horse,False,2,5,0.07358482480049133,80.1396,185.6948,157.8295,272.0765,0.2230750322341919,False,True,0.0,test
coco:569:13:1704,coco,569,2008_002172.jpg,13,horse,horse,False,2,6,0.07252220064401627,69.5427,114.9303,166.0375,263.7225,0.477252721786499,False,True,0.0,test
coco:569:13:1704,coco,569,2008_002172.jpg,13,horse,horse,False,2,7,0.060824744403362274,74.4386,118.1225,203.1755,191.5286,0.3141230344772339,False,True,0.0,test
coco:569:13:1704,coco,569,2008_002172.jpg,13,horse,horse,False,2,8,0.06043001264333725,82.7829,191.4098,194.616,268.7317,0.2874334454536438,False,True,0.0,test
coco:569:13:1704,coco,569,2008_002172.jpg,13,horse,horse,False,2,9,0.054628707468509674,396.5193,189.1353,408.1243,195.8251,0.0,False,True,0.0,test
coco:570:15:1707,coco,570,2008_002176.jpg,15,person,person,False,4,0,0.2363806962966919,0.0096,-0.203,46.655,93.6075,0.6067420244216919,True,False,9.972762645914397,test
coco:570:15:1707,coco,570,2008_002176.jpg,15,person,person,False,4,1,0.22464583814144135,153.124,48.8189,314.6277,293.4042,0.9798992276191711,True,False,9.972762645914397,test
coco:570:15:1707,coco,570,2008_002176.jpg,15,person,person,False,4,2,0.19252391159534454,246.9174,58.2158,459.755,294.3857,0.9109504222869873,True,False,0.0,test
coco:570:15:1707,coco,570,2008_002176.jpg,15,person,person,False,4,3,0.19220100343227386,6.6353,37.4014,323.5981,293.423,0.9219977855682373,True,False,0.0,test
coco:570:15:1707,coco,570,2008_002176.jpg,15,person,person,False,4,4,0.12145373225212097,30.2763,0.3109,75.0232,30.6912,0.13159896433353424,False,True,0.0,test
coco:570:15:1707,coco,570,2008_002176.jpg,15,person,person,False,4,5,0.08647344261407852,0.4055,-0.2641,45.6159,57.8796,0.9241682291030884,True,False,0.0,test
coco:570:15:1707,coco,570,2008_002176.jpg,15,person,person,False,4,6,0.05493716895580292,0.0193,0.186,88.0106,105.6274,0.28616300225257874,False,True,0.0,test
coco:572:15:1713,coco,572,2008_002185.jpg,15,person,person,False,1,0,0.21048380434513092,239.0093,80.2929,498.6206,372.6679,0.9810770153999329,True,False,0.0,test
coco:573:7:1717,coco,573,2008_002191.jpg,7,car,car,True,0,0,0.051159411668777466,211.1941,220.008,225.8853,247.0461,0.0,False,True,0.0,test
coco:574:15:1719,coco,574,2008_002193.jpg,15,person,person,False,1,0,0.32828059792518616,12.4074,159.0922,36.3453,248.1996,0.9201330542564392,True,False,9.972762645914397,test
coco:574:15:1719,coco,574,2008_002193.jpg,15,person,person,False,1,1,0.2716863751411438,390.439,87.1625,407.8011,109.6617,0.0,False,True,9.972762645914397,test
coco:574:15:1719,coco,574,2008_002193.jpg,15,person,person,False,1,2,0.1580796241760254,402.3819,90.2185,419.4441,108.0464,0.0,False,True,0.0,test
coco:574:15:1719,coco,574,2008_002193.jpg,15,person,person,False,1,3,0.10228419303894043,435.2748,95.2317,449.9977,105.7204,0.0,False,True,0.0,test
coco:574:15:1719,coco,574,2008_002193.jpg,15,person,person,False,1,4,0.07229117304086685,147.8996,133.7061,167.9995,150.7412,0.0,False,True,0.0,test
coco:574:15:1719,coco,574,2008_002193.jpg,15,person,person,False,1,5,0.062456175684928894,145.9436,119.1554,169.3117,149.2911,0.0,False,True,0.0,test
coco:574:15:1719,coco,574,2008_002193.jpg,15,person,person,False,1,6,0.05353955179452896,235.1447,110.1638,247.749,137.1476,0.0,False,True,0.0,test
coco:574:15:1719,coco,574,2008_002193.jpg,15,person,person,False,1,7,0.05313315987586975,333.2433,95.3354,364.5984,117.5419,0.0,False,True,0.0,test
coco:574:15:1719,coco,574,2008_002193.jpg,15,person,person,False,1,8,0.05000936612486839,0.211,76.4523,29.0276,110.9408,0.0,False,True,0.0,test
coco:575:4:1722,coco,575,2008_002194.jpg,4,boat,boat,False,3,0,0.6593491435050964,318.9166,154.0456,374.1263,178.9889,0.909069299697876,True,False,9.972762645914397,test
coco:575:4:1722,coco,575,2008_002194.jpg,4,boat,boat,False,3,1,0.5133352279663086,273.4759,152.8716,319.8822,173.1542,0.9214759469032288,True,False,9.972762645914397,test
coco:575:4:1722,coco,575,2008_002194.jpg,4,boat,boat,False,3,2,0.48678651452064514,388.9098,152.5204,411.2675,157.6008,0.0,False,True,9.972762645914397,test
coco:575:4:1722,coco,575,2008_002194.jpg,4,boat,boat,False,3,3,0.39540258049964905,114.3912,179.833,122.0035,190.0892,0.0,False,True,9.972762645914397,test
coco:575:4:1722,coco,575,2008_002194.jpg,4,boat,boat,False,3,4,0.316072016954422,60.6235,166.4257,76.4257,171.8879,0.012481287121772766,False,True,9.972762645914397,test
coco:575:4:1722,coco,575,2008_002194.jpg,4,boat,boat,False,3,5,0.29079023003578186,433.6326,148.6104,459.7704,154.6519,0.0,False,True,9.972762645914397,test
coco:575:4:1722,coco,575,2008_002194.jpg,4,boat,boat,False,3,6,0.20858512818813324,217.9263,159.5012,236.8715,164.3606,0.0,False,True,0.0,test
coco:575:4:1722,coco,575,2008_002194.jpg,4,boat,boat,False,3,7,0.19568121433258057,182.3361,165.1903,188.9294,168.2423,0.0,False,True,0.0,test
coco:575:4:1722,coco,575,2008_002194.jpg,4,boat,boat,False,3,8,0.18458640575408936,181.7503,162.082,194.3509,166.7166,0.0,False,True,0.0,test
coco:575:4:1722,coco,575,2008_002194.jpg,4,boat,boat,False,3,9,0.17768770456314087,0.3574,41.213,64.3438,204.4469,0.2223004251718521,False,True,0.0,test
coco:575:4:1722,coco,575,2008_002194.jpg,4,boat,boat,False,3,10,0.17264731228351593,272.716,150.1328,375.2393,178.4793,0.4395492970943451,False,True,0.0,test
coco:575:4:1722,coco,575,2008_002194.jpg,4,boat,boat,False,3,11,0.17003534734249115,236.8605,162.3645,240.3113,166.4894,0.0,False,True,0.0,test
coco:575:4:1722,coco,575,2008_002194.jpg,4,boat,boat,False,3,12,0.16875791549682617,6.3809,208.6301,27.7892,242.4128,0.0,False,True,0.0,test
coco:575:4:1722,coco,575,2008_002194.jpg,4,boat,boat,False,3,13,0.1660723239183426,169.3877,163.5662,187.2571,167.696,0.0,False,True,0.0,test
coco:575:4:1722,coco,575,2008_002194.jpg,4,boat,boat,False,3,14,0.16295701265335083,455.3792,152.1482,462.4997,155.8629,0.0,False,True,0.0,test
coco:575:4:1722,coco,575,2008_002194.jpg,4,boat,boat,False,3,15,0.16286338865756989,121.3912,161.7528,152.7409,169.8246,0.0,False,True,0.0,test
coco:575:4:1722,coco,575,2008_002194.jpg,4,boat,boat,False,3,16,0.15193162858486176,60.9851,167.2351,68.5478,171.8185,0.011256592348217964,False,True,0.0,test
coco:575:4:1722,coco,575,2008_002194.jpg,4,boat,boat,False,3,17,0.13955079019069672,366.3813,160.9154,373.5728,168.1256,0.037036873400211334,False,True,0.0,test
coco:575:4:1722,coco,575,2008_002194.jpg,4,boat,boat,False,3,18,0.13386298716068268,120.742,161.9281,185.8429,169.9359,0.0,False,True,0.0,test
coco:575:4:1722,coco,575,2008_002194.jpg,4,boat,boat,False,3,19,0.13384193181991577,206.6464,161.762,216.9513,165.311,0.0,False,True,0.0,test
coco:575:4:1722,coco,575,2008_002194.jpg,4,boat,boat,False,3,20,0.13335075974464417,114.7493,184.9771,122.0376,190.0568,0.0,False,True,0.0,test
coco:575:4:1722,coco,575,2008_002194.jpg,4,boat,boat,False,3,21,0.13060946762561798,50.3602,167.5373,62.1261,172.6405,0.02458798512816429,False,True,0.0,test
coco:575:4:1722,coco,575,2008_002194.jpg,4,boat,boat,False,3,22,0.1285562962293625,150.2443,163.3292,182.5282,168.6991,0.0,False,True,0.0,test
coco:575:4:1722,coco,575,2008_002194.jpg,4,boat,boat,False,3,23,0.1254025101661682,236.7325,160.5959,254.6518,165.9459,0.0,False,True,0.0,test
coco:575:4:1722,coco,575,2008_002194.jpg,4,boat,boat,False,3,24,0.12099210172891617,-0.2182,182.5355,66.353,202.6817,0.5337895154953003,True,False,0.0,test
coco:575:4:1722,coco,575,2008_002194.jpg,4,boat,boat,False,3,25,0.11504830420017242,64.6368,165.7489,109.9186,172.1021,0.004436642397195101,False,True,0.0,test
coco:575:4:1722,coco,575,2008_002194.jpg,4,boat,boat,False,3,26,0.11267097294330597,191.2091,160.1259,208.083,166.0057,0.0,False,True,0.0,test
coco:575:4:1722,coco,575,2008_002194.jpg,4,boat,boat,False,3,27,0.11103665828704834,42.21,186.6823,66.1045,197.6715,0.10752728581428528,False,True,0.0,test
coco:575:4:1722,coco,575,2008_002194.jpg,4,boat,boat,False,3,28,0.11007636785507202,35.9198,185.8958,50.2686,191.4807,0.03281562402844429,False,True,0.0,test
coco:575:4:1722,coco,575,2008_002194.jpg,4,boat,boat,False,3,29,0.10951971262693405,269.4933,170.07,277.2899,174.0428,0.012864476069808006,False,True,0.0,test
coco:575:4:1722,coco,575,2008_002194.jpg,4,boat,boat,False,3,30,0.10104064643383026,377.2005,153.1764,386.0769,156.7532,0.0,False,True,0.0,test
coco:575:4:1722,coco,575,2008_002194.jpg,4,boat,boat,False,3,31,0.10009133070707321,113.1077,160.4774,127.5587,168.7006,0.0,False,True,0.0,test
coco:575:4:1722,coco,575,2008_002194.jpg,4,boat,boat,False,3,32,0.0988941565155983,47.0558,186.2561,57.0923,191.2767,0.02063439041376114,False,True,0.0,test
coco:575:4:1722,coco,575,2008_002194.jpg,4,boat,boat,False,3,33,0.09788589924573898,249.704,160.7867,254.7288,164.2943,0.0,False,True,0.0,test
coco:575:4:1722,coco,575,2008_002194.jpg,4,boat,boat,False,3,34,0.09725508838891983,122.732,164.6463,149.0717,169.8511,0.0,False,True,0.0,test
coco:575:4:1722,coco,575,2008_002194.jpg,4,boat,boat,False,3,35,0.09442199766635895,121.0819,165.2919,139.4021,169.605,0.0,False,True,0.0,test
coco:575:4:1722,coco,575,2008_002194.jpg,4,boat,boat,False,3,36,0.0929265022277832,-0.3637,164.3337,34.0393,192.5603,0.32877758145332336,False,True,0.0,test
coco:575:4:1722,coco,575,2008_002194.jpg,4,boat,boat,False,3,37,0.09086252003908157,441.9772,149.6959,461.9861,155.4138,0.0,False,True,0.0,test
coco:575:4:1722,coco,575,2008_002194.jpg,4,boat,boat,False,3,38,0.08832156658172607,195.4207,160.4897,201.7329,165.3767,0.0,False,True,0.0,test
coco:575:4:1722,coco,575,2008_002194.jpg,4,boat,boat,False,3,39,0.08719419687986374,47.9708,159.9695,62.3329,168.6523,0.00933161936700344,False,True,0.0,test
coco:575:4:1722,coco,575,2008_002194.jpg,4,boat,boat,False,3,40,0.08602070063352585,34.9677,169.1956,51.9726,174.1919,0.03479194641113281,False,True,0.0,test
coco:575:4:1722,coco,575,2008_002194.jpg,4,boat,boat,False,3,41,0.08520949631929398,479.5467,147.2036,498.9969,153.1453,0.0,False,True,0.0,test
coco:575:4:1722,coco,575,2008_002194.jpg,4,boat,boat,False,3,42,0.08262582123279572,370.7785,166.7815,376.1794,171.2525,0.013431085273623466,False,True,0.0,test
coco:575:4:1722,coco,575,2008_002194.jpg,4,boat,boat,False,3,43,0.08140017837285995,459.4173,146.427,499.155,154.6668,0.0,False,True,0.0,test
coco:575:4:1722,coco,575,2008_002194.jpg,4,boat,boat,False,3,44,0.08077587187290192,174.9851,161.6229,187.5887,166.9868,0.0,False,True,0.0,test
coco:575:4:1722,coco,575,2008_002194.jpg,4,boat,boat,False,3,45,0.07584737986326218,377.5958,297.716,400.1765,311.8503,0.0,False,True,0.0,test
coco:575:4:1722,coco,575,2008_002194.jpg,4,boat,boat,False,3,46,0.07525696605443954,33.8024,173.1851,52.4135,187.5068,0.10914964228868484,False,True,0.0,test
coco:575:4:1722,coco,575,2008_002194.jpg,4,boat,boat,False,3,47,0.07319565862417221,87.792,167.3272,106.346,171.5271,0.0,False,True,0.0,test
coco:575:4:1722,coco,575,2008_002194.jpg,4,boat,boat,False,3,48,0.07100781053304672,353.8318,314.3091,501.4891,335.0068,0.0,False,True,0.0,test
coco:575:4:1722,coco,575,2008_002194.jpg,4,boat,boat,False,3,49,0.06607681512832642,347.4076,153.5064,361.2996,158.1276,0.030581647530198097,False,True,0.0,test
coco:575:4:1722,coco,575,2008_002194.jpg,4,boat,boat,False,3,50,0.06555457413196564,358.7783,154.2881,375.977,158.2819,0.037612270563840866,False,True,0.0,test
coco:575:4:1722,coco,575,2008_002194.jpg,4,boat,boat,False,3,51,0.06452702730894089,180.1953,157.8729,252.363,166.7559,0.0,False,True,0.0,test
coco:575:4:1722,coco,575,2008_002194.jpg,4,boat,boat,False,3,52,0.06353537738323212,432.674,149.2165,449.8678,153.9111,0.0,False,True,0.0,test
coco:575:4:1722,coco,575,2008_002194.jpg,4,boat,boat,False,3,53,0.06306156516075134,188.2674,163.7094,193.636,166.5873,0.0,False,True,0.0,test
coco:575:4:1722,coco,575,2008_002194.jpg,4,boat,boat,False,3,54,0.06205904111266136,-0.4754,163.6853,55.2582,196.9913,0.6092398762702942,True,False,0.0,test
coco:575:4:1722,coco,575,2008_002194.jpg,4,boat,boat,False,3,55,0.06019270792603493,455.6439,149.1936,472.6996,154.099,0.0,False,True,0.0,test
coco:575:4:1722,coco,575,2008_002194.jpg,4,boat,boat,False,3,56,0.05919370427727699,174.5412,154.6845,215.8127,166.9215,0.0,False,True,0.0,test
coco:575:4:1722,coco,575,2008_002194.jpg,4,boat,boat,False,3,57,0.0578906424343586,6.2035,231.7652,27.4724,242.3217,0.0,False,True,0.0,test
coco:575:4:1722,coco,575,2008_002194.jpg,4,boat,boat,False,3,58,0.05498019605875015,377.1357,297.0429,449.0648,313.0314,0.0,False,True,0.0,test
coco:575:4:1722,coco,575,2008_002194.jpg,4,boat,boat,False,3,59,0.05334034562110901,52.3548,186.4664,63.4362,192.7321,0.028432654216885567,False,True,0.0,test
coco:575:4:1722,coco,575,2008_002194.jpg,4,boat,boat,False,3,60,0.050106462091207504,133.6226,165.7586,148.0407,169.4153,0.0,False,True,0.0,test
coco:575:15:1723,coco,575,2008_002194.jpg,15,person,person,True,0,0,0.09291818737983704,8.6305,156.8434,13.3534,169.4947,0.0,False,True,0.0,test
coco:575:15:1723,coco,575,2008_002194.jpg,15,person,person,True,0,1,0.0586460642516613,114.7113,179.8643,118.2353,186.2115,0.0,False,True,0.0,test
coco:575:15:1723,coco,575,2008_002194.jpg,15,person,person,True,0,2,0.05315648019313812,2.6015,158.6779,7.6819,169.1264,0.0,False,True,0.0,test
coco:575:15:1723,coco,575,2008_002194.jpg,15,person,person,True,0,3,0.05146084353327751,20.1991,169.0385,25.5068,176.4504,0.0,False,True,0.0,test
coco:577:15:1728,coco,577,2008_002199.jpg,15,person,person,False,5,0,0.2403058409690857,178.1232,166.5577,215.7973,323.8401,0.9436970353126526,True,False,9.972762645914397,test
coco:577:15:1728,coco,577,2008_002199.jpg,15,person,person,False,5,1,0.22784951329231262,101.813,165.0668,171.2369,370.039,0.9674049615859985,True,False,9.972762645914397,test
coco:577:15:1728,coco,577,2008_002199.jpg,15,person,person,False,5,2,0.216084286570549,291.2964,160.1953,406.6248,374.2305,0.977806031703949,True,False,0.0,test
coco:577:15:1728,coco,577,2008_002199.jpg,15,person,person,False,5,3,0.19525812566280365,272.7419,169.4948,328.1769,308.9793,0.8259267210960388,True,False,0.0,test
coco:577:15:1728,coco,577,2008_002199.jpg,15,person,person,False,5,4,0.1720713973045349,255.9063,180.971,290.0216,302.7425,0.86661696434021,True,False,0.0,test
coco:577:15:1728,coco,577,2008_002199.jpg,15,person,person,False,5,5,0.17027164995670319,248.188,187.5394,263.8405,272.8536,0.19755829870700836,False,True,0.0,test
coco:577:15:1728,coco,577,2008_002199.jpg,15,person,person,False,5,6,0.1534786969423294,145.6007,186.1828,179.6074,216.9947,0.056928325444459915,False,True,0.0,test
coco:577:15:1728,coco,577,2008_002199.jpg,15,person,person,False,5,7,0.134327232837677,144.691,184.8563,185.4299,291.5016,0.18926146626472473,False,True,0.0,test
coco:577:15:1728,coco,577,2008_002199.jpg,15,person,person,False,5,8,0.08198624849319458,253.1854,182.9657,282.2363,297.999,0.6979583501815796,True,False,0.0,test
coco:577:15:1728,coco,577,2008_002199.jpg,15,person,person,False,5,9,0.06974725425243378,286.9369,173.1517,310.8805,204.2189,0.07945512235164642,False,True,0.0,test
coco:577:15:1728,coco,577,2008_002199.jpg,15,person,person,False,5,10,0.060504134744405746,273.8049,173.8946,311.5966,300.9334,0.5128190517425537,True,False,0.0,test
coco:577:15:1728,coco,577,2008_002199.jpg,15,person,person,False,5,11,0.051247790455818176,218.9111,243.8032,226.4931,264.4477,0.0,False,True,0.0,test
coco:578:8:1731,coco,578,2008_002201.jpg,8,cat,cat,False,1,0,0.7840617299079895,115.3049,2.5082,499.9523,375.6658,0.9805764555931091,True,False,9.972762645914397,test
coco:579:6:1734,coco,579,2008_002205.jpg,6,bus,bus,False,1,0,0.8496713638305664,1.0758,58.3208,452.5289,317.0255,0.9771445989608765,True,False,9.972762645914397,test
coco:580:3:1737,coco,580,2008_002207.jpg,3,bird,bird,False,2,0,0.4753234386444092,-0.3927,23.8257,36.4795,46.0927,0.0,False,True,9.972762645914397,test
coco:580:3:1737,coco,580,2008_002207.jpg,3,bird,bird,False,2,1,0.3405199348926544,247.6131,178.0957,304.1268,209.7385,0.3256421685218811,False,True,9.972762645914397,test
coco:580:3:1737,coco,580,2008_002207.jpg,3,bird,bird,False,2,2,0.3354959487915039,247.6796,182.771,272.4354,210.4424,0.03302745893597603,False,True,9.972762645914397,test
coco:580:3:1737,coco,580,2008_002207.jpg,3,bird,bird,False,2,3,0.32612350583076477,441.5862,33.273,489.292,70.9104,0.8503097295761108,True,False,9.972762645914397,test
coco:580:3:1737,coco,580,2008_002207.jpg,3,bird,bird,False,2,4,0.26955464482307434,244.6917,204.0648,272.4685,247.0965,0.0,False,True,9.972762645914397,test
coco:580:3:1737,coco,580,2008_002207.jpg,3,bird,bird,False,2,5,0.24001775681972504,246.2463,205.0744,273.2161,225.0508,0.0,False,True,9.972762645914397,test
coco:580:3:1737,coco,580,2008_002207.jpg,3,bird,bird,False,2,6,0.22716398537158966,268.3619,178.8298,304.5194,198.7001,0.7429192066192627,True,False,9.972762645914397,test
coco:580:3:1737,coco,580,2008_002207.jpg,3,bird,bird,False,2,7,0.22607800364494324,1.0599,44.4533,38.2631,64.3188,0.0,False,True,9.972762645914397,test
coco:580:3:1737,coco,580,2008_002207.jpg,3,bird,bird,False,2,8,0.21797922253608704,268.9699,177.5071,296.8484,190.4893,0.5408125519752502,True,False,0.0,test
coco:580:3:1737,coco,580,2008_002207.jpg,3,bird,bird,False,2,9,0.16255353391170502,442.9789,67.5231,486.9268,93.0375,0.08656355738639832,False,True,0.0,test
coco:580:3:1737,coco,580,2008_002207.jpg,3,bird,bird,False,2,10,0.15561607480049133,489.2664,3.6121,499.9238,13.6912,0.0,False,True,0.0,test
coco:580:3:1737,coco,580,2008_002207.jpg,3,bird,bird,False,2,11,0.14200076460838318,0.0504,231.089,21.242,256.0074,0.0,False,True,0.0,test
coco:580:3:1737,coco,580,2008_002207.jpg,3,bird,bird,False,2,12,0.10978122055530548,244.2943,185.5619,306.7947,249.642,0.08149933069944382,False,True,0.0,test
coco:580:3:1737,coco,580,2008_002207.jpg,3,bird,bird,False,2,13,0.07404816150665283,291.5182,180.6465,305.3048,192.3418,0.25634345412254333,False,True,0.0,test
coco:580:3:1737,coco,580,2008_002207.jpg,3,bird,bird,False,2,14,0.050342053174972534,470.5004,72.726,487.9646,94.9441,0.002095515141263604,False,True,0.0,test
coco:581:14:1740,coco,581,2008_002209.jpg,14,motorbike,motorbike,False,1,0,0.6011043190956116,287.1719,205.6692,458.0327,317.9629,0.9157676100730896,True,False,9.972762645914397,test
coco:581:14:1740,coco,581,2008_002209.jpg,14,motorbike,motorbike,False,1,1,0.1637459397315979,288.5786,207.0547,375.3178,295.5552,0.4008837640285492,False,True,0.0,test
coco:581:14:1740,coco,581,2008_002209.jpg,14,motorbike,motorbike,False,1,2,0.08502509444952011,354.4183,223.3347,459.9867,316.6586,0.4685031473636627,False,True,0.0,test
coco:584:7:1749,coco,584,2008_002223.jpg,7,car,car,False,1,0,0.12265920639038086,352.2904,197.7882,410.536,222.4002,0.7683060169219971,True,False,0.0,test
coco:584:7:1749,coco,584,2008_002223.jpg,7,car,car,False,1,1,0.05968795344233513,487.6691,208.1092,499.837,235.6752,0.0,False,True,0.0,test
coco:586:8:1755,coco,586,2008_002234.jpg,8,cat,cat,False,1,0,0.591653048992157,0.3119,2.6256,373.2865,496.7547,0.9839096665382385,True,False,9.972762645914397,test
coco:587:12:1758,coco,587,2008_002239.jpg,12,dog,dog,False,1,0,0.6973989009857178,222.9226,10.879,410.1867,288.9513,0.9436758160591125,True,False,9.972762645914397,test
coco:588:14:1761,coco,588,2008_002240.jpg,14,motorbike,motorbike,False,4,0,0.5554376840591431,27.3956,17.3339,141.9103,333.2862,0.9467732310295105,True,False,9.972762645914397,test
coco:588:14:1761,coco,588,2008_002240.jpg,14,motorbike,motorbike,False,4,1,0.5508286952972412,128.9596,18.4443,237.7163,330.5979,0.8293731212615967,True,False,9.972762645914397,test
coco:588:14:1761,coco,588,2008_002240.jpg,14,motorbike,motorbike,False,4,2,0.5350936651229858,231.8734,22.1815,356.6565,323.9697,0.830426037311554,True,False,9.972762645914397,test
coco:588:14:1761,coco,588,2008_002240.jpg,14,motorbike,motorbike,False,4,3,0.500129759311676,325.3405,23.0143,457.1254,324.6312,0.8538435697555542,True,False,9.972762645914397,test
coco:588:14:1761,coco,588,2008_002240.jpg,14,motorbike,motorbike,False,4,4,0.33958110213279724,434.5402,49.97,497.6959,275.4934,0.11862245947122574,False,True,9.972762645914397,test
coco:588:14:1761,coco,588,2008_002240.jpg,14,motorbike,motorbike,False,4,5,0.23052071034908295,-0.1359,65.8245,30.2053,276.1325,0.030610451474785805,False,True,9.972762645914397,test
coco:588:14:1761,coco,588,2008_002240.jpg,14,motorbike,motorbike,False,4,6,0.22377558052539825,243.1001,19.0193,456.5113,323.2859,0.5519430041313171,True,False,0.0,test
coco:588:14:1761,coco,588,2008_002240.jpg,14,motorbike,motorbike,False,4,7,0.21275608241558075,434.7273,113.5769,497.5573,269.876,0.08574507385492325,False,True,0.0,test
coco:588:14:1761,coco,588,2008_002240.jpg,14,motorbike,motorbike,False,4,8,0.1553129255771637,237.0705,15.4131,355.3028,157.5204,0.3850906193256378,False,True,0.0,test
coco:588:14:1761,coco,588,2008_002240.jpg,14,motorbike,motorbike,False,4,9,0.15255607664585114,322.8081,95.9313,385.7231,216.8513,0.15274472534656525,False,True,0.0,test
coco:588:14:1761,coco,588,2008_002240.jpg,14,motorbike,motorbike,False,4,10,0.1490052491426468,327.1406,88.1561,496.5047,271.1284,0.4789508581161499,False,True,0.0,test
coco:588:14:1761,coco,588,2008_002240.jpg,14,motorbike,motorbike,False,4,11,0.13289593160152435,4.3419,13.2619,486.9756,329.8745,0.27192938327789307,False,True,0.0,test
coco:588:14:1761,coco,588,2008_002240.jpg,14,motorbike,motorbike,False,4,12,0.12531057000160217,323.5013,17.6647,427.1926,166.8339,0.3256678581237793,False,True,0.0,test
coco:588:14:1761,coco,588,2008_002240.jpg,14,motorbike,motorbike,False,4,13,0.11556349694728851,238.3298,87.4885,342.502,200.5324,0.2877817749977112,False,True,0.0,test
coco:588:14:1761,coco,588,2008_002240.jpg,14,motorbike,motorbike,False,4,14,0.1043437048792839,331.6255,155.6553,358.3485,188.6987,0.019997714087367058,False,True,0.0,test
coco:588:14:1761,coco,588,2008_002240.jpg,14,motorbike,motorbike,False,4,15,0.10246283560991287,339.022,118.9639,460.3018,321.0285,0.5549948215484619,True,False,0.0,test
coco:588:14:1761,coco,588,2008_002240.jpg,14,motorbike,motorbike,False,4,16,0.10158032178878784,318.9009,95.4105,357.916,157.681,0.04676210135221481,False,True,0.0,test
coco:588:14:1761,coco,588,2008_002240.jpg,14,motorbike,motorbike,False,4,17,0.09852328151464462,326.1675,104.16,379.4885,161.0901,0.0648578330874443,False,True,0.0,test
coco:588:14:1761,coco,588,2008_002240.jpg,14,motorbike,motorbike,False,4,18,0.0968787744641304,234.375,89.9991,298.7482,249.2587,0.25053855776786804,False,True,0.0,test
coco:588:14:1761,coco,588,2008_002240.jpg,14,motorbike,motorbike,False,4,19,0.09414117783308029,334.089,31.2458,495.0798,305.2736,0.6585994958877563,True,False,0.0,test
coco:588:14:1761,coco,588,2008_002240.jpg,14,motorbike,motorbike,False,4,20,0.08552432805299759,-0.0978,169.0993,22.1551,275.2371,0.0,False,True,0.0,test
coco:588:14:1761,coco,588,2008_002240.jpg,14,motorbike,motorbike,False,4,21,0.0761546865105629,0.5107,23.9809,32.7995,331.4672,0.06042313948273659,False,True,0.0,test
coco:588:14:1761,coco,588,2008_002240.jpg,14,motorbike,motorbike,False,4,22,0.07225813716650009,139.5601,125.1698,231.3586,328.1548,0.5477287769317627,True,False,0.0,test
coco:588:14:1761,coco,588,2008_002240.jpg,14,motorbike,motorbike,False,4,23,0.0717725083231926,330.048,154.1182,357.3601,225.0382,0.04386661574244499,False,True,0.0,test
coco:588:14:1761,coco,588,2008_002240.jpg,14,motorbike,motorbike,False,4,24,0.06686463952064514,234.5901,94.204,343.0889,152.047,0.15336984395980835,False,True,0.0,test
coco:588:14:1761,coco,588,2008_002240.jpg,14,motorbike,motorbike,False,4,25,0.06651085615158081,235.1401,17.3086,355.8729,236.9529,0.5976866483688354,True,False,0.0,test
coco:588:14:1761,coco,588,2008_002240.jpg,14,motorbike,motorbike,False,4,26,0.061060503125190735,18.8395,17.1598,233.0555,330.6971,0.5391685366630554,True,False,0.0,test
coco:588:14:1761,coco,588,2008_002240.jpg,14,motorbike,motorbike,False,4,27,0.05479033291339874,39.4797,119.0541,136.7753,331.626,0.5506914258003235,True,False,0.0,test
coco:589:15:1764,coco,589,2008_002241.jpg,15,person,person,False,4,0,0.1904410719871521,10.9819,303.4624,59.1257,464.4677,0.8524177074432373,True,False,0.0,test
coco:589:15:1764,coco,589,2008_002241.jpg,15,person,person,False,4,1,0.1758427768945694,141.2996,337.8729,153.3999,377.7899,0.012068288400769234,False,True,0.0,test
coco:589:15:1764,coco,589,2008_002241.jpg,15,person,person,False,4,2,0.1679367572069168,191.1801,352.7764,206.1173,393.9687,0.0,False,True,0.0,test
coco:589:15:1764,coco,589,2008_002241.jpg,15,person,person,False,4,3,0.1649164855480194,80.603,302.322,146.0412,486.7545,0.9325771927833557,True,False,0.0,test
coco:589:15:1764,coco,589,2008_002241.jpg,15,person,person,False,4,4,0.16086778044700623,214.1249,348.4879,227.3846,392.4778,0.7779052257537842,True,False,0.0,test
coco:589:15:1764,coco,589,2008_002241.jpg,15,person,person,False,4,5,0.13719762861728668,165.2184,331.0729,177.0631,363.932,0.19627836346626282,False,True,0.0,test
coco:589:15:1764,coco,589,2008_002241.jpg,15,person,person,False,4,6,0.133575901389122,153.0751,333.852,168.0376,375.1783,0.6606541872024536,True,False,0.0,test
coco:589:15:1764,coco,589,2008_002241.jpg,15,person,person,False,4,7,0.13287140429019928,180.1634,335.2575,193.2399,363.7999,0.0,False,True,0.0,test
coco:589:15:1764,coco,589,2008_002241.jpg,15,person,person,False,4,8,0.05633788928389549,175.3475,336.1396,181.8932,358.3302,0.0,False,True,0.0,test
coco:589:15:1764,coco,589,2008_002241.jpg,15,person,person,False,4,9,0.05261682718992233,-0.2882,295.8836,30.0622,486.0072,0.22926126420497894,False,True,0.0,test
coco:590:15:1767,coco,590,2008_002250.jpg,15,person,person,False,3,0,0.21798072755336761,442.3915,30.4689,466.4773,74.9612,0.8914338946342468,True,False,0.0,test
coco:590:15:1767,coco,590,2008_002250.jpg,15,person,person,False,3,1,0.21353426575660706,300.0542,51.8579,321.7191,104.9901,0.8564767241477966,True,False,0.0,test
coco:590:15:1767,coco,590,2008_002250.jpg,15,person,person,False,3,2,0.16288624703884125,257.7399,49.546,277.8821,74.1278,0.7547938227653503,True,False,0.0,test
coco:590:15:1767,coco,590,2008_002250.jpg,15,person,person,False,3,3,0.12809108197689056,256.2192,47.7422,278.0042,99.8776,0.46438392996788025,False,True,0.0,test
coco:590:15:1767,coco,590,2008_002250.jpg,15,person,person,False,3,4,0.09078904241323471,478.3681,64.6267,494.5038,95.2814,0.0,False,True,0.0,test
coco:590:15:1767,coco,590,2008_002250.jpg,15,person,person,False,3,5,0.06492937356233597,369.937,102.7877,395.9653,157.0685,0.0,False,True,0.0,test
coco:590:15:1767,coco,590,2008_002250.jpg,15,person,person,False,3,6,0.06484074145555496,227.174,57.7491,248.022,95.4871,0.0,False,True,0.0,test
coco:590:15:1767,coco,590,2008_002250.jpg,15,person,person,False,3,7,0.06385606527328491,226.5679,55.8654,239.1197,83.8785,0.0,False,True,0.0,test
coco:591:15:1770,coco,591,2008_002259.jpg,15,person,person,False,2,0,0.20180465281009674,14.8151,29.6947,400.7584,374.1174,0.9420678615570068,True,False,0.0,test
coco:591:15:1770,coco,591,2008_002259.jpg,15,person,person,False,2,1,0.18538962304592133,200.1295,64.507,499.1051,375.1505,0.9725781083106995,True,False,0.0,test
coco:593:10:1778,coco,593,2008_002269.jpg,10,cow,cow,True,0,0,0.059813085943460464,32.7821,0.3914,60.2196,32.8514,0.0,False,True,0.0,test
coco:594:15:1779,coco,594,2008_002272.jpg,15,person,person,False,1,0,0.19364692270755768,46.8894,115.2472,333.3291,467.2958,0.9862140417098999,True,False,0.0,test
coco:597:5:1788,coco,597,2008_002292.jpg,5,bottle,bottle,False,1,0,0.46709737181663513,2.5322,0.8879,494.6158,374.4417,0.9843762516975403,True,False,9.972762645914397,test
coco:597:5:1788,coco,597,2008_002292.jpg,5,bottle,bottle,False,1,1,0.17798759043216705,189.6873,15.4569,468.279,251.8074,0.3528194725513458,False,True,0.0,test
coco:597:5:1788,coco,597,2008_002292.jpg,5,bottle,bottle,False,1,2,0.0701969563961029,413.1904,-0.3843,496.7826,89.8966,0.039793264120817184,False,True,0.0,test
coco:597:5:1788,coco,597,2008_002292.jpg,5,bottle,bottle,False,1,3,0.06513785570859909,1.0755,58.365,336.5661,376.26,0.5679165720939636,True,False,0.0,test
coco:598:8:1791,coco,598,2008_002293.jpg,8,cat,cat,False,1,0,0.6301062107086182,6.245,5.9804,467.3384,375.1,0.8429680466651917,True,False,9.972762645914397,test
coco:598:8:1791,coco,598,2008_002293.jpg,8,cat,cat,False,1,1,0.05990893393754959,206.9124,5.6413,467.9859,302.9696,0.5224242210388184,True,False,0.0,test
coco:598:8:1791,coco,598,2008_002293.jpg,8,cat,cat,False,1,2,0.055190980434417725,2.066,256.7334,134.7036,374.7816,0.0479697585105896,False,True,0.0,test
coco:599:8:1794,coco,599,2008_002298.jpg,8,cat,cat,False,2,0,0.7595041990280151,79.1934,169.6398,295.9788,376.5666,0.9632765650749207,True,False,9.972762645914397,test
coco:599:8:1794,coco,599,2008_002298.jpg,8,cat,cat,False,2,1,0.7314810156822205,254.5035,181.3537,454.6611,374.3751,0.9646631479263306,True,False,9.972762645914397,test
coco:600:14:1799,coco,600,2008_002305.jpg,14,motorbike,motorbike,True,0,0,0.11079328507184982,95.0286,151.7883,376.2946,291.1007,0.0,False,True,0.0,test
coco:601:15:1800,coco,601,2008_002312.jpg,15,person,person,False,4,0,0.31270959973335266,60.4101,22.0148,189.9256,334.307,0.9553644061088562,True,False,9.972762645914397,test
coco:601:15:1800,coco,601,2008_002312.jpg,15,person,person,False,4,1,0.30522289872169495,340.7471,12.4759,461.5353,331.8432,0.9466257691383362,True,False,9.972762645914397,test
coco:601:15:1800,coco,601,2008_002312.jpg,15,person,person,False,4,2,0.29378679394721985,46.2765,62.0382,63.0555,108.2961,0.8170098066329956,True,False,9.972762645914397,test
coco:601:15:1800,coco,601,2008_002312.jpg,15,person,person,False,4,3,0.2903096079826355,228.6262,30.7772,363.2986,333.7549,0.9901942610740662,True,False,9.972762645914397,test
coco:601:15:1800,coco,601,2008_002312.jpg,15,person,person,False,4,4,0.2680286169052124,81.7888,60.2753,92.1228,85.681,0.006213262677192688,False,True,9.972762645914397,test
coco:601:15:1800,coco,601,2008_002312.jpg,15,person,person,False,4,5,0.15395262837409973,435.8658,73.0883,446.2548,102.213,0.00757797434926033,False,True,0.0,test
coco:601:15:1800,coco,601,2008_002312.jpg,15,person,person,False,4,6,0.14467503130435944,426.9265,76.4441,436.9693,99.0096,0.005675762426108122,False,True,0.0,test
coco:601:15:1800,coco,601,2008_002312.jpg,15,person,person,False,4,7,0.12681914865970612,171.1329,64.9762,181.1398,90.2085,0.005975544918328524,False,True,0.0,test
coco:601:15:1800,coco,601,2008_002312.jpg,15,person,person,False,4,8,0.11834430694580078,429.9401,71.0193,446.5262,102.2778,0.012984801083803177,False,True,0.0,test
coco:601:15:1800,coco,601,2008_002312.jpg,15,person,person,False,4,9,0.11686946451663971,171.9994,64.78,179.9292,75.005,0.0019188742153346539,False,True,0.0,test
coco:601:15:1800,coco,601,2008_002312.jpg,15,person,person,False,4,10,0.10254742205142975,0.2187,70.7008,16.1394,103.0636,0.0,False,True,0.0,test
coco:601:15:1800,coco,601,2008_002312.jpg,15,person,person,False,4,11,0.0888131707906723,197.3514,60.2377,207.7671,88.0229,0.0,False,True,0.0,test
coco:601:15:1800,coco,601,2008_002312.jpg,15,person,person,False,4,12,0.07435785979032516,489.4112,81.7443,496.2835,93.7121,0.0,False,True,0.0,test
coco:601:15:1800,coco,601,2008_002312.jpg,15,person,person,False,4,13,0.0711359828710556,197.887,60.6559,207.4133,75.3737,0.0,False,True,0.0,test
coco:601:15:1800,coco,601,2008_002312.jpg,15,person,person,False,4,14,0.06462788581848145,274.7362,64.6682,283.142,83.9536,0.004005874507129192,False,True,0.0,test
coco:601:15:1800,coco,601,2008_002312.jpg,15,person,person,False,4,15,0.055077943950891495,162.2428,63.0567,173.0597,87.8795,0.006354429293423891,False,True,0.0,test
coco:601:15:1800,coco,601,2008_002312.jpg,15,person,person,False,4,16,0.05255763605237007,177.6171,60.0381,192.1181,89.0555,0.009958149865269661,False,True,0.0,test
coco:601:15:1800,coco,601,2008_002312.jpg,15,person,person,False,4,17,0.05109526589512825,437.9713,79.486,446.072,102.8202,0.004734155721962452,False,True,0.0,test
coco:601:2:1802,coco,601,2008_002312.jpg,2,bicycle,bicycle,True,0,0,0.1304161250591278,427.3306,76.9447,448.0053,102.2893,0.0,False,True,0.0,test
coco:601:2:1802,coco,601,2008_002312.jpg,2,bicycle,bicycle,True,0,1,0.10538814216852188,439.6828,81.7761,446.5406,102.6309,0.0,False,True,0.0,test
coco:601:2:1802,coco,601,2008_002312.jpg,2,bicycle,bicycle,True,0,2,0.10374294221401215,446.5471,85.1666,455.4564,102.1443,0.0,False,True,0.0,test
coco:601:2:1802,coco,601,2008_002312.jpg,2,bicycle,bicycle,True,0,3,0.10297515243291855,441.4213,85.3683,456.0803,103.1619,0.0,False,True,0.0,test
coco:601:2:1802,coco,601,2008_002312.jpg,2,bicycle,bicycle,True,0,4,0.0992332398891449,0.0404,214.1293,77.8569,332.955,0.0,False,True,0.0,test
coco:601:2:1802,coco,601,2008_002312.jpg,2,bicycle,bicycle,True,0,5,0.08354318141937256,0.3811,84.95,16.9313,103.4623,0.0,False,True,0.0,test
coco:601:2:1802,coco,601,2008_002312.jpg,2,bicycle,bicycle,True,0,6,0.08128944784402847,426.9265,76.4441,436.9693,99.0096,0.0,False,True,0.0,test
coco:601:2:1802,coco,601,2008_002312.jpg,2,bicycle,bicycle,True,0,7,0.08115072548389435,437.9713,79.486,446.072,102.8202,0.0,False,True,0.0,test
coco:601:2:1802,coco,601,2008_002312.jpg,2,bicycle,bicycle,True,0,8,0.05611981824040413,0.2187,70.7008,16.1394,103.0636,0.0,False,True,0.0,test
coco:601:2:1802,coco,601,2008_002312.jpg,2,bicycle,bicycle,True,0,9,0.05460970848798752,0.794,215.2587,77.9786,239.6546,0.0,False,True,0.0,test
coco:601:2:1802,coco,601,2008_002312.jpg,2,bicycle,bicycle,True,0,10,0.051536016166210175,156.903,152.7249,243.2921,233.7955,0.0,False,True,0.0,test
coco:602:15:1803,coco,602,2008_002314.jpg,15,person,person,False,1,0,0.32097628712654114,91.5701,118.7764,427.9023,367.282,0.8869330883026123,True,False,9.972762645914397,test
coco:602:15:1803,coco,602,2008_002314.jpg,15,person,person,False,1,1,0.1665402054786682,34.8454,0.173,110.3189,43.3825,0.0,False,True,0.0,test
coco:602:15:1803,coco,602,2008_002314.jpg,15,person,person,False,1,2,0.12860901653766632,31.2219,1.4307,147.8374,87.1617,0.0,False,True,0.0,test
coco:602:15:1803,coco,602,2008_002314.jpg,15,person,person,False,1,3,0.1257084310054779,187.4746,119.9401,427.6105,361.2537,0.6507830023765564,True,False,0.0,test
coco:602:15:1803,coco,602,2008_002314.jpg,15,person,person,False,1,4,0.06212646886706352,2.2115,126.2741,164.4395,243.5575,0.09393090754747391,False,True,0.0,test
coco:602:15:1803,coco,602,2008_002314.jpg,15,person,person,False,1,5,0.05646774545311928,12.3477,3.1204,180.3122,231.5861,0.09348154813051224,False,True,0.0,test
coco:604:7:1809,coco,604,2008_002322.jpg,7,car,car,False,2,0,0.3838087320327759,211.4625,102.8381,499.5331,233.1363,0.8391482830047607,True,False,9.972762645914397,test
coco:604:7:1809,coco,604,2008_002322.jpg,7,car,car,False,2,1,0.359043151140213,0.8686,171.8782,155.3364,264.9061,0.8651635050773621,True,False,9.972762645914397,test
coco:604:7:1809,coco,604,2008_002322.jpg,7,car,car,False,2,2,0.1468900442123413,0.1748,251.2889,31.8279,266.756,0.028731340542435646,False,True,0.0,test
coco:604:7:1809,coco,604,2008_002322.jpg,7,car,car,False,2,3,0.06902613490819931,-0.3107,175.3225,39.6055,265.8116,0.20916442573070526,False,True,0.0,test
coco:604:7:1809,coco,604,2008_002322.jpg,7,car,car,False,2,4,0.061444055289030075,78.5218,241.6236,108.0253,255.499,0.024686286225914955,False,True,0.0,test
coco:606:20:1815,coco,606,2008_002328.jpg,20,tvmonitor,tvmonitor,False,1,0,0.3093509078025818,2.0001,255.6583,238.9551,374.2453,0.9678357839584351,True,False,9.972762645914397,test
coco:606:20:1815,coco,606,2008_002328.jpg,20,tvmonitor,tvmonitor,False,1,1,0.12645554542541504,271.2854,0.2326,315.8607,23.0645,0.0,False,True,0.0,test
coco:606:20:1815,coco,606,2008_002328.jpg,20,tvmonitor,tvmonitor,False,1,2,0.12459324300289154,286.1244,159.7674,398.6737,256.4718,0.0,False,True,0.0,test
coco:606:20:1815,coco,606,2008_002328.jpg,20,tvmonitor,tvmonitor,False,1,3,0.10496751964092255,222.3892,0.2684,327.172,28.0226,0.0,False,True,0.0,test
coco:606:20:1815,coco,606,2008_002328.jpg,20,tvmonitor,tvmonitor,False,1,4,0.09798048436641693,220.2968,-0.052,260.451,28.5472,0.0,False,True,0.0,test
coco:606:20:1815,coco,606,2008_002328.jpg,20,tvmonitor,tvmonitor,False,1,5,0.08016984909772873,263.2918,0.8703,331.4822,74.3539,0.0,False,True,0.0,test
coco:606:20:1815,coco,606,2008_002328.jpg,20,tvmonitor,tvmonitor,False,1,6,0.07677119225263596,92.238,0.9244,205.9927,149.2319,0.0,False,True,0.0,test
coco:606:20:1815,coco,606,2008_002328.jpg,20,tvmonitor,tvmonitor,False,1,7,0.07439174503087997,321.7668,-0.0867,330.9773,22.9083,0.0,False,True,0.0,test
coco:606:20:1815,coco,606,2008_002328.jpg,20,tvmonitor,tvmonitor,False,1,8,0.062091756612062454,0.1034,280.339,67.7212,374.3973,0.2228238433599472,False,True,0.0,test
coco:606:20:1815,coco,606,2008_002328.jpg,20,tvmonitor,tvmonitor,False,1,9,0.06089973449707031,196.1227,0.5012,274.8174,102.3021,0.0,False,True,0.0,test
coco:606:20:1815,coco,606,2008_002328.jpg,20,tvmonitor,tvmonitor,False,1,10,0.059639137238264084,267.8376,42.7857,324.424,108.7647,0.0,False,True,0.0,test
coco:606:20:1815,coco,606,2008_002328.jpg,20,tvmonitor,tvmonitor,False,1,11,0.055238477885723114,217.134,-0.356,261.02,92.5479,0.0,False,True,0.0,test
coco:606:20:1815,coco,606,2008_002328.jpg,20,tvmonitor,tvmonitor,False,1,12,0.051428161561489105,253.6799,49.5694,276.1842,101.1911,0.0,False,True,0.0,test
coco:606:20:1815,coco,606,2008_002328.jpg,20,tvmonitor,tvmonitor,False,1,13,0.051208630204200745,195.8909,0.4524,329.213,93.2112,0.0,False,True,0.0,test
coco:607:15:1818,coco,607,2008_002330.jpg,15,person,person,False,1,0,0.23227427899837494,74.626,1.002,241.5764,165.8787,0.9871348142623901,True,False,9.972762645914397,test
coco:607:15:1818,coco,607,2008_002330.jpg,15,person,person,False,1,1,0.08369139581918716,71.5426,0.1432,139.5225,56.4012,0.12927719950675964,False,True,0.0,test
coco:607:15:1818,coco,607,2008_002330.jpg,15,person,person,False,1,2,0.06352639943361282,316.0285,23.2172,375.7387,184.3768,0.0,False,True,0.0,test
coco:607:15:1818,coco,607,2008_002330.jpg,15,person,person,False,1,3,0.05770564079284668,184.7612,0.7197,217.7393,27.8562,0.0317508839070797,False,True,0.0,test
coco:607:15:1818,coco,607,2008_002330.jpg,15,person,person,False,1,4,0.05715944245457649,299.7891,1.257,348.6145,94.4914,0.0,False,True,0.0,test
coco:607:15:1818,coco,607,2008_002330.jpg,15,person,person,False,1,5,0.05310726538300514,340.3075,25.5416,375.1731,166.4478,0.0,False,True,0.0,test
coco:609:3:1824,coco,609,2008_002349.jpg,3,bird,bird,False,6,0,0.529832661151886,1.765,132.6589,220.9401,310.3092,0.9520038962364197,True,False,9.972762645914397,test
coco:609:3:1824,coco,609,2008_002349.jpg,3,bird,bird,False,6,1,0.501533567905426,359.1513,130.0425,500.5035,313.9734,0.9547184705734253,True,False,9.972762645914397,test
coco:609:3:1824,coco,609,2008_002349.jpg,3,bird,bird,False,6,2,0.48758673667907715,198.5152,205.3272,257.4688,271.3412,0.91489577293396,True,False,9.972762645914397,test
coco:609:3:1824,coco,609,2008_002349.jpg,3,bird,bird,False,6,3,0.48698920011520386,57.182,67.9955,121.8362,88.5221,0.6411238312721252,True,False,9.972762645914397,test
coco:609:3:1824,coco,609,2008_002349.jpg,3,bird,bird,False,6,4,0.4075104594230652,201.1829,12.7614,236.5279,30.5939,0.7097842693328857,True,False,9.972762645914397,test
coco:609:3:1824,coco,609,2008_002349.jpg,3,bird,bird,False,6,5,0.40683767199516296,184.804,127.8467,231.9454,169.3235,0.8384705781936646,True,False,9.972762645914397,test
coco:609:3:1824,coco,609,2008_002349.jpg,3,bird,bird,False,6,6,0.37441113591194153,50.4887,16.973,85.7774,32.9401,0.0,False,True,9.972762645914397,test
coco:609:3:1824,coco,609,2008_002349.jpg,3,bird,bird,False,6,7,0.36005502939224243,5.4259,177.5973,36.0361,202.5392,0.0186258964240551,False,True,9.972762645914397,test
coco:609:3:1824,coco,609,2008_002349.jpg,3,bird,bird,False,6,8,0.2737165093421936,1.8747,175.1339,61.1261,204.5635,0.04085032641887665,False,True,9.972762645914397,test
coco:609:3:1824,coco,609,2008_002349.jpg,3,bird,bird,False,6,9,0.15806199610233307,62.9885,17.2403,86.6927,29.4361,0.0,False,True,0.0,test
coco:609:3:1824,coco,609,2008_002349.jpg,3,bird,bird,False,6,10,0.15274207293987274,0.8662,175.8799,62.2651,222.4595,0.06578856706619263,False,True,0.0,test
coco:609:3:1824,coco,609,2008_002349.jpg,3,bird,bird,False,6,11,0.14327195286750793,3.9394,136.748,188.8855,208.7197,0.3351125121116638,False,True,0.0,test
coco:609:3:1824,coco,609,2008_002349.jpg,3,bird,bird,False,6,12,0.1416422724723816,480.9989,183.1854,499.8283,224.9662,0.0233601126819849,False,True,0.0,test
coco:609:3:1824,coco,609,2008_002349.jpg,3,bird,bird,False,6,13,0.13644826412200928,210.7912,206.3582,257.6017,263.9454,0.6300315856933594,True,False,0.0,test
coco:609:3:1824,coco,609,2008_002349.jpg,3,bird,bird,False,6,14,0.11686427146196365,223.3517,204.0001,252.2582,225.5722,0.1488596796989441,False,True,0.0,test
coco:609:3:1824,coco,609,2008_002349.jpg,3,bird,bird,False,6,15,0.10638260841369629,476.4356,178.0051,496.2422,210.8644,0.024517351761460304,False,True,0.0,test
coco:609:3:1824,coco,609,2008_002349.jpg,3,bird,bird,False,6,16,0.10453096032142639,221.3488,12.5929,235.09,22.7424,0.157056987285614,False,True,0.0,test
coco:609:3:1824,coco,609,2008_002349.jpg,3,bird,bird,False,6,17,0.10422279685735703,475.4459,178.1013,490.7275,196.8615,0.011541296727955341,False,True,0.0,test
coco:609:3:1824,coco,609,2008_002349.jpg,3,bird,bird,False,6,18,0.09416088461875916,50.1219,17.5953,72.214,32.5549,0.0,False,True,0.0,test
coco:609:3:1824,coco,609,2008_002349.jpg,3,bird,bird,False,6,19,0.08363286405801773,49.9988,21.1572,66.1639,33.0079,0.0,False,True,0.0,test
coco:609:3:1824,coco,609,2008_002349.jpg,3,bird,bird,False,6,20,0.07323812693357468,225.3686,206.7007,258.1287,261.4855,0.407665878534317,False,True,0.0,test
coco:609:3:1824,coco,609,2008_002349.jpg,3,bird,bird,False,6,21,0.06456570327281952,198.5735,225.8833,256.0896,271.9108,0.6319684386253357,True,False,0.0,test
coco:609:3:1824,coco,609,2008_002349.jpg,3,bird,bird,False,6,22,0.06320860981941223,483.2106,203.3704,499.3517,225.1981,0.010320212692022324,False,True,0.0,test
coco:609:3:1824,coco,609,2008_002349.jpg,3,bird,bird,False,6,23,0.06050636246800423,201.6388,17.489,234.0518,30.7075,0.4824883043766022,False,True,0.0,test
coco:609:3:1824,coco,609,2008_002349.jpg,3,bird,bird,False,6,24,0.05968458205461502,0.0314,179.8546,29.0449,198.7541,0.010689984075725079,False,True,0.0,test
coco:609:3:1824,coco,609,2008_002349.jpg,3,bird,bird,False,6,25,0.05550599843263626,360.9609,129.7105,499.0557,227.9208,0.5192529559135437,True,False,0.0,test
coco:611:1:1830,coco,611,2008_002358.jpg,1,aeroplane,aeroplane,False,1,0,0.5884465575218201,6.5058,96.0157,486.0743,219.9977,0.9035286903381348,True,False,9.972762645914397,test
coco:611:1:1830,coco,611,2008_002358.jpg,1,aeroplane,aeroplane,False,1,1,0.23993881046772003,-2.0216,138.1194,180.5878,177.7417,0.10390512645244598,False,True,9.972762645914397,test
coco:611:1:1830,coco,611,2008_002358.jpg,1,aeroplane,aeroplane,False,1,2,0.23157817125320435,-0.1452,141.4931,104.0186,176.0502,0.050506092607975006,False,True,9.972762645914397,test
coco:611:1:1830,coco,611,2008_002358.jpg,1,aeroplane,aeroplane,False,1,3,0.15742206573486328,0.1546,144.1521,34.0375,175.9985,0.012627599760890007,False,True,0.0,test
coco:611:1:1830,coco,611,2008_002358.jpg,1,aeroplane,aeroplane,False,1,4,0.15092457830905914,-0.0991,154.614,32.1094,177.1434,0.00828024186193943,False,True,0.0,test
coco:611:1:1830,coco,611,2008_002358.jpg,1,aeroplane,aeroplane,False,1,5,0.13523055613040924,2.7222,145.4203,25.1588,158.6535,0.0034674210473895073,False,True,0.0,test
coco:611:1:1830,coco,611,2008_002358.jpg,1,aeroplane,aeroplane,False,1,6,0.1194450706243515,7.5964,121.8854,182.8704,178.4099,0.15104876458644867,False,True,0.0,test
coco:611:1:1830,coco,611,2008_002358.jpg,1,aeroplane,aeroplane,False,1,7,0.09174170345067978,68.6021,28.7498,207.7812,63.5507,0.0,False,True,0.0,test
coco:611:1:1830,coco,611,2008_002358.jpg,1,aeroplane,aeroplane,False,1,8,0.08632080256938934,73.7594,31.0826,132.0026,43.0052,0.0,False,True,0.0,test
coco:611:1:1830,coco,611,2008_002358.jpg,1,aeroplane,aeroplane,False,1,9,0.08035574108362198,0.6646,124.3642,185.3501,203.4093,0.21241742372512817,False,True,0.0,test
coco:611:1:1830,coco,611,2008_002358.jpg,1,aeroplane,aeroplane,False,1,10,0.0695435032248497,74.4699,142.492,111.6624,156.9827,0.00823875330388546,False,True,0.0,test
coco:611:1:1830,coco,611,2008_002358.jpg,1,aeroplane,aeroplane,False,1,11,0.06542769074440002,-0.1222,154.9999,29.9582,160.7633,0.0019332297379150987,False,True,0.0,test
coco:611:1:1830,coco,611,2008_002358.jpg,1,aeroplane,aeroplane,False,1,12,0.06469714641571045,4.9363,42.6482,81.1861,66.0409,0.0,False,True,0.0,test
coco:611:1:1830,coco,611,2008_002358.jpg,1,aeroplane,aeroplane,False,1,13,0.05893751606345177,91.5259,30.9211,210.0265,46.0717,0.0,False,True,0.0,test
coco:611:1:1830,coco,611,2008_002358.jpg,1,aeroplane,aeroplane,False,1,14,0.05631471052765846,107.8842,33.701,129.9392,41.3536,0.0,False,True,0.0,test
coco:611:1:1830,coco,611,2008_002358.jpg,1,aeroplane,aeroplane,False,1,15,0.053557269275188446,209.5754,85.3837,307.4648,110.8731,0.03563777357339859,False,True,0.0,test
coco:611:1:1830,coco,611,2008_002358.jpg,1,aeroplane,aeroplane,False,1,16,0.0523865707218647,74.0982,142.2228,89.0833,149.9525,0.001770674018189311,False,True,0.0,test
coco:614:5:1839,coco,614,2008_002372.jpg,5,bottle,bottle,False,1,0,0.1674647033214569,1.0243,2.0925,339.0331,427.8539,0.8759204149246216,True,False,0.0,test
coco:614:5:1839,coco,614,2008_002372.jpg,5,bottle,bottle,False,1,1,0.09161104261875153,47.7082,312.5897,302.5457,453.9823,0.21931102871894836,False,True,0.0,test
coco:614:5:1839,coco,614,2008_002372.jpg,5,bottle,bottle,False,1,2,0.06370250880718231,310.8712,223.7182,343.559,267.7634,0.00876303855329752,False,True,0.0,test
coco:615:15:1842,coco,615,2008_002374.jpg,15,person,person,False,1,0,0.4680406451225281,226.333,104.8306,355.5026,183.2699,0.9069071412086487,True,False,9.972762645914397,test
coco:616:15:1845,coco,616,2008_002378.jpg,15,person,person,False,2,0,0.23010842502117157,10.934,47.1093,228.4254,370.5863,0.9748542308807373,True,False,9.972762645914397,test
coco:616:15:1845,coco,616,2008_002378.jpg,15,person,person,False,2,1,0.2137143462896347,186.0904,63.9974,387.4591,327.6368,0.9642181396484375,True,False,0.0,test
coco:620:12:1857,coco,620,2008_002395.jpg,12,dog,dog,False,1,0,0.7031945586204529,189.6981,152.0519,305.8133,223.5468,0.8540485501289368,True,False,9.972762645914397,test
coco:620:12:1857,coco,620,2008_002395.jpg,12,dog,dog,False,1,1,0.09664102643728256,464.5963,149.8276,497.102,159.0273,0.0,False,True,0.0,test
coco:620:12:1857,coco,620,2008_002395.jpg,12,dog,dog,False,1,2,0.06389901787042618,479.0446,3.0159,499.1161,35.786,0.0,False,True,0.0,test
coco:621:7:1860,coco,621,2008_002401.jpg,7,car,car,False,2,0,0.30656304955482483,238.3806,220.3641,287.2758,252.8708,0.751432478427887,True,False,9.972762645914397,test
coco:621:7:1860,coco,621,2008_002401.jpg,7,car,car,False,2,1,0.26961013674736023,347.0434,207.1118,385.2149,243.0034,0.6734859943389893,True,False,9.972762645914397,test
coco:621:7:1860,coco,621,2008_002401.jpg,7,car,car,False,2,2,0.144243985414505,296.5067,230.2712,324.2448,248.87,0.0,False,True,0.0,test
coco:621:7:1860,coco,621,2008_002401.jpg,7,car,car,False,2,3,0.06853508949279785,237.086,223.3909,254.8571,253.6969,0.2567554712295532,False,True,0.0,test
coco:621:7:1860,coco,621,2008_002401.jpg,7,car,car,False,2,4,0.06701996177434921,239.8318,231.255,260.1537,253.7831,0.27959102392196655,False,True,0.0,test
coco:621:7:1860,coco,621,2008_002401.jpg,7,car,car,False,2,5,0.06616400927305222,238.7616,218.2693,327.5568,253.6831,0.45238104462623596,False,True,0.0,test
coco:622:9:1863,coco,622,2008_002403.jpg,9,chair,chair,False,1,0,0.1603480875492096,2.7351,124.486,279.9336,373.8648,0.9609572887420654,True,False,0.0,test
coco:622:9:1863,coco,622,2008_002403.jpg,9,chair,chair,False,1,1,0.0879325419664383,196.8299,240.2968,502.686,373.4406,0.11192251741886139,False,True,0.0,test
coco:622:9:1863,coco,622,2008_002403.jpg,9,chair,chair,False,1,2,0.07603994756937027,431.3627,244.7211,499.4185,374.6723,0.0,False,True,0.0,test
coco:622:9:1863,coco,622,2008_002403.jpg,9,chair,chair,False,1,3,0.06497330963611603,270.3393,248.2137,499.1643,374.5115,0.014821539632976055,False,True,0.0,test
coco:622:9:1863,coco,622,2008_002403.jpg,9,chair,chair,False,1,4,0.05994124710559845,2.276,130.6504,496.6755,372.8453,0.5466643571853638,True,False,0.0,test
coco:622:9:1863,coco,622,2008_002403.jpg,9,chair,chair,False,1,5,0.05897810682654381,188.2057,248.0613,280.1542,375.2207,0.16220723092556,False,True,0.0,test
coco:623:15:1866,coco,623,2008_002404.jpg,15,person,person,False,2,0,0.21390403807163239,108.1231,2.5889,485.9003,329.6995,0.6243682503700256,True,False,0.0,test
coco:623:15:1866,coco,623,2008_002404.jpg,15,person,person,False,2,1,0.18577995896339417,54.8904,58.9623,121.0322,137.565,0.9141378402709961,True,False,0.0,test
coco:623:15:1866,coco,623,2008_002404.jpg,15,person,person,False,2,2,0.0784183144569397,261.1613,1.5487,488.9128,333.2775,0.9099377393722534,True,False,0.0,test
coco:624:12:1869,coco,624,2008_002408.jpg,12,dog,dog,False,2,0,0.6501859426498413,255.5387,137.6269,339.9666,260.8902,0.9493585824966431,True,False,9.972762645914397,test
coco:624:12:1869,coco,624,2008_002408.jpg,12,dog,dog,False,2,1,0.6077386736869812,94.6836,112.3838,278.1851,249.6411,0.9778487086296082,True,False,9.972762645914397,test
coco:627:5:1880,coco,627,2008_002414.jpg,5,bottle,bottle,True,0,0,0.3436453342437744,3.3221,156.4375,170.048,243.724,0.0,False,True,9.972762645914397,test
coco:628:15:1881,coco,628,2008_002419.jpg,15,person,person,False,2,0,0.26995375752449036,0.6044,30.5077,147.2957,495.6713,0.9142170548439026,True,False,9.972762645914397,test
coco:628:15:1881,coco,628,2008_002419.jpg,15,person,person,False,2,1,0.2531364858150482,42.7301,24.1366,333.5747,499.0609,0.9757072925567627,True,False,9.972762645914397,test
coco:628:15:1881,coco,628,2008_002419.jpg,15,person,person,False,2,2,0.05041773244738579,86.2995,123.3487,163.1148,329.9401,0.20038525760173798,False,True,0.0,test
coco:629:15:1884,coco,629,2008_002424.jpg,15,person,person,False,1,0,0.11384271830320358,3.1508,2.1644,497.8936,375.6251,0.986746609210968,True,False,0.0,test
coco:630:15:1887,coco,630,2008_002428.jpg,15,person,person,False,1,0,0.1797950118780136,0.5887,79.9961,321.7083,499.9668,0.9922710657119751,True,False,0.0,test
coco:631:3:1890,coco,631,2008_002429.jpg,3,bird,bird,False,1,0,0.8059790134429932,101.4261,93.6175,466.827,485.8239,0.9830740094184875,True,False,9.972762645914397,test
coco:632:12:1893,coco,632,2008_002430.jpg,12,dog,dog,False,1,0,0.6253674626350403,30.1256,115.7502,93.895,209.931,0.9612321853637695,True,False,9.972762645914397,test
coco:633:15:1896,coco,633,2008_002436.jpg,15,person,person,False,1,0,0.31524112820625305,135.1889,62.6284,373.8362,361.4719,0.8833870887756348,True,False,9.972762645914397,test
coco:636:7:1905,coco,636,2008_002444.jpg,7,car,car,False,2,0,0.3874353766441345,220.8142,378.5553,373.768,499.592,0.9518381357192993,True,False,9.972762645914397,test
coco:636:7:1905,coco,636,2008_002444.jpg,7,car,car,False,2,1,0.19835670292377472,0.1037,360.3238,27.6523,407.8089,0.8057575225830078,True,False,0.0,test
coco:638:15:1911,coco,638,2008_002446.jpg,15,person,person,False,2,0,0.2222568690776825,0.7422,301.9998,116.8467,374.7316,0.050894856452941895,False,True,0.0,test
coco:638:15:1911,coco,638,2008_002446.jpg,15,person,person,False,2,1,0.1803491711616516,13.2506,95.2089,414.1547,374.4938,0.885296642780304,True,False,0.0,test
coco:638:15:1911,coco,638,2008_002446.jpg,15,person,person,False,2,2,0.16200435161590576,269.8567,39.1196,501.0499,375.8348,0.9805538058280945,True,False,0.0,test
coco:638:15:1911,coco,638,2008_002446.jpg,15,person,person,False,2,3,0.13328149914741516,51.4211,282.1068,79.4148,313.0564,0.008581886067986488,False,True,0.0,test
coco:638:15:1911,coco,638,2008_002446.jpg,15,person,person,False,2,4,0.13019528985023499,1.7349,39.3754,61.318,136.5156,0.007110099773854017,False,True,0.0,test
coco:638:15:1911,coco,638,2008_002446.jpg,15,person,person,False,2,5,0.11753492802381516,53.4666,282.8358,106.781,347.2722,0.034028567373752594,False,True,0.0,test
coco:638:15:1911,coco,638,2008_002446.jpg,15,person,person,False,2,6,0.10871665924787521,40.5917,23.2783,107.0822,119.0821,0.01556873507797718,False,True,0.0,test
coco:638:15:1911,coco,638,2008_002446.jpg,15,person,person,False,2,7,0.06197139620780945,0.9645,265.1917,112.5374,372.6505,0.06975669413805008,False,True,0.0,test
coco:639:15:1914,coco,639,2008_002451.jpg,15,person,person,False,8,0,0.23879016935825348,387.3225,153.6675,430.6653,278.7225,0.9435223340988159,True,False,9.972762645914397,test
coco:639:15:1914,coco,639,2008_002451.jpg,15,person,person,False,8,1,0.2272133082151413,323.082,155.9381,399.1262,312.7918,0.8857176899909973,True,False,9.972762645914397,test
coco:639:15:1914,coco,639,2008_002451.jpg,15,person,person,False,8,2,0.2034103274345398,201.0679,171.5065,238.0683,273.6494,0.9056596755981445,True,False,0.0,test
coco:639:15:1914,coco,639,2008_002451.jpg,15,person,person,False,8,3,0.2010677605867386,290.2144,160.1092,336.2336,285.0023,0.9328471422195435,True,False,0.0,test
coco:639:15:1914,coco,639,2008_002451.jpg,15,person,person,False,8,4,0.19532659649848938,240.5055,174.0939,307.7417,284.9798,0.9068945646286011,True,False,0.0,test
coco:639:15:1914,coco,639,2008_002451.jpg,15,person,person,False,8,5,0.18798023462295532,31.6913,176.1076,97.3381,282.4486,0.8502264022827148,True,False,0.0,test
coco:639:15:1914,coco,639,2008_002451.jpg,15,person,person,False,8,6,0.17785406112670898,145.0407,170.3415,179.7317,291.8342,0.7953531742095947,True,False,0.0,test
coco:639:15:1914,coco,639,2008_002451.jpg,15,person,person,False,8,7,0.17562854290008545,166.0788,156.3428,216.9392,295.1543,0.9634979963302612,True,False,0.0,test
coco:639:15:1914,coco,639,2008_002451.jpg,15,person,person,False,8,8,0.16066229343414307,353.4747,157.8774,388.3877,284.8055,0.37222856283187866,False,True,0.0,test
coco:639:15:1914,coco,639,2008_002451.jpg,15,person,person,False,8,9,0.15488888323307037,67.3766,176.3572,102.1215,257.1337,0.26994967460632324,False,True,0.0,test
coco:639:15:1914,coco,639,2008_002451.jpg,15,person,person,False,8,10,0.14474943280220032,122.6339,180.9776,135.8841,223.7055,0.0,False,True,0.0,test
coco:639:15:1914,coco,639,2008_002451.jpg,15,person,person,False,8,11,0.1255303919315338,279.2505,176.9419,306.7644,279.4372,0.3540249466896057,False,True,0.0,test
coco:639:15:1914,coco,639,2008_002451.jpg,15,person,person,False,8,12,0.11838474869728088,88.6595,210.795,117.4935,243.45,0.01097444910556078,False,True,0.0,test
coco:639:15:1914,coco,639,2008_002451.jpg,15,person,person,False,8,13,0.11315660923719406,169.743,149.2874,183.3993,187.6447,0.058898597955703735,False,True,0.0,test
coco:639:15:1914,coco,639,2008_002451.jpg,15,person,person,False,8,14,0.09576863050460815,388.3715,157.7845,399.6295,174.455,0.03283924236893654,False,True,0.0,test
coco:639:15:1914,coco,639,2008_002451.jpg,15,person,person,False,8,15,0.09454772621393204,36.6636,211.9298,55.4484,240.7496,0.08876454830169678,False,True,0.0,test
coco:639:15:1914,coco,639,2008_002451.jpg,15,person,person,False,8,16,0.09278235584497452,332.2143,163.8991,379.563,288.9844,0.5309712290763855,True,False,0.0,test
coco:639:15:1914,coco,639,2008_002451.jpg,15,person,person,False,8,17,0.0915532261133194,35.5776,177.5043,96.465,245.2215,0.5801525115966797,True,False,0.0,test
coco:639:15:1914,coco,639,2008_002451.jpg,15,person,person,False,8,18,0.08008570224046707,168.998,159.8746,190.0068,274.153,0.3429783284664154,False,True,0.0,test
coco:639:15:1914,coco,639,2008_002451.jpg,15,person,person,False,8,19,0.07376059889793396,68.9436,176.5938,104.7775,215.6559,0.12828676402568817,False,True,0.0,test
coco:639:15:1914,coco,639,2008_002451.jpg,15,person,person,False,8,20,0.06446979939937592,185.9512,169.0448,229.3129,270.5812,0.5239168405532837,True,False,0.0,test
coco:639:15:1914,coco,639,2008_002451.jpg,15,person,person,False,8,21,0.06075391545891762,388.3951,154.4865,406.1032,175.6337,0.06552500277757645,False,True,0.0,test
coco:639:15:1914,coco,639,2008_002451.jpg,15,person,person,False,8,22,0.05178849399089813,34.9148,180.8422,61.5985,241.3617,0.2647787928581238,False,True,0.0,test
coco:641:1:1920,coco,641,2008_002454.jpg,1,aeroplane,aeroplane,False,1,0,0.6266180872917175,243.2506,252.8145,342.2311,282.1142,0.029957879334688187,False,True,9.972762645914397,test
coco:641:1:1920,coco,641,2008_002454.jpg,1,aeroplane,aeroplane,False,1,1,0.5454973578453064,2.4041,228.036,297.2872,333.3605,0.3193824887275696,False,True,9.972762645914397,test
coco:641:1:1920,coco,641,2008_002454.jpg,1,aeroplane,aeroplane,False,1,2,0.43734055757522583,4.1188,125.6525,497.7128,330.9281,0.9162458181381226,True,False,9.972762645914397,test
coco:641:1:1920,coco,641,2008_002454.jpg,1,aeroplane,aeroplane,False,1,3,0.3513115644454956,240.4501,264.9453,280.6501,277.9419,0.005397008266299963,False,True,9.972762645914397,test
coco:641:1:1920,coco,641,2008_002454.jpg,1,aeroplane,aeroplane,False,1,4,0.34193500876426697,0.2331,261.9828,123.228,311.1185,0.06201493740081787,False,True,9.972762645914397,test
coco:641:1:1920,coco,641,2008_002454.jpg,1,aeroplane,aeroplane,False,1,5,0.34158244729042053,57.8799,273.369,81.7115,282.7999,0.0023216858971863985,False,True,9.972762645914397,test
coco:641:1:1920,coco,641,2008_002454.jpg,1,aeroplane,aeroplane,False,1,6,0.3288780748844147,24.537,251.1419,357.5944,333.3376,0.28130292892456055,False,True,9.972762645914397,test
coco:641:1:1920,coco,641,2008_002454.jpg,1,aeroplane,aeroplane,False,1,7,0.283856600522995,339.0905,120.9022,501.0983,331.0758,0.3092261254787445,False,True,9.972762645914397,test
coco:641:1:1920,coco,641,2008_002454.jpg,1,aeroplane,aeroplane,False,1,8,0.2808934152126312,0.1021,274.2873,20.3241,288.4664,0.002830016426742077,False,True,9.972762645914397,test
coco:641:1:1920,coco,641,2008_002454.jpg,1,aeroplane,aeroplane,False,1,9,0.2752738296985626,-0.3339,288.1059,51.8495,313.2197,0.013187024742364883,False,True,9.972762645914397,test
coco:641:1:1920,coco,641,2008_002454.jpg,1,aeroplane,aeroplane,False,1,10,0.26688888669013977,49.1787,265.9898,118.4859,283.2812,0.01237957738339901,False,True,9.972762645914397,test
coco:641:1:1920,coco,641,2008_002454.jpg,1,aeroplane,aeroplane,False,1,11,0.24785082042217255,309.3525,256.977,345.3264,275.1343,0.006747409235686064,False,True,9.972762645914397,test
coco:641:1:1920,coco,641,2008_002454.jpg,1,aeroplane,aeroplane,False,1,12,0.2389318346977234,192.4641,125.5296,501.206,335.3904,0.5852835178375244,True,False,9.972762645914397,test
coco:641:1:1920,coco,641,2008_002454.jpg,1,aeroplane,aeroplane,False,1,13,0.21240733563899994,-0.4,247.0313,63.751,313.2995,0.04291488230228424,False,True,0.0,test
coco:641:1:1920,coco,641,2008_002454.jpg,1,aeroplane,aeroplane,False,1,14,0.19335755705833435,32.5975,265.525,271.1321,333.0133,0.16625629365444183,False,True,0.0,test
coco:641:1:1920,coco,641,2008_002454.jpg,1,aeroplane,aeroplane,False,1,15,0.18898826837539673,226.7849,241.9247,342.5938,282.3205,0.04832550883293152,False,True,0.0,test
coco:641:1:1920,coco,641,2008_002454.jpg,1,aeroplane,aeroplane,False,1,16,0.18490339815616608,-0.3851,234.354,136.7061,317.5881,0.11654173582792282,False,True,0.0,test
coco:641:1:1920,coco,641,2008_002454.jpg,1,aeroplane,aeroplane,False,1,17,0.1642562747001648,259.2383,256.1641,343.4992,280.614,0.021281380206346512,False,True,0.0,test
coco:641:1:1920,coco,641,2008_002454.jpg,1,aeroplane,aeroplane,False,1,18,0.1539728045463562,191.2112,259.0829,260.8116,280.0497,0.015074492432177067,False,True,0.0,test
coco:641:1:1920,coco,641,2008_002454.jpg,1,aeroplane,aeroplane,False,1,19,0.14952556788921356,205.7043,263.2979,230.3241,275.9377,0.0032145704608410597,False,True,0.0,test
coco:641:1:1920,coco,641,2008_002454.jpg,1,aeroplane,aeroplane,False,1,20,0.1337563842535019,0.9412,269.703,86.889,289.7952,0.017826076596975327,False,True,0.0,test
coco:641:1:1920,coco,641,2008_002454.jpg,1,aeroplane,aeroplane,False,1,21,0.11941323429346085,57.9416,274.3348,72.0197,281.6667,0.001066245953552425,False,True,0.0,test
coco:641:1:1920,coco,641,2008_002454.jpg,1,aeroplane,aeroplane,False,1,22,0.11859253793954849,0.5372,235.124,74.8476,304.6769,0.05304021015763283,False,True,0.0,test
coco:641:1:1920,coco,641,2008_002454.jpg,1,aeroplane,aeroplane,False,1,23,0.11631110310554504,62.4167,269.4495,157.6529,294.2495,0.024397853761911392,False,True,0.0,test
coco:641:1:1920,coco,641,2008_002454.jpg,1,aeroplane,aeroplane,False,1,24,0.11093678325414658,63.1966,265.5209,245.5832,296.4174,0.05821028724312782,False,True,0.0,test
coco:641:1:1920,coco,641,2008_002454.jpg,1,aeroplane,aeroplane,False,1,25,0.10649104416370392,98.1048,267.5895,114.841,270.7445,0.0005454622441902757,False,True,0.0,test
coco:641:1:1920,coco,641,2008_002454.jpg,1,aeroplane,aeroplane,False,1,26,0.10445283353328705,273.9524,268.7811,304.0082,282.9384,0.0043954988941550255,False,True,0.0,test
coco:641:1:1920,coco,641,2008_002454.jpg,1,aeroplane,aeroplane,False,1,27,0.10200042277574539,241.2802,268.0045,261.0278,277.748,0.0019875913858413696,False,True,0.0,test
coco:641:1:1920,coco,641,2008_002454.jpg,1,aeroplane,aeroplane,False,1,28,0.09481283277273178,0.1203,275.7783,8.4542,282.144,0.0004901441279798746,False,True,0.0,test
coco:641:1:1920,coco,641,2008_002454.jpg,1,aeroplane,aeroplane,False,1,29,0.09064415842294693,50.1702,265.2059,102.1504,272.4425,0.003885697340592742,False,True,0.0,test
coco:641:1:1920,coco,641,2008_002454.jpg,1,aeroplane,aeroplane,False,1,30,0.07306914776563644,6.7569,247.9462,332.1456,291.4005,0.14606064558029175,False,True,0.0,test
coco:641:1:1920,coco,641,2008_002454.jpg,1,aeroplane,aeroplane,False,1,31,0.07180274277925491,82.1136,265.4514,89.9075,269.1469,0.000297519814921543,False,True,0.0,test
coco:641:1:1920,coco,641,2008_002454.jpg,1,aeroplane,aeroplane,False,1,32,0.0627705380320549,226.0759,300.2796,358.9098,332.716,0.04450808838009834,False,True,0.0,test
coco:641:1:1920,coco,641,2008_002454.jpg,1,aeroplane,aeroplane,False,1,33,0.05627831071615219,311.1827,267.0793,343.4718,273.3416,0.002088758163154125,False,True,0.0,test
coco:641:1:1920,coco,641,2008_002454.jpg,1,aeroplane,aeroplane,False,1,34,0.0550246499478817,136.1492,266.1552,154.0894,269.0676,0.0005397325148805976,False,True,0.0,test
coco:641:1:1920,coco,641,2008_002454.jpg,1,aeroplane,aeroplane,False,1,35,0.053406376391649246,221.427,258.4366,229.4755,274.4607,0.0013322487939149141,False,True,0.0,test
coco:641:1:1920,coco,641,2008_002454.jpg,1,aeroplane,aeroplane,False,1,36,0.05298319458961487,1.8532,278.7668,18.0646,287.52,0.0014658275758847594,False,True,0.0,test
coco:641:1:1920,coco,641,2008_002454.jpg,1,aeroplane,aeroplane,False,1,37,0.05076805129647255,0.6542,6.5638,494.9355,332.6541,0.5892347693443298,True,False,0.0,test
coco:641:1:1920,coco,641,2008_002454.jpg,1,aeroplane,aeroplane,False,1,38,0.050369326025247574,261.6505,241.6065,342.657,268.0547,0.02213168516755104,False,True,0.0,test
coco:644:5:1929,coco,644,2008_002467.jpg,5,bottle,bottle,False,3,0,0.3649759888648987,220.2619,87.3003,309.5519,298.0928,0.9660667777061462,True,False,9.972762645914397,test
coco:644:5:1929,coco,644,2008_002467.jpg,5,bottle,bottle,False,3,1,0.317547470331192,354.8524,86.6642,450.3373,308.4819,0.918239951133728,True,False,9.972762645914397,test
coco:644:5:1929,coco,644,2008_002467.jpg,5,bottle,bottle,False,3,2,0.31272092461586,67.5644,47.251,181.8072,310.2108,0.9775032997131348,True,False,9.972762645914397,test
coco:647:11:1939,coco,647,2008_002481.jpg,11,diningtable,diningtable,True,0,0,0.21446719765663147,429.8981,317.7318,499.5988,376.2938,0.0,False,True,0.0,test
coco:647:11:1939,coco,647,2008_002481.jpg,11,diningtable,diningtable,True,0,1,0.08874630182981491,237.7863,276.9903,384.4449,376.919,0.0,False,True,0.0,test
coco:649:15:1944,coco,649,2008_002485.jpg,15,person,person,False,3,0,0.19397754967212677,68.1274,26.6488,225.2905,376.7746,0.9217844605445862,True,False,0.0,test
coco:649:15:1944,coco,649,2008_002485.jpg,15,person,person,False,3,1,0.18730241060256958,304.8365,113.0962,439.6352,376.1212,0.96064293384552,True,False,0.0,test
coco:649:15:1944,coco,649,2008_002485.jpg,15,person,person,False,3,2,0.18022966384887695,109.395,150.768,368.0919,375.675,0.9554276466369629,True,False,0.0,test
coco:649:15:1944,coco,649,2008_002485.jpg,15,person,person,False,3,3,0.16601942479610443,72.779,-0.2018,113.2077,85.8787,0.040768153965473175,False,True,0.0,test
coco:649:15:1944,coco,649,2008_002485.jpg,15,person,person,False,3,4,0.059729237109422684,71.8055,24.9912,227.2459,277.1589,0.6956352591514587,True,False,0.0,test
coco:651:12:1950,coco,651,2008_002494.jpg,12,dog,dog,False,1,0,0.6682161688804626,216.3896,221.6929,390.2,369.3475,0.7274415493011475,True,False,9.972762645914397,test
coco:651:12:1950,coco,651,2008_002494.jpg,12,dog,dog,False,1,1,0.0872584730386734,216.2271,224.3099,321.6424,324.6199,0.5290048122406006,True,False,0.0,test
coco:651:12:1950,coco,651,2008_002494.jpg,12,dog,dog,False,1,2,0.08473481237888336,239.5693,223.2589,314.7693,299.0895,0.28607046604156494,False,True,0.0,test
coco:651:12:1950,coco,651,2008_002494.jpg,12,dog,dog,False,1,3,0.08404852449893951,226.7603,223.316,332.957,348.3589,0.6761677265167236,True,False,0.0,test
coco:652:15:1953,coco,652,2008_002495.jpg,15,person,person,False,3,0,0.26581674814224243,174.576,189.7165,210.1669,239.2399,0.8181216716766357,True,False,9.972762645914397,test
coco:652:15:1953,coco,652,2008_002495.jpg,15,person,person,False,3,1,0.2520941197872162,216.3609,191.143,241.128,239.6826,0.0,False,True,9.972762645914397,test
coco:652:15:1953,coco,652,2008_002495.jpg,15,person,person,False,3,2,0.2392878234386444,274.3627,116.5974,392.1627,334.0255,0.9646766185760498,True,False,9.972762645914397,test
coco:652:15:1953,coco,652,2008_002495.jpg,15,person,person,False,3,3,0.22978146374225616,78.1468,107.0129,159.7009,334.4767,0.9557530283927917,True,False,9.972762645914397,test
coco:654:15:1959,coco,654,2008_002502.jpg,15,person,person,False,2,0,0.36112189292907715,30.3765,0.6313,244.5705,326.4472,0.9551467299461365,True,False,9.972762645914397,test
coco:654:15:1959,coco,654,2008_002502.jpg,15,person,person,False,2,1,0.331296443939209,210.5135,24.4848,354.486,323.3424,0.8653466105461121,True,False,9.972762645914397,test
coco:655:3:1964,coco,655,2008_002504.jpg,3,bird,bird,True,0,0,0.16885052621364594,225.1113,167.2581,243.4324,184.2118,0.0,False,True,0.0,test
coco:655:3:1964,coco,655,2008_002504.jpg,3,bird,bird,True,0,1,0.07525467872619629,452.4012,180.8861,471.9687,196.8867,0.0,False,True,0.0,test
coco:656:2:1966,coco,656,2008_002508.jpg,2,bicycle,bicycle,True,0,0,0.06471646577119827,26.3556,131.9234,87.9327,240.6638,0.0,False,True,0.0,test
coco:658:15:1971,coco,658,2008_002510.jpg,15,person,person,False,1,0,0.09604504704475403,376.3854,304.288,397.8289,334.374,0.8602659106254578,True,False,0.0,test
coco:659:15:1974,coco,659,2008_002512.jpg,15,person,person,False,2,0,0.21038995683193207,202.6792,290.7728,215.8051,329.7842,0.5289875268936157,True,False,0.0,test
coco:659:15:1974,coco,659,2008_002512.jpg,15,person,person,False,2,1,0.20698265731334686,245.0728,289.086,263.5285,329.4903,0.7737421989440918,True,False,0.0,test
coco:659:15:1974,coco,659,2008_002512.jpg,15,person,person,False,2,2,0.06351488828659058,0.4602,299.3123,15.946,375.3233,0.0,False,True,0.0,test
coco:665:17:1992,coco,665,2008_002536.jpg,17,sheep,sheep,False,2,0,0.7389146089553833,240.414,38.7508,369.045,193.0589,0.9297435283660889,True,False,9.972762645914397,test
coco:665:17:1992,coco,665,2008_002536.jpg,17,sheep,sheep,False,2,1,0.6771765947341919,369.4424,81.464,486.7067,186.0779,0.8191425204277039,True,False,9.972762645914397,test
coco:665:17:1992,coco,665,2008_002536.jpg,17,sheep,sheep,False,2,2,0.26636677980422974,353.5167,-0.0946,379.5561,13.4573,0.0,False,True,9.972762645914397,test
coco:665:17:1992,coco,665,2008_002536.jpg,17,sheep,sheep,False,2,3,0.1441716104745865,36.9976,138.0674,215.7793,223.1143,0.0,False,True,0.0,test
coco:665:17:1992,coco,665,2008_002536.jpg,17,sheep,sheep,False,2,4,0.07777224481105804,369.7855,86.8037,401.509,118.0895,0.06627251952886581,False,True,0.0,test
coco:666:15:1995,coco,666,2008_002540.jpg,15,person,person,False,1,0,0.26850488781929016,0.959,95.2357,373.081,502.2072,0.9863978028297424,True,False,9.972762645914397,test
coco:666:20:1996,coco,666,2008_002540.jpg,20,tvmonitor,tvmonitor,True,0,0,0.08051152527332306,0.7065,-0.2159,56.8234,196.0756,0.0,False,True,0.0,test
coco:667:15:1998,coco,667,2008_002542.jpg,15,person,person,False,6,0,0.2029714286327362,6.3172,100.0746,239.0124,374.0183,0.955975353717804,True,False,0.0,test
coco:667:15:1998,coco,667,2008_002542.jpg,15,person,person,False,6,1,0.17639823257923126,272.8388,97.9386,353.5797,334.8688,0.8638622164726257,True,False,0.0,test
coco:667:15:1998,coco,667,2008_002542.jpg,15,person,person,False,6,2,0.15883807837963104,325.3813,79.5166,464.2437,356.8837,0.9381697177886963,True,False,0.0,test
coco:667:15:1998,coco,667,2008_002542.jpg,15,person,person,False,6,3,0.156607985496521,198.1846,103.1681,280.6312,318.5848,0.9341014623641968,True,False,0.0,test
coco:667:15:1998,coco,667,2008_002542.jpg,15,person,person,False,6,4,0.15234863758087158,294.2314,26.7096,497.9279,372.7654,0.9683472514152527,True,False,0.0,test
coco:667:15:1998,coco,667,2008_002542.jpg,15,person,person,False,6,5,0.12274201959371567,146.7888,145.6537,182.3142,243.6798,0.05222504958510399,False,True,0.0,test
coco:667:15:1998,coco,667,2008_002542.jpg,15,person,person,False,6,6,0.1117895320057869,-0.0328,75.7205,42.895,289.0252,0.8592895865440369,True,False,0.0,test
coco:668:15:2001,coco,668,2008_002558.jpg,15,person,person,False,1,0,0.08469918370246887,10.9845,35.1744,249.0399,291.7731,0.8459917902946472,True,False,0.0,test
coco:669:15:2004,coco,669,2008_002564.jpg,15,person,person,False,2,0,0.20133769512176514,304.3311,104.2393,375.7335,206.3055,0.8452518582344055,True,False,0.0,test
coco:669:15:2004,coco,669,2008_002564.jpg,15,person,person,False,2,1,0.19450266659259796,0.8186,2.7329,323.625,492.4521,0.9341972470283508,True,False,0.0,test
coco:669:15:2004,coco,669,2008_002564.jpg,15,person,person,False,2,2,0.055760957300662994,305.6266,102.0205,375.7327,311.6384,0.4138711094856262,False,True,0.0,test
coco:670:11:2007,coco,670,2008_002567.jpg,11,diningtable,diningtable,False,1,0,0.42241573333740234,170.0862,191.1135,475.6068,373.4117,0.9609360098838806,True,False,9.972762645914397,test
coco:670:11:2007,coco,670,2008_002567.jpg,11,diningtable,diningtable,False,1,1,0.10380089282989502,169.9064,190.1573,305.8793,237.8509,0.10969432443380356,False,True,0.0,test
coco:670:11:2007,coco,670,2008_002567.jpg,11,diningtable,diningtable,False,1,2,0.07952193915843964,167.9735,188.5631,382.5353,272.8743,0.30038025975227356,False,True,0.0,test
coco:670:11:2007,coco,670,2008_002567.jpg,11,diningtable,diningtable,False,1,3,0.0592641644179821,14.6833,186.0798,480.7924,374.9135,0.6579949855804443,True,False,0.0,test
coco:673:15:2016,coco,673,2008_002588.jpg,15,person,person,False,1,0,0.1629689484834671,366.9303,-0.0067,501.2117,374.5325,0.9865752458572388,True,False,0.0,test
coco:675:3:2024,coco,675,2008_002590.jpg,3,bird,bird,True,0,0,0.06373176723718643,408.06,138.5565,410.4586,141.1852,0.0,False,True,0.0,test
coco:675:3:2024,coco,675,2008_002590.jpg,3,bird,bird,True,0,1,0.06260274350643158,352.1228,163.6651,354.9003,168.9454,0.0,False,True,0.0,test
coco:675:3:2024,coco,675,2008_002590.jpg,3,bird,bird,True,0,2,0.060206033289432526,472.2078,139.1827,474.9912,141.4759,0.0,False,True,0.0,test
coco:676:8:2025,coco,676,2008_002597.jpg,8,cat,cat,False,1,0,0.7490648031234741,27.5135,21.7901,447.3006,372.0046,0.9818658828735352,True,False,9.972762645914397,test
coco:679:15:2034,coco,679,2008_002603.jpg,15,person,person,False,1,0,0.19320450723171234,61.9219,75.7249,389.1555,374.5324,0.9890009760856628,True,False,0.0,test
coco:683:20:2047,coco,683,2008_002623.jpg,20,tvmonitor,tvmonitor,True,0,0,0.13604117929935455,30.6076,88.4541,374.6997,345.2282,0.0,False,True,0.0,test
coco:683:20:2047,coco,683,2008_002623.jpg,20,tvmonitor,tvmonitor,True,0,1,0.08435741066932678,0.688,21.4011,376.2423,403.4838,0.0,False,True,0.0,test
coco:683:20:2047,coco,683,2008_002623.jpg,20,tvmonitor,tvmonitor,True,0,2,0.07007687538862228,48.1344,94.4505,375.3999,274.3232,0.0,False,True,0.0,test
coco:685:15:2052,coco,685,2008_002631.jpg,15,person,person,False,1,0,0.25745445489883423,75.4934,11.6374,252.1568,408.8986,0.9728225469589233,True,False,9.972762645914397,test
coco:685:15:2052,coco,685,2008_002631.jpg,15,person,person,False,1,1,0.059335339814424515,82.8067,-0.0479,144.7018,50.2288,0.034412749111652374,False,True,0.0,test
coco:687:6:2059,coco,687,2008_002640.jpg,6,bus,bus,True,0,0,0.16548971831798553,188.5029,153.8235,422.7402,426.4116,0.0,False,True,0.0,test
coco:687:6:2059,coco,687,2008_002640.jpg,6,bus,bus,True,0,1,0.10639224201440811,94.1858,168.6305,173.5289,189.6811,0.0,False,True,0.0,test
coco:687:6:2059,coco,687,2008_002640.jpg,6,bus,bus,True,0,2,0.07352770119905472,70.0763,8.8348,426.7227,423.6582,0.0,False,True,0.0,test
coco:687:6:2059,coco,687,2008_002640.jpg,6,bus,bus,True,0,3,0.05791936442255974,192.0604,153.1923,398.3936,342.7115,0.0,False,True,0.0,test
coco:687:6:2059,coco,687,2008_002640.jpg,6,bus,bus,True,0,4,0.05128909647464752,166.4872,162.8483,197.1432,184.9629,0.0,False,True,0.0,test
coco:687:9:2060,coco,687,2008_002640.jpg,9,chair,chair,True,0,0,0.06479479372501373,397.8228,332.9276,423.2816,423.8812,0.0,False,True,0.0,test
coco:689:15:2064,coco,689,2008_002645.jpg,15,person,person,False,1,0,0.24014069139957428,1.0841,112.4474,241.9129,373.8526,0.9506443738937378,True,False,9.972762645914397,test
coco:691:15:2070,coco,691,2008_002653.jpg,15,person,person,False,1,0,0.11657686531543732,61.6206,118.1777,201.145,434.1142,0.9745649695396423,True,False,0.0,test
coco:695:15:2082,coco,695,2008_002678.jpg,15,person,person,False,1,0,0.22058260440826416,420.2537,172.9641,435.6871,224.7155,0.7390736937522888,True,False,0.0,test
coco:696:20:2085,coco,696,2008_002680.jpg,20,tvmonitor,tvmonitor,False,1,0,0.43083566427230835,38.6885,35.1944,289.2588,218.0869,0.8922959566116333,True,False,9.972762645914397,test
coco:696:20:2085,coco,696,2008_002680.jpg,20,tvmonitor,tvmonitor,False,1,1,0.10114773362874985,-0.0493,66.0962,9.9107,193.2864,0.0,False,True,0.0,test
coco:698:8:2091,coco,698,2008_002682.jpg,8,cat,cat,False,1,0,0.8343421816825867,155.1771,123.5902,334.4547,415.7879,0.9696993827819824,True,False,9.972762645914397,test
coco:699:3:2094,coco,699,2008_002684.jpg,3,bird,bird,False,1,0,0.09755006432533264,109.5729,195.827,374.8767,474.5678,0.9853290915489197,True,False,0.0,test
coco:699:3:2094,coco,699,2008_002684.jpg,3,bird,bird,False,1,1,0.05425606667995453,184.084,88.9592,217.0028,110.9182,0.0,False,True,0.0,test
coco:700:12:2097,coco,700,2008_002687.jpg,12,dog,dog,False,1,0,0.6447833180427551,12.5613,63.7778,414.8286,359.4838,0.9410855174064636,True,False,9.972762645914397,test
coco:702:15:2103,coco,702,2008_002700.jpg,15,person,person,False,1,0,0.12944768369197845,130.4428,70.0667,362.9788,366.0898,0.9417161345481873,True,False,0.0,test
coco:704:15:2109,coco,704,2008_002705.jpg,15,person,person,False,2,0,0.2747255861759186,7.1708,141.6708,46.3053,196.9291,0.7454023361206055,True,False,9.972762645914397,test
coco:704:15:2109,coco,704,2008_002705.jpg,15,person,person,False,2,1,0.22603370249271393,60.8592,166.3591,81.1782,184.1074,0.7507291436195374,True,False,9.972762645914397,test
coco:704:15:2109,coco,704,2008_002705.jpg,15,person,person,False,2,2,0.17878268659114838,330.3136,144.1944,351.9945,166.3942,0.0,False,True,0.0,test
coco:704:15:2109,coco,704,2008_002705.jpg,15,person,person,False,2,3,0.07983134686946869,447.8786,216.0179,466.6512,232.619,0.0,False,True,0.0,test
coco:704:15:2109,coco,704,2008_002705.jpg,15,person,person,False,2,4,0.06594882160425186,75.2586,172.796,81.918,182.2498,0.1399032324552536,False,True,0.0,test
coco:704:15:2109,coco,704,2008_002705.jpg,15,person,person,False,2,5,0.052005454897880554,439.724,216.5153,468.8026,237.6642,0.0,False,True,0.0,test
coco:709:15:2124,coco,709,2008_002720.jpg,15,person,person,False,4,0,0.28060364723205566,119.5925,27.5355,326.0992,268.0585,0.9347968697547913,True,False,9.972762645914397,test
coco:709:15:2124,coco,709,2008_002720.jpg,15,person,person,False,4,1,0.26433756947517395,1.8676,10.5078,106.6264,131.8616,0.933908998966217,True,False,9.972762645914397,test
coco:709:15:2124,coco,709,2008_002720.jpg,15,person,person,False,4,2,0.24990972876548767,78.8599,19.7456,182.7007,154.3802,0.9560997486114502,True,False,9.972762645914397,test
coco:709:15:2124,coco,709,2008_002720.jpg,15,person,person,False,4,3,0.2472601979970932,265.5149,64.1776,498.1599,289.7208,0.9668479561805725,True,False,9.972762645914397,test
coco:709:15:2124,coco,709,2008_002720.jpg,15,person,person,False,4,4,0.08583734929561615,86.4903,18.0916,264.687,239.3489,0.48833706974983215,False,True,0.0,test
coco:709:15:2124,coco,709,2008_002720.jpg,15,person,person,False,4,5,0.08270559459924698,4.3994,12.8747,179.3013,151.0322,0.5120571851730347,True,False,0.0,test
coco:709:15:2124,coco,709,2008_002720.jpg,15,person,person,False,4,6,0.07059493660926819,329.292,83.476,348.0167,112.9323,0.010657344944775105,False,True,0.0,test
coco:709:15:2124,coco,709,2008_002720.jpg,15,person,person,False,4,7,0.06688085198402405,159.5335,58.0463,500.8688,288.5221,0.6507641077041626,True,False,0.0,test
coco:710:15:2127,coco,710,2008_002725.jpg,15,person,person,False,7,0,0.3023962676525116,344.3179,74.3069,427.9509,331.6153,0.9626240730285645,True,False,9.972762645914397,test
coco:710:15:2127,coco,710,2008_002725.jpg,15,person,person,False,7,1,0.2713046073913574,138.9444,92.8103,209.8203,333.2666,0.9006598591804504,True,False,9.972762645914397,test
coco:710:15:2127,coco,710,2008_002725.jpg,15,person,person,False,7,2,0.2631556987762451,199.7458,117.7417,319.1096,331.92,0.9638519287109375,True,False,9.972762645914397,test
coco:710:15:2127,coco,710,2008_002725.jpg,15,person,person,False,7,3,0.2362062782049179,0.7768,183.6267,116.8917,332.5305,0.9898736476898193,True,False,9.972762645914397,test
coco:710:15:2127,coco,710,2008_002725.jpg,15,person,person,False,7,4,0.2345512956380844,411.4422,202.5078,496.2376,333.0996,0.5685955286026001,True,False,9.972762645914397,test
coco:710:15:2127,coco,710,2008_002725.jpg,15,person,person,False,7,5,0.23418071866035461,289.5178,169.4292,378.7119,332.8524,0.9595961570739746,True,False,9.972762645914397,test
coco:710:15:2127,coco,710,2008_002725.jpg,15,person,person,False,7,6,0.2117653489112854,215.0788,64.7569,316.5901,173.3089,0.9004133343696594,True,False,0.0,test
coco:712:15:2133,coco,712,2008_002735.jpg,15,person,person,False,3,0,0.26079732179641724,247.1409,118.86,364.3063,374.5058,0.8369202017784119,True,False,9.972762645914397,test
coco:712:15:2133,coco,712,2008_002735.jpg,15,person,person,False,3,1,0.22490255534648895,85.3992,100.026,211.115,374.6851,0.918809711933136,True,False,9.972762645914397,test
coco:712:15:2133,coco,712,2008_002735.jpg,15,person,person,False,3,2,0.22178375720977783,175.2553,102.6759,267.8117,373.3091,0.9013567566871643,True,False,0.0,test
coco:712:15:2133,coco,712,2008_002735.jpg,15,person,person,False,3,3,0.09597649425268173,184.8024,103.698,359.7283,376.0399,0.49713218212127686,False,True,0.0,test
coco:712:3:2134,coco,712,2008_002735.jpg,3,bird,bird,True,0,0,0.1520618051290512,460.2716,88.938,498.5712,172.1553,0.0,False,True,0.0,test
coco:713:18:2137,coco,713,2008_002738.jpg,18,sofa,sofa,True,0,0,0.08423864841461182,0.6107,223.5011,145.7668,340.4968,0.0,False,True,0.0,test
coco:713:18:2137,coco,713,2008_002738.jpg,18,sofa,sofa,True,0,1,0.059999968856573105,2.4447,216.8478,483.7325,375.0867,0.0,False,True,0.0,test
coco:714:7:2139,coco,714,2008_002746.jpg,7,car,car,False,3,0,0.28665590286254883,207.8362,148.0686,311.1319,211.7374,0.9357381463050842,True,False,9.972762645914397,test
coco:714:7:2139,coco,714,2008_002746.jpg,7,car,car,False,3,1,0.20487257838249207,266.0681,144.6097,471.1461,305.6784,0.9424812197685242,True,False,0.0,test
coco:714:7:2139,coco,714,2008_002746.jpg,7,car,car,False,3,2,0.11359034478664398,312.11,144.6272,470.2755,236.6019,0.42507269978523254,False,True,0.0,test
coco:714:7:2139,coco,714,2008_002746.jpg,7,car,car,False,3,3,0.08674122393131256,4.9612,131.3862,233.8348,289.7954,0.9331017136573792,True,False,0.0,test
coco:714:7:2139,coco,714,2008_002746.jpg,7,car,car,False,3,4,0.07441338896751404,304.4635,151.7241,375.1039,185.8555,0.07198255509138107,False,True,0.0,test
coco:714:7:2139,coco,714,2008_002746.jpg,7,car,car,False,3,5,0.0726061537861824,2.6264,129.7464,471.8217,305.1201,0.43741554021835327,False,True,0.0,test
coco:714:7:2139,coco,714,2008_002746.jpg,7,car,car,False,3,6,0.06114261969923973,208.2013,147.2645,300.0126,181.4407,0.4931259751319885,False,True,0.0,test
coco:714:7:2139,coco,714,2008_002746.jpg,7,car,car,False,3,7,0.06050760671496391,256.4624,151.7288,294.4851,173.8569,0.13222862780094147,False,True,0.0,test
coco:714:7:2139,coco,714,2008_002746.jpg,7,car,car,False,3,8,0.06030929461121559,314.5085,144.9185,463.5365,188.6691,0.18893691897392273,False,True,0.0,test
coco:714:7:2139,coco,714,2008_002746.jpg,7,car,car,False,3,9,0.05146634951233864,2.1039,158.4527,112.6379,277.5013,0.3594152629375458,False,True,0.0,test
coco:716:14:2145,coco,716,2008_002752.jpg,14,motorbike,motorbike,False,2,0,0.5642521381378174,2.2472,270.8818,287.8582,374.536,0.9552943110466003,True,False,9.972762645914397,test
coco:716:14:2145,coco,716,2008_002752.jpg,14,motorbike,motorbike,False,2,1,0.5579103231430054,203.6276,141.1951,398.0944,262.0415,0.9065881967544556,True,False,9.972762645914397,test
coco:716:14:2145,coco,716,2008_002752.jpg,14,motorbike,motorbike,False,2,2,0.10814974457025528,5.3392,272.4405,278.2317,318.2505,0.4133988916873932,False,True,0.0,test
coco:716:14:2145,coco,716,2008_002752.jpg,14,motorbike,motorbike,False,2,3,0.08145233988761902,4.3135,303.7184,287.2657,374.079,0.6864171028137207,True,False,0.0,test
coco:718:15:2151,coco,718,2008_002756.jpg,15,person,person,False,2,0,0.2859354317188263,0.7373,19.8033,215.3209,394.588,0.9514122605323792,True,False,9.972762645914397,test
coco:718:15:2151,coco,718,2008_002756.jpg,15,person,person,False,2,1,0.24947284162044525,136.6538,51.1934,375.1434,393.1801,0.9213941097259521,True,False,9.972762645914397,test
coco:718:15:2151,coco,718,2008_002756.jpg,15,person,person,False,2,2,0.10302738100290298,-0.8093,21.0754,373.6859,396.6175,0.5576841831207275,True,False,0.0,test
coco:719:8:2154,coco,719,2008_002766.jpg,8,cat,cat,False,1,0,0.8052164912223816,1.6429,2.3319,496.5116,374.1707,0.985990047454834,True,False,9.972762645914397,test
coco:719:8:2154,coco,719,2008_002766.jpg,8,cat,cat,False,1,1,0.13180306553840637,215.8322,-0.5128,496.3251,168.048,0.25049835443496704,False,True,0.0,test
coco:719:8:2154,coco,719,2008_002766.jpg,8,cat,cat,False,1,2,0.11558909714221954,158.3491,-2.2,495.9827,352.6881,0.6325926184654236,True,False,0.0,test
coco:721:1:2160,coco,721,2008_002773.jpg,1,aeroplane,aeroplane,False,4,0,0.6177517175674438,147.8879,78.9984,199.8267,106.0005,0.8572607636451721,True,False,9.972762645914397,test
coco:721:1:2160,coco,721,2008_002773.jpg,1,aeroplane,aeroplane,False,4,1,0.59880131483078,140.4306,111.7231,192.5829,139.3372,0.8388060927391052,True,False,9.972762645914397,test
coco:721:1:2160,coco,721,2008_002773.jpg,1,aeroplane,aeroplane,False,4,2,0.5727665424346924,164.8514,98.7998,217.9293,125.9334,0.7915162444114685,True,False,9.972762645914397,test
coco:721:1:2160,coco,721,2008_002773.jpg,1,aeroplane,aeroplane,False,4,3,0.5305551290512085,124.1007,93.9533,178.8822,118.6938,0.6685695648193359,True,False,9.972762645914397,test
coco:721:1:2160,coco,721,2008_002773.jpg,1,aeroplane,aeroplane,False,4,4,0.31066128611564636,123.3332,77.9509,217.4995,137.4782,0.3005279302597046,False,True,9.972762645914397,test
coco:721:1:2160,coco,721,2008_002773.jpg,1,aeroplane,aeroplane,False,4,5,0.12896114587783813,185.1008,98.7063,214.2904,125.2501,0.4429975152015686,False,True,0.0,test
coco:721:1:2160,coco,721,2008_002773.jpg,1,aeroplane,aeroplane,False,4,6,0.11406554281711578,171.6285,82.7661,199.524,104.8194,0.3790337145328522,False,True,0.0,test
coco:721:1:2160,coco,721,2008_002773.jpg,1,aeroplane,aeroplane,False,4,7,0.11139054596424103,267.447,275.2039,346.0882,293.192,0.0,False,True,0.0,test
coco:721:1:2160,coco,721,2008_002773.jpg,1,aeroplane,aeroplane,False,4,8,0.09801749885082245,267.7646,275.4961,318.1186,293.4964,0.0,False,True,0.0,test
coco:721:1:2160,coco,721,2008_002773.jpg,1,aeroplane,aeroplane,False,4,9,0.09209189563989639,0.3494,275.7414,26.7821,303.2995,0.0,False,True,0.0,test
coco:721:1:2160,coco,721,2008_002773.jpg,1,aeroplane,aeroplane,False,4,10,0.08928622305393219,182.1555,275.403,223.4147,291.9598,0.0,False,True,0.0,test
coco:721:1:2160,coco,721,2008_002773.jpg,1,aeroplane,aeroplane,False,4,11,0.08026483654975891,191.5853,99.635,217.5165,123.7424,0.3574230968952179,False,True,0.0,test
coco:721:1:2160,coco,721,2008_002773.jpg,1,aeroplane,aeroplane,False,4,12,0.0780564695596695,158.8049,99.5565,186.1981,117.91,0.19707384705543518,False,True,0.0,test
coco:721:1:2160,coco,721,2008_002773.jpg,1,aeroplane,aeroplane,False,4,13,0.07173091918230057,293.5925,274.9974,305.8588,282.1353,0.0,False,True,0.0,test
coco:721:1:2160,coco,721,2008_002773.jpg,1,aeroplane,aeroplane,False,4,14,0.07157112658023834,48.6193,265.6751,108.4649,289.0097,0.0,False,True,0.0,test
coco:721:1:2160,coco,721,2008_002773.jpg,1,aeroplane,aeroplane,False,4,15,0.0670832172036171,165.0247,114.7033,190.7428,135.3327,0.32201236486434937,False,True,0.0,test
coco:721:1:2160,coco,721,2008_002773.jpg,1,aeroplane,aeroplane,False,4,16,0.06037314608693123,58.8929,262.6177,91.0585,280.5401,0.0,False,True,0.0,test
coco:721:1:2160,coco,721,2008_002773.jpg,1,aeroplane,aeroplane,False,4,17,0.05558279529213905,156.7713,79.2973,197.6877,97.1396,0.4617588222026825,False,True,0.0,test
coco:721:1:2160,coco,721,2008_002773.jpg,1,aeroplane,aeroplane,False,4,18,0.0515289343893528,163.2673,99.3987,173.6754,109.8675,0.06097247451543808,False,True,0.0,test
coco:722:15:2163,coco,722,2008_002775.jpg,15,person,person,False,1,0,0.20273421704769135,463.9288,86.2922,499.1458,222.7617,0.0,False,True,0.0,test
coco:722:15:2163,coco,722,2008_002775.jpg,15,person,person,False,1,1,0.183451309800148,102.8111,14.6022,253.3946,239.2688,0.9332190155982971,True,False,0.0,test
coco:722:15:2163,coco,722,2008_002775.jpg,15,person,person,False,1,2,0.09175654500722885,440.5216,281.8684,476.8102,301.0728,0.0,False,True,0.0,test
coco:722:15:2163,coco,722,2008_002775.jpg,15,person,person,False,1,3,0.0592232309281826,430.2779,263.2383,495.4744,300.4951,0.0,False,True,0.0,test
coco:725:15:2172,coco,725,2008_002789.jpg,15,person,person,False,3,0,0.29602155089378357,167.6257,164.7273,212.4685,207.6802,0.02530389092862606,False,True,9.972762645914397,test
coco:725:15:2172,coco,725,2008_002789.jpg,15,person,person,False,3,1,0.2925528287887573,137.3832,152.8973,174.9538,198.7897,0.006273426115512848,False,True,9.972762645914397,test
coco:725:15:2172,coco,725,2008_002789.jpg,15,person,person,False,3,2,0.2862938642501831,248.9455,11.1443,387.427,270.7167,0.9444145560264587,True,False,9.972762645914397,test
coco:725:15:2172,coco,725,2008_002789.jpg,15,person,person,False,3,3,0.28250133991241455,206.7641,6.9003,496.2106,333.2859,0.9566559195518494,True,False,9.972762645914397,test
coco:725:15:2172,coco,725,2008_002789.jpg,15,person,person,False,3,4,0.2251109927892685,73.8071,203.7525,228.2575,332.7205,0.9169760346412659,True,False,9.972762645914397,test
coco:725:15:2172,coco,725,2008_002789.jpg,15,person,person,False,3,5,0.14957880973815918,249.279,11.3527,383.6472,191.6757,0.678708553314209,True,False,0.0,test
coco:725:15:2172,coco,725,2008_002789.jpg,15,person,person,False,3,6,0.06085429713129997,85.1867,5.5422,501.884,334.7012,0.682985782623291,True,False,0.0,test
coco:726:15:2175,coco,726,2008_002792.jpg,15,person,person,False,1,0,0.39346495270729065,143.3036,110.9266,391.5565,333.4036,0.9458812475204468,True,False,9.972762645914397,test
coco:728:15:2181,coco,728,2008_002801.jpg,15,person,person,False,3,0,0.2207980751991272,77.8256,120.3027,405.9774,377.1898,0.9230352640151978,True,False,0.0,test
coco:728:15:2181,coco,728,2008_002801.jpg,15,person,person,False,3,1,0.2057441920042038,-0.2248,107.2884,203.5634,375.3999,0.9342377185821533,True,False,0.0,test
coco:728:15:2181,coco,728,2008_002801.jpg,15,person,person,False,3,2,0.12394371628761292,67.1175,106.2747,206.4071,311.898,0.5385810732841492,True,False,0.0,test
coco:728:15:2181,coco,728,2008_002801.jpg,15,person,person,False,3,3,0.11451753228902817,120.2095,110.3982,279.8791,335.0815,0.8481230735778809,True,False,0.0,test
coco:730:15:2187,coco,730,2008_002809.jpg,15,person,person,False,4,0,0.29787498712539673,248.6203,112.9221,339.051,308.122,0.8544119000434875,True,False,9.972762645914397,test
coco:730:15:2187,coco,730,2008_002809.jpg,15,person,person,False,4,1,0.2613053619861603,75.7896,121.1956,146.3761,222.5707,0.9003332257270813,True,False,9.972762645914397,test
coco:730:15:2187,coco,730,2008_002809.jpg,15,person,person,False,4,2,0.25332093238830566,318.3818,98.6468,497.0278,375.0862,0.9593237638473511,True,False,9.972762645914397,test
coco:730:15:2187,coco,730,2008_002809.jpg,15,person,person,False,4,3,0.23547901213169098,29.0128,113.3291,373.1004,375.9109,0.8639159798622131,True,False,9.972762645914397,test
coco:730:15:2187,coco,730,2008_002809.jpg,15,person,person,False,4,4,0.10994955897331238,404.0065,173.3988,451.1668,216.0511,0.04108448699116707,False,True,0.0,test
coco:730:15:2187,coco,730,2008_002809.jpg,15,person,person,False,4,5,0.06930924952030182,252.0072,115.5253,331.9942,207.3856,0.4131626486778259,False,True,0.0,test
coco:730:15:2187,coco,730,2008_002809.jpg,15,person,person,False,4,6,0.06854936480522156,409.1603,191.7756,453.2617,213.9897,0.02000954933464527,False,True,0.0,test
coco:730:15:2187,coco,730,2008_002809.jpg,15,person,person,False,4,7,0.06317479908466339,246.4397,112.3635,448.8027,309.593,0.4074125289916992,False,True,0.0,test
coco:730:15:2187,coco,730,2008_002809.jpg,15,person,person,False,4,8,0.05181356519460678,414.9282,175.4444,448.6714,203.3084,0.01920389197766781,False,True,0.0,test
coco:730:4:2188,coco,730,2008_002809.jpg,4,boat,boat,True,0,0,0.058515455573797226,3.2957,-1.6054,486.6305,116.1635,0.0,False,True,0.0,test
coco:731:15:2190,coco,731,2008_002811.jpg,15,person,person,False,1,0,0.22278395295143127,78.8319,152.143,249.4663,385.9286,0.9483336806297302,True,False,0.0,test
coco:732:12:2193,coco,732,2008_002814.jpg,12,dog,dog,False,1,0,0.6131786108016968,3.2602,24.0488,499.2015,312.0477,0.9602764844894409,True,False,9.972762645914397,test
coco:732:12:2193,coco,732,2008_002814.jpg,12,dog,dog,False,1,1,0.07542058080434799,158.3991,26.2785,497.9207,303.2573,0.6443834900856018,True,False,0.0,test
coco:733:15:2196,coco,733,2008_002817.jpg,15,person,person,False,1,0,0.22080494463443756,0.3786,265.9286,169.2112,359.9721,0.8577100038528442,True,False,0.0,test
coco:733:15:2196,coco,733,2008_002817.jpg,15,person,person,False,1,1,0.10586412250995636,-0.92,266.1595,101.6175,357.2794,0.4990324378013611,False,True,0.0,test
coco:733:15:2196,coco,733,2008_002817.jpg,15,person,person,False,1,2,0.07549120485782623,262.3345,14.5629,375.413,149.7485,0.0,False,True,0.0,test
coco:734:15:2199,coco,734,2008_002820.jpg,15,person,person,False,1,0,0.16864851117134094,0.6872,40.0416,333.9811,499.5082,0.9508646726608276,True,False,0.0,test
coco:736:15:2205,coco,736,2008_002829.jpg,15,person,person,False,1,0,0.2506653368473053,114.232,102.5503,249.615,423.7029,0.932422399520874,True,False,9.972762645914397,test
coco:737:15:2208,coco,737,2008_002830.jpg,15,person,person,False,1,0,0.2061207890510559,0.2773,77.3312,69.0119,330.4655,0.0,False,True,0.0,test
coco:737:15:2208,coco,737,2008_002830.jpg,15,person,person,False,1,1,0.19717006385326385,173.5894,95.4684,492.7092,332.3981,0.9670767784118652,True,False,0.0,test
coco:739:13:2214,coco,739,2008_002835.jpg,13,horse,horse,False,1,0,0.782240092754364,105.1816,88.4487,347.4012,398.261,0.8630403876304626,True,False,9.972762645914397,test
coco:739:13:2214,coco,739,2008_002835.jpg,13,horse,horse,False,1,1,0.08056070655584335,178.7865,353.7791,281.4338,416.7674,0.015662236139178276,False,True,0.0,test
coco:739:13:2214,coco,739,2008_002835.jpg,13,horse,horse,False,1,2,0.07135678827762604,19.6772,357.2469,280.9854,413.2123,0.017325283959507942,False,True,0.0,test
coco:739:13:2214,coco,739,2008_002835.jpg,13,horse,horse,False,1,3,0.06402453035116196,196.5503,291.8293,259.5131,392.169,0.06587435305118561,False,True,0.0,test
coco:740:18:2219,coco,740,2008_002838.jpg,18,sofa,sofa,True,0,0,0.11159712076187134,-0.4756,1.337,379.8094,315.9019,0.0,False,True,0.0,test
coco:740:18:2219,coco,740,2008_002838.jpg,18,sofa,sofa,True,0,1,0.10556234419345856,-0.2731,17.7508,378.2091,472.8881,0.0,False,True,0.0,test
coco:740:18:2219,coco,740,2008_002838.jpg,18,sofa,sofa,True,0,2,0.1040966659784317,0.4205,190.4446,379.1761,474.0221,0.0,False,True,0.0,test
coco:743:3:2226,coco,743,2008_002847.jpg,3,bird,bird,False,7,0,0.7175766825675964,266.5966,65.1195,422.0811,245.5553,0.9651148319244385,True,False,9.972762645914397,test
coco:743:3:2226,coco,743,2008_002847.jpg,3,bird,bird,False,7,1,0.7028710246086121,95.0662,202.8675,153.4668,318.1855,0.9182473421096802,True,False,9.972762645914397,test
coco:743:3:2226,coco,743,2008_002847.jpg,3,bird,bird,False,7,2,0.7017614245414734,168.5679,158.0487,240.9753,358.8018,0.9526438117027283,True,False,9.972762645914397,test
coco:743:3:2226,coco,743,2008_002847.jpg,3,bird,bird,False,7,3,0.6947826743125916,0.5906,229.9028,98.9092,374.3356,0.989714503288269,True,False,9.972762645914397,test
coco:743:3:2226,coco,743,2008_002847.jpg,3,bird,bird,False,7,4,0.6877682209014893,248.0333,152.3968,401.522,254.2674,0.8940754532814026,True,False,9.972762645914397,test
coco:743:3:2226,coco,743,2008_002847.jpg,3,bird,bird,False,7,5,0.6814395785331726,201.4862,259.2627,378.53,365.7438,0.8905150294303894,True,False,9.972762645914397,test
coco:743:3:2226,coco,743,2008_002847.jpg,3,bird,bird,False,7,6,0.663957417011261,345.1099,6.0971,498.7302,213.1741,0.8374620079994202,True,False,9.972762645914397,test
coco:743:3:2226,coco,743,2008_002847.jpg,3,bird,bird,False,7,7,0.4521212875843048,7.5887,232.2648,98.4936,330.6086,0.6291301250457764,True,False,9.972762645914397,test
coco:743:3:2226,coco,743,2008_002847.jpg,3,bird,bird,False,7,8,0.3308213949203491,171.2327,158.463,240.7782,275.052,0.5421315431594849,True,False,9.972762645914397,test
coco:743:3:2226,coco,743,2008_002847.jpg,3,bird,bird,False,7,9,0.28704172372817993,0.2001,301.765,22.0956,364.0582,0.0921546071767807,False,True,9.972762645914397,test
coco:743:3:2226,coco,743,2008_002847.jpg,3,bird,bird,False,7,10,0.2571518123149872,138.0479,237.4313,152.4326,283.5561,0.10231214016675949,False,True,9.972762645914397,test
coco:743:3:2226,coco,743,2008_002847.jpg,3,bird,bird,False,7,11,0.21249213814735413,202.4997,258.6535,323.5624,346.1573,0.4963700473308563,False,True,0.0,test
coco:743:3:2226,coco,743,2008_002847.jpg,3,bird,bird,False,7,12,0.20593853294849396,345.6113,6.7224,484.3226,127.4996,0.5763617157936096,True,False,0.0,test
coco:743:3:2226,coco,743,2008_002847.jpg,3,bird,bird,False,7,13,0.1865171492099762,0.0146,300.5412,49.8371,364.9453,0.2203603982925415,False,True,0.0,test
coco:743:3:2226,coco,743,2008_002847.jpg,3,bird,bird,False,7,14,0.17082946002483368,5.045,283.844,41.2229,325.2855,0.1055077537894249,False,True,0.0,test
coco:743:3:2226,coco,743,2008_002847.jpg,3,bird,bird,False,7,15,0.13452495634555817,0.3196,302.4908,17.9213,339.1956,0.04363143444061279,False,True,0.0,test
coco:743:3:2226,coco,743,2008_002847.jpg,3,bird,bird,False,7,16,0.1238236129283905,94.4406,239.1725,111.0638,290.2509,0.11223040521144867,False,True,0.0,test
coco:743:3:2226,coco,743,2008_002847.jpg,3,bird,bird,False,7,17,0.11790633946657181,94.3688,237.1923,124.6138,316.4734,0.3379201591014862,False,True,0.0,test
coco:743:3:2226,coco,743,2008_002847.jpg,3,bird,bird,False,7,18,0.11498729139566422,108.1129,279.5299,128.83,318.4797,0.12869657576084137,False,True,0.0,test
coco:743:3:2226,coco,743,2008_002847.jpg,3,bird,bird,False,7,19,0.10417257994413376,249.4767,151.9333,347.0182,237.2909,0.4840376377105713,False,True,0.0,test
coco:743:3:2226,coco,743,2008_002847.jpg,3,bird,bird,False,7,20,0.09550159424543381,94.4603,234.1622,151.8889,313.2299,0.6706945300102234,True,False,0.0,test
coco:743:3:2226,coco,743,2008_002847.jpg,3,bird,bird,False,7,21,0.08435431122779846,0.3543,315.2435,51.2149,374.8505,0.21006835997104645,False,True,0.0,test
coco:743:3:2226,coco,743,2008_002847.jpg,3,bird,bird,False,7,22,0.07730831950902939,176.7144,259.1079,207.6619,359.3401,0.20301786065101624,False,True,0.0,test
coco:743:3:2226,coco,743,2008_002847.jpg,3,bird,bird,False,7,23,0.07699022442102432,1.0274,208.446,162.5547,373.6274,0.5246707797050476,True,False,0.0,test
coco:743:3:2226,coco,743,2008_002847.jpg,3,bird,bird,False,7,24,0.0751233845949173,130.6294,237.4426,153.7625,314.9155,0.25843003392219543,False,True,0.0,test
coco:743:3:2226,coco,743,2008_002847.jpg,3,bird,bird,False,7,25,0.06351876258850098,170.0956,236.6647,192.8722,274.188,0.057552456855773926,False,True,0.0,test
coco:744:15:2229,coco,744,2008_002852.jpg,15,person,person,False,4,0,0.18583717942237854,55.6829,155.9446,166.1149,500.8719,0.9429771900177002,True,False,0.0,test
coco:744:15:2229,coco,744,2008_002852.jpg,15,person,person,False,4,1,0.1671159714460373,197.8293,172.289,361.5175,500.0188,0.9566344618797302,True,False,0.0,test
coco:744:15:2229,coco,744,2008_002852.jpg,15,person,person,False,4,2,0.1506393998861313,136.6738,131.1961,370.5384,499.5176,0.6078791618347168,True,False,0.0,test
coco:744:15:2229,coco,744,2008_002852.jpg,15,person,person,False,4,3,0.12710726261138916,0.1205,127.0606,88.3626,496.3172,0.9413871169090271,True,False,0.0,test
coco:744:15:2229,coco,744,2008_002852.jpg,15,person,person,False,4,4,0.12234867364168167,330.218,182.3384,374.097,264.8991,0.041024938225746155,False,True,0.0,test
coco:744:15:2229,coco,744,2008_002852.jpg,15,person,person,False,4,5,0.11382720619440079,137.046,129.386,241.0778,500.4425,0.9119699597358704,True,False,0.0,test
coco:744:15:2229,coco,744,2008_002852.jpg,15,person,person,False,4,6,0.11016489565372467,297.5152,182.981,333.1666,238.2954,0.03757262974977493,False,True,0.0,test
coco:744:15:2229,coco,744,2008_002852.jpg,15,person,person,False,4,7,0.10054832696914673,193.6835,36.0924,209.3312,66.2569,0.0,False,True,0.0,test
coco:744:15:2229,coco,744,2008_002852.jpg,15,person,person,False,4,8,0.07346741855144501,250.5578,62.5826,264.4307,89.5488,0.0,False,True,0.0,test
coco:744:15:2229,coco,744,2008_002852.jpg,15,person,person,False,4,9,0.07212728261947632,247.0555,152.9655,301.2834,234.5728,0.06125188618898392,False,True,0.0,test
coco:744:15:2229,coco,744,2008_002852.jpg,15,person,person,False,4,10,0.06943865120410919,123.1272,0.0842,137.8901,24.7461,0.0,False,True,0.0,test
coco:744:15:2229,coco,744,2008_002852.jpg,15,person,person,False,4,11,0.06231101602315903,347.2501,268.7377,375.0795,331.9431,0.011491023935377598,False,True,0.0,test
coco:744:15:2229,coco,744,2008_002852.jpg,15,person,person,False,4,12,0.05965957045555115,113.0607,0.0978,138.9419,29.8653,0.0,False,True,0.0,test
coco:744:15:2229,coco,744,2008_002852.jpg,15,person,person,False,4,13,0.057543084025382996,112.5318,0.2773,128.2173,25.3728,0.0,False,True,0.0,test
coco:744:15:2229,coco,744,2008_002852.jpg,15,person,person,False,4,14,0.056522637605667114,303.1596,181.0999,327.1951,204.2796,0.010614916682243347,False,True,0.0,test
coco:744:15:2229,coco,744,2008_002852.jpg,15,person,person,False,4,15,0.05467536672949791,332.017,184.8099,377.0994,328.5175,0.06483588367700577,False,True,0.0,test
coco:745:12:2232,coco,745,2008_002859.jpg,12,dog,dog,False,1,0,0.7082518339157104,87.8363,48.8171,433.1177,346.2229,0.9649691581726074,True,False,9.972762645914397,test
coco:747:5:2238,coco,747,2008_002864.jpg,5,bottle,bottle,False,3,0,0.41365185379981995,166.4885,169.9006,190.6606,242.3651,0.8124361634254456,True,False,9.972762645914397,test
coco:747:5:2238,coco,747,2008_002864.jpg,5,bottle,bottle,False,3,1,0.3355647921562195,210.9426,157.6975,228.1653,215.8679,0.7281275391578674,True,False,9.972762645914397,test
coco:747:5:2238,coco,747,2008_002864.jpg,5,bottle,bottle,False,3,2,0.32250165939331055,270.4187,150.5746,308.6061,252.6237,0.8800802230834961,True,False,9.972762645914397,test
coco:747:5:2238,coco,747,2008_002864.jpg,5,bottle,bottle,False,3,3,0.2496148943901062,268.5519,174.5192,283.525,241.5991,0.2185554951429367,False,True,9.972762645914397,test
coco:747:5:2238,coco,747,2008_002864.jpg,5,bottle,bottle,False,3,4,0.1523715853691101,167.0572,169.1653,185.239,195.4432,0.22160382568836212,False,True,0.0,test
coco:747:5:2238,coco,747,2008_002864.jpg,5,bottle,bottle,False,3,5,0.07410673052072525,161.4617,169.2402,187.2759,212.1791,0.4412563145160675,False,True,0.0,test
coco:748:15:2241,coco,748,2008_002869.jpg,15,person,person,False,1,0,0.20676295459270477,57.8819,149.9835,314.9514,358.1333,0.11866581439971924,False,True,0.0,test
coco:748:15:2241,coco,748,2008_002869.jpg,15,person,person,False,1,1,0.16953913867473602,203.5702,147.4308,283.8775,235.5134,0.9242482781410217,True,False,0.0,test
coco:748:15:2241,coco,748,2008_002869.jpg,15,person,person,False,1,2,0.10917295515537262,194.2419,158.1951,343.9131,249.336,0.39779356122016907,False,True,0.0,test
coco:748:15:2241,coco,748,2008_002869.jpg,15,person,person,False,1,3,0.06959144026041031,129.3751,49.8632,148.0772,82.2708,0.0,False,True,0.0,test
coco:748:15:2241,coco,748,2008_002869.jpg,15,person,person,False,1,4,0.06768041849136353,174.6608,156.0633,342.416,354.7951,0.1740327775478363,False,True,0.0,test
coco:748:15:2241,coco,748,2008_002869.jpg,15,person,person,False,1,5,0.06191708520054817,265.7764,160.5084,291.7131,202.0115,0.08330695331096649,False,True,0.0,test
coco:748:15:2241,coco,748,2008_002869.jpg,15,person,person,False,1,6,0.06075378134846687,66.9568,209.8322,307.8289,355.0821,0.0475473552942276,False,True,0.0,test
coco:748:15:2241,coco,748,2008_002869.jpg,15,person,person,False,1,7,0.060081370174884796,265.076,160.4441,345.325,246.9445,0.08952305465936661,False,True,0.0,test
coco:749:5:2244,coco,749,2008_002870.jpg,5,bottle,bottle,False,1,0,0.4381110966205597,113.1853,-0.3588,215.057,194.6923,0.9332736730575562,True,False,9.972762645914397,test
coco:749:5:2244,coco,749,2008_002870.jpg,5,bottle,bottle,False,1,1,0.06472165882587433,204.7529,0.1432,234.2431,122.4339,0.048687975853681564,False,True,0.0,test
coco:750:7:2247,coco,750,2008_002875.jpg,7,car,car,False,5,0,0.45320114493370056,24.08,47.0553,470.1465,352.2159,0.9612287878990173,True,False,9.972762645914397,test
coco:750:7:2247,coco,750,2008_002875.jpg,7,car,car,False,5,1,0.44675347208976746,-0.0546,28.7722,247.4577,235.6824,0.9592621922492981,True,False,9.972762645914397,test
coco:750:7:2247,coco,750,2008_002875.jpg,7,car,car,False,5,2,0.4166891574859619,170.7583,20.2777,296.6584,88.5764,0.5606386661529541,True,False,9.972762645914397,test
coco:750:7:2247,coco,750,2008_002875.jpg,7,car,car,False,5,3,0.40189772844314575,282.4082,21.2574,451.8942,96.1333,0.842024564743042,True,False,9.972762645914397,test
coco:750:7:2247,coco,750,2008_002875.jpg,7,car,car,False,5,4,0.37742879986763,441.8767,16.9928,499.8334,184.3994,0.9073989391326904,True,False,9.972762645914397,test
coco:750:7:2247,coco,750,2008_002875.jpg,7,car,car,False,5,5,0.3431151807308197,168.7272,51.8596,213.5527,83.2443,0.05082681030035019,False,True,9.972762645914397,test
coco:750:7:2247,coco,750,2008_002875.jpg,7,car,car,False,5,6,0.32234400510787964,-0.0195,34.1384,33.9715,76.8317,0.026880469173192978,False,True,9.972762645914397,test
coco:750:7:2247,coco,750,2008_002875.jpg,7,car,car,False,5,7,0.26155975461006165,171.5198,19.4328,295.3075,61.49,0.9189615249633789,True,False,9.972762645914397,test
coco:750:7:2247,coco,750,2008_002875.jpg,7,car,car,False,5,8,0.22428497672080994,0.3853,34.0589,32.9606,47.5954,0.008267007768154144,False,True,0.0,test
coco:750:7:2247,coco,750,2008_002875.jpg,7,car,car,False,5,9,0.21494440734386444,170.2795,19.8967,450.9705,99.0794,0.4780023992061615,False,True,0.0,test
coco:750:7:2247,coco,750,2008_002875.jpg,7,car,car,False,5,10,0.1899479329586029,168.0183,51.17,238.7498,88.8825,0.07565385848283768,False,True,0.0,test
coco:750:7:2247,coco,750,2008_002875.jpg,7,car,car,False,5,11,0.18743325769901276,171.3295,51.7112,210.5682,67.8663,0.0547591932117939,False,True,0.0,test
coco:750:7:2247,coco,750,2008_002875.jpg,7,car,car,False,5,12,0.18420158326625824,0.6592,17.9999,485.2038,235.0249,0.5154438614845276,True,False,0.0,test
coco:750:7:2247,coco,750,2008_002875.jpg,7,car,car,False,5,13,0.1746421456336975,0.9964,31.1189,240.7415,123.8791,0.4250120222568512,False,True,0.0,test
coco:750:7:2247,coco,750,2008_002875.jpg,7,car,car,False,5,14,0.14975835382938385,2.0075,40.4082,140.6064,112.2959,0.19042010605335236,False,True,0.0,test
coco:750:7:2247,coco,750,2008_002875.jpg,7,car,car,False,5,15,0.131537064909935,485.7886,326.3486,500.1007,374.6162,0.0,False,True,0.0,test
coco:750:7:2247,coco,750,2008_002875.jpg,7,car,car,False,5,16,0.13082243502140045,163.0926,87.3721,253.7069,126.8802,0.06841979175806046,False,True,0.0,test
coco:750:7:2247,coco,750,2008_002875.jpg,7,car,car,False,5,17,0.11348558217287064,0.9272,33.8123,141.2996,230.9819,0.5285382866859436,True,False,0.0,test
coco:750:7:2247,coco,750,2008_002875.jpg,7,car,car,False,5,18,0.10990256816148758,262.8472,18.328,487.7104,182.662,0.29269883036613464,False,True,0.0,test
coco:750:7:2247,coco,750,2008_002875.jpg,7,car,car,False,5,19,0.10038100183010101,118.1015,46.8788,144.195,62.2213,0.007651172112673521,False,True,0.0,test
coco:750:7:2247,coco,750,2008_002875.jpg,7,car,car,False,5,20,0.09157884865999222,116.7214,47.3383,149.6588,72.6501,0.01593351736664772,False,True,0.0,test
coco:750:7:2247,coco,750,2008_002875.jpg,7,car,car,False,5,21,0.07631633430719376,166.5164,18.0582,465.584,173.857,0.2464638352394104,False,True,0.0,test
coco:750:7:2247,coco,750,2008_002875.jpg,7,car,car,False,5,22,0.06657883524894714,266.2033,19.145,452.8867,124.3165,0.550314724445343,True,False,0.0,test
coco:750:7:2247,coco,750,2008_002875.jpg,7,car,car,False,5,23,0.06408942490816116,1.8818,69.9859,153.9024,111.067,0.11935576051473618,False,True,0.0,test
coco:750:7:2247,coco,750,2008_002875.jpg,7,car,car,False,5,24,0.060408495366573334,1.2911,37.7941,154.3395,95.7785,0.16960515081882477,False,True,0.0,test
coco:750:7:2247,coco,750,2008_002875.jpg,7,car,car,False,5,25,0.05995054170489311,52.5195,32.5709,130.9353,47.8469,0.022893531247973442,False,True,0.0,test
coco:750:7:2247,coco,750,2008_002875.jpg,7,car,car,False,5,26,0.05866680666804314,387.6304,211.3113,402.9183,228.122,0.0018869009800255299,False,True,0.0,test
coco:750:7:2247,coco,750,2008_002875.jpg,7,car,car,False,5,27,0.0575578473508358,-0.3614,41.8767,37.8283,57.1047,0.010713965632021427,False,True,0.0,test
coco:750:7:2247,coco,750,2008_002875.jpg,7,car,car,False,5,28,0.05523155257105827,50.226,52.2382,76.783,69.2904,0.008654833771288395,False,True,0.0,test
coco:750:7:2247,coco,750,2008_002875.jpg,7,car,car,False,5,29,0.05296904593706131,1.2674,42.4377,101.8771,100.5466,0.11173320561647415,False,True,0.0,test
coco:750:7:2247,coco,750,2008_002875.jpg,7,car,car,False,5,30,0.05247921496629715,385.9084,199.0739,425.9818,229.1709,0.008855144493281841,False,True,0.0,test
coco:750:7:2247,coco,750,2008_002875.jpg,7,car,car,False,5,31,0.051601000130176544,-0.4883,39.5091,73.4222,91.9461,0.07247050851583481,False,True,0.0,test
coco:750:7:2247,coco,750,2008_002875.jpg,7,car,car,False,5,32,0.05135525390505791,222.167,76.6329,238.2472,90.5538,0.004278171341866255,False,True,0.0,test
coco:751:16:2250,coco,751,2008_002876.jpg,16,pottedplant,pottedplant,False,1,0,0.27549612522125244,202.8257,287.5673,214.3559,294.6554,0.0,False,True,9.972762645914397,test
coco:751:16:2250,coco,751,2008_002876.jpg,16,pottedplant,pottedplant,False,1,1,0.2175280749797821,74.9243,331.0045,107.3644,350.7391,0.6252601146697998,True,False,0.0,test
coco:751:16:2250,coco,751,2008_002876.jpg,16,pottedplant,pottedplant,False,1,2,0.10441456735134125,200.0161,290.4783,209.7624,294.6266,0.0,False,True,0.0,test
coco:751:16:2250,coco,751,2008_002876.jpg,16,pottedplant,pottedplant,False,1,3,0.07788319140672684,451.8447,288.3184,461.97,297.179,0.0,False,True,0.0,test
coco:751:16:2250,coco,751,2008_002876.jpg,16,pottedplant,pottedplant,False,1,4,0.0764782577753067,198.5951,294.039,217.6199,308.243,0.0,False,True,0.0,test
coco:751:16:2250,coco,751,2008_002876.jpg,16,pottedplant,pottedplant,False,1,5,0.06368357688188553,79.6735,315.8311,92.5061,325.4159,0.0,False,True,0.0,test
coco:751:16:2250,coco,751,2008_002876.jpg,16,pottedplant,pottedplant,False,1,6,0.05753661319613457,212.3511,307.3103,227.9454,313.2897,0.0,False,True,0.0,test
coco:751:16:2250,coco,751,2008_002876.jpg,16,pottedplant,pottedplant,False,1,7,0.05636921525001526,390.4893,288.1442,403.3983,300.874,0.0,False,True,0.0,test
coco:751:15:2252,coco,751,2008_002876.jpg,15,person,person,True,0,0,0.1987779289484024,313.7923,281.8759,320.3912,298.3415,0.0,False,True,0.0,test
coco:751:15:2252,coco,751,2008_002876.jpg,15,person,person,True,0,1,0.18352188169956207,321.1216,281.2545,328.4384,296.8073,0.0,False,True,0.0,test
coco:751:15:2252,coco,751,2008_002876.jpg,15,person,person,True,0,2,0.10926061868667603,312.1257,283.6832,319.7043,295.6745,0.0,False,True,0.0,test
coco:751:15:2252,coco,751,2008_002876.jpg,15,person,person,True,0,3,0.08780274540185928,312.1454,280.1438,328.8888,298.0594,0.0,False,True,0.0,test
coco:752:3:2254,coco,752,2008_002879.jpg,3,bird,bird,True,0,0,0.07090426236391068,385.1989,243.7989,430.5507,326.1391,0.0,False,True,0.0,test
coco:755:5:2264,coco,755,2008_002897.jpg,5,bottle,bottle,True,0,0,0.10640613734722137,247.977,298.9941,254.3502,311.8759,0.0,False,True,0.0,test
coco:757:19:2268,coco,757,2008_002900.jpg,19,train,train,False,1,0,0.6203325390815735,158.6378,-1.5921,330.8801,479.1674,0.8979601860046387,True,False,9.972762645914397,test
coco:757:19:2268,coco,757,2008_002900.jpg,19,train,train,False,1,1,0.2298259288072586,156.8555,193.7427,181.4273,255.7395,0.019874392077326775,False,True,9.972762645914397,test
coco:757:19:2268,coco,757,2008_002900.jpg,19,train,train,False,1,2,0.21358227729797363,165.2089,194.3568,180.7308,247.4337,0.01074828952550888,False,True,0.0,test
coco:757:19:2268,coco,757,2008_002900.jpg,19,train,train,False,1,3,0.20653656125068665,157.4886,209.3324,169.9324,248.825,0.006411444861441851,False,True,0.0,test
coco:757:19:2268,coco,757,2008_002900.jpg,19,train,train,False,1,4,0.18939903378486633,82.9752,238.8965,96.0038,248.8702,0.0,False,True,0.0,test
coco:757:19:2268,coco,757,2008_002900.jpg,19,train,train,False,1,5,0.16361278295516968,159.3604,205.0926,179.4692,243.7509,0.010141866281628609,False,True,0.0,test
coco:757:19:2268,coco,757,2008_002900.jpg,19,train,train,False,1,6,0.12331902235746384,74.1091,231.2843,99.3382,249.2629,0.0,False,True,0.0,test
coco:757:19:2268,coco,757,2008_002900.jpg,19,train,train,False,1,7,0.10832731425762177,2.8712,-3.7377,330.2054,490.6038,0.4705265462398529,False,True,0.0,test
coco:757:19:2268,coco,757,2008_002900.jpg,19,train,train,False,1,8,0.09451968967914581,38.386,236.7417,59.5362,246.0004,0.0,False,True,0.0,test
coco:757:19:2268,coco,757,2008_002900.jpg,19,train,train,False,1,9,0.08852925151586533,181.0018,146.7706,227.8734,258.0318,0.06803640723228455,False,True,0.0,test
coco:757:19:2268,coco,757,2008_002900.jpg,19,train,train,False,1,10,0.07789431512355804,129.3421,232.6049,142.5292,239.7693,0.0,False,True,0.0,test
coco:757:19:2268,coco,757,2008_002900.jpg,19,train,train,False,1,11,0.0749424397945404,178.9208,1.911,327.8958,298.731,0.5768918395042419,True,False,0.0,test
coco:757:19:2268,coco,757,2008_002900.jpg,19,train,train,False,1,12,0.07399922609329224,161.1328,149.6061,230.5537,279.1852,0.11735804378986359,False,True,0.0,test
coco:757:19:2268,coco,757,2008_002900.jpg,19,train,train,False,1,13,0.06259448826313019,2.6966,241.1504,155.0913,498.3185,0.0,False,True,0.0,test
coco:757:19:2268,coco,757,2008_002900.jpg,19,train,train,False,1,14,0.0576421320438385,167.5243,194.2955,179.9879,207.3354,0.0021203388459980488,False,True,0.0,test
coco:757:19:2268,coco,757,2008_002900.jpg,19,train,train,False,1,15,0.05467061325907707,0.0006,226.909,22.3533,245.6167,0.0,False,True,0.0,test
coco:757:19:2268,coco,757,2008_002900.jpg,19,train,train,False,1,16,0.05050748214125633,102.1182,207.9057,137.5515,244.9669,0.0,False,True,0.0,test
coco:759:15:2274,coco,759,2008_002906.jpg,15,person,person,False,4,0,0.21871405839920044,431.0562,144.5013,469.1017,229.2015,0.2404310554265976,False,True,0.0,test
coco:759:15:2274,coco,759,2008_002906.jpg,15,person,person,False,4,1,0.20261496305465698,279.4007,155.5395,328.9211,256.3858,0.9193881750106812,True,False,0.0,test
coco:759:15:2274,coco,759,2008_002906.jpg,15,person,person,False,4,2,0.2006465047597885,316.3567,129.9328,360.9291,254.0851,0.912710964679718,True,False,0.0,test
coco:759:15:2274,coco,759,2008_002906.jpg,15,person,person,False,4,3,0.1987074464559555,450.8615,153.4734,485.3119,272.3729,0.9432421326637268,True,False,0.0,test
coco:759:15:2274,coco,759,2008_002906.jpg,15,person,person,False,4,4,0.19538450241088867,300.3692,127.956,329.4069,250.0882,0.4666603207588196,False,True,0.0,test
coco:759:15:2274,coco,759,2008_002906.jpg,15,person,person,False,4,5,0.18750260770320892,241.3314,104.9742,253.7359,207.2205,0.0,False,True,0.0,test
coco:759:15:2274,coco,759,2008_002906.jpg,15,person,person,False,4,6,0.17996148765087128,465.5432,147.1231,492.5176,238.7951,0.33104851841926575,False,True,0.0,test
coco:759:15:2274,coco,759,2008_002906.jpg,15,person,person,False,4,7,0.1759493052959442,142.2148,128.9891,157.1011,227.173,0.0,False,True,0.0,test
coco:759:15:2274,coco,759,2008_002906.jpg,15,person,person,False,4,8,0.16762007772922516,0.0608,158.9893,67.438,201.0213,0.0,False,True,0.0,test
coco:759:15:2274,coco,759,2008_002906.jpg,15,person,person,False,4,9,0.1489447057247162,301.2594,129.4868,327.1352,176.7104,0.09009522944688797,False,True,0.0,test
coco:759:15:2274,coco,759,2008_002906.jpg,15,person,person,False,4,10,0.14052985608577728,1.2844,115.2856,55.9869,200.4047,0.36293572187423706,False,True,0.0,test
coco:759:15:2274,coco,759,2008_002906.jpg,15,person,person,False,4,11,0.12117504328489304,150.3734,112.4814,193.8404,227.0303,0.0,False,True,0.0,test
coco:759:15:2274,coco,759,2008_002906.jpg,15,person,person,False,4,12,0.09849473834037781,38.9346,163.9675,68.6194,198.2256,0.0,False,True,0.0,test
coco:759:15:2274,coco,759,2008_002906.jpg,15,person,person,False,4,13,0.09253626316785812,16.7884,114.9648,53.9104,162.8707,0.8231344819068909,True,False,0.0,test
coco:759:15:2274,coco,759,2008_002906.jpg,15,person,person,False,4,14,0.08824145793914795,427.0064,143.6226,493.1669,234.5813,0.37289413809776306,False,True,0.0,test
coco:759:15:2274,coco,759,2008_002906.jpg,15,person,person,False,4,15,0.06567598879337311,173.3308,112.2638,190.5123,222.7342,0.0,False,True,0.0,test
coco:759:15:2274,coco,759,2008_002906.jpg,15,person,person,False,4,16,0.06329826265573502,427.7839,145.3073,468.7831,180.1722,0.09983141720294952,False,True,0.0,test
coco:761:15:2280,coco,761,2008_002909.jpg,15,person,person,False,2,0,0.1903057098388672,0.0337,73.3679,159.0282,316.6951,0.96497642993927,True,False,0.0,test
coco:761:15:2280,coco,761,2008_002909.jpg,15,person,person,False,2,1,0.16339699923992157,243.3115,37.1602,473.5147,325.8993,0.6851460337638855,True,False,0.0,test
coco:761:15:2280,coco,761,2008_002909.jpg,15,person,person,False,2,2,0.1024138554930687,170.816,5.7647,496.9158,374.5218,0.3826809525489807,False,True,0.0,test
coco:761:15:2280,coco,761,2008_002909.jpg,15,person,person,False,2,3,0.09482580423355103,1.0871,73.0845,275.5762,373.3857,0.45463621616363525,False,True,0.0,test
coco:761:15:2280,coco,761,2008_002909.jpg,15,person,person,False,2,4,0.08326976746320724,390.4633,1.5917,497.6718,373.5477,0.08587341755628586,False,True,0.0,test
coco:762:15:2283,coco,762,2008_002910.jpg,15,person,person,False,1,0,0.4021245539188385,128.4655,49.6393,416.3376,375.1948,0.9747185707092285,True,False,9.972762645914397,test
coco:764:14:2289,coco,764,2008_002926.jpg,14,motorbike,motorbike,False,1,0,0.5098311305046082,42.3883,24.8124,459.576,303.9135,0.962989091873169,True,False,9.972762645914397,test
coco:765:15:2292,coco,765,2008_002929.jpg,15,person,person,False,2,0,0.2332143634557724,257.9355,161.9114,376.8676,332.4638,0.9342470765113831,True,False,9.972762645914397,test
coco:765:15:2292,coco,765,2008_002929.jpg,15,person,person,False,2,1,0.22950947284698486,123.2697,162.8981,255.1659,331.9248,0.9688570499420166,True,False,9.972762645914397,test
coco:765:3:2294,coco,765,2008_002929.jpg,3,bird,bird,True,0,0,0.054415058344602585,451.77,182.9448,466.1172,198.4526,0.0,False,True,0.0,test
coco:765:3:2294,coco,765,2008_002929.jpg,3,bird,bird,True,0,1,0.05015242472290993,411.4408,159.8985,422.7196,173.5938,0.0,False,True,0.0,test
coco:766:2:2295,coco,766,2008_002932.jpg,2,bicycle,bicycle,False,1,0,0.45764094591140747,29.6599,283.2108,161.2275,373.799,0.9224147200584412,True,False,9.972762645914397,test
coco:766:2:2295,coco,766,2008_002932.jpg,2,bicycle,bicycle,False,1,1,0.2879413664340973,242.9558,289.356,343.9015,375.3918,0.0,False,True,9.972762645914397,test
coco:766:2:2295,coco,766,2008_002932.jpg,2,bicycle,bicycle,False,1,2,0.2620870769023895,39.5556,284.3145,338.1215,375.5577,0.37837278842926025,False,True,9.972762645914397,test
coco:766:2:2295,coco,766,2008_002932.jpg,2,bicycle,bicycle,False,1,3,0.18539035320281982,241.7596,285.4149,414.552,375.8018,0.0,False,True,0.0,test
coco:766:2:2295,coco,766,2008_002932.jpg,2,bicycle,bicycle,False,1,4,0.12008786201477051,248.3994,340.7726,339.1208,374.5091,0.0,False,True,0.0,test
coco:766:2:2295,coco,766,2008_002932.jpg,2,bicycle,bicycle,False,1,5,0.0780586525797844,54.8526,349.4003,118.5564,374.8843,0.12606200575828552,False,True,0.0,test
coco:766:2:2295,coco,766,2008_002932.jpg,2,bicycle,bicycle,False,1,6,0.06419316679239273,1.0836,226.4489,66.8215,336.3935,0.1337602138519287,False,True,0.0,test
coco:766:2:2295,coco,766,2008_002932.jpg,2,bicycle,bicycle,False,1,7,0.058136552572250366,64.7202,189.5117,80.7987,200.9562,0.0,False,True,0.0,test
coco:767:8:2299,coco,767,2008_002936.jpg,8,cat,cat,True,0,0,0.07222206890583038,385.7642,101.4667,448.6373,136.6079,0.0,False,True,0.0,test
coco:769:15:2304,coco,769,2008_002946.jpg,15,person,person,False,2,0,0.22720271348953247,83.8647,62.1212,280.3497,498.5961,0.8024950623512268,True,False,9.972762645914397,test
coco:769:15:2304,coco,769,2008_002946.jpg,15,person,person,False,2,1,0.16560450196266174,78.3775,53.1072,179.4154,396.8275,0.8204750418663025,True,False,0.0,test
coco:770:1:2309,coco,770,2008_002947.jpg,1,aeroplane,aeroplane,True,0,0,0.05568741634488106,321.3497,0.4363,378.5575,16.5793,0.0,False,True,0.0,test
coco:771:7:2310,coco,771,2008_002956.jpg,7,car,car,False,1,0,0.3735543489456177,139.6212,153.7773,166.407,173.3115,0.9139696955680847,True,False,9.972762645914397,test
coco:772:12:2313,coco,772,2008_002958.jpg,12,dog,dog,False,1,0,0.6920866370201111,81.39,206.7078,234.2786,295.1916,0.9442906975746155,True,False,9.972762645914397,test
coco:772:12:2313,coco,772,2008_002958.jpg,12,dog,dog,False,1,1,0.05838797613978386,83.9356,234.3588,148.5588,293.94,0.2790091335773468,False,True,0.0,test
coco:772:12:2313,coco,772,2008_002958.jpg,12,dog,dog,False,1,2,0.05359780043363571,178.0028,268.372,232.0898,307.7532,0.10746743530035019,False,True,0.0,test
coco:772:12:2313,coco,772,2008_002958.jpg,12,dog,dog,False,1,3,0.051718685775995255,171.9374,226.9127,272.7399,316.645,0.22589141130447388,False,True,0.0,test
coco:774:15:2319,coco,774,2008_002968.jpg,15,person,person,False,1,0,0.2531997561454773,316.8294,225.6163,346.2824,395.2701,0.15673349797725677,False,True,9.972762645914397,test
coco:774:15:2319,coco,774,2008_002968.jpg,15,person,person,False,1,1,0.18738563358783722,290.9519,313.2879,343.9079,498.91,0.8952366709709167,True,False,0.0,test
coco:779:15:2334,coco,779,2008_003001.jpg,15,person,person,False,2,0,0.22575607895851135,234.4576,184.163,281.9222,321.4797,0.8644672632217407,True,False,9.972762645914397,test
coco:779:15:2334,coco,779,2008_003001.jpg,15,person,person,False,2,1,0.21462729573249817,302.3796,178.3859,336.3212,367.7997,0.0,False,True,0.0,test
coco:779:15:2334,coco,779,2008_003001.jpg,15,person,person,False,2,2,0.21434877812862396,95.0481,71.8907,245.2266,433.349,0.9021285772323608,True,False,0.0,test
coco:779:15:2334,coco,779,2008_003001.jpg,15,person,person,False,2,3,0.10917719453573227,242.8566,145.5698,267.6067,178.2143,0.0,False,True,0.0,test
coco:779:15:2334,coco,779,2008_003001.jpg,15,person,person,False,2,4,0.09879064559936523,241.0391,146.1645,273.1184,216.221,0.14479652047157288,False,True,0.0,test
coco:779:15:2334,coco,779,2008_003001.jpg,15,person,person,False,2,5,0.06623093783855438,92.8017,187.3422,106.4674,208.0365,0.0014520518016070127,False,True,0.0,test
coco:780:18:2338,coco,780,2008_003003.jpg,18,sofa,sofa,True,0,0,0.1343810111284256,309.3936,344.0248,463.3365,374.6584,0.0,False,True,0.0,test
coco:780:18:2338,coco,780,2008_003003.jpg,18,sofa,sofa,True,0,1,0.08240483701229095,308.9841,336.2303,500.6456,374.7139,0.0,False,True,0.0,test
coco:780:18:2338,coco,780,2008_003003.jpg,18,sofa,sofa,True,0,2,0.05585778132081032,459.5107,348.6449,500.8837,375.7908,0.0,False,True,0.0,test
coco:786:7:2355,coco,786,2008_003030.jpg,7,car,car,False,1,0,0.34654322266578674,455.9859,262.7982,487.1614,296.3024,0.005502813495695591,False,True,9.972762645914397,test
coco:786:7:2355,coco,786,2008_003030.jpg,7,car,car,False,1,1,0.1411808729171753,13.0802,244.9749,25.5199,255.1584,0.0,False,True,0.0,test
coco:786:7:2355,coco,786,2008_003030.jpg,7,car,car,False,1,2,0.1318357288837433,3.0172,245.2098,13.982,254.5538,0.0,False,True,0.0,test
coco:786:7:2355,coco,786,2008_003030.jpg,7,car,car,False,1,3,0.12850642204284668,2.2213,244.7347,25.8155,255.4093,0.0,False,True,0.0,test
coco:786:7:2355,coco,786,2008_003030.jpg,7,car,car,False,1,4,0.09854920953512192,471.0977,254.6715,494.7538,284.941,0.0,False,True,0.0,test
coco:786:7:2355,coco,786,2008_003030.jpg,7,car,car,False,1,5,0.0862542986869812,378.4402,253.2415,489.0874,298.8825,0.07943036407232285,False,True,0.0,test
coco:786:7:2355,coco,786,2008_003030.jpg,7,car,car,False,1,6,0.059284668415784836,150.142,206.6789,471.4792,355.5034,0.9507166743278503,True,False,0.0,test
coco:787:15:2358,coco,787,2008_003034.jpg,15,person,person,False,2,0,0.39252015948295593,89.6985,55.6887,243.4564,231.6051,0.9382119178771973,True,False,9.972762645914397,test
coco:787:15:2358,coco,787,2008_003034.jpg,15,person,person,False,2,1,0.2776477038860321,369.3293,94.2961,500.2543,328.9579,0.9611953496932983,True,False,9.972762645914397,test
coco:788:8:2361,coco,788,2008_003045.jpg,8,cat,cat,False,1,0,0.7510979771614075,-0.3389,53.8536,411.9747,288.8007,0.9528197050094604,True,False,9.972762645914397,test
coco:789:16:2364,coco,789,2008_003051.jpg,16,pottedplant,pottedplant,False,2,0,0.2241981327533722,364.6798,238.4694,400.6537,275.5435,0.7952473759651184,True,False,0.0,test
coco:789:16:2364,coco,789,2008_003051.jpg,16,pottedplant,pottedplant,False,2,1,0.21257945895195007,109.7212,239.1223,144.6729,276.0977,0.7889823317527771,True,False,0.0,test
coco:789:16:2364,coco,789,2008_003051.jpg,16,pottedplant,pottedplant,False,2,2,0.1292271465063095,365.2884,237.0471,399.2631,250.2997,0.2257797122001648,False,True,0.0,test
coco:789:16:2364,coco,789,2008_003051.jpg,16,pottedplant,pottedplant,False,2,3,0.12807220220565796,211.5981,221.7688,226.8545,239.7511,0.0,False,True,0.0,test
coco:789:16:2364,coco,789,2008_003051.jpg,16,pottedplant,pottedplant,False,2,4,0.11020028591156006,112.1344,247.2948,143.6219,276.496,0.561338484287262,True,False,0.0,test
coco:789:16:2364,coco,789,2008_003051.jpg,16,pottedplant,pottedplant,False,2,5,0.08833702653646469,11.4689,79.183,83.6127,180.5661,0.0,False,True,0.0,test
coco:789:16:2364,coco,789,2008_003051.jpg,16,pottedplant,pottedplant,False,2,6,0.07916659861803055,11.5686,83.2949,86.0561,298.8782,0.0,False,True,0.0,test
coco:789:16:2364,coco,789,2008_003051.jpg,16,pottedplant,pottedplant,False,2,7,0.07898389548063278,127.859,240.3975,143.9872,249.7992,0.09257160127162933,False,True,0.0,test
coco:789:16:2364,coco,789,2008_003051.jpg,16,pottedplant,pottedplant,False,2,8,0.07684751600027084,129.0847,243.463,143.3472,275.1479,0.27588966488838196,False,True,0.0,test
coco:789:16:2364,coco,789,2008_003051.jpg,16,pottedplant,pottedplant,False,2,9,0.07453136146068573,108.6776,239.2695,143.635,256.0606,0.3583487570285797,False,True,0.0,test
coco:789:16:2364,coco,789,2008_003051.jpg,16,pottedplant,pottedplant,False,2,10,0.06927429884672165,212.4445,224.6365,220.1129,238.6458,0.0,False,True,0.0,test
coco:789:16:2364,coco,789,2008_003051.jpg,16,pottedplant,pottedplant,False,2,11,0.06828535348176956,108.6432,239.6952,122.2708,257.3261,0.14668291807174683,False,True,0.0,test
coco:789:16:2364,coco,789,2008_003051.jpg,16,pottedplant,pottedplant,False,2,12,0.06328820437192917,109.9663,239.7223,143.8838,262.7254,0.4763163924217224,False,True,0.0,test
coco:789:16:2364,coco,789,2008_003051.jpg,16,pottedplant,pottedplant,False,2,13,0.058442700654268265,205.361,222.473,220.0093,240.175,0.0,False,True,0.0,test
coco:792:13:2373,coco,792,2008_003055.jpg,13,horse,horse,False,2,0,0.8186905384063721,71.9137,78.7724,281.777,357.8806,0.9506829977035522,True,False,9.972762645914397,test
coco:792:13:2373,coco,792,2008_003055.jpg,13,horse,horse,False,2,1,0.814484715461731,284.9907,37.0164,399.506,297.9202,0.9557388424873352,True,False,9.972762645914397,test
coco:793:15:2376,coco,793,2008_003056.jpg,15,person,person,False,1,0,0.17626050114631653,-0.2063,79.2884,149.5423,377.6229,0.9696725010871887,True,False,0.0,test
coco:793:15:2376,coco,793,2008_003056.jpg,15,person,person,False,1,1,0.07765825092792511,460.406,174.3865,475.2016,194.3868,0.0,False,True,0.0,test
coco:793:15:2376,coco,793,2008_003056.jpg,15,person,person,False,1,2,0.07251084595918655,423.6016,76.6293,442.8277,104.3663,0.0,False,True,0.0,test
coco:793:15:2376,coco,793,2008_003056.jpg,15,person,person,False,1,3,0.06740818917751312,451.8802,173.8721,478.025,195.8998,0.0,False,True,0.0,test
coco:793:15:2376,coco,793,2008_003056.jpg,15,person,person,False,1,4,0.0572168231010437,489.2776,157.8917,499.4144,178.6483,0.0,False,True,0.0,test
coco:794:15:2379,coco,794,2008_003062.jpg,15,person,person,False,2,0,0.3154039978981018,195.6712,59.9377,450.4944,334.7149,0.943078875541687,True,False,9.972762645914397,test
coco:794:15:2379,coco,794,2008_003062.jpg,15,person,person,False,2,1,0.2927301824092865,0.9462,81.2951,218.454,334.8979,0.9890938401222229,True,False,9.972762645914397,test
coco:794:15:2379,coco,794,2008_003062.jpg,15,person,person,False,2,2,0.2508261799812317,187.8779,89.6451,212.4088,168.1364,0.03493340313434601,False,True,9.972762645914397,test
coco:794:15:2379,coco,794,2008_003062.jpg,15,person,person,False,2,3,0.16818276047706604,429.294,83.7898,443.9139,113.9599,0.005341201089322567,False,True,0.0,test
coco:794:15:2379,coco,794,2008_003062.jpg,15,person,person,False,2,4,0.11704466491937637,226.6014,128.8899,271.4659,191.9868,0.042868971824645996,False,True,0.0,test
coco:794:15:2379,coco,794,2008_003062.jpg,15,person,person,False,2,5,0.08747579902410507,180.9764,67.8152,192.0198,85.6588,0.0011310247937217355,False,True,0.0,test
coco:794:15:2379,coco,794,2008_003062.jpg,15,person,person,False,2,6,0.07487231492996216,402.973,76.0771,416.1321,102.613,0.0052880397997796535,False,True,0.0,test
coco:794:15:2379,coco,794,2008_003062.jpg,15,person,person,False,2,7,0.06848932057619095,190.0157,90.5643,209.0871,125.3109,0.01202269084751606,False,True,0.0,test
coco:794:15:2379,coco,794,2008_003062.jpg,15,person,person,False,2,8,0.062109556049108505,241.5496,129.9213,269.4218,176.6696,0.019731972366571426,False,True,0.0,test
coco:794:15:2379,coco,794,2008_003062.jpg,15,person,person,False,2,9,0.059421464800834656,193.7761,91.034,206.3958,111.9471,0.004788197576999664,False,True,0.0,test
coco:796:2:2385,coco,796,2008_003072.jpg,2,bicycle,bicycle,False,1,0,0.5691680312156677,178.2557,225.0918,197.1527,255.6287,0.734072744846344,True,False,9.972762645914397,test
coco:796:2:2385,coco,796,2008_003072.jpg,2,bicycle,bicycle,False,1,1,0.5107487440109253,196.2291,185.1952,203.1248,202.5375,0.0,False,True,9.972762645914397,test
coco:796:2:2385,coco,796,2008_003072.jpg,2,bicycle,bicycle,False,1,2,0.14145082235336304,197.0617,189.8036,202.1062,202.2309,0.0,False,True,0.0,test
coco:796:2:2385,coco,796,2008_003072.jpg,2,bicycle,bicycle,False,1,3,0.12361768633127213,195.4481,186.4326,202.8421,205.2743,0.0,False,True,0.0,test
coco:796:2:2385,coco,796,2008_003072.jpg,2,bicycle,bicycle,False,1,4,0.08272993564605713,175.5497,217.6959,197.5656,255.3395,0.5508851408958435,True,False,0.0,test
coco:796:2:2385,coco,796,2008_003072.jpg,2,bicycle,bicycle,False,1,5,0.0755598247051239,195.6779,178.9082,203.3091,196.813,0.0,False,True,0.0,test
coco:796:2:2385,coco,796,2008_003072.jpg,2,bicycle,bicycle,False,1,6,0.0661616250872612,196.6832,183.5997,202.8094,195.6622,0.0,False,True,0.0,test
coco:796:2:2385,coco,796,2008_003072.jpg,2,bicycle,bicycle,False,1,7,0.06340119242668152,179.2053,233.873,187.385,255.1596,0.30708935856819153,False,True,0.0,test
coco:796:2:2385,coco,796,2008_003072.jpg,2,bicycle,bicycle,False,1,8,0.06155763939023018,189.0294,176.5203,197.1739,186.4494,0.0,False,True,0.0,test
coco:796:2:2385,coco,796,2008_003072.jpg,2,bicycle,bicycle,False,1,9,0.05632269009947777,183.456,183.5656,189.2477,190.353,0.0,False,True,0.0,test
coco:796:2:2385,coco,796,2008_003072.jpg,2,bicycle,bicycle,False,1,10,0.05212411284446716,188.4772,235.0164,197.3676,255.1149,0.3151412606239319,False,True,0.0,test
coco:801:15:2400,coco,801,2008_003089.jpg,15,person,person,False,1,0,0.4356452524662018,24.6212,41.6007,287.7988,486.5969,0.9696378707885742,True,False,9.972762645914397,test
coco:801:15:2400,coco,801,2008_003089.jpg,15,person,person,False,1,1,0.1724582463502884,214.7611,416.2919,351.09,499.3923,0.040554922074079514,False,True,0.0,test
coco:802:15:2403,coco,802,2008_003090.jpg,15,person,person,False,2,0,0.2438277155160904,242.1216,16.2325,389.5794,400.5927,0.6907535195350647,True,False,9.972762645914397,test
coco:802:15:2403,coco,802,2008_003090.jpg,15,person,person,False,2,1,0.15108488500118256,137.1091,80.5088,345.7046,488.7258,0.9595089554786682,True,False,0.0,test
coco:802:15:2403,coco,802,2008_003090.jpg,15,person,person,False,2,2,0.12981939315795898,129.9528,13.9699,391.3783,488.2072,0.6974543333053589,True,False,0.0,test
coco:806:15:2416,coco,806,2008_003105.jpg,15,person,person,True,0,0,0.2522363066673279,492.6132,204.7869,499.148,219.0598,0.0,False,True,9.972762645914397,test
coco:806:15:2416,coco,806,2008_003105.jpg,15,person,person,True,0,1,0.21233071386814117,445.9554,202.0903,453.7253,229.1772,0.0,False,True,0.0,test
coco:806:15:2416,coco,806,2008_003105.jpg,15,person,person,True,0,2,0.17740292847156525,414.9827,154.678,423.6001,172.4651,0.0,False,True,0.0,test
coco:806:15:2416,coco,806,2008_003105.jpg,15,person,person,True,0,3,0.0562487468123436,491.3193,206.4221,497.791,214.3771,0.0,False,True,0.0,test
coco:809:2:2424,coco,809,2008_003108.jpg,2,bicycle,bicycle,False,1,0,0.6293933987617493,0.4667,185.3428,77.2943,324.0946,0.9150213003158569,True,False,9.972762645914397,test
coco:809:2:2424,coco,809,2008_003108.jpg,2,bicycle,bicycle,False,1,1,0.14443810284137726,35.9451,184.1747,79.562,279.5534,0.3623800575733185,False,True,0.0,test
coco:809:2:2424,coco,809,2008_003108.jpg,2,bicycle,bicycle,False,1,2,0.14218193292617798,0.5311,198.7368,36.8649,320.5103,0.37855252623558044,False,True,0.0,test
coco:809:2:2424,coco,809,2008_003108.jpg,2,bicycle,bicycle,False,1,3,0.14124229550361633,31.9012,214.565,73.1342,289.0542,0.26754504442214966,False,True,0.0,test
coco:809:2:2424,coco,809,2008_003108.jpg,2,bicycle,bicycle,False,1,4,0.07383807748556137,57.2988,216.092,74.4194,276.1715,0.08959915488958359,False,True,0.0,test
coco:810:3:2427,coco,810,2008_003110.jpg,3,bird,bird,False,3,0,0.44234248995780945,192.3822,87.7817,374.6859,288.5176,0.8617541790008545,True,False,9.972762645914397,test
coco:810:3:2427,coco,810,2008_003110.jpg,3,bird,bird,False,3,1,0.42848125100135803,24.2339,131.9194,239.9198,327.2794,0.8900272250175476,True,False,9.972762645914397,test
coco:810:3:2427,coco,810,2008_003110.jpg,3,bird,bird,False,3,2,0.42180126905441284,288.4594,55.0184,448.6144,243.0712,0.8202946782112122,True,False,9.972762645914397,test
coco:810:3:2427,coco,810,2008_003110.jpg,3,bird,bird,False,3,3,0.17607742547988892,420.9414,42.2021,458.0642,90.3177,0.048950083553791046,False,True,0.0,test
coco:810:3:2427,coco,810,2008_003110.jpg,3,bird,bird,False,3,4,0.16933782398700714,204.5407,134.0671,245.4491,167.7177,0.032961178570985794,False,True,0.0,test
coco:810:3:2427,coco,810,2008_003110.jpg,3,bird,bird,False,3,5,0.1431964486837387,228.8674,140.3558,246.023,164.3531,0.009857508353888988,False,True,0.0,test
coco:810:3:2427,coco,810,2008_003110.jpg,3,bird,bird,False,3,6,0.12228468060493469,346.9746,98.3254,385.3669,131.4142,0.03481379896402359,False,True,0.0,test
coco:810:3:2427,coco,810,2008_003110.jpg,3,bird,bird,False,3,7,0.11109969019889832,422.7069,55.416,450.7633,87.7946,0.024895230308175087,False,True,0.0,test
coco:810:3:2427,coco,810,2008_003110.jpg,3,bird,bird,False,3,8,0.10462923347949982,347.3333,103.4375,368.7042,131.0111,0.016148852184414864,False,True,0.0,test
coco:810:3:2427,coco,810,2008_003110.jpg,3,bird,bird,False,3,9,0.07788317650556564,28.9211,105.9648,366.333,323.9606,0.6020237803459167,True,False,0.0,test
coco:810:3:2427,coco,810,2008_003110.jpg,3,bird,bird,False,3,10,0.05030335858464241,211.4415,119.9482,242.2198,158.1685,0.0281667597591877,False,True,0.0,test
coco:810:17:2428,coco,810,2008_003110.jpg,17,sheep,sheep,True,0,0,0.09885581582784653,288.4594,55.0184,448.6144,243.0712,0.0,False,True,0.0,test
coco:810:17:2428,coco,810,2008_003110.jpg,17,sheep,sheep,True,0,1,0.06461451202630997,24.2339,131.9194,239.9198,327.2794,0.0,False,True,0.0,test
coco:810:17:2428,coco,810,2008_003110.jpg,17,sheep,sheep,True,0,2,0.06039562448859215,192.3822,87.7817,374.6859,288.5176,0.0,False,True,0.0,test
coco:812:12:2433,coco,812,2008_003133.jpg,12,dog,dog,False,2,0,0.5398373603820801,13.8991,2.2051,499.119,344.568,0.6509585976600647,True,False,9.972762645914397,test
coco:812:12:2433,coco,812,2008_003133.jpg,12,dog,dog,False,2,1,0.44619476795196533,211.86,108.4793,485.4349,346.0101,0.7988380193710327,True,False,9.972762645914397,test
coco:812:12:2433,coco,812,2008_003133.jpg,12,dog,dog,False,2,2,0.3346497416496277,16.6966,2.9372,495.1163,234.5301,0.9469592571258545,True,False,9.972762645914397,test
coco:812:12:2433,coco,812,2008_003133.jpg,12,dog,dog,False,2,3,0.22187581658363342,47.8481,113.4235,487.3394,342.2277,0.6096532940864563,True,False,0.0,test
coco:812:12:2433,coco,812,2008_003133.jpg,12,dog,dog,False,2,4,0.20467902719974518,49.2381,131.0341,391.8323,332.5147,0.46134668588638306,False,True,0.0,test
coco:812:12:2433,coco,812,2008_003133.jpg,12,dog,dog,False,2,5,0.12719212472438812,197.3017,134.9628,395.371,341.6285,0.650006115436554,True,False,0.0,test
coco:812:12:2433,coco,812,2008_003133.jpg,12,dog,dog,False,2,6,0.10488968342542648,12.6779,1.9165,397.5132,202.2062,0.6854235529899597,True,False,0.0,test
coco:812:12:2433,coco,812,2008_003133.jpg,12,dog,dog,False,2,7,0.08971205353736877,16.9639,5.5951,368.611,318.2806,0.5574325323104858,True,False,0.0,test
coco:812:12:2433,coco,812,2008_003133.jpg,12,dog,dog,False,2,8,0.08482103794813156,13.3236,20.1969,176.2994,198.2475,0.2649170160293579,False,True,0.0,test
coco:812:12:2433,coco,812,2008_003133.jpg,12,dog,dog,False,2,9,0.0747368112206459,149.0987,8.3648,501.1469,341.6728,0.5212588310241699,True,False,0.0,test
coco:812:12:2433,coco,812,2008_003133.jpg,12,dog,dog,False,2,10,0.06731049716472626,58.3977,171.2018,220.1815,272.0392,0.08026523143053055,False,True,0.0,test
coco:812:12:2433,coco,812,2008_003133.jpg,12,dog,dog,False,2,11,0.06544585525989532,309.1411,84.6478,498.3244,265.7017,0.29992857575416565,False,True,0.0,test
coco:812:12:2433,coco,812,2008_003133.jpg,12,dog,dog,False,2,12,0.06217554956674576,311.7459,116.1252,424.7354,221.9576,0.18801943957805634,False,True,0.0,test
coco:812:12:2433,coco,812,2008_003133.jpg,12,dog,dog,False,2,13,0.0548250675201416,31.6956,132.2189,303.4579,304.1329,0.2279697209596634,False,True,0.0,test
coco:814:9:2439,coco,814,2008_003136.jpg,9,chair,chair,False,1,0,0.4669003486633301,173.2942,67.3805,222.4313,194.1652,0.8190324902534485,True,False,9.972762645914397,test
coco:814:9:2439,coco,814,2008_003136.jpg,9,chair,chair,False,1,1,0.3426044285297394,1.2437,46.2166,116.4328,214.5816,0.0,False,True,9.972762645914397,test
coco:814:9:2439,coco,814,2008_003136.jpg,9,chair,chair,False,1,2,0.21729618310928345,354.208,303.9443,398.5426,398.2389,0.0,False,True,0.0,test
coco:814:9:2439,coco,814,2008_003136.jpg,9,chair,chair,False,1,3,0.12734049558639526,355.8934,347.0538,399.8886,399.223,0.0,False,True,0.0,test
coco:814:9:2439,coco,814,2008_003136.jpg,9,chair,chair,False,1,4,0.07616478204727173,334.2773,301.771,398.7258,398.5215,0.0,False,True,0.0,test
coco:814:9:2439,coco,814,2008_003136.jpg,9,chair,chair,False,1,5,0.07543569803237915,357.6674,303.9043,390.9292,368.6113,0.0,False,True,0.0,test
coco:814:9:2439,coco,814,2008_003136.jpg,9,chair,chair,False,1,6,0.06927373260259628,154.8179,208.405,394.6696,391.4348,0.0,False,True,0.0,test
coco:814:9:2439,coco,814,2008_003136.jpg,9,chair,chair,False,1,7,0.06181683763861656,165.159,290.2484,395.6419,391.1696,0.0,False,True,0.0,test
coco:814:9:2439,coco,814,2008_003136.jpg,9,chair,chair,False,1,8,0.05939850956201553,1.7933,244.7474,398.1003,425.4739,0.0,False,True,0.0,test
coco:814:9:2439,coco,814,2008_003136.jpg,9,chair,chair,False,1,9,0.057007741183042526,0.2472,77.9663,18.768,108.1273,0.0,False,True,0.0,test
coco:814:5:2441,coco,814,2008_003136.jpg,5,bottle,bottle,True,0,0,0.07839519530534744,13.1537,54.8823,27.2699,78.7295,0.0,False,True,0.0,test
coco:816:19:2446,coco,816,2008_003144.jpg,19,train,train,True,0,0,0.07313242554664612,-0.2851,242.9159,65.4779,253.4181,0.0,False,True,0.0,test
coco:818:1:2451,coco,818,2008_003155.jpg,1,aeroplane,aeroplane,False,1,0,0.6664917469024658,4.1837,105.0279,495.5475,263.073,0.9283173680305481,True,False,9.972762645914397,test
coco:818:1:2451,coco,818,2008_003155.jpg,1,aeroplane,aeroplane,False,1,1,0.18817023932933807,35.7622,126.2005,386.8328,239.8785,0.5214271545410156,True,False,0.0,test
coco:818:1:2451,coco,818,2008_003155.jpg,1,aeroplane,aeroplane,False,1,2,0.059538621455430984,43.3996,125.5149,408.5961,184.6101,0.2819690704345703,False,True,0.0,test
coco:822:9:2463,coco,822,2008_003178.jpg,9,chair,chair,False,5,0,0.4355124831199646,442.1801,166.5972,499.2517,283.0288,0.9322764277458191,True,False,9.972762645914397,test
coco:822:9:2463,coco,822,2008_003178.jpg,9,chair,chair,False,5,1,0.43072664737701416,99.5555,82.5026,381.0979,375.4011,0.9245562553405762,True,False,9.972762645914397,test
coco:822:9:2463,coco,822,2008_003178.jpg,9,chair,chair,False,5,2,0.4190114438533783,317.3431,172.8424,388.4111,269.4224,0.9106817841529846,True,False,9.972762645914397,test
coco:822:9:2463,coco,822,2008_003178.jpg,9,chair,chair,False,5,3,0.3919719159603119,231.0893,147.2175,342.2499,305.2234,0.8747343420982361,True,False,9.972762645914397,test
coco:822:9:2463,coco,822,2008_003178.jpg,9,chair,chair,False,5,4,0.33674028515815735,285.7924,165.2079,304.0859,184.3142,0.01778195984661579,False,True,9.972762645914397,test
coco:822:9:2463,coco,822,2008_003178.jpg,9,chair,chair,False,5,5,0.214050754904747,253.3089,146.9041,338.3654,230.346,0.3610742688179016,False,True,0.0,test
coco:822:9:2463,coco,822,2008_003178.jpg,9,chair,chair,False,5,6,0.20645086467266083,83.8022,96.8513,215.8161,341.862,0.6977699995040894,True,False,0.0,test
coco:822:9:2463,coco,822,2008_003178.jpg,9,chair,chair,False,5,7,0.18831421434879303,266.5561,151.2435,384.8185,271.7637,0.41151857376098633,False,True,0.0,test
coco:822:9:2463,coco,822,2008_003178.jpg,9,chair,chair,False,5,8,0.1740017682313919,286.3447,164.5938,314.3392,219.2882,0.07789704203605652,False,True,0.0,test
coco:822:9:2463,coco,822,2008_003178.jpg,9,chair,chair,False,5,9,0.17188847064971924,236.2799,160.9301,313.5978,288.9319,0.5035017728805542,True,False,0.0,test
coco:822:9:2463,coco,822,2008_003178.jpg,9,chair,chair,False,5,10,0.15567311644554138,66.9247,115.0221,494.7956,373.1067,0.5679776668548584,True,False,0.0,test
coco:822:9:2463,coco,822,2008_003178.jpg,9,chair,chair,False,5,11,0.13396058976650238,88.2112,222.8392,133.877,337.2804,0.15158507227897644,False,True,0.0,test
coco:822:9:2463,coco,822,2008_003178.jpg,9,chair,chair,False,5,12,0.08608177304267883,144.023,180.6177,160.8493,222.2562,0.020321935415267944,False,True,0.0,test
coco:822:9:2463,coco,822,2008_003178.jpg,9,chair,chair,False,5,13,0.08563230186700821,254.5627,158.2755,495.9212,293.0169,0.2873576283454895,False,True,0.0,test
coco:822:9:2463,coco,822,2008_003178.jpg,9,chair,chair,False,5,14,0.07268494367599487,229.0377,219.1607,275.0468,298.3716,0.1854102909564972,False,True,0.0,test
coco:822:9:2463,coco,822,2008_003178.jpg,9,chair,chair,False,5,15,0.07244843989610672,87.9317,166.0753,186.3153,339.4102,0.49412989616394043,False,True,0.0,test
coco:822:9:2463,coco,822,2008_003178.jpg,9,chair,chair,False,5,16,0.06654934585094452,287.8904,146.186,339.6014,223.713,0.20395787060260773,False,True,0.0,test
coco:822:9:2463,coco,822,2008_003178.jpg,9,chair,chair,False,5,17,0.050939690321683884,87.8907,217.4506,226.8088,342.6417,0.5038498044013977,True,False,0.0,test
coco:823:15:2466,coco,823,2008_003181.jpg,15,person,person,False,2,0,0.30425015091896057,27.9229,32.8026,296.6125,420.9102,0.9231309294700623,True,False,9.972762645914397,test
coco:823:15:2466,coco,823,2008_003181.jpg,15,person,person,False,2,1,0.22856758534908295,218.1553,-0.3005,496.9118,106.9711,0.07405000925064087,False,True,9.972762645914397,test
coco:823:15:2466,coco,823,2008_003181.jpg,15,person,person,False,2,2,0.21268081665039062,202.2742,71.7672,497.4943,419.7561,0.9808674454689026,True,False,0.0,test
coco:823:15:2466,coco,823,2008_003181.jpg,15,person,person,False,2,3,0.12290924042463303,25.0542,33.1701,495.1361,422.3009,0.6010384559631348,True,False,0.0,test
coco:823:15:2466,coco,823,2008_003181.jpg,15,person,person,False,2,4,0.09639852494001389,221.4599,0.9124,368.7938,108.7827,0.0602605864405632,False,True,0.0,test
coco:823:15:2466,coco,823,2008_003181.jpg,15,person,person,False,2,5,0.07421938329935074,332.2115,45.7197,420.9245,95.9449,0.018380815163254738,False,True,0.0,test
coco:823:15:2466,coco,823,2008_003181.jpg,15,person,person,False,2,6,0.06780725717544556,344.2096,-0.1073,454.5094,95.4386,0.021192634478211403,False,True,0.0,test
coco:824:15:2469,coco,824,2008_003186.jpg,15,person,person,False,2,0,0.3488103449344635,118.7283,90.6948,308.1319,281.1913,0.9490168690681458,True,False,9.972762645914397,test
coco:824:15:2469,coco,824,2008_003186.jpg,15,person,person,False,2,1,0.3308487832546234,249.1444,84.859,496.9009,317.7756,0.9691147804260254,True,False,9.972762645914397,test
coco:824:15:2469,coco,824,2008_003186.jpg,15,person,person,False,2,2,0.25371837615966797,-0.1163,228.8346,35.9695,319.1215,0.0,False,True,9.972762645914397,test
coco:824:15:2469,coco,824,2008_003186.jpg,15,person,person,False,2,3,0.1704314649105072,117.9719,83.6349,496.996,315.2636,0.644043505191803,True,False,0.0,test
coco:826:1:2475,coco,826,2008_003189.jpg,1,aeroplane,aeroplane,False,1,0,0.5498253107070923,5.8323,80.3638,470.9459,288.8215,0.9558162689208984,True,False,9.972762645914397,test
coco:826:1:2475,coco,826,2008_003189.jpg,1,aeroplane,aeroplane,False,1,1,0.31769484281539917,395.6066,14.2357,501.0285,105.7403,0.015477897599339485,False,True,9.972762645914397,test
coco:826:1:2475,coco,826,2008_003189.jpg,1,aeroplane,aeroplane,False,1,2,0.3064379096031189,398.9377,12.2934,501.0282,172.6287,0.061578284949064255,False,True,9.972762645914397,test
coco:826:1:2475,coco,826,2008_003189.jpg,1,aeroplane,aeroplane,False,1,3,0.18103846907615662,471.1549,114.8398,500.2493,168.8929,0.0015621373895555735,False,True,0.0,test
coco:826:1:2475,coco,826,2008_003189.jpg,1,aeroplane,aeroplane,False,1,4,0.16666074097156525,418.8003,154.7236,439.1577,160.725,0.001259176409803331,False,True,0.0,test
coco:826:1:2475,coco,826,2008_003189.jpg,1,aeroplane,aeroplane,False,1,5,0.1527741700410843,482.7556,88.7935,499.3833,101.623,0.0,False,True,0.0,test
coco:826:1:2475,coco,826,2008_003189.jpg,1,aeroplane,aeroplane,False,1,6,0.11496715992689133,3.7004,195.5987,499.4016,374.8537,0.3181713819503784,False,True,0.0,test
coco:826:1:2475,coco,826,2008_003189.jpg,1,aeroplane,aeroplane,False,1,7,0.1142074316740036,287.3971,127.559,437.0433,166.3095,0.05976610630750656,False,True,0.0,test
coco:826:1:2475,coco,826,2008_003189.jpg,1,aeroplane,aeroplane,False,1,8,0.11113765835762024,12.718,259.0567,427.6829,371.6436,0.10158120095729828,False,True,0.0,test
coco:826:1:2475,coco,826,2008_003189.jpg,1,aeroplane,aeroplane,False,1,9,0.10782883316278458,23.745,231.8273,418.0485,305.8905,0.22675034403800964,False,True,0.0,test
coco:826:1:2475,coco,826,2008_003189.jpg,1,aeroplane,aeroplane,False,1,10,0.09039667248725891,396.1172,15.9858,446.0552,102.5409,0.00871838629245758,False,True,0.0,test
coco:826:1:2475,coco,826,2008_003189.jpg,1,aeroplane,aeroplane,False,1,11,0.08932463824748993,446.4098,83.3706,500.4026,101.8199,0.004756791051477194,False,True,0.0,test
coco:826:1:2475,coco,826,2008_003189.jpg,1,aeroplane,aeroplane,False,1,12,0.08856243640184402,287.3324,134.4258,316.675,155.8236,0.006471128202974796,False,True,0.0,test
coco:826:1:2475,coco,826,2008_003189.jpg,1,aeroplane,aeroplane,False,1,13,0.08101131021976471,4.2939,-1.5101,497.6798,370.1548,0.5268951058387756,True,False,0.0,test
coco:826:1:2475,coco,826,2008_003189.jpg,1,aeroplane,aeroplane,False,1,14,0.07041198015213013,149.075,236.1871,405.6731,299.0324,0.1419445127248764,False,True,0.0,test
coco:826:1:2475,coco,826,2008_003189.jpg,1,aeroplane,aeroplane,False,1,15,0.06486000120639801,389.3428,103.2681,432.4122,195.6432,0.04100490361452103,False,True,0.0,test
coco:826:1:2475,coco,826,2008_003189.jpg,1,aeroplane,aeroplane,False,1,16,0.05883237347006798,420.4691,3.9057,494.4142,30.3011,0.0,False,True,0.0,test
coco:826:1:2475,coco,826,2008_003189.jpg,1,aeroplane,aeroplane,False,1,17,0.05568885803222656,427.5002,267.1716,497.9845,374.0548,0.010710475035011768,False,True,0.0,test
coco:826:1:2475,coco,826,2008_003189.jpg,1,aeroplane,aeroplane,False,1,18,0.05515541508793831,474.9083,115.4676,499.6192,149.4162,0.0,False,True,0.0,test
coco:826:1:2475,coco,826,2008_003189.jpg,1,aeroplane,aeroplane,False,1,19,0.05471596494317055,261.1366,257.4741,501.1664,375.6914,0.06034259870648384,False,True,0.0,test
coco:826:1:2475,coco,826,2008_003189.jpg,1,aeroplane,aeroplane,False,1,20,0.054153285920619965,416.2096,152.6503,437.4606,170.0708,0.003815513104200363,False,True,0.0,test
coco:826:1:2475,coco,826,2008_003189.jpg,1,aeroplane,aeroplane,False,1,21,0.054040566086769104,451.5438,326.3594,495.3152,373.7549,0.0,False,True,0.0,test
coco:827:15:2478,coco,827,2008_003193.jpg,15,person,person,False,2,0,0.19560915231704712,20.2435,99.9329,179.9155,307.9262,0.9118144512176514,True,False,0.0,test
coco:827:15:2478,coco,827,2008_003193.jpg,15,person,person,False,2,1,0.18591941893100739,0.3462,0.5133,104.1008,239.9552,0.9675881266593933,True,False,0.0,test
coco:827:15:2478,coco,827,2008_003193.jpg,15,person,person,False,2,2,0.10190775990486145,73.3653,98.9512,177.3795,248.4221,0.49065569043159485,False,True,0.0,test
coco:828:20:2481,coco,828,2008_003202.jpg,20,tvmonitor,tvmonitor,False,1,0,0.3580183684825897,456.2486,108.811,498.1868,155.4593,0.9519706964492798,True,False,9.972762645914397,test
coco:828:20:2481,coco,828,2008_003202.jpg,20,tvmonitor,tvmonitor,False,1,1,0.07832139730453491,235.1159,95.9904,253.2733,111.7552,0.0,False,True,0.0,test
coco:828:20:2481,coco,828,2008_003202.jpg,20,tvmonitor,tvmonitor,False,1,2,0.06946703791618347,458.6223,112.0347,494.0678,149.6398,0.6595390439033508,True,False,0.0,test
coco:828:20:2481,coco,828,2008_003202.jpg,20,tvmonitor,tvmonitor,False,1,3,0.058151062577962875,85.1596,95.392,95.7249,104.6648,0.0,False,True,0.0,test
coco:828:20:2481,coco,828,2008_003202.jpg,20,tvmonitor,tvmonitor,False,1,4,0.056653037667274475,99.2112,74.9093,127.7543,86.5627,0.0,False,True,0.0,test
coco:828:1:2483,coco,828,2008_003202.jpg,1,aeroplane,aeroplane,True,0,0,0.07825343310832977,225.0947,130.9838,426.0847,238.452,0.0,False,True,0.0,test
coco:830:15:2487,coco,830,2008_003210.jpg,15,person,person,False,2,0,0.2212502658367157,6.5275,3.6711,351.5806,497.4572,0.8345764875411987,True,False,0.0,test
coco:830:15:2487,coco,830,2008_003210.jpg,15,person,person,False,2,1,0.11843159049749374,158.3844,241.837,356.562,413.2838,0.9320667386054993,True,False,0.0,test
coco:832:15:2493,coco,832,2008_003220.jpg,15,person,person,False,1,0,0.2910914123058319,124.6784,195.065,268.7651,484.7989,0.9580414891242981,True,False,9.972762645914397,test
coco:832:15:2493,coco,832,2008_003220.jpg,15,person,person,False,1,1,0.06694725900888443,30.9406,446.9361,52.6073,477.1058,0.0,False,True,0.0,test
coco:832:15:2493,coco,832,2008_003220.jpg,15,person,person,False,1,2,0.06455247849225998,24.2634,359.1443,72.1008,421.2747,0.0,False,True,0.0,test
coco:832:15:2493,coco,832,2008_003220.jpg,15,person,person,False,1,3,0.05551787465810776,49.2943,423.0565,81.9257,477.484,0.0,False,True,0.0,test
coco:833:3:2496,coco,833,2008_003222.jpg,3,bird,bird,False,1,0,0.6371810436248779,181.6523,77.6309,422.7009,354.2539,0.9833039045333862,True,False,9.972762645914397,test
coco:833:3:2496,coco,833,2008_003222.jpg,3,bird,bird,False,1,1,0.06990092247724533,256.2649,23.3964,479.2695,161.1314,0.1623178869485855,False,True,0.0,test
coco:833:3:2496,coco,833,2008_003222.jpg,3,bird,bird,False,1,2,0.05285162478685379,381.7792,43.361,471.1931,157.2884,0.04266994446516037,False,True,0.0,test
coco:835:8:2502,coco,835,2008_003228.jpg,8,cat,cat,False,1,0,0.5684888362884521,0.5926,177.414,41.6128,319.9512,0.9654687643051147,True,False,9.972762645914397,test
coco:835:8:2502,coco,835,2008_003228.jpg,8,cat,cat,False,1,1,0.0775904655456543,480.2615,235.0427,499.6887,275.5956,0.0,False,True,0.0,test
coco:836:3:2505,coco,836,2008_003232.jpg,3,bird,bird,False,1,0,0.6841509938240051,197.3724,92.4024,469.2701,409.6378,0.975612461566925,True,False,9.972762645914397,test
coco:837:15:2508,coco,837,2008_003238.jpg,15,person,person,False,1,0,0.05049153417348862,1.2272,160.8448,155.453,496.7076,0.9686528444290161,True,False,0.0,test
coco:839:15:2514,coco,839,2008_003245.jpg,15,person,person,False,2,0,0.21062465012073517,180.743,15.4282,399.6932,359.3638,0.9471420645713806,True,False,0.0,test
coco:839:15:2514,coco,839,2008_003245.jpg,15,person,person,False,2,1,0.1772369146347046,366.8767,0.0668,454.133,45.0557,0.011317288503050804,False,True,0.0,test
coco:839:15:2514,coco,839,2008_003245.jpg,15,person,person,False,2,2,0.17523089051246643,402.0801,-0.5867,499.7204,138.8216,0.0,False,True,0.0,test
coco:839:15:2514,coco,839,2008_003245.jpg,15,person,person,False,2,3,0.1570010632276535,2.1581,169.152,320.3994,374.9209,0.8969854116439819,True,False,0.0,test
coco:844:2:2529,coco,844,2008_003270.jpg,2,bicycle,bicycle,False,1,0,0.658797562122345,-5.7063,37.7253,484.5278,354.149,0.9490938782691956,True,False,9.972762645914397,test
coco:844:2:2529,coco,844,2008_003270.jpg,2,bicycle,bicycle,False,1,1,0.06157610937952995,0.7027,132.9618,189.0097,354.8174,0.26208627223968506,False,True,0.0,test
coco:844:2:2529,coco,844,2008_003270.jpg,2,bicycle,bicycle,False,1,2,0.05035306513309479,182.6591,40.1751,485.3049,338.1029,0.5667862296104431,True,False,0.0,test
coco:845:18:2532,coco,845,2008_003271.jpg,18,sofa,sofa,False,1,0,0.46363046765327454,10.873,37.7544,493.3284,374.3098,0.9308196306228638,True,False,9.972762645914397,test
coco:845:18:2532,coco,845,2008_003271.jpg,18,sofa,sofa,False,1,1,0.2654469609260559,365.0919,29.783,499.1746,114.2407,0.056063830852508545,False,True,9.972762645914397,test
coco:845:18:2532,coco,845,2008_003271.jpg,18,sofa,sofa,False,1,2,0.22356016933918,367.4168,31.1854,500.2656,86.2805,0.03207724913954735,False,True,0.0,test
coco:845:18:2532,coco,845,2008_003271.jpg,18,sofa,sofa,False,1,3,0.21885086596012115,299.0605,33.6008,496.9337,354.1431,0.3814026415348053,False,True,0.0,test
coco:845:18:2532,coco,845,2008_003271.jpg,18,sofa,sofa,False,1,4,0.18000827729701996,430.5769,56.1173,500.8995,110.5926,0.024238232523202896,False,True,0.0,test
coco:845:18:2532,coco,845,2008_003271.jpg,18,sofa,sofa,False,1,5,0.11932741105556488,344.1854,68.3148,500.0371,351.6455,0.2830130159854889,False,True,0.0,test
coco:845:18:2532,coco,845,2008_003271.jpg,18,sofa,sofa,False,1,6,0.09617701172828674,295.4291,34.2989,500.7598,156.8141,0.14011140167713165,False,True,0.0,test
coco:845:18:2532,coco,845,2008_003271.jpg,18,sofa,sofa,False,1,7,0.08401453495025635,294.0272,48.1133,387.0814,149.7777,0.060651082545518875,False,True,0.0,test
coco:845:18:2532,coco,845,2008_003271.jpg,18,sofa,sofa,False,1,8,0.07616712898015976,31.3001,46.8062,392.9375,215.5091,0.38729792833328247,False,True,0.0,test
coco:845:18:2532,coco,845,2008_003271.jpg,18,sofa,sofa,False,1,9,0.07580041140317917,24.9856,50.4566,391.5485,358.83,0.7247017025947571,True,False,0.0,test
coco:845:18:2532,coco,845,2008_003271.jpg,18,sofa,sofa,False,1,10,0.07213838398456573,25.4568,158.3714,497.6973,375.2181,0.6554298400878906,True,False,0.0,test
coco:845:18:2532,coco,845,2008_003271.jpg,18,sofa,sofa,False,1,11,0.06650878489017487,360.8207,43.8838,486.0157,64.0275,0.01282194722443819,False,True,0.0,test
coco:845:18:2532,coco,845,2008_003271.jpg,18,sofa,sofa,False,1,12,0.0644836351275444,110.3012,0.9868,462.9447,73.6384,0.052395161241292953,False,True,0.0,test
coco:847:20:2538,coco,847,2008_003280.jpg,20,tvmonitor,tvmonitor,False,2,0,0.40075621008872986,121.6934,172.9807,139.1609,209.5795,0.0,False,True,9.972762645914397,test
coco:847:20:2538,coco,847,2008_003280.jpg,20,tvmonitor,tvmonitor,False,2,1,0.29403024911880493,234.9436,179.0098,308.7098,277.9736,0.4623090624809265,False,True,9.972762645914397,test
coco:847:20:2538,coco,847,2008_003280.jpg,20,tvmonitor,tvmonitor,False,2,2,0.24640454351902008,235.9072,180.6023,275.5339,268.7453,0.8323297500610352,True,False,9.972762645914397,test
coco:847:20:2538,coco,847,2008_003280.jpg,20,tvmonitor,tvmonitor,False,2,3,0.20818454027175903,274.6662,182.0177,305.7684,274.0084,0.8612851500511169,True,False,0.0,test
coco:847:20:2538,coco,847,2008_003280.jpg,20,tvmonitor,tvmonitor,False,2,4,0.1895759254693985,81.1811,393.3449,373.4193,497.6559,0.0,False,True,0.0,test
coco:847:20:2538,coco,847,2008_003280.jpg,20,tvmonitor,tvmonitor,False,2,5,0.18484926223754883,121.2237,168.7555,155.7074,215.9129,0.0,False,True,0.0,test
coco:847:20:2538,coco,847,2008_003280.jpg,20,tvmonitor,tvmonitor,False,2,6,0.10053867101669312,147.0262,182.8653,156.6474,191.9643,0.0,False,True,0.0,test
coco:847:20:2538,coco,847,2008_003280.jpg,20,tvmonitor,tvmonitor,False,2,7,0.07214255630970001,171.676,200.6485,192.7157,233.9771,0.0,False,True,0.0,test
coco:847:20:2538,coco,847,2008_003280.jpg,20,tvmonitor,tvmonitor,False,2,8,0.06651328504085541,293.4637,407.6798,371.9074,497.1029,0.0,False,True,0.0,test
coco:847:20:2538,coco,847,2008_003280.jpg,20,tvmonitor,tvmonitor,False,2,9,0.0659332126379013,73.4845,200.1663,92.6876,225.4793,0.0,False,True,0.0,test
coco:847:20:2538,coco,847,2008_003280.jpg,20,tvmonitor,tvmonitor,False,2,10,0.05427028238773346,141.6581,174.9837,146.1748,191.8971,0.0,False,True,0.0,test
coco:848:12:2541,coco,848,2008_003286.jpg,12,dog,dog,False,1,0,0.6372995376586914,234.8509,167.9615,496.5904,311.5738,0.92363041639328,True,False,9.972762645914397,test
coco:848:12:2541,coco,848,2008_003286.jpg,12,dog,dog,False,1,1,0.15779806673526764,73.533,332.8986,202.0015,374.4456,0.0,False,True,0.0,test
coco:848:12:2541,coco,848,2008_003286.jpg,12,dog,dog,False,1,2,0.0912305936217308,231.44,203.7741,330.0845,308.1247,0.25776416063308716,False,True,0.0,test
coco:849:15:2544,coco,849,2008_003289.jpg,15,person,person,False,1,0,0.20322535932064056,260.5721,111.3247,448.2428,332.0443,0.9512614011764526,True,False,0.0,test
coco:850:3:2547,coco,850,2008_003291.jpg,3,bird,bird,False,1,0,0.8542545437812805,67.6769,75.2901,387.8028,406.4062,0.9353444576263428,True,False,9.972762645914397,test
coco:852:7:2553,coco,852,2008_003300.jpg,7,car,car,False,1,0,0.3774035573005676,4.3096,5.939,499.8169,453.641,0.9770732522010803,True,False,9.972762645914397,test
coco:852:7:2553,coco,852,2008_003300.jpg,7,car,car,False,1,1,0.053876299411058426,28.5218,80.8074,226.9386,203.7746,0.10746221244335175,False,True,0.0,test
coco:853:15:2556,coco,853,2008_003305.jpg,15,person,person,False,2,0,0.22634218633174896,70.652,30.7684,413.1492,371.9951,0.6298192143440247,True,False,9.972762645914397,test
coco:853:15:2556,coco,853,2008_003305.jpg,15,person,person,False,2,1,0.22618108987808228,239.6269,89.007,445.7773,376.8782,0.9409959316253662,True,False,9.972762645914397,test
coco:853:15:2556,coco,853,2008_003305.jpg,15,person,person,False,2,2,0.062314171344041824,69.7485,33.8945,268.9319,374.8447,0.8235450983047485,True,False,0.0,test
coco:854:15:2559,coco,854,2008_003316.jpg,15,person,person,False,2,0,0.2583681046962738,202.2382,102.0747,289.9694,211.9745,0.942529022693634,True,False,9.972762645914397,test
coco:854:15:2559,coco,854,2008_003316.jpg,15,person,person,False,2,1,0.2529638111591339,340.5377,160.9069,373.855,219.2729,0.8476917147636414,True,False,9.972762645914397,test
coco:854:15:2559,coco,854,2008_003316.jpg,15,person,person,False,2,2,0.14379309117794037,199.211,99.6544,293.1266,354.904,0.4195322096347809,False,True,0.0,test
coco:854:15:2559,coco,854,2008_003316.jpg,15,person,person,False,2,3,0.08745652437210083,60.6926,116.1624,88.2367,188.295,0.0,False,True,0.0,test
coco:854:15:2559,coco,854,2008_003316.jpg,15,person,person,False,2,4,0.07945816218852997,47.5954,151.6276,71.0765,190.3863,0.0,False,True,0.0,test
coco:854:15:2559,coco,854,2008_003316.jpg,15,person,person,False,2,5,0.07608529925346375,323.9001,161.4408,371.5351,346.7679,0.22338740527629852,False,True,0.0,test
coco:854:15:2559,coco,854,2008_003316.jpg,15,person,person,False,2,6,0.06645969301462173,11.5491,125.591,72.9375,196.5019,0.0,False,True,0.0,test
coco:855:16:2562,coco,855,2008_003320.jpg,16,pottedplant,pottedplant,False,2,0,0.16362103819847107,75.4755,155.9238,139.0748,270.8884,0.861028254032135,True,False,0.0,test
coco:855:16:2562,coco,855,2008_003320.jpg,16,pottedplant,pottedplant,False,2,1,0.16217783093452454,426.2789,165.1038,498.5518,269.4306,0.8937873840332031,True,False,0.0,test
coco:855:16:2562,coco,855,2008_003320.jpg,16,pottedplant,pottedplant,False,2,2,0.12226466834545135,189.9655,168.7376,240.9845,276.1129,0.0,False,True,0.0,test
coco:855:16:2562,coco,855,2008_003320.jpg,16,pottedplant,pottedplant,False,2,3,0.11612829566001892,311.7466,162.5585,366.744,269.7737,0.0,False,True,0.0,test
coco:855:16:2562,coco,855,2008_003320.jpg,16,pottedplant,pottedplant,False,2,4,0.109562449157238,435.1438,164.2797,494.7967,227.5494,0.4473942518234253,False,True,0.0,test
coco:855:16:2562,coco,855,2008_003320.jpg,16,pottedplant,pottedplant,False,2,5,0.10582276433706284,189.5878,225.2656,237.8604,276.9764,0.0,False,True,0.0,test
coco:855:16:2562,coco,855,2008_003320.jpg,16,pottedplant,pottedplant,False,2,6,0.09942490607500076,318.8815,165.801,362.8281,210.169,0.0,False,True,0.0,test
coco:855:16:2562,coco,855,2008_003320.jpg,16,pottedplant,pottedplant,False,2,7,0.08435477316379547,82.71,155.9198,137.4529,227.316,0.5131880044937134,True,False,0.0,test
coco:855:16:2562,coco,855,2008_003320.jpg,16,pottedplant,pottedplant,False,2,8,0.07777998596429825,306.8589,244.5895,360.0271,275.368,0.0,False,True,0.0,test
coco:855:16:2562,coco,855,2008_003320.jpg,16,pottedplant,pottedplant,False,2,9,0.0773821547627449,76.8485,220.6739,135.0147,270.5101,0.3614497780799866,False,True,0.0,test
coco:855:16:2562,coco,855,2008_003320.jpg,16,pottedplant,pottedplant,False,2,10,0.07013856619596481,66.5621,137.4348,105.6305,173.2739,0.057054124772548676,False,True,0.0,test
coco:855:16:2562,coco,855,2008_003320.jpg,16,pottedplant,pottedplant,False,2,11,0.06980197131633759,426.5066,217.1198,499.9831,271.5439,0.47402745485305786,False,True,0.0,test
coco:855:16:2562,coco,855,2008_003320.jpg,16,pottedplant,pottedplant,False,2,12,0.06519879400730133,218.5565,166.4639,247.867,204.131,0.0,False,True,0.0,test
coco:855:16:2562,coco,855,2008_003320.jpg,16,pottedplant,pottedplant,False,2,13,0.05340859666466713,319.2298,147.3621,366.3641,208.1318,0.0,False,True,0.0,test
coco:855:16:2562,coco,855,2008_003320.jpg,16,pottedplant,pottedplant,False,2,14,0.05047592148184776,32.5614,209.6269,61.3675,231.4798,0.0,False,True,0.0,test
coco:855:6:2563,coco,855,2008_003320.jpg,6,bus,bus,True,0,0,0.09614565968513489,181.073,56.5719,216.0819,78.1034,0.0,False,True,0.0,test
coco:856:13:2565,coco,856,2008_003326.jpg,13,horse,horse,False,1,0,0.8691381812095642,0.8023,1.4069,307.6962,454.1602,0.9936415553092957,True,False,9.972762645914397,test
coco:858:12:2571,coco,858,2008_003331.jpg,12,dog,dog,False,1,0,0.6441016793251038,105.0397,208.1016,265.1181,302.5505,0.8476803302764893,True,False,9.972762645914397,test
coco:858:12:2571,coco,858,2008_003331.jpg,12,dog,dog,False,1,1,0.07193577289581299,167.3296,280.4976,268.6789,302.8743,0.1233750730752945,False,True,0.0,test
coco:861:15:2580,coco,861,2008_003336.jpg,15,person,person,False,2,0,0.3160708546638489,1.3304,199.1257,135.7144,374.1768,0.9786384701728821,True,False,9.972762645914397,test
coco:861:15:2580,coco,861,2008_003336.jpg,15,person,person,False,2,1,0.3041241466999054,116.3197,247.8985,260.4437,375.3,0.9087938666343689,True,False,9.972762645914397,test
coco:861:15:2580,coco,861,2008_003336.jpg,15,person,person,False,2,2,0.052134670317173004,27.0537,200.0874,106.4939,281.9357,0.27319496870040894,False,True,0.0,test
coco:862:8:2583,coco,862,2008_003343.jpg,8,cat,cat,False,1,0,0.8081867098808289,64.9312,0.1393,470.3593,322.043,0.9190434217453003,True,False,9.972762645914397,test
coco:862:8:2583,coco,862,2008_003343.jpg,8,cat,cat,False,1,1,0.11528786271810532,74.864,208.4595,481.1183,375.805,0.28281256556510925,False,True,0.0,test
coco:862:8:2583,coco,862,2008_003343.jpg,8,cat,cat,False,1,2,0.07853098958730698,93.3291,204.2834,399.8299,351.2255,0.2402183562517166,False,True,0.0,test
coco:862:8:2583,coco,862,2008_003343.jpg,8,cat,cat,False,1,3,0.05375468730926514,64.5652,266.6902,476.4649,374.6035,0.1398470103740692,False,True,0.0,test
coco:864:20:2589,coco,864,2008_003348.jpg,20,tvmonitor,tvmonitor,False,1,0,0.3938448131084442,202.8512,116.7404,294.9416,211.0652,0.9194720983505249,True,False,9.972762645914397,test
coco:864:20:2589,coco,864,2008_003348.jpg,20,tvmonitor,tvmonitor,False,1,1,0.10524661093950272,44.7929,154.0761,89.7008,212.7181,0.0,False,True,0.0,test
coco:864:20:2589,coco,864,2008_003348.jpg,20,tvmonitor,tvmonitor,False,1,2,0.062397900968790054,210.0729,124.8306,287.3467,196.8387,0.6171630620956421,True,False,0.0,test
coco:864:20:2589,coco,864,2008_003348.jpg,20,tvmonitor,tvmonitor,False,1,3,0.061399176716804504,481.5014,216.6556,500.1153,298.988,0.0,False,True,0.0,test
coco:864:20:2589,coco,864,2008_003348.jpg,20,tvmonitor,tvmonitor,False,1,4,0.052099406719207764,261.7513,68.1207,292.8824,121.2412,0.012529609724879265,False,True,0.0,test
coco:864:20:2589,coco,864,2008_003348.jpg,20,tvmonitor,tvmonitor,False,1,5,0.051791172474622726,47.515,169.9323,78.7784,185.1641,0.0,False,True,0.0,test
coco:865:7:2592,coco,865,2008_003350.jpg,7,car,car,False,2,0,0.4519665837287903,145.7016,137.5029,158.2928,145.3599,0.0,False,True,9.972762645914397,test
coco:865:7:2592,coco,865,2008_003350.jpg,7,car,car,False,2,1,0.4290517568588257,161.4699,133.9503,199.2655,161.9023,0.8803843259811401,True,False,9.972762645914397,test
coco:865:7:2592,coco,865,2008_003350.jpg,7,car,car,False,2,2,0.42166128754615784,107.6327,136.6372,117.3541,142.5387,0.0,False,True,9.972762645914397,test
coco:865:7:2592,coco,865,2008_003350.jpg,7,car,car,False,2,3,0.41410550475120544,202.7114,136.8977,209.2158,141.1369,0.0,False,True,9.972762645914397,test
coco:865:7:2592,coco,865,2008_003350.jpg,7,car,car,False,2,4,0.37014636397361755,62.9391,137.9651,87.2154,151.3945,0.8319602608680725,True,False,9.972762645914397,test
coco:865:7:2592,coco,865,2008_003350.jpg,7,car,car,False,2,5,0.34080812335014343,218.5511,136.6517,223.9253,140.1606,0.0,False,True,9.972762645914397,test
coco:865:7:2592,coco,865,2008_003350.jpg,7,car,car,False,2,6,0.2998824417591095,254.3458,132.7042,258.0601,136.015,0.0,False,True,9.972762645914397,test
coco:865:7:2592,coco,865,2008_003350.jpg,7,car,car,False,2,7,0.21265529096126556,215.4226,134.5009,219.4502,137.5961,0.0,False,True,0.0,test
coco:865:7:2592,coco,865,2008_003350.jpg,7,car,car,False,2,8,0.20253944396972656,215.6142,133.9039,220.1193,137.4573,0.0,False,True,0.0,test
coco:865:7:2592,coco,865,2008_003350.jpg,7,car,car,False,2,9,0.1978633552789688,194.0615,135.61,199.2178,142.1882,0.02826591208577156,False,True,0.0,test
coco:865:7:2592,coco,865,2008_003350.jpg,7,car,car,False,2,10,0.16758151352405548,240.5583,133.0016,251.9738,142.4862,0.0,False,True,0.0,test
coco:865:7:2592,coco,865,2008_003350.jpg,7,car,car,False,2,11,0.15988677740097046,249.3956,132.2854,252.7773,135.2905,0.0,False,True,0.0,test
coco:865:7:2592,coco,865,2008_003350.jpg,7,car,car,False,2,12,0.15141518414020538,250.5386,132.5912,257.7988,136.8011,0.0,False,True,0.0,test
coco:865:7:2592,coco,865,2008_003350.jpg,7,car,car,False,2,13,0.1405738741159439,160.166,141.4133,164.3734,146.1708,0.016680549830198288,False,True,0.0,test
coco:865:7:2592,coco,865,2008_003350.jpg,7,car,car,False,2,14,0.12582515180110931,231.979,135.3643,242.2074,146.6783,0.0,False,True,0.0,test
coco:865:7:2592,coco,865,2008_003350.jpg,7,car,car,False,2,15,0.11404797434806824,178.9689,132.9151,198.1931,143.0179,0.16027075052261353,False,True,0.0,test
coco:865:7:2592,coco,865,2008_003350.jpg,7,car,car,False,2,16,0.10108143091201782,207.5303,136.3931,215.2865,140.7239,0.0,False,True,0.0,test
coco:865:7:2592,coco,865,2008_003350.jpg,7,car,car,False,2,17,0.09611288458108902,77.5745,140.5699,86.8879,149.6875,0.2177315205335617,False,True,0.0,test
coco:865:7:2592,coco,865,2008_003350.jpg,7,car,car,False,2,18,0.09184006601572037,145.6209,138.8217,154.2387,145.3183,0.0,False,True,0.0,test
coco:865:7:2592,coco,865,2008_003350.jpg,7,car,car,False,2,19,0.06961731612682343,154.3879,140.2203,157.979,145.3336,0.0,False,True,0.0,test
coco:865:7:2592,coco,865,2008_003350.jpg,7,car,car,False,2,20,0.0690087154507637,231.762,134.7992,236.9163,142.7734,0.0,False,True,0.0,test
coco:865:7:2592,coco,865,2008_003350.jpg,7,car,car,False,2,21,0.06829486787319183,417.6413,129.0765,426.1903,133.0063,0.0,False,True,0.0,test
coco:865:7:2592,coco,865,2008_003350.jpg,7,car,car,False,2,22,0.06713741272687912,218.4256,132.5188,256.421,144.2198,0.0,False,True,0.0,test
coco:865:7:2592,coco,865,2008_003350.jpg,7,car,car,False,2,23,0.06291081011295319,190.6996,138.0515,198.0443,145.2822,0.04425625130534172,False,True,0.0,test
coco:865:7:2592,coco,865,2008_003350.jpg,7,car,car,False,2,24,0.06160227954387665,114.0991,138.0752,117.3115,142.1861,0.0,False,True,0.0,test
coco:865:7:2592,coco,865,2008_003350.jpg,7,car,car,False,2,25,0.05883645638823509,244.1839,132.8479,259.9985,142.5721,0.0,False,True,0.0,test
coco:865:6:2594,coco,865,2008_003350.jpg,6,bus,bus,True,0,0,0.06197879835963249,254.3458,132.7042,258.0601,136.015,0.0,False,True,0.0,test
coco:865:6:2594,coco,865,2008_003350.jpg,6,bus,bus,True,0,1,0.06082272529602051,249.3956,132.2854,252.7773,135.2905,0.0,False,True,0.0,test
coco:867:15:2598,coco,867,2008_003359.jpg,15,person,person,False,1,0,0.24092324078083038,109.534,98.1393,262.9247,375.2117,0.960309624671936,True,False,9.972762645914397,test
coco:868:15:2601,coco,868,2008_003361.jpg,15,person,person,False,2,0,0.2155037224292755,80.8402,100.8801,223.2239,375.0999,0.9626078009605408,True,False,0.0,test
coco:868:15:2601,coco,868,2008_003361.jpg,15,person,person,False,2,1,0.20532548427581787,273.5386,71.366,488.4694,375.6825,0.975212037563324,True,False,0.0,test
coco:868:2:2602,coco,868,2008_003361.jpg,2,bicycle,bicycle,True,0,0,0.06652794033288956,425.3095,280.429,451.9483,363.9274,0.0,False,True,0.0,test
coco:870:12:2607,coco,870,2008_003374.jpg,12,dog,dog,False,2,0,0.6863664388656616,7.0759,22.5264,101.1692,84.3481,0.9673652052879333,True,False,9.972762645914397,test
coco:870:12:2607,coco,870,2008_003374.jpg,12,dog,dog,False,2,1,0.580748975276947,364.1062,2.43,377.0363,33.9488,0.7949866056442261,True,False,9.972762645914397,test
coco:871:15:2610,coco,871,2008_003379.jpg,15,person,person,False,1,0,0.3068683445453644,190.4926,34.5377,263.6509,186.5936,0.9569154977798462,True,False,9.972762645914397,test
coco:873:15:2616,coco,873,2008_003384.jpg,15,person,person,False,1,0,0.35534361004829407,44.9325,34.9792,312.5667,504.3054,0.9708961248397827,True,False,9.972762645914397,test
coco:874:5:2620,coco,874,2008_003395.jpg,5,bottle,bottle,True,0,0,0.4348898231983185,171.108,418.2495,186.5267,441.0651,0.0,False,True,9.972762645914397,test
coco:874:5:2620,coco,874,2008_003395.jpg,5,bottle,bottle,True,0,1,0.14212483167648315,181.9877,434.0252,191.8162,448.8717,0.0,False,True,0.0,test
coco:874:5:2620,coco,874,2008_003395.jpg,5,bottle,bottle,True,0,2,0.0659162849187851,181.9821,430.4003,191.595,446.9166,0.0,False,True,0.0,test
coco:874:5:2620,coco,874,2008_003395.jpg,5,bottle,bottle,True,0,3,0.06198592483997345,217.8359,434.0814,235.3612,456.9735,0.0,False,True,0.0,test
coco:874:5:2620,coco,874,2008_003395.jpg,5,bottle,bottle,True,0,4,0.06088317930698395,153.4487,406.7747,182.0674,441.9139,0.0,False,True,0.0,test
coco:874:5:2620,coco,874,2008_003395.jpg,5,bottle,bottle,True,0,5,0.05141429975628853,151.7732,408.0096,160.5154,418.6702,0.0,False,True,0.0,test
coco:876:6:2627,coco,876,2008_003405.jpg,6,bus,bus,True,0,0,0.06925836205482483,399.2765,98.5712,498.9983,124.7722,0.0,False,True,0.0,test
coco:877:9:2628,coco,877,2008_003407.jpg,9,chair,chair,False,1,0,0.36235135793685913,4.2691,184.3349,87.7986,292.4872,0.864296019077301,True,False,9.972762645914397,test
coco:877:9:2628,coco,877,2008_003407.jpg,9,chair,chair,False,1,1,0.18974153697490692,312.7512,223.9083,384.0393,292.9829,0.0,False,True,0.0,test
coco:877:9:2628,coco,877,2008_003407.jpg,9,chair,chair,False,1,2,0.18342001736164093,187.7071,193.3174,252.6999,292.7754,0.0,False,True,0.0,test
coco:877:9:2628,coco,877,2008_003407.jpg,9,chair,chair,False,1,3,0.1780291199684143,308.3133,200.1437,323.5905,234.4899,0.0,False,True,0.0,test
coco:877:9:2628,coco,877,2008_003407.jpg,9,chair,chair,False,1,4,0.170071542263031,416.2955,243.2413,500.3618,292.8941,0.0,False,True,0.0,test
coco:877:9:2628,coco,877,2008_003407.jpg,9,chair,chair,False,1,5,0.15515168011188507,186.0256,223.8263,233.4111,292.9461,0.0,False,True,0.0,test
coco:877:9:2628,coco,877,2008_003407.jpg,9,chair,chair,False,1,6,0.13680993020534515,415.1151,244.0431,464.6932,294.0843,0.0,False,True,0.0,test
coco:877:9:2628,coco,877,2008_003407.jpg,9,chair,chair,False,1,7,0.12645067274570465,401.4507,209.2624,424.3882,239.1525,0.0,False,True,0.0,test
coco:877:9:2628,coco,877,2008_003407.jpg,9,chair,chair,False,1,8,0.10848898440599442,402.0595,210.0232,424.4574,219.2206,0.0,False,True,0.0,test
coco:877:9:2628,coco,877,2008_003407.jpg,9,chair,chair,False,1,9,0.0843336209654808,100.6156,230.8177,148.3564,292.4814,0.0,False,True,0.0,test
coco:877:9:2628,coco,877,2008_003407.jpg,9,chair,chair,False,1,10,0.08016938716173172,89.8987,189.7529,150.9271,291.3342,0.0006735005881637335,False,True,0.0,test
coco:877:9:2628,coco,877,2008_003407.jpg,9,chair,chair,False,1,11,0.06389526277780533,213.4085,191.9672,232.195,216.9277,0.0,False,True,0.0,test
coco:877:9:2628,coco,877,2008_003407.jpg,9,chair,chair,False,1,12,0.05965461954474449,214.1572,190.9686,252.4995,277.9435,0.0,False,True,0.0,test
coco:877:9:2628,coco,877,2008_003407.jpg,9,chair,chair,False,1,13,0.05782116577029228,2.1436,184.9598,147.9291,292.8783,0.5225323438644409,True,False,0.0,test
coco:877:9:2628,coco,877,2008_003407.jpg,9,chair,chair,False,1,14,0.05534842237830162,368.1462,255.0014,413.9611,292.0927,0.0,False,True,0.0,test
coco:877:9:2628,coco,877,2008_003407.jpg,9,chair,chair,False,1,15,0.05503722280263901,472.0705,245.3855,498.9469,293.101,0.0,False,True,0.0,test
coco:879:1:2634,coco,879,2008_003423.jpg,1,aeroplane,aeroplane,False,1,0,0.7066043615341187,0.7094,40.8899,495.7726,272.4592,0.9764928817749023,True,False,9.972762645914397,test
coco:880:15:2637,coco,880,2008_003424.jpg,15,person,person,False,3,0,0.25783026218414307,163.6189,44.1379,353.3361,334.046,0.8883621692657471,True,False,9.972762645914397,test
coco:880:15:2637,coco,880,2008_003424.jpg,15,person,person,False,3,1,0.2487214356660843,201.8432,0.831,496.4332,331.9521,0.5520864725112915,True,False,9.972762645914397,test
coco:880:15:2637,coco,880,2008_003424.jpg,15,person,person,False,3,2,0.1311718225479126,448.0642,0.3636,499.0546,330.9377,0.3902169167995453,False,True,0.0,test
coco:883:3:2646,coco,883,2008_003439.jpg,3,bird,bird,False,1,0,0.8714636564254761,145.8863,52.2529,274.4908,345.1477,0.9494293332099915,True,False,9.972762645914397,test
coco:884:9:2649,coco,884,2008_003442.jpg,9,chair,chair,False,1,0,0.2547166645526886,108.7009,241.9347,170.5808,352.9555,0.5981442332267761,True,False,9.972762645914397,test
coco:884:9:2649,coco,884,2008_003442.jpg,9,chair,chair,False,1,1,0.12345820665359497,151.308,232.4257,185.0541,334.8483,0.1590520441532135,False,True,0.0,test
coco:884:9:2649,coco,884,2008_003442.jpg,9,chair,chair,False,1,2,0.0540369488298893,20.3158,248.8132,75.0846,405.4036,0.0,False,True,0.0,test
coco:885:12:2652,coco,885,2008_003443.jpg,12,dog,dog,False,1,0,0.6601691246032715,2.8559,42.2632,498.0411,332.9442,0.989669144153595,True,False,9.972762645914397,test
coco:885:12:2652,coco,885,2008_003443.jpg,12,dog,dog,False,1,1,0.12624774873256683,361.5295,300.3986,499.3823,332.87,0.030932703986763954,False,True,0.0,test
coco:885:12:2652,coco,885,2008_003443.jpg,12,dog,dog,False,1,2,0.1054108664393425,237.2494,0.6714,499.1445,332.7358,0.4870506823062897,False,True,0.0,test
coco:885:12:2652,coco,885,2008_003443.jpg,12,dog,dog,False,1,3,0.06184428185224533,419.4053,61.0001,498.6475,199.9441,0.07608474791049957,False,True,0.0,test
coco:885:12:2652,coco,885,2008_003443.jpg,12,dog,dog,False,1,4,0.05183926969766617,0.1412,73.2897,298.8498,332.0436,0.5317643880844116,True,False,0.0,test
coco:886:4:2655,coco,886,2008_003449.jpg,4,boat,boat,False,6,0,0.5549944043159485,65.0335,116.0652,108.5467,135.0385,0.5068145394325256,True,False,9.972762645914397,test
coco:886:4:2655,coco,886,2008_003449.jpg,4,boat,boat,False,6,1,0.5378547310829163,75.747,5.1032,366.2244,243.1415,0.5771517157554626,True,False,9.972762645914397,test
coco:886:4:2655,coco,886,2008_003449.jpg,4,boat,boat,False,6,2,0.5210475325584412,387.2274,120.4045,424.3267,146.4859,0.04194151982665062,False,True,9.972762645914397,test
coco:886:4:2655,coco,886,2008_003449.jpg,4,boat,boat,False,6,3,0.5079910159111023,112.2958,203.9426,339.4551,374.1927,0.8791216015815735,True,False,9.972762645914397,test
coco:886:4:2655,coco,886,2008_003449.jpg,4,boat,boat,False,6,4,0.45489561557769775,423.6933,168.873,499.2732,256.1169,0.9193564653396606,True,False,9.972762645914397,test
coco:886:4:2655,coco,886,2008_003449.jpg,4,boat,boat,False,6,5,0.4301021695137024,340.2954,73.552,401.4124,143.9297,0.5827251076698303,True,False,9.972762645914397,test
coco:886:4:2655,coco,886,2008_003449.jpg,4,boat,boat,False,6,6,0.41266176104545593,161.3695,92.7526,188.1451,103.5119,0.004316725302487612,False,True,9.972762645914397,test
coco:886:4:2655,coco,886,2008_003449.jpg,4,boat,boat,False,6,7,0.3578280508518219,88.2647,91.8436,103.7279,104.3716,0.0026897622738033533,False,True,9.972762645914397,test
coco:886:4:2655,coco,886,2008_003449.jpg,4,boat,boat,False,6,8,0.341106653213501,132.6323,95.6179,150.3669,104.1458,0.0031444309279322624,False,True,9.972762645914397,test
coco:886:4:2655,coco,886,2008_003449.jpg,4,boat,boat,False,6,9,0.32864540815353394,477.5737,113.5992,498.5938,144.6669,0.0,False,True,9.972762645914397,test
coco:886:4:2655,coco,886,2008_003449.jpg,4,boat,boat,False,6,10,0.3286070227622986,109.8058,85.0344,136.7347,102.6895,0.0037736822851002216,False,True,9.972762645914397,test
coco:886:4:2655,coco,886,2008_003449.jpg,4,boat,boat,False,6,11,0.3253369629383087,220.2466,219.2046,497.642,375.1768,0.23809649050235748,False,True,9.972762645914397,test
coco:886:4:2655,coco,886,2008_003449.jpg,4,boat,boat,False,6,12,0.3172825872898102,465.402,109.6869,488.4142,128.0078,0.0,False,True,9.972762645914397,test
coco:886:4:2655,coco,886,2008_003449.jpg,4,boat,boat,False,6,13,0.3172778785228729,432.9922,105.4117,472.7026,126.3357,0.0,False,True,9.972762645914397,test
coco:886:4:2655,coco,886,2008_003449.jpg,4,boat,boat,False,6,14,0.3076356053352356,387.6479,111.8435,403.5889,124.1403,0.023229025304317474,False,True,9.972762645914397,test
coco:886:4:2655,coco,886,2008_003449.jpg,4,boat,boat,False,6,15,0.3034895956516266,88.1133,97.3776,101.2891,103.4514,0.0018528969958424568,False,True,9.972762645914397,test
coco:886:4:2655,coco,886,2008_003449.jpg,4,boat,boat,False,6,16,0.30254068970680237,52.4425,91.1277,73.17,101.9458,0.0,False,True,9.972762645914397,test
coco:886:4:2655,coco,886,2008_003449.jpg,4,boat,boat,False,6,17,0.28149324655532837,344.1804,109.6035,396.0152,144.9227,0.6137282252311707,True,False,9.972762645914397,test
coco:886:4:2655,coco,886,2008_003449.jpg,4,boat,boat,False,6,18,0.2686474621295929,65.0524,94.6928,123.4628,136.1566,0.6504624485969543,True,False,9.972762645914397,test
coco:886:4:2655,coco,886,2008_003449.jpg,4,boat,boat,False,6,19,0.2598286271095276,230.8268,90.2338,295.0351,105.4777,0.04580255597829819,False,True,9.972762645914397,test
coco:886:4:2655,coco,886,2008_003449.jpg,4,boat,boat,False,6,20,0.2589755654335022,466.4271,116.9436,482.4557,128.0364,0.0,False,True,9.972762645914397,test
coco:886:4:2655,coco,886,2008_003449.jpg,4,boat,boat,False,6,21,0.258853018283844,75.1479,91.9128,93.9946,102.65,0.000697597861289978,False,True,9.972762645914397,test
coco:886:4:2655,coco,886,2008_003449.jpg,4,boat,boat,False,6,22,0.25513628125190735,0.0182,95.5343,10.7962,106.8857,0.0,False,True,9.972762645914397,test
coco:886:4:2655,coco,886,2008_003449.jpg,4,boat,boat,False,6,23,0.2478695660829544,159.8647,92.7084,176.9053,103.7514,0.002851159079000354,False,True,9.972762645914397,test
coco:886:4:2655,coco,886,2008_003449.jpg,4,boat,boat,False,6,24,0.2398468255996704,403.8106,111.6087,419.924,122.5435,0.0,False,True,9.972762645914397,test
coco:886:4:2655,coco,886,2008_003449.jpg,4,boat,boat,False,6,25,0.23903782665729523,280.5424,9.19,413.9242,147.5208,0.14649751782417297,False,True,9.972762645914397,test
coco:886:4:2655,coco,886,2008_003449.jpg,4,boat,boat,False,6,26,0.2373095005750656,287.5486,90.6654,347.84,130.244,0.8341106176376343,True,False,9.972762645914397,test
coco:886:4:2655,coco,886,2008_003449.jpg,4,boat,boat,False,6,27,0.21423381567001343,341.3575,74.041,380.7566,118.2759,0.2598782777786255,False,True,0.0,test
coco:886:4:2655,coco,886,2008_003449.jpg,4,boat,boat,False,6,28,0.20992960035800934,281.1625,8.7169,353.0273,133.3014,0.24192345142364502,False,True,0.0,test
coco:886:4:2655,coco,886,2008_003449.jpg,4,boat,boat,False,6,29,0.2098662555217743,434.1501,115.6192,463.4234,126.0729,0.0,False,True,0.0,test
coco:886:4:2655,coco,886,2008_003449.jpg,4,boat,boat,False,6,30,0.20687904953956604,87.1033,134.0003,359.7726,243.3359,0.731253445148468,True,False,0.0,test
coco:886:4:2655,coco,886,2008_003449.jpg,4,boat,boat,False,6,31,0.20315180718898773,425.3902,207.848,499.0652,255.4001,0.5155839323997498,True,False,0.0,test
coco:886:4:2655,coco,886,2008_003449.jpg,4,boat,boat,False,6,32,0.2031089961528778,423.497,113.6106,449.323,124.8643,0.0,False,True,0.0,test
coco:886:4:2655,coco,886,2008_003449.jpg,4,boat,boat,False,6,33,0.1988922357559204,344.3629,106.6818,424.2901,146.3237,0.483013778924942,False,True,0.0,test
coco:886:4:2655,coco,886,2008_003449.jpg,4,boat,boat,False,6,34,0.19446159899234772,0.2707,90.5805,65.8605,106.5777,0.0,False,True,0.0,test
coco:886:4:2655,coco,886,2008_003449.jpg,4,boat,boat,False,6,35,0.19028881192207336,18.5953,91.9311,59.2313,103.7158,0.0,False,True,0.0,test
coco:886:4:2655,coco,886,2008_003449.jpg,4,boat,boat,False,6,36,0.19009068608283997,63.7767,140.9903,93.6674,161.7495,0.0023746995721012354,False,True,0.0,test
coco:886:4:2655,coco,886,2008_003449.jpg,4,boat,boat,False,6,37,0.1866392344236374,412.5735,102.7566,446.5918,123.4672,0.0,False,True,0.0,test
coco:886:4:2655,coco,886,2008_003449.jpg,4,boat,boat,False,6,38,0.1864498406648636,284.1409,72.9187,418.0853,147.7886,0.269534707069397,False,True,0.0,test
coco:886:4:2655,coco,886,2008_003449.jpg,4,boat,boat,False,6,39,0.18488632142543793,440.0383,115.872,469.2419,126.1045,0.0,False,True,0.0,test
coco:886:4:2655,coco,886,2008_003449.jpg,4,boat,boat,False,6,40,0.18439677357673645,60.9917,87.8277,146.2074,134.0706,0.39306187629699707,False,True,0.0,test
coco:886:4:2655,coco,886,2008_003449.jpg,4,boat,boat,False,6,41,0.18373912572860718,70.2122,92.7941,81.782,98.1857,0.0,False,True,0.0,test
coco:886:4:2655,coco,886,2008_003449.jpg,4,boat,boat,False,6,42,0.18285024166107178,103.6703,96.621,115.0333,103.2762,0.0017704288475215435,False,True,0.0,test
coco:886:4:2655,coco,886,2008_003449.jpg,4,boat,boat,False,6,43,0.18193289637565613,22.8614,92.4051,51.843,103.5055,0.0,False,True,0.0,test
coco:886:4:2655,coco,886,2008_003449.jpg,4,boat,boat,False,6,44,0.17161764204502106,2.1053,92.2901,27.0362,104.7227,0.0,False,True,0.0,test
coco:886:4:2655,coco,886,2008_003449.jpg,4,boat,boat,False,6,45,0.1715736836194992,67.2797,91.7228,83.5092,101.9828,0.0,False,True,0.0,test
coco:886:4:2655,coco,886,2008_003449.jpg,4,boat,boat,False,6,46,0.1707720160484314,64.4274,108.3539,98.5678,116.0273,0.1613146811723709,False,True,0.0,test
coco:886:4:2655,coco,886,2008_003449.jpg,4,boat,boat,False,6,47,0.168800950050354,36.1379,95.5005,56.631,103.6349,0.0,False,True,0.0,test
coco:886:4:2655,coco,886,2008_003449.jpg,4,boat,boat,False,6,48,0.16464699804782867,16.1524,92.7386,43.1809,103.8566,0.0,False,True,0.0,test
coco:886:4:2655,coco,886,2008_003449.jpg,4,boat,boat,False,6,49,0.1626460701227188,8.8075,97.1434,23.3722,103.5393,0.0,False,True,0.0,test
coco:886:4:2655,coco,886,2008_003449.jpg,4,boat,boat,False,6,50,0.15787380933761597,158.3321,76.1053,191.1838,104.7835,0.006242032162845135,False,True,0.0,test
coco:886:4:2655,coco,886,2008_003449.jpg,4,boat,boat,False,6,51,0.15199555456638336,64.283,79.1647,204.0486,135.8331,0.20383869111537933,False,True,0.0,test
coco:886:4:2655,coco,886,2008_003449.jpg,4,boat,boat,False,6,52,0.14780262112617493,51.2042,5.0913,496.9084,374.2865,0.24477389454841614,False,True,0.0,test
coco:886:4:2655,coco,886,2008_003449.jpg,4,boat,boat,False,6,53,0.14678838849067688,74.6483,98.7152,87.1738,103.7757,0.0,False,True,0.0,test
coco:886:4:2655,coco,886,2008_003449.jpg,4,boat,boat,False,6,54,0.1438906192779541,232.7522,92.8976,257.2887,103.4875,0.003942199517041445,False,True,0.0,test
coco:886:4:2655,coco,886,2008_003449.jpg,4,boat,boat,False,6,55,0.14250940084457397,268.8792,93.4029,295.7163,105.4721,0.04942519590258598,False,True,0.0,test
coco:886:4:2655,coco,886,2008_003449.jpg,4,boat,boat,False,6,56,0.13993686437606812,401.3646,109.8826,421.1977,122.2752,0.0,False,True,0.0,test
coco:886:4:2655,coco,886,2008_003449.jpg,4,boat,boat,False,6,57,0.13789165019989014,79.5338,87.9005,152.957,104.8099,0.01217694953083992,False,True,0.0,test
coco:886:4:2655,coco,886,2008_003449.jpg,4,boat,boat,False,6,58,0.13546772301197052,259.3334,97.6901,288.4031,104.8793,0.007327721919864416,False,True,0.0,test
coco:886:4:2655,coco,886,2008_003449.jpg,4,boat,boat,False,6,59,0.13253305852413177,108.3704,184.8471,499.6986,376.2497,0.45802977681159973,False,True,0.0,test
coco:886:4:2655,coco,886,2008_003449.jpg,4,boat,boat,False,6,60,0.12955033779144287,68.9756,94.6519,85.7458,102.2149,0.0,False,True,0.0,test
coco:886:4:2655,coco,886,2008_003449.jpg,4,boat,boat,False,6,61,0.12944044172763824,443.7873,105.4712,472.1126,124.768,0.0,False,True,0.0,test
coco:886:4:2655,coco,886,2008_003449.jpg,4,boat,boat,False,6,62,0.1293010413646698,470.9394,113.8172,488.4416,121.296,0.0,False,True,0.0,test
coco:886:4:2655,coco,886,2008_003449.jpg,4,boat,boat,False,6,63,0.12667009234428406,70.9662,5.9953,373.1466,372.1887,0.36399126052856445,False,True,0.0,test
coco:886:4:2655,coco,886,2008_003449.jpg,4,boat,boat,False,6,64,0.12461031973361969,51.5228,92.0827,61.6605,99.8907,0.0,False,True,0.0,test
coco:886:4:2655,coco,886,2008_003449.jpg,4,boat,boat,False,6,65,0.12151751667261124,399.5252,101.5723,493.093,129.0988,0.0,False,True,0.0,test
coco:886:4:2655,coco,886,2008_003449.jpg,4,boat,boat,False,6,66,0.11991290748119354,416.0278,116.1816,430.2319,123.1122,0.0,False,True,0.0,test
coco:886:4:2655,coco,886,2008_003449.jpg,4,boat,boat,False,6,67,0.11422554403543472,160.3072,93.8329,168.9264,102.3443,0.001142883556894958,False,True,0.0,test
coco:886:4:2655,coco,886,2008_003449.jpg,4,boat,boat,False,6,68,0.11389682441949844,101.9162,94.3122,118.0787,103.1614,0.0024697454646229744,False,True,0.0,test
coco:886:4:2655,coco,886,2008_003449.jpg,4,boat,boat,False,6,69,0.11346952617168427,130.5937,93.5004,150.7038,104.048,0.0035128213930875063,False,True,0.0,test
coco:886:4:2655,coco,886,2008_003449.jpg,4,boat,boat,False,6,70,0.11196347326040268,56.2256,92.4648,74.3635,101.7087,0.0,False,True,0.0,test
coco:886:4:2655,coco,886,2008_003449.jpg,4,boat,boat,False,6,71,0.11175880581140518,63.358,141.1845,91.3927,156.8283,0.0009201561333611608,False,True,0.0,test
coco:886:4:2655,coco,886,2008_003449.jpg,4,boat,boat,False,6,72,0.10998699814081192,63.7553,111.2312,73.0315,116.174,0.027467940002679825,False,True,0.0,test
coco:886:4:2655,coco,886,2008_003449.jpg,4,boat,boat,False,6,73,0.10712209343910217,475.8593,101.2749,499.6638,124.1471,0.0,False,True,0.0,test
coco:886:4:2655,coco,886,2008_003449.jpg,4,boat,boat,False,6,74,0.10599897801876068,113.8588,87.3893,131.794,100.9607,0.00175611418671906,False,True,0.0,test
coco:886:4:2655,coco,886,2008_003449.jpg,4,boat,boat,False,6,75,0.10545720160007477,0.1348,84.7244,155.1353,108.5844,0.017730437219142914,False,True,0.0,test
coco:886:4:2655,coco,886,2008_003449.jpg,4,boat,boat,False,6,76,0.10442199558019638,419.1825,116.7484,436.2631,123.6402,0.0,False,True,0.0,test
coco:886:4:2655,coco,886,2008_003449.jpg,4,boat,boat,False,6,77,0.10159932076931,284.1042,107.6096,296.1799,119.0407,0.053192589432001114,False,True,0.0,test
coco:886:4:2655,coco,886,2008_003449.jpg,4,boat,boat,False,6,78,0.10063081234693527,273.5328,99.3056,283.97,105.7244,0.0016632811166346073,False,True,0.0,test
coco:886:4:2655,coco,886,2008_003449.jpg,4,boat,boat,False,6,79,0.09793039411306381,62.7571,90.2198,142.5772,169.5049,0.2566148638725281,False,True,0.0,test
coco:886:4:2655,coco,886,2008_003449.jpg,4,boat,boat,False,6,80,0.09768714755773544,41.7203,91.9097,54.0975,97.0312,0.0,False,True,0.0,test
coco:886:4:2655,coco,886,2008_003449.jpg,4,boat,boat,False,6,81,0.09651539474725723,228.1937,96.7825,261.8103,104.1677,0.0059811933897435665,False,True,0.0,test
coco:886:4:2655,coco,886,2008_003449.jpg,4,boat,boat,False,6,82,0.09532622247934341,427.1054,217.8318,462.1475,254.4842,0.19549095630645752,False,True,0.0,test
coco:886:4:2655,coco,886,2008_003449.jpg,4,boat,boat,False,6,83,0.09443596005439758,477.4292,119.0963,488.7843,134.114,0.0,False,True,0.0,test
coco:886:4:2655,coco,886,2008_003449.jpg,4,boat,boat,False,6,84,0.09294446557760239,125.2038,203.299,316.5053,325.3265,0.652649998664856,True,False,0.0,test
coco:886:4:2655,coco,886,2008_003449.jpg,4,boat,boat,False,6,85,0.09033137559890747,201.0892,9.0197,364.4128,229.3344,0.390747994184494,False,True,0.0,test
coco:886:4:2655,coco,886,2008_003449.jpg,4,boat,boat,False,6,86,0.08896228671073914,477.2615,111.3498,498.6016,124.4569,0.0,False,True,0.0,test
coco:886:4:2655,coco,886,2008_003449.jpg,4,boat,boat,False,6,87,0.08796067535877228,469.2039,107.069,479.5092,116.5169,0.0,False,True,0.0,test
coco:886:4:2655,coco,886,2008_003449.jpg,4,boat,boat,False,6,88,0.08768811821937561,64.4984,138.3055,144.7541,165.8956,0.03756065294146538,False,True,0.0,test
coco:886:4:2655,coco,886,2008_003449.jpg,4,boat,boat,False,6,89,0.08767139166593552,378.4608,102.9677,397.9885,116.6371,0.07171706110239029,False,True,0.0,test
coco:886:4:2655,coco,886,2008_003449.jpg,4,boat,boat,False,6,90,0.08566846698522568,341.5535,104.7625,352.3796,112.4383,0.03074338100850582,False,True,0.0,test
coco:886:4:2655,coco,886,2008_003449.jpg,4,boat,boat,False,6,91,0.08358420431613922,423.7054,168.3304,499.7112,207.7599,0.42791032791137695,False,True,0.0,test
coco:886:4:2655,coco,886,2008_003449.jpg,4,boat,boat,False,6,92,0.0817863717675209,176.5921,72.3988,225.5425,122.9835,0.030661409720778465,False,True,0.0,test
coco:886:4:2655,coco,886,2008_003449.jpg,4,boat,boat,False,6,93,0.0802568644285202,427.8692,210.8652,473.7045,242.0331,0.21744118630886078,False,True,0.0,test
coco:886:4:2655,coco,886,2008_003449.jpg,4,boat,boat,False,6,94,0.07964617013931274,288.0832,69.3352,331.1223,117.7124,0.3903643786907196,False,True,0.0,test
coco:886:4:2655,coco,886,2008_003449.jpg,4,boat,boat,False,6,95,0.07904259860515594,389.449,114.9771,403.4158,126.2536,0.014197191223502159,False,True,0.0,test
coco:886:4:2655,coco,886,2008_003449.jpg,4,boat,boat,False,6,96,0.07859927415847778,68.3301,153.5648,86.2527,162.4262,0.0,False,True,0.0,test
coco:886:4:2655,coco,886,2008_003449.jpg,4,boat,boat,False,6,97,0.07842995226383209,387.7398,117.445,404.5157,134.9948,0.03177683800458908,False,True,0.0,test
coco:886:4:2655,coco,886,2008_003449.jpg,4,boat,boat,False,6,98,0.07464040815830231,51.7985,90.1281,63.8751,96.5244,0.0,False,True,0.0,test
coco:886:4:2655,coco,886,2008_003449.jpg,4,boat,boat,False,6,99,0.06996291875839233,99.4476,96.8393,222.6906,162.5373,0.20043304562568665,False,True,0.0,test
coco:886:4:2655,coco,886,2008_003449.jpg,4,boat,boat,False,6,100,0.06863924860954285,348.8698,96.13,380.8557,114.3241,0.21530000865459442,False,True,0.0,test
coco:886:4:2655,coco,886,2008_003449.jpg,4,boat,boat,False,6,101,0.0682954490184784,383.5652,102.3298,403.7762,118.3387,0.052526507526636124,False,True,0.0,test
coco:886:4:2655,coco,886,2008_003449.jpg,4,boat,boat,False,6,102,0.06566780805587769,251.2193,96.3,258.0534,101.8636,0.0008251298568211496,False,True,0.0,test
coco:886:4:2655,coco,886,2008_003449.jpg,4,boat,boat,False,6,103,0.06476154923439026,93.0474,89.4934,106.4009,96.6281,0.0,False,True,0.0,test
coco:886:4:2655,coco,886,2008_003449.jpg,4,boat,boat,False,6,104,0.06346148997545242,283.195,101.221,296.6483,106.3389,0.024994095787405968,False,True,0.0,test
coco:886:4:2655,coco,886,2008_003449.jpg,4,boat,boat,False,6,105,0.06281248480081558,167.844,95.152,186.6216,103.32,0.0029438177589327097,False,True,0.0,test
coco:886:4:2655,coco,886,2008_003449.jpg,4,boat,boat,False,6,106,0.06058242544531822,146.7173,93.7304,160.9284,100.6997,0.0013038251781836152,False,True,0.0,test
coco:886:4:2655,coco,886,2008_003449.jpg,4,boat,boat,False,6,107,0.05943433567881584,284.9758,109.1263,294.02,119.1493,0.03693677857518196,False,True,0.0,test
coco:886:4:2655,coco,886,2008_003449.jpg,4,boat,boat,False,6,108,0.05938682705163956,14.4165,201.9512,342.6284,374.0368,0.6018673777580261,True,False,0.0,test
coco:886:4:2655,coco,886,2008_003449.jpg,4,boat,boat,False,6,109,0.059162069112062454,333.3395,101.1675,344.7534,109.9345,0.03882579877972603,False,True,0.0,test
coco:886:4:2655,coco,886,2008_003449.jpg,4,boat,boat,False,6,110,0.05892527475953102,117.6514,251.216,304.4125,375.2327,0.6730048656463623,True,False,0.0,test
coco:886:4:2655,coco,886,2008_003449.jpg,4,boat,boat,False,6,111,0.056071650236845016,85.5947,153.2971,143.6562,180.9041,0.03737475723028183,False,True,0.0,test
coco:886:4:2655,coco,886,2008_003449.jpg,4,boat,boat,False,6,112,0.05575701966881752,257.947,88.7466,270.8173,100.9572,0.0012611424317583442,False,True,0.0,test
coco:886:4:2655,coco,886,2008_003449.jpg,4,boat,boat,False,6,113,0.05438479781150818,445.4255,205.6389,498.6782,231.2613,0.20768004655838013,False,True,0.0,test
coco:886:4:2655,coco,886,2008_003449.jpg,4,boat,boat,False,6,114,0.054159581661224365,411.9729,111.8675,460.0295,126.0155,0.0,False,True,0.0,test
coco:886:4:2655,coco,886,2008_003449.jpg,4,boat,boat,False,6,115,0.054024361073970795,138.2653,116.8936,356.991,183.9556,0.3641735017299652,False,True,0.0,test
coco:886:4:2655,coco,886,2008_003449.jpg,4,boat,boat,False,6,116,0.053943369537591934,65.2529,120.7123,137.0777,137.6254,0.3997969627380371,False,True,0.0,test
coco:886:4:2655,coco,886,2008_003449.jpg,4,boat,boat,False,6,117,0.05345417931675911,224.0621,96.3787,232.4547,101.3121,0.0008983840234577656,False,True,0.0,test
coco:886:4:2655,coco,886,2008_003449.jpg,4,boat,boat,False,6,118,0.05304565280675888,0.1717,92.5129,12.1927,104.9779,0.0,False,True,0.0,test
coco:886:4:2655,coco,886,2008_003449.jpg,4,boat,boat,False,6,119,0.05280717462301254,401.4731,101.9714,422.2091,110.1875,0.0,False,True,0.0,test
coco:886:4:2655,coco,886,2008_003449.jpg,4,boat,boat,False,6,120,0.05190739408135414,64.7023,131.334,116.9117,155.6458,0.07083876430988312,False,True,0.0,test
coco:886:4:2655,coco,886,2008_003449.jpg,4,boat,boat,False,6,121,0.050941210240125656,115.6195,84.3828,134.9901,100.9379,0.001882412820123136,False,True,0.0,test
coco:886:4:2655,coco,886,2008_003449.jpg,4,boat,boat,False,6,122,0.050671759992837906,47.2951,94.1402,61.8313,102.4309,0.0,False,True,0.0,test
coco:886:4:2655,coco,886,2008_003449.jpg,4,boat,boat,False,6,123,0.05040093511343002,132.203,93.2093,141.477,101.4557,0.0010250197956338525,False,True,0.0,test
coco:887:19:2659,coco,887,2008_003451.jpg,19,train,train,True,0,0,0.12267690896987915,212.5957,0.9614,260.8352,130.1396,0.0,False,True,0.0,test
coco:891:16:2670,coco,891,2008_003466.jpg,16,pottedplant,pottedplant,False,1,0,0.20977453887462616,441.5167,0.6982,500.4228,262.3125,0.880687952041626,True,False,0.0,test
coco:891:16:2670,coco,891,2008_003466.jpg,16,pottedplant,pottedplant,False,1,1,0.16995951533317566,453.829,1.659,499.5729,199.2942,0.6661214232444763,True,False,0.0,test
coco:891:16:2670,coco,891,2008_003466.jpg,16,pottedplant,pottedplant,False,1,2,0.05369240790605545,454.3284,129.9423,498.9406,195.8072,0.21650330722332,False,True,0.0,test
coco:893:9:2676,coco,893,2008_003472.jpg,9,chair,chair,False,1,0,0.14319626986980438,164.4638,111.3522,399.2263,370.6315,0.935847818851471,True,False,0.0,test
coco:893:9:2676,coco,893,2008_003472.jpg,9,chair,chair,False,1,1,0.10025041550397873,167.792,109.321,306.5585,219.469,0.24827253818511963,False,True,0.0,test
coco:893:9:2676,coco,893,2008_003472.jpg,9,chair,chair,False,1,2,0.07726400345563889,170.3908,68.3624,223.6543,93.7312,0.0,False,True,0.0,test
coco:894:1:2679,coco,894,2008_003475.jpg,1,aeroplane,aeroplane,False,3,0,0.48025378584861755,21.9609,81.2848,124.7273,103.9061,0.953531801700592,True,False,9.972762645914397,test
coco:894:1:2679,coco,894,2008_003475.jpg,1,aeroplane,aeroplane,False,3,1,0.4700739085674286,95.4635,108.4479,270.5161,149.6525,0.9261653423309326,True,False,9.972762645914397,test
coco:894:1:2679,coco,894,2008_003475.jpg,1,aeroplane,aeroplane,False,3,2,0.4053041636943817,158.4885,130.3804,490.1916,219.7434,0.9658506512641907,True,False,9.972762645914397,test
coco:895:15:2682,coco,895,2008_003476.jpg,15,person,person,False,1,0,0.36592966318130493,59.8825,119.7099,102.7893,178.5078,0.9128479957580566,True,False,9.972762645914397,test
coco:896:11:2685,coco,896,2008_003477.jpg,11,diningtable,diningtable,False,1,0,0.5321738123893738,2.2283,192.8229,497.9067,373.6619,0.9742538928985596,True,False,9.972762645914397,test
coco:896:11:2685,coco,896,2008_003477.jpg,11,diningtable,diningtable,False,1,1,0.06490772217512131,113.0796,242.1785,500.2838,364.1739,0.5253210067749023,True,False,0.0,test
coco:900:3:2697,coco,900,2008_003484.jpg,3,bird,bird,False,2,0,0.6538592576980591,12.4166,13.7739,86.7581,188.971,0.9675281643867493,True,False,9.972762645914397,test
coco:900:3:2697,coco,900,2008_003484.jpg,3,bird,bird,False,2,1,0.591058611869812,370.2907,77.472,481.636,334.6169,0.9504514336585999,True,False,9.972762645914397,test
coco:906:8:2715,coco,906,2008_003519.jpg,8,cat,cat,False,1,0,0.707390546798706,159.056,57.2417,355.7239,305.6444,0.9769288897514343,True,False,9.972762645914397,test
coco:906:20:2717,coco,906,2008_003519.jpg,20,tvmonitor,tvmonitor,True,0,0,0.24659095704555511,78.2282,271.1222,380.3336,377.0096,0.0,False,True,9.972762645914397,test
coco:906:20:2717,coco,906,2008_003519.jpg,20,tvmonitor,tvmonitor,True,0,1,0.09710272401571274,215.982,62.4432,474.8054,371.4816,0.0,False,True,0.0,test
coco:906:20:2717,coco,906,2008_003519.jpg,20,tvmonitor,tvmonitor,True,0,2,0.0771031379699707,320.023,347.8569,376.5888,374.9424,0.0,False,True,0.0,test
coco:906:20:2717,coco,906,2008_003519.jpg,20,tvmonitor,tvmonitor,True,0,3,0.050462715327739716,306.9406,305.8509,381.4642,374.5706,0.0,False,True,0.0,test
coco:909:15:2724,coco,909,2008_003531.jpg,15,person,person,False,1,0,0.21135902404785156,65.969,69.7182,178.905,400.2836,0.8979060649871826,True,False,0.0,test
coco:910:15:2727,coco,910,2008_003542.jpg,15,person,person,False,1,0,0.2565826177597046,48.8161,70.0793,313.5016,500.2049,0.9676583409309387,True,False,9.972762645914397,test
coco:912:15:2733,coco,912,2008_003546.jpg,15,person,person,False,3,0,0.19950737059116364,38.8951,70.6802,202.9754,375.4613,0.9285608530044556,True,False,0.0,test
coco:912:15:2733,coco,912,2008_003546.jpg,15,person,person,False,3,1,0.17758890986442566,299.5998,59.0714,411.6406,265.7096,0.9639813303947449,True,False,0.0,test
coco:912:15:2733,coco,912,2008_003546.jpg,15,person,person,False,3,2,0.17410531640052795,186.6753,91.1484,296.6767,297.6149,0.9610950350761414,True,False,0.0,test
coco:912:15:2733,coco,912,2008_003546.jpg,15,person,person,False,3,3,0.15057696402072906,451.4376,195.1593,468.061,214.6992,0.0,False,True,0.0,test
coco:912:15:2733,coco,912,2008_003546.jpg,15,person,person,False,3,4,0.13956937193870544,315.5335,199.0325,334.2608,254.5145,0.04364743083715439,False,True,0.0,test
coco:912:15:2733,coco,912,2008_003546.jpg,15,person,person,False,3,5,0.11034449189901352,317.3503,199.6659,334.1756,239.0979,0.027870336547493935,False,True,0.0,test
coco:912:15:2733,coco,912,2008_003546.jpg,15,person,person,False,3,6,0.09238074719905853,317.7782,198.6041,367.6528,259.3807,0.12733492255210876,False,True,0.0,test
coco:913:16:2736,coco,913,2008_003547.jpg,16,pottedplant,pottedplant,False,1,0,0.33146026730537415,120.0069,0.1451,322.0551,108.0517,0.9559518098831177,True,False,9.972762645914397,test
coco:913:16:2736,coco,913,2008_003547.jpg,16,pottedplant,pottedplant,False,1,1,0.16038841009140015,210.7469,-0.0119,317.8381,93.1885,0.4418374001979828,False,True,0.0,test
coco:913:16:2736,coco,913,2008_003547.jpg,16,pottedplant,pottedplant,False,1,2,0.13922001421451569,121.7952,-0.0099,230.0711,84.1591,0.4029526114463806,False,True,0.0,test
coco:914:15:2739,coco,914,2008_003552.jpg,15,person,person,False,1,0,0.2872789204120636,225.1281,135.7441,289.9036,235.5073,0.8881547451019287,True,False,9.972762645914397,test
coco:914:15:2739,coco,914,2008_003552.jpg,15,person,person,False,1,1,0.05978301912546158,224.8184,134.5516,258.4362,234.6101,0.4623072147369385,False,True,0.0,test
coco:915:8:2742,coco,915,2008_003557.jpg,8,cat,cat,False,2,0,0.7132788300514221,96.4029,54.6158,383.1918,357.5161,0.9159122109413147,True,False,9.972762645914397,test
coco:915:8:2742,coco,915,2008_003557.jpg,8,cat,cat,False,2,1,0.1307648867368698,113.0333,52.9955,371.3298,246.3652,0.5965198874473572,True,False,0.0,test
coco:915:8:2742,coco,915,2008_003557.jpg,8,cat,cat,False,2,2,0.10824961215257645,92.7829,106.4182,191.2651,190.6255,0.3510185480117798,False,True,0.0,test
coco:915:8:2742,coco,915,2008_003557.jpg,8,cat,cat,False,2,3,0.070492222905159,417.5152,84.6648,465.9531,124.193,0.0,False,True,0.0,test
coco:915:8:2742,coco,915,2008_003557.jpg,8,cat,cat,False,2,4,0.0642605870962143,397.1383,166.6747,499.4295,226.1173,0.0,False,True,0.0,test
coco:915:8:2742,coco,915,2008_003557.jpg,8,cat,cat,False,2,5,0.05978691950440407,91.18,59.105,197.0781,197.4377,0.4873032569885254,False,True,0.0,test
coco:915:8:2742,coco,915,2008_003557.jpg,8,cat,cat,False,2,6,0.057837434113025665,427.9033,85.8738,462.9087,109.5499,0.0,False,True,0.0,test
coco:916:15:2745,coco,916,2008_003565.jpg,15,person,person,False,4,0,0.19384436309337616,174.046,108.9459,283.3901,375.3748,0.9944104552268982,True,False,0.0,test
coco:916:15:2745,coco,916,2008_003565.jpg,15,person,person,False,4,1,0.19145891070365906,281.601,128.3123,429.0887,375.928,0.9836682677268982,True,False,0.0,test
coco:916:15:2745,coco,916,2008_003565.jpg,15,person,person,False,4,2,0.18939374387264252,42.8396,100.3926,177.9562,376.286,0.9702513813972473,True,False,0.0,test
coco:916:15:2745,coco,916,2008_003565.jpg,15,person,person,False,4,3,0.183000847697258,19.8371,131.2682,77.7897,320.6837,0.9256970882415771,True,False,0.0,test
coco:916:15:2745,coco,916,2008_003565.jpg,15,person,person,False,4,4,0.10378719121217728,0.1133,220.0845,21.2098,324.4019,0.0015588202513754368,False,True,0.0,test
coco:916:15:2745,coco,916,2008_003565.jpg,15,person,person,False,4,5,0.08636682480573654,20.9341,260.9697,44.5124,283.4156,0.046288568526506424,False,True,0.0,test
coco:916:15:2745,coco,916,2008_003565.jpg,15,person,person,False,4,6,0.07867685705423355,18.706,242.4803,51.3605,286.5281,0.11627756804227829,False,True,0.0,test
coco:919:7:2754,coco,919,2008_003577.jpg,7,car,car,False,2,0,0.3224658668041229,0.8338,60.5559,205.6103,231.6933,0.9645851254463196,True,False,9.972762645914397,test
coco:919:7:2754,coco,919,2008_003577.jpg,7,car,car,False,2,1,0.3116876184940338,5.1839,10.8585,498.6613,377.4959,0.9720439314842224,True,False,9.972762645914397,test
coco:919:7:2754,coco,919,2008_003577.jpg,7,car,car,False,2,2,0.0823020190000534,3.9635,57.657,484.2783,238.9927,0.47430846095085144,False,True,0.0,test
coco:919:7:2754,coco,919,2008_003577.jpg,7,car,car,False,2,3,0.07067981362342834,472.2036,124.1291,498.5922,222.6371,0.014155990444123745,False,True,0.0,test
coco:921:5:2760,coco,921,2008_003591.jpg,5,bottle,bottle,False,1,0,0.5523706078529358,345.211,0.8199,475.6212,288.9583,0.9720512628555298,True,False,9.972762645914397,test
coco:922:15:2763,coco,922,2008_003592.jpg,15,person,person,False,1,0,0.18621106445789337,0.1864,3.8347,482.5687,313.3085,0.9882767200469971,True,False,0.0,test
coco:922:15:2763,coco,922,2008_003592.jpg,15,person,person,False,1,1,0.09099321812391281,2.379,111.7588,458.8946,314.0423,0.6180269718170166,True,False,0.0,test
coco:925:15:2772,coco,925,2008_003604.jpg,15,person,person,False,1,0,0.34814614057540894,97.9833,100.7877,179.3785,325.1692,0.9634445309638977,True,False,9.972762645914397,test
coco:925:15:2772,coco,925,2008_003604.jpg,15,person,person,False,1,1,0.08520058542490005,177.3428,134.5138,199.5539,194.872,0.008361960761249065,False,True,0.0,test
coco:925:15:2772,coco,925,2008_003604.jpg,15,person,person,False,1,2,0.08458809554576874,178.6555,136.4042,191.5874,167.2771,0.002261121291667223,False,True,0.0,test
coco:925:15:2772,coco,925,2008_003604.jpg,15,person,person,False,1,3,0.0677671954035759,244.4228,111.1536,273.9143,171.7295,0.0,False,True,0.0,test
coco:925:15:2772,coco,925,2008_003604.jpg,15,person,person,False,1,4,0.06266980618238449,243.6298,119.356,294.1326,244.9416,0.0,False,True,0.0,test
coco:925:15:2772,coco,925,2008_003604.jpg,15,person,person,False,1,5,0.05902528762817383,242.8151,120.2458,273.2133,239.6203,0.0,False,True,0.0,test
coco:925:15:2772,coco,925,2008_003604.jpg,15,person,person,False,1,6,0.05302209034562111,244.5157,127.675,272.5566,168.5539,0.0,False,True,0.0,test
coco:926:12:2775,coco,926,2008_003607.jpg,12,dog,dog,False,2,0,0.5981302261352539,55.0771,233.5926,193.845,311.7598,0.9258259534835815,True,False,9.972762645914397,test
coco:926:12:2775,coco,926,2008_003607.jpg,12,dog,dog,False,2,1,0.5821632742881775,303.8366,240.9926,456.1863,375.2643,0.9653056859970093,True,False,9.972762645914397,test
coco:926:12:2775,coco,926,2008_003607.jpg,12,dog,dog,False,2,2,0.382887601852417,161.946,272.4426,276.5528,324.08,0.07465871423482895,False,True,9.972762645914397,test
coco:926:12:2775,coco,926,2008_003607.jpg,12,dog,dog,False,2,3,0.17191439867019653,370.2584,241.5231,458.0805,376.0015,0.566681444644928,True,False,0.0,test
coco:926:12:2775,coco,926,2008_003607.jpg,12,dog,dog,False,2,4,0.17033132910728455,53.3393,351.7856,110.0212,373.7194,0.0,False,True,0.0,test
coco:926:12:2775,coco,926,2008_003607.jpg,12,dog,dog,False,2,5,0.15517419576644897,38.1545,340.9969,53.8472,349.7645,0.0,False,True,0.0,test
coco:926:12:2775,coco,926,2008_003607.jpg,12,dog,dog,False,2,6,0.13923059403896332,49.654,346.1982,113.3653,374.1526,0.0,False,True,0.0,test
coco:926:12:2775,coco,926,2008_003607.jpg,12,dog,dog,False,2,7,0.10960333794355392,72.6826,354.7622,104.4444,368.915,0.0,False,True,0.0,test
coco:926:12:2775,coco,926,2008_003607.jpg,12,dog,dog,False,2,8,0.08984169363975525,303.2973,258.9973,385.0014,332.5337,0.2854830324649811,False,True,0.0,test
coco:926:12:2775,coco,926,2008_003607.jpg,12,dog,dog,False,2,9,0.07512324303388596,77.4682,358.061,100.3429,368.5253,0.0,False,True,0.0,test
coco:926:12:2775,coco,926,2008_003607.jpg,12,dog,dog,False,2,10,0.07450209558010101,66.1862,345.3713,93.99,355.0168,0.0,False,True,0.0,test
coco:926:12:2775,coco,926,2008_003607.jpg,12,dog,dog,False,2,11,0.06544789671897888,482.1955,323.0573,499.5308,331.7399,0.0,False,True,0.0,test
coco:926:12:2775,coco,926,2008_003607.jpg,12,dog,dog,False,2,12,0.05934077873826027,59.7143,232.6478,273.6376,322.9153,0.5141735076904297,True,False,0.0,test
coco:927:15:2778,coco,927,2008_003609.jpg,15,person,person,False,3,0,0.26494768261909485,324.033,134.2879,495.1988,362.6748,0.9396620392799377,True,False,9.972762645914397,test
coco:927:15:2778,coco,927,2008_003609.jpg,15,person,person,False,3,1,0.25570178031921387,-0.2295,123.3938,183.8428,294.6062,0.9295656085014343,True,False,9.972762645914397,test
coco:927:15:2778,coco,927,2008_003609.jpg,15,person,person,False,3,2,0.24908171594142914,66.0879,109.8974,344.6852,348.1518,0.9640674591064453,True,False,9.972762645914397,test
coco:927:15:2778,coco,927,2008_003609.jpg,15,person,person,False,3,3,0.22240199148654938,279.5078,34.8721,327.1029,109.7843,0.0,False,True,0.0,test
coco:927:15:2778,coco,927,2008_003609.jpg,15,person,person,False,3,4,0.11516878753900528,324.9096,66.0948,364.8176,127.559,0.004015592858195305,False,True,0.0,test
coco:927:15:2778,coco,927,2008_003609.jpg,15,person,person,False,3,5,0.09980621188879013,96.3227,125.0047,183.9194,237.9713,0.30727285146713257,False,True,0.0,test
coco:927:15:2778,coco,927,2008_003609.jpg,15,person,person,False,3,6,0.08532684296369553,286.1486,35.2559,326.3812,82.8015,0.0,False,True,0.0,test
coco:927:15:2778,coco,927,2008_003609.jpg,15,person,person,False,3,7,0.06371323019266129,339.2409,67.095,361.0739,87.1313,0.0,False,True,0.0,test
coco:927:15:2778,coco,927,2008_003609.jpg,15,person,person,False,3,8,0.05591772496700287,223.3781,90.491,240.859,123.3186,0.0030719791539013386,False,True,0.0,test
coco:929:15:2784,coco,929,2008_003613.jpg,15,person,person,False,1,0,0.17615531384944916,131.9838,172.0813,217.8549,340.9438,0.9799763560295105,True,False,0.0,test
coco:930:14:2787,coco,930,2008_003618.jpg,14,motorbike,motorbike,False,2,0,0.49813827872276306,157.8871,150.4968,395.3112,275.1875,0.644325852394104,True,False,9.972762645914397,test
coco:930:14:2787,coco,930,2008_003618.jpg,14,motorbike,motorbike,False,2,1,0.4506757855415344,351.6527,199.4391,501.6084,374.6529,0.82487553358078,True,False,9.972762645914397,test
coco:930:14:2787,coco,930,2008_003618.jpg,14,motorbike,motorbike,False,2,2,0.4238155484199524,156.1264,156.945,283.1855,254.8525,0.6281499862670898,True,False,9.972762645914397,test
coco:930:14:2787,coco,930,2008_003618.jpg,14,motorbike,motorbike,False,2,3,0.2940846383571625,267.9609,155.7241,402.3033,279.3471,0.2391359955072403,False,True,9.972762645914397,test
coco:930:14:2787,coco,930,2008_003618.jpg,14,motorbike,motorbike,False,2,4,0.19481153786182404,311.5241,166.1004,408.3489,277.1978,0.19058433175086975,False,True,0.0,test
coco:930:14:2787,coco,930,2008_003618.jpg,14,motorbike,motorbike,False,2,5,0.17812709510326385,301.0641,166.8967,365.2892,257.4236,0.13609875738620758,False,True,0.0,test
coco:930:14:2787,coco,930,2008_003618.jpg,14,motorbike,motorbike,False,2,6,0.16482165455818176,163.1675,162.2433,496.86,372.5715,0.42495232820510864,False,True,0.0,test
coco:930:14:2787,coco,930,2008_003618.jpg,14,motorbike,motorbike,False,2,7,0.14184097945690155,322.9528,164.5374,405.6511,230.435,0.09176629781723022,False,True,0.0,test
coco:930:14:2787,coco,930,2008_003618.jpg,14,motorbike,motorbike,False,2,8,0.11869265139102936,158.1142,168.415,201.3542,239.5985,0.1575353443622589,False,True,0.0,test
coco:930:14:2787,coco,930,2008_003618.jpg,14,motorbike,motorbike,False,2,9,0.11302556097507477,357.9151,309.506,499.1486,375.1272,0.2960272431373596,False,True,0.0,test
coco:930:14:2787,coco,930,2008_003618.jpg,14,motorbike,motorbike,False,2,10,0.10210885852575302,367.3688,173.4088,408.3182,216.2824,0.03638939931988716,False,True,0.0,test
coco:930:14:2787,coco,930,2008_003618.jpg,14,motorbike,motorbike,False,2,11,0.07162153720855713,208.7482,154.5006,322.4963,252.8748,0.5866249799728394,True,False,0.0,test
coco:930:14:2787,coco,930,2008_003618.jpg,14,motorbike,motorbike,False,2,12,0.06093011051416397,328.607,190.1716,489.1866,301.4972,0.5481914281845093,True,False,0.0,test
coco:930:14:2787,coco,930,2008_003618.jpg,14,motorbike,motorbike,False,2,13,0.06047938019037247,176.3056,190.5987,263.9257,248.6122,0.26648223400115967,False,True,0.0,test
coco:930:14:2787,coco,930,2008_003618.jpg,14,motorbike,motorbike,False,2,14,0.06010844185948372,163.5428,167.133,200.6992,204.7978,0.07336761057376862,False,True,0.0,test
coco:930:14:2787,coco,930,2008_003618.jpg,14,motorbike,motorbike,False,2,15,0.05796251446008682,157.8528,184.6662,182.9252,235.3987,0.06343885511159897,False,True,0.0,test
coco:930:14:2787,coco,930,2008_003618.jpg,14,motorbike,motorbike,False,2,16,0.05567003786563873,437.6552,213.9008,497.961,372.7665,0.30678269267082214,False,True,0.0,test
coco:930:14:2787,coco,930,2008_003618.jpg,14,motorbike,motorbike,False,2,17,0.05498412624001503,317.5448,206.4856,395.3248,282.4187,0.14605370163917542,False,True,0.0,test
coco:930:14:2787,coco,930,2008_003618.jpg,14,motorbike,motorbike,False,2,18,0.05430753156542778,360.626,333.2401,462.5012,375.42,0.1360425353050232,False,True,0.0,test
coco:930:14:2787,coco,930,2008_003618.jpg,14,motorbike,motorbike,False,2,19,0.05227638781070709,325.4617,176.1225,360.6608,211.577,0.020492158830165863,False,True,0.0,test
coco:931:15:2790,coco,931,2008_003619.jpg,15,person,person,False,3,0,0.23687055706977844,77.6332,54.2689,183.551,209.2527,0.9726570844650269,True,False,9.972762645914397,test
coco:931:15:2790,coco,931,2008_003619.jpg,15,person,person,False,3,1,0.17426510155200958,278.4391,201.5961,504.2043,371.1644,0.9297500252723694,True,False,0.0,test
coco:931:15:2790,coco,931,2008_003619.jpg,15,person,person,False,3,2,0.16948071122169495,310.0261,56.8662,500.0346,285.4228,0.9574535489082336,True,False,0.0,test
coco:931:15:2790,coco,931,2008_003619.jpg,15,person,person,False,3,3,0.11031179130077362,277.2598,55.8922,500.123,370.8261,0.5924159288406372,True,False,0.0,test
coco:933:8:2796,coco,933,2008_003624.jpg,8,cat,cat,False,1,0,0.7417164444923401,38.6364,90.942,463.7379,357.4016,0.9590700268745422,True,False,9.972762645914397,test
coco:933:8:2796,coco,933,2008_003624.jpg,8,cat,cat,False,1,1,0.1722334623336792,79.9874,0.5339,278.6695,62.3264,0.0,False,True,0.0,test
coco:933:8:2796,coco,933,2008_003624.jpg,8,cat,cat,False,1,2,0.10009156912565231,2.8603,0.2843,281.5409,64.2672,0.0,False,True,0.0,test
coco:933:8:2796,coco,933,2008_003624.jpg,8,cat,cat,False,1,3,0.07320647686719894,39.4599,101.4331,294.1663,357.0411,0.5758872032165527,True,False,0.0,test
coco:935:15:2802,coco,935,2008_003638.jpg,15,person,person,False,1,0,0.20852218568325043,79.2403,100.4652,271.9386,494.8236,0.9546023607254028,True,False,0.0,test
coco:936:7:2805,coco,936,2008_003647.jpg,7,car,car,False,1,0,0.3279843032360077,3.6618,3.1827,496.8611,374.2472,0.9806178212165833,True,False,9.972762645914397,test
coco:936:7:2805,coco,936,2008_003647.jpg,7,car,car,False,1,1,0.1800994575023651,17.1723,274.7246,265.1628,375.3766,0.13318027555942535,False,True,0.0,test
coco:936:7:2805,coco,936,2008_003647.jpg,7,car,car,False,1,2,0.16399453580379486,239.5151,53.6685,496.9946,375.6614,0.4429225027561188,False,True,0.0,test
coco:936:7:2805,coco,936,2008_003647.jpg,7,car,car,False,1,3,0.07597080618143082,308.8087,95.0824,500.2171,374.8713,0.2865400016307831,False,True,0.0,test
coco:936:7:2805,coco,936,2008_003647.jpg,7,car,car,False,1,4,0.05182768777012825,321.1292,150.0152,354.9056,188.9118,0.007039669901132584,False,True,0.0,test
coco:937:9:2809,coco,937,2008_003650.jpg,9,chair,chair,True,0,0,0.23876339197158813,14.3035,202.5263,66.7464,325.7281,0.0,False,True,9.972762645914397,test
coco:937:9:2809,coco,937,2008_003650.jpg,9,chair,chair,True,0,1,0.10381583869457245,9.3769,229.8536,140.974,375.535,0.0,False,True,0.0,test
coco:937:9:2809,coco,937,2008_003650.jpg,9,chair,chair,True,0,2,0.1011822521686554,375.9561,304.4211,474.2272,360.4322,0.0,False,True,0.0,test
coco:937:9:2809,coco,937,2008_003650.jpg,9,chair,chair,True,0,3,0.08317623287439346,45.6926,172.2746,141.5127,332.6299,0.0,False,True,0.0,test
coco:937:9:2809,coco,937,2008_003650.jpg,9,chair,chair,True,0,4,0.06921151280403137,309.9129,241.9729,471.6303,360.5221,0.0,False,True,0.0,test
coco:937:9:2809,coco,937,2008_003650.jpg,9,chair,chair,True,0,5,0.06118152663111687,289.673,328.3925,436.9576,373.9864,0.0,False,True,0.0,test
coco:937:9:2809,coco,937,2008_003650.jpg,9,chair,chair,True,0,6,0.05657161772251129,51.384,294.7746,144.7936,335.1301,0.0,False,True,0.0,test
coco:938:15:2811,coco,938,2008_003658.jpg,15,person,person,False,1,0,0.23599249124526978,75.1601,78.4466,316.7447,379.7336,0.96479332447052,True,False,9.972762645914397,test
coco:939:15:2814,coco,939,2008_003662.jpg,15,person,person,False,1,0,0.22954873740673065,107.8359,380.4621,138.4022,465.0064,0.8296006321907043,True,False,9.972762645914397,test
coco:943:16:2826,coco,943,2008_003676.jpg,16,pottedplant,pottedplant,False,3,0,0.3642503321170807,389.833,150.9409,468.6475,283.2149,0.983170211315155,True,False,9.972762645914397,test
coco:943:16:2826,coco,943,2008_003676.jpg,16,pottedplant,pottedplant,False,3,1,0.32529178261756897,15.3894,250.0792,77.702,318.3578,0.778197705745697,True,False,9.972762645914397,test
coco:943:16:2826,coco,943,2008_003676.jpg,16,pottedplant,pottedplant,False,3,2,0.25109678506851196,49.9915,282.3864,78.6386,316.534,0.18209783732891083,False,True,9.972762645914397,test
coco:943:16:2826,coco,943,2008_003676.jpg,16,pottedplant,pottedplant,False,3,3,0.1886545568704605,408.6177,151.4887,456.5016,211.6232,0.2726772129535675,False,True,0.0,test
coco:943:16:2826,coco,943,2008_003676.jpg,16,pottedplant,pottedplant,False,3,4,0.17253544926643372,390.7124,196.6093,468.9178,253.7433,0.4231237769126892,False,True,0.0,test
coco:943:16:2826,coco,943,2008_003676.jpg,16,pottedplant,pottedplant,False,3,5,0.16432759165763855,0.3964,291.1363,37.4021,360.8525,0.11014464497566223,False,True,0.0,test
coco:943:16:2826,coco,943,2008_003676.jpg,16,pottedplant,pottedplant,False,3,6,0.1415552794933319,55.6924,299.5766,112.4259,373.1814,0.09202484786510468,False,True,0.0,test
coco:943:16:2826,coco,943,2008_003676.jpg,16,pottedplant,pottedplant,False,3,7,0.12854477763175964,135.3768,294.754,168.5704,331.4615,0.0,False,True,0.0,test
coco:943:16:2826,coco,943,2008_003676.jpg,16,pottedplant,pottedplant,False,3,8,0.12127074599266052,51.6369,281.8184,77.6033,306.8875,0.12117555737495422,False,True,0.0,test
coco:943:16:2826,coco,943,2008_003676.jpg,16,pottedplant,pottedplant,False,3,9,0.11923108994960785,50.4459,293.4941,76.8828,316.6765,0.11408594250679016,False,True,0.0,test
coco:943:16:2826,coco,943,2008_003676.jpg,16,pottedplant,pottedplant,False,3,10,0.11646081507205963,339.3583,269.7953,428.7443,375.2439,0.02696748450398445,False,True,0.0,test
coco:943:16:2826,coco,943,2008_003676.jpg,16,pottedplant,pottedplant,False,3,11,0.09773173183202744,15.9841,249.6715,59.8757,296.374,0.38138824701309204,False,True,0.0,test
coco:943:16:2826,coco,943,2008_003676.jpg,16,pottedplant,pottedplant,False,3,12,0.08769046515226364,388.2777,241.6445,436.079,283.0062,0.18384751677513123,False,True,0.0,test
coco:943:16:2826,coco,943,2008_003676.jpg,16,pottedplant,pottedplant,False,3,13,0.08291622996330261,454.525,296.6491,498.2156,374.218,0.0,False,True,0.0,test
coco:943:16:2826,coco,943,2008_003676.jpg,16,pottedplant,pottedplant,False,3,14,0.08084060251712799,280.6385,39.5584,383.6676,111.2856,0.8953865766525269,True,False,0.0,test
coco:943:16:2826,coco,943,2008_003676.jpg,16,pottedplant,pottedplant,False,3,15,0.07642713189125061,36.103,282.4548,80.685,325.9854,0.36125871539115906,False,True,0.0,test
coco:943:16:2826,coco,943,2008_003676.jpg,16,pottedplant,pottedplant,False,3,16,0.07069028168916702,46.1153,312.0937,78.685,326.1915,0.08547323197126389,False,True,0.0,test
coco:943:16:2826,coco,943,2008_003676.jpg,16,pottedplant,pottedplant,False,3,17,0.0518500842154026,4.062,257.0773,161.6551,375.6047,0.25081413984298706,False,True,0.0,test
coco:946:3:2835,coco,946,2008_003683.jpg,3,bird,bird,False,1,0,0.7698760628700256,213.82,132.5411,312.3222,351.2549,0.966216504573822,True,False,9.972762645914397,test
coco:946:3:2835,coco,946,2008_003683.jpg,3,bird,bird,False,1,1,0.05370807275176048,0.252,127.3705,308.4273,371.2394,0.2678970992565155,False,True,0.0,test
coco:948:3:2841,coco,948,2008_003694.jpg,3,bird,bird,False,2,0,0.6525346040725708,283.6395,143.2916,391.7771,223.3019,0.9313219785690308,True,False,9.972762645914397,test
coco:948:3:2841,coco,948,2008_003694.jpg,3,bird,bird,False,2,1,0.522871196269989,71.1212,221.0249,206.7441,353.0734,0.9081546068191528,True,False,9.972762645914397,test
coco:948:3:2841,coco,948,2008_003694.jpg,3,bird,bird,False,2,2,0.4159669876098633,73.6628,218.7694,305.7813,354.577,0.5707436800003052,True,False,9.972762645914397,test
coco:948:3:2841,coco,948,2008_003694.jpg,3,bird,bird,False,2,3,0.20107103884220123,251.023,329.3989,303.902,353.471,0.0,False,True,0.0,test
coco:948:3:2841,coco,948,2008_003694.jpg,3,bird,bird,False,2,4,0.181514173746109,203.9762,303.706,303.8682,357.8812,0.014544069766998291,False,True,0.0,test
coco:948:3:2841,coco,948,2008_003694.jpg,3,bird,bird,False,2,5,0.15565422177314758,447.763,232.6307,453.6891,237.0782,0.0,False,True,0.0,test
coco:948:3:2841,coco,948,2008_003694.jpg,3,bird,bird,False,2,6,0.15553776919841766,291.4837,143.0204,361.4648,180.6477,0.2805786728858948,False,True,0.0,test
coco:948:3:2841,coco,948,2008_003694.jpg,3,bird,bird,False,2,7,0.1159524917602539,94.0398,290.4013,163.5621,354.1506,0.2247462272644043,False,True,0.0,test
coco:948:3:2841,coco,948,2008_003694.jpg,3,bird,bird,False,2,8,0.11264237016439438,236.7717,214.2591,279.3955,263.7385,0.0,False,True,0.0,test
coco:948:3:2841,coco,948,2008_003694.jpg,3,bird,bird,False,2,9,0.10369528084993362,200.6456,303.1817,236.5007,355.5248,0.02547677792608738,False,True,0.0,test
coco:948:3:2841,coco,948,2008_003694.jpg,3,bird,bird,False,2,10,0.09953896701335907,81.185,58.3865,301.6865,380.2194,0.2417483925819397,False,True,0.0,test
coco:948:3:2841,coco,948,2008_003694.jpg,3,bird,bird,False,2,11,0.08055256307125092,215.0358,320.7039,224.8108,329.7462,0.0,False,True,0.0,test
coco:948:3:2841,coco,948,2008_003694.jpg,3,bird,bird,False,2,12,0.08049193769693375,247.2491,250.9507,281.0449,261.2523,0.0,False,True,0.0,test
coco:948:3:2841,coco,948,2008_003694.jpg,3,bird,bird,False,2,13,0.0697375163435936,235.1109,213.0595,248.7368,262.3598,0.0,False,True,0.0,test
coco:948:3:2841,coco,948,2008_003694.jpg,3,bird,bird,False,2,14,0.059525083750486374,204.5788,307.7877,232.0326,333.4016,0.00811863411217928,False,True,0.0,test
coco:948:3:2841,coco,948,2008_003694.jpg,3,bird,bird,False,2,15,0.05316445231437683,288.6098,141.1013,366.7661,218.2231,0.6238610744476318,True,False,0.0,test
coco:950:18:2847,coco,950,2008_003709.jpg,18,sofa,sofa,False,2,0,0.6130052804946899,154.299,146.2976,310.2997,240.1423,0.9235044121742249,True,False,9.972762645914397,test
coco:950:18:2847,coco,950,2008_003709.jpg,18,sofa,sofa,False,2,1,0.5295870900154114,290.4176,199.2626,497.9539,332.991,0.9111805558204651,True,False,9.972762645914397,test
coco:950:18:2847,coco,950,2008_003709.jpg,18,sofa,sofa,False,2,2,0.09125438332557678,363.0288,202.7281,477.7479,262.3214,0.2277691662311554,False,True,0.0,test
coco:950:18:2847,coco,950,2008_003709.jpg,18,sofa,sofa,False,2,3,0.08516492694616318,387.2066,202.0529,497.0465,327.5272,0.4591730237007141,False,True,0.0,test
coco:954:8:2861,coco,954,2008_003721.jpg,8,cat,cat,True,0,0,0.06404150277376175,36.384,383.0985,76.6195,421.5534,0.0,False,True,0.0,test
coco:956:15:2865,coco,956,2008_003733.jpg,15,person,person,False,2,0,0.17021919786930084,48.624,112.7914,359.8486,498.8012,0.9670225977897644,True,False,0.0,test
coco:956:15:2865,coco,956,2008_003733.jpg,15,person,person,False,2,1,0.10911573469638824,188.9655,180.0316,372.6679,497.5243,0.9483295679092407,True,False,0.0,test
coco:956:15:2865,coco,956,2008_003733.jpg,15,person,person,False,2,2,0.05347903072834015,49.553,112.1224,238.4335,502.0968,0.6030881404876709,True,False,0.0,test
coco:959:1:2874,coco,959,2008_003744.jpg,1,aeroplane,aeroplane,False,1,0,0.555242121219635,2.4607,68.1184,499.32,375.4538,0.9938631653785706,True,False,9.972762645914397,test
coco:959:1:2874,coco,959,2008_003744.jpg,1,aeroplane,aeroplane,False,1,1,0.38794776797294617,-0.0707,217.3982,197.811,374.3448,0.2014123797416687,False,True,9.972762645914397,test
coco:959:1:2874,coco,959,2008_003744.jpg,1,aeroplane,aeroplane,False,1,2,0.1553531289100647,3.1566,161.7319,497.6767,373.4478,0.683436930179596,True,False,0.0,test
coco:959:1:2874,coco,959,2008_003744.jpg,1,aeroplane,aeroplane,False,1,3,0.15530167520046234,-7.4287,71.9364,335.2377,372.9854,0.6461288928985596,True,False,0.0,test
coco:959:1:2874,coco,959,2008_003744.jpg,1,aeroplane,aeroplane,False,1,4,0.11090568453073502,-0.2773,138.4952,210.7015,374.3674,0.3222448229789734,False,True,0.0,test
coco:959:1:2874,coco,959,2008_003744.jpg,1,aeroplane,aeroplane,False,1,5,0.09155289083719254,0.4194,195.5684,295.2775,373.0152,0.3406389355659485,False,True,0.0,test
coco:959:1:2874,coco,959,2008_003744.jpg,1,aeroplane,aeroplane,False,1,6,0.055324144661426544,206.6028,71.989,338.5916,193.1025,0.10434959083795547,False,True,0.0,test
coco:961:2:2882,coco,961,2008_003749.jpg,2,bicycle,bicycle,True,0,0,0.13967286050319672,4.6774,-0.6272,495.7497,389.3212,0.0,False,True,0.0,test
coco:962:5:2885,coco,962,2008_003753.jpg,5,bottle,bottle,True,0,0,0.2755940854549408,274.9598,240.2129,287.7197,274.9579,0.0,False,True,9.972762645914397,test
coco:962:5:2885,coco,962,2008_003753.jpg,5,bottle,bottle,True,0,1,0.0796477198600769,52.9355,148.4135,59.1019,184.8462,0.0,False,True,0.0,test
coco:962:5:2885,coco,962,2008_003753.jpg,5,bottle,bottle,True,0,2,0.06500638276338577,112.7035,99.932,124.5982,130.2526,0.0,False,True,0.0,test
coco:962:5:2885,coco,962,2008_003753.jpg,5,bottle,bottle,True,0,3,0.05189106985926628,97.5028,270.6577,111.4005,287.3757,0.0,False,True,0.0,test
coco:962:5:2885,coco,962,2008_003753.jpg,5,bottle,bottle,True,0,4,0.051310840994119644,274.0721,257.9583,281.7777,274.559,0.0,False,True,0.0,test
coco:963:15:2886,coco,963,2008_003754.jpg,15,person,person,False,1,0,0.3030877411365509,129.0091,35.2929,360.388,289.3318,0.9768097996711731,True,False,9.972762645914397,test
coco:965:15:2892,coco,965,2008_003756.jpg,15,person,person,False,6,0,0.3567450940608978,296.5743,81.1925,367.8818,315.4263,0.9295588731765747,True,False,9.972762645914397,test
coco:965:15:2892,coco,965,2008_003756.jpg,15,person,person,False,6,1,0.33210092782974243,71.3778,103.2849,148.7313,358.9953,0.9594175815582275,True,False,9.972762645914397,test
coco:965:15:2892,coco,965,2008_003756.jpg,15,person,person,False,6,2,0.3252493739128113,350.1669,82.8543,419.5952,325.7243,0.8628360629081726,True,False,9.972762645914397,test
coco:965:15:2892,coco,965,2008_003756.jpg,15,person,person,False,6,3,0.3207103908061981,187.8805,109.1334,254.8517,329.0743,0.8323109745979309,True,False,9.972762645914397,test
coco:965:15:2892,coco,965,2008_003756.jpg,15,person,person,False,6,4,0.31149959564208984,142.9142,121.2543,212.0295,347.1195,0.853257954120636,True,False,9.972762645914397,test
coco:965:15:2892,coco,965,2008_003756.jpg,15,person,person,False,6,5,0.30282047390937805,215.5027,161.3973,275.3506,331.4292,0.9207600355148315,True,False,9.972762645914397,test
coco:965:15:2892,coco,965,2008_003756.jpg,15,person,person,False,6,6,0.06715381145477295,187.5953,108.0244,252.6562,197.7088,0.3808075785636902,False,True,0.0,test
coco:965:4:2894,coco,965,2008_003756.jpg,4,boat,boat,True,0,0,0.24990472197532654,-2.1884,1.1901,324.3191,267.2788,0.0,False,True,9.972762645914397,test
coco:965:4:2894,coco,965,2008_003756.jpg,4,boat,boat,True,0,1,0.06792107969522476,3.1433,3.3291,452.1266,261.5393,0.0,False,True,0.0,test
coco:965:4:2894,coco,965,2008_003756.jpg,4,boat,boat,True,0,2,0.061163581907749176,139.5294,0.3377,320.5911,210.9048,0.0,False,True,0.0,test
coco:966:3:2895,coco,966,2008_003763.jpg,3,bird,bird,False,1,0,0.6689448356628418,104.579,42.5762,387.4591,374.0494,0.9541008472442627,True,False,9.972762645914397,test
coco:966:3:2895,coco,966,2008_003763.jpg,3,bird,bird,False,1,1,0.2043292075395584,189.0027,280.5477,286.1498,374.9431,0.10191873461008072,False,True,0.0,test
coco:966:3:2895,coco,966,2008_003763.jpg,3,bird,bird,False,1,2,0.09148107469081879,186.5506,232.5423,289.3219,373.6518,0.1611764132976532,False,True,0.0,test
coco:966:3:2895,coco,966,2008_003763.jpg,3,bird,bird,False,1,3,0.05844344198703766,117.2757,53.5645,368.3323,259.6364,0.5749945044517517,True,False,0.0,test
coco:966:3:2895,coco,966,2008_003763.jpg,3,bird,bird,False,1,4,0.05806729197502136,4.1527,1.2947,471.5594,374.0431,0.5141400694847107,True,False,0.0,test
coco:966:3:2895,coco,966,2008_003763.jpg,3,bird,bird,False,1,5,0.05225063115358353,-1.2336,-0.2514,106.9295,373.8855,0.0023204300086945295,False,True,0.0,test
coco:967:15:2898,coco,967,2008_003766.jpg,15,person,person,False,1,0,0.2886575162410736,31.2105,126.7693,234.8153,501.6321,0.9774137139320374,True,False,9.972762645914397,test
coco:968:16:2901,coco,968,2008_003767.jpg,16,pottedplant,pottedplant,False,1,0,0.32420000433921814,1.4628,1.0065,397.9504,302.0889,0.9868307113647461,True,False,9.972762645914397,test
coco:968:16:2901,coco,968,2008_003767.jpg,16,pottedplant,pottedplant,False,1,1,0.05844026431441307,111.7851,192.6472,324.7446,299.5402,0.19081036746501923,False,True,0.0,test
coco:969:2:2904,coco,969,2008_003768.jpg,2,bicycle,bicycle,False,1,0,0.5895224809646606,80.536,133.1123,367.9968,342.1208,0.971612274646759,True,False,9.972762645914397,test
coco:969:2:2904,coco,969,2008_003768.jpg,2,bicycle,bicycle,False,1,1,0.07861282676458359,182.8391,159.0642,194.1091,178.387,0.0035855111200362444,False,True,0.0,test
coco:969:2:2904,coco,969,2008_003768.jpg,2,bicycle,bicycle,False,1,2,0.062703438103199,477.0089,191.7002,499.1895,250.6943,0.0,False,True,0.0,test
coco:969:2:2904,coco,969,2008_003768.jpg,2,bicycle,bicycle,False,1,3,0.060906700789928436,213.1055,96.2269,239.0566,145.4774,0.004403810016810894,False,True,0.0,test
coco:969:2:2904,coco,969,2008_003768.jpg,2,bicycle,bicycle,False,1,4,0.05011177062988281,269.099,193.036,368.5283,309.5744,0.19078199565410614,False,True,0.0,test
coco:973:15:2916,coco,973,2008_003780.jpg,15,person,person,False,6,0,0.34923112392425537,287.236,112.3171,408.1844,377.7214,0.9553230404853821,True,False,9.972762645914397,test
coco:973:15:2916,coco,973,2008_003780.jpg,15,person,person,False,6,1,0.3397465646266937,78.197,116.9843,196.2167,376.2048,0.8056472539901733,True,False,9.972762645914397,test
coco:973:15:2916,coco,973,2008_003780.jpg,15,person,person,False,6,2,0.335272878408432,155.094,167.8141,297.5286,374.4628,0.9189528226852417,True,False,9.972762645914397,test
coco:973:15:2916,coco,973,2008_003780.jpg,15,person,person,False,6,3,0.2881777286529541,239.2591,103.1112,304.8063,377.0898,0.3787429630756378,False,True,9.972762645914397,test
coco:973:15:2916,coco,973,2008_003780.jpg,15,person,person,False,6,4,0.2553865611553192,173.1417,117.0833,219.7628,252.7901,0.3603720963001251,False,True,9.972762645914397,test
coco:973:15:2916,coco,973,2008_003780.jpg,15,person,person,False,6,5,0.18126939237117767,192.8765,119.4366,296.4082,374.8712,0.6375487446784973,True,False,0.0,test
coco:973:15:2916,coco,973,2008_003780.jpg,15,person,person,False,6,6,0.1757175773382187,167.512,118.4741,221.8729,371.017,0.35306456685066223,False,True,0.0,test
coco:973:15:2916,coco,973,2008_003780.jpg,15,person,person,False,6,7,0.15040574967861176,244.7871,103.1874,303.5837,207.5521,0.5540470480918884,True,False,0.0,test
coco:973:15:2916,coco,973,2008_003780.jpg,15,person,person,False,6,8,0.14442609250545502,202.3331,118.1593,295.2961,250.9372,0.2322361171245575,False,True,0.0,test
coco:973:15:2916,coco,973,2008_003780.jpg,15,person,person,False,6,9,0.11641774326562881,178.5979,117.3523,218.9643,180.6028,0.8277969360351562,True,False,0.0,test
coco:973:15:2916,coco,973,2008_003780.jpg,15,person,person,False,6,10,0.06697298586368561,429.5037,214.7484,498.8546,365.0412,0.0,False,True,0.0,test
coco:973:15:2916,coco,973,2008_003780.jpg,15,person,person,False,6,11,0.05267879366874695,140.7461,119.4072,219.4841,210.6113,0.3072480857372284,False,True,0.0,test
coco:974:13:2919,coco,974,2008_003782.jpg,13,horse,horse,False,1,0,0.7018663287162781,83.4918,142.5411,379.6813,344.7238,0.9427329301834106,True,False,9.972762645914397,test
coco:974:13:2919,coco,974,2008_003782.jpg,13,horse,horse,False,1,1,0.06331444531679153,317.9175,202.5121,334.2397,214.6647,0.003136484185233712,False,True,0.0,test
coco:974:13:2919,coco,974,2008_003782.jpg,13,horse,horse,False,1,2,0.057220421731472015,409.2606,199.0237,439.3806,217.6168,0.0,False,True,0.0,test
coco:974:13:2919,coco,974,2008_003782.jpg,13,horse,horse,False,1,3,0.051814861595630646,75.0885,194.1354,80.596,204.5872,0.0,False,True,0.0,test
coco:975:3:2922,coco,975,2008_003789.jpg,3,bird,bird,False,2,0,0.610653281211853,54.7567,208.9377,219.1323,473.6104,0.9467015266418457,True,False,9.972762645914397,test
coco:975:3:2922,coco,975,2008_003789.jpg,3,bird,bird,False,2,1,0.5372366905212402,71.8677,44.4667,289.5359,459.1611,0.8638046383857727,True,False,9.972762645914397,test
coco:975:3:2922,coco,975,2008_003789.jpg,3,bird,bird,False,2,2,0.2073531597852707,84.0953,313.3779,201.696,472.4506,0.4363813102245331,False,True,0.0,test
coco:975:3:2922,coco,975,2008_003789.jpg,3,bird,bird,False,2,3,0.1632585972547531,109.5593,218.9858,228.2729,423.5417,0.5180032253265381,True,False,0.0,test
coco:975:3:2922,coco,975,2008_003789.jpg,3,bird,bird,False,2,4,0.09996232390403748,202.4174,108.1784,233.153,162.2503,0.021314462646842003,False,True,0.0,test
coco:975:3:2922,coco,975,2008_003789.jpg,3,bird,bird,False,2,5,0.09931584447622299,233.7308,0.1691,259.0805,36.4542,0.0,False,True,0.0,test
coco:975:3:2922,coco,975,2008_003789.jpg,3,bird,bird,False,2,6,0.0807933509349823,59.4748,206.4252,278.8611,468.3679,0.7216435074806213,True,False,0.0,test
coco:975:3:2922,coco,975,2008_003789.jpg,3,bird,bird,False,2,7,0.07922209054231644,84.7669,315.0985,143.0199,437.3169,0.1698375642299652,False,True,0.0,test
coco:975:3:2922,coco,975,2008_003789.jpg,3,bird,bird,False,2,8,0.07845919579267502,55.1298,206.8185,120.9956,312.8006,0.15037967264652252,False,True,0.0,test
coco:975:3:2922,coco,975,2008_003789.jpg,3,bird,bird,False,2,9,0.060152363032102585,124.0215,116.873,245.6488,457.7784,0.4703545868396759,False,True,0.0,test
coco:975:3:2922,coco,975,2008_003789.jpg,3,bird,bird,False,2,10,0.05302422493696213,68.9922,230.8333,104.2996,282.5617,0.043568555265665054,False,True,0.0,test
coco:977:7:2928,coco,977,2008_003794.jpg,7,car,car,False,4,0,0.4420732259750366,131.9495,185.7647,160.4742,208.5109,0.8720800280570984,True,False,9.972762645914397,test
coco:977:7:2928,coco,977,2008_003794.jpg,7,car,car,False,4,1,0.42325910925865173,224.8147,181.3525,245.4168,197.299,0.06390875577926636,False,True,9.972762645914397,test
coco:977:7:2928,coco,977,2008_003794.jpg,7,car,car,False,4,2,0.3775181472301483,239.4172,182.9433,302.1747,206.3335,0.8723843097686768,True,False,9.972762645914397,test
coco:977:7:2928,coco,977,2008_003794.jpg,7,car,car,False,4,3,0.36542409658432007,176.4502,168.8259,227.3961,212.1059,0.9333201050758362,True,False,9.972762645914397,test
coco:977:7:2928,coco,977,2008_003794.jpg,7,car,car,False,4,4,0.36530548334121704,157.8285,178.497,173.1908,192.1114,0.032123588025569916,False,True,9.972762645914397,test
coco:977:7:2928,coco,977,2008_003794.jpg,7,car,car,False,4,5,0.3524463474750519,122.4305,177.3542,149.7556,199.4218,0.2512652277946472,False,True,9.972762645914397,test
coco:977:7:2928,coco,977,2008_003794.jpg,7,car,car,False,4,6,0.33830779790878296,86.1991,178.9697,110.9936,196.119,0.07841398566961288,False,True,9.972762645914397,test
coco:977:7:2928,coco,977,2008_003794.jpg,7,car,car,False,4,7,0.3305831551551819,24.4802,184.498,99.3402,208.6716,0.9520572423934937,True,False,9.972762645914397,test
coco:977:7:2928,coco,977,2008_003794.jpg,7,car,car,False,4,8,0.31378304958343506,62.3191,180.2119,106.6908,199.2331,0.26759570837020874,False,True,9.972762645914397,test
coco:977:7:2928,coco,977,2008_003794.jpg,7,car,car,False,4,9,0.3097255825996399,144.6058,181.5641,159.0728,191.6564,0.12132780253887177,False,True,9.972762645914397,test
coco:977:7:2928,coco,977,2008_003794.jpg,7,car,car,False,4,10,0.2836839258670807,170.2937,180.7868,179.3061,197.1893,0.015727967023849487,False,True,9.972762645914397,test
coco:977:7:2928,coco,977,2008_003794.jpg,7,car,car,False,4,11,0.24499204754829407,123.4423,176.493,145.1551,189.2854,0.06311549991369247,False,True,9.972762645914397,test
coco:977:7:2928,coco,977,2008_003794.jpg,7,car,car,False,4,12,0.22868134081363678,125.2026,187.0253,134.4932,199.5394,0.053535096347332,False,True,9.972762645914397,test
coco:977:7:2928,coco,977,2008_003794.jpg,7,car,car,False,4,13,0.2134641855955124,66.8411,181.8858,103.3204,201.9423,0.29574260115623474,False,True,0.0,test
coco:977:7:2928,coco,977,2008_003794.jpg,7,car,car,False,4,14,0.21254290640354156,121.8266,176.5753,178.3818,208.0246,0.3945927917957306,False,True,0.0,test
coco:977:7:2928,coco,977,2008_003794.jpg,7,car,car,False,4,15,0.20573830604553223,222.5818,179.0934,232.2445,186.948,0.018278134986758232,False,True,0.0,test
coco:977:7:2928,coco,977,2008_003794.jpg,7,car,car,False,4,16,0.1980801522731781,23.4761,177.752,112.5723,208.3903,0.6590824723243713,True,False,0.0,test
coco:977:7:2928,coco,977,2008_003794.jpg,7,car,car,False,4,17,0.1682620346546173,94.7773,188.2537,102.3237,202.327,0.03852854669094086,False,True,0.0,test
coco:977:7:2928,coco,977,2008_003794.jpg,7,car,car,False,4,18,0.16611827909946442,23.8006,185.2103,63.6586,208.545,0.4740382730960846,False,True,0.0,test
coco:977:7:2928,coco,977,2008_003794.jpg,7,car,car,False,4,19,0.1610865592956543,94.4935,179.8722,110.9518,196.1953,0.03234008699655533,False,True,0.0,test
coco:977:7:2928,coco,977,2008_003794.jpg,7,car,car,False,4,20,0.13527965545654297,224.641,183.2977,238.2262,197.0033,0.018905285745859146,False,True,0.0,test
coco:977:7:2928,coco,977,2008_003794.jpg,7,car,car,False,4,21,0.11697728931903839,150.1098,182.1982,159.407,191.1388,0.07411693036556244,False,True,0.0,test
coco:977:7:2928,coco,977,2008_003794.jpg,7,car,car,False,4,22,0.10814885050058365,22.1332,170.2418,301.4707,210.3516,0.1785992830991745,False,True,0.0,test
coco:977:7:2928,coco,977,2008_003794.jpg,7,car,car,False,4,23,0.10737356543540955,336.0943,195.9486,348.9536,207.5824,0.0,False,True,0.0,test
coco:977:7:2928,coco,977,2008_003794.jpg,7,car,car,False,4,24,0.10530492663383484,121.054,176.1254,175.8401,197.1072,0.24721789360046387,False,True,0.0,test
coco:977:7:2928,coco,977,2008_003794.jpg,7,car,car,False,4,25,0.08561092615127563,141.274,168.9754,299.5319,211.3836,0.31579315662384033,False,True,0.0,test
coco:977:7:2928,coco,977,2008_003794.jpg,7,car,car,False,4,26,0.08527408540248871,173.8854,180.4454,179.0951,184.5404,0.0037176168989390135,False,True,0.0,test
coco:977:7:2928,coco,977,2008_003794.jpg,7,car,car,False,4,27,0.0841151773929596,170.7474,186.8896,177.5372,197.4986,0.002413547830656171,False,True,0.0,test
coco:977:7:2928,coco,977,2008_003794.jpg,7,car,car,False,4,28,0.07663621008396149,132.8556,185.7803,159.196,199.711,0.4931986331939697,False,True,0.0,test
coco:977:7:2928,coco,977,2008_003794.jpg,7,car,car,False,4,29,0.07344487309455872,124.5623,182.5923,136.0384,199.4763,0.08433735370635986,False,True,0.0,test
coco:977:7:2928,coco,977,2008_003794.jpg,7,car,car,False,4,30,0.06524279713630676,23.0172,175.1898,186.2583,208.1731,0.3328862190246582,False,True,0.0,test
coco:977:7:2928,coco,977,2008_003794.jpg,7,car,car,False,4,31,0.06437544524669647,176.7217,170.8198,187.2023,187.7129,0.07494422793388367,False,True,0.0,test
coco:977:7:2928,coco,977,2008_003794.jpg,7,car,car,False,4,32,0.06382488459348679,293.9541,187.4202,303.0409,200.139,0.06899917125701904,False,True,0.0,test
coco:977:7:2928,coco,977,2008_003794.jpg,7,car,car,False,4,33,0.06271613389253616,57.4841,185.3894,99.4436,208.9688,0.5276685953140259,True,False,0.0,test
coco:977:7:2928,coco,977,2008_003794.jpg,7,car,car,False,4,34,0.060134902596473694,113.8618,168.0205,125.3116,191.9544,0.0,False,True,0.0,test
coco:977:7:2928,coco,977,2008_003794.jpg,7,car,car,False,4,35,0.05607667937874794,233.6973,186.1331,245.5484,196.7712,0.05317636951804161,False,True,0.0,test
coco:977:7:2928,coco,977,2008_003794.jpg,7,car,car,False,4,36,0.05497483164072037,238.9682,184.739,269.8156,205.7668,0.3872556686401367,False,True,0.0,test
coco:977:7:2928,coco,977,2008_003794.jpg,7,car,car,False,4,37,0.05421293526887894,35.3591,186.2007,59.2576,194.265,0.10278677195310593,False,True,0.0,test
coco:977:7:2928,coco,977,2008_003794.jpg,7,car,car,False,4,38,0.054142121225595474,286.7064,137.4301,337.5385,193.1854,0.040651291608810425,False,True,0.0,test
coco:977:7:2928,coco,977,2008_003794.jpg,7,car,car,False,4,39,0.05353737622499466,100.3018,189.5724,109.1225,196.5325,0.0,False,True,0.0,test
coco:977:7:2928,coco,977,2008_003794.jpg,7,car,car,False,4,40,0.05313601344823837,289.8224,138.3834,320.5215,191.7412,0.0388602539896965,False,True,0.0,test
coco:978:12:2931,coco,978,2008_003799.jpg,12,dog,dog,False,1,0,0.629977822303772,146.6658,103.6773,379.5744,300.5589,0.9421496987342834,True,False,9.972762645914397,test
coco:978:12:2931,coco,978,2008_003799.jpg,12,dog,dog,False,1,1,0.06710929423570633,160.6061,2.3599,321.0161,273.9042,0.42496034502983093,False,True,0.0,test
coco:978:12:2931,coco,978,2008_003799.jpg,12,dog,dog,False,1,2,0.05054398998618126,161.6378,112.9549,316.9505,269.2979,0.5193579792976379,True,False,0.0,test
coco:979:15:2934,coco,979,2008_003800.jpg,15,person,person,False,1,0,0.2806805968284607,182.6094,93.2977,497.0633,374.9609,0.9589949250221252,True,False,9.972762645914397,test
coco:980:12:2937,coco,980,2008_003801.jpg,12,dog,dog,False,2,0,0.5566719174385071,178.4799,100.0909,497.789,374.3893,0.8135050535202026,True,False,9.972762645914397,test
coco:980:12:2937,coco,980,2008_003801.jpg,12,dog,dog,False,2,1,0.2990281879901886,209.9546,0.317,362.2549,146.1429,0.8551298379898071,True,False,9.972762645914397,test
coco:980:12:2937,coco,980,2008_003801.jpg,12,dog,dog,False,2,2,0.2680906653404236,171.3487,2.5816,365.1205,373.2131,0.5284721851348877,True,False,9.972762645914397,test
coco:980:12:2937,coco,980,2008_003801.jpg,12,dog,dog,False,2,3,0.1462019383907318,3.9484,1.8719,495.0616,375.5613,0.389835000038147,False,True,0.0,test
coco:981:15:2940,coco,981,2008_003805.jpg,15,person,person,False,2,0,0.22603067755699158,242.8214,10.747,434.565,376.653,0.9759308695793152,True,False,9.972762645914397,test
coco:981:15:2940,coco,981,2008_003805.jpg,15,person,person,False,2,1,0.2100018560886383,-0.64,221.2423,187.7254,389.5735,0.974367082118988,True,False,0.0,test
coco:981:15:2940,coco,981,2008_003805.jpg,15,person,person,False,2,2,0.11838357150554657,446.5977,306.3777,496.6143,384.4339,0.0,False,True,0.0,test
coco:983:15:2946,coco,983,2008_003813.jpg,15,person,person,False,2,0,0.30208396911621094,202.6617,54.4485,396.2347,334.4615,0.5306295156478882,True,False,9.972762645914397,test
coco:983:15:2946,coco,983,2008_003813.jpg,15,person,person,False,2,1,0.1634458750486374,261.2618,98.4404,371.7858,333.5558,0.9408500790596008,True,False,0.0,test
coco:983:15:2946,coco,983,2008_003813.jpg,15,person,person,False,2,2,0.13488836586475372,261.1599,97.4046,364.3983,211.5206,0.42002296447753906,False,True,0.0,test
coco:983:15:2946,coco,983,2008_003813.jpg,15,person,person,False,2,3,0.12399404495954514,80.4394,241.5491,159.9081,336.2672,0.0,False,True,0.0,test
coco:983:15:2946,coco,983,2008_003813.jpg,15,person,person,False,2,4,0.09589830785989761,203.0558,54.1851,395.1744,211.6601,0.9526544213294983,True,False,0.0,test
coco:983:15:2946,coco,983,2008_003813.jpg,15,person,person,False,2,5,0.0751597061753273,331.9084,233.196,373.1092,335.0228,0.15260271728038788,False,True,0.0,test
coco:984:15:2949,coco,984,2008_003820.jpg,15,person,person,False,1,0,0.44348686933517456,53.9157,-0.4146,225.9569,361.0497,0.9063506126403809,True,False,9.972762645914397,test
coco:985:9:2952,coco,985,2008_003821.jpg,9,chair,chair,False,1,0,0.4111679792404175,33.1856,162.3298,231.8964,493.8208,0.9900909066200256,True,False,9.972762645914397,test
coco:985:9:2952,coco,985,2008_003821.jpg,9,chair,chair,False,1,1,0.08542200922966003,29.6611,161.9203,331.3203,493.6003,0.653045117855072,True,False,0.0,test
coco:985:9:2952,coco,985,2008_003821.jpg,9,chair,chair,False,1,2,0.06868608295917511,262.935,195.9724,332.1901,428.423,0.0,False,True,0.0,test
coco:985:9:2952,coco,985,2008_003821.jpg,9,chair,chair,False,1,3,0.06766979396343231,325.8527,297.8082,332.6199,424.4686,0.0,False,True,0.0,test
coco:986:15:2955,coco,986,2008_003825.jpg,15,person,person,False,6,0,0.2683798372745514,351.3044,24.8508,422.8471,401.9774,0.9387913942337036,True,False,9.972762645914397,test
coco:986:15:2955,coco,986,2008_003825.jpg,15,person,person,False,6,1,0.25692465901374817,258.9313,10.1576,397.527,406.6063,0.8432663679122925,True,False,9.972762645914397,test
coco:986:15:2955,coco,986,2008_003825.jpg,15,person,person,False,6,2,0.24311000108718872,387.3054,0.765,500.3174,410.3455,0.8591867089271545,True,False,9.972762645914397,test
coco:986:15:2955,coco,986,2008_003825.jpg,15,person,person,False,6,3,0.21335916221141815,82.6618,360.4297,147.9882,416.5402,0.9598048329353333,True,False,0.0,test
coco:986:15:2955,coco,986,2008_003825.jpg,15,person,person,False,6,4,0.20868481695652008,172.1922,294.4395,244.9392,440.3855,0.3496229648590088,False,True,0.0,test
coco:986:15:2955,coco,986,2008_003825.jpg,15,person,person,False,6,5,0.2038641721010208,22.9524,57.7132,187.9913,314.4751,0.9650341272354126,True,False,0.0,test
coco:986:15:2955,coco,986,2008_003825.jpg,15,person,person,False,6,6,0.18537834286689758,351.5901,381.7256,386.1862,416.8439,0.03962504863739014,False,True,0.0,test
coco:986:15:2955,coco,986,2008_003825.jpg,15,person,person,False,6,7,0.16866664588451385,175.1026,296.1275,238.874,348.75,0.8726817965507507,True,False,0.0,test
coco:986:15:2955,coco,986,2008_003825.jpg,15,person,person,False,6,8,0.14486001431941986,355.4567,25.196,421.4242,227.7621,0.47588229179382324,False,True,0.0,test
coco:986:15:2955,coco,986,2008_003825.jpg,15,person,person,False,6,9,0.10274235159158707,362.3482,24.6873,420.4261,152.2463,0.2638303339481354,False,True,0.0,test
coco:986:15:2955,coco,986,2008_003825.jpg,15,person,person,False,6,10,0.10267988592386246,351.4928,379.8016,371.4989,416.1746,0.02432766929268837,False,True,0.0,test
coco:986:15:2955,coco,986,2008_003825.jpg,15,person,person,False,6,11,0.08947551995515823,355.1845,24.4289,413.8303,133.0529,0.2268637865781784,False,True,0.0,test
coco:986:15:2955,coco,986,2008_003825.jpg,15,person,person,False,6,12,0.07247947156429291,282.46,408.109,329.8428,416.865,0.007005869876593351,False,True,0.0,test
coco:986:15:2955,coco,986,2008_003825.jpg,15,person,person,False,6,13,0.07090023905038834,362.8637,385.0597,384.7614,416.7551,0.022520247846841812,False,True,0.0,test
coco:987:19:2958,coco,987,2008_003826.jpg,19,train,train,False,2,0,0.7305287718772888,68.2774,167.7669,207.9866,270.1382,0.9592363834381104,True,False,9.972762645914397,test
coco:987:19:2958,coco,987,2008_003826.jpg,19,train,train,False,2,1,0.7233087420463562,211.6787,135.079,402.5179,270.5728,0.949575662612915,True,False,9.972762645914397,test
coco:987:19:2958,coco,987,2008_003826.jpg,19,train,train,False,2,2,0.15035773813724518,66.1956,137.5649,401.6977,274.8531,0.5202489495277405,True,False,0.0,test
coco:987:19:2958,coco,987,2008_003826.jpg,19,train,train,False,2,3,0.12704212963581085,146.9434,153.3769,179.0243,169.7776,0.007913054898381233,False,True,0.0,test
coco:987:19:2958,coco,987,2008_003826.jpg,19,train,train,False,2,4,0.12540410459041595,7.1175,190.5365,37.6374,219.5567,0.0,False,True,0.0,test
coco:987:19:2958,coco,987,2008_003826.jpg,19,train,train,False,2,5,0.12194950878620148,156.6569,154.5811,176.1319,163.0543,0.0,False,True,0.0,test
coco:987:19:2958,coco,987,2008_003826.jpg,19,train,train,False,2,6,0.11732150614261627,0.3488,189.8702,69.221,220.8522,0.004053588956594467,False,True,0.0,test
coco:987:19:2958,coco,987,2008_003826.jpg,19,train,train,False,2,7,0.1074741780757904,304.6496,134.739,406.1982,261.0883,0.4946706295013428,False,True,0.0,test
coco:987:19:2958,coco,987,2008_003826.jpg,19,train,train,False,2,8,0.09275545179843903,411.031,186.8277,478.7882,208.8777,0.0,False,True,0.0,test
coco:987:19:2958,coco,987,2008_003826.jpg,19,train,train,False,2,9,0.0916101336479187,68.347,172.5788,132.1166,231.3817,0.25149843096733093,False,True,0.0,test
coco:987:19:2958,coco,987,2008_003826.jpg,19,train,train,False,2,10,0.08888775110244751,138.3989,265.8718,489.6876,374.7264,0.006858739536255598,False,True,0.0,test
coco:987:19:2958,coco,987,2008_003826.jpg,19,train,train,False,2,11,0.08648394048213959,428.7754,73.3324,499.773,113.5262,0.0,False,True,0.0,test
coco:987:19:2958,coco,987,2008_003826.jpg,19,train,train,False,2,12,0.07776237279176712,212.4154,151.8303,247.3525,222.5282,0.09375803172588348,False,True,0.0,test
coco:987:19:2958,coco,987,2008_003826.jpg,19,train,train,False,2,13,0.0704704001545906,210.1783,141.8953,310.287,236.4001,0.35187792778015137,False,True,0.0,test
coco:987:19:2958,coco,987,2008_003826.jpg,19,train,train,False,2,14,0.06434600055217743,36.5998,199.154,69.3307,222.1143,0.0034286181908100843,False,True,0.0,test
coco:987:19:2958,coco,987,2008_003826.jpg,19,train,train,False,2,15,0.06228082999587059,50.0842,188.7291,68.2029,206.5865,0.0014121097046881914,False,True,0.0,test
coco:987:19:2958,coco,987,2008_003826.jpg,19,train,train,False,2,16,0.06063267961144447,211.7881,148.7059,273.7289,228.5129,0.1867036670446396,False,True,0.0,test
coco:987:19:2958,coco,987,2008_003826.jpg,19,train,train,False,2,17,0.057320840656757355,85.0027,295.4005,99.0516,321.9473,0.0,False,True,0.0,test
coco:988:14:2961,coco,988,2008_003827.jpg,14,motorbike,motorbike,False,1,0,0.4476211369037628,20.5592,61.016,472.5795,300.0636,0.9933406710624695,True,False,9.972762645914397,test
coco:988:14:2961,coco,988,2008_003827.jpg,14,motorbike,motorbike,False,1,1,0.2833968997001648,122.2116,85.3982,170.1207,113.2286,0.012366926297545433,False,True,9.972762645914397,test
coco:988:14:2961,coco,988,2008_003827.jpg,14,motorbike,motorbike,False,1,2,0.22666139900684357,139.8955,90.1853,169.8747,111.8473,0.006023420952260494,False,True,9.972762645914397,test
coco:988:14:2961,coco,988,2008_003827.jpg,14,motorbike,motorbike,False,1,3,0.10298493504524231,51.3593,285.8871,472.9239,332.5584,0.04532557353377342,False,True,0.0,test
coco:988:14:2961,coco,988,2008_003827.jpg,14,motorbike,motorbike,False,1,4,0.09653986990451813,125.6739,92.2208,141.6871,113.3774,0.0031423037871718407,False,True,0.0,test
coco:988:14:2961,coco,988,2008_003827.jpg,14,motorbike,motorbike,False,1,5,0.08483859896659851,490.4071,57.5219,500.2932,93.9954,0.0,False,True,0.0,test
coco:988:14:2961,coco,988,2008_003827.jpg,14,motorbike,motorbike,False,1,6,0.06512650102376938,120.6003,82.3023,140.7946,113.9578,0.005929302889853716,False,True,0.0,test
coco:988:7:2962,coco,988,2008_003827.jpg,7,car,car,True,0,0,0.06627217680215836,122.2116,85.3982,170.1207,113.2286,0.0,False,True,0.0,test
coco:992:9:2973,coco,992,2008_003838.jpg,9,chair,chair,False,2,0,0.23058734834194183,0.3788,105.8127,121.2075,293.0699,0.06743250787258148,False,True,9.972762645914397,test
coco:992:9:2973,coco,992,2008_003838.jpg,9,chair,chair,False,2,1,0.20648130774497986,67.4491,1.527,500.2363,341.2249,0.9640684723854065,True,False,0.0,test
coco:992:9:2973,coco,992,2008_003838.jpg,9,chair,chair,False,2,2,0.11989809572696686,385.6402,67.7992,499.0261,192.1232,0.6349306106567383,True,False,0.0,test
coco:992:9:2973,coco,992,2008_003838.jpg,9,chair,chair,False,2,3,0.05853768065571785,385.4231,64.042,498.9211,317.9413,0.39113718271255493,False,True,0.0,test
coco:993:15:2976,coco,993,2008_003840.jpg,15,person,person,False,3,0,0.3592914640903473,283.0049,294.2061,310.8054,368.6384,0.951379120349884,True,False,9.972762645914397,test
coco:993:15:2976,coco,993,2008_003840.jpg,15,person,person,False,3,1,0.32848718762397766,328.7222,288.5689,350.8165,372.9992,0.8678975105285645,True,False,9.972762645914397,test
coco:993:15:2976,coco,993,2008_003840.jpg,15,person,person,False,3,2,0.32409748435020447,364.7813,342.6734,381.7298,376.2636,0.0,False,True,9.972762645914397,test
coco:993:15:2976,coco,993,2008_003840.jpg,15,person,person,False,3,3,0.2815186083316803,390.5667,342.0973,409.1588,375.8105,0.0,False,True,9.972762645914397,test
coco:993:15:2976,coco,993,2008_003840.jpg,15,person,person,False,3,4,0.20616714656352997,415.3963,346.041,445.6898,375.7932,0.8862786293029785,True,False,0.0,test
coco:993:15:2976,coco,993,2008_003840.jpg,15,person,person,False,3,5,0.06672050058841705,366.5089,333.2691,383.9333,365.4573,0.0,False,True,0.0,test
coco:993:15:2976,coco,993,2008_003840.jpg,15,person,person,False,3,6,0.05638899281620979,303.1177,343.5743,310.0482,359.5387,0.05086958780884743,False,True,0.0,test
coco:993:15:2976,coco,993,2008_003840.jpg,15,person,person,False,3,7,0.05562751740217209,392.2112,358.2401,402.7216,374.3092,0.0,False,True,0.0,test
coco:993:15:2976,coco,993,2008_003840.jpg,15,person,person,False,3,8,0.05179468169808388,101.3356,166.9029,117.5242,174.899,0.0,False,True,0.0,test
coco:993:15:2976,coco,993,2008_003840.jpg,15,person,person,False,3,9,0.051370736211538315,444.3951,368.1378,448.5789,375.3226,0.020308656617999077,False,True,0.0,test
coco:995:14:2982,coco,995,2008_003844.jpg,14,motorbike,motorbike,False,1,0,0.6116719245910645,268.7433,109.9338,340.97,190.6655,0.8563731908798218,True,False,9.972762645914397,test
coco:995:14:2982,coco,995,2008_003844.jpg,14,motorbike,motorbike,False,1,1,0.07599584758281708,303.737,121.4723,342.5753,183.7379,0.357523113489151,False,True,0.0,test
coco:995:14:2982,coco,995,2008_003844.jpg,14,motorbike,motorbike,False,1,2,0.05909016355872154,1.6222,166.9213,345.0521,337.9616,0.03616006672382355,False,True,0.0,test
coco:995:14:2982,coco,995,2008_003844.jpg,14,motorbike,motorbike,False,1,3,0.054778434336185455,281.9033,107.0601,299.6817,152.2581,0.11604081094264984,False,True,0.0,test
coco:995:19:2983,coco,995,2008_003844.jpg,19,train,train,True,0,0,0.18267303705215454,1.6222,166.9213,345.0521,337.9616,0.0,False,True,0.0,test
coco:995:19:2983,coco,995,2008_003844.jpg,19,train,train,True,0,1,0.08239225298166275,294.5012,234.4503,335.4227,296.4944,0.0,False,True,0.0,test
coco:995:19:2983,coco,995,2008_003844.jpg,19,train,train,True,0,2,0.059175170958042145,6.9502,237.7072,341.5736,337.9581,0.0,False,True,0.0,test
coco:995:19:2983,coco,995,2008_003844.jpg,19,train,train,True,0,3,0.05869113281369209,33.0493,203.8441,95.7919,255.3082,0.0,False,True,0.0,test
coco:995:9:2984,coco,995,2008_003844.jpg,9,chair,chair,True,0,0,0.07688050717115402,228.6123,130.7681,242.7066,140.755,0.0,False,True,0.0,test
coco:995:9:2984,coco,995,2008_003844.jpg,9,chair,chair,True,0,1,0.050606559962034225,70.8359,166.3872,259.5533,331.4593,0.0,False,True,0.0,test
coco:996:7:2985,coco,996,2008_003846.jpg,7,car,car,False,1,0,0.2621356248855591,21.1933,83.4569,474.3284,290.1458,0.9644809365272522,True,False,9.972762645914397,test
coco:996:7:2985,coco,996,2008_003846.jpg,7,car,car,False,1,1,0.25613731145858765,138.4022,130.1592,183.641,150.5326,0.009726355783641338,False,True,9.972762645914397,test
coco:996:7:2985,coco,996,2008_003846.jpg,7,car,car,False,1,2,0.24592304229736328,16.4417,134.4199,184.7778,266.8742,0.23433487117290497,False,True,9.972762645914397,test
coco:996:7:2985,coco,996,2008_003846.jpg,7,car,car,False,1,3,0.2199857234954834,16.2292,188.011,34.6998,248.533,0.011299094185233116,False,True,0.0,test
coco:996:7:2985,coco,996,2008_003846.jpg,7,car,car,False,1,4,0.17116186022758484,15.2794,180.2039,93.0496,269.3894,0.07146002352237701,False,True,0.0,test
coco:996:7:2985,coco,996,2008_003846.jpg,7,car,car,False,1,5,0.14718788862228394,127.045,128.3174,346.7839,250.1794,0.28258582949638367,False,True,0.0,test
coco:996:7:2985,coco,996,2008_003846.jpg,7,car,car,False,1,6,0.08209942281246185,426.1435,131.3769,461.138,166.431,0.012945365160703659,False,True,0.0,test
coco:996:7:2985,coco,996,2008_003846.jpg,7,car,car,False,1,7,0.07821626216173172,22.5867,189.4324,33.7808,207.3104,0.0021119480952620506,False,True,0.0,test
coco:996:7:2985,coco,996,2008_003846.jpg,7,car,car,False,1,8,0.07391707599163055,19.4645,131.2481,303.7443,266.2892,0.405122846364975,False,True,0.0,test
coco:996:7:2985,coco,996,2008_003846.jpg,7,car,car,False,1,9,0.07206255942583084,256.5471,228.8897,365.5727,251.436,0.02594050019979477,False,True,0.0,test
coco:996:7:2985,coco,996,2008_003846.jpg,7,car,car,False,1,10,0.06558021157979965,16.0426,223.7358,29.6895,246.364,0.0030294801108539104,False,True,0.0,test
coco:996:7:2985,coco,996,2008_003846.jpg,7,car,car,False,1,11,0.05172079801559448,291.3635,157.4209,382.7087,176.786,0.01866728626191616,False,True,0.0,test
coco:998:4:2991,coco,998,2008_003858.jpg,4,boat,boat,False,1,0,0.23523752391338348,6.5982,80.8711,499.8773,279.4705,0.8900222182273865,True,False,9.972762645914397,test
coco:998:4:2991,coco,998,2008_003858.jpg,4,boat,boat,False,1,1,0.05400063842535019,26.8539,252.2418,30.7434,254.5946,0.0001004763544187881,False,True,0.0,test
coco:999:15:2994,coco,999,2008_003860.jpg,15,person,person,False,1,0,0.3142874240875244,125.9581,27.7581,409.7335,375.4789,0.9686439037322998,True,False,9.972762645914397,test
