family_id,dataset,image_id,file_name,category_id,category_name,prompt,is_prompt_absent,gt_count,candidate_idx,score,x1,y1,x2,y2,max_iou,is_tp,is_null,evalue,split
lvis:81:3:2,lvis,81,train2017/000000000081.jpg,3,airplane,airplane,False,1,0,0.9781206250190735,36.3444,29.8156,622.7764,355.5579,0.993115246295929,True,False,9.972222222222221,test
lvis:139:61:3,lvis,139,val2017/000000000139.jpg,61,basket,basket,False,1,0,0.5202521085739136,605.2063,291.2581,640.0,360.8105,0.7448108792304993,True,False,9.972222222222221,test
lvis:154:1202:4,lvis,154,train2017/000000000154.jpg,1202,zebra,zebra,False,3,0,0.9653627276420593,17.1484,316.3068,359.2507,639.8968,0.9929293990135193,True,False,9.972222222222221,test
lvis:154:1202:4,lvis,154,train2017/000000000154.jpg,1202,zebra,zebra,False,3,1,0.9555812478065491,39.9613,191.6326,313.405,333.6731,0.9912991523742676,True,False,9.972222222222221,test
lvis:154:1202:4,lvis,154,train2017/000000000154.jpg,1202,zebra,zebra,False,3,2,0.9473633766174316,238.7689,94.2892,339.1077,155.8004,0.9545193910598755,True,False,9.972222222222221,test
lvis:165:923:5,lvis,165,train2017/000000000165.jpg,923,scissors,scissors,False,1,0,0.06794799119234085,66.8738,165.9749,474.1116,437.3133,0.5929887294769287,True,False,0.0,test
lvis:387:705:7,lvis,387,train2017/000000000387.jpg,705,mouse_(computer_equipment),mouse_(computer_equipment),False,1,0,0.19978554546833038,538.3976,0.0,640.0,55.6698,0.7272810339927673,True,False,0.0,test
lvis:387:705:7,lvis,387,train2017/000000000387.jpg,705,mouse_(computer_equipment),mouse_(computer_equipment),False,1,1,0.07525069266557693,148.6113,47.8833,631.8227,371.2353,0.0019168745493516326,False,True,0.0,test
lvis:397:469:9,lvis,397,train2017/000000000397.jpg,469,fork,fork,False,1,0,0.1486780047416687,179.1376,447.7047,251.0404,476.0251,0.0,False,True,0.0,test
lvis:722:544:19,lvis,722,train2017/000000000722.jpg,544,hat,hat,False,5,0,0.3451710343360901,400.8857,243.8298,408.457,250.8517,0.0,False,True,0.0,test
lvis:722:544:19,lvis,722,train2017/000000000722.jpg,544,hat,hat,False,5,1,0.15589846670627594,482.4716,240.7415,490.02,246.8312,0.7273086309432983,True,False,0.0,test
lvis:722:544:19,lvis,722,train2017/000000000722.jpg,544,hat,hat,False,5,2,0.13655395805835724,445.8138,242.0779,455.533,250.0091,0.5092191100120544,True,False,0.0,test
lvis:722:544:19,lvis,722,train2017/000000000722.jpg,544,hat,hat,False,5,3,0.11330834031105042,394.6674,277.8054,402.7231,283.6287,0.6060213446617126,True,False,0.0,test
lvis:724:800:20,lvis,724,val2017/000000000724.jpg,800,pickup_truck,pickup_truck,False,1,0,0.2569974958896637,19.908,260.1666,145.5329,313.5886,0.14686201512813568,False,True,0.0,test
lvis:724:800:20,lvis,724,val2017/000000000724.jpg,800,pickup_truck,pickup_truck,False,1,1,0.08265792578458786,102.6498,273.8717,145.276,310.5033,0.6196203827857971,True,False,0.0,test
lvis:802:1021:25,lvis,802,val2017/000000000802.jpg,1021,stove,stove,False,1,0,0.05316197872161865,34.2534,291.1152,160.3812,518.2547,0.9426402449607849,True,False,0.0,test
lvis:934:422:30,lvis,934,train2017/000000000934.jpg,422,elephant,elephant,False,3,0,0.9309617877006531,112.5048,220.0007,350.3935,416.9685,0.9819802045822144,True,False,9.972222222222221,test
lvis:934:422:30,lvis,934,train2017/000000000934.jpg,422,elephant,elephant,False,3,1,0.9053798913955688,48.0763,247.866,121.0268,351.6199,0.4400154948234558,False,True,9.972222222222221,test
lvis:934:422:30,lvis,934,train2017/000000000934.jpg,422,elephant,elephant,False,3,2,0.8990380764007568,227.228,227.6016,466.066,401.0535,0.8366069793701172,True,False,9.972222222222221,test
lvis:1011:34:35,lvis,1011,train2017/000000001011.jpg,34,backpack,backpack,False,3,0,0.743232250213623,464.8573,178.8039,495.5786,207.7988,0.9469759464263916,True,False,9.972222222222221,test
lvis:1011:34:35,lvis,1011,train2017/000000001011.jpg,34,backpack,backpack,False,3,1,0.40338805317878723,217.6158,346.1937,241.3145,378.9302,0.0,False,True,0.0,test
lvis:1011:34:35,lvis,1011,train2017/000000001011.jpg,34,backpack,backpack,False,3,2,0.3475896716117859,66.1467,209.1911,94.7717,240.1779,0.9833929538726807,True,False,0.0,test
lvis:1011:34:35,lvis,1011,train2017/000000001011.jpg,34,backpack,backpack,False,3,3,0.3288915753364563,200.0341,251.7076,230.6765,283.6553,0.0,False,True,0.0,test
lvis:1011:34:35,lvis,1011,train2017/000000001011.jpg,34,backpack,backpack,False,3,4,0.26575392484664917,66.1496,209.2593,85.818,230.4525,0.46904256939888,False,True,0.0,test
lvis:1011:34:35,lvis,1011,train2017/000000001011.jpg,34,backpack,backpack,False,3,5,0.2519358992576599,428.6616,318.4023,459.1447,349.3976,0.0,False,True,0.0,test
lvis:1011:34:35,lvis,1011,train2017/000000001011.jpg,34,backpack,backpack,False,3,6,0.2394450306892395,150.5075,400.2257,182.605,434.0504,0.0,False,True,0.0,test
lvis:1011:34:35,lvis,1011,train2017/000000001011.jpg,34,backpack,backpack,False,3,7,0.18569283187389374,66.0204,209.3958,84.7133,239.5588,0.637347936630249,True,False,0.0,test
lvis:1011:34:35,lvis,1011,train2017/000000001011.jpg,34,backpack,backpack,False,3,8,0.10168209671974182,82.3277,257.3813,123.2424,304.4178,0.0,False,True,0.0,test
lvis:1011:34:35,lvis,1011,train2017/000000001011.jpg,34,backpack,backpack,False,3,9,0.07905881851911545,428.797,312.4796,483.2389,349.9601,0.0,False,True,0.0,test
lvis:1205:110:40,lvis,1205,train2017/000000001205.jpg,110,blanket,blanket,False,1,0,0.07612231373786926,96.9472,242.8136,322.2535,363.6174,0.5501620769500732,True,False,0.0,test
lvis:1268:230:42,lvis,1268,val2017/000000001268.jpg,230,cellular_telephone,cellular_telephone,False,1,0,0.12968340516090393,518.6056,178.2155,553.549,199.0085,0.5133752226829529,True,False,0.0,test
lvis:1296:885:44,lvis,1296,val2017/000000001296.jpg,885,ring,ring,False,2,0,0.9131106734275818,322.8462,290.4332,341.4806,305.6552,0.8778331279754639,True,False,9.972222222222221,test
lvis:1296:885:44,lvis,1296,val2017/000000001296.jpg,885,ring,ring,False,2,1,0.8553622961044312,246.3233,331.5658,267.3423,348.5521,0.8107538819313049,True,False,9.972222222222221,test
lvis:1296:885:44,lvis,1296,val2017/000000001296.jpg,885,ring,ring,False,2,2,0.45294851064682007,249.3031,365.2069,264.1111,392.3654,0.0,False,True,0.0,test
lvis:1296:885:44,lvis,1296,val2017/000000001296.jpg,885,ring,ring,False,2,3,0.23088723421096802,170.8765,396.2252,250.9628,466.3215,0.0,False,True,0.0,test
lvis:1296:885:44,lvis,1296,val2017/000000001296.jpg,885,ring,ring,False,2,4,0.22203801572322845,246.1311,331.2952,277.5092,351.0291,0.5333201289176941,True,False,0.0,test
lvis:1296:885:44,lvis,1296,val2017/000000001296.jpg,885,ring,ring,False,2,5,0.12600140273571014,339.9286,383.6326,415.3458,428.5134,0.0,False,True,0.0,test
lvis:1323:225:45,lvis,1323,train2017/000000001323.jpg,225,cat,cat,False,1,0,0.9578795433044434,265.7858,121.3563,419.0887,337.761,0.9877488613128662,True,False,9.972222222222221,test
lvis:1490:745:51,lvis,1490,val2017/000000001490.jpg,745,paddle,paddle,False,1,0,0.24077248573303223,398.7911,160.4828,478.9026,223.4437,0.8820030689239502,True,False,0.0,test
lvis:1490:745:51,lvis,1490,val2017/000000001490.jpg,745,paddle,paddle,False,1,1,0.17524579167366028,398.4075,177.059,455.5722,222.2533,0.5728306174278259,True,False,0.0,test
lvis:1496:445:52,lvis,1496,train2017/000000001496.jpg,445,fireplug,fireplug,False,1,0,0.5434615015983582,90.9417,29.9456,405.2835,577.5199,0.9480116367340088,True,False,9.972222222222221,test
lvis:1622:378:60,lvis,1622,train2017/000000001622.jpg,378,dog,dog,False,1,0,0.9646036624908447,36.9606,29.8949,303.1936,357.0981,0.9799443483352661,True,False,9.972222222222221,test
lvis:1674:923:62,lvis,1674,train2017/000000001674.jpg,923,scissors,scissors,False,1,0,0.8046563863754272,33.9973,105.0349,381.8405,372.1705,0.9935795068740845,True,False,9.972222222222221,test
lvis:1674:923:62,lvis,1674,train2017/000000001674.jpg,923,scissors,scissors,False,1,1,0.061817798763513565,33.1469,103.0193,361.5145,247.3337,0.49364057183265686,False,True,0.0,test
lvis:1675:296:63,lvis,1675,val2017/000000001675.jpg,296,computer_keyboard,computer_keyboard,False,1,0,0.7974733710289001,57.7263,365.6437,573.5156,479.9534,0.5393921136856079,True,False,9.972222222222221,test
lvis:1675:296:63,lvis,1675,val2017/000000001675.jpg,296,computer_keyboard,computer_keyboard,False,1,1,0.13631562888622284,0.0493,7.4187,639.7852,478.8352,0.10386702418327332,False,True,0.0,test
lvis:1675:296:63,lvis,1675,val2017/000000001675.jpg,296,computer_keyboard,computer_keyboard,False,1,2,0.06491642445325851,0.0,304.8662,634.9977,480.0,0.28622227907180786,False,True,0.0,test
lvis:1761:3:65,lvis,1761,val2017/000000001761.jpg,3,airplane,airplane,False,2,0,0.9717626571655273,150.1367,7.9393,223.8567,85.8543,0.9877803325653076,True,False,9.972222222222221,test
lvis:1761:3:65,lvis,1761,val2017/000000001761.jpg,3,airplane,airplane,False,2,1,0.9133416414260864,279.2554,137.7339,333.8468,184.1402,0.9520182013511658,True,False,9.972222222222221,test
lvis:1761:3:65,lvis,1761,val2017/000000001761.jpg,3,airplane,airplane,False,2,2,0.0696469098329544,240.3357,513.1155,254.1088,519.1741,0.0,False,True,0.0,test
lvis:1811:192:66,lvis,1811,train2017/000000001811.jpg,192,can,can,False,1,0,0.06780440360307693,117.2888,122.2138,135.6424,152.6922,0.9426850080490112,True,False,0.0,test
lvis:1818:1202:67,lvis,1818,val2017/000000001818.jpg,1202,zebra,zebra,False,2,0,0.8973870277404785,0.0729,0.4656,639.3632,425.0,0.9540278315544128,True,False,9.972222222222221,test
lvis:1837:948:68,lvis,1837,train2017/000000001837.jpg,948,shoe,shoe,False,11,0,0.13629452884197235,156.4386,267.0205,172.5784,286.3929,0.8451035618782043,True,False,0.0,test
lvis:1837:948:68,lvis,1837,train2017/000000001837.jpg,948,shoe,shoe,False,11,1,0.08048363775014877,299.3225,246.2563,328.3268,261.2266,0.8761063814163208,True,False,0.0,test
lvis:1837:948:68,lvis,1837,train2017/000000001837.jpg,948,shoe,shoe,False,11,2,0.07493316382169724,289.8142,264.3609,302.8749,284.2792,0.8618556261062622,True,False,0.0,test
lvis:1837:948:68,lvis,1837,train2017/000000001837.jpg,948,shoe,shoe,False,11,3,0.06614084541797638,233.3683,261.7028,250.6986,276.6011,0.713351845741272,True,False,0.0,test
lvis:1837:948:68,lvis,1837,train2017/000000001837.jpg,948,shoe,shoe,False,11,4,0.053230881690979004,399.6301,287.1219,414.2909,310.2252,0.9344592690467834,True,False,0.0,test
lvis:2006:173:72,lvis,2006,val2017/000000002006.jpg,173,bus_(vehicle),bus_(vehicle),False,1,0,0.98764568567276,44.3033,80.1932,607.2064,424.0779,0.9896698594093323,True,False,9.972222222222221,test
lvis:2014:94:73,lvis,2014,train2017/000000002014.jpg,94,bicycle,bicycle,False,2,0,0.9693617224693298,8.1228,146.1345,166.7543,254.6031,0.9697607755661011,True,False,9.972222222222221,test
lvis:2014:94:73,lvis,2014,train2017/000000002014.jpg,94,bicycle,bicycle,False,2,1,0.4043668508529663,407.3722,179.21,452.4343,238.2725,0.5714442133903503,True,False,0.0,test
lvis:2240:380:79,lvis,2240,train2017/000000002240.jpg,380,doll,doll,False,2,0,0.11536364257335663,359.1005,93.0234,481.0096,212.5905,0.31443947553634644,False,True,0.0,test
lvis:2240:380:79,lvis,2240,train2017/000000002240.jpg,380,doll,doll,False,2,1,0.11322414129972458,24.6477,142.3379,568.7599,580.333,0.3281818926334381,False,True,0.0,test
lvis:2240:380:79,lvis,2240,train2017/000000002240.jpg,380,doll,doll,False,2,2,0.08151257783174515,289.9569,134.4767,419.3431,256.5343,0.1756603717803955,False,True,0.0,test
lvis:2296:536:81,lvis,2296,train2017/000000002296.jpg,536,hand_towel,hand_towel,False,4,0,0.8866705894470215,371.4235,172.1604,421.825,258.8301,0.9587032794952393,True,False,9.972222222222221,test
lvis:2296:536:81,lvis,2296,train2017/000000002296.jpg,536,hand_towel,hand_towel,False,4,1,0.8726881146430969,152.2798,283.8143,180.4005,339.3235,0.6324058175086975,True,False,9.972222222222221,test
lvis:2296:536:81,lvis,2296,train2017/000000002296.jpg,536,hand_towel,hand_towel,False,4,2,0.7893886566162109,179.2281,283.2619,199.4977,339.6906,0.8794438242912292,True,False,9.972222222222221,test
lvis:2296:536:81,lvis,2296,train2017/000000002296.jpg,536,hand_towel,hand_towel,False,4,3,0.6612647771835327,288.9588,360.0404,306.7924,377.0557,0.0,False,True,9.972222222222221,test
lvis:2296:536:81,lvis,2296,train2017/000000002296.jpg,536,hand_towel,hand_towel,False,4,4,0.6523398160934448,180.9053,283.2492,199.875,308.0821,0.35744962096214294,False,True,9.972222222222221,test
lvis:2296:536:81,lvis,2296,train2017/000000002296.jpg,536,hand_towel,hand_towel,False,4,5,0.344679057598114,278.2003,358.9506,317.6401,425.9292,0.0,False,True,0.0,test
lvis:2296:536:81,lvis,2296,train2017/000000002296.jpg,536,hand_towel,hand_towel,False,4,6,0.3288433849811554,149.9193,282.5178,162.1703,297.9677,0.030001331120729446,False,True,0.0,test
lvis:2296:536:81,lvis,2296,train2017/000000002296.jpg,536,hand_towel,hand_towel,False,4,7,0.305264949798584,161.4054,283.9666,180.1251,310.4309,0.9049060940742493,True,False,0.0,test
lvis:2296:536:81,lvis,2296,train2017/000000002296.jpg,536,hand_towel,hand_towel,False,4,8,0.17948363721370697,169.6777,282.2477,182.5397,308.2935,0.41538920998573303,False,True,0.0,test
lvis:2296:536:81,lvis,2296,train2017/000000002296.jpg,536,hand_towel,hand_towel,False,4,9,0.160944864153862,264.8707,338.7259,279.3482,352.9302,0.0,False,True,0.0,test
lvis:2296:536:81,lvis,2296,train2017/000000002296.jpg,536,hand_towel,hand_towel,False,4,10,0.0915122851729393,54.714,366.7493,70.3498,389.749,0.0,False,True,0.0,test
lvis:2296:536:81,lvis,2296,train2017/000000002296.jpg,536,hand_towel,hand_towel,False,4,11,0.05442802235484123,133.775,427.2966,160.9806,475.6348,0.0,False,True,0.0,test
lvis:2296:536:81,lvis,2296,train2017/000000002296.jpg,536,hand_towel,hand_towel,False,4,12,0.0502561554312706,153.5788,282.5685,181.2731,311.3253,0.6570719480514526,True,False,0.0,test
lvis:2431:615:83,lvis,2431,val2017/000000002431.jpg,615,knife,knife,False,1,0,0.8730579614639282,179.2668,116.0665,245.8448,192.8968,0.9721622467041016,True,False,9.972222222222221,test
lvis:2434:230:84,lvis,2434,train2017/000000002434.jpg,230,cellular_telephone,cellular_telephone,False,1,0,0.24127669632434845,429.2726,255.7722,490.0814,301.9077,0.8860606551170349,True,False,0.0,test
lvis:2434:230:84,lvis,2434,train2017/000000002434.jpg,230,cellular_telephone,cellular_telephone,False,1,1,0.1751643419265747,84.8951,187.1821,323.9863,404.3222,0.0,False,True,0.0,test
lvis:2434:230:84,lvis,2434,train2017/000000002434.jpg,230,cellular_telephone,cellular_telephone,False,1,2,0.14864903688430786,306.8812,60.9333,586.7667,331.3523,0.03284334018826485,False,True,0.0,test
lvis:2459:631:86,lvis,2459,train2017/000000002459.jpg,631,laptop_computer,laptop_computer,False,1,0,0.8850568532943726,298.5508,79.5869,640.0,427.0,0.8164532780647278,True,False,9.972222222222221,test
lvis:2473:502:87,lvis,2473,val2017/000000002473.jpg,502,goggles,goggles,False,3,0,0.11206936091184616,454.1153,283.3047,468.9239,292.9742,0.7165813446044922,True,False,0.0,test
lvis:2473:502:87,lvis,2473,val2017/000000002473.jpg,502,goggles,goggles,False,3,1,0.10539904236793518,454.1357,279.9711,469.9384,292.9082,0.5754101872444153,True,False,0.0,test
lvis:2473:502:87,lvis,2473,val2017/000000002473.jpg,502,goggles,goggles,False,3,2,0.05419887602329254,302.2431,101.7278,324.0214,112.735,0.0,False,True,0.0,test
lvis:2495:1098:88,lvis,2495,train2017/000000002495.jpg,1098,toilet_tissue,toilet_tissue,False,1,0,0.1534050703048706,227.5954,0.0,400.722,115.0458,0.0,False,True,0.0,test
lvis:2495:1098:88,lvis,2495,train2017/000000002495.jpg,1098,toilet_tissue,toilet_tissue,False,1,1,0.10805840790271759,137.8977,102.4947,501.5775,475.4482,0.00564567232504487,False,True,0.0,test
lvis:2495:1098:88,lvis,2495,train2017/000000002495.jpg,1098,toilet_tissue,toilet_tissue,False,1,2,0.05542372539639473,235.0299,0.0051,381.4351,48.7951,0.0,False,True,0.0,test
lvis:2592:708:92,lvis,2592,val2017/000000002592.jpg,708,mug,mug,False,1,0,0.9887903928756714,221.6424,33.1618,432.3669,245.073,0.985481321811676,True,False,9.972222222222221,test
lvis:2618:421:94,lvis,2618,train2017/000000002618.jpg,421,refrigerator,refrigerator,False,1,0,0.6228893399238586,11.7765,0.6422,521.103,479.885,0.5932765007019043,True,False,9.972222222222221,test
lvis:2618:421:94,lvis,2618,train2017/000000002618.jpg,421,refrigerator,refrigerator,False,1,1,0.5607448220252991,203.0232,8.3918,516.6119,480.0,0.9063768982887268,True,False,9.972222222222221,test
lvis:2658:1161:95,lvis,2658,train2017/000000002658.jpg,1161,watch,watch,False,2,0,0.05224445462226868,411.9529,120.2419,421.9962,129.4746,0.8510283827781677,True,False,0.0,test
lvis:2697:1000:97,lvis,2697,train2017/000000002697.jpg,1000,spoon,spoon,False,1,0,0.25945916771888733,254.1793,0.1663,280.0851,85.2407,0.0,False,True,0.0,test
lvis:2697:1000:97,lvis,2697,train2017/000000002697.jpg,1000,spoon,spoon,False,1,1,0.1038830503821373,242.4129,0.0,279.723,83.2554,0.0,False,True,0.0,test
lvis:2697:1000:97,lvis,2697,train2017/000000002697.jpg,1000,spoon,spoon,False,1,2,0.07926110923290253,93.8175,121.3484,132.8886,158.3559,0.9040940403938293,True,False,0.0,test
lvis:2881:3:103,lvis,2881,train2017/000000002881.jpg,3,airplane,airplane,False,1,0,0.956261157989502,145.4,136.3701,365.8478,201.4901,0.9404585361480713,True,False,9.972222222222221,test
lvis:3035:3:108,lvis,3035,train2017/000000003035.jpg,3,airplane,airplane,False,1,0,0.9201372861862183,190.4102,225.5573,391.2669,297.1566,0.8252649903297424,True,False,9.972222222222221,test
lvis:3035:3:108,lvis,3035,train2017/000000003035.jpg,3,airplane,airplane,False,1,1,0.05824003741145134,221.1714,240.5303,229.0383,244.7528,0.002687451196834445,False,True,0.0,test
lvis:3084:271:109,lvis,3084,train2017/000000003084.jpg,271,clock,clock,False,1,0,0.733366072177887,215.5464,141.7792,429.3008,326.8017,0.9419630169868469,True,False,9.972222222222221,test
lvis:3084:271:109,lvis,3084,train2017/000000003084.jpg,271,clock,clock,False,1,1,0.08623066544532776,161.3294,118.3656,475.3854,363.236,0.48686352372169495,False,True,0.0,test
lvis:3234:1100:116,lvis,3234,train2017/000000003234.jpg,1100,tongs,tongs,False,1,0,0.6539897918701172,0.0,12.6745,480.6573,278.5116,0.9134016036987305,True,False,9.972222222222221,test
lvis:3234:1100:116,lvis,3234,train2017/000000003234.jpg,1100,tongs,tongs,False,1,1,0.2299458086490631,390.9769,12.5591,476.4521,298.4149,0.1727166473865509,False,True,0.0,test
lvis:3234:1100:116,lvis,3234,train2017/000000003234.jpg,1100,tongs,tongs,False,1,2,0.051141247153282166,431.3528,13.5398,475.2163,297.7957,0.08807079493999481,False,True,0.0,test
lvis:3325:1139:120,lvis,3325,train2017/000000003325.jpg,1139,vase,vase,False,1,0,0.9248743057250977,122.5243,0.0,477.3724,479.4548,0.9915871024131775,True,False,9.972222222222221,test
lvis:3483:631:121,lvis,3483,train2017/000000003483.jpg,631,laptop_computer,laptop_computer,False,1,0,0.9908246397972107,61.8259,1.4091,529.2338,465.233,0.9861835837364197,True,False,9.972222222222221,test
lvis:3661:296:125,lvis,3661,val2017/000000003661.jpg,296,computer_keyboard,computer_keyboard,False,1,0,0.23113052546977997,0.0,165.5123,118.3603,257.0682,0.9324526190757751,True,False,0.0,test
lvis:3661:296:125,lvis,3661,val2017/000000003661.jpg,296,computer_keyboard,computer_keyboard,False,1,1,0.07305137068033218,0.0,166.297,116.3417,211.5381,0.45130473375320435,False,True,0.0,test
lvis:3690:816:126,lvis,3690,train2017/000000003690.jpg,816,pizza,pizza,False,1,0,0.9694057106971741,0.4313,60.9269,639.9407,454.4595,0.9916051626205444,True,False,9.972222222222221,test
lvis:3764:347:128,lvis,3764,train2017/000000003764.jpg,347,cupcake,cupcake,False,1,0,0.8515967130661011,407.9399,105.9128,589.1693,319.7783,0.9883483648300171,True,False,9.972222222222221,test
lvis:3764:347:128,lvis,3764,train2017/000000003764.jpg,347,cupcake,cupcake,False,1,1,0.18465735018253326,56.0987,178.3675,166.2923,286.2598,0.0,False,True,0.0,test
lvis:4108:469:135,lvis,4108,train2017/000000004108.jpg,469,fork,fork,False,7,0,0.2973151206970215,135.6217,551.5651,173.9129,639.965,0.6408705711364746,True,False,0.0,test
lvis:4108:469:135,lvis,4108,train2017/000000004108.jpg,469,fork,fork,False,7,1,0.08407123386859894,135.2256,551.6033,191.8173,640.0,0.933620810508728,True,False,0.0,test
lvis:4108:469:135,lvis,4108,train2017/000000004108.jpg,469,fork,fork,False,7,2,0.07252712547779083,249.8253,220.9937,270.0806,293.4362,0.8875502347946167,True,False,0.0,test
lvis:4108:469:135,lvis,4108,train2017/000000004108.jpg,469,fork,fork,False,7,3,0.06943950057029724,396.0679,448.1888,419.1943,552.5627,0.9060401320457458,True,False,0.0,test
lvis:4134:713:137,lvis,4134,val2017/000000004134.jpg,713,napkin,napkin,False,6,0,0.06696124374866486,0.0461,283.3502,25.5506,302.7725,0.9304840564727783,True,False,0.0,test
lvis:4283:99:139,lvis,4283,train2017/000000004283.jpg,99,bird,bird,False,2,0,0.9488089680671692,301.5757,118.6801,585.9728,342.7073,0.9735651612281799,True,False,9.972222222222221,test
lvis:4283:99:139,lvis,4283,train2017/000000004283.jpg,99,bird,bird,False,2,1,0.9095288515090942,80.1358,91.1741,272.3107,324.3798,0.9862959384918213,True,False,9.972222222222221,test
lvis:4318:1202:140,lvis,4318,train2017/000000004318.jpg,1202,zebra,zebra,False,9,0,0.9336093664169312,277.9565,256.7657,394.0817,364.7394,0.9577088356018066,True,False,9.972222222222221,test
lvis:4318:1202:140,lvis,4318,train2017/000000004318.jpg,1202,zebra,zebra,False,9,1,0.9292864203453064,212.923,179.8904,399.8486,343.9033,0.9502143859863281,True,False,9.972222222222221,test
lvis:4318:1202:140,lvis,4318,train2017/000000004318.jpg,1202,zebra,zebra,False,9,2,0.8750342130661011,224.0635,4.5895,292.5089,52.2168,0.9023757576942444,True,False,9.972222222222221,test
lvis:4318:1202:140,lvis,4318,train2017/000000004318.jpg,1202,zebra,zebra,False,9,3,0.8504847288131714,69.8394,188.8862,224.2968,336.5427,0.9780548810958862,True,False,9.972222222222221,test
lvis:4318:1202:140,lvis,4318,train2017/000000004318.jpg,1202,zebra,zebra,False,9,4,0.8021558523178101,0.0,184.4139,31.2996,319.1479,0.8032704591751099,True,False,9.972222222222221,test
lvis:4318:1202:140,lvis,4318,train2017/000000004318.jpg,1202,zebra,zebra,False,9,5,0.3900514841079712,156.9084,142.2226,247.9409,308.7201,0.43949049711227417,False,True,0.0,test
lvis:4318:1202:140,lvis,4318,train2017/000000004318.jpg,1202,zebra,zebra,False,9,6,0.3589402735233307,322.4128,0.0306,369.1638,19.9467,0.8213900923728943,True,False,0.0,test
lvis:4318:1202:140,lvis,4318,train2017/000000004318.jpg,1202,zebra,zebra,False,9,7,0.17990845441818237,155.7686,142.2241,286.736,313.5703,0.29683539271354675,False,True,0.0,test
lvis:4318:1202:140,lvis,4318,train2017/000000004318.jpg,1202,zebra,zebra,False,9,8,0.10190628468990326,355.7701,0.0539,382.1924,19.4446,0.439323365688324,False,True,0.0,test
lvis:4318:1202:140,lvis,4318,train2017/000000004318.jpg,1202,zebra,zebra,False,9,9,0.05871230363845825,321.7975,0.0229,389.3919,20.1071,0.7492156028747559,True,False,0.0,test
lvis:4535:451:148,lvis,4535,train2017/000000004535.jpg,451,flag,flag,False,1,0,0.2819090187549591,610.6239,100.2281,635.7343,188.2483,0.4947493076324463,False,True,0.0,test
lvis:4535:451:148,lvis,4535,train2017/000000004535.jpg,451,flag,flag,False,1,1,0.23111644387245178,604.7924,100.1277,636.0494,242.201,0.907615065574646,True,False,0.0,test
lvis:4555:452:149,lvis,4555,train2017/000000004555.jpg,452,flagpole,flagpole,False,3,0,0.1271033138036728,234.2511,104.3988,238.1061,143.0803,0.0,False,True,0.0,test
lvis:4704:502:150,lvis,4704,train2017/000000004704.jpg,502,goggles,goggles,False,2,0,0.12323221564292908,297.1223,553.7034,317.7211,562.7808,0.49736288189888,False,True,0.0,test
lvis:4704:502:150,lvis,4704,train2017/000000004704.jpg,502,goggles,goggles,False,2,1,0.06617189198732376,297.1086,550.7509,317.952,563.8939,0.629204273223877,True,False,0.0,test
lvis:4705:76:151,lvis,4705,train2017/000000004705.jpg,76,bear,bear,False,1,0,0.9451267123222351,188.5199,200.2514,448.6829,416.5169,0.9047446846961975,True,False,9.972222222222221,test
lvis:4823:1161:155,lvis,4823,train2017/000000004823.jpg,1161,watch,watch,False,1,0,0.6809716820716858,601.179,464.9962,616.7912,474.3,0.8313636779785156,True,False,9.972222222222221,test
lvis:4885:36:156,lvis,4885,train2017/000000004885.jpg,36,suitcase,suitcase,False,1,0,0.95179283618927,192.283,29.6136,524.633,304.9958,0.9873459339141846,True,False,9.972222222222221,test
lvis:4901:786:157,lvis,4901,train2017/000000004901.jpg,786,penguin,penguin,False,5,0,0.8902269601821899,365.0842,175.5786,512.1668,350.9236,0.8427520394325256,True,False,9.972222222222221,test
lvis:4901:786:157,lvis,4901,train2017/000000004901.jpg,786,penguin,penguin,False,5,1,0.8793985247612,164.7778,164.0334,350.7562,262.035,0.9796105027198792,True,False,9.972222222222221,test
lvis:4901:786:157,lvis,4901,train2017/000000004901.jpg,786,penguin,penguin,False,5,2,0.311959445476532,374.8569,192.748,440.0938,256.7276,0.6546221971511841,True,False,0.0,test
lvis:4901:786:157,lvis,4901,train2017/000000004901.jpg,786,penguin,penguin,False,5,3,0.0568278543651104,393.0273,192.7991,439.6919,255.1755,0.4592820107936859,False,True,0.0,test
lvis:5018:344:160,lvis,5018,train2017/000000005018.jpg,344,cup,cup,False,1,0,0.6598411202430725,87.4925,55.6579,121.1342,103.534,0.8718301057815552,True,False,9.972222222222221,test
lvis:5028:631:161,lvis,5028,train2017/000000005028.jpg,631,laptop_computer,laptop_computer,False,1,0,0.9122022986412048,331.0701,256.7838,434.0632,323.9191,0.9700163006782532,True,False,9.972222222222221,test
lvis:5060:230:165,lvis,5060,val2017/000000005060.jpg,230,cellular_telephone,cellular_telephone,False,1,0,0.1471683830022812,227.5916,366.8214,244.795,404.1786,0.6833953857421875,True,False,0.0,test
lvis:5060:230:165,lvis,5060,val2017/000000005060.jpg,230,cellular_telephone,cellular_telephone,False,1,1,0.10474236309528351,227.8416,366.862,244.4213,392.3908,0.9482032060623169,True,False,0.0,test
lvis:5477:3:177,lvis,5477,val2017/000000005477.jpg,3,airplane,airplane,False,2,0,0.9570107460021973,2.9075,104.2787,633.8145,289.525,0.9537969827651978,True,False,9.972222222222221,test
lvis:5477:3:177,lvis,5477,val2017/000000005477.jpg,3,airplane,airplane,False,2,1,0.5338711738586426,40.5076,249.509,157.9596,275.5743,0.8364813327789307,True,False,9.972222222222221,test
lvis:5477:3:177,lvis,5477,val2017/000000005477.jpg,3,airplane,airplane,False,2,2,0.05921880528330803,40.9431,248.4179,194.6789,277.0123,0.6671991348266602,True,False,0.0,test
lvis:5486:271:178,lvis,5486,train2017/000000005486.jpg,271,clock,clock,False,1,0,0.29637792706489563,83.2635,169.1766,112.5467,286.6718,0.0,False,True,0.0,test
lvis:5486:271:178,lvis,5486,train2017/000000005486.jpg,271,clock,clock,False,1,1,0.09369031339883804,506.94,163.1267,525.9356,246.5652,0.9079321622848511,True,False,0.0,test
lvis:5529:502:180,lvis,5529,val2017/000000005529.jpg,502,goggles,goggles,False,1,0,0.28580039739608765,156.8068,149.3529,195.0331,167.2317,0.7588128447532654,True,False,0.0,test
lvis:5564:99:181,lvis,5564,train2017/000000005564.jpg,99,bird,bird,False,2,0,0.8341808915138245,56.2838,157.1842,284.1185,355.2707,0.8966943025588989,True,False,9.972222222222221,test
lvis:5564:99:181,lvis,5564,train2017/000000005564.jpg,99,bird,bird,False,2,1,0.8096396327018738,266.6961,98.4629,532.1803,201.1855,0.9807012677192688,True,False,9.972222222222221,test
lvis:5754:387:185,lvis,5754,train2017/000000005754.jpg,387,doughnut,doughnut,False,10,0,0.8028439879417419,16.3104,155.6762,143.7645,260.8511,0.937730073928833,True,False,9.972222222222221,test
lvis:5754:387:185,lvis,5754,train2017/000000005754.jpg,387,doughnut,doughnut,False,10,1,0.7363335490226746,246.2531,69.5333,355.6339,164.8686,0.9609236717224121,True,False,9.972222222222221,test
lvis:5754:387:185,lvis,5754,train2017/000000005754.jpg,387,doughnut,doughnut,False,10,2,0.7122836112976074,354.5967,82.7862,449.572,171.4752,0.9442304968833923,True,False,9.972222222222221,test
lvis:5754:387:185,lvis,5754,train2017/000000005754.jpg,387,doughnut,doughnut,False,10,3,0.5495103001594543,33.1072,70.0843,144.2102,162.9639,0.961233377456665,True,False,9.972222222222221,test
lvis:5754:387:185,lvis,5754,train2017/000000005754.jpg,387,doughnut,doughnut,False,10,4,0.47616076469421387,142.4137,74.9556,247.0375,168.8315,0.9692081212997437,True,False,0.0,test
lvis:5754:387:185,lvis,5754,train2017/000000005754.jpg,387,doughnut,doughnut,False,10,5,0.4015060365200043,144.8455,166.0636,271.4578,262.1725,0.9204659461975098,True,False,0.0,test
lvis:5754:387:185,lvis,5754,train2017/000000005754.jpg,387,doughnut,doughnut,False,10,6,0.16621440649032593,275.6517,160.6454,386.2877,266.9028,0.9506487250328064,True,False,0.0,test
lvis:5754:387:185,lvis,5754,train2017/000000005754.jpg,387,doughnut,doughnut,False,10,7,0.1345864087343216,1.7824,258.4688,134.1365,365.4827,0.9549386501312256,True,False,0.0,test
lvis:5754:387:185,lvis,5754,train2017/000000005754.jpg,387,doughnut,doughnut,False,10,8,0.11648527532815933,217.9632,251.164,354.5634,375.0,0.965369701385498,True,False,0.0,test
lvis:5754:387:185,lvis,5754,train2017/000000005754.jpg,387,doughnut,doughnut,False,10,9,0.06717786192893982,360.3855,259.7015,477.0096,365.6631,0.9714362621307373,True,False,0.0,test
lvis:5811:1112:188,lvis,5811,train2017/000000005811.jpg,1112,traffic_light,traffic_light,False,2,0,0.8890395164489746,37.4638,168.0201,56.979,201.977,0.8180603384971619,True,False,9.972222222222221,test
lvis:5811:1112:188,lvis,5811,train2017/000000005811.jpg,1112,traffic_light,traffic_light,False,2,1,0.7238742709159851,555.8693,167.7304,568.1984,191.6212,0.8413539528846741,True,False,9.972222222222221,test
lvis:5811:1112:188,lvis,5811,train2017/000000005811.jpg,1112,traffic_light,traffic_light,False,2,2,0.584192156791687,47.8392,168.6806,58.664,201.5008,0.47171342372894287,False,True,9.972222222222221,test
lvis:5811:1112:188,lvis,5811,train2017/000000005811.jpg,1112,traffic_light,traffic_light,False,2,3,0.49344509840011597,48.8857,169.6725,64.5528,202.1906,0.3060727119445801,False,True,9.972222222222221,test
lvis:5811:1112:188,lvis,5811,train2017/000000005811.jpg,1112,traffic_light,traffic_light,False,2,4,0.15095897018909454,45.6766,201.0192,63.8893,211.2109,0.0,False,True,0.0,test
lvis:5811:1112:188,lvis,5811,train2017/000000005811.jpg,1112,traffic_light,traffic_light,False,2,5,0.13053882122039795,556.0984,167.4548,577.2031,192.1756,0.4961506128311157,False,True,0.0,test
lvis:5811:1112:188,lvis,5811,train2017/000000005811.jpg,1112,traffic_light,traffic_light,False,2,6,0.10002196580171585,34.7026,168.1984,48.2186,201.6143,0.3592100739479065,False,True,0.0,test
lvis:5811:1112:188,lvis,5811,train2017/000000005811.jpg,1112,traffic_light,traffic_light,False,2,7,0.0974358469247818,379.6202,77.9387,392.9602,121.2876,0.0,False,True,0.0,test
lvis:5811:1112:188,lvis,5811,train2017/000000005811.jpg,1112,traffic_light,traffic_light,False,2,8,0.08584973216056824,27.2961,194.7202,43.6496,214.8536,0.024148602038621902,False,True,0.0,test
lvis:5811:1112:188,lvis,5811,train2017/000000005811.jpg,1112,traffic_light,traffic_light,False,2,9,0.08480214327573776,25.4603,0.0,55.2982,269.8601,0.06056804209947586,False,True,0.0,test
lvis:5811:1112:188,lvis,5811,train2017/000000005811.jpg,1112,traffic_light,traffic_light,False,2,10,0.0689062625169754,8.5696,199.3552,28.1173,208.8997,0.0,False,True,0.0,test
lvis:5811:1112:188,lvis,5811,train2017/000000005811.jpg,1112,traffic_light,traffic_light,False,2,11,0.060648974031209946,34.3946,168.3116,43.6898,202.1372,0.1572262942790985,False,True,0.0,test
lvis:5883:173:189,lvis,5883,train2017/000000005883.jpg,173,bus_(vehicle),bus_(vehicle),False,1,0,0.6376709342002869,0.2595,436.1083,273.2695,606.1174,0.0,False,True,9.972222222222221,test
lvis:5883:173:189,lvis,5883,train2017/000000005883.jpg,173,bus_(vehicle),bus_(vehicle),False,1,1,0.1301848441362381,336.822,436.308,424.1939,535.5968,0.6738921403884888,True,False,0.0,test
lvis:5916:502:190,lvis,5916,train2017/000000005916.jpg,502,goggles,goggles,False,1,0,0.07607152312994003,169.1378,187.5803,180.9403,202.7978,0.747762143611908,True,False,0.0,test
lvis:5961:204:191,lvis,5961,train2017/000000005961.jpg,204,bottle_cap,bottle_cap,False,3,0,0.6247059106826782,182.1991,615.8455,240.6786,640.0,0.0,False,True,9.972222222222221,test
lvis:5961:204:191,lvis,5961,train2017/000000005961.jpg,204,bottle_cap,bottle_cap,False,3,1,0.52906334400177,225.5993,591.9573,284.7935,639.9968,0.0,False,True,9.972222222222221,test
lvis:5961:204:191,lvis,5961,train2017/000000005961.jpg,204,bottle_cap,bottle_cap,False,3,2,0.16358591616153717,314.1025,551.7472,353.8801,581.7671,0.9493958353996277,True,False,0.0,test
lvis:5961:204:191,lvis,5961,train2017/000000005961.jpg,204,bottle_cap,bottle_cap,False,3,3,0.15151572227478027,312.4028,577.2505,333.079,596.605,0.044366348534822464,False,True,0.0,test
lvis:5961:204:191,lvis,5961,train2017/000000005961.jpg,204,bottle_cap,bottle_cap,False,3,4,0.10081005841493607,261.1942,516.2278,313.7427,609.9001,0.0,False,True,0.0,test
lvis:6019:94:194,lvis,6019,train2017/000000006019.jpg,94,bicycle,bicycle,False,1,0,0.961724042892456,134.2744,61.7441,375.0,499.9486,0.9893888235092163,True,False,9.972222222222221,test
lvis:6040:1115:195,lvis,6040,val2017/000000006040.jpg,1115,train_(railroad_vehicle),train_(railroad_vehicle),False,1,0,0.8373605012893677,63.5468,83.8799,599.2485,306.5648,0.9892958402633667,True,False,9.972222222222221,test
lvis:6040:1115:195,lvis,6040,val2017/000000006040.jpg,1115,train_(railroad_vehicle),train_(railroad_vehicle),False,1,1,0.08820422738790512,0.0,167.8839,54.9249,210.9412,0.0,False,True,0.0,test
lvis:6213:1155:198,lvis,6213,val2017/000000006213.jpg,1155,wall_socket,wall_socket,False,1,0,0.6955779790878296,537.2313,225.1407,552.9883,247.7357,0.8980807065963745,True,False,9.972222222222221,test
lvis:6247:982:199,lvis,6247,train2017/000000006247.jpg,982,sofa,sofa,False,1,0,0.9603465795516968,206.8915,0.8493,639.9266,339.857,0.9903945922851562,True,False,9.972222222222221,test
lvis:6393:923:201,lvis,6393,train2017/000000006393.jpg,923,scissors,scissors,False,1,0,0.26381662487983704,15.2123,0.0,639.9184,474.9699,0.028239315375685692,False,True,0.0,test
lvis:6393:923:201,lvis,6393,train2017/000000006393.jpg,923,scissors,scissors,False,1,1,0.138753280043602,55.8221,0.0763,460.1245,454.1475,0.04515828192234039,False,True,0.0,test
lvis:6422:881:203,lvis,6422,train2017/000000006422.jpg,881,remote_control,remote_control,False,2,0,0.8412114977836609,2.0583,132.1919,639.9707,379.2615,0.9775629043579102,True,False,9.972222222222221,test
lvis:6422:881:203,lvis,6422,train2017/000000006422.jpg,881,remote_control,remote_control,False,2,1,0.5708937644958496,66.9366,261.3272,639.9542,427.0,0.9882392883300781,True,False,9.972222222222221,test
lvis:6460:1037:204,lvis,6460,val2017/000000006460.jpg,1037,surfboard,surfboard,False,1,0,0.1184731125831604,484.3893,9.132,632.3805,131.6658,0.0,False,True,0.0,test
lvis:6460:1037:204,lvis,6460,val2017/000000006460.jpg,1037,surfboard,surfboard,False,1,1,0.11311972886323929,277.5104,137.7935,331.528,208.52,0.20928771793842316,False,True,0.0,test
lvis:6460:1037:204,lvis,6460,val2017/000000006460.jpg,1037,surfboard,surfboard,False,1,2,0.06290938705205917,553.8734,48.7923,632.063,131.4453,0.0,False,True,0.0,test
lvis:6460:1037:204,lvis,6460,val2017/000000006460.jpg,1037,surfboard,surfboard,False,1,3,0.06139935553073883,528.5699,24.5279,600.1371,108.3776,0.0,False,True,0.0,test
lvis:6464:649:205,lvis,6464,train2017/000000006464.jpg,649,lion,lion,False,1,0,0.1416555494070053,500.035,64.945,634.3673,125.7621,0.9159853458404541,True,False,0.0,test
lvis:6471:58:206,lvis,6471,val2017/000000006471.jpg,58,baseball_bat,baseball_bat,False,1,0,0.8015552759170532,288.6725,26.94,364.2829,113.2093,0.6492816805839539,True,False,9.972222222222221,test
lvis:6614:12:209,lvis,6614,val2017/000000006614.jpg,12,apple,apple,False,2,0,0.8706734776496887,305.1402,63.9228,483.9166,248.8055,0.9547170400619507,True,False,9.972222222222221,test
lvis:6614:12:209,lvis,6614,val2017/000000006614.jpg,12,apple,apple,False,2,1,0.6367238163948059,125.5862,67.9159,308.555,252.3974,0.019159961491823196,False,True,9.972222222222221,test
lvis:6614:12:209,lvis,6614,val2017/000000006614.jpg,12,apple,apple,False,2,2,0.1933683305978775,17.7178,43.8273,133.3783,198.9579,0.9712546467781067,True,False,0.0,test
lvis:6614:12:209,lvis,6614,val2017/000000006614.jpg,12,apple,apple,False,2,3,0.17602111399173737,184.8399,41.603,249.1006,73.8595,0.0,False,True,0.0,test
lvis:6614:12:209,lvis,6614,val2017/000000006614.jpg,12,apple,apple,False,2,4,0.12106332927942276,103.9185,33.8884,185.4852,89.4155,0.06722798198461533,False,True,0.0,test
lvis:6614:12:209,lvis,6614,val2017/000000006614.jpg,12,apple,apple,False,2,5,0.07708538323640823,454.2221,202.5898,500.0,306.9107,0.04152652621269226,False,True,0.0,test
lvis:6614:12:209,lvis,6614,val2017/000000006614.jpg,12,apple,apple,False,2,6,0.05520445853471756,105.5524,72.2521,157.9426,133.1999,0.08456840366125107,False,True,0.0,test
lvis:6614:12:209,lvis,6614,val2017/000000006614.jpg,12,apple,apple,False,2,7,0.05062289535999298,221.5911,235.2732,291.5093,267.4532,0.0,False,True,0.0,test
lvis:6614:12:209,lvis,6614,val2017/000000006614.jpg,12,apple,apple,False,2,8,0.05037691816687584,309.4442,60.4466,353.2394,107.0713,0.054496169090270996,False,True,0.0,test
lvis:6631:496:210,lvis,6631,train2017/000000006631.jpg,496,giraffe,giraffe,False,1,0,0.975569486618042,163.5946,85.9381,639.9701,426.0,0.9955242872238159,True,False,9.972222222222221,test
lvis:6723:173:211,lvis,6723,val2017/000000006723.jpg,173,bus_(vehicle),bus_(vehicle),False,1,0,0.37285903096199036,362.6715,193.188,398.4203,223.6802,0.9302921295166016,True,False,0.0,test
lvis:6723:173:211,lvis,6723,val2017/000000006723.jpg,173,bus_(vehicle),bus_(vehicle),False,1,1,0.34300121665000916,203.7079,201.0562,241.8214,229.108,0.0,False,True,0.0,test
lvis:6723:173:211,lvis,6723,val2017/000000006723.jpg,173,bus_(vehicle),bus_(vehicle),False,1,2,0.1331045925617218,171.5438,200.5654,197.3434,223.6437,0.0,False,True,0.0,test
lvis:6723:173:211,lvis,6723,val2017/000000006723.jpg,173,bus_(vehicle),bus_(vehicle),False,1,3,0.06510856002569199,282.4167,201.1377,302.8402,212.4736,0.0,False,True,0.0,test
lvis:6792:12:215,lvis,6792,train2017/000000006792.jpg,12,apple,apple,False,5,0,0.3991161584854126,204.2241,129.9781,247.559,221.9,0.007780708838254213,False,True,0.0,test
lvis:6792:12:215,lvis,6792,train2017/000000006792.jpg,12,apple,apple,False,5,1,0.302326500415802,246.8075,102.5351,291.5512,224.284,0.6556084156036377,True,False,0.0,test
lvis:6792:12:215,lvis,6792,train2017/000000006792.jpg,12,apple,apple,False,5,2,0.24698324501514435,245.8938,102.9705,312.4263,224.1987,0.956775426864624,True,False,0.0,test
lvis:6792:12:215,lvis,6792,train2017/000000006792.jpg,12,apple,apple,False,5,3,0.14402100443840027,309.2318,53.1128,412.3784,200.1633,0.9166074991226196,True,False,0.0,test
lvis:6792:12:215,lvis,6792,train2017/000000006792.jpg,12,apple,apple,False,5,4,0.05565048009157181,275.9056,78.9541,358.3946,221.855,0.9061160683631897,True,False,0.0,test
lvis:6811:966:216,lvis,6811,train2017/000000006811.jpg,966,ski_parka,ski_parka,False,4,0,0.09163010120391846,270.967,86.2304,360.5207,293.5948,0.3644438683986664,False,True,0.0,test
lvis:6811:966:216,lvis,6811,train2017/000000006811.jpg,966,ski_parka,ski_parka,False,4,1,0.05316466838121414,272.7301,79.7962,336.5797,293.0411,0.3165065050125122,False,True,0.0,test
lvis:6894:995:219,lvis,6894,val2017/000000006894.jpg,995,spectacles,spectacles,False,1,0,0.5991977453231812,402.5714,25.5221,539.3149,110.9613,0.882537305355072,True,False,9.972222222222221,test
lvis:6914:280:220,lvis,6914,train2017/000000006914.jpg,280,cock,cock,False,2,0,0.9722139239311218,188.1641,63.8806,433.9468,339.0121,0.9817320704460144,True,False,9.972222222222221,test
lvis:6914:280:220,lvis,6914,train2017/000000006914.jpg,280,cock,cock,False,2,1,0.8395493030548096,0.6033,90.2989,572.2748,479.5966,0.990790605545044,True,False,9.972222222222221,test
lvis:6945:225:222,lvis,6945,train2017/000000006945.jpg,225,cat,cat,False,1,0,0.47328445315361023,184.6075,145.6882,354.87,345.7148,0.8782326579093933,True,False,0.0,test
lvis:7028:912:225,lvis,7028,train2017/000000007028.jpg,912,sandwich,sandwich,False,1,0,0.5697740912437439,0.239,0.0,538.493,425.7255,0.9925426840782166,True,False,9.972222222222221,test
lvis:7050:644:227,lvis,7050,train2017/000000007050.jpg,644,life_jacket,life_jacket,False,2,0,0.22027438879013062,162.873,175.3569,415.2704,453.6014,0.326010137796402,False,True,0.0,test
lvis:7050:644:227,lvis,7050,train2017/000000007050.jpg,644,life_jacket,life_jacket,False,2,1,0.09677291661500931,428.6828,138.5344,640.0,478.3543,0.2718139886856079,False,True,0.0,test
lvis:7139:36:230,lvis,7139,train2017/000000007139.jpg,36,suitcase,suitcase,False,6,0,0.926719069480896,271.1924,145.9237,367.4466,183.0261,0.9583066701889038,True,False,9.972222222222221,test
lvis:7139:36:230,lvis,7139,train2017/000000007139.jpg,36,suitcase,suitcase,False,6,1,0.8516346216201782,203.1187,148.1717,275.2575,225.9639,0.8686793446540833,True,False,9.972222222222221,test
lvis:7139:36:230,lvis,7139,train2017/000000007139.jpg,36,suitcase,suitcase,False,6,2,0.7331477999687195,239.8251,168.8387,418.6639,251.7127,0.9838623404502869,True,False,9.972222222222221,test
lvis:7139:36:230,lvis,7139,train2017/000000007139.jpg,36,suitcase,suitcase,False,6,3,0.6268454194068909,162.3184,134.7802,231.4655,211.3334,0.9600109457969666,True,False,9.972222222222221,test
lvis:7139:36:230,lvis,7139,train2017/000000007139.jpg,36,suitcase,suitcase,False,6,4,0.6258285045623779,129.8675,151.0305,145.0204,205.2094,0.8294907212257385,True,False,9.972222222222221,test
lvis:7139:36:230,lvis,7139,train2017/000000007139.jpg,36,suitcase,suitcase,False,6,5,0.4866403043270111,142.3132,135.3062,176.9238,208.1696,0.7038740515708923,True,False,9.972222222222221,test
lvis:7139:36:230,lvis,7139,train2017/000000007139.jpg,36,suitcase,suitcase,False,6,6,0.24412676692008972,131.7704,134.4,230.899,211.3387,0.6832991242408752,True,False,0.0,test
lvis:7139:36:230,lvis,7139,train2017/000000007139.jpg,36,suitcase,suitcase,False,6,7,0.18378981947898865,142.0262,134.6303,193.7183,208.7217,0.9038490653038025,True,False,0.0,test
lvis:7139:36:230,lvis,7139,train2017/000000007139.jpg,36,suitcase,suitcase,False,6,8,0.1373741626739502,110.5671,76.8544,177.8143,103.4801,0.0,False,True,0.0,test
lvis:7205:496:232,lvis,7205,train2017/000000007205.jpg,496,giraffe,giraffe,False,1,0,0.9674761891365051,289.831,67.3682,570.7405,410.5663,0.9839982390403748,True,False,9.972222222222221,test
lvis:7220:1099:233,lvis,7220,train2017/000000007220.jpg,1099,tomato,tomato,False,24,0,0.1511077880859375,387.5399,321.4131,416.9136,344.1903,0.9224259257316589,True,False,0.0,test
lvis:7220:1099:233,lvis,7220,train2017/000000007220.jpg,1099,tomato,tomato,False,24,1,0.13487613201141357,377.7678,239.1762,399.1271,262.5126,0.8771268129348755,True,False,0.0,test
lvis:7220:1099:233,lvis,7220,train2017/000000007220.jpg,1099,tomato,tomato,False,24,2,0.12547282874584198,305.8394,276.0551,326.2858,300.236,0.8614814877510071,True,False,0.0,test
lvis:7220:1099:233,lvis,7220,train2017/000000007220.jpg,1099,tomato,tomato,False,24,3,0.06707477569580078,396.1815,243.5714,420.5705,267.8722,0.9154271483421326,True,False,0.0,test
lvis:7278:1037:235,lvis,7278,val2017/000000007278.jpg,1037,surfboard,surfboard,False,1,0,0.7204821705818176,283.5021,56.9957,334.2521,118.0854,0.7898573875427246,True,False,9.972222222222221,test
lvis:7278:1037:235,lvis,7278,val2017/000000007278.jpg,1037,surfboard,surfboard,False,1,1,0.14670278131961823,191.1205,60.0987,311.7253,156.3126,0.11573953181505203,False,True,0.0,test
lvis:7386:1123:238,lvis,7386,val2017/000000007386.jpg,1123,truck,truck,False,1,0,0.4886782467365265,52.7553,13.8662,600.0,400.0,0.06067901849746704,False,True,9.972222222222221,test
lvis:7615:981:244,lvis,7615,train2017/000000007615.jpg,981,sock,sock,False,2,0,0.09696076065301895,271.6682,413.6617,328.064,472.9443,0.19733382761478424,False,True,0.0,test
lvis:7682:716:247,lvis,7682,train2017/000000007682.jpg,716,necktie,necktie,False,1,0,0.7722437977790833,143.2383,413.9981,255.1369,639.9544,0.8486714363098145,True,False,9.972222222222221,test
lvis:7713:207:250,lvis,7713,train2017/000000007713.jpg,207,car_(automobile),car_(automobile),False,3,0,0.8248692750930786,73.906,143.1339,585.076,359.2333,0.6950709819793701,True,False,9.972222222222221,test
lvis:7713:207:250,lvis,7713,train2017/000000007713.jpg,207,car_(automobile),car_(automobile),False,3,1,0.6392664909362793,553.6392,182.2611,639.8635,240.9915,0.9544817209243774,True,False,9.972222222222221,test
lvis:7713:207:250,lvis,7713,train2017/000000007713.jpg,207,car_(automobile),car_(automobile),False,3,2,0.11746056377887726,446.6458,178.6192,513.2888,204.08,0.9499825835227966,True,False,0.0,test
lvis:7722:1103:251,lvis,7722,train2017/000000007722.jpg,1103,toothpaste,toothpaste,False,1,0,0.4245559871196747,0.0,16.3813,135.7344,219.4152,0.8770444393157959,True,False,0.0,test
lvis:7722:1103:251,lvis,7722,train2017/000000007722.jpg,1103,toothpaste,toothpaste,False,1,1,0.057313960045576096,0.72,1.7006,636.6036,420.0295,0.1146765723824501,False,True,0.0,test
lvis:7772:451:254,lvis,7772,train2017/000000007772.jpg,451,flag,flag,False,1,0,0.18990738689899445,259.6123,28.3276,290.2024,55.8328,0.9434276819229126,True,False,0.0,test
lvis:7789:77:257,lvis,7789,train2017/000000007789.jpg,77,bed,bed,False,1,0,0.4262205958366394,13.4946,137.9502,640.0,427.0,0.45371317863464355,False,True,0.0,test
lvis:7789:77:257,lvis,7789,train2017/000000007789.jpg,77,bed,bed,False,1,1,0.18582148849964142,0.1088,8.9779,639.9303,426.8822,0.32156920433044434,False,True,0.0,test
lvis:7789:77:257,lvis,7789,train2017/000000007789.jpg,77,bed,bed,False,1,2,0.10984837263822556,0.0,212.8255,489.0954,426.5658,0.8199567794799805,True,False,0.0,test
lvis:7795:804:258,lvis,7795,val2017/000000007795.jpg,804,pillow,pillow,False,7,0,0.9030994176864624,0.0205,191.2548,93.3238,283.6402,0.9536811709403992,True,False,9.972222222222221,test
lvis:7795:804:258,lvis,7795,val2017/000000007795.jpg,804,pillow,pillow,False,7,1,0.8605402112007141,264.3388,195.3674,297.1481,236.5625,0.9618792533874512,True,False,9.972222222222221,test
lvis:7795:804:258,lvis,7795,val2017/000000007795.jpg,804,pillow,pillow,False,7,2,0.7901105880737305,225.7472,193.08,266.3812,243.4471,0.9135486483573914,True,False,9.972222222222221,test
lvis:7795:804:258,lvis,7795,val2017/000000007795.jpg,804,pillow,pillow,False,7,3,0.5519145727157593,178.6915,190.4886,241.9594,247.3956,0.9273582696914673,True,False,9.972222222222221,test
lvis:7795:804:258,lvis,7795,val2017/000000007795.jpg,804,pillow,pillow,False,7,4,0.4526025354862213,430.6796,226.8528,458.9546,242.517,0.0,False,True,0.0,test
lvis:7795:804:258,lvis,7795,val2017/000000007795.jpg,804,pillow,pillow,False,7,5,0.30262109637260437,406.7395,226.282,434.8517,241.3328,0.0,False,True,0.0,test
lvis:7795:804:258,lvis,7795,val2017/000000007795.jpg,804,pillow,pillow,False,7,6,0.2817405164241791,166.7364,196.0598,202.0544,249.1509,0.9142059087753296,True,False,0.0,test
lvis:7795:804:258,lvis,7795,val2017/000000007795.jpg,804,pillow,pillow,False,7,7,0.17421303689479828,167.7854,212.1376,201.9477,249.2385,0.6179563999176025,True,False,0.0,test
lvis:7795:804:258,lvis,7795,val2017/000000007795.jpg,804,pillow,pillow,False,7,8,0.13760600984096527,0.1589,325.9225,237.4414,426.8344,0.0,False,True,0.0,test
lvis:7795:804:258,lvis,7795,val2017/000000007795.jpg,804,pillow,pillow,False,7,9,0.10253924131393433,177.115,190.3,267.4946,248.0008,0.7096641659736633,True,False,0.0,test
lvis:7795:804:258,lvis,7795,val2017/000000007795.jpg,804,pillow,pillow,False,7,10,0.07638345658779144,147.999,199.6096,481.6775,356.0999,0.06156864017248154,False,True,0.0,test
lvis:7795:804:258,lvis,7795,val2017/000000007795.jpg,804,pillow,pillow,False,7,11,0.05448596552014351,0.0,187.8834,449.7193,426.9598,0.07665906101465225,False,True,0.0,test
lvis:7818:1052:261,lvis,7818,val2017/000000007818.jpg,1052,tablecloth,tablecloth,False,1,0,0.36422064900398254,0.0,266.4979,639.9886,426.671,0.6274258494377136,True,False,0.0,test
lvis:7838:90:263,lvis,7838,train2017/000000007838.jpg,90,bench,bench,False,1,0,0.8792439699172974,449.642,409.1504,590.0692,467.9755,0.9573106169700623,True,False,9.972222222222221,test
lvis:7888:271:265,lvis,7888,val2017/000000007888.jpg,271,clock,clock,False,2,0,0.4580143988132477,171.7145,203.5874,485.0067,559.2083,0.18280331790447235,False,True,0.0,test
lvis:7888:271:265,lvis,7888,val2017/000000007888.jpg,271,clock,clock,False,2,1,0.2379705309867859,178.1849,243.7862,307.1055,423.5582,0.7930048108100891,True,False,0.0,test
lvis:7888:271:265,lvis,7888,val2017/000000007888.jpg,271,clock,clock,False,2,2,0.17241406440734863,317.2377,239.1205,469.0441,403.3301,0.8170192837715149,True,False,0.0,test
lvis:7936:76:269,lvis,7936,train2017/000000007936.jpg,76,bear,bear,False,1,0,0.9679551124572754,118.0343,336.2742,375.6897,639.9811,0.9875870943069458,True,False,9.972222222222221,test
lvis:8086:766:276,lvis,8086,train2017/000000008086.jpg,766,parking_meter,parking_meter,False,1,0,0.9340396523475647,249.6302,334.7932,293.3217,632.0974,0.3235151469707489,False,True,9.972222222222221,test
lvis:8086:766:276,lvis,8086,train2017/000000008086.jpg,766,parking_meter,parking_meter,False,1,1,0.09180853515863419,249.9853,334.7025,293.1398,435.2834,0.9681679010391235,True,False,0.0,test
lvis:8188:1133:279,lvis,8188,train2017/000000008188.jpg,1133,umbrella,umbrella,False,1,0,0.8580865859985352,0.0,0.0,402.7366,417.6748,0.9358699917793274,True,False,9.972222222222221,test
lvis:8218:271:282,lvis,8218,train2017/000000008218.jpg,271,clock,clock,False,1,0,0.9225683808326721,262.0438,191.2682,387.1877,296.5099,0.968291163444519,True,False,9.972222222222221,test
lvis:8433:272:288,lvis,8433,train2017/000000008433.jpg,272,clock_tower,clock_tower,False,1,0,0.3745328187942505,69.8105,203.4724,197.5417,287.1964,0.0488169863820076,False,True,0.0,test
lvis:8433:272:288,lvis,8433,train2017/000000008433.jpg,272,clock_tower,clock_tower,False,1,1,0.22165130078792572,2.5535,2.035,367.8937,639.7323,0.9376044273376465,True,False,0.0,test
lvis:8433:272:288,lvis,8433,train2017/000000008433.jpg,272,clock_tower,clock_tower,False,1,2,0.07167402654886246,39.8957,244.9783,57.9358,366.8885,0.010039292275905609,False,True,0.0,test
lvis:8445:146:289,lvis,8445,train2017/000000008445.jpg,146,bracelet,bracelet,False,2,0,0.24337328970432281,266.8221,256.287,274.9759,265.5995,0.5709577202796936,True,False,0.0,test
lvis:8580:569:291,lvis,8580,train2017/000000008580.jpg,569,horse,horse,False,1,0,0.22807104885578156,49.8184,0.1061,479.9854,639.246,0.8732877373695374,True,False,0.0,test
lvis:8580:569:291,lvis,8580,train2017/000000008580.jpg,569,horse,horse,False,1,1,0.1362224668264389,208.1546,0.0751,479.9008,638.6417,0.579367458820343,True,False,0.0,test
lvis:8580:569:291,lvis,8580,train2017/000000008580.jpg,569,horse,horse,False,1,2,0.05634414777159691,52.1104,100.0709,388.5557,614.2522,0.7205106019973755,True,False,0.0,test
lvis:8602:61:292,lvis,8602,train2017/000000008602.jpg,61,basket,basket,False,3,0,0.4209303557872772,57.285,99.7975,160.4674,197.605,0.8214436173439026,True,False,0.0,test
lvis:8602:61:292,lvis,8602,train2017/000000008602.jpg,61,basket,basket,False,3,1,0.06898535788059235,221.1879,428.5303,241.6133,469.5062,0.0,False,True,0.0,test
lvis:8665:99:294,lvis,8665,train2017/000000008665.jpg,99,bird,bird,False,1,0,0.9121383428573608,270.9534,218.9274,545.4179,414.4274,0.9823195934295654,True,False,9.972222222222221,test
lvis:8933:611:299,lvis,8933,train2017/000000008933.jpg,611,kite,kite,False,1,0,0.6457920670509338,76.3077,160.4984,132.6167,195.3385,0.9671245217323303,True,False,9.972222222222221,test
lvis:9113:1139:303,lvis,9113,train2017/000000009113.jpg,1139,vase,vase,False,1,0,0.515835702419281,267.8929,166.3766,285.6953,201.6191,0.8796911239624023,True,False,9.972222222222221,test
lvis:9113:1139:303,lvis,9113,train2017/000000009113.jpg,1139,vase,vase,False,1,1,0.2965637147426605,272.5172,204.794,286.3597,221.5959,0.0,False,True,0.0,test
lvis:9113:1139:303,lvis,9113,train2017/000000009113.jpg,1139,vase,vase,False,1,2,0.06967045366764069,414.933,40.5332,427.0114,60.4431,0.0,False,True,0.0,test
lvis:9113:1139:303,lvis,9113,train2017/000000009113.jpg,1139,vase,vase,False,1,3,0.05604896321892738,395.9869,41.47,409.0383,56.283,0.0,False,True,0.0,test
lvis:9178:1115:305,lvis,9178,train2017/000000009178.jpg,1115,train_(railroad_vehicle),train_(railroad_vehicle),False,1,0,0.9576013684272766,0.0,53.6485,493.373,272.7823,0.9952313899993896,True,False,9.972222222222221,test
lvis:9186:1139:306,lvis,9186,train2017/000000009186.jpg,1139,vase,vase,False,7,0,0.768546462059021,123.0854,140.6581,205.5405,285.0,0.9847723841667175,True,False,9.972222222222221,test
lvis:9186:1139:306,lvis,9186,train2017/000000009186.jpg,1139,vase,vase,False,7,1,0.7326605319976807,255.1423,123.7398,306.5948,265.4848,0.9650044441223145,True,False,9.972222222222221,test
lvis:9186:1139:306,lvis,9186,train2017/000000009186.jpg,1139,vase,vase,False,7,2,0.6921563148498535,115.2061,155.7726,153.1631,260.8124,0.9534329175949097,True,False,9.972222222222221,test
lvis:9186:1139:306,lvis,9186,train2017/000000009186.jpg,1139,vase,vase,False,7,3,0.645902693271637,310.2943,130.0581,373.2726,269.8394,0.9795002937316895,True,False,9.972222222222221,test
lvis:9186:1139:306,lvis,9186,train2017/000000009186.jpg,1139,vase,vase,False,7,4,0.615299642086029,210.385,157.4074,276.6117,275.6837,0.9682472348213196,True,False,9.972222222222221,test
lvis:9186:1139:306,lvis,9186,train2017/000000009186.jpg,1139,vase,vase,False,7,5,0.5138052105903625,192.613,137.9666,236.361,262.9098,0.9465894103050232,True,False,9.972222222222221,test
lvis:9186:1139:306,lvis,9186,train2017/000000009186.jpg,1139,vase,vase,False,7,6,0.2810533940792084,399.7783,154.4648,428.3796,263.7267,0.9526186585426331,True,False,0.0,test
lvis:9400:296:311,lvis,9400,val2017/000000009400.jpg,296,computer_keyboard,computer_keyboard,False,3,0,0.8668340444564819,445.7783,367.1927,588.6775,479.9803,0.8998751044273376,True,False,9.972222222222221,test
lvis:9400:296:311,lvis,9400,val2017/000000009400.jpg,296,computer_keyboard,computer_keyboard,False,3,1,0.24908246099948883,326.7882,218.9752,501.435,344.9132,0.13483592867851257,False,True,0.0,test
lvis:9400:296:311,lvis,9400,val2017/000000009400.jpg,296,computer_keyboard,computer_keyboard,False,3,2,0.16881707310676575,262.3279,230.1188,488.1052,480.0,0.18272872269153595,False,True,0.0,test
lvis:9483:698:316,lvis,9483,val2017/000000009483.jpg,698,monitor_(computer_equipment) computer_monitor,monitor_(computer_equipment) computer_monitor,False,3,0,0.9622274041175842,458.0457,211.6541,579.367,355.9438,0.9408956170082092,True,False,9.972222222222221,test
lvis:9483:698:316,lvis,9483,val2017/000000009483.jpg,698,monitor_(computer_equipment) computer_monitor,monitor_(computer_equipment) computer_monitor,False,3,1,0.3874050974845886,420.7758,328.4653,588.4211,413.2017,0.09533054381608963,False,True,0.0,test
lvis:9483:698:316,lvis,9483,val2017/000000009483.jpg,698,monitor_(computer_equipment) computer_monitor,monitor_(computer_equipment) computer_monitor,False,3,2,0.22912076115608215,162.5609,198.3904,184.5507,269.9007,0.0,False,True,0.0,test
lvis:9483:698:316,lvis,9483,val2017/000000009483.jpg,698,monitor_(computer_equipment) computer_monitor,monitor_(computer_equipment) computer_monitor,False,3,3,0.1899224817752838,510.4525,199.3276,545.2145,227.5661,0.03478413075208664,False,True,0.0,test
lvis:9483:698:316,lvis,9483,val2017/000000009483.jpg,698,monitor_(computer_equipment) computer_monitor,monitor_(computer_equipment) computer_monitor,False,3,4,0.13868969678878784,163.5107,260.3517,304.8943,338.1211,0.04712703078985214,False,True,0.0,test
lvis:9483:698:316,lvis,9483,val2017/000000009483.jpg,698,monitor_(computer_equipment) computer_monitor,monitor_(computer_equipment) computer_monitor,False,3,5,0.07506774365901947,161.8294,197.906,188.4577,294.0761,0.0,False,True,0.0,test
lvis:9696:911:321,lvis,9696,train2017/000000009696.jpg,911,sandal_(type_of_shoe),sandal_(type_of_shoe),False,4,0,0.856752336025238,67.2773,255.8908,109.6205,291.0838,0.9528625011444092,True,False,9.972222222222221,test
lvis:9696:911:321,lvis,9696,train2017/000000009696.jpg,911,sandal_(type_of_shoe),sandal_(type_of_shoe),False,4,1,0.4288955330848694,267.1242,224.1093,307.5304,246.5862,0.8120322823524475,True,False,0.0,test
lvis:9696:911:321,lvis,9696,train2017/000000009696.jpg,911,sandal_(type_of_shoe),sandal_(type_of_shoe),False,4,2,0.19747938215732574,271.5007,251.0157,322.9319,275.6822,0.8354533314704895,True,False,0.0,test
lvis:9696:911:321,lvis,9696,train2017/000000009696.jpg,911,sandal_(type_of_shoe),sandal_(type_of_shoe),False,4,3,0.09277644008398056,91.1847,229.7688,145.0466,248.2856,0.9091190099716187,True,False,0.0,test
lvis:9772:189:324,lvis,9772,val2017/000000009772.jpg,189,camera,camera,False,1,0,0.735206127166748,294.4971,240.4306,304.8318,248.9983,0.3829689621925354,False,True,9.972222222222221,test
lvis:9830:631:325,lvis,9830,train2017/000000009830.jpg,631,laptop_computer,laptop_computer,False,1,0,0.9641870856285095,258.8803,17.6274,639.8904,477.4071,0.9248889684677124,True,False,9.972222222222221,test
lvis:9830:631:325,lvis,9830,train2017/000000009830.jpg,631,laptop_computer,laptop_computer,False,1,1,0.14554303884506226,5.4333,16.4874,640.0,477.9258,0.5549074411392212,True,False,0.0,test
lvis:9914:734:330,lvis,9914,val2017/000000009914.jpg,734,onion,onion,False,1,0,0.06501922011375427,1.5264,42.5084,157.1678,162.7431,0.8917157053947449,True,False,0.0,test
lvis:10023:948:332,lvis,10023,train2017/000000010023.jpg,948,shoe,shoe,False,2,0,0.14199261367321014,304.5827,228.4864,334.0074,272.3427,0.8189888596534729,True,False,0.0,test
lvis:10023:948:332,lvis,10023,train2017/000000010023.jpg,948,shoe,shoe,False,2,1,0.11598329991102219,225.1818,235.9955,276.586,273.644,0.8498310446739197,True,False,0.0,test
lvis:10046:713:333,lvis,10046,train2017/000000010046.jpg,713,napkin,napkin,False,2,0,0.051772475242614746,308.1375,75.5757,639.8939,478.9518,0.3935755491256714,False,True,0.0,test
lvis:10114:818:338,lvis,10114,train2017/000000010114.jpg,818,plate,plate,False,1,0,0.26221349835395813,256.4209,301.0316,299.7574,329.4368,0.6954599618911743,True,False,0.0,test
lvis:10114:818:338,lvis,10114,train2017/000000010114.jpg,818,plate,plate,False,1,1,0.26104292273521423,167.1743,346.6131,220.3261,364.5489,0.0,False,True,0.0,test
lvis:10114:818:338,lvis,10114,train2017/000000010114.jpg,818,plate,plate,False,1,2,0.17032302916049957,255.8537,300.9276,300.116,344.74,0.7590491771697998,True,False,0.0,test
lvis:10114:818:338,lvis,10114,train2017/000000010114.jpg,818,plate,plate,False,1,3,0.07754364609718323,168.4773,346.4121,219.0887,357.8716,0.0,False,True,0.0,test
lvis:10130:1110:339,lvis,10130,train2017/000000010130.jpg,1110,toy,toy,False,1,0,0.2100750207901001,217.463,165.4079,270.4697,210.441,0.9466094970703125,True,False,0.0,test
lvis:10130:1110:339,lvis,10130,train2017/000000010130.jpg,1110,toy,toy,False,1,1,0.07436741143465042,248.5005,44.5655,260.6483,70.5092,0.0,False,True,0.0,test
lvis:10136:1110:340,lvis,10136,train2017/000000010136.jpg,1110,toy,toy,False,28,0,0.1730421483516693,209.062,161.9377,227.3568,182.3957,0.6027259230613708,True,False,0.0,test
lvis:10136:1110:340,lvis,10136,train2017/000000010136.jpg,1110,toy,toy,False,28,1,0.1666336953639984,195.7576,246.2964,207.4076,265.8037,0.7726041674613953,True,False,0.0,test
lvis:10136:1110:340,lvis,10136,train2017/000000010136.jpg,1110,toy,toy,False,28,2,0.1331699639558792,178.2571,239.1317,192.6369,265.1142,0.7724795937538147,True,False,0.0,test
lvis:10136:1110:340,lvis,10136,train2017/000000010136.jpg,1110,toy,toy,False,28,3,0.06002414599061012,209.7688,171.6173,227.3472,182.5648,0.7893556952476501,True,False,0.0,test
lvis:10136:1110:340,lvis,10136,train2017/000000010136.jpg,1110,toy,toy,False,28,4,0.059217534959316254,147.5588,211.9955,161.6073,238.5696,0.9024276733398438,True,False,0.0,test
lvis:10583:1050:348,lvis,10583,val2017/000000010583.jpg,1050,table,table,False,1,0,0.7968806624412537,0.1091,0.0893,611.8094,612.0,0.9993645548820496,True,False,9.972222222222221,test
lvis:10707:84:353,lvis,10707,val2017/000000010707.jpg,84,beer_can,beer_can,False,5,0,0.8899144530296326,232.6526,334.9654,251.8164,371.7007,0.9650352597236633,True,False,9.972222222222221,test
lvis:10707:84:353,lvis,10707,val2017/000000010707.jpg,84,beer_can,beer_can,False,5,1,0.884412944316864,182.2959,379.1036,206.5504,432.5269,0.9131826758384705,True,False,9.972222222222221,test
lvis:10707:84:353,lvis,10707,val2017/000000010707.jpg,84,beer_can,beer_can,False,5,2,0.8373947739601135,145.4051,380.8975,169.4316,432.0163,0.9515756964683533,True,False,9.972222222222221,test
lvis:10707:84:353,lvis,10707,val2017/000000010707.jpg,84,beer_can,beer_can,False,5,3,0.5913471579551697,143.8325,368.0558,174.1706,418.6334,0.7028055787086487,True,False,9.972222222222221,test
lvis:10707:84:353,lvis,10707,val2017/000000010707.jpg,84,beer_can,beer_can,False,5,4,0.5324757099151611,259.0663,280.3704,314.665,357.33,0.9160619378089905,True,False,9.972222222222221,test
lvis:10707:84:353,lvis,10707,val2017/000000010707.jpg,84,beer_can,beer_can,False,5,5,0.3436914384365082,126.2199,376.6854,148.9781,424.36,0.06952045857906342,False,True,0.0,test
lvis:10707:84:353,lvis,10707,val2017/000000010707.jpg,84,beer_can,beer_can,False,5,6,0.22567398846149445,121.2973,356.9415,150.3867,424.1326,0.07132168859243393,False,True,0.0,test
lvis:10707:84:353,lvis,10707,val2017/000000010707.jpg,84,beer_can,beer_can,False,5,7,0.15630663931369781,211.7509,329.117,229.7243,391.9214,0.0,False,True,0.0,test
lvis:10707:84:353,lvis,10707,val2017/000000010707.jpg,84,beer_can,beer_can,False,5,8,0.084324412047863,120.9027,357.7311,149.6965,383.59,0.007745951414108276,False,True,0.0,test
lvis:10764:675:355,lvis,10764,val2017/000000010764.jpg,675,mask,mask,False,1,0,0.20890173316001892,304.1826,79.5952,388.8595,186.1507,0.6648058295249939,True,False,0.0,test
lvis:10903:1139:357,lvis,10903,train2017/000000010903.jpg,1139,vase,vase,False,2,0,0.34242677688598633,268.5455,225.5612,313.3444,297.9868,0.9871723055839539,True,False,0.0,test
lvis:10903:1139:357,lvis,10903,train2017/000000010903.jpg,1139,vase,vase,False,2,1,0.13317987322807312,205.3687,241.1181,244.4398,321.7031,0.9386966824531555,True,False,0.0,test
lvis:10977:1097:359,lvis,10977,val2017/000000010977.jpg,1097,toilet,toilet,False,1,0,0.7950254082679749,241.2768,201.1537,355.6304,340.314,0.9670770764350891,True,False,9.972222222222221,test
lvis:10977:1097:359,lvis,10977,val2017/000000010977.jpg,1097,toilet,toilet,False,1,1,0.058408305048942566,241.4189,255.0025,298.9073,339.5829,0.2978666126728058,False,True,0.0,test
lvis:10995:548:360,lvis,10995,val2017/000000010995.jpg,548,headboard,headboard,False,1,0,0.494955450296402,115.1568,88.531,640.0,480.0,0.13698983192443848,False,True,9.972222222222221,test
lvis:10995:548:360,lvis,10995,val2017/000000010995.jpg,548,headboard,headboard,False,1,1,0.11406198889017105,447.7724,87.1524,640.0,256.6212,0.8639920949935913,True,False,0.0,test
lvis:10995:548:360,lvis,10995,val2017/000000010995.jpg,548,headboard,headboard,False,1,2,0.05360051244497299,447.6538,87.9744,639.9681,337.0566,0.5874110460281372,True,False,0.0,test
lvis:11029:793:361,lvis,11029,train2017/000000011029.jpg,793,person,person,False,2,0,0.9616928100585938,412.5277,74.4608,627.3077,511.9089,0.992756187915802,True,False,9.972222222222221,test
lvis:11029:793:361,lvis,11029,train2017/000000011029.jpg,793,person,person,False,2,1,0.6608171463012695,2.1424,65.4284,245.7344,506.6525,0.9526453614234924,True,False,9.972222222222221,test
lvis:11029:793:361,lvis,11029,train2017/000000011029.jpg,793,person,person,False,2,2,0.32155007123947144,308.7311,49.6828,323.758,64.7118,0.0,False,True,0.0,test
lvis:11029:793:361,lvis,11029,train2017/000000011029.jpg,793,person,person,False,2,3,0.14027154445648193,137.8689,138.5288,484.9081,511.9051,0.188706174492836,False,True,0.0,test
lvis:11029:793:361,lvis,11029,train2017/000000011029.jpg,793,person,person,False,2,4,0.054702624678611755,2.1883,65.4841,428.675,510.2625,0.539764404296875,True,False,0.0,test
lvis:11065:544:363,lvis,11065,train2017/000000011065.jpg,544,hat,hat,False,1,0,0.8061394095420837,198.0481,202.2012,240.4556,266.2495,0.952859103679657,True,False,9.972222222222221,test
lvis:11075:35:364,lvis,11075,train2017/000000011075.jpg,35,handbag,handbag,False,1,0,0.8440845012664795,409.8965,312.3105,572.7417,406.7089,0.9571744203567505,True,False,9.972222222222221,test
lvis:11197:207:369,lvis,11197,val2017/000000011197.jpg,207,car_(automobile),car_(automobile),False,4,0,0.8375423550605774,399.6833,154.0106,485.5149,193.8462,0.9263404607772827,True,False,9.972222222222221,test
lvis:11197:207:369,lvis,11197,val2017/000000011197.jpg,207,car_(automobile),car_(automobile),False,4,1,0.5423328876495361,172.1823,141.3762,217.476,169.7999,0.7899673581123352,True,False,9.972222222222221,test
lvis:11197:207:369,lvis,11197,val2017/000000011197.jpg,207,car_(automobile),car_(automobile),False,4,2,0.10881005227565765,135.8009,153.0197,162.2378,164.4539,0.8787041902542114,True,False,0.0,test
lvis:11197:207:369,lvis,11197,val2017/000000011197.jpg,207,car_(automobile),car_(automobile),False,4,3,0.07700840383768082,318.6685,296.0679,639.8301,427.0,0.0,False,True,0.0,test
lvis:11222:194:370,lvis,11222,train2017/000000011222.jpg,194,candle,candle,False,1,0,0.5516781806945801,10.6302,71.5219,32.9903,123.559,0.821760356426239,True,False,9.972222222222221,test
lvis:11364:76:376,lvis,11364,train2017/000000011364.jpg,76,bear,bear,False,1,0,0.931225597858429,111.1785,253.365,265.1412,325.6021,0.9709964990615845,True,False,9.972222222222221,test
lvis:11496:1019:379,lvis,11496,train2017/000000011496.jpg,1019,stop_sign,stop_sign,False,1,0,0.8246659636497498,162.2231,15.2521,489.9167,401.0446,0.993263304233551,True,False,9.972222222222221,test
lvis:11643:923:387,lvis,11643,train2017/000000011643.jpg,923,scissors,scissors,False,1,0,0.06092002987861633,540.3146,242.9332,639.9267,382.65,0.9031038284301758,True,False,0.0,test
lvis:11760:1202:391,lvis,11760,val2017/000000011760.jpg,1202,zebra,zebra,False,3,0,0.9514279365539551,38.6708,101.0042,212.0112,386.7837,0.9798185229301453,True,False,9.972222222222221,test
lvis:11760:1202:391,lvis,11760,val2017/000000011760.jpg,1202,zebra,zebra,False,3,1,0.9329528212547302,266.8867,95.9442,385.7839,396.1765,0.9778621792793274,True,False,9.972222222222221,test
lvis:11760:1202:391,lvis,11760,val2017/000000011760.jpg,1202,zebra,zebra,False,3,2,0.9128594994544983,455.3541,92.72,604.0424,413.6655,0.9634729623794556,True,False,9.972222222222221,test
lvis:11791:422:392,lvis,11791,train2017/000000011791.jpg,422,elephant,elephant,False,2,0,0.9725733995437622,62.8884,29.5846,588.9224,368.2086,0.9376186728477478,True,False,9.972222222222221,test
lvis:11791:422:392,lvis,11791,train2017/000000011791.jpg,422,elephant,elephant,False,2,1,0.8231642246246338,0.0083,90.6013,31.9575,188.2934,0.9479035139083862,True,False,9.972222222222221,test
lvis:11813:631:393,lvis,11813,val2017/000000011813.jpg,631,laptop_computer,laptop_computer,False,1,0,0.7105323672294617,0.7373,385.4889,169.6985,470.9344,0.8307088017463684,True,False,9.972222222222221,test
lvis:12081:544:396,lvis,12081,train2017/000000012081.jpg,544,hat,hat,False,1,0,0.7363937497138977,461.7412,104.7654,492.9281,123.8823,0.870508074760437,True,False,9.972222222222221,test
lvis:12155:173:399,lvis,12155,train2017/000000012155.jpg,173,bus_(vehicle),bus_(vehicle),False,1,0,0.9838623404502869,129.4046,63.7327,577.9526,415.0773,0.9793602228164673,True,False,9.972222222222221,test
lvis:12792:496:418,lvis,12792,train2017/000000012792.jpg,496,giraffe,giraffe,False,1,0,0.9554955363273621,78.1334,213.8799,426.0,539.9371,0.9158139824867249,True,False,9.972222222222221,test
lvis:12873:961:419,lvis,12873,train2017/000000012873.jpg,961,sink,sink,False,1,0,0.7222150564193726,0.1745,495.5949,154.7801,618.848,0.9021528959274292,True,False,9.972222222222221,test
lvis:12938:962:423,lvis,12938,train2017/000000012938.jpg,962,skateboard,skateboard,False,1,0,0.9168043732643127,188.2562,387.6161,295.3868,409.9377,0.9585498571395874,True,False,9.972222222222221,test
lvis:12986:90:427,lvis,12986,train2017/000000012986.jpg,90,bench,bench,False,1,0,0.9694337248802185,144.6144,194.9094,521.5805,429.0911,0.9857345819473267,True,False,9.972222222222221,test
lvis:12993:1056:429,lvis,12993,train2017/000000012993.jpg,1056,taillight,taillight,False,2,0,0.09807826578617096,280.2968,45.6888,473.0078,191.8427,0.0069584292359650135,False,True,0.0,test
lvis:13004:45:430,lvis,13004,val2017/000000013004.jpg,45,banana,banana,False,1,0,0.2316456288099289,10.8233,62.3061,375.0,404.1568,0.5240943431854248,True,False,0.0,test
lvis:13004:45:430,lvis,13004,val2017/000000013004.jpg,45,banana,banana,False,1,1,0.08375932276248932,21.3365,64.0626,336.7769,293.6233,0.9010382294654846,True,False,0.0,test
lvis:13168:1115:434,lvis,13168,train2017/000000013168.jpg,1115,train_(railroad_vehicle),train_(railroad_vehicle),False,1,0,0.8886264562606812,138.2729,165.2455,611.8826,611.8766,0.8263511061668396,True,False,9.972222222222221,test
lvis:13201:146:436,lvis,13201,val2017/000000013201.jpg,146,bracelet,bracelet,False,3,0,0.7766640186309814,106.3428,105.8971,122.0077,123.3891,0.7223289608955383,True,False,9.972222222222221,test
lvis:13201:146:436,lvis,13201,val2017/000000013201.jpg,146,bracelet,bracelet,False,3,1,0.6399388909339905,222.9101,306.3861,237.5972,324.2235,0.5910210013389587,True,False,9.972222222222221,test
lvis:13228:181:437,lvis,13228,train2017/000000013228.jpg,181,cabinet,cabinet,False,1,0,0.41626444458961487,277.9644,239.8549,374.9503,488.8361,0.30246493220329285,False,True,0.0,test
lvis:13228:181:437,lvis,13228,train2017/000000013228.jpg,181,cabinet,cabinet,False,1,1,0.3617013394832611,151.7845,133.2484,375.0,497.3024,0.9679908752441406,True,False,0.0,test
lvis:13228:181:437,lvis,13228,train2017/000000013228.jpg,181,cabinet,cabinet,False,1,2,0.15321120619773865,153.6051,190.5656,291.7385,398.9816,0.36026644706726074,False,True,0.0,test
lvis:13228:181:437,lvis,13228,train2017/000000013228.jpg,181,cabinet,cabinet,False,1,3,0.08104485273361206,345.9051,316.9366,375.0,500.0,0.06671436131000519,False,True,0.0,test
lvis:13232:1071:439,lvis,13232,train2017/000000013232.jpg,1071,teddy_bear,teddy_bear,False,2,0,0.823752224445343,271.0878,43.0541,530.7607,407.4122,0.9880626797676086,True,False,9.972222222222221,test
lvis:13232:1071:439,lvis,13232,train2017/000000013232.jpg,1071,teddy_bear,teddy_bear,False,2,1,0.8200007677078247,154.663,60.4233,368.0233,422.842,0.9837766289710999,True,False,9.972222222222221,test
lvis:13232:1071:439,lvis,13232,train2017/000000013232.jpg,1071,teddy_bear,teddy_bear,False,2,2,0.08334530889987946,121.9022,218.2055,190.7887,297.7088,0.036093298345804214,False,True,0.0,test
lvis:13348:3:445,lvis,13348,val2017/000000013348.jpg,3,airplane,airplane,False,2,0,0.922447681427002,0.0,140.4635,565.3721,287.7584,0.9774572253227234,True,False,9.972222222222221,test
lvis:13348:3:445,lvis,13348,val2017/000000013348.jpg,3,airplane,airplane,False,2,1,0.46747589111328125,0.0,225.7982,53.2296,244.3803,0.531275749206543,True,False,0.0,test
lvis:13348:3:445,lvis,13348,val2017/000000013348.jpg,3,airplane,airplane,False,2,2,0.2536305785179138,0.0,208.2059,53.6408,244.9536,0.266590416431427,False,True,0.0,test
lvis:13546:962:447,lvis,13546,val2017/000000013546.jpg,962,skateboard,skateboard,False,1,0,0.3186981976032257,508.8955,207.3161,535.6183,256.2463,0.6318109035491943,True,False,0.0,test
lvis:13546:962:447,lvis,13546,val2017/000000013546.jpg,962,skateboard,skateboard,False,1,1,0.21322579681873322,507.3848,204.9672,547.1375,257.6069,0.8612086176872253,True,False,0.0,test
lvis:13595:387:449,lvis,13595,train2017/000000013595.jpg,387,doughnut,doughnut,False,2,0,0.649572491645813,204.3593,367.0129,279.7619,421.5855,0.9649286270141602,True,False,9.972222222222221,test
lvis:13595:387:449,lvis,13595,train2017/000000013595.jpg,387,doughnut,doughnut,False,2,1,0.6217787265777588,135.7309,533.7576,253.9001,639.9965,0.0,False,True,9.972222222222221,test
lvis:13595:387:449,lvis,13595,train2017/000000013595.jpg,387,doughnut,doughnut,False,2,2,0.35413306951522827,141.6571,81.9292,227.7234,130.4324,0.9840934872627258,True,False,0.0,test
lvis:13595:387:449,lvis,13595,train2017/000000013595.jpg,387,doughnut,doughnut,False,2,3,0.05681385099887848,122.9435,563.8527,229.8364,640.0,0.0,False,True,0.0,test
lvis:13597:183:451,lvis,13597,val2017/000000013597.jpg,183,cake,cake,False,1,0,0.9498010873794556,59.2705,31.077,531.4384,420.86,0.9722122550010681,True,False,9.972222222222221,test
lvis:13597:183:451,lvis,13597,val2017/000000013597.jpg,183,cake,cake,False,1,1,0.2077835202217102,7.0588,2.6534,640.0,423.8263,0.7065292596817017,True,False,0.0,test
lvis:13671:99:454,lvis,13671,train2017/000000013671.jpg,99,bird,bird,False,5,0,0.5315045714378357,359.6335,80.2565,367.3353,87.5114,0.91885906457901,True,False,9.972222222222221,test
lvis:13671:99:454,lvis,13671,train2017/000000013671.jpg,99,bird,bird,False,5,1,0.49629005789756775,390.4538,73.835,401.3987,80.2076,0.9236829876899719,True,False,9.972222222222221,test
lvis:13671:99:454,lvis,13671,train2017/000000013671.jpg,99,bird,bird,False,5,2,0.40393513441085815,451.2349,56.9732,458.6816,66.5116,0.8100405335426331,True,False,0.0,test
lvis:13671:99:454,lvis,13671,train2017/000000013671.jpg,99,bird,bird,False,5,3,0.22028282284736633,344.1286,83.4072,355.8079,90.4498,0.41174376010894775,False,True,0.0,test
lvis:13671:99:454,lvis,13671,train2017/000000013671.jpg,99,bird,bird,False,5,4,0.08778613060712814,358.9315,81.0091,367.5096,88.8127,0.672157883644104,True,False,0.0,test
lvis:13835:627:457,lvis,13835,train2017/000000013835.jpg,627,lamppost,lamppost,False,2,0,0.17239025235176086,263.8355,508.3591,275.9523,596.4838,0.5791125893592834,True,False,0.0,test
lvis:13914:422:459,lvis,13914,train2017/000000013914.jpg,422,elephant,elephant,False,1,0,0.9792066812515259,3.916,8.9108,511.7454,639.9719,0.9768836498260498,True,False,9.972222222222221,test
lvis:13916:1077:460,lvis,13916,train2017/000000013916.jpg,1077,television_set,television_set,False,1,0,0.6189471483230591,31.0957,82.8944,107.168,155.2397,0.9837523102760315,True,False,9.972222222222221,test
lvis:13916:1077:460,lvis,13916,train2017/000000013916.jpg,1077,television_set,television_set,False,1,1,0.1740410476922989,0.0,152.9768,21.8909,281.4538,0.0,False,True,0.0,test
lvis:13922:45:461,lvis,13922,train2017/000000013922.jpg,45,banana,banana,False,1,0,0.17290721833705902,15.5452,6.0893,608.3237,584.5806,0.22340397536754608,False,True,0.0,test
lvis:13922:45:461,lvis,13922,train2017/000000013922.jpg,45,banana,banana,False,1,1,0.10432875901460648,326.6315,137.973,610.9412,423.7474,0.9428989291191101,True,False,0.0,test
lvis:14038:421:465,lvis,14038,val2017/000000014038.jpg,421,refrigerator,refrigerator,False,1,0,0.9694786667823792,15.0302,148.1185,144.5538,427.0,0.974653422832489,True,False,9.972222222222221,test
lvis:14380:165:475,lvis,14380,val2017/000000014380.jpg,165,bullet_train,bullet_train,False,1,0,0.4238797426223755,183.7744,256.5696,639.7761,385.5321,0.9555742144584656,True,False,0.0,test
lvis:14477:569:478,lvis,14477,train2017/000000014477.jpg,569,horse,horse,False,5,0,0.7705816626548767,279.6118,273.6081,307.207,345.3853,0.8594367504119873,True,False,9.972222222222221,test
lvis:14477:569:478,lvis,14477,train2017/000000014477.jpg,569,horse,horse,False,5,1,0.71173095703125,291.6786,262.3485,341.3705,345.0033,0.7194579243659973,True,False,9.972222222222221,test
lvis:14477:569:478,lvis,14477,train2017/000000014477.jpg,569,horse,horse,False,5,2,0.4913124442100525,363.4448,285.4897,386.5608,323.7394,0.4184210002422333,False,True,9.972222222222221,test
lvis:14557:271:479,lvis,14557,train2017/000000014557.jpg,271,clock,clock,False,1,0,0.8074926733970642,61.087,423.7184,175.3594,556.0979,0.800405740737915,True,False,9.972222222222221,test
lvis:14635:469:480,lvis,14635,train2017/000000014635.jpg,469,fork,fork,False,3,0,0.5366332530975342,16.1564,376.3788,28.0132,403.1604,0.9064980149269104,True,False,9.972222222222221,test
lvis:14635:469:480,lvis,14635,train2017/000000014635.jpg,469,fork,fork,False,3,1,0.43878796696662903,116.158,366.4994,126.3857,402.2662,0.0,False,True,0.0,test
lvis:14635:469:480,lvis,14635,train2017/000000014635.jpg,469,fork,fork,False,3,2,0.3333932161331177,209.9051,360.9529,224.7102,384.8609,0.9512708187103271,True,False,0.0,test
lvis:14635:469:480,lvis,14635,train2017/000000014635.jpg,469,fork,fork,False,3,3,0.0757255107164383,328.0332,435.294,414.1047,457.589,0.9070274233818054,True,False,0.0,test
lvis:14677:967:481,lvis,14677,train2017/000000014677.jpg,967,ski_pole,ski_pole,False,6,0,0.42068514227867126,106.3258,202.3514,188.5279,289.791,0.7071475386619568,True,False,0.0,test
lvis:14677:967:481,lvis,14677,train2017/000000014677.jpg,967,ski_pole,ski_pole,False,6,1,0.23686307668685913,104.3056,176.6937,169.4227,294.4005,0.4380016028881073,False,True,0.0,test
lvis:14677:967:481,lvis,14677,train2017/000000014677.jpg,967,ski_pole,ski_pole,False,6,2,0.23382936418056488,123.5298,217.5174,189.8838,287.6064,0.8262483477592468,True,False,0.0,test
lvis:14677:967:481,lvis,14677,train2017/000000014677.jpg,967,ski_pole,ski_pole,False,6,3,0.06335613131523132,418.9553,123.9166,508.6912,252.1913,0.17652146518230438,False,True,0.0,test
lvis:14862:1202:487,lvis,14862,train2017/000000014862.jpg,1202,zebra,zebra,False,1,0,0.9715309143066406,104.9536,85.2263,273.5186,387.1019,0.9845130443572998,True,False,9.972222222222221,test
lvis:14883:845:488,lvis,14883,train2017/000000014883.jpg,845,printer,printer,False,2,0,0.7149147987365723,93.1462,177.6416,192.265,269.1049,0.896862268447876,True,False,9.972222222222221,test
lvis:14883:845:488,lvis,14883,train2017/000000014883.jpg,845,printer,printer,False,2,1,0.6688965559005737,47.075,546.8376,168.4667,639.9564,0.9052606225013733,True,False,9.972222222222221,test
lvis:14883:845:488,lvis,14883,train2017/000000014883.jpg,845,printer,printer,False,2,2,0.21663916110992432,60.2975,177.1012,193.4041,314.5275,0.4444870352745056,False,True,0.0,test
lvis:14888:80:490,lvis,14888,val2017/000000014888.jpg,80,cow,cow,False,1,0,0.9523239135742188,0.0552,0.027,640.0,439.4603,0.9938678741455078,True,False,9.972222222222221,test
lvis:14954:1139:491,lvis,14954,train2017/000000014954.jpg,1139,vase,vase,False,25,0,0.9358325004577637,494.1894,196.5533,528.7088,314.2563,0.9764822125434875,True,False,9.972222222222221,test
lvis:14954:1139:491,lvis,14954,train2017/000000014954.jpg,1139,vase,vase,False,25,1,0.9242072701454163,131.6578,138.9212,178.0147,318.3184,0.9872470498085022,True,False,9.972222222222221,test
lvis:14954:1139:491,lvis,14954,train2017/000000014954.jpg,1139,vase,vase,False,25,2,0.9237844944000244,54.81,127.5146,91.3556,310.5957,0.9594336748123169,True,False,9.972222222222221,test
lvis:14954:1139:491,lvis,14954,train2017/000000014954.jpg,1139,vase,vase,False,25,3,0.9126039147377014,442.6139,196.5865,481.1541,317.4291,0.9899256825447083,True,False,9.972222222222221,test
lvis:14954:1139:491,lvis,14954,train2017/000000014954.jpg,1139,vase,vase,False,25,4,0.9068406820297241,338.543,187.8218,373.1619,313.5876,0.9716697335243225,True,False,9.972222222222221,test
lvis:14954:1139:491,lvis,14954,train2017/000000014954.jpg,1139,vase,vase,False,25,5,0.9065715670585632,474.0651,228.1721,508.3367,330.3152,0.969232976436615,True,False,9.972222222222221,test
lvis:14954:1139:491,lvis,14954,train2017/000000014954.jpg,1139,vase,vase,False,25,6,0.8976173996925354,304.9374,167.0742,345.6924,305.7274,0.9829037189483643,True,False,9.972222222222221,test
lvis:14954:1139:491,lvis,14954,train2017/000000014954.jpg,1139,vase,vase,False,25,7,0.8963872790336609,85.3363,119.3095,135.3467,313.8128,0.9821285009384155,True,False,9.972222222222221,test
lvis:14954:1139:491,lvis,14954,train2017/000000014954.jpg,1139,vase,vase,False,25,8,0.894411563873291,413.0057,205.0151,447.1302,311.0776,0.9691075086593628,True,False,9.972222222222221,test
lvis:14954:1139:491,lvis,14954,train2017/000000014954.jpg,1139,vase,vase,False,25,9,0.8939171433448792,170.8118,147.7114,204.7503,308.55,0.9459191560745239,True,False,9.972222222222221,test
lvis:14954:1139:491,lvis,14954,train2017/000000014954.jpg,1139,vase,vase,False,25,10,0.8938567638397217,522.4508,221.6562,561.6793,321.18,0.9578933715820312,True,False,9.972222222222221,test
lvis:14954:1139:491,lvis,14954,train2017/000000014954.jpg,1139,vase,vase,False,25,11,0.8937533497810364,203.1445,156.7174,230.4893,304.0653,0.9601924419403076,True,False,9.972222222222221,test
lvis:14954:1139:491,lvis,14954,train2017/000000014954.jpg,1139,vase,vase,False,25,12,0.8925842642784119,219.2329,153.4498,264.087,318.7976,0.9702740907669067,True,False,9.972222222222221,test
lvis:14954:1139:491,lvis,14954,train2017/000000014954.jpg,1139,vase,vase,False,25,13,0.8798345327377319,554.6381,208.792,585.3097,313.7998,0.9588470458984375,True,False,9.972222222222221,test
lvis:14954:1139:491,lvis,14954,train2017/000000014954.jpg,1139,vase,vase,False,25,14,0.864169716835022,84.4388,227.4442,118.9805,321.9114,0.9718297123908997,True,False,9.972222222222221,test
lvis:14954:1139:491,lvis,14954,train2017/000000014954.jpg,1139,vase,vase,False,25,15,0.8588366508483887,567.5549,197.7497,594.9011,305.6776,0.8975957632064819,True,False,9.972222222222221,test
lvis:14954:1139:491,lvis,14954,train2017/000000014954.jpg,1139,vase,vase,False,25,16,0.8417370319366455,381.6294,188.871,412.7341,309.6439,0.8206331729888916,True,False,9.972222222222221,test
lvis:14954:1139:491,lvis,14954,train2017/000000014954.jpg,1139,vase,vase,False,25,17,0.8290830850601196,522.4762,183.6745,557.6732,258.261,0.95856112241745,True,False,9.972222222222221,test
lvis:14954:1139:491,lvis,14954,train2017/000000014954.jpg,1139,vase,vase,False,25,18,0.8111212849617004,367.4128,204.8403,402.5291,320.305,0.9502325057983398,True,False,9.972222222222221,test
lvis:14954:1139:491,lvis,14954,train2017/000000014954.jpg,1139,vase,vase,False,25,19,0.8087813258171082,408.1185,156.0953,448.1799,258.2377,0.8103015422821045,True,False,9.972222222222221,test
lvis:14954:1139:491,lvis,14954,train2017/000000014954.jpg,1139,vase,vase,False,25,20,0.8011133670806885,264.9974,164.6275,290.5955,309.4174,0.9615830779075623,True,False,9.972222222222221,test
lvis:14954:1139:491,lvis,14954,train2017/000000014954.jpg,1139,vase,vase,False,25,21,0.7995101809501648,122.5243,116.8586,149.0822,204.244,0.45048654079437256,False,True,9.972222222222221,test
lvis:14954:1139:491,lvis,14954,train2017/000000014954.jpg,1139,vase,vase,False,25,22,0.7916229367256165,474.7352,184.6824,504.6227,256.7225,0.9546725153923035,True,False,9.972222222222221,test
lvis:14954:1139:491,lvis,14954,train2017/000000014954.jpg,1139,vase,vase,False,25,23,0.7175259590148926,247.8388,158.0867,276.1333,312.9286,0.8860053420066833,True,False,9.972222222222221,test
lvis:14954:1139:491,lvis,14954,train2017/000000014954.jpg,1139,vase,vase,False,25,24,0.7069219946861267,361.5055,174.9406,381.6376,244.2109,0.940575897693634,True,False,9.972222222222221,test
lvis:15079:912:495,lvis,15079,val2017/000000015079.jpg,912,sandwich,sandwich,False,1,0,0.7859864830970764,200.4657,5.9306,471.0467,226.2472,0.4037705659866333,False,True,9.972222222222221,test
lvis:15079:912:495,lvis,15079,val2017/000000015079.jpg,912,sandwich,sandwich,False,1,1,0.6825032830238342,55.4898,109.9522,380.593,350.1157,0.5340021252632141,True,False,9.972222222222221,test
lvis:15079:912:495,lvis,15079,val2017/000000015079.jpg,912,sandwich,sandwich,False,1,2,0.10645151138305664,53.7317,5.2654,471.7532,350.1552,0.9704380035400391,True,False,0.0,test
lvis:15272:1112:500,lvis,15272,val2017/000000015272.jpg,1112,traffic_light,traffic_light,False,1,0,0.9600170850753784,125.1904,43.7224,201.8818,134.2978,0.30232831835746765,False,True,9.972222222222221,test
lvis:15272:1112:500,lvis,15272,val2017/000000015272.jpg,1112,traffic_light,traffic_light,False,1,1,0.9563542604446411,41.4155,39.4518,276.1765,137.5781,0.9860111474990845,True,False,9.972222222222221,test
lvis:15272:1112:500,lvis,15272,val2017/000000015272.jpg,1112,traffic_light,traffic_light,False,1,2,0.9425167441368103,41.025,39.261,126.7764,129.488,0.3363499641418457,False,True,9.972222222222221,test
lvis:15272:1112:500,lvis,15272,val2017/000000015272.jpg,1112,traffic_light,traffic_light,False,1,3,0.9131828546524048,198.4236,48.4484,276.3471,136.8358,0.2982736825942993,False,True,9.972222222222221,test
lvis:15272:1112:500,lvis,15272,val2017/000000015272.jpg,1112,traffic_light,traffic_light,False,1,4,0.1446566879749298,125.7442,46.455,276.5476,136.8834,0.5897297263145447,True,False,0.0,test
lvis:15278:818:502,lvis,15278,val2017/000000015278.jpg,818,plate,plate,False,1,0,0.9432459473609924,0.0,0.1317,639.9266,479.7822,0.9991573095321655,True,False,9.972222222222221,test
lvis:15335:715:503,lvis,15335,val2017/000000015335.jpg,715,necklace,necklace,False,1,0,0.08410251140594482,72.9392,182.843,135.1256,304.0087,0.9315153360366821,True,False,0.0,test
lvis:15355:351:504,lvis,15355,train2017/000000015355.jpg,351,cushion,cushion,False,1,0,0.6085295677185059,0.0516,1.6914,480.0,640.0,0.3552079498767853,False,True,9.972222222222221,test
lvis:15355:351:504,lvis,15355,train2017/000000015355.jpg,351,cushion,cushion,False,1,1,0.14984114468097687,103.9613,299.4305,480.0,638.3675,0.8538005352020264,True,False,0.0,test
lvis:15386:110:507,lvis,15386,train2017/000000015386.jpg,110,blanket,blanket,False,1,0,0.10541541874408722,188.5194,236.209,352.2247,276.4394,0.09154956787824631,False,True,0.0,test
lvis:15386:110:507,lvis,15386,train2017/000000015386.jpg,110,blanket,blanket,False,1,1,0.07886642217636108,139.5895,219.0883,608.9824,480.0,0.41259440779685974,False,True,0.0,test
lvis:15400:1186:508,lvis,15400,train2017/000000015400.jpg,1186,windshield_wiper,windshield_wiper,False,2,0,0.12137673050165176,0.063,46.5795,340.1309,355.3436,0.009300780482590199,False,True,0.0,test
lvis:15440:173:509,lvis,15440,val2017/000000015440.jpg,173,bus_(vehicle),bus_(vehicle),False,2,0,0.6618530750274658,195.2992,183.7726,265.3862,258.5569,0.9440862536430359,True,False,9.972222222222221,test
lvis:15440:173:509,lvis,15440,val2017/000000015440.jpg,173,bus_(vehicle),bus_(vehicle),False,2,1,0.6519114971160889,112.0611,181.6533,265.0021,257.943,0.4247797429561615,False,True,9.972222222222221,test
lvis:15517:1026:511,lvis,15517,val2017/000000015517.jpg,1026,street_sign,street_sign,False,2,0,0.22206535935401917,513.8903,240.4583,525.3998,250.5391,0.0,False,True,0.0,test
lvis:15517:1026:511,lvis,15517,val2017/000000015517.jpg,1026,street_sign,street_sign,False,2,1,0.09858428686857224,376.894,443.5554,402.4283,466.2456,0.9331552982330322,True,False,0.0,test
lvis:15517:1026:511,lvis,15517,val2017/000000015517.jpg,1026,street_sign,street_sign,False,2,2,0.09547301381826401,161.3983,399.6068,184.3284,446.1389,0.0,False,True,0.0,test
lvis:15525:76:512,lvis,15525,train2017/000000015525.jpg,76,bear,bear,False,3,0,0.7895430326461792,151.1145,161.5244,207.7076,204.4002,0.9676315188407898,True,False,9.972222222222221,test
lvis:15525:76:512,lvis,15525,train2017/000000015525.jpg,76,bear,bear,False,3,1,0.5286997556686401,259.9718,143.657,286.5624,164.5873,0.9818089008331299,True,False,9.972222222222221,test
lvis:15525:76:512,lvis,15525,train2017/000000015525.jpg,76,bear,bear,False,3,2,0.3624000549316406,352.6253,118.8006,382.6573,145.3645,0.9106751084327698,True,False,0.0,test
lvis:15546:1079:513,lvis,15546,train2017/000000015546.jpg,1079,tennis_racket,tennis_racket,False,1,0,0.9495266079902649,333.4384,46.7912,595.6644,162.2136,0.7205445766448975,True,False,9.972222222222221,test
lvis:15567:225:515,lvis,15567,train2017/000000015567.jpg,225,cat,cat,False,1,0,0.9730316400527954,4.0745,242.9571,242.689,368.4455,0.9373259544372559,True,False,9.972222222222221,test
lvis:15751:99:523,lvis,15751,val2017/000000015751.jpg,99,bird,bird,False,4,0,0.4560321867465973,153.4441,234.6744,300.6679,330.3417,0.605002224445343,True,False,0.0,test
lvis:15751:99:523,lvis,15751,val2017/000000015751.jpg,99,bird,bird,False,4,1,0.1701030433177948,224.3255,378.7674,294.7009,427.0,0.6265954375267029,True,False,0.0,test
lvis:15751:99:523,lvis,15751,val2017/000000015751.jpg,99,bird,bird,False,4,2,0.16243556141853333,104.9611,323.7188,151.825,372.1367,0.9357321858406067,True,False,0.0,test
lvis:15751:99:523,lvis,15751,val2017/000000015751.jpg,99,bird,bird,False,4,3,0.07623305916786194,44.54,323.7815,182.6055,426.2599,0.42062246799468994,False,True,0.0,test
lvis:15751:99:523,lvis,15751,val2017/000000015751.jpg,99,bird,bird,False,4,4,0.06404033303260803,44.1647,347.8167,173.0309,394.7245,0.9632108211517334,True,False,0.0,test
lvis:15930:1071:528,lvis,15930,train2017/000000015930.jpg,1071,teddy_bear,teddy_bear,False,1,0,0.7751094698905945,119.9582,41.1076,408.8925,508.9662,0.450589120388031,False,True,9.972222222222221,test
lvis:16010:882:530,lvis,16010,val2017/000000016010.jpg,882,rhinoceros,rhinoceros,False,3,0,0.16832973062992096,1.963,248.1515,85.9059,289.8116,0.9215424656867981,True,False,0.0,test
lvis:16010:882:530,lvis,16010,val2017/000000016010.jpg,882,rhinoceros,rhinoceros,False,3,1,0.1185484230518341,67.2013,237.3118,91.6266,265.8561,0.8826731443405151,True,False,0.0,test
lvis:16010:882:530,lvis,16010,val2017/000000016010.jpg,882,rhinoceros,rhinoceros,False,3,2,0.07471602410078049,305.2698,262.6038,337.0154,290.0886,0.0,False,True,0.0,test
lvis:16010:882:530,lvis,16010,val2017/000000016010.jpg,882,rhinoceros,rhinoceros,False,3,3,0.06864088773727417,281.2665,261.9789,306.3043,290.1976,0.0,False,True,0.0,test
lvis:16255:965:541,lvis,16255,train2017/000000016255.jpg,965,ski_boot,ski_boot,False,2,0,0.2546926736831665,392.0245,423.022,459.9728,534.035,0.11245977878570557,False,True,0.0,test
lvis:16255:965:541,lvis,16255,train2017/000000016255.jpg,965,ski_boot,ski_boot,False,2,1,0.08464469015598297,406.9855,457.2727,431.5759,486.5704,0.8492745161056519,True,False,0.0,test
lvis:16344:976:544,lvis,16344,train2017/000000016344.jpg,976,snowboard,snowboard,False,1,0,0.9340166449546814,239.0086,217.6355,422.8067,361.2581,0.9820966124534607,True,False,9.972222222222221,test
lvis:16364:445:545,lvis,16364,train2017/000000016364.jpg,445,fireplug,fireplug,False,1,0,0.7203949689865112,512.683,363.4588,618.0631,480.0,0.9732470512390137,True,False,9.972222222222221,test
lvis:16439:748:547,lvis,16439,val2017/000000016439.jpg,748,painting,painting,False,1,0,0.5014982223510742,172.8893,0.0,472.999,99.755,0.959351122379303,True,False,9.972222222222221,test
lvis:16502:501:549,lvis,16502,val2017/000000016502.jpg,501,goat,goat,False,1,0,0.3080690801143646,75.3131,238.6912,184.1041,312.9556,0.9574475884437561,True,False,0.0,test
lvis:16631:1027:552,lvis,16631,train2017/000000016631.jpg,1027,streetlight,streetlight,False,6,0,0.3444828391075134,356.6135,318.0763,417.045,624.0679,0.03578290343284607,False,True,0.0,test
lvis:16838:207:556,lvis,16838,train2017/000000016838.jpg,207,car_(automobile),car_(automobile),False,1,0,0.8803505897521973,20.0776,191.7597,264.9936,401.946,0.9245907068252563,True,False,9.972222222222221,test
lvis:16838:207:556,lvis,16838,train2017/000000016838.jpg,207,car_(automobile),car_(automobile),False,1,1,0.06980942189693451,151.1963,28.9841,595.2338,392.0787,0.12716372311115265,False,True,0.0,test
lvis:16950:378:558,lvis,16950,train2017/000000016950.jpg,378,dog,dog,False,39,0,0.8833815455436707,164.0822,86.417,211.5848,144.2249,0.9570150971412659,True,False,9.972222222222221,test
lvis:16950:378:558,lvis,16950,train2017/000000016950.jpg,378,dog,dog,False,39,1,0.8828864693641663,22.6321,14.3932,55.6552,77.875,0.9641231298446655,True,False,9.972222222222221,test
lvis:16950:378:558,lvis,16950,train2017/000000016950.jpg,378,dog,dog,False,39,2,0.8804796934127808,232.3329,37.4976,304.439,76.5957,0.9358799457550049,True,False,9.972222222222221,test
lvis:16950:378:558,lvis,16950,train2017/000000016950.jpg,378,dog,dog,False,39,3,0.8771680593490601,1.1197,187.9638,53.7179,231.3163,0.896102786064148,True,False,9.972222222222221,test
lvis:16950:378:558,lvis,16950,train2017/000000016950.jpg,378,dog,dog,False,39,4,0.872798502445221,50.2986,181.6562,76.7593,211.7617,0.9040094017982483,True,False,9.972222222222221,test
lvis:16950:378:558,lvis,16950,train2017/000000016950.jpg,378,dog,dog,False,39,5,0.8683086037635803,107.4724,27.4915,152.6589,73.0239,0.7349863052368164,True,False,9.972222222222221,test
lvis:16950:378:558,lvis,16950,train2017/000000016950.jpg,378,dog,dog,False,39,6,0.8615924715995789,125.1309,165.4569,153.113,221.9996,0.8971389532089233,True,False,9.972222222222221,test
lvis:16950:378:558,lvis,16950,train2017/000000016950.jpg,378,dog,dog,False,39,7,0.8564744591712952,78.3081,170.7589,101.3176,218.9821,0.9728309512138367,True,False,9.972222222222221,test
lvis:16950:378:558,lvis,16950,train2017/000000016950.jpg,378,dog,dog,False,39,8,0.8490637540817261,107.4102,191.7175,124.0342,222.1204,0.9383551478385925,True,False,9.972222222222221,test
lvis:16950:378:558,lvis,16950,train2017/000000016950.jpg,378,dog,dog,False,39,9,0.8443774580955505,153.4946,196.5995,166.8911,226.9687,0.8668627142906189,True,False,9.972222222222221,test
lvis:16950:378:558,lvis,16950,train2017/000000016950.jpg,378,dog,dog,False,39,10,0.8408141136169434,274.5344,19.6268,307.1244,46.2008,0.9473294019699097,True,False,9.972222222222221,test
lvis:16950:378:558,lvis,16950,train2017/000000016950.jpg,378,dog,dog,False,39,11,0.8209552764892578,2.0536,100.4862,22.2649,137.6123,0.919182538986206,True,False,9.972222222222221,test
lvis:16950:378:558,lvis,16950,train2017/000000016950.jpg,378,dog,dog,False,39,12,0.8020498156547546,280.7436,102.8029,306.8408,132.3134,0.9246029853820801,True,False,9.972222222222221,test
lvis:16950:378:558,lvis,16950,train2017/000000016950.jpg,378,dog,dog,False,39,13,0.7936860918998718,231.9388,101.9483,280.4266,153.9422,0.9533495306968689,True,False,9.972222222222221,test
lvis:16950:378:558,lvis,16950,train2017/000000016950.jpg,378,dog,dog,False,39,14,0.7668408155441284,20.6683,97.7676,74.1235,154.4679,0.9674269556999207,True,False,9.972222222222221,test
lvis:16950:378:558,lvis,16950,train2017/000000016950.jpg,378,dog,dog,False,39,15,0.7492334246635437,270.5325,156.4317,306.6538,230.9398,0.9084692597389221,True,False,9.972222222222221,test
lvis:16950:378:558,lvis,16950,train2017/000000016950.jpg,378,dog,dog,False,39,16,0.7314948439598083,171.2922,173.5177,194.8855,212.7241,0.9417797923088074,True,False,9.972222222222221,test
lvis:16950:378:558,lvis,16950,train2017/000000016950.jpg,378,dog,dog,False,39,17,0.7274417877197266,246.1652,11.6845,276.972,44.875,0.9457201361656189,True,False,9.972222222222221,test
lvis:16950:378:558,lvis,16950,train2017/000000016950.jpg,378,dog,dog,False,39,18,0.7268373966217041,202.2782,189.3814,229.691,219.6746,0.9559321999549866,True,False,9.972222222222221,test
lvis:16950:378:558,lvis,16950,train2017/000000016950.jpg,378,dog,dog,False,39,19,0.714401364326477,256.5231,91.2208,285.393,122.3696,0.8376773595809937,True,False,9.972222222222221,test
lvis:16950:378:558,lvis,16950,train2017/000000016950.jpg,378,dog,dog,False,39,20,0.7114381790161133,78.4557,93.0209,108.8375,132.7225,0.8892562389373779,True,False,9.972222222222221,test
lvis:16950:378:558,lvis,16950,train2017/000000016950.jpg,378,dog,dog,False,39,21,0.6802910566329956,184.6933,14.6519,200.2326,47.6991,0.9366634488105774,True,False,9.972222222222221,test
lvis:16950:378:558,lvis,16950,train2017/000000016950.jpg,378,dog,dog,False,39,22,0.6592879891395569,231.5196,16.6868,248.9181,42.8051,0.9068354368209839,True,False,9.972222222222221,test
lvis:16950:378:558,lvis,16950,train2017/000000016950.jpg,378,dog,dog,False,39,23,0.6555778980255127,232.4274,174.11,266.0724,228.7629,0.9017541408538818,True,False,9.972222222222221,test
lvis:16950:378:558,lvis,16950,train2017/000000016950.jpg,378,dog,dog,False,39,24,0.6417234539985657,22.932,167.2227,53.6779,201.5391,0.8928342461585999,True,False,9.972222222222221,test
lvis:16950:378:558,lvis,16950,train2017/000000016950.jpg,378,dog,dog,False,39,25,0.5774616003036499,199.2771,34.5608,230.291,71.8774,0.953666090965271,True,False,9.972222222222221,test
lvis:16950:378:558,lvis,16950,train2017/000000016950.jpg,378,dog,dog,False,39,26,0.5675925612449646,193.358,188.5715,207.0255,209.6398,0.8816847205162048,True,False,9.972222222222221,test
lvis:16950:378:558,lvis,16950,train2017/000000016950.jpg,378,dog,dog,False,39,27,0.5434773564338684,155.4934,134.5134,199.7227,154.4634,0.8797099590301514,True,False,9.972222222222221,test
lvis:16950:378:558,lvis,16950,train2017/000000016950.jpg,378,dog,dog,False,39,28,0.5350196361541748,0.945,169.8479,22.1176,194.9929,0.922762393951416,True,False,9.972222222222221,test
lvis:16950:378:558,lvis,16950,train2017/000000016950.jpg,378,dog,dog,False,39,29,0.4914509057998657,231.9488,93.1226,256.6815,111.542,0.8344443440437317,True,False,9.972222222222221,test
lvis:16950:378:558,lvis,16950,train2017/000000016950.jpg,378,dog,dog,False,39,30,0.4759659171104431,77.6329,21.2284,99.5938,60.8017,0.7605779767036438,True,False,0.0,test
lvis:16950:378:558,lvis,16950,train2017/000000016950.jpg,378,dog,dog,False,39,31,0.4670129418373108,101.451,116.7966,142.8568,148.5632,0.9337162375450134,True,False,0.0,test
lvis:16950:378:558,lvis,16950,train2017/000000016950.jpg,378,dog,dog,False,39,32,0.42859819531440735,104.4652,128.7746,153.5609,151.2802,0.8170835971832275,True,False,0.0,test
lvis:16950:378:558,lvis,16950,train2017/000000016950.jpg,378,dog,dog,False,39,33,0.2801949679851532,257.3466,165.4661,280.3515,211.9582,0.8808221220970154,True,False,0.0,test
lvis:16950:378:558,lvis,16950,train2017/000000016950.jpg,378,dog,dog,False,39,34,0.24725720286369324,84.5794,117.6149,111.2814,137.1766,0.7430488467216492,True,False,0.0,test
lvis:16950:378:558,lvis,16950,train2017/000000016950.jpg,378,dog,dog,False,39,35,0.1909404993057251,86.7143,9.1593,110.0464,55.1487,0.7152770757675171,True,False,0.0,test
lvis:16950:378:558,lvis,16950,train2017/000000016950.jpg,378,dog,dog,False,39,36,0.17498447000980377,77.7281,9.1119,109.9059,59.9336,0.8838468790054321,True,False,0.0,test
lvis:16950:378:558,lvis,16950,train2017/000000016950.jpg,378,dog,dog,False,39,37,0.15913967788219452,106.8442,27.6642,120.6849,54.6585,0.882618248462677,True,False,0.0,test
lvis:16950:378:558,lvis,16950,train2017/000000016950.jpg,378,dog,dog,False,39,38,0.08324576914310455,20.6328,98.3461,56.0452,154.4659,0.6408541202545166,True,False,0.0,test
lvis:16950:378:558,lvis,16950,train2017/000000016950.jpg,378,dog,dog,False,39,39,0.0579427108168602,171.3421,38.1397,195.3861,65.1462,0.9290245175361633,True,False,0.0,test
lvis:16950:378:558,lvis,16950,train2017/000000016950.jpg,378,dog,dog,False,39,40,0.05256844311952591,111.5531,116.6633,142.6959,136.5558,0.4879957139492035,False,True,0.0,test
lvis:16950:378:558,lvis,16950,train2017/000000016950.jpg,378,dog,dog,False,39,41,0.052100006490945816,88.7226,112.6194,111.1346,136.5493,0.6380462050437927,True,False,0.0,test
lvis:17029:474:561,lvis,17029,val2017/000000017029.jpg,474,frisbee,frisbee,False,1,0,0.8322285413742065,315.3158,77.2708,413.9658,124.7218,0.95289146900177,True,False,9.972222222222221,test
lvis:17115:1202:564,lvis,17115,val2017/000000017115.jpg,1202,zebra,zebra,False,2,0,0.9475194811820984,2.6523,99.5943,199.9455,590.8572,0.9808336496353149,True,False,9.972222222222221,test
lvis:17115:1202:564,lvis,17115,val2017/000000017115.jpg,1202,zebra,zebra,False,2,1,0.842479407787323,244.1121,113.2609,436.6872,599.2911,0.9675150513648987,True,False,9.972222222222221,test
lvis:17171:474:567,lvis,17171,train2017/000000017171.jpg,474,frisbee,frisbee,False,1,0,0.9817850589752197,231.2139,92.2537,328.4298,221.3501,0.9629323482513428,True,False,9.972222222222221,test
lvis:17174:1019:568,lvis,17174,train2017/000000017174.jpg,1019,stop_sign,stop_sign,False,1,0,0.6170807480812073,358.4314,208.1026,435.6025,282.446,0.9866113066673279,True,False,9.972222222222221,test
lvis:17178:569:569,lvis,17178,val2017/000000017178.jpg,569,horse,horse,False,5,0,0.9499454498291016,330.3115,162.7035,377.8099,262.4281,0.9778860807418823,True,False,9.972222222222221,test
lvis:17178:569:569,lvis,17178,val2017/000000017178.jpg,569,horse,horse,False,5,1,0.8445920944213867,370.4497,168.7938,432.4732,264.4708,0.8894059658050537,True,False,9.972222222222221,test
lvis:17178:569:569,lvis,17178,val2017/000000017178.jpg,569,horse,horse,False,5,2,0.6954331994056702,286.019,200.6302,317.2444,234.5777,0.802279531955719,True,False,9.972222222222221,test
lvis:17178:569:569,lvis,17178,val2017/000000017178.jpg,569,horse,horse,False,5,3,0.4704350531101227,256.3239,199.8777,294.8051,233.2439,0.6370571255683899,True,False,0.0,test
lvis:17178:569:569,lvis,17178,val2017/000000017178.jpg,569,horse,horse,False,5,4,0.24671214818954468,257.6616,199.4442,316.7568,234.3854,0.9308506846427917,True,False,0.0,test
lvis:17178:569:569,lvis,17178,val2017/000000017178.jpg,569,horse,horse,False,5,5,0.1579912006855011,458.4893,175.5913,511.7351,220.3154,0.73738694190979,True,False,0.0,test
lvis:17178:569:569,lvis,17178,val2017/000000017178.jpg,569,horse,horse,False,5,6,0.07510270178318024,306.8039,190.2471,314.3196,199.1433,0.0,False,True,0.0,test
lvis:17324:1202:574,lvis,17324,train2017/000000017324.jpg,1202,zebra,zebra,False,1,0,0.9502383470535278,126.9359,126.6711,437.2026,360.5333,0.9756355881690979,True,False,9.972222222222221,test
lvis:17324:1202:574,lvis,17324,train2017/000000017324.jpg,1202,zebra,zebra,False,1,1,0.4634895324707031,577.7703,142.8172,637.1355,170.9285,0.0,False,True,0.0,test
lvis:17324:1202:574,lvis,17324,train2017/000000017324.jpg,1202,zebra,zebra,False,1,2,0.3525221347808838,520.0049,140.2111,573.3283,173.1355,0.0,False,True,0.0,test
lvis:17379:23:575,lvis,17379,val2017/000000017379.jpg,23,trash_can,trash_can,False,1,0,0.8150326013565063,195.8992,403.1922,247.6324,449.949,0.944240927696228,True,False,9.972222222222221,test
lvis:17409:149:576,lvis,17409,train2017/000000017409.jpg,149,bread-bin,bread-bin,False,1,0,0.22385208308696747,145.4581,60.2169,397.921,223.3948,0.22372353076934814,False,True,0.0,test
lvis:17409:149:576,lvis,17409,train2017/000000017409.jpg,149,bread-bin,bread-bin,False,1,1,0.08668218553066254,145.3457,60.6844,289.1848,238.2748,0.3133239448070526,False,True,0.0,test
lvis:17476:1161:578,lvis,17476,train2017/000000017476.jpg,1161,watch,watch,False,1,0,0.7294800877571106,391.0826,223.5384,404.3286,249.0451,0.8442907929420471,True,False,9.972222222222221,test
lvis:17476:1161:578,lvis,17476,train2017/000000017476.jpg,1161,watch,watch,False,1,1,0.08382942527532578,279.1083,254.8698,286.1572,276.1673,0.0,False,True,0.0,test
lvis:17476:1161:578,lvis,17476,train2017/000000017476.jpg,1161,watch,watch,False,1,2,0.07365383207798004,278.6602,249.1891,287.162,276.4291,0.0,False,True,0.0,test
lvis:17580:421:581,lvis,17580,train2017/000000017580.jpg,421,refrigerator,refrigerator,False,1,0,0.5650249719619751,65.794,0.3357,245.0128,332.2373,0.8812906742095947,True,False,9.972222222222221,test
lvis:17580:421:581,lvis,17580,train2017/000000017580.jpg,421,refrigerator,refrigerator,False,1,1,0.09600380063056946,374.0198,0.0,479.8534,320.7544,0.0,False,True,0.0,test
lvis:17582:1162:582,lvis,17582,train2017/000000017582.jpg,1162,water_bottle,water_bottle,False,1,0,0.05520699918270111,211.2686,103.1971,230.6189,142.3993,0.4805383086204529,False,True,0.0,test
lvis:17899:995:590,lvis,17899,val2017/000000017899.jpg,995,spectacles,spectacles,False,1,0,0.11152297258377075,92.4571,118.924,165.8334,152.7509,0.6420099139213562,True,False,0.0,test
lvis:17905:1112:591,lvis,17905,val2017/000000017905.jpg,1112,traffic_light,traffic_light,False,1,0,0.9893002510070801,206.3117,108.123,304.8433,309.2719,0.9725950956344604,True,False,9.972222222222221,test
lvis:17905:1112:591,lvis,17905,val2017/000000017905.jpg,1112,traffic_light,traffic_light,False,1,1,0.4985034167766571,231.9935,110.219,303.7979,283.6724,0.6279773116111755,True,False,9.972222222222221,test
lvis:17905:1112:591,lvis,17905,val2017/000000017905.jpg,1112,traffic_light,traffic_light,False,1,2,0.21103930473327637,430.9442,576.1449,471.2388,640.0,0.0,False,True,0.0,test
lvis:17936:350:592,lvis,17936,train2017/000000017936.jpg,350,curtain,curtain,False,1,0,0.05049407109618187,320.3985,14.6228,542.5255,427.3632,0.29663968086242676,False,True,0.0,test
lvis:17972:793:593,lvis,17972,train2017/000000017972.jpg,793,person,person,False,2,0,0.49595198035240173,55.9883,0.498,499.9159,345.3609,0.8550407886505127,True,False,9.972222222222221,test
lvis:17972:793:593,lvis,17972,train2017/000000017972.jpg,793,person,person,False,2,1,0.4336252212524414,25.7434,8.2223,499.9289,452.1463,0.6022905707359314,True,False,0.0,test
lvis:17972:793:593,lvis,17972,train2017/000000017972.jpg,793,person,person,False,2,2,0.1565704196691513,0.1852,0.8409,327.6811,455.9904,0.48411130905151367,False,True,0.0,test
lvis:17972:793:593,lvis,17972,train2017/000000017972.jpg,793,person,person,False,2,3,0.12469466030597687,0.1392,373.4549,169.5744,456.0,0.8802807331085205,True,False,0.0,test
lvis:18006:173:595,lvis,18006,train2017/000000018006.jpg,173,bus_(vehicle),bus_(vehicle),False,6,0,0.9808127284049988,142.3567,36.8518,499.8611,349.7661,0.9956444501876831,True,False,9.972222222222221,test
lvis:18006:173:595,lvis,18006,train2017/000000018006.jpg,173,bus_(vehicle),bus_(vehicle),False,6,1,0.894990086555481,538.6819,145.943,640.0,338.3554,0.9020737409591675,True,False,9.972222222222221,test
lvis:18006:173:595,lvis,18006,train2017/000000018006.jpg,173,bus_(vehicle),bus_(vehicle),False,6,2,0.7116853594779968,480.877,121.5302,548.525,298.2793,0.9452954530715942,True,False,9.972222222222221,test
lvis:18006:173:595,lvis,18006,train2017/000000018006.jpg,173,bus_(vehicle),bus_(vehicle),False,6,3,0.4115544855594635,100.7587,210.0385,127.6912,245.9511,0.7830609679222107,True,False,0.0,test
lvis:18006:173:595,lvis,18006,train2017/000000018006.jpg,173,bus_(vehicle),bus_(vehicle),False,6,4,0.40639325976371765,132.7615,223.3721,145.3849,243.6905,0.9410268068313599,True,False,0.0,test
lvis:18006:173:595,lvis,18006,train2017/000000018006.jpg,173,bus_(vehicle),bus_(vehicle),False,6,5,0.10918821394443512,427.0558,121.0511,548.0687,297.5587,0.5511968731880188,True,False,0.0,test
lvis:18006:173:595,lvis,18006,train2017/000000018006.jpg,173,bus_(vehicle),bus_(vehicle),False,6,6,0.08196859061717987,294.3496,117.78,547.9106,301.1341,0.31252044439315796,False,True,0.0,test
lvis:18006:173:595,lvis,18006,train2017/000000018006.jpg,173,bus_(vehicle),bus_(vehicle),False,6,7,0.06099475547671318,368.2678,118.9945,547.8622,299.9352,0.3618873357772827,False,True,0.0,test
lvis:18011:342:596,lvis,18011,train2017/000000018011.jpg,342,cucumber,cucumber,False,10,0,0.08541543781757355,224.3662,256.6043,286.3303,291.2253,0.03168129175901413,False,True,0.0,test
lvis:18150:973:597,lvis,18150,val2017/000000018150.jpg,973,slipper_(footwear),slipper_(footwear),False,1,0,0.7172356843948364,357.0708,312.7184,439.6897,379.7191,0.9610108733177185,True,False,9.972222222222221,test
lvis:18150:973:597,lvis,18150,val2017/000000018150.jpg,973,slipper_(footwear),slipper_(footwear),False,1,1,0.06743151694536209,356.9692,278.8299,479.5162,379.82,0.4317399561405182,False,True,0.0,test
lvis:18267:110:600,lvis,18267,train2017/000000018267.jpg,110,blanket,blanket,False,1,0,0.7798365354537964,0.1835,10.7102,639.9026,426.6546,0.3182152509689331,False,True,9.972222222222221,test
lvis:18309:1112:603,lvis,18309,train2017/000000018309.jpg,1112,traffic_light,traffic_light,False,4,0,0.8993206024169922,264.788,95.8798,275.3238,114.7321,0.6971536874771118,True,False,9.972222222222221,test
lvis:18309:1112:603,lvis,18309,train2017/000000018309.jpg,1112,traffic_light,traffic_light,False,4,1,0.7931713461875916,276.0424,96.0447,288.2435,115.7189,0.5500668883323669,True,False,9.972222222222221,test
lvis:18309:1112:603,lvis,18309,train2017/000000018309.jpg,1112,traffic_light,traffic_light,False,4,2,0.6458069086074829,261.8684,107.0703,268.7884,115.6514,0.043701279908418655,False,True,9.972222222222221,test
lvis:18309:1112:603,lvis,18309,train2017/000000018309.jpg,1112,traffic_light,traffic_light,False,4,3,0.6137109994888306,262.5098,107.0496,267.6719,114.4999,0.0008621786837466061,False,True,9.972222222222221,test
lvis:18309:1112:603,lvis,18309,train2017/000000018309.jpg,1112,traffic_light,traffic_light,False,4,4,0.4606594741344452,331.4037,104.6278,339.2624,121.028,0.8695114254951477,True,False,0.0,test
lvis:18309:1112:603,lvis,18309,train2017/000000018309.jpg,1112,traffic_light,traffic_light,False,4,5,0.38725462555885315,143.1209,101.3654,151.005,112.191,0.5357630252838135,True,False,0.0,test
lvis:18309:1112:603,lvis,18309,train2017/000000018309.jpg,1112,traffic_light,traffic_light,False,4,6,0.34677714109420776,274.7445,96.041,279.9098,115.4459,0.0759463757276535,False,True,0.0,test
lvis:18309:1112:603,lvis,18309,train2017/000000018309.jpg,1112,traffic_light,traffic_light,False,4,7,0.1524408757686615,331.4905,104.1027,340.7763,123.6395,0.7174838781356812,True,False,0.0,test
lvis:18309:1112:603,lvis,18309,train2017/000000018309.jpg,1112,traffic_light,traffic_light,False,4,8,0.12415959686040878,270.1732,95.2677,281.1887,115.4862,0.38424983620643616,False,True,0.0,test
lvis:18309:1112:603,lvis,18309,train2017/000000018309.jpg,1112,traffic_light,traffic_light,False,4,9,0.10126489400863647,260.9557,107.5486,266.0875,136.2227,0.0,False,True,0.0,test
lvis:18309:1112:603,lvis,18309,train2017/000000018309.jpg,1112,traffic_light,traffic_light,False,4,10,0.09599088132381439,142.9521,101.6355,157.3514,112.843,0.29080092906951904,False,True,0.0,test
lvis:18309:1112:603,lvis,18309,train2017/000000018309.jpg,1112,traffic_light,traffic_light,False,4,11,0.08605974912643433,85.6858,71.6453,93.3123,85.2245,0.0,False,True,0.0,test
lvis:18309:1112:603,lvis,18309,train2017/000000018309.jpg,1112,traffic_light,traffic_light,False,4,12,0.06962299346923828,330.555,104.1741,339.9157,131.6574,0.5059484839439392,True,False,0.0,test
lvis:18309:1112:603,lvis,18309,train2017/000000018309.jpg,1112,traffic_light,traffic_light,False,4,13,0.0658593699336052,259.6372,107.2137,268.1786,118.8594,0.01629365235567093,False,True,0.0,test
lvis:18309:1112:603,lvis,18309,train2017/000000018309.jpg,1112,traffic_light,traffic_light,False,4,14,0.0648280456662178,275.9281,95.8165,293.272,115.9196,0.378706693649292,False,True,0.0,test
lvis:18309:1112:603,lvis,18309,train2017/000000018309.jpg,1112,traffic_light,traffic_light,False,4,15,0.06162436306476593,253.5512,90.3791,583.8325,277.1686,0.0024526729248464108,False,True,0.0,test
lvis:18309:1112:603,lvis,18309,train2017/000000018309.jpg,1112,traffic_light,traffic_light,False,4,16,0.05205914005637169,495.4381,70.6777,504.8207,83.566,0.0,False,True,0.0,test
lvis:18336:12:605,lvis,18336,train2017/000000018336.jpg,12,apple,apple,False,1,0,0.8421483039855957,78.1745,158.2931,268.3495,335.041,0.9707448482513428,True,False,9.972222222222221,test
lvis:18336:12:605,lvis,18336,train2017/000000018336.jpg,12,apple,apple,False,1,1,0.13422925770282745,0.0,567.1199,173.5091,640.0,0.0,False,True,0.0,test
lvis:18336:12:605,lvis,18336,train2017/000000018336.jpg,12,apple,apple,False,1,2,0.07954082638025284,143.6657,604.7346,408.0533,640.0,0.0,False,True,0.0,test
lvis:18336:12:605,lvis,18336,train2017/000000018336.jpg,12,apple,apple,False,1,3,0.0655883252620697,0.0,278.1248,28.1548,427.5789,0.0,False,True,0.0,test
lvis:18432:713:608,lvis,18432,train2017/000000018432.jpg,713,napkin,napkin,False,2,0,0.0945841521024704,0.0,382.5226,121.227,438.4525,0.8307825326919556,True,False,0.0,test
lvis:18439:191:609,lvis,18439,train2017/000000018439.jpg,191,camper_(vehicle),camper_(vehicle),False,1,0,0.7244381308555603,88.1564,217.7674,572.6726,425.1534,0.012857782654464245,False,True,9.972222222222221,test
lvis:18439:191:609,lvis,18439,train2017/000000018439.jpg,191,camper_(vehicle),camper_(vehicle),False,1,1,0.3823067247867584,0.0257,282.4403,114.3217,336.1423,0.9781792759895325,True,False,0.0,test
lvis:18505:1203:610,lvis,18505,train2017/000000018505.jpg,1203,zucchini,zucchini,False,9,0,0.1089075580239296,366.4338,170.8767,441.8173,225.2756,0.9560806751251221,True,False,0.0,test
lvis:18505:1203:610,lvis,18505,train2017/000000018505.jpg,1203,zucchini,zucchini,False,9,1,0.05536544322967529,349.2856,90.7446,410.843,145.8193,0.9680672883987427,True,False,0.0,test
lvis:18505:1203:610,lvis,18505,train2017/000000018505.jpg,1203,zucchini,zucchini,False,9,2,0.055228788405656815,10.2567,18.6974,479.0995,309.6638,0.04148108884692192,False,True,0.0,test
lvis:18519:614:612,lvis,18519,val2017/000000018519.jpg,614,knee_pad,knee_pad,False,2,0,0.11586669832468033,327.7316,312.7892,368.2949,366.1118,0.0,False,True,0.0,test
lvis:18523:611:613,lvis,18523,train2017/000000018523.jpg,611,kite,kite,False,1,0,0.38771384954452515,83.2639,65.4627,191.3519,183.2958,0.9682823419570923,True,False,0.0,test
lvis:18523:611:613,lvis,18523,train2017/000000018523.jpg,611,kite,kite,False,1,1,0.16417920589447021,82.5889,65.4334,306.3292,427.4492,0.15225616097450256,False,True,0.0,test
lvis:18525:959:614,lvis,18525,train2017/000000018525.jpg,959,signboard,signboard,False,1,0,0.07611366361379623,57.6489,221.0276,246.4678,324.3091,0.8459213972091675,True,False,0.0,test
lvis:18728:965:618,lvis,18728,train2017/000000018728.jpg,965,ski_boot,ski_boot,False,1,0,0.3428993821144104,314.7476,320.928,519.5166,471.5069,0.29952701926231384,False,True,0.0,test
lvis:18728:965:618,lvis,18728,train2017/000000018728.jpg,965,ski_boot,ski_boot,False,1,1,0.0982668548822403,0.7317,423.4232,153.4045,480.0,0.0,False,True,0.0,test
lvis:18770:716:620,lvis,18770,val2017/000000018770.jpg,716,necktie,necktie,False,1,0,0.3204280734062195,285.4177,170.1468,363.8348,343.7346,0.9396864175796509,True,False,0.0,test
lvis:18770:716:620,lvis,18770,val2017/000000018770.jpg,716,necktie,necktie,False,1,1,0.20114794373512268,253.8979,168.9914,364.3876,426.7303,0.4491705298423767,False,True,0.0,test
lvis:19002:611:627,lvis,19002,train2017/000000019002.jpg,611,kite,kite,False,14,0,0.790317177772522,160.8559,195.6654,183.2055,232.07,0.9556005597114563,True,False,9.972222222222221,test
lvis:19002:611:627,lvis,19002,train2017/000000019002.jpg,611,kite,kite,False,14,1,0.48140835762023926,75.1661,366.0858,84.9668,373.5809,0.8057156801223755,True,False,9.972222222222221,test
lvis:19002:611:627,lvis,19002,train2017/000000019002.jpg,611,kite,kite,False,14,2,0.4355491101741791,110.3271,403.6274,209.3517,470.6421,0.34631025791168213,False,True,0.0,test
lvis:19002:611:627,lvis,19002,train2017/000000019002.jpg,611,kite,kite,False,14,3,0.3865338861942291,29.1605,327.4121,37.9582,333.3376,0.7959904670715332,True,False,0.0,test
lvis:19002:611:627,lvis,19002,train2017/000000019002.jpg,611,kite,kite,False,14,4,0.2989840507507324,150.3082,427.9878,209.4785,470.0479,0.8471753001213074,True,False,0.0,test
lvis:19002:611:627,lvis,19002,train2017/000000019002.jpg,611,kite,kite,False,14,5,0.23353169858455658,110.1456,403.889,145.8396,459.205,0.1840234398841858,False,True,0.0,test
lvis:19002:611:627,lvis,19002,train2017/000000019002.jpg,611,kite,kite,False,14,6,0.1029403880238533,19.2348,361.7943,24.67,367.787,0.2235661894083023,False,True,0.0,test
lvis:19002:611:627,lvis,19002,train2017/000000019002.jpg,611,kite,kite,False,14,7,0.07048945128917694,18.2621,361.7481,24.7683,374.8962,0.5811756253242493,True,False,0.0,test
lvis:19002:611:627,lvis,19002,train2017/000000019002.jpg,611,kite,kite,False,14,8,0.0571293942630291,182.5727,361.5418,196.1529,379.7973,0.8874882459640503,True,False,0.0,test
lvis:19109:703:630,lvis,19109,val2017/000000019109.jpg,703,motorcycle,motorcycle,False,15,0,0.8197242617607117,180.641,255.4993,321.6518,363.5114,0.9631528258323669,True,False,9.972222222222221,test
lvis:19109:703:630,lvis,19109,val2017/000000019109.jpg,703,motorcycle,motorcycle,False,15,1,0.6637980937957764,6.5364,259.7893,96.2816,393.1263,0.8808751106262207,True,False,9.972222222222221,test
lvis:19109:703:630,lvis,19109,val2017/000000019109.jpg,703,motorcycle,motorcycle,False,15,2,0.6094703674316406,344.356,254.6304,405.7243,349.4965,0.9251760840415955,True,False,9.972222222222221,test
lvis:19109:703:630,lvis,19109,val2017/000000019109.jpg,703,motorcycle,motorcycle,False,15,3,0.5873597860336304,72.4651,252.6314,154.6059,384.7053,0.9699308276176453,True,False,9.972222222222221,test
lvis:19109:703:630,lvis,19109,val2017/000000019109.jpg,703,motorcycle,motorcycle,False,15,4,0.5734899044036865,558.2781,248.9393,622.3879,324.9374,0.7231364250183105,True,False,9.972222222222221,test
lvis:19109:703:630,lvis,19109,val2017/000000019109.jpg,703,motorcycle,motorcycle,False,15,5,0.569896399974823,138.9496,258.8956,190.707,376.9278,0.9694131016731262,True,False,9.972222222222221,test
lvis:19109:703:630,lvis,19109,val2017/000000019109.jpg,703,motorcycle,motorcycle,False,15,6,0.5464712977409363,383.5631,238.1188,463.2373,344.4236,0.8664184808731079,True,False,9.972222222222221,test
lvis:19109:703:630,lvis,19109,val2017/000000019109.jpg,703,motorcycle,motorcycle,False,15,7,0.48764026165008545,455.8355,249.1458,525.7195,337.2111,0.973131000995636,True,False,9.972222222222221,test
lvis:19109:703:630,lvis,19109,val2017/000000019109.jpg,703,motorcycle,motorcycle,False,15,8,0.4502873718738556,313.699,252.1066,373.8809,354.1515,0.9384108781814575,True,False,0.0,test
lvis:19109:703:630,lvis,19109,val2017/000000019109.jpg,703,motorcycle,motorcycle,False,15,9,0.442391574382782,517.8408,239.2883,581.7729,329.9584,0.8918842077255249,True,False,0.0,test
lvis:19109:703:630,lvis,19109,val2017/000000019109.jpg,703,motorcycle,motorcycle,False,15,10,0.3239280879497528,284.8954,268.463,340.6493,350.5059,0.9826967120170593,True,False,0.0,test
lvis:19109:703:630,lvis,19109,val2017/000000019109.jpg,703,motorcycle,motorcycle,False,15,11,0.320740669965744,219.6277,265.1826,341.7563,351.9244,0.5222150683403015,True,False,0.0,test
lvis:19109:703:630,lvis,19109,val2017/000000019109.jpg,703,motorcycle,motorcycle,False,15,12,0.30189138650894165,503.527,251.8804,544.1897,331.7922,0.9288334846496582,True,False,0.0,test
lvis:19109:703:630,lvis,19109,val2017/000000019109.jpg,703,motorcycle,motorcycle,False,15,13,0.2737499475479126,440.1843,253.3097,489.9915,339.6438,0.7742988467216492,True,False,0.0,test
lvis:19109:703:630,lvis,19109,val2017/000000019109.jpg,703,motorcycle,motorcycle,False,15,14,0.2638910710811615,590.8113,254.5942,638.7305,306.1823,0.5206019282341003,True,False,0.0,test
lvis:19109:703:630,lvis,19109,val2017/000000019109.jpg,703,motorcycle,motorcycle,False,15,15,0.23564647138118744,314.1171,254.175,405.8608,349.7237,0.6751953363418579,True,False,0.0,test
lvis:19109:703:630,lvis,19109,val2017/000000019109.jpg,703,motorcycle,motorcycle,False,15,16,0.2159430831670761,396.0357,242.4565,488.9089,340.3442,0.5728785991668701,True,False,0.0,test
lvis:19109:703:630,lvis,19109,val2017/000000019109.jpg,703,motorcycle,motorcycle,False,15,17,0.17895588278770447,76.9888,255.6604,190.3664,377.2438,0.6172996163368225,True,False,0.0,test
lvis:19109:703:630,lvis,19109,val2017/000000019109.jpg,703,motorcycle,motorcycle,False,15,18,0.14736945927143097,11.6277,252.6629,154.4546,385.4827,0.5776768326759338,True,False,0.0,test
lvis:19109:703:630,lvis,19109,val2017/000000019109.jpg,703,motorcycle,motorcycle,False,15,19,0.12017689645290375,522.7522,243.4485,621.3633,325.7245,0.550908088684082,True,False,0.0,test
lvis:19109:703:630,lvis,19109,val2017/000000019109.jpg,703,motorcycle,motorcycle,False,15,20,0.08078882098197937,480.6953,248.4943,581.0207,330.7022,0.5258299112319946,True,False,0.0,test
lvis:19109:703:630,lvis,19109,val2017/000000019109.jpg,703,motorcycle,motorcycle,False,15,21,0.06812852621078491,6.7468,260.9203,43.9356,311.0394,0.12481483817100525,False,True,0.0,test
lvis:19109:703:630,lvis,19109,val2017/000000019109.jpg,703,motorcycle,motorcycle,False,15,22,0.06812833994626999,465.2342,249.2668,561.6068,331.6239,0.5495926737785339,True,False,0.0,test
lvis:19109:703:630,lvis,19109,val2017/000000019109.jpg,703,motorcycle,motorcycle,False,15,23,0.05276528373360634,0.0043,232.3244,20.08,407.4235,0.04723701998591423,False,True,0.0,test
lvis:19131:225:631,lvis,19131,train2017/000000019131.jpg,225,cat,cat,False,1,0,0.9651703238487244,218.1806,41.5566,589.0015,357.57,0.986498236656189,True,False,9.972222222222221,test
lvis:19146:837:632,lvis,19146,train2017/000000019146.jpg,837,flowerpot,flowerpot,False,1,0,0.21888060867786407,437.709,198.157,487.8938,233.0941,0.07577318698167801,False,True,0.0,test
lvis:19221:154:634,lvis,19221,val2017/000000019221.jpg,154,broccoli,broccoli,False,1,0,0.9041218757629395,90.9109,128.3605,445.5984,449.7305,0.9571344256401062,True,False,9.972222222222221,test
lvis:19221:154:634,lvis,19221,val2017/000000019221.jpg,154,broccoli,broccoli,False,1,1,0.09396730363368988,72.5807,118.482,552.4336,476.7539,0.6413365602493286,True,False,0.0,test
lvis:19221:154:634,lvis,19221,val2017/000000019221.jpg,154,broccoli,broccoli,False,1,2,0.08935491740703583,212.296,120.8845,302.4267,199.169,0.05345771834254265,False,True,0.0,test
lvis:19221:154:634,lvis,19221,val2017/000000019221.jpg,154,broccoli,broccoli,False,1,3,0.07281079143285751,288.1704,138.6313,383.2252,241.8985,0.08902853727340698,False,True,0.0,test
lvis:19221:154:634,lvis,19221,val2017/000000019221.jpg,154,broccoli,broccoli,False,1,4,0.054407089948654175,90.7386,132.0953,275.4984,447.4285,0.5128354430198669,True,False,0.0,test
lvis:19226:713:635,lvis,19226,train2017/000000019226.jpg,713,napkin,napkin,False,2,0,0.5189968347549438,0.0,148.2721,314.2312,639.9891,0.9922767281532288,True,False,9.972222222222221,test
lvis:19528:378:642,lvis,19528,train2017/000000019528.jpg,378,dog,dog,False,1,0,0.9386938214302063,412.8493,131.1563,640.0,479.3793,0.9115188121795654,True,False,9.972222222222221,test
lvis:19528:378:642,lvis,19528,train2017/000000019528.jpg,378,dog,dog,False,1,1,0.12770381569862366,424.7392,130.7653,640.0,381.3069,0.698465883731842,True,False,0.0,test
lvis:19558:99:643,lvis,19558,train2017/000000019558.jpg,99,bird,bird,False,1,0,0.9122600555419922,282.7635,179.2349,342.4595,262.8266,0.9889240860939026,True,False,9.972222222222221,test
lvis:20059:1202:661,lvis,20059,val2017/000000020059.jpg,1202,zebra,zebra,False,2,0,0.9588456749916077,343.3055,189.3377,508.2214,298.9994,0.9857180714607239,True,False,9.972222222222221,test
lvis:20059:1202:661,lvis,20059,val2017/000000020059.jpg,1202,zebra,zebra,False,2,1,0.954831600189209,108.3115,198.9627,216.4691,308.2449,0.9767904281616211,True,False,9.972222222222221,test
lvis:20107:445:662,lvis,20107,val2017/000000020107.jpg,445,fireplug,fireplug,False,1,0,0.7683820128440857,113.6526,86.6002,332.8901,499.617,0.9902185201644897,True,False,9.972222222222221,test
lvis:20291:1188:669,lvis,20291,train2017/000000020291.jpg,1188,wine_bottle,wine_bottle,False,2,0,0.8076139092445374,189.6188,350.3862,352.6965,640.0,0.792330265045166,True,False,9.972222222222221,test
lvis:20291:1188:669,lvis,20291,train2017/000000020291.jpg,1188,wine_bottle,wine_bottle,False,2,1,0.40436825156211853,0.1953,357.722,66.6701,640.0,0.7000657916069031,True,False,0.0,test
lvis:20291:1188:669,lvis,20291,train2017/000000020291.jpg,1188,wine_bottle,wine_bottle,False,2,2,0.09041537344455719,317.509,112.5801,412.2318,254.9396,0.0,False,True,0.0,test
lvis:20291:1188:669,lvis,20291,train2017/000000020291.jpg,1188,wine_bottle,wine_bottle,False,2,3,0.06526774168014526,136.9539,453.9133,234.2516,639.9421,0.10681630671024323,False,True,0.0,test
lvis:20291:1188:669,lvis,20291,train2017/000000020291.jpg,1188,wine_bottle,wine_bottle,False,2,4,0.056662287563085556,15.0819,456.0245,91.0719,627.9516,0.2721087634563446,False,True,0.0,test
lvis:20291:1188:669,lvis,20291,train2017/000000020291.jpg,1188,wine_bottle,wine_bottle,False,2,5,0.05304205045104027,320.6898,451.1059,424.3411,640.0,0.055497169494628906,False,True,0.0,test
lvis:20342:911:671,lvis,20342,train2017/000000020342.jpg,911,sandal_(type_of_shoe),sandal_(type_of_shoe),False,2,0,0.9184280633926392,69.3331,180.1721,172.3784,254.9331,0.0,False,True,9.972222222222221,test
lvis:20342:911:671,lvis,20342,train2017/000000020342.jpg,911,sandal_(type_of_shoe),sandal_(type_of_shoe),False,2,1,0.5436687469482422,529.3903,551.775,562.8232,581.5765,0.8634933233261108,True,False,9.972222222222221,test
lvis:20342:911:671,lvis,20342,train2017/000000020342.jpg,911,sandal_(type_of_shoe),sandal_(type_of_shoe),False,2,2,0.4791100323200226,596.3538,545.1956,640.0,573.6033,0.8729590177536011,True,False,9.972222222222221,test
lvis:20342:911:671,lvis,20342,train2017/000000020342.jpg,911,sandal_(type_of_shoe),sandal_(type_of_shoe),False,2,3,0.4261998236179352,221.4265,225.83,295.4204,295.7549,0.0,False,True,0.0,test
lvis:20342:911:671,lvis,20342,train2017/000000020342.jpg,911,sandal_(type_of_shoe),sandal_(type_of_shoe),False,2,4,0.09872912615537643,222.6599,226.1266,294.6787,275.2902,0.0,False,True,0.0,test
lvis:20355:911:672,lvis,20355,train2017/000000020355.jpg,911,sandal_(type_of_shoe),sandal_(type_of_shoe),False,2,0,0.4318588674068451,191.0894,353.406,215.4708,364.4397,0.8442923426628113,True,False,0.0,test
lvis:20355:911:672,lvis,20355,train2017/000000020355.jpg,911,sandal_(type_of_shoe),sandal_(type_of_shoe),False,2,1,0.3894696533679962,258.0502,340.6663,273.2999,361.3499,0.4943529963493347,False,True,0.0,test
lvis:20421:982:674,lvis,20421,train2017/000000020421.jpg,982,sofa,sofa,False,1,0,0.8841955661773682,252.7039,273.0978,639.7227,480.0,0.9367246031761169,True,False,9.972222222222221,test
lvis:20421:982:674,lvis,20421,train2017/000000020421.jpg,982,sofa,sofa,False,1,1,0.7511887550354004,0.0,223.6512,34.2339,479.4679,0.0,False,True,9.972222222222221,test
lvis:20421:982:674,lvis,20421,train2017/000000020421.jpg,982,sofa,sofa,False,1,2,0.05391192063689232,491.0437,287.0013,640.0,480.0,0.3813190162181854,False,True,0.0,test
lvis:20599:838:679,lvis,20599,train2017/000000020599.jpg,838,potato,potato,False,5,0,0.5864231586456299,62.1875,515.3027,120.9386,572.033,0.9273595809936523,True,False,9.972222222222221,test
lvis:20599:838:679,lvis,20599,train2017/000000020599.jpg,838,potato,potato,False,5,1,0.5499909520149231,82.6345,548.5306,140.2405,609.5724,0.943720817565918,True,False,9.972222222222221,test
lvis:20599:838:679,lvis,20599,train2017/000000020599.jpg,838,potato,potato,False,5,2,0.2656223475933075,111.4983,272.7432,143.1352,311.0565,0.0,False,True,0.0,test
lvis:20599:838:679,lvis,20599,train2017/000000020599.jpg,838,potato,potato,False,5,3,0.24617424607276917,0.0962,523.7484,39.3221,611.5216,0.0,False,True,0.0,test
lvis:20599:838:679,lvis,20599,train2017/000000020599.jpg,838,potato,potato,False,5,4,0.11976106464862823,198.0211,613.2822,249.634,640.0,0.0,False,True,0.0,test
lvis:20599:838:679,lvis,20599,train2017/000000020599.jpg,838,potato,potato,False,5,5,0.058440301567316055,11.3421,427.7068,137.2287,498.1369,0.0,False,True,0.0,test
lvis:20599:838:679,lvis,20599,train2017/000000020599.jpg,838,potato,potato,False,5,6,0.05375892296433449,176.4807,338.5488,262.6194,379.7401,0.7168325781822205,True,False,0.0,test
lvis:20601:1000:680,lvis,20601,train2017/000000020601.jpg,1000,spoon,spoon,False,1,0,0.8384206295013428,145.9273,171.0412,248.4605,211.525,0.8970206379890442,True,False,9.972222222222221,test
lvis:20818:387:686,lvis,20818,train2017/000000020818.jpg,387,doughnut,doughnut,False,2,0,0.9114344716072083,288.9496,134.7423,526.6292,400.5854,0.9856010675430298,True,False,9.972222222222221,test
lvis:20818:387:686,lvis,20818,train2017/000000020818.jpg,387,doughnut,doughnut,False,2,1,0.8948517441749573,23.4493,91.1813,367.9662,399.4678,0.9816069006919861,True,False,9.972222222222221,test
lvis:20915:835:687,lvis,20915,train2017/000000020915.jpg,835,poster,poster,False,1,0,0.17774924635887146,0.0508,0.7659,374.9673,499.8962,0.02497979626059532,False,True,0.0,test
lvis:21036:320:691,lvis,21036,train2017/000000021036.jpg,320,crab_(animal),crab_(animal),False,4,0,0.13019412755966187,116.2737,79.2115,393.5802,348.2216,0.9402061104774475,True,False,0.0,test
lvis:21387:943:700,lvis,21387,train2017/000000021387.jpg,943,sheep,sheep,False,4,0,0.9631363153457642,412.4249,189.3176,516.366,302.6554,0.9741933345794678,True,False,9.972222222222221,test
lvis:21387:943:700,lvis,21387,train2017/000000021387.jpg,943,sheep,sheep,False,4,1,0.9556646943092346,548.2197,194.7904,640.0,303.6758,0.9688291549682617,True,False,9.972222222222221,test
lvis:21387:943:700,lvis,21387,train2017/000000021387.jpg,943,sheep,sheep,False,4,2,0.9459291100502014,162.8556,179.5195,342.9449,303.1572,0.9820947051048279,True,False,9.972222222222221,test
lvis:21387:943:700,lvis,21387,train2017/000000021387.jpg,943,sheep,sheep,False,4,3,0.9081807136535645,245.1081,193.5648,400.5353,302.5648,0.9658583402633667,True,False,9.972222222222221,test
lvis:21397:150:701,lvis,21397,train2017/000000021397.jpg,150,bread,bread,False,2,0,0.6369869112968445,292.0544,12.7458,596.061,213.2667,0.8767215013504028,True,False,9.972222222222221,test
lvis:21397:150:701,lvis,21397,train2017/000000021397.jpg,150,bread,bread,False,2,1,0.4778270721435547,148.4431,102.9364,399.3739,284.2291,0.13559943437576294,False,True,9.972222222222221,test
lvis:21397:150:701,lvis,21397,train2017/000000021397.jpg,150,bread,bread,False,2,2,0.1350003182888031,20.6054,52.6611,636.064,415.0438,0.18379530310630798,False,True,0.0,test
lvis:21397:150:701,lvis,21397,train2017/000000021397.jpg,150,bread,bread,False,2,3,0.06892890483140945,266.0394,245.1317,333.5429,385.897,0.0,False,True,0.0,test
lvis:21459:173:702,lvis,21459,train2017/000000021459.jpg,173,bus_(vehicle),bus_(vehicle),False,1,0,0.9708654880523682,0.0,55.0008,480.0,459.8242,0.933246374130249,True,False,9.972222222222221,test
lvis:21599:272:707,lvis,21599,train2017/000000021599.jpg,272,clock_tower,clock_tower,False,1,0,0.5836995840072632,148.799,62.5268,252.5652,456.8593,0.7921993732452393,True,False,9.972222222222221,test
lvis:21599:272:707,lvis,21599,train2017/000000021599.jpg,272,clock_tower,clock_tower,False,1,1,0.09827614575624466,190.962,260.3752,227.7876,297.041,0.041654009371995926,False,True,0.0,test
lvis:21604:716:708,lvis,21604,val2017/000000021604.jpg,716,necktie,necktie,False,1,0,0.6860610246658325,246.3786,242.1818,298.907,576.1949,0.9088199138641357,True,False,9.972222222222221,test
lvis:21604:716:708,lvis,21604,val2017/000000021604.jpg,716,necktie,necktie,False,1,1,0.16101358830928802,214.4647,240.813,302.2763,618.9227,0.4802476763725281,False,True,0.0,test
lvis:21647:876:709,lvis,21647,train2017/000000021647.jpg,876,rearview_mirror,rearview_mirror,False,1,0,0.05574442818760872,213.4843,46.0691,499.7993,313.5365,0.00814325176179409,False,True,0.0,test
lvis:21903:88:714,lvis,21903,val2017/000000021903.jpg,88,belt,belt,False,1,0,0.8770017623901367,474.7168,349.64,523.2214,380.5686,0.9107068777084351,True,False,9.972222222222221,test
lvis:21989:502:717,lvis,21989,train2017/000000021989.jpg,502,goggles,goggles,False,4,0,0.616599977016449,172.7045,175.1896,202.8928,192.7691,0.8074138164520264,True,False,9.972222222222221,test
lvis:21989:502:717,lvis,21989,train2017/000000021989.jpg,502,goggles,goggles,False,4,1,0.510905921459198,456.3661,146.9639,488.3101,166.6322,0.8518171310424805,True,False,9.972222222222221,test
lvis:21989:502:717,lvis,21989,train2017/000000021989.jpg,502,goggles,goggles,False,4,2,0.4605601727962494,528.6926,160.7744,564.6586,180.4825,0.7753760814666748,True,False,0.0,test
lvis:21989:502:717,lvis,21989,train2017/000000021989.jpg,502,goggles,goggles,False,4,3,0.1133771538734436,74.9415,186.5178,105.2362,195.8217,0.0,False,True,0.0,test
lvis:21989:502:717,lvis,21989,train2017/000000021989.jpg,502,goggles,goggles,False,4,4,0.10508616268634796,292.7849,177.1661,321.7676,191.421,0.6727179288864136,True,False,0.0,test
lvis:21989:502:717,lvis,21989,train2017/000000021989.jpg,502,goggles,goggles,False,4,5,0.10373062640428543,372.6209,171.1688,401.5297,180.6213,0.0,False,True,0.0,test
lvis:22080:387:719,lvis,22080,train2017/000000022080.jpg,387,doughnut,doughnut,False,3,0,0.31410858035087585,212.8154,205.0081,496.407,482.9474,0.9798600673675537,True,False,0.0,test
lvis:22080:387:719,lvis,22080,train2017/000000022080.jpg,387,doughnut,doughnut,False,3,1,0.20502793788909912,4.3931,15.8095,81.7658,127.2803,0.9542670845985413,True,False,0.0,test
lvis:22080:387:719,lvis,22080,train2017/000000022080.jpg,387,doughnut,doughnut,False,3,2,0.08605419844388962,10.6588,327.23,341.3384,629.8392,0.9244124293327332,True,False,0.0,test
lvis:22166:943:724,lvis,22166,train2017/000000022166.jpg,943,sheep,sheep,False,13,0,0.9402525424957275,307.1343,160.7968,434.8024,345.7345,0.9741756916046143,True,False,9.972222222222221,test
lvis:22166:943:724,lvis,22166,train2017/000000022166.jpg,943,sheep,sheep,False,13,1,0.9377692937850952,570.771,30.2277,622.2697,96.2195,0.9758979082107544,True,False,9.972222222222221,test
lvis:22166:943:724,lvis,22166,train2017/000000022166.jpg,943,sheep,sheep,False,13,2,0.9347354769706726,179.028,154.8427,301.5109,255.0505,0.966670572757721,True,False,9.972222222222221,test
lvis:22166:943:724,lvis,22166,train2017/000000022166.jpg,943,sheep,sheep,False,13,3,0.9213034510612488,99.396,170.5884,170.123,251.6505,0.9472849369049072,True,False,9.972222222222221,test
lvis:22166:943:724,lvis,22166,train2017/000000022166.jpg,943,sheep,sheep,False,13,4,0.8944559693336487,444.8101,240.0555,536.1458,373.4094,0.9262723326683044,True,False,9.972222222222221,test
lvis:22166:943:724,lvis,22166,train2017/000000022166.jpg,943,sheep,sheep,False,13,5,0.8899160623550415,365.9384,102.6504,478.8876,244.4216,0.9676716327667236,True,False,9.972222222222221,test
lvis:22166:943:724,lvis,22166,train2017/000000022166.jpg,943,sheep,sheep,False,13,6,0.8842233419418335,238.4604,104.2795,312.5761,180.6719,0.962658703327179,True,False,9.972222222222221,test
lvis:22166:943:724,lvis,22166,train2017/000000022166.jpg,943,sheep,sheep,False,13,7,0.8755456209182739,421.561,222.0981,485.4334,347.2582,0.9065174460411072,True,False,9.972222222222221,test
lvis:22166:943:724,lvis,22166,train2017/000000022166.jpg,943,sheep,sheep,False,13,8,0.8514770269393921,593.0541,146.3427,639.9905,301.6527,0.8531604409217834,True,False,9.972222222222221,test
lvis:22166:943:724,lvis,22166,train2017/000000022166.jpg,943,sheep,sheep,False,13,9,0.6866711378097534,271.217,139.1378,336.5643,242.2633,0.9199615120887756,True,False,9.972222222222221,test
lvis:22166:943:724,lvis,22166,train2017/000000022166.jpg,943,sheep,sheep,False,13,10,0.6493020057678223,461.2419,204.8084,512.5625,264.0101,0.9575397968292236,True,False,9.972222222222221,test
lvis:22166:943:724,lvis,22166,train2017/000000022166.jpg,943,sheep,sheep,False,13,11,0.4757458567619324,444.1306,140.6598,500.9097,224.4259,0.7400690317153931,True,False,0.0,test
lvis:22166:943:724,lvis,22166,train2017/000000022166.jpg,943,sheep,sheep,False,13,12,0.30235928297042847,322.3516,141.696,354.51,180.6455,0.36117470264434814,False,True,0.0,test
lvis:22166:943:724,lvis,22166,train2017/000000022166.jpg,943,sheep,sheep,False,13,13,0.07012975960969925,467.1105,141.0661,500.7719,219.0207,0.42306363582611084,False,True,0.0,test
lvis:22196:271:727,lvis,22196,train2017/000000022196.jpg,271,clock,clock,False,1,0,0.8332037925720215,251.9448,175.4786,301.8492,241.3066,0.9018412232398987,True,False,9.972222222222221,test
lvis:22213:868:729,lvis,22213,train2017/000000022213.jpg,868,raft,raft,False,2,0,0.06747275590896606,0.5294,205.471,283.6463,324.3587,0.9101953506469727,True,False,0.0,test
lvis:22257:496:732,lvis,22257,train2017/000000022257.jpg,496,giraffe,giraffe,False,6,0,0.9630112648010254,442.7335,26.0506,599.2307,312.425,0.9866384863853455,True,False,9.972222222222221,test
lvis:22257:496:732,lvis,22257,train2017/000000022257.jpg,496,giraffe,giraffe,False,6,1,0.9513449668884277,328.1697,0.6019,486.4802,276.7629,0.9893592596054077,True,False,9.972222222222221,test
lvis:22257:496:732,lvis,22257,train2017/000000022257.jpg,496,giraffe,giraffe,False,6,2,0.9389857053756714,186.4826,110.9496,363.9366,389.982,0.987363338470459,True,False,9.972222222222221,test
lvis:22257:496:732,lvis,22257,train2017/000000022257.jpg,496,giraffe,giraffe,False,6,3,0.931352972984314,29.0965,34.1523,186.8402,343.7912,0.9624260663986206,True,False,9.972222222222221,test
lvis:22257:496:732,lvis,22257,train2017/000000022257.jpg,496,giraffe,giraffe,False,6,4,0.6063486933708191,61.6192,31.9779,217.4544,245.4544,0.9361836314201355,True,False,9.972222222222221,test
lvis:22257:496:732,lvis,22257,train2017/000000022257.jpg,496,giraffe,giraffe,False,6,5,0.31452205777168274,184.7754,70.9315,340.7223,330.2421,0.8373327255249023,True,False,0.0,test
lvis:22257:496:732,lvis,22257,train2017/000000022257.jpg,496,giraffe,giraffe,False,6,6,0.06179540231823921,61.5938,32.2094,224.0205,331.9926,0.6386088132858276,True,False,0.0,test
lvis:22309:1027:735,lvis,22309,train2017/000000022309.jpg,1027,streetlight,streetlight,False,1,0,0.8246535658836365,52.316,388.1289,116.4191,636.2223,0.01143321581184864,False,True,9.972222222222221,test
lvis:22309:1027:735,lvis,22309,train2017/000000022309.jpg,1027,streetlight,streetlight,False,1,1,0.05053729563951492,176.2345,279.5058,203.5002,353.7781,0.0,False,True,0.0,test
lvis:22324:461:736,lvis,22324,train2017/000000022324.jpg,461,flower_arrangement,flower_arrangement,False,1,0,0.9805035591125488,102.4109,185.5665,424.0,638.4308,0.7034058570861816,True,False,9.972222222222221,test
lvis:22324:461:736,lvis,22324,train2017/000000022324.jpg,461,flower_arrangement,flower_arrangement,False,1,1,0.21237707138061523,103.2002,185.5071,423.9689,500.0235,0.9721920490264893,True,False,0.0,test
lvis:22396:3:739,lvis,22396,val2017/000000022396.jpg,3,airplane,airplane,False,1,0,0.9691354632377625,325.9838,46.1732,605.0065,158.3771,0.9797728061676025,True,False,9.972222222222221,test
lvis:22446:217:742,lvis,22446,train2017/000000022446.jpg,217,carrot,carrot,False,2,0,0.5228605270385742,418.4415,0.0,557.3081,34.1592,0.0,False,True,9.972222222222221,test
lvis:22446:217:742,lvis,22446,train2017/000000022446.jpg,217,carrot,carrot,False,2,1,0.07160905003547668,416.4054,0.0,626.386,34.0234,0.0,False,True,0.0,test
lvis:22446:217:742,lvis,22446,train2017/000000022446.jpg,217,carrot,carrot,False,2,2,0.05811624601483345,480.5447,99.159,500.5944,135.167,0.7387252449989319,True,False,0.0,test
lvis:22599:474:749,lvis,22599,train2017/000000022599.jpg,474,frisbee,frisbee,False,1,0,0.7746018171310425,78.766,59.7044,122.2191,70.1075,0.9097968935966492,True,False,9.972222222222221,test
lvis:22696:615:751,lvis,22696,train2017/000000022696.jpg,615,knife,knife,False,2,0,0.8750745058059692,406.166,318.6534,478.6306,364.6455,0.9260546565055847,True,False,9.972222222222221,test
lvis:22696:615:751,lvis,22696,train2017/000000022696.jpg,615,knife,knife,False,2,1,0.5708900690078735,207.3402,353.6606,279.6834,368.5178,0.8943139314651489,True,False,9.972222222222221,test
lvis:22696:615:751,lvis,22696,train2017/000000022696.jpg,615,knife,knife,False,2,2,0.35177716612815857,606.0969,361.3754,640.0,388.9248,0.0,False,True,0.0,test
lvis:22696:615:751,lvis,22696,train2017/000000022696.jpg,615,knife,knife,False,2,3,0.11029405891895294,606.3181,361.1087,640.0,413.5509,0.0,False,True,0.0,test
lvis:22696:615:751,lvis,22696,train2017/000000022696.jpg,615,knife,knife,False,2,4,0.05906324461102486,372.8022,310.0997,478.5849,365.6025,0.5395488739013672,True,False,0.0,test
lvis:22726:3:753,lvis,22726,train2017/000000022726.jpg,3,airplane,airplane,False,1,0,0.9168514609336853,0.0861,131.8071,635.0896,395.5541,0.9829760193824768,True,False,9.972222222222221,test
lvis:22755:694:754,lvis,22755,val2017/000000022755.jpg,694,mirror,mirror,False,1,0,0.9209558963775635,184.9083,104.2386,487.3435,378.7502,0.7807867527008057,True,False,9.972222222222221,test
lvis:22816:1050:757,lvis,22816,train2017/000000022816.jpg,1050,table,table,False,1,0,0.05728336423635483,164.7456,323.541,393.3126,639.9965,0.6072350740432739,True,False,0.0,test
lvis:22816:1050:757,lvis,22816,train2017/000000022816.jpg,1050,table,table,False,1,1,0.05151734873652458,162.0601,421.9862,393.1744,639.8661,0.8880898356437683,True,False,0.0,test
lvis:22879:110:758,lvis,22879,train2017/000000022879.jpg,110,blanket,blanket,False,1,0,0.4294891953468323,3.4828,248.9012,640.0,480.0,0.7831301689147949,True,False,0.0,test
lvis:22879:110:758,lvis,22879,train2017/000000022879.jpg,110,blanket,blanket,False,1,1,0.06421971321105957,0.3069,14.5373,638.3268,480.0,0.38615626096725464,False,True,0.0,test
lvis:23023:350:764,lvis,23023,val2017/000000023023.jpg,350,curtain,curtain,False,1,0,0.06543964147567749,0.0515,0.4262,611.8607,608.431,0.6453286409378052,True,False,0.0,test
lvis:23035:118:767,lvis,23035,train2017/000000023035.jpg,118,boat,boat,False,1,0,0.9428211450576782,141.1442,198.8927,547.0696,306.2142,0.8918707966804504,True,False,9.972222222222221,test
lvis:23126:899:770,lvis,23126,val2017/000000023126.jpg,899,saddle_(on_an_animal),saddle_(on_an_animal),False,1,0,0.9866465330123901,1.8399,275.3995,509.027,427.5407,0.18271365761756897,False,True,9.972222222222221,test
lvis:23230:507:773,lvis,23230,val2017/000000023230.jpg,507,goose,goose,False,4,0,0.8129065036773682,104.1032,216.7007,148.1871,237.7037,0.9175509214401245,True,False,9.972222222222221,test
lvis:23230:507:773,lvis,23230,val2017/000000023230.jpg,507,goose,goose,False,4,1,0.7589194774627686,362.8311,250.1384,412.4731,274.4568,0.8554975390434265,True,False,9.972222222222221,test
lvis:23230:507:773,lvis,23230,val2017/000000023230.jpg,507,goose,goose,False,4,2,0.6471288204193115,313.2477,253.7641,361.8992,277.9081,0.8879575133323669,True,False,9.972222222222221,test
lvis:23230:507:773,lvis,23230,val2017/000000023230.jpg,507,goose,goose,False,4,3,0.4452126622200012,0.0228,232.006,37.6782,244.2439,0.7223814725875854,True,False,0.0,test
lvis:23272:225:775,lvis,23272,val2017/000000023272.jpg,225,cat,cat,False,2,0,0.9003162980079651,188.6193,72.9895,313.7354,150.4489,0.9580538868904114,True,False,9.972222222222221,test
lvis:23272:225:775,lvis,23272,val2017/000000023272.jpg,225,cat,cat,False,2,1,0.5804635286331177,218.6267,141.8403,321.2466,203.1471,0.9299983978271484,True,False,9.972222222222221,test
lvis:23298:61:777,lvis,23298,train2017/000000023298.jpg,61,basket,basket,False,1,0,0.6660171151161194,51.8786,231.1415,148.38,312.865,0.6394157409667969,True,False,9.972222222222221,test
lvis:23359:966:778,lvis,23359,val2017/000000023359.jpg,966,ski_parka,ski_parka,False,1,0,0.1340627670288086,250.2053,94.4817,349.8972,263.8086,0.4040815234184265,False,True,0.0,test
lvis:23411:1202:779,lvis,23411,train2017/000000023411.jpg,1202,zebra,zebra,False,3,0,0.9502193927764893,64.4878,45.0005,520.8823,406.0006,0.9950437545776367,True,False,9.972222222222221,test
lvis:23411:1202:779,lvis,23411,train2017/000000023411.jpg,1202,zebra,zebra,False,3,1,0.9298778176307678,228.6117,112.6949,548.3065,387.4098,0.9861567616462708,True,False,9.972222222222221,test
lvis:23411:1202:779,lvis,23411,train2017/000000023411.jpg,1202,zebra,zebra,False,3,2,0.3950742185115814,579.2409,85.5629,640.0,344.3624,0.47190001606941223,False,True,0.0,test
lvis:23751:611:788,lvis,23751,val2017/000000023751.jpg,611,kite,kite,False,1,0,0.6958026885986328,176.2301,112.3281,290.2222,186.254,0.32212093472480774,False,True,9.972222222222221,test
lvis:23906:817:793,lvis,23906,train2017/000000023906.jpg,817,place_mat,place_mat,False,2,0,0.49220508337020874,209.0763,133.754,574.5375,379.9295,0.49454158544540405,False,True,9.972222222222221,test
lvis:23906:817:793,lvis,23906,train2017/000000023906.jpg,817,place_mat,place_mat,False,2,1,0.34071114659309387,9.1,123.1194,637.6481,425.1963,0.5812824964523315,True,False,0.0,test
lvis:23906:817:793,lvis,23906,train2017/000000023906.jpg,817,place_mat,place_mat,False,2,2,0.19397297501564026,156.0904,41.2222,328.1427,169.0618,0.031005721539258957,False,True,0.0,test
lvis:23906:817:793,lvis,23906,train2017/000000023906.jpg,817,place_mat,place_mat,False,2,3,0.1525077372789383,327.8117,29.3934,640.0,185.0157,0.7313202619552612,True,False,0.0,test
lvis:23906:817:793,lvis,23906,train2017/000000023906.jpg,817,place_mat,place_mat,False,2,4,0.08997337520122528,505.1436,209.1067,640.0,426.0,0.2615361213684082,False,True,0.0,test
lvis:23906:817:793,lvis,23906,train2017/000000023906.jpg,817,place_mat,place_mat,False,2,5,0.07526015490293503,17.8507,147.591,223.0955,335.3944,0.07075783610343933,False,True,0.0,test
lvis:23949:1079:795,lvis,23949,train2017/000000023949.jpg,1079,tennis_racket,tennis_racket,False,4,0,0.8426483273506165,227.9326,299.3657,378.4929,344.8184,0.5074346661567688,True,False,9.972222222222221,test
lvis:23949:1079:795,lvis,23949,train2017/000000023949.jpg,1079,tennis_racket,tennis_racket,False,4,1,0.8016261458396912,233.0295,268.8876,273.8277,312.2008,0.936164379119873,True,False,9.972222222222221,test
lvis:23949:1079:795,lvis,23949,train2017/000000023949.jpg,1079,tennis_racket,tennis_racket,False,4,2,0.673949122428894,282.6012,299.477,378.7583,341.3667,0.8601018786430359,True,False,9.972222222222221,test
lvis:23949:1079:795,lvis,23949,train2017/000000023949.jpg,1079,tennis_racket,tennis_racket,False,4,3,0.6151989698410034,478.6845,282.6434,521.6214,353.0437,0.5440546274185181,True,False,9.972222222222221,test
lvis:23949:1079:795,lvis,23949,train2017/000000023949.jpg,1079,tennis_racket,tennis_racket,False,4,4,0.4943263828754425,220.7,315.0074,285.1226,344.2243,0.9511388540267944,True,False,9.972222222222221,test
lvis:23949:1079:795,lvis,23949,train2017/000000023949.jpg,1079,tennis_racket,tennis_racket,False,4,5,0.46864885091781616,224.1934,257.5089,273.457,312.5258,0.6170750260353088,True,False,0.0,test
lvis:23949:1079:795,lvis,23949,train2017/000000023949.jpg,1079,tennis_racket,tennis_racket,False,4,6,0.39901918172836304,385.4299,235.5045,408.8727,290.8097,0.0,False,True,0.0,test
lvis:23949:1079:795,lvis,23949,train2017/000000023949.jpg,1079,tennis_racket,tennis_racket,False,4,7,0.398743212223053,232.6688,267.9139,274.4325,377.0464,0.36695006489753723,False,True,0.0,test
lvis:23949:1079:795,lvis,23949,train2017/000000023949.jpg,1079,tennis_racket,tennis_racket,False,4,8,0.2170790433883667,223.0472,233.6566,273.5909,312.4379,0.4199908375740051,False,True,0.0,test
lvis:23949:1079:795,lvis,23949,train2017/000000023949.jpg,1079,tennis_racket,tennis_racket,False,4,9,0.14294381439685822,385.594,253.191,402.5553,290.5383,0.0,False,True,0.0,test
lvis:23991:50:799,lvis,23991,train2017/000000023991.jpg,50,banner,banner,False,1,0,0.38045787811279297,3.5384,2.6477,260.1764,387.344,0.9602454304695129,True,False,0.0,test
lvis:23996:255:800,lvis,23996,train2017/000000023996.jpg,255,Christmas_tree,Christmas_tree,False,1,0,0.05284795165061951,493.6202,47.6965,571.1699,109.2474,0.7064968347549438,True,False,0.0,test
lvis:24125:469:804,lvis,24125,train2017/000000024125.jpg,469,fork,fork,False,1,0,0.40221646428108215,0.0014,183.7305,40.785,450.6967,0.49236828088760376,False,True,0.0,test
lvis:24125:469:804,lvis,24125,train2017/000000024125.jpg,469,fork,fork,False,1,1,0.20799866318702698,0.0035,185.2298,41.3583,578.894,0.32737016677856445,False,True,0.0,test
lvis:24132:705:805,lvis,24132,train2017/000000024132.jpg,705,mouse_(computer_equipment),mouse_(computer_equipment),False,1,0,0.2328200787305832,282.8159,223.2578,316.9181,272.9599,0.8701952695846558,True,False,0.0,test
lvis:24132:705:805,lvis,24132,train2017/000000024132.jpg,705,mouse_(computer_equipment),mouse_(computer_equipment),False,1,1,0.0997219905257225,492.6569,113.8404,532.4283,140.9702,0.0,False,True,0.0,test
lvis:24132:705:805,lvis,24132,train2017/000000024132.jpg,705,mouse_(computer_equipment),mouse_(computer_equipment),False,1,2,0.07420263439416885,240.4435,7.6875,481.7947,300.2285,0.020889928564429283,False,True,0.0,test
lvis:24132:705:805,lvis,24132,train2017/000000024132.jpg,705,mouse_(computer_equipment),mouse_(computer_equipment),False,1,3,0.07104087620973587,272.5924,34.9517,304.4984,57.4476,0.0,False,True,0.0,test
lvis:24136:1196:806,lvis,24136,train2017/000000024136.jpg,1196,wrench,wrench,False,2,0,0.13874484598636627,318.0193,391.0137,400.4456,424.2445,0.7054855227470398,True,False,0.0,test
lvis:24136:1196:806,lvis,24136,train2017/000000024136.jpg,1196,wrench,wrench,False,2,1,0.13695262372493744,148.9154,478.2331,256.253,548.454,0.6644276976585388,True,False,0.0,test
lvis:24136:1196:806,lvis,24136,train2017/000000024136.jpg,1196,wrench,wrench,False,2,2,0.06438376009464264,183.3723,477.9479,256.536,547.8751,0.9674553275108337,True,False,0.0,test
lvis:24144:816:807,lvis,24144,val2017/000000024144.jpg,816,pizza,pizza,False,1,0,0.9845991134643555,68.7681,22.8738,562.2405,454.9491,0.97501540184021,True,False,9.972222222222221,test
lvis:24243:421:809,lvis,24243,val2017/000000024243.jpg,421,refrigerator,refrigerator,False,1,0,0.943699300289154,266.9789,3.0811,539.9877,340.3849,0.9467033743858337,True,False,9.972222222222221,test
lvis:24305:715:811,lvis,24305,train2017/000000024305.jpg,715,necklace,necklace,False,1,0,0.8015527725219727,26.9448,128.8217,76.3461,178.3013,0.8829697370529175,True,False,9.972222222222221,test
lvis:24307:628:812,lvis,24307,train2017/000000024307.jpg,628,lampshade,lampshade,False,3,0,0.07325168699026108,0.0107,273.4754,36.968,332.3369,0.40895548462867737,False,True,0.0,test
lvis:24404:1202:814,lvis,24404,train2017/000000024404.jpg,1202,zebra,zebra,False,2,0,0.9113845229148865,119.2438,0.0,413.0064,189.3322,0.9700251221656799,True,False,9.972222222222221,test
lvis:24404:1202:814,lvis,24404,train2017/000000024404.jpg,1202,zebra,zebra,False,2,1,0.8178508877754211,120.3848,12.5779,264.4818,300.7478,0.9718369841575623,True,False,9.972222222222221,test
lvis:24457:1110:816,lvis,24457,train2017/000000024457.jpg,1110,toy,toy,False,1,0,0.44106563925743103,140.5325,221.3819,249.5826,294.1557,0.10229681432247162,False,True,0.0,test
lvis:24457:1110:816,lvis,24457,train2017/000000024457.jpg,1110,toy,toy,False,1,1,0.2427658587694168,2.193,197.0942,365.7853,404.7029,0.9700828194618225,True,False,0.0,test
lvis:24457:1110:816,lvis,24457,train2017/000000024457.jpg,1110,toy,toy,False,1,2,0.08544044196605682,8.4467,196.3662,203.3792,372.4748,0.4425131678581238,False,True,0.0,test
lvis:24457:1110:816,lvis,24457,train2017/000000024457.jpg,1110,toy,toy,False,1,3,0.06589880585670471,9.951,256.8242,364.5368,404.7557,0.6761504411697388,True,False,0.0,test
lvis:24457:1110:816,lvis,24457,train2017/000000024457.jpg,1110,toy,toy,False,1,4,0.05430084839463234,0.0,331.6906,74.9325,389.2204,0.05341972038149834,False,True,0.0,test
lvis:24600:1026:820,lvis,24600,train2017/000000024600.jpg,1026,street_sign,street_sign,False,2,0,0.32795199751853943,127.8638,241.2676,154.1553,264.8083,0.9101598858833313,True,False,0.0,test
lvis:24600:1026:820,lvis,24600,train2017/000000024600.jpg,1026,street_sign,street_sign,False,2,1,0.21027414500713348,127.1503,216.162,154.2015,243.1829,0.9633667469024658,True,False,0.0,test
lvis:24600:1026:820,lvis,24600,train2017/000000024600.jpg,1026,street_sign,street_sign,False,2,2,0.15922340750694275,127.0239,215.8366,154.6707,265.2645,0.5337010622024536,True,False,0.0,test
lvis:24706:1079:822,lvis,24706,train2017/000000024706.jpg,1079,tennis_racket,tennis_racket,False,4,0,0.9361827969551086,103.4316,313.0204,210.4204,359.0574,0.9219030737876892,True,False,9.972222222222221,test
lvis:24706:1079:822,lvis,24706,train2017/000000024706.jpg,1079,tennis_racket,tennis_racket,False,4,1,0.9203422665596008,419.4303,313.4754,524.8879,359.3375,0.9642049670219421,True,False,9.972222222222221,test
lvis:24706:1079:822,lvis,24706,train2017/000000024706.jpg,1079,tennis_racket,tennis_racket,False,4,2,0.9123399257659912,137.5641,23.9616,158.8927,117.1479,0.9027422666549683,True,False,9.972222222222221,test
lvis:24706:1079:822,lvis,24706,train2017/000000024706.jpg,1079,tennis_racket,tennis_racket,False,4,3,0.8587742447853088,450.5049,24.0777,470.7866,117.3537,0.9377195835113525,True,False,9.972222222222221,test
lvis:24706:1079:822,lvis,24706,train2017/000000024706.jpg,1079,tennis_racket,tennis_racket,False,4,4,0.701685905456543,228.0211,117.7303,246.0183,147.1861,0.0,False,True,9.972222222222221,test
lvis:24706:1079:822,lvis,24706,train2017/000000024706.jpg,1079,tennis_racket,tennis_racket,False,4,5,0.43564945459365845,533.3184,117.7803,558.5667,146.9591,0.0,False,True,0.0,test
lvis:24706:1079:822,lvis,24706,train2017/000000024706.jpg,1079,tennis_racket,tennis_racket,False,4,6,0.12075670808553696,450.3793,24.0459,481.944,118.0758,0.6241099238395691,True,False,0.0,test
lvis:24744:90:823,lvis,24744,train2017/000000024744.jpg,90,bench,bench,False,4,0,0.3116782605648041,17.5977,520.0881,185.0924,542.4121,0.94427490234375,True,False,0.0,test
lvis:24744:90:823,lvis,24744,train2017/000000024744.jpg,90,bench,bench,False,4,1,0.12284828722476959,26.3953,500.7824,186.5819,541.1876,0.5034639835357666,True,False,0.0,test
lvis:24792:165:824,lvis,24792,train2017/000000024792.jpg,165,bullet_train,bullet_train,False,1,0,0.631649374961853,0.1353,141.1091,507.0917,340.8709,0.9896084070205688,True,False,9.972222222222221,test
lvis:24813:1177:826,lvis,24813,train2017/000000024813.jpg,1177,wet_suit,wet_suit,False,1,0,0.12761004269123077,480.2824,270.4984,502.8211,334.9592,0.8164620399475098,True,False,0.0,test
lvis:25139:1202:834,lvis,25139,val2017/000000025139.jpg,1202,zebra,zebra,False,2,0,0.7367255091667175,0.0,0.253,350.51,334.0,0.9872779846191406,True,False,9.972222222222221,test
lvis:25139:1202:834,lvis,25139,val2017/000000025139.jpg,1202,zebra,zebra,False,2,1,0.3555799424648285,0.0,21.126,477.9115,334.0,0.6908305883407593,True,False,0.0,test
lvis:25139:1202:834,lvis,25139,val2017/000000025139.jpg,1202,zebra,zebra,False,2,2,0.1061934307217598,308.4959,26.6994,470.7823,249.4267,0.8489336371421814,True,False,0.0,test
lvis:25165:204:836,lvis,25165,train2017/000000025165.jpg,204,bottle_cap,bottle_cap,False,1,0,0.28804680705070496,313.1083,198.5255,420.6499,267.1461,0.2307480126619339,False,True,0.0,test
lvis:25393:716:842,lvis,25393,val2017/000000025393.jpg,716,necktie,necktie,False,2,0,0.8239673972129822,202.2388,139.3917,230.7537,257.6617,0.988463282585144,True,False,9.972222222222221,test
lvis:25393:716:842,lvis,25393,val2017/000000025393.jpg,716,necktie,necktie,False,2,1,0.6963976621627808,427.9875,199.8157,454.9987,301.0772,0.9402626752853394,True,False,9.972222222222221,test
lvis:25424:1078:843,lvis,25424,val2017/000000025424.jpg,1078,tennis_ball,tennis_ball,False,1,0,0.9099568128585815,382.028,36.9037,414.9745,58.0849,0.9168652892112732,True,False,9.972222222222221,test
lvis:25560:1077:847,lvis,25560,val2017/000000025560.jpg,1077,television_set,television_set,False,1,0,0.9008551239967346,157.5046,0.0714,567.7345,296.7771,0.9771265387535095,True,False,9.972222222222221,test
lvis:25560:1077:847,lvis,25560,val2017/000000025560.jpg,1077,television_set,television_set,False,1,1,0.06600293517112732,561.8002,0.0,639.9969,45.3563,0.0010818901937454939,False,True,0.0,test
lvis:25697:421:850,lvis,25697,train2017/000000025697.jpg,421,refrigerator,refrigerator,False,1,0,0.9879984855651855,253.3355,0.0,499.9048,374.952,0.995617687702179,True,False,9.972222222222221,test
lvis:25907:181:855,lvis,25907,train2017/000000025907.jpg,181,cabinet,cabinet,False,12,0,0.7667527794837952,325.0233,204.872,397.3857,327.2982,0.5582770705223083,True,False,9.972222222222221,test
lvis:25907:181:855,lvis,25907,train2017/000000025907.jpg,181,cabinet,cabinet,False,12,1,0.6818441152572632,155.3731,205.7598,206.4314,329.4539,0.9496291279792786,True,False,9.972222222222221,test
lvis:25907:181:855,lvis,25907,train2017/000000025907.jpg,181,cabinet,cabinet,False,12,2,0.6796069741249084,175.2253,54.5653,223.9378,160.6278,0.9561092257499695,True,False,9.972222222222221,test
lvis:25907:181:855,lvis,25907,train2017/000000025907.jpg,181,cabinet,cabinet,False,12,3,0.6201625466346741,395.7508,172.5003,500.0,406.1011,0.39437946677207947,False,True,9.972222222222221,test
lvis:25907:181:855,lvis,25907,train2017/000000025907.jpg,181,cabinet,cabinet,False,12,4,0.5808966159820557,317.1873,50.7132,417.4536,150.2464,0.941961407661438,True,False,9.972222222222221,test
lvis:25907:181:855,lvis,25907,train2017/000000025907.jpg,181,cabinet,cabinet,False,12,5,0.5613515377044678,435.7499,0.0464,499.9232,84.8755,0.6266276240348816,True,False,9.972222222222221,test
lvis:25907:181:855,lvis,25907,train2017/000000025907.jpg,181,cabinet,cabinet,False,12,6,0.4141162931919098,415.3148,26.5726,488.9581,147.3758,0.9325301051139832,True,False,0.0,test
lvis:25907:181:855,lvis,25907,train2017/000000025907.jpg,181,cabinet,cabinet,False,12,7,0.2973170876502991,153.7657,55.354,176.4041,95.5223,0.8867883682250977,True,False,0.0,test
lvis:25907:181:855,lvis,25907,train2017/000000025907.jpg,181,cabinet,cabinet,False,12,8,0.25080937147140503,215.9269,68.3609,261.6423,119.2779,0.06232774257659912,False,True,0.0,test
lvis:25907:181:855,lvis,25907,train2017/000000025907.jpg,181,cabinet,cabinet,False,12,9,0.21445339918136597,415.1755,26.6569,439.0581,146.8981,0.30630263686180115,False,True,0.0,test
lvis:25907:181:855,lvis,25907,train2017/000000025907.jpg,181,cabinet,cabinet,False,12,10,0.14905911684036255,183.9489,51.5116,319.8226,148.4322,0.25931066274642944,False,True,0.0,test
lvis:25907:181:855,lvis,25907,train2017/000000025907.jpg,181,cabinet,cabinet,False,12,11,0.10422828048467636,212.6233,58.3407,325.1681,122.3496,0.14405561983585358,False,True,0.0,test
lvis:25907:181:855,lvis,25907,train2017/000000025907.jpg,181,cabinet,cabinet,False,12,12,0.07806752622127533,179.5347,51.4416,417.7269,153.5367,0.40834105014801025,False,True,0.0,test
lvis:25907:181:855,lvis,25907,train2017/000000025907.jpg,181,cabinet,cabinet,False,12,13,0.0775473564863205,156.153,201.9561,398.4043,343.3313,0.1751178801059723,False,True,0.0,test
lvis:25907:181:855,lvis,25907,train2017/000000025907.jpg,181,cabinet,cabinet,False,12,14,0.06681954860687256,12.7163,80.7824,179.6469,351.2674,0.05812239274382591,False,True,0.0,test
lvis:25907:181:855,lvis,25907,train2017/000000025907.jpg,181,cabinet,cabinet,False,12,15,0.06304571777582169,0.0,93.4044,23.0331,320.5686,0.0,False,True,0.0,test
lvis:25907:181:855,lvis,25907,train2017/000000025907.jpg,181,cabinet,cabinet,False,12,16,0.0597563162446022,209.4617,35.365,322.9029,120.6982,0.12274543941020966,False,True,0.0,test
lvis:25907:181:855,lvis,25907,train2017/000000025907.jpg,181,cabinet,cabinet,False,12,17,0.05330367386341095,396.7317,234.7852,500.0,399.2687,0.565420925617218,True,False,0.0,test
lvis:25986:1000:857,lvis,25986,val2017/000000025986.jpg,1000,spoon,spoon,False,1,0,0.8212766051292419,228.5931,185.3745,305.4055,273.0091,0.9733485579490662,True,False,9.972222222222221,test
lvis:25986:1000:857,lvis,25986,val2017/000000025986.jpg,1000,spoon,spoon,False,1,1,0.19862689077854156,0.0,301.807,91.1783,339.8364,0.0,False,True,0.0,test
lvis:25986:1000:857,lvis,25986,val2017/000000025986.jpg,1000,spoon,spoon,False,1,2,0.054868679493665695,0.0,263.0027,93.5421,342.8495,0.0,False,True,0.0,test
lvis:26105:474:860,lvis,26105,train2017/000000026105.jpg,474,frisbee,frisbee,False,1,0,0.8771178126335144,139.9888,203.6111,165.3926,211.3973,0.848761796951294,True,False,9.972222222222221,test
lvis:26190:68:861,lvis,26190,train2017/000000026190.jpg,68,bathtub,bathtub,False,1,0,0.3235226273536682,1.9526,333.7684,144.6007,435.9243,0.9553931951522827,True,False,0.0,test
lvis:26190:68:861,lvis,26190,train2017/000000026190.jpg,68,bathtub,bathtub,False,1,1,0.05328776687383652,2.2005,333.6433,147.6023,507.9192,0.549419641494751,True,False,0.0,test
lvis:26204:642:862,lvis,26204,val2017/000000026204.jpg,642,license_plate,license_plate,False,3,0,0.07331917434930801,106.2615,74.7867,173.327,89.2704,0.0,False,True,0.0,test
lvis:26609:1112:877,lvis,26609,train2017/000000026609.jpg,1112,traffic_light,traffic_light,False,2,0,0.887593150138855,249.5054,395.112,259.4005,416.4588,0.4286597669124603,False,True,9.972222222222221,test
lvis:26609:1112:877,lvis,26609,train2017/000000026609.jpg,1112,traffic_light,traffic_light,False,2,1,0.8343504667282104,240.6636,395.0784,251.6257,415.9292,0.6158278584480286,True,False,9.972222222222221,test
lvis:26609:1112:877,lvis,26609,train2017/000000026609.jpg,1112,traffic_light,traffic_light,False,2,2,0.6330470442771912,1.8284,395.1492,17.3389,443.8333,0.0,False,True,9.972222222222221,test
lvis:26609:1112:877,lvis,26609,train2017/000000026609.jpg,1112,traffic_light,traffic_light,False,2,3,0.627571702003479,226.6815,459.0972,231.0626,467.4403,0.0,False,True,9.972222222222221,test
lvis:26609:1112:877,lvis,26609,train2017/000000026609.jpg,1112,traffic_light,traffic_light,False,2,4,0.2926254868507385,226.7876,459.2987,231.0766,470.6921,0.0,False,True,0.0,test
lvis:26609:1112:877,lvis,26609,train2017/000000026609.jpg,1112,traffic_light,traffic_light,False,2,5,0.2253502756357193,269.198,460.9608,272.9875,469.6055,0.3873848021030426,False,True,0.0,test
lvis:26609:1112:877,lvis,26609,train2017/000000026609.jpg,1112,traffic_light,traffic_light,False,2,6,0.22257155179977417,0.0,442.2876,6.6938,458.4854,0.0,False,True,0.0,test
lvis:26609:1112:877,lvis,26609,train2017/000000026609.jpg,1112,traffic_light,traffic_light,False,2,7,0.2078874707221985,259.1471,472.7558,263.3844,480.1894,0.0,False,True,0.0,test
lvis:26609:1112:877,lvis,26609,train2017/000000026609.jpg,1112,traffic_light,traffic_light,False,2,8,0.16092617809772491,290.8082,469.9385,295.3683,484.1628,0.0,False,True,0.0,test
lvis:26609:1112:877,lvis,26609,train2017/000000026609.jpg,1112,traffic_light,traffic_light,False,2,9,0.15315616130828857,242.715,386.5851,258.9245,416.2313,0.5801627039909363,True,False,0.0,test
lvis:26609:1112:877,lvis,26609,train2017/000000026609.jpg,1112,traffic_light,traffic_light,False,2,10,0.1515471190214157,362.5211,454.8279,368.9534,472.615,0.0,False,True,0.0,test
lvis:26609:1112:877,lvis,26609,train2017/000000026609.jpg,1112,traffic_light,traffic_light,False,2,11,0.13093195855617523,204.9624,460.4572,209.4107,470.7097,0.0,False,True,0.0,test
lvis:26609:1112:877,lvis,26609,train2017/000000026609.jpg,1112,traffic_light,traffic_light,False,2,12,0.12627366185188293,0.0934,393.6119,15.6367,461.4031,0.0,False,True,0.0,test
lvis:26609:1112:877,lvis,26609,train2017/000000026609.jpg,1112,traffic_light,traffic_light,False,2,13,0.11919952183961868,247.5247,386.865,258.8969,416.8463,0.43073633313179016,False,True,0.0,test
lvis:26609:1112:877,lvis,26609,train2017/000000026609.jpg,1112,traffic_light,traffic_light,False,2,14,0.11251655966043472,304.3209,470.1812,310.1627,483.131,0.0,False,True,0.0,test
lvis:26609:1112:877,lvis,26609,train2017/000000026609.jpg,1112,traffic_light,traffic_light,False,2,15,0.1084035336971283,0.1882,441.9644,6.6231,450.9826,0.0,False,True,0.0,test
lvis:26609:1112:877,lvis,26609,train2017/000000026609.jpg,1112,traffic_light,traffic_light,False,2,16,0.10555975139141083,0.0,402.0292,6.6617,473.4062,0.0,False,True,0.0,test
lvis:26609:1112:877,lvis,26609,train2017/000000026609.jpg,1112,traffic_light,traffic_light,False,2,17,0.0818413719534874,443.4897,438.967,450.1362,458.264,0.0,False,True,0.0,test
lvis:26609:1112:877,lvis,26609,train2017/000000026609.jpg,1112,traffic_light,traffic_light,False,2,18,0.056212302297353745,326.1524,423.7961,339.0411,450.3326,0.0,False,True,0.0,test
lvis:26609:1112:877,lvis,26609,train2017/000000026609.jpg,1112,traffic_light,traffic_light,False,2,19,0.055744778364896774,203.5778,455.2766,209.6326,473.9099,0.0,False,True,0.0,test
lvis:26655:1099:879,lvis,26655,train2017/000000026655.jpg,1099,tomato,tomato,False,2,0,0.9017750024795532,267.6863,509.5258,346.9319,582.2755,0.795691728591919,True,False,9.972222222222221,test
lvis:26671:378:880,lvis,26671,train2017/000000026671.jpg,378,dog,dog,False,1,0,0.9479674696922302,17.9729,100.6547,457.2321,526.8354,0.91178297996521,True,False,9.972222222222221,test
lvis:26730:703:883,lvis,26730,train2017/000000026730.jpg,703,motorcycle,motorcycle,False,1,0,0.934792160987854,10.6503,45.1382,550.5239,479.9283,0.9434365630149841,True,False,9.972222222222221,test
lvis:26734:793:885,lvis,26734,train2017/000000026734.jpg,793,person,person,False,3,0,0.9713056087493896,398.0118,44.754,541.8593,360.5954,0.9829555749893188,True,False,9.972222222222221,test
lvis:26734:793:885,lvis,26734,train2017/000000026734.jpg,793,person,person,False,3,1,0.9602276086807251,160.7932,68.6035,262.1464,368.8954,0.9878011345863342,True,False,9.972222222222221,test
lvis:26734:793:885,lvis,26734,train2017/000000026734.jpg,793,person,person,False,3,2,0.95896315574646,519.3663,190.9287,584.8617,354.9727,0.9874005317687988,True,False,9.972222222222221,test
lvis:26748:611:886,lvis,26748,train2017/000000026748.jpg,611,kite,kite,False,3,0,0.4574825167655945,93.4271,63.9693,183.8021,172.0819,0.9420027732849121,True,False,0.0,test
lvis:26748:611:886,lvis,26748,train2017/000000026748.jpg,611,kite,kite,False,3,1,0.3184331953525543,173.6151,113.5121,222.8088,159.9323,0.9604843854904175,True,False,0.0,test
lvis:26765:77:887,lvis,26765,train2017/000000026765.jpg,77,bed,bed,False,1,0,0.8876008987426758,1.5725,42.1878,479.9961,640.0,0.9957814812660217,True,False,9.972222222222221,test
lvis:26765:77:887,lvis,26765,train2017/000000026765.jpg,77,bed,bed,False,1,1,0.06917418539524078,0.5085,261.9341,479.984,639.9731,0.6322746276855469,True,False,0.0,test
lvis:26767:298:888,lvis,26767,train2017/000000026767.jpg,298,cone,cone,False,8,0,0.16172578930854797,281.0822,348.891,298.7872,381.5489,0.7981011867523193,True,False,0.0,test
lvis:26767:298:888,lvis,26767,train2017/000000026767.jpg,298,cone,cone,False,8,1,0.1371135413646698,479.9398,367.6559,500.7802,413.9158,0.834162175655365,True,False,0.0,test
lvis:26799:496:891,lvis,26799,train2017/000000026799.jpg,496,giraffe,giraffe,False,2,0,0.9525836706161499,176.0245,273.5616,617.4197,626.0,0.9909845590591431,True,False,9.972222222222221,test
lvis:26799:496:891,lvis,26799,train2017/000000026799.jpg,496,giraffe,giraffe,False,2,1,0.9220038056373596,169.1883,217.2452,347.2421,579.9653,0.9542146921157837,True,False,9.972222222222221,test
lvis:26809:1037:892,lvis,26809,train2017/000000026809.jpg,1037,surfboard,surfboard,False,1,0,0.2942286431789398,246.7114,247.5127,315.3095,332.0,0.8838866949081421,True,False,0.0,test
lvis:26809:1037:892,lvis,26809,train2017/000000026809.jpg,1037,surfboard,surfboard,False,1,1,0.1724414825439453,246.9471,190.5871,316.3974,332.0,0.5253671407699585,True,False,0.0,test
lvis:26809:1037:892,lvis,26809,train2017/000000026809.jpg,1037,surfboard,surfboard,False,1,2,0.09233149886131287,246.6841,132.2814,316.0121,331.5061,0.3744412064552307,False,True,0.0,test
lvis:27207:474:906,lvis,27207,train2017/000000027207.jpg,474,frisbee,frisbee,False,1,0,0.7191070914268494,81.2807,201.7714,144.3105,238.2441,0.9306212663650513,True,False,9.972222222222221,test
lvis:27374:962:908,lvis,27374,train2017/000000027374.jpg,962,skateboard,skateboard,False,1,0,0.9017372131347656,426.6591,180.284,506.978,233.1306,0.918107271194458,True,False,9.972222222222221,test
lvis:27609:818:914,lvis,27609,train2017/000000027609.jpg,818,plate,plate,False,3,0,0.9716296195983887,0.0011,151.3516,480.0,564.3177,0.9981382489204407,True,False,9.972222222222221,test
lvis:27609:818:914,lvis,27609,train2017/000000027609.jpg,818,plate,plate,False,3,1,0.9171028733253479,0.0,8.5822,347.5876,159.0287,0.9765204787254333,True,False,9.972222222222221,test
lvis:27609:818:914,lvis,27609,train2017/000000027609.jpg,818,plate,plate,False,3,2,0.2761394679546356,0.0222,1.0569,33.8769,109.7945,0.581760823726654,True,False,0.0,test
lvis:27620:865:916,lvis,27620,val2017/000000027620.jpg,865,radiator,radiator,False,1,0,0.12297527492046356,525.2632,140.8531,639.948,221.5113,0.96024090051651,True,False,0.0,test
lvis:27620:865:916,lvis,27620,val2017/000000027620.jpg,865,radiator,radiator,False,1,1,0.07273196429014206,516.6752,138.5292,640.0,385.9631,0.30801036953926086,False,True,0.0,test
lvis:27793:1052:925,lvis,27793,train2017/000000027793.jpg,1052,tablecloth,tablecloth,False,1,0,0.32339367270469666,0.0,0.1063,639.7656,479.534,0.473489373922348,False,True,0.0,test
